2026-09-18T20:10:40.8358798Z Current runner version: '2.337.0'
##[group]Runner Image Provisioner
Hosted Compute Agent
Version: 20260828.587
Commit: abac92662cab4cc7352de4f9f9d2e2419aad9c29
Build Date: 2026-08-28T16:44:25Z
Worker ID: {94adea4a-8a15-481c-8cb1-76f596a376a8}
Azure Region: northcentralus
##[endgroup]
##[group]Operating System
Microsoft Windows Server 2025
10.0.26100
Datacenter
##[endgroup]
##[group]Runner Image
Image: windows-2025-vs2026
Version: 20260907.229.1
Included Software: https://github.com/actions/runner-images/blob/win25-vs2026/20260907.229/images/windows/Windows2025-VS2026-Readme.md
Image Release: https://github.com/actions/runner-images/releases/tag/win25-vs2026%2F20260907.229
##[endgroup]
##[group]GITHUB_TOKEN Permissions
Contents: read
Metadata: read
##[endgroup]
Secret source: Actions
Cache mode: write
Prepare workflow directory
Prepare all required actions
Getting action download info
Download action repository 'actions/checkout@v5' (SHA:fbc6f3992d24b796d5a048ff273f7fcc4a7b6c09)
Download action repository 'actions/setup-node@v4' (SHA:49933ea5288caeca8642d1e84afbd3f7d6820020)
Download action repository 'actions/setup-python@v5' (SHA:a26af69be951a213d495a4c3e4e4022e16d87065)
Download action repository 'browser-actions/setup-chrome@v2' (SHA:48ad923757ca74d66703209fe939badbdf80f2f4)
Download action repository 'actions/upload-artifact@v4' (SHA:ea165f8d65b6e75b540449e92b4886f43607fa02)
Complete job name: E2E: playback-utilities
##[group]Run actions/checkout@v5
with:
  fetch-depth: 0
  persist-credentials: false
  repository: idanilovqa/AlbumHaven
  token: ***
  ssh-strict: true
  ssh-user: git
  clean: true
  sparse-checkout-cone-mode: true
  fetch-tags: false
  show-progress: true
  lfs: false
  submodules: false
  set-safe-directory: true
  allow-unsafe-pr-checkout: false
env:
  ALBUM_HAVEN_EXPECTED_FFMPEG_VERSION: 7.1-essentials_build-www.gyan.dev
##[endgroup]
Syncing repository: idanilovqa/AlbumHaven
##[group]Getting Git version info
Working directory is 'D:\a\AlbumHaven\AlbumHaven'
[command]"C:\Program Files\Git\bin\git.exe" version
git version 2.55.0.windows.5
##[endgroup]
Temporarily overriding HOME='D:\a\_temp\8389bcab-723c-4850-a31c-81d4d94c8dfa' before making global git config changes
Adding repository directory to the temporary git global config as a safe directory
[command]"C:\Program Files\Git\bin\git.exe" config --global --add safe.directory D:\a\AlbumHaven\AlbumHaven
Deleting the contents of 'D:\a\AlbumHaven\AlbumHaven'
##[group]Initializing the repository
[command]"C:\Program Files\Git\bin\git.exe" init D:\a\AlbumHaven\AlbumHaven
Initialized empty Git repository in D:/a/AlbumHaven/AlbumHaven/.git/
[command]"C:\Program Files\Git\bin\git.exe" remote add origin https://github.com/idanilovqa/AlbumHaven
##[endgroup]
##[group]Disabling automatic garbage collection
[command]"C:\Program Files\Git\bin\git.exe" config --local gc.auto 0
##[endgroup]
##[group]Setting up auth
[command]"C:\Program Files\Git\bin\git.exe" config --local --name-only --get-regexp core\.sshCommand
[command]"C:\Program Files\Git\bin\git.exe" submodule foreach --recursive "sh -c \"git config --local --name-only --get-regexp 'core\.sshCommand' && git config --local --unset-all 'core.sshCommand' || :\""
[command]"C:\Program Files\Git\bin\git.exe" config --local --name-only --get-regexp http\.https\:\/\/github\.com\/\.extraheader
[command]"C:\Program Files\Git\bin\git.exe" submodule foreach --recursive "sh -c \"git config --local --name-only --get-regexp 'http\.https\:\/\/github\.com\/\.extraheader' && git config --local --unset-all 'http.https://github.com/.extraheader' || :\""
[command]"C:\Program Files\Git\bin\git.exe" config --local --name-only --get-regexp ^includeIf\.gitdir:
[command]"C:\Program Files\Git\bin\git.exe" submodule foreach --recursive "git config --local --show-origin --name-only --get-regexp remote.origin.url"
[command]"C:\Program Files\Git\bin\git.exe" config --local http.https://github.com/.extraheader "AUTHORIZATION: basic ***"
##[endgroup]
##[group]Fetching the repository
[command]"C:\Program Files\Git\bin\git.exe" -c protocol.version=2 fetch --prune --no-recurse-submodules origin +refs/heads/*:refs/remotes/origin/* +refs/tags/*:refs/tags/* +9159e1ee4c9793bd6f1b168ed08cd2698f385f71:refs/remotes/pull/3/merge
From https://github.com/idanilovqa/AlbumHaven
 * [new branch]      2026-08-30-phase-7-local-auth            -> origin/2026-08-30-phase-7-local-auth
 * [new branch]      2026-09-05-gallery-refactor              -> origin/2026-09-05-gallery-refactor
 * [new branch]      2026-09-08-settings-refactor             -> origin/2026-09-08-settings-refactor
 * [new branch]      2026-09-17-pr3-rf456-build               -> origin/2026-09-17-pr3-rf456-build
 * [new branch]      2026-09-18-pr3-ci-diagnostics            -> origin/2026-09-18-pr3-ci-diagnostics
 * [new branch]      2026-09-18-pr3-js-batch                  -> origin/2026-09-18-pr3-js-batch
 * [new branch]      2026-09-18-pr3-python-batch              -> origin/2026-09-18-pr3-python-batch
 * [new branch]      codex/pr1-review-base-2026-09-10         -> origin/codex/pr1-review-base-2026-09-10
 * [new branch]      codex/pr1-review-snapshot-2026-09-10     -> origin/codex/pr1-review-snapshot-2026-09-10
 * [new branch]      main                                     -> origin/main
 * [new tag]         v0.9.41                                  -> v0.9.41
 * [new tag]         v0.9.42                                  -> v0.9.42
 * [new tag]         v0.9.43                                  -> v0.9.43
 * [new tag]         v0.9.44                                  -> v0.9.44
 * [new ref]         9159e1ee4c9793bd6f1b168ed08cd2698f385f71 -> pull/3/merge
##[endgroup]
##[group]Determining the checkout info
##[endgroup]
[command]"C:\Program Files\Git\bin\git.exe" sparse-checkout disable
[command]"C:\Program Files\Git\bin\git.exe" config --local --unset-all extensions.worktreeConfig
##[group]Checking out the ref
[command]"C:\Program Files\Git\bin\git.exe" checkout --progress --force refs/remotes/pull/3/merge
Note: switching to 'refs/remotes/pull/3/merge'.

You are in 'detached HEAD' state. You can look around, make experimental
changes and commit them, and you can discard any commits you make in this
state without impacting any branches by switching back to a branch.

If you want to create a new branch to retain commits you create, you may
do so (now or later) by using -c with the switch command. Example:

  git switch -c <new-branch-name>

Or undo this operation with:

  git switch -

Turn off this advice by setting config variable advice.detachedHead to false

HEAD is now at 9159e1e Merge ea256e48e5b72e1617f01c9954beec3b432e7da2 into 38f740a4e984a25c0d501a7a2166d6ccdc09dcf3
##[endgroup]
[command]"C:\Program Files\Git\bin\git.exe" log -1 --format=%H
9159e1ee4c9793bd6f1b168ed08cd2698f385f71
##[group]Removing auth
[command]"C:\Program Files\Git\bin\git.exe" config --local --name-only --get-regexp core\.sshCommand
[command]"C:\Program Files\Git\bin\git.exe" submodule foreach --recursive "sh -c \"git config --local --name-only --get-regexp 'core\.sshCommand' && git config --local --unset-all 'core.sshCommand' || :\""
[command]"C:\Program Files\Git\bin\git.exe" config --local --name-only --get-regexp http\.https\:\/\/github\.com\/\.extraheader
http.https://github.com/.extraheader
[command]"C:\Program Files\Git\bin\git.exe" config --local --unset-all http.https://github.com/.extraheader
[command]"C:\Program Files\Git\bin\git.exe" submodule foreach --recursive "sh -c \"git config --local --name-only --get-regexp 'http\.https\:\/\/github\.com\/\.extraheader' && git config --local --unset-all 'http.https://github.com/.extraheader' || :\""
[command]"C:\Program Files\Git\bin\git.exe" config --local --name-only --get-regexp ^includeIf\.gitdir:
[command]"C:\Program Files\Git\bin\git.exe" submodule foreach --recursive "git config --local --show-origin --name-only --get-regexp remote.origin.url"
##[endgroup]
##[group]Run actions/checkout@v5
with:
  ref: 38f740a4e984a25c0d501a7a2166d6ccdc09dcf3
  path: .trusted-ci
  persist-credentials: false
  repository: idanilovqa/AlbumHaven
  token: ***
  ssh-strict: true
  ssh-user: git
  clean: true
  sparse-checkout-cone-mode: true
  fetch-depth: 1
  fetch-tags: false
  show-progress: true
  lfs: false
  submodules: false
  set-safe-directory: true
  allow-unsafe-pr-checkout: false
env:
  ALBUM_HAVEN_EXPECTED_FFMPEG_VERSION: 7.1-essentials_build-www.gyan.dev
##[endgroup]
Syncing repository: idanilovqa/AlbumHaven
##[group]Getting Git version info
Working directory is 'D:\a\AlbumHaven\AlbumHaven\.trusted-ci'
[command]"C:\Program Files\Git\bin\git.exe" version
git version 2.55.0.windows.5
##[endgroup]
Temporarily overriding HOME='D:\a\_temp\71a535b9-0d70-450a-bb8e-401cf691f3b1' before making global git config changes
Adding repository directory to the temporary git global config as a safe directory
[command]"C:\Program Files\Git\bin\git.exe" config --global --add safe.directory D:\a\AlbumHaven\AlbumHaven\.trusted-ci
##[group]Initializing the repository
[command]"C:\Program Files\Git\bin\git.exe" init D:\a\AlbumHaven\AlbumHaven\.trusted-ci
Initialized empty Git repository in D:/a/AlbumHaven/AlbumHaven/.trusted-ci/.git/
[command]"C:\Program Files\Git\bin\git.exe" remote add origin https://github.com/idanilovqa/AlbumHaven
##[endgroup]
##[group]Disabling automatic garbage collection
[command]"C:\Program Files\Git\bin\git.exe" config --local gc.auto 0
##[endgroup]
##[group]Setting up auth
[command]"C:\Program Files\Git\bin\git.exe" config --local --name-only --get-regexp core\.sshCommand
[command]"C:\Program Files\Git\bin\git.exe" submodule foreach --recursive "sh -c \"git config --local --name-only --get-regexp 'core\.sshCommand' && git config --local --unset-all 'core.sshCommand' || :\""
[command]"C:\Program Files\Git\bin\git.exe" config --local --name-only --get-regexp http\.https\:\/\/github\.com\/\.extraheader
[command]"C:\Program Files\Git\bin\git.exe" submodule foreach --recursive "sh -c \"git config --local --name-only --get-regexp 'http\.https\:\/\/github\.com\/\.extraheader' && git config --local --unset-all 'http.https://github.com/.extraheader' || :\""
[command]"C:\Program Files\Git\bin\git.exe" config --local --name-only --get-regexp ^includeIf\.gitdir:
[command]"C:\Program Files\Git\bin\git.exe" submodule foreach --recursive "git config --local --show-origin --name-only --get-regexp remote.origin.url"
[command]"C:\Program Files\Git\bin\git.exe" config --local http.https://github.com/.extraheader "AUTHORIZATION: basic ***"
##[endgroup]
##[group]Fetching the repository
[command]"C:\Program Files\Git\bin\git.exe" -c protocol.version=2 fetch --no-tags --prune --no-recurse-submodules --depth=1 origin 38f740a4e984a25c0d501a7a2166d6ccdc09dcf3
From https://github.com/idanilovqa/AlbumHaven
 * branch            38f740a4e984a25c0d501a7a2166d6ccdc09dcf3 -> FETCH_HEAD
##[endgroup]
##[group]Determining the checkout info
##[endgroup]
[command]"C:\Program Files\Git\bin\git.exe" sparse-checkout disable
[command]"C:\Program Files\Git\bin\git.exe" config --local --unset-all extensions.worktreeConfig
##[group]Checking out the ref
[command]"C:\Program Files\Git\bin\git.exe" checkout --progress --force 38f740a4e984a25c0d501a7a2166d6ccdc09dcf3
Note: switching to '38f740a4e984a25c0d501a7a2166d6ccdc09dcf3'.

You are in 'detached HEAD' state. You can look around, make experimental
changes and commit them, and you can discard any commits you make in this
state without impacting any branches by switching back to a branch.

If you want to create a new branch to retain commits you create, you may
do so (now or later) by using -c with the switch command. Example:

  git switch -c <new-branch-name>

Or undo this operation with:

  git switch -

Turn off this advice by setting config variable advice.detachedHead to false

HEAD is now at 38f740a Merge pull request #2 from idanilovqa/2026-09-05-gallery-refactor
##[endgroup]
[command]"C:\Program Files\Git\bin\git.exe" log -1 --format=%H
38f740a4e984a25c0d501a7a2166d6ccdc09dcf3
##[group]Removing auth
[command]"C:\Program Files\Git\bin\git.exe" config --local --name-only --get-regexp core\.sshCommand
[command]"C:\Program Files\Git\bin\git.exe" submodule foreach --recursive "sh -c \"git config --local --name-only --get-regexp 'core\.sshCommand' && git config --local --unset-all 'core.sshCommand' || :\""
[command]"C:\Program Files\Git\bin\git.exe" config --local --name-only --get-regexp http\.https\:\/\/github\.com\/\.extraheader
http.https://github.com/.extraheader
[command]"C:\Program Files\Git\bin\git.exe" config --local --unset-all http.https://github.com/.extraheader
[command]"C:\Program Files\Git\bin\git.exe" submodule foreach --recursive "sh -c \"git config --local --name-only --get-regexp 'http\.https\:\/\/github\.com\/\.extraheader' && git config --local --unset-all 'http.https://github.com/.extraheader' || :\""
[command]"C:\Program Files\Git\bin\git.exe" config --local --name-only --get-regexp ^includeIf\.gitdir:
[command]"C:\Program Files\Git\bin\git.exe" submodule foreach --recursive "git config --local --show-origin --name-only --get-regexp remote.origin.url"
##[endgroup]
##[group]Run & ".trusted-ci\scripts\ci\fetch-test-fixtures.ps1" `
& ".trusted-ci\scripts\ci\fetch-test-fixtures.ps1" `
  -Release fixtures-v1.0.23 `
  -Profile functional-core `
  -ManifestSha256 e3ad2c100a77af2cb25dca2894dbf2c5e8decbc6925acf54c2749f6d3be000c2
shell: C:\Program Files\PowerShell\7\pwsh.EXE -command ". '{0}'"
env:
  ALBUM_HAVEN_EXPECTED_FFMPEG_VERSION: 7.1-essentials_build-www.gyan.dev
  ALBUM_HAVEN_FIXTURES_TOKEN: ***
##[endgroup]
Node 20 is being deprecated. This workflow is running with Node 24 by default. If you need to temporarily use Node 20, you can set the ACTIONS_ALLOW_USE_UNSECURE_NODE_VERSION=true environment variable. For more information see: https://github.blog/changelog/2025-09-19-deprecation-of-node-20-on-github-actions-runners/
##[group]Run actions/setup-node@v4
with:
  node-version: 22
  cache: npm
  always-auth: false
  check-latest: false
  token: ***
env:
  ALBUM_HAVEN_EXPECTED_FFMPEG_VERSION: 7.1-essentials_build-www.gyan.dev
  ALBUM_HAVEN_FIXTURE_RELEASE: fixtures-v1.0.23
  ALBUM_HAVEN_FIXTURE_PROFILE: functional-core
  ALBUM_HAVEN_FIXTURE_ROOT: D:\a\_temp\album-haven-fixtures-7da1581acced42d693f6ac46f0d6f508
  ALBUM_HAVEN_MEDIA_ROOT: D:\a\_temp\album-haven-fixtures-7da1581acced42d693f6ac46f0d6f508\media
##[endgroup]
(node:9752) [DEP0040] DeprecationWarning: The `punycode` module is deprecated. Please use a userland alternative instead.
(Use `node --trace-deprecation ...` to show where the warning was created)
Found in cache @ C:\hostedtoolcache\windows\node\22.23.2\x64
##[group]Environment details
node: v22.23.2
npm: 10.9.8
yarn: 1.22.22
##[endgroup]
[command]C:\Windows\system32\cmd.exe /D /S /C "C:\hostedtoolcache\windows\node\22.23.2\x64\npm.cmd config get cache"
C:\npm\cache
Cache hit for: node-cache-Windows-x64-npm-26253ee3ceab3d8c9b127fb1ff8b52c4c231c2e05275c7ca052f26b453f7dc92
(node:9752) [DEP0169] DeprecationWarning: `url.parse()` behavior is not standardized and prone to errors that have security implications. Use the WHATWG URL API instead. CVEs are not issued for `url.parse()` vulnerabilities.
Received 3822098 of 3822098 (100.0%), 11.7 MBs/sec
Cache Size: ~4 MB (3822098 B)
[command]"C:\Program Files\Git\usr\bin\tar.exe" -xf D:/a/_temp/f7d32b1a-541a-4857-a730-1cbb7fb1f620/cache.tzst -P -C D:/a/AlbumHaven/AlbumHaven --force-local --use-compress-program "zstd -d"
Cache restored successfully
Cache restored from key: node-cache-Windows-x64-npm-26253ee3ceab3d8c9b127fb1ff8b52c4c231c2e05275c7ca052f26b453f7dc92
Node 20 is being deprecated. This workflow is running with Node 24 by default. If you need to temporarily use Node 20, you can set the ACTIONS_ALLOW_USE_UNSECURE_NODE_VERSION=true environment variable. For more information see: https://github.blog/changelog/2025-09-19-deprecation-of-node-20-on-github-actions-runners/
##[group]Run actions/setup-python@v5
with:
  python-version: 3.11
  cache: pip
  cache-dependency-path: requirements.txt
  check-latest: false
  token: ***
  update-environment: true
  allow-prereleases: false
  freethreaded: false
env:
  ALBUM_HAVEN_EXPECTED_FFMPEG_VERSION: 7.1-essentials_build-www.gyan.dev
  ALBUM_HAVEN_FIXTURE_RELEASE: fixtures-v1.0.23
  ALBUM_HAVEN_FIXTURE_PROFILE: functional-core
  ALBUM_HAVEN_FIXTURE_ROOT: D:\a\_temp\album-haven-fixtures-7da1581acced42d693f6ac46f0d6f508
  ALBUM_HAVEN_MEDIA_ROOT: D:\a\_temp\album-haven-fixtures-7da1581acced42d693f6ac46f0d6f508\media
##[endgroup]
##[group]Installed versions
(node:8140) [DEP0040] DeprecationWarning: The `punycode` module is deprecated. Please use a userland alternative instead.
(Use `node --trace-deprecation ...` to show where the warning was created)
Successfully set up CPython (3.11.9)
##[endgroup]
Cache hit for: setup-python-Windows-x64-python-3.11.9-pip-0c6be4352e523693f41bb557265b0d204a2348bd0887365f0c4493752562bd14
(node:8140) [DEP0169] DeprecationWarning: `url.parse()` behavior is not standardized and prone to errors that have security implications. Use the WHATWG URL API instead. CVEs are not issued for `url.parse()` vulnerabilities.
Received 58149912 of 58149912 (100.0%), 94.6 MBs/sec
Cache Size: ~55 MB (58149912 B)
[command]"C:\Program Files\Git\usr\bin\tar.exe" -xf D:/a/_temp/f9b80d79-5bc8-48b3-b261-22f3e914365a/cache.tzst -P -C D:/a/AlbumHaven/AlbumHaven --force-local --use-compress-program "zstd -d"
Cache restored successfully
Cache restored from key: setup-python-Windows-x64-python-3.11.9-pip-0c6be4352e523693f41bb557265b0d204a2348bd0887365f0c4493752562bd14
##[group]Run npm ci
npm ci
shell: C:\Program Files\PowerShell\7\pwsh.EXE -command ". '{0}'"
env:
  ALBUM_HAVEN_EXPECTED_FFMPEG_VERSION: 7.1-essentials_build-www.gyan.dev
  ALBUM_HAVEN_FIXTURE_RELEASE: fixtures-v1.0.23
  ALBUM_HAVEN_FIXTURE_PROFILE: functional-core
  ALBUM_HAVEN_FIXTURE_ROOT: D:\a\_temp\album-haven-fixtures-7da1581acced42d693f6ac46f0d6f508
  ALBUM_HAVEN_MEDIA_ROOT: D:\a\_temp\album-haven-fixtures-7da1581acced42d693f6ac46f0d6f508\media
  pythonLocation: C:\hostedtoolcache\windows\Python\3.11.9\x64
  PKG_CONFIG_PATH: C:\hostedtoolcache\windows\Python\3.11.9\x64/lib/pkgconfig
  Python_ROOT_DIR: C:\hostedtoolcache\windows\Python\3.11.9\x64
  Python2_ROOT_DIR: C:\hostedtoolcache\windows\Python\3.11.9\x64
  Python3_ROOT_DIR: C:\hostedtoolcache\windows\Python\3.11.9\x64
##[endgroup]

added 3 packages, and audited 4 packages in 2s

found 0 vulnerabilities
##[group]Run python -m pip install --upgrade pip
python -m pip install --upgrade pip
python -m pip install -r requirements.txt
shell: C:\Program Files\PowerShell\7\pwsh.EXE -command ". '{0}'"
env:
  ALBUM_HAVEN_EXPECTED_FFMPEG_VERSION: 7.1-essentials_build-www.gyan.dev
  ALBUM_HAVEN_FIXTURE_RELEASE: fixtures-v1.0.23
  ALBUM_HAVEN_FIXTURE_PROFILE: functional-core
  ALBUM_HAVEN_FIXTURE_ROOT: D:\a\_temp\album-haven-fixtures-7da1581acced42d693f6ac46f0d6f508
  ALBUM_HAVEN_MEDIA_ROOT: D:\a\_temp\album-haven-fixtures-7da1581acced42d693f6ac46f0d6f508\media
  pythonLocation: C:\hostedtoolcache\windows\Python\3.11.9\x64
  PKG_CONFIG_PATH: C:\hostedtoolcache\windows\Python\3.11.9\x64/lib/pkgconfig
  Python_ROOT_DIR: C:\hostedtoolcache\windows\Python\3.11.9\x64
  Python2_ROOT_DIR: C:\hostedtoolcache\windows\Python\3.11.9\x64
  Python3_ROOT_DIR: C:\hostedtoolcache\windows\Python\3.11.9\x64
##[endgroup]
Requirement already satisfied: pip in C:\hostedtoolcache\windows\Python\3.11.9\x64\Lib\site-packages (26.2.1)
Collecting jinja2 (from -r requirements.txt (line 1))
  Using cached jinja2-3.1.6-py3-none-any.whl.metadata (2.9 kB)
Collecting markupsafe (from -r requirements.txt (line 2))
  Using cached markupsafe-3.0.3-cp311-cp311-win_amd64.whl.metadata (2.8 kB)
Collecting fastapi==0.115.6 (from -r requirements.txt (line 3))
  Using cached fastapi-0.115.6-py3-none-any.whl.metadata (27 kB)
Collecting uvicorn (from -r requirements.txt (line 4))
  Using cached uvicorn-0.53.0-py3-none-any.whl.metadata (6.6 kB)
Collecting websockets (from -r requirements.txt (line 5))
  Using cached websockets-17.1-cp311-cp311-win_amd64.whl.metadata (6.5 kB)
Collecting mutagen (from -r requirements.txt (line 6))
  Using cached mutagen-1.48.1-py3-none-any.whl.metadata (1.8 kB)
Collecting pillow (from -r requirements.txt (line 7))
  Using cached pillow-12.3.0-cp311-cp311-win_amd64.whl.metadata (9.3 kB)
Collecting imageio-ffmpeg==0.6.0 (from -r requirements.txt (line 8))
  Using cached imageio_ffmpeg-0.6.0-py3-none-win_amd64.whl.metadata (1.5 kB)
Collecting ytmusicapi (from -r requirements.txt (line 9))
  Using cached ytmusicapi-1.12.3-py3-none-any.whl.metadata (4.3 kB)
Collecting pytest (from -r requirements.txt (line 10))
  Using cached pytest-9.1.1-py3-none-any.whl.metadata (7.6 kB)
Collecting zstandard (from -r requirements.txt (line 12))
  Using cached zstandard-0.25.0-cp311-cp311-win_amd64.whl.metadata (3.3 kB)
Collecting argon2-cffi (from -r requirements.txt (line 13))
  Using cached argon2_cffi-25.1.0-py3-none-any.whl.metadata (4.1 kB)
Collecting aiosmtplib (from -r requirements.txt (line 14))
  Using cached aiosmtplib-5.1.3-py3-none-any.whl.metadata (3.6 kB)
Collecting cryptography>=42 (from -r requirements.txt (line 15))
  Using cached cryptography-50.0.1-cp311-abi3-win_amd64.whl.metadata (4.3 kB)
Collecting watchdog<7,>=4.0 (from -r requirements.txt (line 16))
  Using cached watchdog-6.0.0-py3-none-win_amd64.whl.metadata (44 kB)
Collecting psycopg[binary] (from -r requirements.txt (line 11))
  Downloading psycopg-3.3.6-py3-none-any.whl.metadata (4.4 kB)
Collecting starlette<0.42.0,>=0.40.0 (from fastapi==0.115.6->-r requirements.txt (line 3))
  Using cached starlette-0.41.3-py3-none-any.whl.metadata (6.0 kB)
Collecting pydantic!=1.8,!=1.8.1,!=2.0.0,!=2.0.1,!=2.1.0,<3.0.0,>=1.7.4 (from fastapi==0.115.6->-r requirements.txt (line 3))
  Using cached pydantic-2.13.5-py3-none-any.whl.metadata (110 kB)
Collecting typing-extensions>=4.8.0 (from fastapi==0.115.6->-r requirements.txt (line 3))
  Using cached typing_extensions-4.16.0-py3-none-any.whl.metadata (3.3 kB)
Collecting annotated-types>=0.6.0 (from pydantic!=1.8,!=1.8.1,!=2.0.0,!=2.0.1,!=2.1.0,<3.0.0,>=1.7.4->fastapi==0.115.6->-r requirements.txt (line 3))
  Using cached annotated_types-0.8.0-py3-none-any.whl.metadata (15 kB)
Collecting pydantic-core==2.46.5 (from pydantic!=1.8,!=1.8.1,!=2.0.0,!=2.0.1,!=2.1.0,<3.0.0,>=1.7.4->fastapi==0.115.6->-r requirements.txt (line 3))
  Using cached pydantic_core-2.46.5-cp311-cp311-win_amd64.whl.metadata (6.7 kB)
Collecting typing-inspection>=0.4.2 (from pydantic!=1.8,!=1.8.1,!=2.0.0,!=2.0.1,!=2.1.0,<3.0.0,>=1.7.4->fastapi==0.115.6->-r requirements.txt (line 3))
  Using cached typing_inspection-0.4.4-py3-none-any.whl.metadata (2.6 kB)
Collecting anyio<5,>=3.4.0 (from starlette<0.42.0,>=0.40.0->fastapi==0.115.6->-r requirements.txt (line 3))
  Using cached anyio-4.15.1-py3-none-any.whl.metadata (4.7 kB)
Collecting idna>=2.8 (from anyio<5,>=3.4.0->starlette<0.42.0,>=0.40.0->fastapi==0.115.6->-r requirements.txt (line 3))
  Using cached idna-3.20-py3-none-any.whl.metadata (7.2 kB)
Collecting click>=7.0 (from uvicorn->-r requirements.txt (line 4))
  Using cached click-8.5.0-py3-none-any.whl.metadata (2.6 kB)
Collecting h11>=0.8 (from uvicorn->-r requirements.txt (line 4))
  Using cached h11-0.16.0-py3-none-any.whl.metadata (8.3 kB)
Collecting requests>=2.22 (from ytmusicapi->-r requirements.txt (line 9))
  Using cached requests-2.34.2-py3-none-any.whl.metadata (4.8 kB)
Collecting colorama>=0.4 (from pytest->-r requirements.txt (line 10))
  Using cached colorama-0.4.6-py2.py3-none-any.whl.metadata (17 kB)
Collecting iniconfig>=1.0.1 (from pytest->-r requirements.txt (line 10))
  Using cached iniconfig-2.3.0-py3-none-any.whl.metadata (2.5 kB)
Collecting packaging>=22 (from pytest->-r requirements.txt (line 10))
  Using cached packaging-26.3-py3-none-any.whl.metadata (3.5 kB)
Collecting pluggy<2,>=1.5 (from pytest->-r requirements.txt (line 10))
  Using cached pluggy-1.6.0-py3-none-any.whl.metadata (4.8 kB)
Collecting pygments>=2.7.2 (from pytest->-r requirements.txt (line 10))
  Using cached pygments-2.21.0-py3-none-any.whl.metadata (2.5 kB)
Collecting tzdata (from psycopg[binary]->-r requirements.txt (line 11))
  Using cached tzdata-2026.4-py2.py3-none-any.whl.metadata (1.4 kB)
Collecting psycopg-binary==3.3.6 (from psycopg[binary]->-r requirements.txt (line 11))
  Downloading psycopg_binary-3.3.6-cp311-cp311-win_amd64.whl.metadata (2.8 kB)
Collecting argon2-cffi-bindings (from argon2-cffi->-r requirements.txt (line 13))
  Using cached argon2_cffi_bindings-26.1.0-cp310-abi3-win_amd64.whl.metadata (7.5 kB)
Collecting cffi>=2.0.0 (from cryptography>=42->-r requirements.txt (line 15))
  Using cached cffi-2.1.1-cp311-cp311-win_amd64.whl.metadata (2.6 kB)
Collecting pycparser (from cffi>=2.0.0->cryptography>=42->-r requirements.txt (line 15))
  Using cached pycparser-3.0-py3-none-any.whl.metadata (8.2 kB)
Collecting charset_normalizer<4,>=2 (from requests>=2.22->ytmusicapi->-r requirements.txt (line 9))
  Using cached charset_normalizer-3.5.1-cp311-cp311-win_amd64.whl.metadata (46 kB)
Collecting urllib3<3,>=1.26 (from requests>=2.22->ytmusicapi->-r requirements.txt (line 9))
  Using cached urllib3-2.8.0-py3-none-any.whl.metadata (7.4 kB)
Collecting certifi>=2023.5.7 (from requests>=2.22->ytmusicapi->-r requirements.txt (line 9))
  Using cached certifi-2026.7.22-py3-none-any.whl.metadata (2.5 kB)
Using cached fastapi-0.115.6-py3-none-any.whl (94 kB)
Using cached imageio_ffmpeg-0.6.0-py3-none-win_amd64.whl (31.2 MB)
Using cached watchdog-6.0.0-py3-none-win_amd64.whl (79 kB)
Using cached pydantic-2.13.5-py3-none-any.whl (472 kB)
Using cached pydantic_core-2.46.5-cp311-cp311-win_amd64.whl (2.0 MB)
Using cached starlette-0.41.3-py3-none-any.whl (73 kB)
Using cached anyio-4.15.1-py3-none-any.whl (132 kB)
Using cached jinja2-3.1.6-py3-none-any.whl (134 kB)
Using cached markupsafe-3.0.3-cp311-cp311-win_amd64.whl (15 kB)
Using cached uvicorn-0.53.0-py3-none-any.whl (87 kB)
Using cached websockets-17.1-cp311-cp311-win_amd64.whl (217 kB)
Using cached mutagen-1.48.1-py3-none-any.whl (195 kB)
Using cached pillow-12.3.0-cp311-cp311-win_amd64.whl (7.2 MB)
Using cached ytmusicapi-1.12.3-py3-none-any.whl (111 kB)
Using cached pytest-9.1.1-py3-none-any.whl (386 kB)
Using cached pluggy-1.6.0-py3-none-any.whl (20 kB)
Downloading psycopg-3.3.6-py3-none-any.whl (215 kB)
Downloading psycopg_binary-3.3.6-cp311-cp311-win_amd64.whl (3.7 MB)
   ---------------------------------------- 3.7/3.7 MB 55.1 MB/s  0:00:00
Using cached zstandard-0.25.0-cp311-cp311-win_amd64.whl (506 kB)
Using cached argon2_cffi-25.1.0-py3-none-any.whl (14 kB)
Using cached aiosmtplib-5.1.3-py3-none-any.whl (30 kB)
Using cached cryptography-50.0.1-cp311-abi3-win_amd64.whl (3.8 MB)
Using cached annotated_types-0.8.0-py3-none-any.whl (13 kB)
Using cached cffi-2.1.1-cp311-cp311-win_amd64.whl (185 kB)
Using cached click-8.5.0-py3-none-any.whl (125 kB)
Using cached colorama-0.4.6-py2.py3-none-any.whl (25 kB)
Using cached h11-0.16.0-py3-none-any.whl (37 kB)
Using cached idna-3.20-py3-none-any.whl (69 kB)
Using cached iniconfig-2.3.0-py3-none-any.whl (7.5 kB)
Using cached packaging-26.3-py3-none-any.whl (129 kB)
Using cached pygments-2.21.0-py3-none-any.whl (1.3 MB)
Using cached requests-2.34.2-py3-none-any.whl (73 kB)
Using cached charset_normalizer-3.5.1-cp311-cp311-win_amd64.whl (206 kB)
Using cached urllib3-2.8.0-py3-none-any.whl (135 kB)
Using cached certifi-2026.7.22-py3-none-any.whl (136 kB)
Using cached typing_extensions-4.16.0-py3-none-any.whl (45 kB)
Using cached typing_inspection-0.4.4-py3-none-any.whl (14 kB)
Using cached argon2_cffi_bindings-26.1.0-cp310-abi3-win_amd64.whl (25 kB)
Using cached pycparser-3.0-py3-none-any.whl (48 kB)
Using cached tzdata-2026.4-py2.py3-none-any.whl (347 kB)
Installing collected packages: zstandard, websockets, watchdog, urllib3, tzdata, typing-extensions, pygments, pycparser, psycopg-binary, pluggy, pillow, packaging, mutagen, markupsafe, iniconfig, imageio-ffmpeg, idna, h11, colorama, click, charset_normalizer, certifi, annotated-types, aiosmtplib, uvicorn, typing-inspection, requests, pytest, pydantic-core, psycopg, jinja2, cffi, anyio, ytmusicapi, starlette, pydantic, cryptography, argon2-cffi-bindings, fastapi, argon2-cffi

Successfully installed aiosmtplib-5.1.3 annotated-types-0.8.0 anyio-4.15.1 argon2-cffi-25.1.0 argon2-cffi-bindings-26.1.0 certifi-2026.7.22 cffi-2.1.1 charset_normalizer-3.5.1 click-8.5.0 colorama-0.4.6 cryptography-50.0.1 fastapi-0.115.6 h11-0.16.0 idna-3.20 imageio-ffmpeg-0.6.0 iniconfig-2.3.0 jinja2-3.1.6 markupsafe-3.0.3 mutagen-1.48.1 packaging-26.3 pillow-12.3.0 pluggy-1.6.0 psycopg-3.3.6 psycopg-binary-3.3.6 pycparser-3.0 pydantic-2.13.5 pydantic-core-2.46.5 pygments-2.21.0 pytest-9.1.1 requests-2.34.2 starlette-0.41.3 typing-extensions-4.16.0 typing-inspection-0.4.4 tzdata-2026.4 urllib3-2.8.0 uvicorn-0.53.0 watchdog-6.0.0 websockets-17.1 ytmusicapi-1.12.3 zstandard-0.25.0
##[group]Run node scripts/ci/resolve-ci-shard.cjs functional playback-utilities
node scripts/ci/resolve-ci-shard.cjs functional playback-utilities
shell: C:\Program Files\PowerShell\7\pwsh.EXE -command ". '{0}'"
env:
  ALBUM_HAVEN_EXPECTED_FFMPEG_VERSION: 7.1-essentials_build-www.gyan.dev
  ALBUM_HAVEN_FIXTURE_RELEASE: fixtures-v1.0.23
  ALBUM_HAVEN_FIXTURE_PROFILE: functional-core
  ALBUM_HAVEN_FIXTURE_ROOT: D:\a\_temp\album-haven-fixtures-7da1581acced42d693f6ac46f0d6f508
  ALBUM_HAVEN_MEDIA_ROOT: D:\a\_temp\album-haven-fixtures-7da1581acced42d693f6ac46f0d6f508\media
  pythonLocation: C:\hostedtoolcache\windows\Python\3.11.9\x64
  PKG_CONFIG_PATH: C:\hostedtoolcache\windows\Python\3.11.9\x64/lib/pkgconfig
  Python_ROOT_DIR: C:\hostedtoolcache\windows\Python\3.11.9\x64
  Python2_ROOT_DIR: C:\hostedtoolcache\windows\Python\3.11.9\x64
  Python3_ROOT_DIR: C:\hostedtoolcache\windows\Python\3.11.9\x64
##[endgroup]
##[group]Run browser-actions/setup-chrome@v2
with:
  chrome-version: 151.0.7922.138
  install-dependencies: false
  install-chromedriver: false
  no-sudo: false
env:
  ALBUM_HAVEN_EXPECTED_FFMPEG_VERSION: 7.1-essentials_build-www.gyan.dev
  ALBUM_HAVEN_FIXTURE_RELEASE: fixtures-v1.0.23
  ALBUM_HAVEN_FIXTURE_PROFILE: functional-core
  ALBUM_HAVEN_FIXTURE_ROOT: D:\a\_temp\album-haven-fixtures-7da1581acced42d693f6ac46f0d6f508
  ALBUM_HAVEN_MEDIA_ROOT: D:\a\_temp\album-haven-fixtures-7da1581acced42d693f6ac46f0d6f508\media
  pythonLocation: C:\hostedtoolcache\windows\Python\3.11.9\x64
  PKG_CONFIG_PATH: C:\hostedtoolcache\windows\Python\3.11.9\x64/lib/pkgconfig
  Python_ROOT_DIR: C:\hostedtoolcache\windows\Python\3.11.9\x64
  Python2_ROOT_DIR: C:\hostedtoolcache\windows\Python\3.11.9\x64
  Python3_ROOT_DIR: C:\hostedtoolcache\windows\Python\3.11.9\x64
##[endgroup]
Setup chrome 151.0.7922.138
Attempting to download chrome 151.0.7922.138...
Acquiring chrome 151.0.7922.138 from https://storage.googleapis.com/chrome-for-testing-public/151.0.7922.138/win64/chrome-win64.zip
Installing chrome...
[command]"C:\Program Files\PowerShell\7\pwsh.exe" -NoLogo -NoProfile -NonInteractive -ExecutionPolicy Unrestricted -Command "$ErrorActionPreference = 'Stop' ; try { Add-Type -AssemblyName System.IO.Compression.ZipFile } catch { } ; try { [System.IO.Compression.ZipFile]::ExtractToDirectory('D:\a\_temp\1760bf40-9f04-456c-ad90-086821c2a759', 'D:\a\_temp\02baadc0-61fb-4a32-a600-8c8484fa18ac', $true) } catch { if (($_.Exception.GetType().FullName -eq 'System.Management.Automation.MethodException') -or ($_.Exception.GetType().FullName -eq 'System.Management.Automation.RuntimeException') ){ Expand-Archive -LiteralPath 'D:\a\_temp\1760bf40-9f04-456c-ad90-086821c2a759' -DestinationPath 'D:\a\_temp\02baadc0-61fb-4a32-a600-8c8484fa18ac' -Force } else { throw $_ } } ;"
Successfully Installed chrome to C:\hostedtoolcache\windows\setup-chrome\chrome\151.0.7922.138\x64
[command]C:\Windows\System32\WindowsPowerShell\v1.0\powershell.exe -Command "(Get-Item (Get-Command 'C:\hostedtoolcache\windows\setup-chrome\chrome\151.0.7922.138\x64\chrome.exe').Source).VersionInfo.ProductVersion"
151.0.7922.138
Successfully setup chrome 151.0.7922.138
##[group]Run $sourceRoot = [IO.Path]::GetFullPath($env:ALBUM_HAVEN_FIXTURE_ROOT)
$sourceRoot = [IO.Path]::GetFullPath($env:ALBUM_HAVEN_FIXTURE_ROOT)
$workRoot = [IO.Path]::GetFullPath((Join-Path "D:\a\_temp" "album-haven-e2e-functional-fixtures-playback-utilities"))
$sharedRoot = Join-Path $workRoot "shared"
$runnerTemp = [IO.Path]::GetFullPath("D:\a\_temp")
$relativeWork = [IO.Path]::GetRelativePath($runnerTemp, $workRoot)
if ([string]::IsNullOrWhiteSpace($relativeWork) -or $relativeWork.StartsWith("..") -or [IO.Path]::IsPathRooted($relativeWork)) {
  throw "Functional fixture work root must be a non-root child of RUNNER_TEMP."
}
if (-not (Test-Path -LiteralPath (Join-Path $sourceRoot "manifest.json") -PathType Leaf) -or
    -not (Test-Path -LiteralPath (Join-Path $sourceRoot "database") -PathType Container) -or
    -not (Test-Path -LiteralPath (Join-Path $sourceRoot "media") -PathType Container)) {
  throw "Downloaded functional fixture is incomplete."
}
if (Test-Path -LiteralPath $workRoot) {
  throw "Functional fixture work root must not already exist."
}
New-Item -ItemType Directory -Path $workRoot | Out-Null
Copy-Item -LiteralPath $sourceRoot -Destination $sharedRoot -Recurse
if (-not (Test-Path -LiteralPath (Join-Path $sharedRoot "manifest.json") -PathType Leaf) -or
    -not (Test-Path -LiteralPath (Join-Path $sharedRoot "database") -PathType Container) -or
    -not (Test-Path -LiteralPath (Join-Path $sharedRoot "media") -PathType Container)) {
  throw "Writable functional fixture copy is incomplete."
}
"ALBUM_HAVEN_FUNCTIONAL_FIXTURE_WORK_ROOT=$workRoot" | Out-File -FilePath $env:GITHUB_ENV -Append -Encoding utf8
"ALBUM_HAVEN_FUNCTIONAL_SOURCE_FIXTURE_ROOT=$sourceRoot" | Out-File -FilePath $env:GITHUB_ENV -Append -Encoding utf8
"ALBUM_HAVEN_FIXTURE_ROOT=$sharedRoot" | Out-File -FilePath $env:GITHUB_ENV -Append -Encoding utf8
"ALBUM_HAVEN_MEDIA_ROOT=$(Join-Path $sharedRoot 'media')" | Out-File -FilePath $env:GITHUB_ENV -Append -Encoding utf8
shell: C:\Program Files\PowerShell\7\pwsh.EXE -command ". '{0}'"
env:
  ALBUM_HAVEN_EXPECTED_FFMPEG_VERSION: 7.1-essentials_build-www.gyan.dev
  ALBUM_HAVEN_FIXTURE_RELEASE: fixtures-v1.0.23
  ALBUM_HAVEN_FIXTURE_PROFILE: functional-core
  ALBUM_HAVEN_FIXTURE_ROOT: D:\a\_temp\album-haven-fixtures-7da1581acced42d693f6ac46f0d6f508
  ALBUM_HAVEN_MEDIA_ROOT: D:\a\_temp\album-haven-fixtures-7da1581acced42d693f6ac46f0d6f508\media
  pythonLocation: C:\hostedtoolcache\windows\Python\3.11.9\x64
  PKG_CONFIG_PATH: C:\hostedtoolcache\windows\Python\3.11.9\x64/lib/pkgconfig
  Python_ROOT_DIR: C:\hostedtoolcache\windows\Python\3.11.9\x64
  Python2_ROOT_DIR: C:\hostedtoolcache\windows\Python\3.11.9\x64
  Python3_ROOT_DIR: C:\hostedtoolcache\windows\Python\3.11.9\x64
##[endgroup]
##[group]Run if (-not (Test-Path -LiteralPath ".\scripts\ci\load-fixture-profile.py" -PathType Leaf)) {
if (-not (Test-Path -LiteralPath ".\scripts\ci\load-fixture-profile.py" -PathType Leaf)) {
  throw "scripts/ci/load-fixture-profile.py is required."
}
$env:PLAYWRIGHT_PROVIDER_PORT = ([int]"5500" + 2).ToString()
.\scripts\ci\bootstrap-windows-postgres.ps1 `
  -Mode Provision `
  -ExpectedMajorVersion 17 `
  -Pgbin $env:PGBIN `
  -HostName 127.0.0.1 `
  -DatabaseSuffix "f_35389965541_1_3" `
  -StatePath "D:\a\_temp\album-haven-functional-playback-utilities.state.json"
shell: C:\Program Files\PowerShell\7\pwsh.EXE -command ". '{0}'"
env:
  ALBUM_HAVEN_EXPECTED_FFMPEG_VERSION: 7.1-essentials_build-www.gyan.dev
  ALBUM_HAVEN_FIXTURE_RELEASE: fixtures-v1.0.23
  ALBUM_HAVEN_FIXTURE_PROFILE: functional-core
  ALBUM_HAVEN_FIXTURE_ROOT: D:\a\_temp\album-haven-e2e-functional-fixtures-playback-utilities\shared
  ALBUM_HAVEN_MEDIA_ROOT: D:\a\_temp\album-haven-e2e-functional-fixtures-playback-utilities\shared\media
  pythonLocation: C:\hostedtoolcache\windows\Python\3.11.9\x64
  PKG_CONFIG_PATH: C:\hostedtoolcache\windows\Python\3.11.9\x64/lib/pkgconfig
  Python_ROOT_DIR: C:\hostedtoolcache\windows\Python\3.11.9\x64
  Python2_ROOT_DIR: C:\hostedtoolcache\windows\Python\3.11.9\x64
  Python3_ROOT_DIR: C:\hostedtoolcache\windows\Python\3.11.9\x64
  ALBUM_HAVEN_FUNCTIONAL_FIXTURE_WORK_ROOT: D:\a\_temp\album-haven-e2e-functional-fixtures-playback-utilities
  ALBUM_HAVEN_FUNCTIONAL_SOURCE_FIXTURE_ROOT: D:\a\_temp\album-haven-fixtures-7da1581acced42d693f6ac46f0d6f508
##[endgroup]
BEGIN
DO
CREATE ROLE
CREATE ROLE
CREATE ROLE
COMMIT
CREATE DATABASE
REVOKE
GRANT
GRANT
CREATE SCHEMA
CREATE SCHEMA
CREATE SCHEMA
CREATE SCHEMA
CREATE TABLE
CREATE TABLE
CREATE TABLE
CREATE INDEX
CREATE INDEX
CREATE TABLE
CREATE INDEX
CREATE INDEX
CREATE TABLE
CREATE INDEX
CREATE INDEX
CREATE TABLE
CREATE INDEX
CREATE INDEX
CREATE TABLE
CREATE INDEX
CREATE INDEX
CREATE INDEX
CREATE TABLE
CREATE INDEX
CREATE INDEX
CREATE TABLE
CREATE INDEX
CREATE INDEX
CREATE TABLE
CREATE INDEX
CREATE TABLE
CREATE INDEX
CREATE INDEX
CREATE TABLE
CREATE INDEX
CREATE INDEX
CREATE INDEX
CREATE INDEX
CREATE TABLE
CREATE INDEX
CREATE INDEX
CREATE INDEX
CREATE INDEX
CREATE INDEX
CREATE TABLE
CREATE INDEX
CREATE INDEX
CREATE INDEX
CREATE INDEX
CREATE INDEX
CREATE TABLE
CREATE INDEX
CREATE INDEX
CREATE INDEX
CREATE INDEX
CREATE INDEX
CREATE INDEX
CREATE TABLE
CREATE INDEX
CREATE INDEX
CREATE INDEX
CREATE TABLE
CREATE INDEX
CREATE INDEX
CREATE TABLE
CREATE INDEX
CREATE INDEX
CREATE TABLE
CREATE INDEX
CREATE INDEX
CREATE TABLE
CREATE INDEX
CREATE INDEX
CREATE TABLE
CREATE INDEX
CREATE INDEX
CREATE TABLE
CREATE INDEX
CREATE INDEX
CREATE INDEX
CREATE TABLE
CREATE INDEX
CREATE INDEX
CREATE INDEX
CREATE INDEX
CREATE TABLE
CREATE INDEX
CREATE INDEX
CREATE INDEX
CREATE INDEX
CREATE INDEX
CREATE TABLE
CREATE INDEX
CREATE TABLE
CREATE INDEX
CREATE TABLE
CREATE INDEX
CREATE INDEX
CREATE INDEX
CREATE INDEX
CREATE TABLE
CREATE INDEX
CREATE INDEX
CREATE TABLE
CREATE INDEX
CREATE INDEX
CREATE INDEX
CREATE INDEX
CREATE TABLE
CREATE INDEX
CREATE INDEX
CREATE INDEX
CREATE INDEX
CREATE TABLE
CREATE INDEX
CREATE INDEX
CREATE INDEX
CREATE TABLE
CREATE INDEX
CREATE TABLE
CREATE INDEX
CREATE INDEX
DO
DO
DO
DO
INSERT 0 1
CREATE TABLE
CREATE INDEX
CREATE INDEX
CREATE INDEX
CREATE INDEX
CREATE INDEX
CREATE INDEX
CREATE INDEX
DO
DO
DO
INSERT 0 1
ALTER TABLE
ALTER TABLE
ALTER TABLE
ALTER TABLE
CREATE INDEX
CREATE INDEX
CREATE INDEX
CREATE INDEX
CREATE INDEX
CREATE INDEX
CREATE INDEX
CREATE INDEX
INSERT 0 1
CREATE INDEX
CREATE INDEX
CREATE INDEX
INSERT 0 1
CREATE TABLE
INSERT 0 6
CREATE TABLE
CREATE INDEX
CREATE INDEX
CREATE TABLE
CREATE INDEX
CREATE INDEX
CREATE INDEX
DO
DO
INSERT 0 1
UPDATE 0
psql:D:/a/AlbumHaven/AlbumHaven/migrations/postgres/0006_scope_lastfm_sync_identities.sql:26: NOTICE:  index "lastfm_sessions_account_username_idx" does not exist, skipping
DROP INDEX
CREATE INDEX
psql:D:/a/AlbumHaven/AlbumHaven/migrations/postgres/0006_scope_lastfm_sync_identities.sql:31: NOTICE:  index "pending_scrobbles_source_identity_idx" does not exist, skipping
DROP INDEX
psql:D:/a/AlbumHaven/AlbumHaven/migrations/postgres/0006_scope_lastfm_sync_identities.sql:43: NOTICE:  relation "pending_scrobbles_source_identity_idx" already exists, skipping
CREATE INDEX
psql:D:/a/AlbumHaven/AlbumHaven/migrations/postgres/0006_scope_lastfm_sync_identities.sql:45: NOTICE:  index "scrobble_retry_state_source_identity_idx" does not exist, skipping
DROP INDEX
psql:D:/a/AlbumHaven/AlbumHaven/migrations/postgres/0006_scope_lastfm_sync_identities.sql:59: NOTICE:  relation "scrobble_retry_state_source_identity_idx" already exists, skipping
CREATE INDEX
INSERT 0 1
DROP INDEX
CREATE INDEX
INSERT 0 1
DROP INDEX
CREATE INDEX
INSERT 0 1
CREATE TABLE
CREATE INDEX
CREATE INDEX
DO
INSERT 0 1
CREATE TABLE
CREATE INDEX
CREATE INDEX
CREATE INDEX
CREATE TABLE
CREATE INDEX
CREATE INDEX
CREATE INDEX
DO
INSERT 0 1
CREATE TABLE
CREATE INDEX
CREATE INDEX
CREATE INDEX
DO
INSERT 0 1
CREATE TABLE
CREATE INDEX
CREATE INDEX
CREATE INDEX
DO
INSERT 0 1
CREATE TABLE
CREATE INDEX
CREATE INDEX
CREATE INDEX
DO
INSERT 0 1
UPDATE 0
INSERT 0 1
CREATE TABLE
CREATE INDEX
CREATE INDEX
CREATE INDEX
CREATE INDEX
CREATE INDEX
CREATE INDEX
DO
INSERT 0 1
DO
INSERT 0 1
CREATE TABLE
CREATE INDEX
INSERT 0 1
GRANT
INSERT 0 1
DROP INDEX
CREATE INDEX
UPDATE 0
INSERT 0 1
psql:D:/a/AlbumHaven/AlbumHaven/migrations/postgres/0019_create_local_album_featured_artists.sql:13: NOTICE:  relation "local_album_featured_artists" already exists, skipping
CREATE TABLE
psql:D:/a/AlbumHaven/AlbumHaven/migrations/postgres/0019_create_local_album_featured_artists.sql:16: NOTICE:  relation "local_album_featured_artists_library_id_idx" already exists, skipping
psql:D:/a/AlbumHaven/AlbumHaven/migrations/postgres/0019_create_local_album_featured_artists.sql:19: NOTICE:  relation "local_album_featured_artists_album_id_idx" already exists, skipping
CREATE INDEX
psql:D:/a/AlbumHaven/AlbumHaven/migrations/postgres/0019_create_local_album_featured_artists.sql:22: NOTICE:  relation "local_album_featured_artists_artist_id_idx" already exists, skipping
CREATE INDEX
psql:D:/a/AlbumHaven/AlbumHaven/migrations/postgres/0019_create_local_album_featured_artists.sql:25: NOTICE:  relation "local_album_featured_artists_library_artist_idx" already exists, skipping
CREATE INDEX
psql:D:/a/AlbumHaven/AlbumHaven/migrations/postgres/0019_create_local_album_featured_artists.sql:28: NOTICE:  relation "local_album_featured_artists_identity_idx" already exists, skipping
CREATE INDEX
CREATE INDEX
DO
INSERT 0 1
DO
INSERT 0 1
psql:D:/a/AlbumHaven/AlbumHaven/migrations/postgres/0021_add_problematic_file_generated_projection.sql:1: NOTICE:  index "local_track_files_active_track_projection_idx" does not exist, skipping
DROP INDEX
CREATE FUNCTION
REVOKE
DO
ALTER TABLE
ALTER TABLE
ALTER TABLE
INSERT 0 1
DROP INDEX
CREATE INDEX
DROP INDEX
CREATE INDEX
INSERT 0 1
CREATE FUNCTION
CREATE FUNCTION
CREATE FUNCTION
psql:D:/a/AlbumHaven/AlbumHaven/migrations/postgres/0023_link_local_track_files_to_library_***s.sql:162: NOTICE:  function library.windows_path_key(text) does not exist, skipping
DROP FUNCTION
CREATE FUNCTION
UPDATE 0
UPDATE 0
DO
REVOKE
REVOKE
REVOKE
REVOKE
DO
INSERT 0 1
CREATE EXTENSION
DO
INSERT 0 1
DO
INSERT 0 1
CREATE TABLE
CREATE INDEX
CREATE INDEX
DO
INSERT 0 1
DO
INSERT 0 1
DROP INDEX
CREATE INDEX
INSERT 0 1
psql:D:/a/AlbumHaven/AlbumHaven/migrations/postgres/0029_repair_lastfm_session_conflict_identity.sql:2: NOTICE:  relation "lastfm_sessions_account_username_idx" already exists, skipping
CREATE INDEX
INSERT 0 1
DROP TABLE
INSERT 0 1
CREATE INDEX
INSERT 0 1
DROP INDEX
CREATE INDEX
INSERT 0 1
psql:D:/a/AlbumHaven/AlbumHaven/migrations/postgres/0033_repair_section14_album_identity_corruption.sql:9: NOTICE:  schema "pg_temp" does not exist, skipping
DROP TABLE
CREATE TABLE
INSERT 0 0
INSERT 0 0
DO
SELECT 0
UPDATE 0
INSERT 0 0
DELETE 0
INSERT 0 0
DELETE 0
UPDATE 0
DELETE 0
UPDATE 0
DELETE 0
UPDATE 0
UPDATE 0
DELETE 0
DELETE 0
DELETE 0
DROP TABLE
DROP TABLE
INSERT 0 1
LOCK TABLE
psql:D:/a/AlbumHaven/AlbumHaven/migrations/postgres/0034_reconcile_semantic_local_albums.sql:8: NOTICE:  schema "pg_temp" does not exist, skipping
DROP TABLE
CREATE TABLE
INSERT 0 0
 id 
----
(0 rows)

UPDATE 0
INSERT 0 0
DELETE 0
INSERT 0 0
DELETE 0
UPDATE 0
INSERT 0 0
DELETE 0
INSERT 0 0
DELETE 0
UPDATE 0
UPDATE 0
DELETE 0
DROP TABLE
DO
INSERT 0 1
psql:D:/a/AlbumHaven/AlbumHaven/migrations/postgres/0035_enforce_semantic_local_album_identity.sql:7: NOTICE:  trigger "local_albums_semantic_identity_check" for relation "library.local_albums" does not exist, skipping
DROP TRIGGER
psql:D:/a/AlbumHaven/AlbumHaven/migrations/postgres/0035_enforce_semantic_local_album_identity.sql:9: NOTICE:  trigger "separate_releases_semantic_identity_check" for relation "library.separate_releases" does not exist, skipping
DROP TRIGGER
psql:D:/a/AlbumHaven/AlbumHaven/migrations/postgres/0035_enforce_semantic_local_album_identity.sql:11: NOTICE:  trigger "local_artists_semantic_identity_check" for relation "library.local_artists" does not exist, skipping
DROP TRIGGER
psql:D:/a/AlbumHaven/AlbumHaven/migrations/postgres/0035_enforce_semantic_local_album_identity.sql:13: NOTICE:  trigger "local_albums_semantic_identity_discriminator" for relation "library.local_albums" does not exist, skipping
DROP TRIGGER
psql:D:/a/AlbumHaven/AlbumHaven/migrations/postgres/0035_enforce_semantic_local_album_identity.sql:15: NOTICE:  trigger "separate_releases_semantic_identity_discriminator" for relation "library.separate_releases" does not exist, skipping
psql:D:/a/AlbumHaven/AlbumHaven/migrations/postgres/0035_enforce_semantic_local_album_identity.sql:17: NOTICE:  trigger "separate_releases_semantic_identity_reconciliation" for relation "library.separate_releases" does not exist, skipping
DROP TRIGGER
psql:D:/a/AlbumHaven/AlbumHaven/migrations/postgres/0035_enforce_semantic_local_album_identity.sql:19: NOTICE:  trigger "local_artists_semantic_identity_discriminator" for relation "library.local_artists" does not exist, skipping
psql:D:/a/AlbumHaven/AlbumHaven/migrations/postgres/0035_enforce_semantic_local_album_identity.sql:21: NOTICE:  trigger "separate_releases_inventory_publication_lock" for relation "library.separate_releases" does not exist, skipping
DROP TRIGGER
DROP TRIGGER
DROP TRIGGER
psql:D:/a/AlbumHaven/AlbumHaven/migrations/postgres/0035_enforce_semantic_local_album_identity.sql:23: NOTICE:  trigger "local_artists_inventory_publication_lock" for relation "library.local_artists" does not exist, skipping
psql:D:/a/AlbumHaven/AlbumHaven/migrations/postgres/0035_enforce_semantic_local_album_identity.sql:24: NOTICE:  function library.enforce_semantic_local_album_identity() does not exist, skipping
DROP TRIGGER
DROP FUNCTION
ALTER TABLE
CREATE FUNCTION
CREATE TRIGGER
CREATE TRIGGER
UPDATE 0
CREATE INDEX
CREATE FUNCTION
CREATE TRIGGER
CREATE FUNCTION
CREATE FUNCTION
CREATE TRIGGER
CREATE FUNCTION
CREATE TRIGGER
INSERT 0 1
CREATE INDEX
INSERT 0 1
CREATE INDEX
INSERT 0 1
CREATE INDEX
CREATE INDEX
DROP INDEX
psql:D:/a/AlbumHaven/AlbumHaven/migrations/postgres/0038_add_problematic_required_text_candidate.sql:25: NOTICE:  index "local_track_files_problem_candidate_v2_idx" does not exist, skipping
DROP INDEX
psql:D:/a/AlbumHaven/AlbumHaven/migrations/postgres/0038_add_problematic_required_text_candidate.sql:26: NOTICE:  index "local_track_files_problem_candidate_v3_idx" does not exist, skipping
DROP INDEX
psql:D:/a/AlbumHaven/AlbumHaven/migrations/postgres/0038_add_problematic_required_text_candidate.sql:27: NOTICE:  index "local_track_files_problem_candidate_v4_idx" does not exist, skipping
DROP INDEX
psql:D:/a/AlbumHaven/AlbumHaven/migrations/postgres/0038_add_problematic_required_text_candidate.sql:30: NOTICE:  column "scan_file_required_text_missing_candidate" of relation "local_track_files" does not exist, skipping
ALTER TABLE
INSERT 0 1
DO
INSERT 0 1
DO
INSERT 0 1
psql:D:/a/AlbumHaven/AlbumHaven/migrations/postgres/0041_create_local_album_cover_candidate_snapshots.sql:32: NOTICE:  identifier "local_album_cover_candidate_snapshots_automatic_improvement_revision_check" will be truncated to "local_album_cover_candidate_snapshots_automatic_improvement_rev"
psql:D:/a/AlbumHaven/AlbumHaven/migrations/postgres/0041_create_local_album_cover_candidate_snapshots.sql:32: NOTICE:  identifier "local_album_cover_candidate_snapshots_seen_automatic_improvement_revision_check" will be truncated to "local_album_cover_candidate_snapshots_seen_automatic_improvemen"
CREATE TABLE
UPDATE 0
DO
INSERT 0 1
ALTER TABLE
INSERT 0 1
CREATE TABLE
DO
INSERT 0 1
CREATE TABLE
CREATE INDEX
DO
INSERT 0 1
CREATE INDEX
INSERT 0 1
ALTER TABLE
UPDATE 0
ALTER TABLE
DO
CREATE INDEX
CREATE INDEX
CREATE TABLE
CREATE TABLE
CREATE INDEX
CREATE INDEX
CREATE INDEX
CREATE TABLE
CREATE INDEX
DO
ALTER TABLE
UPDATE 0
UPDATE 0
ALTER TABLE
DO
CREATE INDEX
CREATE TABLE
CREATE INDEX
CREATE INDEX
CREATE INDEX
CREATE TABLE
CREATE INDEX
CREATE INDEX
CREATE INDEX
CREATE INDEX
DO
INSERT 0 1
CREATE TABLE
CREATE INDEX
CREATE INDEX
DO
INSERT 0 1
ALTER TABLE
ALTER TABLE
CREATE TABLE
CREATE INDEX
CREATE INDEX
CREATE INDEX
DO
INSERT 0 1
DELETE 0
CREATE INDEX
INSERT 0 1
CREATE INDEX
INSERT 0 1
CREATE INDEX
INSERT 0 1
CREATE TABLE
CREATE INDEX
CREATE INDEX
CREATE INDEX
CREATE TABLE
CREATE INDEX
ALTER TABLE
CREATE INDEX
ALTER TABLE
ALTER TABLE
DO
INSERT 0 1
CREATE TABLE
DO
INSERT 0 1
ALTER TABLE
DO
INSERT 0 1
CREATE FUNCTION
REVOKE
DO
INSERT 0 1
ALTER TABLE
DO
INSERT 0 1
ALTER TABLE
CREATE FUNCTION
INSERT 0 0
UPDATE 0
DO
REVOKE
DO
INSERT 0 1
ALTER TABLE
DO
INSERT 0 1
ALTER TABLE
DO
INSERT 0 1
CREATE FUNCTION
CREATE FUNCTION
CREATE FUNCTION
ALTER TABLE
UPDATE 0
ALTER TABLE
ALTER TABLE
REVOKE
REVOKE
REVOKE
DO
INSERT 0 1
CREATE FUNCTION
REVOKE
DO
INSERT 0 1
DO
INSERT 0 1
CREATE FUNCTION
REVOKE
DO
INSERT 0 1
DO
INSERT 0 1
CREATE FUNCTION
INSERT 0 1
ALTER TABLE
ALTER TABLE
INSERT 0 1
CREATE INDEX
INSERT 0 1
CREATE TABLE
CREATE INDEX
UPDATE 0
UPDATE 0
INSERT 0 0
UPDATE 0
DO
INSERT 0 1
CREATE TABLE
CREATE TABLE
CREATE INDEX
CREATE INDEX
DO
INSERT 0 1
ALTER TABLE
INSERT 0 1
ALTER TABLE
ALTER TABLE
INSERT 0 1
ALTER TABLE
CREATE INDEX
INSERT 0 1
ALTER TABLE
ALTER TABLE
UPDATE 0
INSERT 0 1
WARNING:  no privileges were granted for "show_limit"
WARNING:  no privileges were granted for "show_trgm"
WARNING:  no privileges were granted for "set_limit"
WARNING:  no privileges were granted for "similarity"
WARNING:  no privileges were granted for "similarity_op"
WARNING:  no privileges were granted for "word_similarity"
WARNING:  no privileges were granted for "word_similarity_op"
WARNING:  no privileges were granted for "word_similarity_commutator_op"
WARNING:  no privileges were granted for "similarity_dist"
WARNING:  no privileges were granted for "word_similarity_dist_op"
WARNING:  no privileges were granted for "word_similarity_dist_commutator_op"
WARNING:  no privileges were granted for "gtrgm_in"
WARNING:  no privileges were granted for "gtrgm_out"
WARNING:  no privileges were granted for "gtrgm_consistent"
WARNING:  no privileges were granted for "gtrgm_distance"
WARNING:  no privileges were granted for "gtrgm_compress"
WARNING:  no privileges were granted for "gtrgm_decompress"
WARNING:  no privileges were granted for "gtrgm_penalty"
WARNING:  no privileges were granted for "gtrgm_picksplit"
WARNING:  no privileges were granted for "gtrgm_union"
WARNING:  no privileges were granted for "gtrgm_same"
WARNING:  no privileges were granted for "gin_extract_value_trgm"
WARNING:  no privileges were granted for "gin_extract_query_trgm"
WARNING:  no privileges were granted for "gin_trgm_consistent"
WARNING:  no privileges were granted for "gin_trgm_triconsistent"
WARNING:  no privileges were granted for "strict_word_similarity"
WARNING:  no privileges were granted for "strict_word_similarity_op"
WARNING:  no privileges were granted for "strict_word_similarity_commutator_op"
WARNING:  no privileges were granted for "strict_word_similarity_dist_op"
WARNING:  no privileges were granted for "strict_word_similarity_dist_commutator_op"
WARNING:  no privileges were granted for "gtrgm_options"
DO
BEGIN
CREATE SCHEMA
CREATE TABLE
INSERT 0 1
UPDATE 1
DELETE 1
 nextval 
---------
       2
(1 row)

ROLLBACK
DO
BEGIN
CREATE TABLE
INSERT 0 1
INSERT 0 1
UPDATE 1
ROLLBACK
DO
 ?column? 
----------
(0 rows)

DO
##[group]Run $env:PGPASSWORD = $null
$env:PGPASSWORD = $null
node scripts/ci/write-foundation-version-manifest.cjs --profile=windows --output=D:\a\_temp\foundation-version-manifest-functional-playback-utilities.json
shell: C:\Program Files\PowerShell\7\pwsh.EXE -command ". '{0}'"
env:
  ALBUM_HAVEN_EXPECTED_FFMPEG_VERSION: 7.1-essentials_build-www.gyan.dev
  ALBUM_HAVEN_FIXTURE_RELEASE: fixtures-v1.0.23
  ALBUM_HAVEN_FIXTURE_PROFILE: functional-core
  ALBUM_HAVEN_FIXTURE_ROOT: D:\a\_temp\album-haven-e2e-functional-fixtures-playback-utilities\shared
  ALBUM_HAVEN_MEDIA_ROOT: D:\a\_temp\album-haven-e2e-functional-fixtures-playback-utilities\shared\media
  pythonLocation: C:\hostedtoolcache\windows\Python\3.11.9\x64
  PKG_CONFIG_PATH: C:\hostedtoolcache\windows\Python\3.11.9\x64/lib/pkgconfig
  Python_ROOT_DIR: C:\hostedtoolcache\windows\Python\3.11.9\x64
  Python2_ROOT_DIR: C:\hostedtoolcache\windows\Python\3.11.9\x64
  Python3_ROOT_DIR: C:\hostedtoolcache\windows\Python\3.11.9\x64
  ALBUM_HAVEN_FUNCTIONAL_FIXTURE_WORK_ROOT: D:\a\_temp\album-haven-e2e-functional-fixtures-playback-utilities
  ALBUM_HAVEN_FUNCTIONAL_SOURCE_FIXTURE_ROOT: D:\a\_temp\album-haven-fixtures-7da1581acced42d693f6ac46f0d6f508
  PGPASSFILE: D:\a\_temp\album-haven-postgres-f_35389965541_1_3.pgpass
  ALBUM_HAVEN_CI_DATABASE: album_haven_ci_f_35389965541_1_3
  DATABASE_MIGRATOR_URL: postgresql://album_haven_migrator_f_35389965541_1_3@127.0.0.1/album_haven_ci_f_35389965541_1_3
  DATABASE_APP_URL: postgresql://album_haven_app_f_35389965541_1_3@127.0.0.1/album_haven_ci_f_35389965541_1_3
  DATABASE_READONLY_URL: postgresql://album_haven_readonly_f_35389965541_1_3@127.0.0.1/album_haven_ci_f_35389965541_1_3
  ALBUM_HAVEN_FAKE_E2E_SETUP_DATABASE_URL: postgresql://album_haven_migrator_f_35389965541_1_3@127.0.0.1/album_haven_ci_f_35389965541_1_3
  ALBUM_HAVEN_FAKE_E2E_DATABASE_URL: postgresql://album_haven_app_f_35389965541_1_3@127.0.0.1/album_haven_ci_f_35389965541_1_3
  ALBUM_HAVEN_APP_DATABASE_URL: postgresql://album_haven_app_f_35389965541_1_3@127.0.0.1/album_haven_ci_f_35389965541_1_3
  PLAYWRIGHT_CHROME_EXECUTABLE: C:\hostedtoolcache\windows\setup-chrome\chrome\151.0.7922.138\x64\chrome.exe
##[endgroup]
D:\a\_temp\foundation-version-manifest-functional-playback-utilities.json
##[group]Run node scripts/ci/validate-functional-shards.cjs --list
node scripts/ci/validate-functional-shards.cjs --list
shell: C:\Program Files\PowerShell\7\pwsh.EXE -command ". '{0}'"
env:
  ALBUM_HAVEN_EXPECTED_FFMPEG_VERSION: 7.1-essentials_build-www.gyan.dev
  ALBUM_HAVEN_FIXTURE_RELEASE: fixtures-v1.0.23
  ALBUM_HAVEN_FIXTURE_PROFILE: functional-core
  ALBUM_HAVEN_FIXTURE_ROOT: D:\a\_temp\album-haven-e2e-functional-fixtures-playback-utilities\shared
  ALBUM_HAVEN_MEDIA_ROOT: D:\a\_temp\album-haven-e2e-functional-fixtures-playback-utilities\shared\media
  pythonLocation: C:\hostedtoolcache\windows\Python\3.11.9\x64
  PKG_CONFIG_PATH: C:\hostedtoolcache\windows\Python\3.11.9\x64/lib/pkgconfig
  Python_ROOT_DIR: C:\hostedtoolcache\windows\Python\3.11.9\x64
  Python2_ROOT_DIR: C:\hostedtoolcache\windows\Python\3.11.9\x64
  Python3_ROOT_DIR: C:\hostedtoolcache\windows\Python\3.11.9\x64
  ALBUM_HAVEN_FUNCTIONAL_FIXTURE_WORK_ROOT: D:\a\_temp\album-haven-e2e-functional-fixtures-playback-utilities
  ALBUM_HAVEN_FUNCTIONAL_SOURCE_FIXTURE_ROOT: D:\a\_temp\album-haven-fixtures-7da1581acced42d693f6ac46f0d6f508
  PGPASSFILE: D:\a\_temp\album-haven-postgres-f_35389965541_1_3.pgpass
  ALBUM_HAVEN_CI_DATABASE: album_haven_ci_f_35389965541_1_3
  DATABASE_MIGRATOR_URL: postgresql://album_haven_migrator_f_35389965541_1_3@127.0.0.1/album_haven_ci_f_35389965541_1_3
  DATABASE_APP_URL: postgresql://album_haven_app_f_35389965541_1_3@127.0.0.1/album_haven_ci_f_35389965541_1_3
  DATABASE_READONLY_URL: postgresql://album_haven_readonly_f_35389965541_1_3@127.0.0.1/album_haven_ci_f_35389965541_1_3
  ALBUM_HAVEN_FAKE_E2E_SETUP_DATABASE_URL: postgresql://album_haven_migrator_f_35389965541_1_3@127.0.0.1/album_haven_ci_f_35389965541_1_3
  ALBUM_HAVEN_FAKE_E2E_DATABASE_URL: postgresql://album_haven_app_f_35389965541_1_3@127.0.0.1/album_haven_ci_f_35389965541_1_3
  ALBUM_HAVEN_APP_DATABASE_URL: postgresql://album_haven_app_f_35389965541_1_3@127.0.0.1/album_haven_ci_f_35389965541_1_3
##[endgroup]
{"schemaVersion":1,"cases":113,"shards":{"gallery-search-visual":46,"cover-providers":18,"metadata-mutations":13,"playback-utilities":36}}
##[group]Run $env:PGPASSWORD = $null
$env:PGPASSWORD = $null
$env:PLAYWRIGHT_PYTHON = Join-Path $env:pythonLocation "python.exe"
$env:ALBUM_HAVEN_FUNCTIONAL_PORT_BASE = "5500"
$env:ALBUM_HAVEN_FUNCTIONAL_OUTPUT_ROOT = Join-Path "D:\a\_temp" "functional-output-playback-utilities"
$env:ALBUM_HAVEN_FUNCTIONAL_BLOB_ROOT = Join-Path "D:\a\_temp" "functional-blobs-playback-utilities"
$arguments = @("--run-shard=playback-utilities")
if ("full" -eq "focused-e2e") {
  if ("full" -eq "exact") {
    @($env:FOCUSED_CASES_JSON | ConvertFrom-Json) | ForEach-Object { $arguments += "--run-case=$_" }
  } else {
    @($env:FOCUSED_AREAS_JSON | ConvertFrom-Json) | ForEach-Object { $arguments += "--run-area=$_" }
  }
}
node scripts/ci/validate-functional-shards.cjs @arguments
shell: C:\Program Files\PowerShell\7\pwsh.EXE -command ". '{0}'"
env:
  ALBUM_HAVEN_EXPECTED_FFMPEG_VERSION: 7.1-essentials_build-www.gyan.dev
  ALBUM_HAVEN_FIXTURE_RELEASE: fixtures-v1.0.23
  ALBUM_HAVEN_FIXTURE_PROFILE: functional-core
  ALBUM_HAVEN_FIXTURE_ROOT: D:\a\_temp\album-haven-e2e-functional-fixtures-playback-utilities\shared
  ALBUM_HAVEN_MEDIA_ROOT: D:\a\_temp\album-haven-e2e-functional-fixtures-playback-utilities\shared\media
  pythonLocation: C:\hostedtoolcache\windows\Python\3.11.9\x64
  PKG_CONFIG_PATH: C:\hostedtoolcache\windows\Python\3.11.9\x64/lib/pkgconfig
  Python_ROOT_DIR: C:\hostedtoolcache\windows\Python\3.11.9\x64
  Python2_ROOT_DIR: C:\hostedtoolcache\windows\Python\3.11.9\x64
  Python3_ROOT_DIR: C:\hostedtoolcache\windows\Python\3.11.9\x64
  ALBUM_HAVEN_FUNCTIONAL_FIXTURE_WORK_ROOT: D:\a\_temp\album-haven-e2e-functional-fixtures-playback-utilities
  ALBUM_HAVEN_FUNCTIONAL_SOURCE_FIXTURE_ROOT: D:\a\_temp\album-haven-fixtures-7da1581acced42d693f6ac46f0d6f508
  PGPASSFILE: D:\a\_temp\album-haven-postgres-f_35389965541_1_3.pgpass
  ALBUM_HAVEN_CI_DATABASE: album_haven_ci_f_35389965541_1_3
  DATABASE_MIGRATOR_URL: postgresql://album_haven_migrator_f_35389965541_1_3@127.0.0.1/album_haven_ci_f_35389965541_1_3
  DATABASE_APP_URL: postgresql://album_haven_app_f_35389965541_1_3@127.0.0.1/album_haven_ci_f_35389965541_1_3
  DATABASE_READONLY_URL: postgresql://album_haven_readonly_f_35389965541_1_3@127.0.0.1/album_haven_ci_f_35389965541_1_3
  ALBUM_HAVEN_FAKE_E2E_SETUP_DATABASE_URL: postgresql://album_haven_migrator_f_35389965541_1_3@127.0.0.1/album_haven_ci_f_35389965541_1_3
  ALBUM_HAVEN_FAKE_E2E_DATABASE_URL: postgresql://album_haven_app_f_35389965541_1_3@127.0.0.1/album_haven_ci_f_35389965541_1_3
  ALBUM_HAVEN_APP_DATABASE_URL: postgresql://album_haven_app_f_35389965541_1_3@127.0.0.1/album_haven_ci_f_35389965541_1_3
  PLAYWRIGHT_CHROME_EXECUTABLE: C:\hostedtoolcache\windows\setup-chrome\chrome\151.0.7922.138\x64\chrome.exe
  FOCUSED_CASES_JSON: []
  FOCUSED_AREAS_JSON: []
##[endgroup]
Album Haven production E2E app listening on http://127.0.0.1:5500 with 0 artists, 0 albums, 0 tracks, and provider fixtures on http://127.0.0.1:5502
2026-09-18 20:12:58,316 [INFO] music_app: Startup scan-cache hydration completed files=7200 albums=400
2026-09-18 20:12:58,317 [INFO] music_app: Legacy album exclusions migrated albums=1 removed_rules=18 created_rules=1
2026-09-18 20:12:58,869 [INFO] music_app: Relation projection startup readiness ready=true rebuilt=true reason=missing_projection builder_version=local-relation-builder-v9 source_row_count=7438 duration_ms=512.90 source_load=167.55 fingerprint=59.26 pure_build=149.41 family_link_replacement=9.90 snapshot_publication=2.18
2026-09-18 20:13:00,230 [INFO] music_app: {"action": "Index request completed", "album_count": 0, "artist_count": 0, "bootstrap_mode": "fresh_preview", "covers_in_progress": false, "elapsed_ms": 493.15, "hydrate_in_progress": false, "payload_elapsed_ms": 198.87, "query": "", "scan_in_progress": false, "selected_artist": ""}

Running 3 tests using 1 worker

2026-09-18 20:13:32,924 [INFO] music_app: {"action": "Index request completed", "album_count": 0, "artist_count": 0, "bootstrap_mode": "fresh_preview", "covers_in_progress": false, "elapsed_ms": 335.6, "hydrate_in_progress": false, "payload_elapsed_ms": 193.95, "query": "", "scan_in_progress": false, "selected_artist": ""}
[TEST] FTC-UTIL-PROBLEMS-011 hides dead problem actions for a generated excluded album
  [STEP] Hide Problematic Files actions before that utility has loaded
2026-09-18 20:13:36,757 [INFO] music_app: {"action": "Index request completed", "album_count": 0, "artist_count": 0, "bootstrap_mode": "fresh_preview", "covers_in_progress": false, "elapsed_ms": 321.75, "hydrate_in_progress": false, "payload_elapsed_ms": 197.1, "query": "", "scan_in_progress": false, "selected_artist": ""}
2026-09-18 20:13:40,039 [INFO] music_app: {"action": "Postgres album search request started", "query": "Generated Problem Fixture"}
2026-09-18 20:13:40,204 [INFO] music_app: {"action": "View data request completed", "album_count": 11, "artist_count": 1, "elapsed_ms": 165.36, "query": "Generated Problem Fixture", "selected_artist": "Generated Problem Fixture"}
  [FAIL] Hide Problematic Files actions before that utility has loaded :: Cannot read properties of undefined (reading 'total') (5169 ms)
  x  1 [functional] › tests\e2e\specs\problematicFileNavigation.spec.js:36:1 › FTC-UTIL-PROBLEMS-011 hides dead problem actions for a generated excluded album @area:problematic-files (6.3s)
2026-09-18 20:13:46,142 [INFO] music_app: {"action": "Index request completed", "album_count": 0, "artist_count": 0, "bootstrap_mode": "fresh_preview", "covers_in_progress": false, "elapsed_ms": 315.54, "hydrate_in_progress": false, "payload_elapsed_ms": 187.27, "query": "", "scan_in_progress": false, "selected_artist": ""}
[TEST] FTC-UTIL-PROBLEMS-011 opens the exact problematic track from album details
  [STEP] Open the persisted album directly without loading Settings first
2026-09-18 20:13:49,799 [INFO] music_app: {"action": "Index request completed", "album_count": 0, "artist_count": 0, "bootstrap_mode": "fresh_preview", "covers_in_progress": false, "elapsed_ms": 352.26, "hydrate_in_progress": false, "payload_elapsed_ms": 200.83, "query": "", "scan_in_progress": false, "selected_artist": ""}
2026-09-18 20:13:52,660 [INFO] music_app: {"action": "Postgres album search request started", "query": "Neal Morse Plays Pink Floyd"}
2026-09-18 20:13:52,850 [INFO] music_app: {"action": "View data request completed", "album_count": 41, "artist_count": 5, "elapsed_ms": 191.15, "query": "Neal Morse Plays Pink Floyd", "selected_artist": "Neal Morse"}
  [FAIL] Open the persisted album directly without loading Settings first :: Cannot read properties of undefined (reading 'total') (5527 ms)
  x  2 [functional] › tests\e2e\specs\problematicFileNavigation.spec.js:81:1 › FTC-UTIL-PROBLEMS-011 opens the exact problematic track from album details @area:problematic-files (7.7s)
2026-09-18 20:14:00,488 [INFO] music_app: {"action": "Index request completed", "album_count": 0, "artist_count": 0, "bootstrap_mode": "fresh_preview", "covers_in_progress": false, "elapsed_ms": 306.61, "hydrate_in_progress": false, "payload_elapsed_ms": 184.37, "query": "", "scan_in_progress": false, "selected_artist": ""}
2026-09-18 20:14:04,189 [INFO] music_app: {"action": "Index request completed", "album_count": 0, "artist_count": 0, "bootstrap_mode": "fresh_preview", "covers_in_progress": false, "elapsed_ms": 345.47, "hydrate_in_progress": false, "payload_elapsed_ms": 192.38, "query": "", "scan_in_progress": false, "selected_artist": ""}
[playwright-wrapper-failure-latched] {"phase":"tests-complete","status":"failed","total":3,"completed":3,"failed":2,"skipped":0,"errors":0}
  ok 3 [functional] › tests\e2e\specs\settingsIntegrations.functional.spec.js:69:1 › FTC-SETTINGS-I02 Scrobbling statistics and readable Foobar help retain disabled playlist import @area:integrations (6.8s)
[album-haven-playwright-result] {"version":1,"phase":"tests-complete","nonce":"f31640c63630a73db827fa0647f0bee6bbc68d4345833361a03bd0f4f5c4608a","status":"failed","total":3,"completed":3,"failed":2,"skipped":0,"errors":0}



[album-haven-playwright-result] {"version":1,"phase":"run-final","nonce":"f31640c63630a73db827fa0647f0bee6bbc68d4345833361a03bd0f4f5c4608a","status":"failed","total":3,"completed":3,"failed":2,"skipped":0,"errors":0}

  1) [functional] › tests\e2e\specs\problematicFileNavigation.spec.js:36:1 › FTC-UTIL-PROBLEMS-011 hides dead problem actions for a generated excluded album @area:problematic-files 

    TypeError: Cannot read properties of undefined (reading 'total')

       at ..\actions\trackModalActions.js:213

      211 |       subtitle: String(await this.trackModal.subtitle.textContent() || '').trim(),
      212 |       footer: String(await this.trackModal.footer.textContent() || '').trim(),
    > 213 |       total: String(await this.trackModal.albumTrackTable.total.textContent() || '').trim(),
          |                                                           ^
      214 |       playButtons: await this.trackModal.playButtons.count(),
      215 |       trackRows: await this.trackModal.trackRows.count(),
      216 |       coverLoaded,
        at TrackModalActions.readSummary (D:\a\AlbumHaven\AlbumHaven\tests\e2e\actions\trackModalActions.js:213:59)
        at TrackModalActions.waitForLoadedSummary (D:\a\AlbumHaven\AlbumHaven\tests\e2e\actions\trackModalActions.js:246:21)
        at D:\a\AlbumHaven\AlbumHaven\tests\e2e\specs\problematicFileNavigation.spec.js:56:21
        at runStep (D:\a\AlbumHaven\AlbumHaven\tests\e2e\support\baseFixtures.js:146:22)
        at D:\a\AlbumHaven\AlbumHaven\tests\e2e\specs\problematicFileNavigation.spec.js:46:3

    attachment #1: step-transcript.txt (text/plain) ────────────────────────────────────────────────
    [TEST] FTC-UTIL-PROBLEMS-011 hides dead problem actions for a generated excluded album
      [STEP] Hide Problematic Files actions before that utility has loaded
      [FAIL] Hide Problematic Files actions before that utility has loaded :: Cannot read properties of undefined (reading 'total') (5169 ms)
    ────────────────────────────────────────────────────────────────────────────────────────────────

    attachment #3: stacktrace.txt (text/plain) ─────────────────────────────────────────────────────
    Error 1
    TypeError: Cannot read properties of undefined (reading 'total')
        at TrackModalActions.readSummary (D:\a\AlbumHaven\AlbumHaven\tests\e2e\actions\trackModalActions.js:213:59)
        at TrackModalActions.waitForLoadedSummary (D:\a\AlbumHaven\AlbumHaven\tests\e2e\actions\trackModalActions.js:24...
    ────────────────────────────────────────────────────────────────────────────────────────────────

    attachment #4: runtime-log.txt (text/plain) ────────────────────────────────────────────────────
    [2026-09-18T20:13:39.924Z] requestfailed/net::ERR_ABORTED: GET http://127.0.0.1:5500/cover?path=D%3A%5Ca%5C_temp%5Calbum-haven-e2e-functional-fixtures-playback-utilities%5Cshared%5Cmedia%5C!!!%5CThree%20Bangs%5Ccover.png&size=480&v=process-e10e51e7a57e241d0f5705fadcea3461
    [2026-09-18T20:13:39.924Z] ...
    ────────────────────────────────────────────────────────────────────────────────────────────────

    Error Context: ..\..\_temp\functional-output-playback-utilities\wave-01-01-playwright-config-js\problematicFileNavigation--83af0--a-generated-excluded-album-functional\error-context.md

    attachment #7: trace (application/zip) ─────────────────────────────────────────────────────────
    ..\..\_temp\functional-output-playback-utilities\wave-01-01-playwright-config-js\problematicFileNavigation--83af0--a-generated-excluded-album-functional\trace.zip
    Usage:

        npx playwright show-trace ..\..\_temp\functional-output-playback-utilities\wave-01-01-playwright-config-js\problematicFileNavigation--83af0--a-generated-excluded-album-functional\trace.zip

    ────────────────────────────────────────────────────────────────────────────────────────────────

  2) [functional] › tests\e2e\specs\problematicFileNavigation.spec.js:81:1 › FTC-UTIL-PROBLEMS-011 opens the exact problematic track from album details @area:problematic-files 

    TypeError: Cannot read properties of undefined (reading 'total')

       at ..\actions\trackModalActions.js:213

      211 |       subtitle: String(await this.trackModal.subtitle.textContent() || '').trim(),
      212 |       footer: String(await this.trackModal.footer.textContent() || '').trim(),
    > 213 |       total: String(await this.trackModal.albumTrackTable.total.textContent() || '').trim(),
          |                                                           ^
      214 |       playButtons: await this.trackModal.playButtons.count(),
      215 |       trackRows: await this.trackModal.trackRows.count(),
      216 |       coverLoaded,
        at TrackModalActions.readSummary (D:\a\AlbumHaven\AlbumHaven\tests\e2e\actions\trackModalActions.js:213:59)
        at TrackModalActions.waitForInteractiveSummary (D:\a\AlbumHaven\AlbumHaven\tests\e2e\actions\trackModalActions.js:256:21)
        at D:\a\AlbumHaven\AlbumHaven\tests\e2e\specs\problematicFileNavigation.spec.js:101:21
        at runStep (D:\a\AlbumHaven\AlbumHaven\tests\e2e\support\baseFixtures.js:146:22)
        at D:\a\AlbumHaven\AlbumHaven\tests\e2e\specs\problematicFileNavigation.spec.js:94:3

    attachment #1: step-transcript.txt (text/plain) ────────────────────────────────────────────────
    [TEST] FTC-UTIL-PROBLEMS-011 opens the exact problematic track from album details
      [STEP] Open the persisted album directly without loading Settings first
      [FAIL] Open the persisted album directly without loading Settings first :: Cannot read properties of undefined (reading 'total') (5527 ms)
    ────────────────────────────────────────────────────────────────────────────────────────────────

    attachment #3: stacktrace.txt (text/plain) ─────────────────────────────────────────────────────
    Error 1
    TypeError: Cannot read properties of undefined (reading 'total')
        at TrackModalActions.readSummary (D:\a\AlbumHaven\AlbumHaven\tests\e2e\actions\trackModalActions.js:213:59)
        at TrackModalActions.waitForInteractiveSummary (D:\a\AlbumHaven\AlbumHaven\tests\e2e\actions\trackModalActions....
    ────────────────────────────────────────────────────────────────────────────────────────────────

    attachment #4: runtime-log.txt (text/plain) ────────────────────────────────────────────────────
    [2026-09-18T20:13:52.550Z] requestfailed/net::ERR_ABORTED: GET http://127.0.0.1:5500/cover?path=D%3A%5Ca%5C_temp%5Calbum-haven-e2e-functional-fixtures-playback-utilities%5Cshared%5Cmedia%5C!!!%5CThree%20Bangs%5Ccover.png&size=480&v=process-e10e51e7a57e241d0f5705fadcea3461
    [2026-09-18T20:13:52.551Z] ...
    ────────────────────────────────────────────────────────────────────────────────────────────────

    Error Context: ..\..\_temp\functional-output-playback-utilities\wave-01-01-playwright-config-js\problematicFileNavigation--6bb93-ic-track-from-album-details-functional\error-context.md

    attachment #7: trace (application/zip) ─────────────────────────────────────────────────────────
    ..\..\_temp\functional-output-playback-utilities\wave-01-01-playwright-config-js\problematicFileNavigation--6bb93-ic-track-from-album-details-functional\trace.zip
    Usage:

        npx playwright show-trace ..\..\_temp\functional-output-playback-utilities\wave-01-01-playwright-config-js\problematicFileNavigation--6bb93-ic-track-from-album-details-functional\trace.zip

    ────────────────────────────────────────────────────────────────────────────────────────────────

  2 failed
    [functional] › tests\e2e\specs\problematicFileNavigation.spec.js:36:1 › FTC-UTIL-PROBLEMS-011 hides dead problem actions for a generated excluded album @area:problematic-files 
    [functional] › tests\e2e\specs\problematicFileNavigation.spec.js:81:1 › FTC-UTIL-PROBLEMS-011 opens the exact problematic track from album details @area:problematic-files 
  1 passed (42.8s)

=== Playwright Summary ===
[playwright-wrapper-diagnostic] {"reason":"wrapper-child-lifecycle-mismatch","childExitCode":1,"childExitSignal":null,"childCloseCode":1,"childCloseSignal":null,"processError":null,"stopReason":"none","cleanupOutcome":"completed"}
[x] problematicFileNavigation.spec
  [x] FTC-UTIL-PROBLEMS-011 hides dead problem actions for a generated excluded album @area:problematic-files
  [x] FTC-UTIL-PROBLEMS-011 opens the exact problematic track from album details @area:problematic-files
[✓] settingsIntegrations.functional.spec
  [✓] FTC-SETTINGS-I02 Scrobbling statistics and readable Foobar help retain disabled playlist import @area:integrations

Overall: 1/3 passed
Failed tests:
- problematicFileNavigation.spec > FTC-UTIL-PROBLEMS-011 hides dead problem actions for a generated excluded album @area:problematic-files
- problematicFileNavigation.spec > FTC-UTIL-PROBLEMS-011 opens the exact problematic track from album details @area:problematic-files
[playwright-wrapper-final-decision] {"wrapperExitCode":1,"attemptReturn":{"exitCode":1,"exitReason":"wrapper-child-lifecycle-mismatch"},"fakeDatabaseCleanup":{"status":"completed","error":null,"mode":"lock-only"},"scanAppCleanup":{"status":"not-required","error":null},"isolatedAppCleanup":{"status":"completed","error":null},"tempCleanup":{"status":"completed","error":null,"removedCount":1},"passivePortDiagnostics":[{"port":5500,"status":"completed","error":null,"ownerCount":0},{"port":5502,"status":"completed","error":null,"ownerCount":0}],"finalSummary":{"phase":"run-final","status":"failed","total":3,"completed":3,"failed":2,"skipped":0,"errors":0,"listOnly":false},"exitReason":"wrapper-child-lifecycle-mismatch"}
{"restored":0,"removed":0,"unchanged":1497}
Album Haven production E2E app listening on http://127.0.0.1:5500 with 0 artists, 0 albums, 0 tracks, and provider fixtures on http://127.0.0.1:5502
2026-09-18 20:14:42,480 [INFO] music_app: Startup scan-cache hydration completed files=7200 albums=400
2026-09-18 20:14:42,481 [INFO] music_app: Legacy album exclusions migrated albums=1 removed_rules=18 created_rules=1
2026-09-18 20:14:43,032 [INFO] music_app: Relation projection startup readiness ready=true rebuilt=true reason=missing_projection builder_version=local-relation-builder-v9 source_row_count=7438 duration_ms=507.87 source_load=151.84 fingerprint=60.88 pure_build=170.25 family_link_replacement=7.76 snapshot_publication=1.71
2026-09-18 20:14:44,285 [INFO] music_app: {"action": "Index request completed", "album_count": 0, "artist_count": 0, "bootstrap_mode": "fresh_preview", "covers_in_progress": false, "elapsed_ms": 460.47, "hydrate_in_progress": false, "payload_elapsed_ms": 197.42, "query": "", "scan_in_progress": false, "selected_artist": ""}

Running 1 test using 1 worker

2026-09-18 20:15:15,792 [INFO] music_app: {"action": "Index request completed", "album_count": 0, "artist_count": 0, "bootstrap_mode": "fresh_preview", "covers_in_progress": false, "elapsed_ms": 292.64, "hydrate_in_progress": false, "payload_elapsed_ms": 164.63, "query": "", "scan_in_progress": false, "selected_artist": ""}
[TEST] FTC-UTIL-PROBLEMS-001 scopes exclusions with optimistic persistence and reload
  [STEP] Apply an album exclusion optimistically over matching legacy file-field rules
2026-09-18 20:15:18,957 [INFO] music_app: {"action": "Index request completed", "album_count": 0, "artist_count": 0, "bootstrap_mode": "fresh_preview", "covers_in_progress": false, "elapsed_ms": 269.97, "hydrate_in_progress": false, "payload_elapsed_ms": 158.83, "query": "", "scan_in_progress": false, "selected_artist": ""}
2026-09-18 20:15:23,714 [INFO] music_app: {"action": "Problem exclusion reverted", "row_key": "generated problem fixture::?::problem-album::undecoded-characters"}
  [FAIL] Apply an album exclusion optimistically over matching legacy file-field rules :: locator.click: Test timeout of 240000ms exceeded.
Call log:
  - waiting for locator('#utility-problematic-detail').getByRole('button', { name: 'Create Exception', exact: true })
    - locator resolved to <button type="button" aria-disabled="true" data-open-exclusion-confirm="1" class="button ui-button ui-button--secondary ui-button--medium utility-exception-action">…</button>
  - attempting click action
    2 × waiting for element to be visible, enabled and stable
      - element is not enabled
    - retrying click action
    - waiting 20ms
    2 × waiting for element to be visible, enabled and stable
      - element is not enabled
    - retrying click action
      - waiting 100ms
    451 × waiting for element to be visible, enabled and stable
        - element is not enabled
      - retrying click action
        - waiting 500ms
 (240610 ms)
  x  1 [functional] › tests\e2e\specs\problematicFileNavigation.spec.js:185:1 › FTC-UTIL-PROBLEMS-001 scopes exclusions with optimistic persistence and reload @area:problematic-files (4.0m)
[album-haven-playwright-result] {"version":1,"phase":"tests-complete","nonce":"d691c79f0f21899cc8b127e442f97bd6d73b3c1195aaa2585998c3990f04a1db","status":"failed","total":1,"completed":1,"failed":1,"skipped":0,"errors":0}
[playwright-wrapper-failure-latched] {"phase":"tests-complete","status":"failed","total":1,"completed":1,"failed":1,"skipped":0,"errors":0}



[album-haven-playwright-result] {"version":1,"phase":"run-final","nonce":"d691c79f0f21899cc8b127e442f97bd6d73b3c1195aaa2585998c3990f04a1db","status":"failed","total":1,"completed":1,"failed":1,"skipped":0,"errors":0}

  1) [functional] › tests\e2e\specs\problematicFileNavigation.spec.js:185:1 › FTC-UTIL-PROBLEMS-001 scopes exclusions with optimistic persistence and reload @area:problematic-files 

    Test timeout of 240000ms exceeded.

    Error: page.setViewportSize: Target page, context or browser has been closed

      585 |   expect(await utilityProblematicFilesActions.readTagRepairErrorToastCount()).toBe(0);
      586 |   } finally {
    > 587 |     await page.setViewportSize({ width: 1440, height: 960 });
          |                ^
      588 |     await page.reload({ waitUntil: 'domcontentloaded' });
      589 |     await galleryActions.waitForGalleryReady();
      590 |     await settingsModalAppBarActions.openSettings();
        at D:\a\AlbumHaven\AlbumHaven\tests\e2e\specs\problematicFileNavigation.spec.js:587:16

    attachment #1: step-transcript.txt (text/plain) ────────────────────────────────────────────────
    [TEST] FTC-UTIL-PROBLEMS-001 scopes exclusions with optimistic persistence and reload
      [STEP] Apply an album exclusion optimistically over matching legacy file-field rules
    ────────────────────────────────────────────────────────────────────────────────────────────────

    attachment #2: stacktrace.txt (text/plain) ─────────────────────────────────────────────────────
    Error 1
    Test timeout of 240000ms exceeded.
    ────────────────────────────────────────────────────────────────────────────────────────────────

    attachment #3: runtime-log.txt (text/plain) ────────────────────────────────────────────────────
    [2026-09-18T20:15:21.775Z] requestfailed/net::ERR_ABORTED: GET http://127.0.0.1:5500/cover?path=D%3A%5Ca%5C_temp%5Calbum-haven-e2e-functional-fixtures-playback-utilities%5Cshared%5Cmedia%5CProgressive%20Projects%5CFlower%20Kings%20Family%5CAgents%20Of%20Mercy%5CFunctional%20Fixture%20Album%20329%5Cc...
    ────────────────────────────────────────────────────────────────────────────────────────────────

    Error Context: ..\..\_temp\functional-output-playback-utilities\wave-01-02-playwright-config-js\problematicFileNavigation--00ba5-stic-persistence-and-reload-functional\error-context.md

    attachment #6: trace (application/zip) ─────────────────────────────────────────────────────────
    ..\..\_temp\functional-output-playback-utilities\wave-01-02-playwright-config-js\problematicFileNavigation--00ba5-stic-persistence-and-reload-functional\trace.zip
    Usage:

        npx playwright show-trace ..\..\_temp\functional-output-playback-utilities\wave-01-02-playwright-config-js\problematicFileNavigation--00ba5-stic-persistence-and-reload-functional\trace.zip

    ────────────────────────────────────────────────────────────────────────────────────────────────

  1 failed
    [functional] › tests\e2e\specs\problematicFileNavigation.spec.js:185:1 › FTC-UTIL-PROBLEMS-001 scopes exclusions with optimistic persistence and reload @area:problematic-files 

=== Playwright Summary ===
[x] problematicFileNavigation.spec
  [x] FTC-UTIL-PROBLEMS-001 scopes exclusions with optimistic persistence and reload @area:problematic-files (4.0m)

Overall: 0/1 passed
Failed tests:
- problematicFileNavigation.spec > FTC-UTIL-PROBLEMS-001 scopes exclusions with optimistic persistence and reload @area:problematic-files (4.0m)
[playwright-wrapper-diagnostic] {"reason":"wrapper-child-lifecycle-mismatch","childExitCode":1,"childExitSignal":null,"childCloseCode":1,"childCloseSignal":null,"processError":null,"stopReason":"none","cleanupOutcome":"completed"}
[playwright-wrapper-final-decision] {"wrapperExitCode":1,"attemptReturn":{"exitCode":1,"exitReason":"wrapper-child-lifecycle-mismatch"},"fakeDatabaseCleanup":{"status":"completed","error":null,"mode":"lock-only"},"scanAppCleanup":{"status":"not-required","error":null},"isolatedAppCleanup":{"status":"completed","error":null},"tempCleanup":{"status":"completed","error":null,"removedCount":1},"passivePortDiagnostics":[{"port":5500,"status":"completed","error":null,"ownerCount":0},{"port":5502,"status":"completed","error":null,"ownerCount":0}],"finalSummary":{"phase":"run-final","status":"failed","total":1,"completed":1,"failed":1,"skipped":0,"errors":0,"listOnly":false},"exitReason":"wrapper-child-lifecycle-mismatch"}
{"restored":0,"removed":0,"unchanged":1497}
Album Haven production E2E app listening on http://127.0.0.1:5500 with 0 artists, 0 albums, 0 tracks, and provider fixtures on http://127.0.0.1:5502
2026-09-18 20:19:48,582 [INFO] music_app: Startup scan-cache hydration completed files=7200 albums=400
2026-09-18 20:19:48,582 [INFO] music_app: Legacy album exclusions migrated albums=1 removed_rules=18 created_rules=1
2026-09-18 20:19:49,074 [INFO] music_app: Relation projection startup readiness ready=true rebuilt=true reason=missing_projection builder_version=local-relation-builder-v9 source_row_count=7438 duration_ms=456.39 source_load=141.82 fingerprint=58.02 pure_build=146.17 family_link_replacement=7.64 snapshot_publication=1.68
2026-09-18 20:19:50,353 [INFO] music_app: {"action": "Index request completed", "album_count": 0, "artist_count": 0, "bootstrap_mode": "fresh_preview", "covers_in_progress": false, "elapsed_ms": 534.12, "hydrate_in_progress": false, "payload_elapsed_ms": 283.32, "query": "", "scan_in_progress": false, "selected_artist": ""}

Running 1 test using 1 worker

2026-09-18 20:20:16,556 [INFO] music_app: {"action": "Index request completed", "album_count": 0, "artist_count": 0, "bootstrap_mode": "fresh_preview", "covers_in_progress": false, "elapsed_ms": 281.08, "hydrate_in_progress": false, "payload_elapsed_ms": 153.06, "query": "", "scan_in_progress": false, "selected_artist": ""}
[TEST] FTC-TAGS-024 completes a verified Album and Exception intent during app restart
  [STEP] Stage the exact crash boundary after file verification and before Postgres publication
  [PASS] Stage the exact crash boundary after file verification and before Postgres publication (937 ms)
  [STEP] Restart the production app and reconcile the unfinished intent before hydration
Album Haven production E2E app listening on http://127.0.0.1:5500 with 0 artists, 0 albums, 0 tracks, and provider fixtures on http://127.0.0.1:5502
2026-09-18 20:20:25,956 [INFO] music_app: Tag edit recovery completed completed=1 rolled_back=0 external=0 failed=0
2026-09-18 20:20:27,174 [INFO] music_app: Startup scan-cache hydration completed files=7200 albums=400
2026-09-18 20:20:28,440 [INFO] music_app: {"action": "Index request completed", "album_count": 0, "artist_count": 0, "bootstrap_mode": "fresh_preview", "covers_in_progress": false, "elapsed_ms": 473.73, "hydrate_in_progress": false, "payload_elapsed_ms": 238.34, "query": "", "scan_in_progress": false, "selected_artist": ""}
2026-09-18 20:20:45,755 [INFO] music_app: {"action": "Index request completed", "album_count": 0, "artist_count": 0, "bootstrap_mode": "fresh_preview", "covers_in_progress": false, "elapsed_ms": 282.12, "hydrate_in_progress": false, "payload_elapsed_ms": 212.49, "query": "", "scan_in_progress": false, "selected_artist": "E2E Rarity Artist"}
  [PASS] Restart the production app and reconcile the unfinished intent before hydration (27733 ms)
  [STEP] Expose the recovered physical Album and app-owned Exception through Loose Tracks
  [PASS] Expose the recovered physical Album and app-owned Exception through Loose Tracks (959 ms)
  [STEP] Clear the recovered Exception and publish the recovered album card
2026-09-18 20:20:49,627 [INFO] music_app: {"action": "Tags edited", "album": "", "artist": "", "file_count": 1, "files": ["D:\\a\\_temp\\album-haven-e2e-functional-fixtures-playback-utilities\\shared\\media\\E2E Rarity Artist\\Two Track Rarity Fixture\\02 - Remain Editable.mp3"]}
2026-09-18 20:20:50,956 [INFO] music_app: {"action": "Index request completed", "album_count": 0, "artist_count": 0, "bootstrap_mode": "fresh_preview", "covers_in_progress": false, "elapsed_ms": 403.52, "hydrate_in_progress": false, "payload_elapsed_ms": 330.29, "query": "", "scan_in_progress": false, "selected_artist": "E2E Rarity Artist"}
  [PASS] Clear the recovered Exception and publish the recovered album card (3380 ms)
  [STEP] Restore the generated track to its original album through Edit Tags
  [FAIL] Restore the generated track to its original album through Edit Tags :: Cannot read properties of undefined (reading 'total') (690 ms)
  x  1 [functional] › tests\e2e\specs\nonAlbumRarity.spec.js:999:1 › FTC-TAGS-024 completes a verified Album and Exception intent during app restart @area:tag-edit (35.0s)
[playwright-wrapper-failure-latched] {"phase":"tests-complete","status":"failed","total":1,"completed":1,"failed":1,"skipped":0,"errors":0}
[album-haven-playwright-result] {"version":1,"phase":"tests-complete","nonce":"e83a05d3bd95e6d970135887baa8e960ff380a43a62a76ef0f78e0fd0893070e","status":"failed","total":1,"completed":1,"failed":1,"skipped":0,"errors":0}



[album-haven-playwright-result] {"version":1,"phase":"run-final","nonce":"e83a05d3bd95e6d970135887baa8e960ff380a43a62a76ef0f78e0fd0893070e","status":"failed","total":1,"completed":1,"failed":1,"skipped":0,"errors":0}

  1) [functional] › tests\e2e\specs\nonAlbumRarity.spec.js:999:1 › FTC-TAGS-024 completes a verified Album and Exception intent during app restart @area:tag-edit 

    TypeError: Cannot read properties of undefined (reading 'total')

       at ..\actions\trackModalActions.js:213

      211 |       subtitle: String(await this.trackModal.subtitle.textContent() || '').trim(),
      212 |       footer: String(await this.trackModal.footer.textContent() || '').trim(),
    > 213 |       total: String(await this.trackModal.albumTrackTable.total.textContent() || '').trim(),
          |                                                           ^
      214 |       playButtons: await this.trackModal.playButtons.count(),
      215 |       trackRows: await this.trackModal.trackRows.count(),
      216 |       coverLoaded,
        at TrackModalActions.readSummary (D:\a\AlbumHaven\AlbumHaven\tests\e2e\actions\trackModalActions.js:213:59)
        at TrackModalActions.waitForInteractiveSummary (D:\a\AlbumHaven\AlbumHaven\tests\e2e\actions\trackModalActions.js:256:21)
        at TagEditorActions.openForAlbum (D:\a\AlbumHaven\AlbumHaven\tests\e2e\actions\tagEditorActions.js:28:5)
        at D:\a\AlbumHaven\AlbumHaven\tests\e2e\specs\nonAlbumRarity.spec.js:1082:5
        at runStep (D:\a\AlbumHaven\AlbumHaven\tests\e2e\support\baseFixtures.js:146:22)
        at D:\a\AlbumHaven\AlbumHaven\tests\e2e\specs\nonAlbumRarity.spec.js:1081:3

    attachment #1: step-transcript.txt (text/plain) ────────────────────────────────────────────────
    [TEST] FTC-TAGS-024 completes a verified Album and Exception intent during app restart
      [STEP] Stage the exact crash boundary after file verification and before Postgres publication
      [PASS] Stage the exact crash boundary after file verification and before Postgres publication (937 ms)
      [STEP] Res...
    ────────────────────────────────────────────────────────────────────────────────────────────────

    attachment #3: stacktrace.txt (text/plain) ─────────────────────────────────────────────────────
    Error 1
    TypeError: Cannot read properties of undefined (reading 'total')
        at TrackModalActions.readSummary (D:\a\AlbumHaven\AlbumHaven\tests\e2e\actions\trackModalActions.js:213:59)
        at TrackModalActions.waitForInteractiveSummary (D:\a\AlbumHaven\AlbumHaven\tests\e2e\actions\trackModalActions....
    ────────────────────────────────────────────────────────────────────────────────────────────────

    attachment #4: runtime-log.txt (text/plain) ────────────────────────────────────────────────────
    No runtime logs captured.
    ────────────────────────────────────────────────────────────────────────────────────────────────

    Error Context: ..\..\_temp\functional-output-playback-utilities\wave-01-03-playwright-config-js\nonAlbumRarity-FTC-TAGS-02-f5f57-n-intent-during-app-restart-functional\error-context.md

    attachment #7: trace (application/zip) ─────────────────────────────────────────────────────────
    ..\..\_temp\functional-output-playback-utilities\wave-01-03-playwright-config-js\nonAlbumRarity-FTC-TAGS-02-f5f57-n-intent-during-app-restart-functional\trace.zip
    Usage:

        npx playwright show-trace ..\..\_temp\functional-output-playback-utilities\wave-01-03-playwright-config-js\nonAlbumRarity-FTC-TAGS-02-f5f57-n-intent-during-app-restart-functional\trace.zip

    ────────────────────────────────────────────────────────────────────────────────────────────────

  1 failed
    [functional] › tests\e2e\specs\nonAlbumRarity.spec.js:999:1 › FTC-TAGS-024 completes a verified Album and Exception intent during app restart @area:tag-edit 

=== Playwright Summary ===
[x] nonAlbumRarity.spec
  [x] FTC-TAGS-024 completes a verified Album and Exception intent during app restart @area:tag-edit

Overall: 0/1 passed
Failed tests:
- nonAlbumRarity.spec > FTC-TAGS-024 completes a verified Album and Exception intent during app restart @area:tag-edit
[playwright-wrapper-diagnostic] {"reason":"wrapper-child-lifecycle-mismatch","childExitCode":1,"childExitSignal":null,"childCloseCode":1,"childCloseSignal":null,"processError":null,"stopReason":"none","cleanupOutcome":"completed"}
[playwright-wrapper-final-decision] {"wrapperExitCode":1,"attemptReturn":{"exitCode":1,"exitReason":"wrapper-child-lifecycle-mismatch"},"fakeDatabaseCleanup":{"status":"completed","error":null,"mode":"lock-only"},"scanAppCleanup":{"status":"not-required","error":null},"isolatedAppCleanup":{"status":"completed","error":null},"tempCleanup":{"status":"completed","error":null,"removedCount":1},"passivePortDiagnostics":[{"port":5500,"status":"completed","error":null,"ownerCount":0},{"port":5502,"status":"completed","error":null,"ownerCount":0}],"finalSummary":{"phase":"run-final","status":"failed","total":1,"completed":1,"failed":1,"skipped":0,"errors":0,"listOnly":false},"exitReason":"wrapper-child-lifecycle-mismatch"}
{"restored":1,"removed":0,"unchanged":1496}
Album Haven production E2E app listening on http://127.0.0.1:5500 with 0 artists, 0 albums, 0 tracks, and provider fixtures on http://127.0.0.1:5502
2026-09-18 20:21:24,552 [INFO] music_app: Startup scan-cache hydration completed files=7200 albums=400
2026-09-18 20:21:24,552 [INFO] music_app: Legacy album exclusions migrated albums=1 removed_rules=18 created_rules=1
2026-09-18 20:21:25,050 [INFO] music_app: Relation projection startup readiness ready=true rebuilt=true reason=missing_projection builder_version=local-relation-builder-v9 source_row_count=7438 duration_ms=462.71 source_load=134.79 fingerprint=66.36 pure_build=148.29 family_link_replacement=7.66 snapshot_publication=1.67
2026-09-18 20:21:26,472 [INFO] music_app: {"action": "Index request completed", "album_count": 0, "artist_count": 0, "bootstrap_mode": "fresh_preview", "covers_in_progress": false, "elapsed_ms": 482.3, "hydrate_in_progress": false, "payload_elapsed_ms": 277.28, "query": "", "scan_in_progress": false, "selected_artist": ""}

Running 1 test using 1 worker

2026-09-18 20:21:52,155 [INFO] music_app: {"action": "Index request completed", "album_count": 0, "artist_count": 0, "bootstrap_mode": "fresh_preview", "covers_in_progress": false, "elapsed_ms": 281.93, "hydrate_in_progress": false, "payload_elapsed_ms": 160.09, "query": "", "scan_in_progress": false, "selected_artist": ""}
[TEST] FTC-UTIL-LOOPS-021 / FTC-UTIL-LOOPS-023 / FTC-UTIL-LOOPS-024 / FTC-UTIL-LOOPS-026 / FTC-PLAYER-017 / FTC-PLAYER-011 fake-data bottom-player loop save and Utility Loops playback stay grouped under one track
  [STEP] Open the fake-data gallery and wait for the initial view to settle
2026-09-18 20:21:55,156 [INFO] music_app: {"action": "Index request completed", "album_count": 0, "artist_count": 0, "bootstrap_mode": "fresh_preview", "covers_in_progress": false, "elapsed_ms": 269.37, "hydrate_in_progress": false, "payload_elapsed_ms": 145.11, "query": "", "scan_in_progress": false, "selected_artist": ""}
  [PASS] Open the fake-data gallery and wait for the initial view to settle (2790 ms)
  [STEP] Prove the no-track scissors is natively disabled without a busy cursor or callback
  [PASS] Prove the no-track scissors is natively disabled without a busy cursor or callback (656 ms)
  [STEP] Select the exact signed journey album and start its fake loop source track
  [FAIL] Select the exact signed journey album and start its fake loop source track :: Cannot read properties of undefined (reading 'total') (1615 ms)
  x  1 [functional] › tests\e2e\specs\loops.functional.spec.js:182:1 › FTC-UTIL-LOOPS-021 / FTC-UTIL-LOOPS-023 / FTC-UTIL-LOOPS-024 / FTC-UTIL-LOOPS-026 / FTC-PLAYER-017 / FTC-PLAYER-011 fake-data bottom-player loop save and Utility Loops playback stay grouped under one track @area:loops (6.1s)
[playwright-wrapper-failure-latched] {"phase":"tests-complete","status":"failed","total":1,"completed":1,"failed":1,"skipped":0,"errors":0}
[album-haven-playwright-result] {"version":1,"phase":"tests-complete","nonce":"b13bdfceb09732d4c310d31ebdd29069dca6fad1bc2e39a14d89b5904777cb3b","status":"failed","total":1,"completed":1,"failed":1,"skipped":0,"errors":0}



[album-haven-playwright-result] {"version":1,"phase":"run-final","nonce":"b13bdfceb09732d4c310d31ebdd29069dca6fad1bc2e39a14d89b5904777cb3b","status":"failed","total":1,"completed":1,"failed":1,"skipped":0,"errors":0}

  1) [functional] › tests\e2e\specs\loops.functional.spec.js:182:1 › FTC-UTIL-LOOPS-021 / FTC-UTIL-LOOPS-023 / FTC-UTIL-LOOPS-024 / FTC-UTIL-LOOPS-026 / FTC-PLAYER-017 / FTC-PLAYER-011 fake-data bottom-player loop save and Utility Loops playback stay grouped under one track @area:loops 

    TypeError: Cannot read properties of undefined (reading 'total')

       at ..\actions\trackModalActions.js:213

      211 |       subtitle: String(await this.trackModal.subtitle.textContent() || '').trim(),
      212 |       footer: String(await this.trackModal.footer.textContent() || '').trim(),
    > 213 |       total: String(await this.trackModal.albumTrackTable.total.textContent() || '').trim(),
          |                                                           ^
      214 |       playButtons: await this.trackModal.playButtons.count(),
      215 |       trackRows: await this.trackModal.trackRows.count(),
      216 |       coverLoaded,
        at TrackModalActions.readSummary (D:\a\AlbumHaven\AlbumHaven\tests\e2e\actions\trackModalActions.js:213:59)
        at TrackModalActions.waitForLoadedSummary (D:\a\AlbumHaven\AlbumHaven\tests\e2e\actions\trackModalActions.js:246:21)
        at D:\a\AlbumHaven\AlbumHaven\tests\e2e\specs\loops.functional.spec.js:236:19
        at runStep (D:\a\AlbumHaven\AlbumHaven\tests\e2e\support\baseFixtures.js:146:22)
        at D:\a\AlbumHaven\AlbumHaven\tests\e2e\specs\loops.functional.spec.js:233:3

    attachment #1: step-transcript.txt (text/plain) ────────────────────────────────────────────────
    [TEST] FTC-UTIL-LOOPS-021 / FTC-UTIL-LOOPS-023 / FTC-UTIL-LOOPS-024 / FTC-UTIL-LOOPS-026 / FTC-PLAYER-017 / FTC-PLAYER-011 fake-data bottom-player loop save and Utility Loops playback stay grouped under one track
      [STEP] Open the fake-data gallery and wait for the initial view to settle
      [PASS] Op...
    ────────────────────────────────────────────────────────────────────────────────────────────────

    attachment #3: stacktrace.txt (text/plain) ─────────────────────────────────────────────────────
    Error 1
    TypeError: Cannot read properties of undefined (reading 'total')
        at TrackModalActions.readSummary (D:\a\AlbumHaven\AlbumHaven\tests\e2e\actions\trackModalActions.js:213:59)
        at TrackModalActions.waitForLoadedSummary (D:\a\AlbumHaven\AlbumHaven\tests\e2e\actions\trackModalActions.js:24...
    ────────────────────────────────────────────────────────────────────────────────────────────────

    attachment #4: runtime-log.txt (text/plain) ────────────────────────────────────────────────────
    [2026-09-18T20:21:59.123Z] requestfailed/net::ERR_ABORTED: GET http://127.0.0.1:5500/cover?path=D%3A%5Ca%5C_temp%5Calbum-haven-e2e-functional-fixtures-playback-utilities%5Cshared%5Cmedia%5CAlbum%20Rating%20Contract%5CRating%20Import%20Candidate%5Ccover.png&size=480&v=process-7635f028c9fb24595927995f...
    ────────────────────────────────────────────────────────────────────────────────────────────────

    Error Context: ..\..\_temp\functional-output-playback-utilities\wave-02-04-playwright-config-js\loops.functional-FTC-UTIL--1d25d-tay-grouped-under-one-track-functional\error-context.md

    attachment #7: trace (application/zip) ─────────────────────────────────────────────────────────
    ..\..\_temp\functional-output-playback-utilities\wave-02-04-playwright-config-js\loops.functional-FTC-UTIL--1d25d-tay-grouped-under-one-track-functional\trace.zip
    Usage:

        npx playwright show-trace ..\..\_temp\functional-output-playback-utilities\wave-02-04-playwright-config-js\loops.functional-FTC-UTIL--1d25d-tay-grouped-under-one-track-functional\trace.zip

    ────────────────────────────────────────────────────────────────────────────────────────────────

  1 failed
    [functional] › tests\e2e\specs\loops.functional.spec.js:182:1 › FTC-UTIL-LOOPS-021 / FTC-UTIL-LOOPS-023 / FTC-UTIL-LOOPS-024 / FTC-UTIL-LOOPS-026 / FTC-PLAYER-017 / FTC-PLAYER-011 fake-data bottom-player loop save and Utility Loops playback stay grouped under one track @area:loops 

=== Playwright Summary ===
[x] loops.functional.spec
  [x] FTC-UTIL-LOOPS-021 / FTC-UTIL-LOOPS-023 / FTC-UTIL-LOOPS-024 / FTC-UTIL-LOOPS-026 / FTC-PLAYER-017 / FTC-PLAYER-011 fake-data bottom-player loop save and Utility Loops playback stay grouped under one track @area:loops

Overall: 0/1 passed
Failed tests:
- loops.functional.spec > FTC-UTIL-LOOPS-021 / FTC-UTIL-LOOPS-023 / FTC-UTIL-LOOPS-024 / FTC-UTIL-LOOPS-026 / FTC-PLAYER-017 / FTC-PLAYER-011 fake-data bottom-player loop save and Utility Loops playback stay grouped under one track @area:loops
[playwright-wrapper-diagnostic] {"reason":"wrapper-child-lifecycle-mismatch","childExitCode":1,"childExitSignal":null,"childCloseCode":1,"childCloseSignal":null,"processError":null,"stopReason":"none","cleanupOutcome":"completed"}
[playwright-wrapper-final-decision] {"wrapperExitCode":1,"attemptReturn":{"exitCode":1,"exitReason":"wrapper-child-lifecycle-mismatch"},"fakeDatabaseCleanup":{"status":"completed","error":null,"mode":"lock-only"},"scanAppCleanup":{"status":"not-required","error":null},"isolatedAppCleanup":{"status":"completed","error":null},"tempCleanup":{"status":"completed","error":null,"removedCount":1},"passivePortDiagnostics":[{"port":5500,"status":"completed","error":null,"ownerCount":0},{"port":5502,"status":"completed","error":null,"ownerCount":0}],"finalSummary":{"phase":"run-final","status":"failed","total":1,"completed":1,"failed":1,"skipped":0,"errors":0,"listOnly":false},"exitReason":"wrapper-child-lifecycle-mismatch"}
{"restored":0,"removed":0,"unchanged":1497}
Album Haven production E2E app listening on http://127.0.0.1:5500 with 0 artists, 0 albums, 0 tracks, and provider fixtures on http://127.0.0.1:5502
2026-09-18 20:22:33,140 [INFO] music_app: Startup scan-cache hydration completed files=7200 albums=400
2026-09-18 20:22:33,140 [INFO] music_app: Legacy album exclusions migrated albums=1 removed_rules=18 created_rules=1
2026-09-18 20:22:33,639 [INFO] music_app: Relation projection startup readiness ready=true rebuilt=true reason=missing_projection builder_version=local-relation-builder-v9 source_row_count=7438 duration_ms=462.30 source_load=137.64 fingerprint=59.74 pure_build=152.01 family_link_replacement=7.82 snapshot_publication=1.68
2026-09-18 20:22:34,863 [INFO] music_app: {"action": "Index request completed", "album_count": 0, "artist_count": 0, "bootstrap_mode": "fresh_preview", "covers_in_progress": false, "elapsed_ms": 415.39, "hydrate_in_progress": false, "payload_elapsed_ms": 173.46, "query": "", "scan_in_progress": false, "selected_artist": ""}

Running 1 test using 1 worker

2026-09-18 20:23:01,161 [INFO] music_app: {"action": "Index request completed", "album_count": 0, "artist_count": 0, "bootstrap_mode": "fresh_preview", "covers_in_progress": false, "elapsed_ms": 282.13, "hydrate_in_progress": false, "payload_elapsed_ms": 157.46, "query": "", "scan_in_progress": false, "selected_artist": ""}
2026-09-18 20:23:04,165 [INFO] music_app: {"action": "Index request completed", "album_count": 0, "artist_count": 0, "bootstrap_mode": "fresh_preview", "covers_in_progress": false, "elapsed_ms": 260.99, "hydrate_in_progress": false, "payload_elapsed_ms": 150.67, "query": "", "scan_in_progress": false, "selected_artist": ""}
  x  1 [functional] › tests\e2e\specs\loops.functional.spec.js:122:1 › FTC-SETTINGS-L02 native panel drag persists order while another loop retains playback and its pending range @area:loops (18.3s)
[playwright-wrapper-failure-latched] {"phase":"tests-complete","status":"failed","total":1,"completed":1,"failed":1,"skipped":0,"errors":0}
[album-haven-playwright-result] {"version":1,"phase":"tests-complete","nonce":"b514d751d6fe12555686f5c1428f1c7e7ad29e79ea81bac63c1a7175a0468013","status":"failed","total":1,"completed":1,"failed":1,"skipped":0,"errors":0}



[album-haven-playwright-result] {"version":1,"phase":"run-final","nonce":"b514d751d6fe12555686f5c1428f1c7e7ad29e79ea81bac63c1a7175a0468013","status":"failed","total":1,"completed":1,"failed":1,"skipped":0,"errors":0}

  1) [functional] › tests\e2e\specs\loops.functional.spec.js:122:1 › FTC-SETTINGS-L02 native panel drag persists order while another loop retains playback and its pending range @area:loops 

    Error: expect(locator).toHaveCSS(expected) failed

    Locator:  locator('[data-loop-action-owner="global-player"]').getByRole('button', { name: 'Create loop', exact: true })
    Expected: "rgb(74, 222, 128)"
    Received: "rgb(52, 211, 153)"
    Timeout:  10000ms

    Call log:
      - Expect "toHaveCSS" with timeout 10000ms
      - waiting for locator('[data-loop-action-owner="global-player"]').getByRole('button', { name: 'Create loop', exact: true })
        24 × locator resolved to <button tabindex="0" type="button" title="Create loop" aria-disabled="false" aria-label="Create loop" data-loop-action="create" class="loop-edit-action loop-edit-action-create">…</button>
           - unexpected value "rgb(52, 211, 153)"


       at ..\actions\globalPlayerActions.js:591

      589 |     } else if (target === 'create') {
      590 |       const themedPlayerInk = await this.globalPlayer.readThemedPlayerInkColor();
    > 591 |       await expect(locator).toHaveCSS(
          |                             ^
      592 |         'color',
      593 |         themedPlayerInk.active ? themedPlayerInk.color : 'rgb(74, 222, 128)',
      594 |       );
        at GlobalPlayerActions.hoverLoopAction (D:\a\AlbumHaven\AlbumHaven\tests\e2e\actions\globalPlayerActions.js:591:29)
        at GlobalPlayerActions.openLoopNameDialog (D:\a\AlbumHaven\AlbumHaven\tests\e2e\actions\globalPlayerActions.js:896:5)
        at GlobalPlayerActions.saveLoopWithName (D:\a\AlbumHaven\AlbumHaven\tests\e2e\actions\globalPlayerActions.js:967:5)
        at D:\a\AlbumHaven\AlbumHaven\tests\e2e\specs\loops.functional.spec.js:136:13

    Error Context: ..\..\_temp\functional-output-playback-utilities\wave-02-05-playwright-config-js\loops.functional-FTC-SETTI-a7a81-yback-and-its-pending-range-functional\error-context.md

    attachment #2: trace (application/zip) ─────────────────────────────────────────────────────────
    ..\..\_temp\functional-output-playback-utilities\wave-02-05-playwright-config-js\loops.functional-FTC-SETTI-a7a81-yback-and-its-pending-range-functional\trace.zip
    Usage:

        npx playwright show-trace ..\..\_temp\functional-output-playback-utilities\wave-02-05-playwright-config-js\loops.functional-FTC-SETTI-a7a81-yback-and-its-pending-range-functional\trace.zip

    ────────────────────────────────────────────────────────────────────────────────────────────────

  1 failed
    [functional] › tests\e2e\specs\loops.functional.spec.js:122:1 › FTC-SETTINGS-L02 native panel drag persists order while another loop retains playback and its pending range @area:loops 

=== Playwright Summary ===
[playwright-wrapper-diagnostic] {"reason":"wrapper-child-lifecycle-mismatch","childExitCode":1,"childExitSignal":null,"childCloseCode":1,"childCloseSignal":null,"processError":null,"stopReason":"none","cleanupOutcome":"completed"}
[x] loops.functional.spec
  [x] FTC-SETTINGS-L02 native panel drag persists order while another loop retains playback and its pending range @area:loops

Overall: 0/1 passed
Failed tests:
- loops.functional.spec > FTC-SETTINGS-L02 native panel drag persists order while another loop retains playback and its pending range @area:loops
[playwright-wrapper-final-decision] {"wrapperExitCode":1,"attemptReturn":{"exitCode":1,"exitReason":"wrapper-child-lifecycle-mismatch"},"fakeDatabaseCleanup":{"status":"completed","error":null,"mode":"lock-only"},"scanAppCleanup":{"status":"not-required","error":null},"isolatedAppCleanup":{"status":"completed","error":null},"tempCleanup":{"status":"completed","error":null,"removedCount":1},"passivePortDiagnostics":[{"port":5500,"status":"completed","error":null,"ownerCount":0},{"port":5502,"status":"completed","error":null,"ownerCount":0}],"finalSummary":{"phase":"run-final","status":"failed","total":1,"completed":1,"failed":1,"skipped":0,"errors":0,"listOnly":false},"exitReason":"wrapper-child-lifecycle-mismatch"}
{"restored":0,"removed":0,"unchanged":1497}
Album Haven production E2E app listening on http://127.0.0.1:5500 with 0 artists, 0 albums, 0 tracks, and provider fixtures on http://127.0.0.1:5502
2026-09-18 20:23:52,138 [INFO] music_app: Startup scan-cache hydration completed files=7200 albums=400
2026-09-18 20:23:52,138 [INFO] music_app: Legacy album exclusions migrated albums=1 removed_rules=18 created_rules=1
2026-09-18 20:23:52,625 [INFO] music_app: Relation projection startup readiness ready=true rebuilt=true reason=missing_projection builder_version=local-relation-builder-v9 source_row_count=7438 duration_ms=451.13 source_load=135.16 fingerprint=57.60 pure_build=145.51 family_link_replacement=8.06 snapshot_publication=1.78
2026-09-18 20:23:53,848 [INFO] music_app: {"action": "Index request completed", "album_count": 0, "artist_count": 0, "bootstrap_mode": "fresh_preview", "covers_in_progress": false, "elapsed_ms": 413.12, "hydrate_in_progress": false, "payload_elapsed_ms": 176.68, "query": "", "scan_in_progress": false, "selected_artist": ""}

Running 1 test using 1 worker

2026-09-18 20:24:19,230 [INFO] music_app: {"action": "Index request completed", "album_count": 0, "artist_count": 0, "bootstrap_mode": "fresh_preview", "covers_in_progress": false, "elapsed_ms": 298.33, "hydrate_in_progress": false, "payload_elapsed_ms": 175.02, "query": "", "scan_in_progress": false, "selected_artist": ""}
2026-09-18 20:24:22,385 [INFO] music_app: {"action": "Index request completed", "album_count": 0, "artist_count": 0, "bootstrap_mode": "fresh_preview", "covers_in_progress": false, "elapsed_ms": 256.91, "hydrate_in_progress": false, "payload_elapsed_ms": 139.23, "query": "", "scan_in_progress": false, "selected_artist": ""}
  x  1 [functional] › tests\e2e\specs\loops.functional.spec.js:69:1 › FTC-SETTINGS-H03 real log download matches the displayed captured snapshot @area:log-history (18.8s)
[album-haven-playwright-result] {"version":1,"phase":"tests-complete","nonce":"140a54e8f76d6e8a8397ed7e6166e324b2007adf604ae935e0a494628d783c9d","status":"failed","total":1,"completed":1,"failed":1,"skipped":0,"errors":0}
[playwright-wrapper-failure-latched] {"phase":"tests-complete","status":"failed","total":1,"completed":1,"failed":1,"skipped":0,"errors":0}



[album-haven-playwright-result] {"version":1,"phase":"run-final","nonce":"140a54e8f76d6e8a8397ed7e6166e324b2007adf604ae935e0a494628d783c9d","status":"failed","total":1,"completed":1,"failed":1,"skipped":0,"errors":0}

  1) [functional] › tests\e2e\specs\loops.functional.spec.js:69:1 › FTC-SETTINGS-H03 real log download matches the displayed captured snapshot @area:log-history 

    Error: expect(locator).toHaveCSS(expected) failed

    Locator:  locator('[data-loop-action-owner="global-player"]').getByRole('button', { name: 'Create loop', exact: true })
    Expected: "rgb(74, 222, 128)"
    Received: "rgb(52, 211, 153)"
    Timeout:  10000ms

    Call log:
      - Expect "toHaveCSS" with timeout 10000ms
      - waiting for locator('[data-loop-action-owner="global-player"]').getByRole('button', { name: 'Create loop', exact: true })
        24 × locator resolved to <button tabindex="0" type="button" title="Create loop" aria-disabled="false" aria-label="Create loop" data-loop-action="create" class="loop-edit-action loop-edit-action-create">…</button>
           - unexpected value "rgb(52, 211, 153)"


       at ..\actions\globalPlayerActions.js:591

      589 |     } else if (target === 'create') {
      590 |       const themedPlayerInk = await this.globalPlayer.readThemedPlayerInkColor();
    > 591 |       await expect(locator).toHaveCSS(
          |                             ^
      592 |         'color',
      593 |         themedPlayerInk.active ? themedPlayerInk.color : 'rgb(74, 222, 128)',
      594 |       );
        at GlobalPlayerActions.hoverLoopAction (D:\a\AlbumHaven\AlbumHaven\tests\e2e\actions\globalPlayerActions.js:591:29)
        at GlobalPlayerActions.openLoopNameDialog (D:\a\AlbumHaven\AlbumHaven\tests\e2e\actions\globalPlayerActions.js:896:5)
        at GlobalPlayerActions.saveLoopWithName (D:\a\AlbumHaven\AlbumHaven\tests\e2e\actions\globalPlayerActions.js:967:5)
        at D:\a\AlbumHaven\AlbumHaven\tests\e2e\specs\loops.functional.spec.js:82:11

    Error Context: ..\..\_temp\functional-output-playback-utilities\wave-02-06-playwright-config-js\loops.functional-FTC-SETTI-2a570-displayed-captured-snapshot-functional\error-context.md

    attachment #2: trace (application/zip) ─────────────────────────────────────────────────────────
    ..\..\_temp\functional-output-playback-utilities\wave-02-06-playwright-config-js\loops.functional-FTC-SETTI-2a570-displayed-captured-snapshot-functional\trace.zip
    Usage:

        npx playwright show-trace ..\..\_temp\functional-output-playback-utilities\wave-02-06-playwright-config-js\loops.functional-FTC-SETTI-2a570-displayed-captured-snapshot-functional\trace.zip

    ────────────────────────────────────────────────────────────────────────────────────────────────

  1 failed
    [functional] › tests\e2e\specs\loops.functional.spec.js:69:1 › FTC-SETTINGS-H03 real log download matches the displayed captured snapshot @area:log-history 

=== Playwright Summary ===
[x] loops.functional.spec
  [x] FTC-SETTINGS-H03 real log download matches the displayed captured snapshot @area:log-history

Overall: 0/1 passed
Failed tests:
- loops.functional.spec > FTC-SETTINGS-H03 real log download matches the displayed captured snapshot @area:log-history
[playwright-wrapper-diagnostic] {"reason":"wrapper-child-lifecycle-mismatch","childExitCode":1,"childExitSignal":null,"childCloseCode":1,"childCloseSignal":null,"processError":null,"stopReason":"none","cleanupOutcome":"completed"}
[playwright-wrapper-final-decision] {"wrapperExitCode":1,"attemptReturn":{"exitCode":1,"exitReason":"wrapper-child-lifecycle-mismatch"},"fakeDatabaseCleanup":{"status":"completed","error":null,"mode":"lock-only"},"scanAppCleanup":{"status":"not-required","error":null},"isolatedAppCleanup":{"status":"completed","error":null},"tempCleanup":{"status":"completed","error":null,"removedCount":1},"passivePortDiagnostics":[{"port":5500,"status":"completed","error":null,"ownerCount":0},{"port":5502,"status":"completed","error":null,"ownerCount":0}],"finalSummary":{"phase":"run-final","status":"failed","total":1,"completed":1,"failed":1,"skipped":0,"errors":0,"listOnly":false},"exitReason":"wrapper-child-lifecycle-mismatch"}
{"restored":0,"removed":0,"unchanged":1497}
Album Haven production E2E app listening on http://127.0.0.1:5500 with 0 artists, 0 albums, 0 tracks, and provider fixtures on http://127.0.0.1:5502
2026-09-18 20:25:13,693 [INFO] music_app: Startup scan-cache hydration completed files=7200 albums=400
2026-09-18 20:25:13,693 [INFO] music_app: Legacy album exclusions migrated albums=1 removed_rules=18 created_rules=1
2026-09-18 20:25:14,191 [INFO] music_app: Relation projection startup readiness ready=true rebuilt=true reason=missing_projection builder_version=local-relation-builder-v9 source_row_count=7438 duration_ms=461.69 source_load=151.18 fingerprint=56.17 pure_build=145.62 family_link_replacement=7.60 snapshot_publication=1.70
2026-09-18 20:25:15,347 [INFO] music_app: {"action": "Index request completed", "album_count": 0, "artist_count": 0, "bootstrap_mode": "fresh_preview", "covers_in_progress": false, "elapsed_ms": 422.52, "hydrate_in_progress": false, "payload_elapsed_ms": 180.81, "query": "", "scan_in_progress": false, "selected_artist": ""}

Running 1 test using 1 worker

2026-09-18 20:25:41,177 [INFO] music_app: {"action": "Index request completed", "album_count": 0, "artist_count": 0, "bootstrap_mode": "fresh_preview", "covers_in_progress": false, "elapsed_ms": 269.99, "hydrate_in_progress": false, "payload_elapsed_ms": 150.03, "query": "", "scan_in_progress": false, "selected_artist": ""}
2026-09-18 20:25:44,288 [INFO] music_app: {"action": "Index request completed", "album_count": 0, "artist_count": 0, "bootstrap_mode": "fresh_preview", "covers_in_progress": false, "elapsed_ms": 274.76, "hydrate_in_progress": false, "payload_elapsed_ms": 160.71, "query": "", "scan_in_progress": false, "selected_artist": ""}
  x  1 [functional] › tests\e2e\specs\loops.functional.spec.js:917:1 › FTC-UTIL-LOOPS-026 delete confirmation foregrounds the open Utility modal @area:loops (18.8s)
[playwright-wrapper-failure-latched] {"phase":"tests-complete","status":"failed","total":1,"completed":1,"failed":1,"skipped":0,"errors":0}
[album-haven-playwright-result] {"version":1,"phase":"tests-complete","nonce":"e979a1b7f034ce87b994250c9435c7b41d3141ad784482148b9aa499ba9b184c","status":"failed","total":1,"completed":1,"failed":1,"skipped":0,"errors":0}



[album-haven-playwright-result] {"version":1,"phase":"run-final","nonce":"e979a1b7f034ce87b994250c9435c7b41d3141ad784482148b9aa499ba9b184c","status":"failed","total":1,"completed":1,"failed":1,"skipped":0,"errors":0}

  1) [functional] › tests\e2e\specs\loops.functional.spec.js:917:1 › FTC-UTIL-LOOPS-026 delete confirmation foregrounds the open Utility modal @area:loops 

    Error: expect(locator).toHaveCSS(expected) failed

    Locator:  locator('[data-loop-action-owner="global-player"]').getByRole('button', { name: 'Create loop', exact: true })
    Expected: "rgb(74, 222, 128)"
    Received: "rgb(52, 211, 153)"
    Timeout:  10000ms

    Call log:
      - Expect "toHaveCSS" with timeout 10000ms
      - waiting for locator('[data-loop-action-owner="global-player"]').getByRole('button', { name: 'Create loop', exact: true })
        24 × locator resolved to <button tabindex="0" type="button" title="Create loop" aria-disabled="false" aria-label="Create loop" data-loop-action="create" class="loop-edit-action loop-edit-action-create">…</button>
           - unexpected value "rgb(52, 211, 153)"


       at ..\actions\globalPlayerActions.js:591

      589 |     } else if (target === 'create') {
      590 |       const themedPlayerInk = await this.globalPlayer.readThemedPlayerInkColor();
    > 591 |       await expect(locator).toHaveCSS(
          |                             ^
      592 |         'color',
      593 |         themedPlayerInk.active ? themedPlayerInk.color : 'rgb(74, 222, 128)',
      594 |       );
        at GlobalPlayerActions.hoverLoopAction (D:\a\AlbumHaven\AlbumHaven\tests\e2e\actions\globalPlayerActions.js:591:29)
        at GlobalPlayerActions.openLoopNameDialog (D:\a\AlbumHaven\AlbumHaven\tests\e2e\actions\globalPlayerActions.js:896:5)
        at GlobalPlayerActions.saveLoopWithName (D:\a\AlbumHaven\AlbumHaven\tests\e2e\actions\globalPlayerActions.js:967:5)
        at D:\a\AlbumHaven\AlbumHaven\tests\e2e\specs\loops.functional.spec.js:938:11

    Error Context: ..\..\_temp\functional-output-playback-utilities\wave-02-07-playwright-config-js\loops.functional-FTC-UTIL--737fb-unds-the-open-Utility-modal-functional\error-context.md

    attachment #2: trace (application/zip) ─────────────────────────────────────────────────────────
    ..\..\_temp\functional-output-playback-utilities\wave-02-07-playwright-config-js\loops.functional-FTC-UTIL--737fb-unds-the-open-Utility-modal-functional\trace.zip
    Usage:

        npx playwright show-trace ..\..\_temp\functional-output-playback-utilities\wave-02-07-playwright-config-js\loops.functional-FTC-UTIL--737fb-unds-the-open-Utility-modal-functional\trace.zip

    ────────────────────────────────────────────────────────────────────────────────────────────────

  1 failed
    [functional] › tests\e2e\specs\loops.functional.spec.js:917:1 › FTC-UTIL-LOOPS-026 delete confirmation foregrounds the open Utility modal @area:loops 

=== Playwright Summary ===
[x] loops.functional.spec
  [x] FTC-UTIL-LOOPS-026 delete confirmation foregrounds the open Utility modal @area:loops

Overall: 0/1 passed
Failed tests:
- loops.functional.spec > FTC-UTIL-LOOPS-026 delete confirmation foregrounds the open Utility modal @area:loops
[playwright-wrapper-diagnostic] {"reason":"wrapper-child-lifecycle-mismatch","childExitCode":1,"childExitSignal":null,"childCloseCode":1,"childCloseSignal":null,"processError":null,"stopReason":"none","cleanupOutcome":"completed"}
[playwright-wrapper-final-decision] {"wrapperExitCode":1,"attemptReturn":{"exitCode":1,"exitReason":"wrapper-child-lifecycle-mismatch"},"fakeDatabaseCleanup":{"status":"completed","error":null,"mode":"lock-only"},"scanAppCleanup":{"status":"not-required","error":null},"isolatedAppCleanup":{"status":"completed","error":null},"tempCleanup":{"status":"completed","error":null,"removedCount":1},"passivePortDiagnostics":[{"port":5500,"status":"completed","error":null,"ownerCount":0},{"port":5502,"status":"completed","error":null,"ownerCount":0}],"finalSummary":{"phase":"run-final","status":"failed","total":1,"completed":1,"failed":1,"skipped":0,"errors":0,"listOnly":false},"exitReason":"wrapper-child-lifecycle-mismatch"}
{"restored":0,"removed":0,"unchanged":1497}
Album Haven production E2E app listening on http://127.0.0.1:5500 with 0 artists, 0 albums, 0 tracks, and provider fixtures on http://127.0.0.1:5502
2026-09-18 20:26:32,548 [INFO] music_app: Startup scan-cache hydration completed files=7200 albums=400
2026-09-18 20:26:32,548 [INFO] music_app: Legacy album exclusions migrated albums=1 removed_rules=18 created_rules=1
2026-09-18 20:26:33,033 [INFO] music_app: Relation projection startup readiness ready=true rebuilt=true reason=missing_projection builder_version=local-relation-builder-v9 source_row_count=7438 duration_ms=445.06 source_load=135.49 fingerprint=57.15 pure_build=145.37 family_link_replacement=7.30 snapshot_publication=1.70
2026-09-18 20:26:34,327 [INFO] music_app: {"action": "Index request completed", "album_count": 0, "artist_count": 0, "bootstrap_mode": "fresh_preview", "covers_in_progress": false, "elapsed_ms": 485.34, "hydrate_in_progress": false, "payload_elapsed_ms": 269.43, "query": "", "scan_in_progress": false, "selected_artist": ""}

Running 1 test using 1 worker

2026-09-18 20:27:00,220 [INFO] music_app: {"action": "Index request completed", "album_count": 0, "artist_count": 0, "bootstrap_mode": "fresh_preview", "covers_in_progress": false, "elapsed_ms": 359.59, "hydrate_in_progress": false, "payload_elapsed_ms": 154.55, "query": "", "scan_in_progress": false, "selected_artist": ""}
2026-09-18 20:27:03,272 [INFO] music_app: {"action": "Index request completed", "album_count": 0, "artist_count": 0, "bootstrap_mode": "fresh_preview", "covers_in_progress": false, "elapsed_ms": 289.65, "hydrate_in_progress": false, "payload_elapsed_ms": 170.05, "query": "", "scan_in_progress": false, "selected_artist": ""}
  x  1 [functional] › tests\e2e\specs\loops.functional.spec.js:953:1 › FTC-UTIL-LOOPS-024 Enter opens naming from the active saved-loop editor @area:loops (18.4s)
[album-haven-playwright-result] {"version":1,"phase":"tests-complete","nonce":"d5243e3466780697a93d62a9b06cfb1f92080dd9e32b7099b4bda593a084b303","status":"failed","total":1,"completed":1,"failed":1,"skipped":0,"errors":0}
[playwright-wrapper-failure-latched] {"phase":"tests-complete","status":"failed","total":1,"completed":1,"failed":1,"skipped":0,"errors":0}



[album-haven-playwright-result] {"version":1,"phase":"run-final","nonce":"d5243e3466780697a93d62a9b06cfb1f92080dd9e32b7099b4bda593a084b303","status":"failed","total":1,"completed":1,"failed":1,"skipped":0,"errors":0}

  1) [functional] › tests\e2e\specs\loops.functional.spec.js:953:1 › FTC-UTIL-LOOPS-024 Enter opens naming from the active saved-loop editor @area:loops 

    Error: expect(locator).toHaveCSS(expected) failed

    Locator:  locator('[data-loop-action-owner="global-player"]').getByRole('button', { name: 'Create loop', exact: true })
    Expected: "rgb(74, 222, 128)"
    Received: "rgb(52, 211, 153)"
    Timeout:  10000ms

    Call log:
      - Expect "toHaveCSS" with timeout 10000ms
      - waiting for locator('[data-loop-action-owner="global-player"]').getByRole('button', { name: 'Create loop', exact: true })
        24 × locator resolved to <button tabindex="0" type="button" title="Create loop" aria-disabled="false" aria-label="Create loop" data-loop-action="create" class="loop-edit-action loop-edit-action-create">…</button>
           - unexpected value "rgb(52, 211, 153)"


       at ..\actions\globalPlayerActions.js:591

      589 |     } else if (target === 'create') {
      590 |       const themedPlayerInk = await this.globalPlayer.readThemedPlayerInkColor();
    > 591 |       await expect(locator).toHaveCSS(
          |                             ^
      592 |         'color',
      593 |         themedPlayerInk.active ? themedPlayerInk.color : 'rgb(74, 222, 128)',
      594 |       );
        at GlobalPlayerActions.hoverLoopAction (D:\a\AlbumHaven\AlbumHaven\tests\e2e\actions\globalPlayerActions.js:591:29)
        at GlobalPlayerActions.openLoopNameDialog (D:\a\AlbumHaven\AlbumHaven\tests\e2e\actions\globalPlayerActions.js:896:5)
        at GlobalPlayerActions.saveLoopWithName (D:\a\AlbumHaven\AlbumHaven\tests\e2e\actions\globalPlayerActions.js:967:5)
        at D:\a\AlbumHaven\AlbumHaven\tests\e2e\specs\loops.functional.spec.js:974:11

    Error Context: ..\..\_temp\functional-output-playback-utilities\wave-02-08-playwright-config-js\loops.functional-FTC-UTIL--12c59-he-active-saved-loop-editor-functional\error-context.md

    attachment #2: trace (application/zip) ─────────────────────────────────────────────────────────
    ..\..\_temp\functional-output-playback-utilities\wave-02-08-playwright-config-js\loops.functional-FTC-UTIL--12c59-he-active-saved-loop-editor-functional\trace.zip
    Usage:

        npx playwright show-trace ..\..\_temp\functional-output-playback-utilities\wave-02-08-playwright-config-js\loops.functional-FTC-UTIL--12c59-he-active-saved-loop-editor-functional\trace.zip

    ────────────────────────────────────────────────────────────────────────────────────────────────

  1 failed
    [functional] › tests\e2e\specs\loops.functional.spec.js:953:1 › FTC-UTIL-LOOPS-024 Enter opens naming from the active saved-loop editor @area:loops 

=== Playwright Summary ===
[x] loops.functional.spec
  [x] FTC-UTIL-LOOPS-024 Enter opens naming from the active saved-loop editor @area:loops

Overall: 0/1 passed
Failed tests:
- loops.functional.spec > FTC-UTIL-LOOPS-024 Enter opens naming from the active saved-loop editor @area:loops
[playwright-wrapper-diagnostic] {"reason":"wrapper-child-lifecycle-mismatch","childExitCode":1,"childExitSignal":null,"childCloseCode":1,"childCloseSignal":null,"processError":null,"stopReason":"none","cleanupOutcome":"completed"}
[playwright-wrapper-final-decision] {"wrapperExitCode":1,"attemptReturn":{"exitCode":1,"exitReason":"wrapper-child-lifecycle-mismatch"},"fakeDatabaseCleanup":{"status":"completed","error":null,"mode":"lock-only"},"scanAppCleanup":{"status":"not-required","error":null},"isolatedAppCleanup":{"status":"completed","error":null},"tempCleanup":{"status":"completed","error":null,"removedCount":1},"passivePortDiagnostics":[{"port":5500,"status":"completed","error":null,"ownerCount":0},{"port":5502,"status":"completed","error":null,"ownerCount":0}],"finalSummary":{"phase":"run-final","status":"failed","total":1,"completed":1,"failed":1,"skipped":0,"errors":0,"listOnly":false},"exitReason":"wrapper-child-lifecycle-mismatch"}
{"restored":0,"removed":0,"unchanged":1497}
Album Haven production E2E app listening on http://127.0.0.1:5500 with 0 artists, 0 albums, 0 tracks, and provider fixtures on http://127.0.0.1:5502
2026-09-18 20:27:53,840 [INFO] music_app: Startup scan-cache hydration completed files=7200 albums=400
2026-09-18 20:27:53,840 [INFO] music_app: Legacy album exclusions migrated albums=1 removed_rules=18 created_rules=1
2026-09-18 20:27:54,430 [INFO] music_app: Relation projection startup readiness ready=true rebuilt=true reason=missing_projection builder_version=local-relation-builder-v9 source_row_count=7438 duration_ms=446.94 source_load=137.95 fingerprint=56.71 pure_build=144.66 family_link_replacement=7.43 snapshot_publication=1.64
2026-09-18 20:27:55,708 [INFO] music_app: {"action": "Index request completed", "album_count": 0, "artist_count": 0, "bootstrap_mode": "fresh_preview", "covers_in_progress": false, "elapsed_ms": 408.79, "hydrate_in_progress": false, "payload_elapsed_ms": 173.75, "query": "", "scan_in_progress": false, "selected_artist": ""}

Running 1 test using 1 worker

2026-09-18 20:28:21,772 [INFO] music_app: {"action": "Index request completed", "album_count": 0, "artist_count": 0, "bootstrap_mode": "fresh_preview", "covers_in_progress": false, "elapsed_ms": 286.19, "hydrate_in_progress": false, "payload_elapsed_ms": 168.61, "query": "", "scan_in_progress": false, "selected_artist": ""}
2026-09-18 20:28:24,845 [INFO] music_app: {"action": "Index request completed", "album_count": 0, "artist_count": 0, "bootstrap_mode": "fresh_preview", "covers_in_progress": false, "elapsed_ms": 254.89, "hydrate_in_progress": false, "payload_elapsed_ms": 141.29, "query": "", "scan_in_progress": false, "selected_artist": ""}
  x  1 [functional] › tests\e2e\specs\loops.functional.spec.js:995:1 › FTC-PLAYER-017 scissors remains available after saving a loop @area:loops (18.7s)
[playwright-wrapper-failure-latched] {"phase":"tests-complete","status":"failed","total":1,"completed":1,"failed":1,"skipped":0,"errors":0}
[album-haven-playwright-result] {"version":1,"phase":"tests-complete","nonce":"1c86f410fc7b4c3f05ba39facdd8682b5a2620298cb009f33dfde8505574a751","status":"failed","total":1,"completed":1,"failed":1,"skipped":0,"errors":0}



[album-haven-playwright-result] {"version":1,"phase":"run-final","nonce":"1c86f410fc7b4c3f05ba39facdd8682b5a2620298cb009f33dfde8505574a751","status":"failed","total":1,"completed":1,"failed":1,"skipped":0,"errors":0}

  1) [functional] › tests\e2e\specs\loops.functional.spec.js:995:1 › FTC-PLAYER-017 scissors remains available after saving a loop @area:loops 

    Error: expect(locator).toHaveCSS(expected) failed

    Locator:  locator('[data-loop-action-owner="global-player"]').getByRole('button', { name: 'Create loop', exact: true })
    Expected: "rgb(74, 222, 128)"
    Received: "rgb(52, 211, 153)"
    Timeout:  10000ms

    Call log:
      - Expect "toHaveCSS" with timeout 10000ms
      - waiting for locator('[data-loop-action-owner="global-player"]').getByRole('button', { name: 'Create loop', exact: true })
        24 × locator resolved to <button tabindex="0" type="button" title="Create loop" aria-disabled="false" aria-label="Create loop" data-loop-action="create" class="loop-edit-action loop-edit-action-create">…</button>
           - unexpected value "rgb(52, 211, 153)"


       at ..\actions\globalPlayerActions.js:591

      589 |     } else if (target === 'create') {
      590 |       const themedPlayerInk = await this.globalPlayer.readThemedPlayerInkColor();
    > 591 |       await expect(locator).toHaveCSS(
          |                             ^
      592 |         'color',
      593 |         themedPlayerInk.active ? themedPlayerInk.color : 'rgb(74, 222, 128)',
      594 |       );
        at GlobalPlayerActions.hoverLoopAction (D:\a\AlbumHaven\AlbumHaven\tests\e2e\actions\globalPlayerActions.js:591:29)
        at GlobalPlayerActions.openLoopNameDialog (D:\a\AlbumHaven\AlbumHaven\tests\e2e\actions\globalPlayerActions.js:896:5)
        at GlobalPlayerActions.saveLoopWithName (D:\a\AlbumHaven\AlbumHaven\tests\e2e\actions\globalPlayerActions.js:967:5)
        at D:\a\AlbumHaven\AlbumHaven\tests\e2e\specs\loops.functional.spec.js:1012:11

    Error Context: ..\..\_temp\functional-output-playback-utilities\wave-02-09-playwright-config-js\loops.functional-FTC-PLAYE-2cc73-ailable-after-saving-a-loop-functional\error-context.md

    attachment #2: trace (application/zip) ─────────────────────────────────────────────────────────
    ..\..\_temp\functional-output-playback-utilities\wave-02-09-playwright-config-js\loops.functional-FTC-PLAYE-2cc73-ailable-after-saving-a-loop-functional\trace.zip
    Usage:

        npx playwright show-trace ..\..\_temp\functional-output-playback-utilities\wave-02-09-playwright-config-js\loops.functional-FTC-PLAYE-2cc73-ailable-after-saving-a-loop-functional\trace.zip

    ────────────────────────────────────────────────────────────────────────────────────────────────

  1 failed
    [functional] › tests\e2e\specs\loops.functional.spec.js:995:1 › FTC-PLAYER-017 scissors remains available after saving a loop @area:loops 

=== Playwright Summary ===
[x] loops.functional.spec
  [x] FTC-PLAYER-017 scissors remains available after saving a loop @area:loops

Overall: 0/1 passed
Failed tests:
- loops.functional.spec > FTC-PLAYER-017 scissors remains available after saving a loop @area:loops
[playwright-wrapper-diagnostic] {"reason":"wrapper-child-lifecycle-mismatch","childExitCode":1,"childExitSignal":null,"childCloseCode":1,"childCloseSignal":null,"processError":null,"stopReason":"none","cleanupOutcome":"completed"}
[playwright-wrapper-final-decision] {"wrapperExitCode":1,"attemptReturn":{"exitCode":1,"exitReason":"wrapper-child-lifecycle-mismatch"},"fakeDatabaseCleanup":{"status":"completed","error":null,"mode":"lock-only"},"scanAppCleanup":{"status":"not-required","error":null},"isolatedAppCleanup":{"status":"completed","error":null},"tempCleanup":{"status":"completed","error":null,"removedCount":1},"passivePortDiagnostics":[{"port":5500,"status":"completed","error":null,"ownerCount":0},{"port":5502,"status":"completed","error":null,"ownerCount":0}],"finalSummary":{"phase":"run-final","status":"failed","total":1,"completed":1,"failed":1,"skipped":0,"errors":0,"listOnly":false},"exitReason":"wrapper-child-lifecycle-mismatch"}
{"restored":0,"removed":0,"unchanged":1497}
Album Haven production E2E app listening on http://127.0.0.1:5500 with 0 artists, 0 albums, 0 tracks, and provider fixtures on http://127.0.0.1:5502
2026-09-18 20:29:13,065 [INFO] music_app: Startup scan-cache hydration completed files=7200 albums=400
2026-09-18 20:29:13,067 [INFO] music_app: Legacy album exclusions migrated albums=1 removed_rules=18 created_rules=1
2026-09-18 20:29:13,554 [INFO] music_app: Relation projection startup readiness ready=true rebuilt=true reason=missing_projection builder_version=local-relation-builder-v9 source_row_count=7438 duration_ms=447.33 source_load=136.13 fingerprint=57.14 pure_build=143.33 family_link_replacement=7.53 snapshot_publication=1.65
2026-09-18 20:29:14,989 [INFO] music_app: {"action": "Index request completed", "album_count": 0, "artist_count": 0, "bootstrap_mode": "fresh_preview", "covers_in_progress": false, "elapsed_ms": 416.53, "hydrate_in_progress": false, "payload_elapsed_ms": 173.73, "query": "", "scan_in_progress": false, "selected_artist": ""}

Running 1 test using 1 worker

2026-09-18 20:29:41,238 [INFO] music_app: {"action": "Index request completed", "album_count": 0, "artist_count": 0, "bootstrap_mode": "fresh_preview", "covers_in_progress": false, "elapsed_ms": 298.91, "hydrate_in_progress": false, "payload_elapsed_ms": 168.52, "query": "", "scan_in_progress": false, "selected_artist": ""}
2026-09-18 20:29:44,227 [INFO] music_app: {"action": "Index request completed", "album_count": 0, "artist_count": 0, "bootstrap_mode": "fresh_preview", "covers_in_progress": false, "elapsed_ms": 263.5, "hydrate_in_progress": false, "payload_elapsed_ms": 143.3, "query": "", "scan_in_progress": false, "selected_artist": ""}
2026-09-18 20:29:52,893 [INFO] music_app: {"action": "Index request completed", "album_count": 0, "artist_count": 0, "bootstrap_mode": "fresh_preview", "covers_in_progress": false, "elapsed_ms": 265.79, "hydrate_in_progress": false, "payload_elapsed_ms": 151.92, "query": "", "scan_in_progress": false, "selected_artist": ""}
  ok 1 [functional] › tests\e2e\specs\loops.functional.spec.js:1019:1 › FTC-PLAYER-017 loop-edit reload restores the active playhead @area:loops (11.7s)
[album-haven-playwright-result] {"version":1,"phase":"tests-complete","nonce":"cd456aa974946cf453481e4c09193b9d9967f130197bd3b75d07e1fb4ad4a56b","status":"passed","total":1,"completed":1,"failed":0,"skipped":0,"errors":0}



[album-haven-playwright-result] {"version":1,"phase":"run-final","nonce":"cd456aa974946cf453481e4c09193b9d9967f130197bd3b75d07e1fb4ad4a56b","status":"passed","total":1,"completed":1,"failed":0,"skipped":0,"errors":0}
  1 passed (18.3s)

=== Playwright Summary ===
[✓] loops.functional.spec
  [✓] FTC-PLAYER-017 loop-edit reload restores the active playhead @area:loops

Overall: 1/1 passed
[playwright-wrapper-final-decision] {"wrapperExitCode":0,"attemptReturn":{"exitCode":0,"exitReason":"authoritative-pass"},"fakeDatabaseCleanup":{"status":"completed","error":null,"mode":"lock-only"},"scanAppCleanup":{"status":"not-required","error":null},"isolatedAppCleanup":{"status":"completed","error":null},"tempCleanup":{"status":"completed","error":null,"removedCount":1},"passivePortDiagnostics":[{"port":5500,"status":"completed","error":null,"ownerCount":0},{"port":5502,"status":"completed","error":null,"ownerCount":0}],"finalSummary":{"phase":"run-final","status":"passed","total":1,"completed":1,"failed":0,"skipped":0,"errors":0,"listOnly":false},"exitReason":"authoritative-pass"}
{"restored":0,"removed":0,"unchanged":1497}
Album Haven production E2E app listening on http://127.0.0.1:5500 with 0 artists, 0 albums, 0 tracks, and provider fixtures on http://127.0.0.1:5502
2026-09-18 20:30:24,434 [INFO] music_app: Startup scan-cache hydration completed files=7200 albums=400
2026-09-18 20:30:24,435 [INFO] music_app: Legacy album exclusions migrated albums=1 removed_rules=18 created_rules=1
2026-09-18 20:30:25,028 [INFO] music_app: Relation projection startup readiness ready=true rebuilt=true reason=missing_projection builder_version=local-relation-builder-v9 source_row_count=7438 duration_ms=559.01 source_load=144.86 fingerprint=57.36 pure_build=145.52 family_link_replacement=7.47 snapshot_publication=1.64
2026-09-18 20:30:26,315 [INFO] music_app: {"action": "Index request completed", "album_count": 0, "artist_count": 0, "bootstrap_mode": "fresh_preview", "covers_in_progress": false, "elapsed_ms": 433.99, "hydrate_in_progress": false, "payload_elapsed_ms": 179.16, "query": "", "scan_in_progress": false, "selected_artist": ""}

Running 1 test using 1 worker

2026-09-18 20:30:52,575 [INFO] music_app: {"action": "Index request completed", "album_count": 0, "artist_count": 0, "bootstrap_mode": "fresh_preview", "covers_in_progress": false, "elapsed_ms": 304.1, "hydrate_in_progress": false, "payload_elapsed_ms": 175.43, "query": "", "scan_in_progress": false, "selected_artist": ""}
2026-09-18 20:30:55,693 [INFO] music_app: {"action": "Index request completed", "album_count": 0, "artist_count": 0, "bootstrap_mode": "fresh_preview", "covers_in_progress": false, "elapsed_ms": 351.31, "hydrate_in_progress": false, "payload_elapsed_ms": 245.51, "query": "", "scan_in_progress": false, "selected_artist": ""}
  x  1 [functional] › tests\e2e\specs\loops.functional.spec.js:1062:1 › FTC-PLAYER-017 paused reload restores the current waveform @area:loops (1.1m)
[album-haven-playwright-result] {"version":1,"phase":"tests-complete","nonce":"bacf34dcf9723d50bd667f62c9e7ed3caa6b61c065728c69e79928465e44c149","status":"failed","total":1,"completed":1,"failed":1,"skipped":0,"errors":0}
[playwright-wrapper-failure-latched] {"phase":"tests-complete","status":"failed","total":1,"completed":1,"failed":1,"skipped":0,"errors":0}



[album-haven-playwright-result] {"version":1,"phase":"run-final","nonce":"bacf34dcf9723d50bd667f62c9e7ed3caa6b61c065728c69e79928465e44c149","status":"failed","total":1,"completed":1,"failed":1,"skipped":0,"errors":0}

  1) [functional] › tests\e2e\specs\loops.functional.spec.js:1062:1 › FTC-PLAYER-017 paused reload restores the current waveform @area:loops 

    TimeoutError: page.waitForFunction: Timeout 60000ms exceeded.

       at ..\poms\basePage.js:71

      69 |
      70 |   async waitForPageCondition(callback, options = {}, arg = null) {
    > 71 |     await this.page.waitForFunction(callback, arg, options);
         |                     ^
      72 |   }
      73 |
      74 |   async readProductionBootstrapPayload() {
        at UtilityAppearanceTab.waitForPageCondition (D:\a\AlbumHaven\AlbumHaven\tests\e2e\poms\basePage.js:71:21)
        at UtilityAppearanceActions.selectSeekbarMode (D:\a\AlbumHaven\AlbumHaven\tests\e2e\actions\utilityAppearanceActions.js:39:37)
        at D:\a\AlbumHaven\AlbumHaven\tests\e2e\specs\loops.functional.spec.js:1075:3

    Error Context: ..\..\_temp\functional-output-playback-utilities\wave-02-11-playwright-config-js\loops.functional-FTC-PLAYE-81e4d-stores-the-current-waveform-functional\error-context.md

    attachment #2: trace (application/zip) ─────────────────────────────────────────────────────────
    ..\..\_temp\functional-output-playback-utilities\wave-02-11-playwright-config-js\loops.functional-FTC-PLAYE-81e4d-stores-the-current-waveform-functional\trace.zip
    Usage:

        npx playwright show-trace ..\..\_temp\functional-output-playback-utilities\wave-02-11-playwright-config-js\loops.functional-FTC-PLAYE-81e4d-stores-the-current-waveform-functional\trace.zip

    ────────────────────────────────────────────────────────────────────────────────────────────────

  1 failed
    [functional] › tests\e2e\specs\loops.functional.spec.js:1062:1 › FTC-PLAYER-017 paused reload restores the current waveform @area:loops 

=== Playwright Summary ===
[playwright-wrapper-diagnostic] {"reason":"wrapper-child-lifecycle-mismatch","childExitCode":1,"childExitSignal":null,"childCloseCode":1,"childCloseSignal":null,"processError":null,"stopReason":"none","cleanupOutcome":"completed"}
[x] loops.functional.spec
  [x] FTC-PLAYER-017 paused reload restores the current waveform @area:loops (1.1m)

Overall: 0/1 passed
Failed tests:
- loops.functional.spec > FTC-PLAYER-017 paused reload restores the current waveform @area:loops (1.1m)
[playwright-wrapper-final-decision] {"wrapperExitCode":1,"attemptReturn":{"exitCode":1,"exitReason":"wrapper-child-lifecycle-mismatch"},"fakeDatabaseCleanup":{"status":"completed","error":null,"mode":"lock-only"},"scanAppCleanup":{"status":"not-required","error":null},"isolatedAppCleanup":{"status":"completed","error":null},"tempCleanup":{"status":"completed","error":null,"removedCount":1},"passivePortDiagnostics":[{"port":5500,"status":"completed","error":null,"ownerCount":0},{"port":5502,"status":"completed","error":null,"ownerCount":0}],"finalSummary":{"phase":"run-final","status":"failed","total":1,"completed":1,"failed":1,"skipped":0,"errors":0,"listOnly":false},"exitReason":"wrapper-child-lifecycle-mismatch"}
{"restored":0,"removed":0,"unchanged":1497}
Album Haven production E2E app listening on http://127.0.0.1:5500 with 0 artists, 0 albums, 0 tracks, and provider fixtures on http://127.0.0.1:5502
2026-09-18 20:32:29,308 [INFO] music_app: Startup scan-cache hydration completed files=7200 albums=400
2026-09-18 20:32:29,308 [INFO] music_app: Legacy album exclusions migrated albums=1 removed_rules=18 created_rules=1
2026-09-18 20:32:29,804 [INFO] music_app: Relation projection startup readiness ready=true rebuilt=true reason=missing_projection builder_version=local-relation-builder-v9 source_row_count=7438 duration_ms=458.86 source_load=145.33 fingerprint=57.32 pure_build=143.36 family_link_replacement=7.65 snapshot_publication=1.63
2026-09-18 20:32:30,984 [INFO] music_app: {"action": "Index request completed", "album_count": 0, "artist_count": 0, "bootstrap_mode": "fresh_preview", "covers_in_progress": false, "elapsed_ms": 411.35, "hydrate_in_progress": false, "payload_elapsed_ms": 173.42, "query": "", "scan_in_progress": false, "selected_artist": ""}

Running 1 test using 1 worker

2026-09-18 20:32:57,175 [INFO] music_app: {"action": "Index request completed", "album_count": 0, "artist_count": 0, "bootstrap_mode": "fresh_preview", "covers_in_progress": false, "elapsed_ms": 303.7, "hydrate_in_progress": false, "payload_elapsed_ms": 167.81, "query": "", "scan_in_progress": false, "selected_artist": ""}
2026-09-18 20:33:00,277 [INFO] music_app: {"action": "Index request completed", "album_count": 0, "artist_count": 0, "bootstrap_mode": "fresh_preview", "covers_in_progress": false, "elapsed_ms": 365.89, "hydrate_in_progress": false, "payload_elapsed_ms": 236.86, "query": "", "scan_in_progress": false, "selected_artist": ""}
  x  1 [functional] › tests\e2e\specs\loops.functional.spec.js:15:1 › FTC-UTIL-LOOPS-028 five paused saved loops render waveforms after a cold reload @area:loops (1.1m)
[album-haven-playwright-result] {"version":1,"phase":"tests-complete","nonce":"80ec234108ae008ac876f12a54f94b014eeb2cbb8e522f9ea78459baf86eee77","status":"failed","total":1,"completed":1,"failed":1,"skipped":0,"errors":0}
[playwright-wrapper-failure-latched] {"phase":"tests-complete","status":"failed","total":1,"completed":1,"failed":1,"skipped":0,"errors":0}



[album-haven-playwright-result] {"version":1,"phase":"run-final","nonce":"80ec234108ae008ac876f12a54f94b014eeb2cbb8e522f9ea78459baf86eee77","status":"failed","total":1,"completed":1,"failed":1,"skipped":0,"errors":0}

  1) [functional] › tests\e2e\specs\loops.functional.spec.js:15:1 › FTC-UTIL-LOOPS-028 five paused saved loops render waveforms after a cold reload @area:loops 

    TimeoutError: page.waitForFunction: Timeout 60000ms exceeded.

       at ..\poms\basePage.js:71

      69 |
      70 |   async waitForPageCondition(callback, options = {}, arg = null) {
    > 71 |     await this.page.waitForFunction(callback, arg, options);
         |                     ^
      72 |   }
      73 |
      74 |   async readProductionBootstrapPayload() {
        at UtilityAppearanceTab.waitForPageCondition (D:\a\AlbumHaven\AlbumHaven\tests\e2e\poms\basePage.js:71:21)
        at UtilityAppearanceActions.selectSeekbarMode (D:\a\AlbumHaven\AlbumHaven\tests\e2e\actions\utilityAppearanceActions.js:39:37)
        at D:\a\AlbumHaven\AlbumHaven\tests\e2e\specs\loops.functional.spec.js:26:3

    Error Context: ..\..\_temp\functional-output-playback-utilities\wave-02-12-playwright-config-js\loops.functional-FTC-UTIL--def5a-veforms-after-a-cold-reload-functional\error-context.md

    attachment #2: trace (application/zip) ─────────────────────────────────────────────────────────
    ..\..\_temp\functional-output-playback-utilities\wave-02-12-playwright-config-js\loops.functional-FTC-UTIL--def5a-veforms-after-a-cold-reload-functional\trace.zip
    Usage:

        npx playwright show-trace ..\..\_temp\functional-output-playback-utilities\wave-02-12-playwright-config-js\loops.functional-FTC-UTIL--def5a-veforms-after-a-cold-reload-functional\trace.zip

    ────────────────────────────────────────────────────────────────────────────────────────────────

  1 failed
    [functional] › tests\e2e\specs\loops.functional.spec.js:15:1 › FTC-UTIL-LOOPS-028 five paused saved loops render waveforms after a cold reload @area:loops 

=== Playwright Summary ===
[x] loops.functional.spec
  [x] FTC-UTIL-LOOPS-028 five paused saved loops render waveforms after a cold reload @area:loops (1.1m)
[playwright-wrapper-diagnostic] {"reason":"wrapper-child-lifecycle-mismatch","childExitCode":1,"childExitSignal":null,"childCloseCode":1,"childCloseSignal":null,"processError":null,"stopReason":"none","cleanupOutcome":"completed"}

Overall: 0/1 passed
Failed tests:
- loops.functional.spec > FTC-UTIL-LOOPS-028 five paused saved loops render waveforms after a cold reload @area:loops (1.1m)
[playwright-wrapper-final-decision] {"wrapperExitCode":1,"attemptReturn":{"exitCode":1,"exitReason":"wrapper-child-lifecycle-mismatch"},"fakeDatabaseCleanup":{"status":"completed","error":null,"mode":"lock-only"},"scanAppCleanup":{"status":"not-required","error":null},"isolatedAppCleanup":{"status":"completed","error":null},"tempCleanup":{"status":"completed","error":null,"removedCount":1},"passivePortDiagnostics":[{"port":5500,"status":"completed","error":null,"ownerCount":0},{"port":5502,"status":"completed","error":null,"ownerCount":0}],"finalSummary":{"phase":"run-final","status":"failed","total":1,"completed":1,"failed":1,"skipped":0,"errors":0,"listOnly":false},"exitReason":"wrapper-child-lifecycle-mismatch"}
{"restored":0,"removed":0,"unchanged":1497}
Album Haven production E2E app listening on http://127.0.0.1:5500 with 0 artists, 0 albums, 0 tracks, and provider fixtures on http://127.0.0.1:5502
2026-09-18 20:34:34,119 [INFO] music_app: Startup scan-cache hydration completed files=7200 albums=400
2026-09-18 20:34:34,121 [INFO] music_app: Legacy album exclusions migrated albums=1 removed_rules=18 created_rules=1
2026-09-18 20:34:34,717 [INFO] music_app: Relation projection startup readiness ready=true rebuilt=true reason=missing_projection builder_version=local-relation-builder-v9 source_row_count=7438 duration_ms=561.00 source_load=138.18 fingerprint=61.68 pure_build=147.56 family_link_replacement=7.90 snapshot_publication=1.74
2026-09-18 20:34:35,889 [INFO] music_app: {"action": "Index request completed", "album_count": 0, "artist_count": 0, "bootstrap_mode": "fresh_preview", "covers_in_progress": false, "elapsed_ms": 439.35, "hydrate_in_progress": false, "payload_elapsed_ms": 189.54, "query": "", "scan_in_progress": false, "selected_artist": ""}

Running 1 test using 1 worker

2026-09-18 20:35:02,239 [INFO] music_app: {"action": "Index request completed", "album_count": 0, "artist_count": 0, "bootstrap_mode": "fresh_preview", "covers_in_progress": false, "elapsed_ms": 290.51, "hydrate_in_progress": false, "payload_elapsed_ms": 164.78, "query": "", "scan_in_progress": false, "selected_artist": ""}
[TEST] FTC-TAGS-005 keeps a failed physical tag write visible and records it in Log History
  [STEP] Open the generated rarity track in the production tag editor
2026-09-18 20:35:05,342 [INFO] music_app: {"action": "Index request completed", "album_count": 0, "artist_count": 0, "bootstrap_mode": "fresh_preview", "covers_in_progress": false, "elapsed_ms": 278.12, "hydrate_in_progress": false, "payload_elapsed_ms": 157.43, "query": "", "scan_in_progress": false, "selected_artist": ""}
2026-09-18 20:35:07,985 [INFO] music_app: {"action": "Postgres album search request started", "query": "Two Track Rarity Fixture"}
2026-09-18 20:35:08,124 [INFO] music_app: {"action": "View data request completed", "album_count": 1, "artist_count": 1, "elapsed_ms": 139.52, "query": "Two Track Rarity Fixture", "selected_artist": "E2E Rarity Artist"}
  [FAIL] Open the generated rarity track in the production tag editor :: Cannot read properties of undefined (reading 'total') (4054 ms)
[playwright-wrapper-failure-latched] {"phase":"tests-complete","status":"failed","total":1,"completed":1,"failed":1,"skipped":0,"errors":0}
  x  1 [functional] › tests\e2e\specs\nonAlbumRarity.spec.js:128:1 › FTC-TAGS-005 keeps a failed physical tag write visible and records it in Log History @area:tag-edit (4.9s)
[album-haven-playwright-result] {"version":1,"phase":"tests-complete","nonce":"d8c096670e9db90d84c71c2df7e4d69fd239969247bc2c7f5e7b347712faf06e","status":"failed","total":1,"completed":1,"failed":1,"skipped":0,"errors":0}



[album-haven-playwright-result] {"version":1,"phase":"run-final","nonce":"d8c096670e9db90d84c71c2df7e4d69fd239969247bc2c7f5e7b347712faf06e","status":"failed","total":1,"completed":1,"failed":1,"skipped":0,"errors":0}

  1) [functional] › tests\e2e\specs\nonAlbumRarity.spec.js:128:1 › FTC-TAGS-005 keeps a failed physical tag write visible and records it in Log History @area:tag-edit 

    TypeError: Cannot read properties of undefined (reading 'total')

       at ..\actions\trackModalActions.js:213

      211 |       subtitle: String(await this.trackModal.subtitle.textContent() || '').trim(),
      212 |       footer: String(await this.trackModal.footer.textContent() || '').trim(),
    > 213 |       total: String(await this.trackModal.albumTrackTable.total.textContent() || '').trim(),
          |                                                           ^
      214 |       playButtons: await this.trackModal.playButtons.count(),
      215 |       trackRows: await this.trackModal.trackRows.count(),
      216 |       coverLoaded,
        at TrackModalActions.readSummary (D:\a\AlbumHaven\AlbumHaven\tests\e2e\actions\trackModalActions.js:213:59)
        at TrackModalActions.waitForInteractiveSummary (D:\a\AlbumHaven\AlbumHaven\tests\e2e\actions\trackModalActions.js:256:21)
        at D:\a\AlbumHaven\AlbumHaven\tests\e2e\specs\nonAlbumRarity.spec.js:149:5
        at runStep (D:\a\AlbumHaven\AlbumHaven\tests\e2e\support\baseFixtures.js:146:22)
        at D:\a\AlbumHaven\AlbumHaven\tests\e2e\specs\nonAlbumRarity.spec.js:138:3

    attachment #1: step-transcript.txt (text/plain) ────────────────────────────────────────────────
    [TEST] FTC-TAGS-005 keeps a failed physical tag write visible and records it in Log History
      [STEP] Open the generated rarity track in the production tag editor
      [FAIL] Open the generated rarity track in the production tag editor :: Cannot read properties of undefined (reading 'total') (4054 ms)
    ────────────────────────────────────────────────────────────────────────────────────────────────

    attachment #3: stacktrace.txt (text/plain) ─────────────────────────────────────────────────────
    Error 1
    TypeError: Cannot read properties of undefined (reading 'total')
        at TrackModalActions.readSummary (D:\a\AlbumHaven\AlbumHaven\tests\e2e\actions\trackModalActions.js:213:59)
        at TrackModalActions.waitForInteractiveSummary (D:\a\AlbumHaven\AlbumHaven\tests\e2e\actions\trackModalActions....
    ────────────────────────────────────────────────────────────────────────────────────────────────

    attachment #4: runtime-log.txt (text/plain) ────────────────────────────────────────────────────
    [2026-09-18T20:35:07.879Z] requestfailed/net::ERR_ABORTED: GET http://127.0.0.1:5500/cover?path=D%3A%5Ca%5C_temp%5Calbum-haven-e2e-functional-fixtures-playback-utilities%5Cshared%5Cmedia%5C!!!%5CThree%20Bangs%5Ccover.png&size=480&v=process-90c83825854f41479c163565b8d08e0e
    [2026-09-18T20:35:07.880Z] ...
    ────────────────────────────────────────────────────────────────────────────────────────────────

    Error Context: ..\..\_temp\functional-output-playback-utilities\wave-02-13-playwright-config-js\nonAlbumRarity-FTC-TAGS-00-1a1ca-d-records-it-in-Log-History-functional\error-context.md

    attachment #7: trace (application/zip) ─────────────────────────────────────────────────────────
    ..\..\_temp\functional-output-playback-utilities\wave-02-13-playwright-config-js\nonAlbumRarity-FTC-TAGS-00-1a1ca-d-records-it-in-Log-History-functional\trace.zip
    Usage:

        npx playwright show-trace ..\..\_temp\functional-output-playback-utilities\wave-02-13-playwright-config-js\nonAlbumRarity-FTC-TAGS-00-1a1ca-d-records-it-in-Log-History-functional\trace.zip

    ────────────────────────────────────────────────────────────────────────────────────────────────

  1 failed
    [functional] › tests\e2e\specs\nonAlbumRarity.spec.js:128:1 › FTC-TAGS-005 keeps a failed physical tag write visible and records it in Log History @area:tag-edit 

=== Playwright Summary ===
[x] nonAlbumRarity.spec
  [x] FTC-TAGS-005 keeps a failed physical tag write visible and records it in Log History @area:tag-edit

Overall: 0/1 passed
Failed tests:
- nonAlbumRarity.spec > FTC-TAGS-005 keeps a failed physical tag write visible and records it in Log History @area:tag-edit
[playwright-wrapper-diagnostic] {"reason":"wrapper-child-lifecycle-mismatch","childExitCode":1,"childExitSignal":null,"childCloseCode":1,"childCloseSignal":null,"processError":null,"stopReason":"none","cleanupOutcome":"completed"}
[playwright-wrapper-final-decision] {"wrapperExitCode":1,"attemptReturn":{"exitCode":1,"exitReason":"wrapper-child-lifecycle-mismatch"},"fakeDatabaseCleanup":{"status":"completed","error":null,"mode":"lock-only"},"scanAppCleanup":{"status":"not-required","error":null},"isolatedAppCleanup":{"status":"completed","error":null},"tempCleanup":{"status":"completed","error":null,"removedCount":1},"passivePortDiagnostics":[{"port":5500,"status":"completed","error":null,"ownerCount":0},{"port":5502,"status":"completed","error":null,"ownerCount":0}],"finalSummary":{"phase":"run-final","status":"failed","total":1,"completed":1,"failed":1,"skipped":0,"errors":0,"listOnly":false},"exitReason":"wrapper-child-lifecycle-mismatch"}
{"restored":0,"removed":0,"unchanged":1497}
Album Haven production E2E app listening on http://127.0.0.1:5500 with 0 artists, 0 albums, 0 tracks, and provider fixtures on http://127.0.0.1:5502
2026-09-18 20:35:39,292 [INFO] music_app: Startup scan-cache hydration completed files=7200 albums=400
2026-09-18 20:35:39,292 [INFO] music_app: Legacy album exclusions migrated albums=1 removed_rules=18 created_rules=1
2026-09-18 20:35:39,798 [INFO] music_app: Relation projection startup readiness ready=true rebuilt=true reason=missing_projection builder_version=local-relation-builder-v9 source_row_count=7438 duration_ms=465.74 source_load=139.78 fingerprint=64.91 pure_build=144.56 family_link_replacement=8.00 snapshot_publication=1.86
2026-09-18 20:35:41,026 [INFO] music_app: {"action": "Index request completed", "album_count": 0, "artist_count": 0, "bootstrap_mode": "fresh_preview", "covers_in_progress": false, "elapsed_ms": 522.18, "hydrate_in_progress": false, "payload_elapsed_ms": 283.44, "query": "", "scan_in_progress": false, "selected_artist": ""}

Running 1 test using 1 worker

2026-09-18 20:36:07,440 [INFO] music_app: {"action": "Index request completed", "album_count": 0, "artist_count": 0, "bootstrap_mode": "fresh_preview", "covers_in_progress": false, "elapsed_ms": 291.01, "hydrate_in_progress": false, "payload_elapsed_ms": 172.3, "query": "", "scan_in_progress": false, "selected_artist": ""}
[TEST] FTC-APPEARANCE-001 applies every Appearance control family to real UI and preserves it across reload
  [STEP] Open the five-page Appearance workspace and keep drafts preview-only
2026-09-18 20:36:10,666 [INFO] music_app: {"action": "Index request completed", "album_count": 0, "artist_count": 0, "bootstrap_mode": "fresh_preview", "covers_in_progress": false, "elapsed_ms": 265.86, "hydrate_in_progress": false, "payload_elapsed_ms": 142.12, "query": "", "scan_in_progress": false, "selected_artist": ""}
  [PASS] Open the five-page Appearance workspace and keep drafts preview-only (5124 ms)
  [STEP] Preview every alert severity and both album states without saving preview state
  [PASS] Preview every alert severity and both album states without saving preview state (1869 ms)
  [STEP] Override one value through every Player and Seekbar control group
  [FAIL] Override one value through every Player and Seekbar control group :: page.waitForFunction: Timeout 60000ms exceeded. (61127 ms)
Album Haven production E2E app listening on http://127.0.0.1:5500 with 0 artists, 0 albums, 0 tracks, and provider fixtures on http://127.0.0.1:5502
2026-09-18 20:37:25,679 [INFO] music_app: Startup scan-cache hydration completed files=7200 albums=400
2026-09-18 20:37:27,240 [INFO] music_app: {"action": "Index request completed", "album_count": 0, "artist_count": 0, "bootstrap_mode": "fresh_preview", "covers_in_progress": false, "elapsed_ms": 374.23, "hydrate_in_progress": false, "payload_elapsed_ms": 132.51, "query": "", "scan_in_progress": false, "selected_artist": ""}
  x  1 [functional] › tests\e2e\specs\appearanceControls.spec.js:111:1 › FTC-APPEARANCE-001 applies every Appearance control family to real UI and preserves it across reload @area:responsive-visual (1.6m)
[album-haven-playwright-result] {"version":1,"phase":"tests-complete","nonce":"f3269b17b17cf021a29cf61d390319382e8b8e240cf7af07b7b1c7219a9e402d","status":"failed","total":1,"completed":1,"failed":1,"skipped":0,"errors":0}
[playwright-wrapper-failure-latched] {"phase":"tests-complete","status":"failed","total":1,"completed":1,"failed":1,"skipped":0,"errors":0}



[album-haven-playwright-result] {"version":1,"phase":"run-final","nonce":"f3269b17b17cf021a29cf61d390319382e8b8e240cf7af07b7b1c7219a9e402d","status":"failed","total":1,"completed":1,"failed":1,"skipped":0,"errors":0}

  1) [functional] › tests\e2e\specs\appearanceControls.spec.js:111:1 › FTC-APPEARANCE-001 applies every Appearance control family to real UI and preserves it across reload @area:responsive-visual 

    TimeoutError: page.waitForFunction: Timeout 60000ms exceeded.

       at ..\poms\basePage.js:71

      69 |
      70 |   async waitForPageCondition(callback, options = {}, arg = null) {
    > 71 |     await this.page.waitForFunction(callback, arg, options);
         |                     ^
      72 |   }
      73 |
      74 |   async readProductionBootstrapPayload() {
        at UtilityAppearanceTab.waitForPageCondition (D:\a\AlbumHaven\AlbumHaven\tests\e2e\poms\basePage.js:71:21)
        at UtilityAppearanceActions.selectSeekbarMode (D:\a\AlbumHaven\AlbumHaven\tests\e2e\actions\utilityAppearanceActions.js:39:37)
        at D:\a\AlbumHaven\AlbumHaven\tests\e2e\specs\appearanceControls.spec.js:228:5
        at runStep (D:\a\AlbumHaven\AlbumHaven\tests\e2e\support\baseFixtures.js:146:22)
        at D:\a\AlbumHaven\AlbumHaven\tests\e2e\specs\appearanceControls.spec.js:210:3

    attachment #1: step-transcript.txt (text/plain) ────────────────────────────────────────────────
    [TEST] FTC-APPEARANCE-001 applies every Appearance control family to real UI and preserves it across reload
      [STEP] Open the five-page Appearance workspace and keep drafts preview-only
      [PASS] Open the five-page Appearance workspace and keep drafts preview-only (5124 ms)
      [STEP] Preview every ale...
    ────────────────────────────────────────────────────────────────────────────────────────────────

    attachment #3: stacktrace.txt (text/plain) ─────────────────────────────────────────────────────
    Error 1
    TimeoutError: page.waitForFunction: Timeout 60000ms exceeded.
        at UtilityAppearanceTab.waitForPageCondition (D:\a\AlbumHaven\AlbumHaven\tests\e2e\poms\basePage.js:71:21)
        at UtilityAppearanceActions.selectSeekbarMode (D:\a\AlbumHaven\AlbumHaven\tests\e2e\actions\utilityAppearanceAction...
    ────────────────────────────────────────────────────────────────────────────────────────────────

    attachment #4: runtime-log.txt (text/plain) ────────────────────────────────────────────────────
    [2026-09-18T20:36:13.655Z] requestfailed/net::ERR_ABORTED: GET http://127.0.0.1:5500/cover?path=D%3A%5Ca%5C_temp%5Calbum-haven-e2e-functional-fixtures-playback-utilities%5Cshared%5Cmedia%5CAlbum%20Haven%20Last.fm%20Fixture%5CSigned%20Scrobble%20Journey%5Ccover.png&size=480&v=process-970cebf7d3801711...
    ────────────────────────────────────────────────────────────────────────────────────────────────

    Error Context: ..\..\_temp\functional-output-playback-utilities\wave-02-14-playwright-config-js\appearanceControls-FTC-APP-3cc8b--preserves-it-across-reload-functional\error-context.md

    attachment #7: trace (application/zip) ─────────────────────────────────────────────────────────
    ..\..\_temp\functional-output-playback-utilities\wave-02-14-playwright-config-js\appearanceControls-FTC-APP-3cc8b--preserves-it-across-reload-functional\trace.zip
    Usage:

        npx playwright show-trace ..\..\_temp\functional-output-playback-utilities\wave-02-14-playwright-config-js\appearanceControls-FTC-APP-3cc8b--preserves-it-across-reload-functional\trace.zip

    ────────────────────────────────────────────────────────────────────────────────────────────────

  1 failed
    [functional] › tests\e2e\specs\appearanceControls.spec.js:111:1 › FTC-APPEARANCE-001 applies every Appearance control family to real UI and preserves it across reload @area:responsive-visual 

=== Playwright Summary ===
[x] appearanceControls.spec
  [x] FTC-APPEARANCE-001 applies every Appearance control family to real UI and preserves it across reload @area:responsive-visual (1.6m)

Overall: 0/1 passed
Failed tests:
- appearanceControls.spec > FTC-APPEARANCE-001 applies every Appearance control family to real UI and preserves it across reload @area:responsive-visual (1.6m)
[playwright-wrapper-diagnostic] {"reason":"wrapper-child-lifecycle-mismatch","childExitCode":1,"childExitSignal":null,"childCloseCode":1,"childCloseSignal":null,"processError":null,"stopReason":"none","cleanupOutcome":"completed"}
[playwright-wrapper-final-decision] {"wrapperExitCode":1,"attemptReturn":{"exitCode":1,"exitReason":"wrapper-child-lifecycle-mismatch"},"fakeDatabaseCleanup":{"status":"completed","error":null,"mode":"lock-only"},"scanAppCleanup":{"status":"not-required","error":null},"isolatedAppCleanup":{"status":"completed","error":null},"tempCleanup":{"status":"completed","error":null,"removedCount":1},"passivePortDiagnostics":[{"port":5500,"status":"completed","error":null,"ownerCount":0},{"port":5502,"status":"completed","error":null,"ownerCount":0}],"finalSummary":{"phase":"run-final","status":"failed","total":1,"completed":1,"failed":1,"skipped":0,"errors":0,"listOnly":false},"exitReason":"wrapper-child-lifecycle-mismatch"}
{"restored":0,"removed":0,"unchanged":1497}
Album Haven production E2E app listening on http://127.0.0.1:5500 with 0 artists, 0 albums, 0 tracks, and provider fixtures on http://127.0.0.1:5502
2026-09-18 20:38:17,139 [INFO] music_app: Startup scan-cache hydration completed files=7200 albums=400
2026-09-18 20:38:17,139 [INFO] music_app: Legacy album exclusions migrated albums=1 removed_rules=18 created_rules=1
2026-09-18 20:38:17,646 [INFO] music_app: Relation projection startup readiness ready=true rebuilt=true reason=missing_projection builder_version=local-relation-builder-v9 source_row_count=7438 duration_ms=470.42 source_load=138.73 fingerprint=59.85 pure_build=149.96 family_link_replacement=7.70 snapshot_publication=1.67
2026-09-18 20:38:18,863 [INFO] music_app: {"action": "Index request completed", "album_count": 0, "artist_count": 0, "bootstrap_mode": "fresh_preview", "covers_in_progress": false, "elapsed_ms": 413.64, "hydrate_in_progress": false, "payload_elapsed_ms": 179.22, "query": "", "scan_in_progress": false, "selected_artist": ""}

Running 1 test using 1 worker

2026-09-18 20:38:45,262 [INFO] music_app: {"action": "Index request completed", "album_count": 0, "artist_count": 0, "bootstrap_mode": "fresh_preview", "covers_in_progress": false, "elapsed_ms": 439.32, "hydrate_in_progress": false, "payload_elapsed_ms": 235.26, "query": "", "scan_in_progress": false, "selected_artist": ""}
2026-09-18 20:38:48,505 [INFO] music_app: {"action": "Index request completed", "album_count": 0, "artist_count": 0, "bootstrap_mode": "fresh_preview", "covers_in_progress": false, "elapsed_ms": 258.7, "hydrate_in_progress": false, "payload_elapsed_ms": 148.66, "query": "", "scan_in_progress": false, "selected_artist": ""}
2026-09-18 20:38:54,184 [INFO] music_app: {"action": "Index request completed", "album_count": 0, "artist_count": 0, "bootstrap_mode": "fresh_preview", "covers_in_progress": false, "elapsed_ms": 273.98, "hydrate_in_progress": false, "payload_elapsed_ms": 165.12, "query": "", "scan_in_progress": false, "selected_artist": ""}
Album Haven production E2E app listening on http://127.0.0.1:5500 with 0 artists, 0 albums, 0 tracks, and provider fixtures on http://127.0.0.1:5502
2026-09-18 20:39:11,578 [INFO] music_app: Startup scan-cache hydration completed files=7200 albums=400
2026-09-18 20:39:12,865 [INFO] music_app: {"action": "Index request completed", "album_count": 0, "artist_count": 0, "bootstrap_mode": "fresh_preview", "covers_in_progress": false, "elapsed_ms": 458.64, "hydrate_in_progress": false, "payload_elapsed_ms": 226.64, "query": "", "scan_in_progress": false, "selected_artist": ""}
  ok 1 [functional] › tests\e2e\specs\appearanceControls.spec.js:24:1 › FTC-SETTINGS-A01 shared search preserves the staged loop style and Save hydrates it before Settings opens @area:settings (41.7s)
[album-haven-playwright-result] {"version":1,"phase":"tests-complete","nonce":"69624b1d56c24e892684a459794a022e4a9bacc06e7c9532e62d92db03f17ed3","status":"passed","total":1,"completed":1,"failed":0,"skipped":0,"errors":0}



[album-haven-playwright-result] {"version":1,"phase":"run-final","nonce":"69624b1d56c24e892684a459794a022e4a9bacc06e7c9532e62d92db03f17ed3","status":"passed","total":1,"completed":1,"failed":0,"skipped":0,"errors":0}
  1 passed (48.5s)

=== Playwright Summary ===
[✓] appearanceControls.spec
  [✓] FTC-SETTINGS-A01 shared search preserves the staged loop style and Save hydrates it before Settings opens @area:settings

Overall: 1/1 passed
[playwright-wrapper-final-decision] {"wrapperExitCode":0,"attemptReturn":{"exitCode":0,"exitReason":"authoritative-pass"},"fakeDatabaseCleanup":{"status":"completed","error":null,"mode":"lock-only"},"scanAppCleanup":{"status":"not-required","error":null},"isolatedAppCleanup":{"status":"completed","error":null},"tempCleanup":{"status":"completed","error":null,"removedCount":1},"passivePortDiagnostics":[{"port":5500,"status":"completed","error":null,"ownerCount":0},{"port":5502,"status":"completed","error":null,"ownerCount":0}],"finalSummary":{"phase":"run-final","status":"passed","total":1,"completed":1,"failed":0,"skipped":0,"errors":0,"listOnly":false},"exitReason":"authoritative-pass"}
{"restored":0,"removed":0,"unchanged":1497}
Album Haven production E2E app listening on http://127.0.0.1:5500 with 0 artists, 0 albums, 0 tracks, and provider fixtures on http://127.0.0.1:5502
2026-09-18 20:39:58,076 [INFO] music_app: Startup scan-cache hydration completed files=7200 albums=400
2026-09-18 20:39:58,076 [INFO] music_app: Legacy album exclusions migrated albums=1 removed_rules=18 created_rules=1
2026-09-18 20:39:58,569 [INFO] music_app: Relation projection startup readiness ready=true rebuilt=true reason=missing_projection builder_version=local-relation-builder-v9 source_row_count=7438 duration_ms=456.56 source_load=136.09 fingerprint=57.53 pure_build=152.10 family_link_replacement=7.62 snapshot_publication=1.72
2026-09-18 20:39:59,748 [INFO] music_app: {"action": "Index request completed", "album_count": 0, "artist_count": 0, "bootstrap_mode": "fresh_preview", "covers_in_progress": false, "elapsed_ms": 433.45, "hydrate_in_progress": false, "payload_elapsed_ms": 179.6, "query": "", "scan_in_progress": false, "selected_artist": ""}

Running 1 test using 1 worker

2026-09-18 20:40:25,516 [INFO] music_app: {"action": "Index request completed", "album_count": 0, "artist_count": 0, "bootstrap_mode": "fresh_preview", "covers_in_progress": false, "elapsed_ms": 298.12, "hydrate_in_progress": false, "payload_elapsed_ms": 182.92, "query": "", "scan_in_progress": false, "selected_artist": ""}
[TEST] FTC-ALBUM-DETAILS-019 keeps all persisted layouts on the shared compact Album Details components
2026-09-18 20:40:28,679 [INFO] music_app: {"action": "Index request completed", "album_count": 0, "artist_count": 0, "bootstrap_mode": "fresh_preview", "covers_in_progress": false, "elapsed_ms": 238.63, "hydrate_in_progress": false, "payload_elapsed_ms": 129.29, "query": "", "scan_in_progress": false, "selected_artist": ""}
  [STEP] Save and inspect the stacked_bar Album Details layout
2026-09-18 20:40:32,928 [INFO] music_app: {"action": "Postgres album search request started", "query": "Ordinary Numeric Disc Control"}
2026-09-18 20:40:33,071 [INFO] music_app: {"action": "View data request completed", "album_count": 1, "artist_count": 1, "elapsed_ms": 141.88, "query": "Ordinary Numeric Disc Control", "selected_artist": "Various Artists"}
  [FAIL] Save and inspect the stacked_bar Album Details layout :: Cannot read properties of undefined (reading '***') (2899 ms)
Album Haven production E2E app listening on http://127.0.0.1:5500 with 0 artists, 0 albums, 0 tracks, and provider fixtures on http://127.0.0.1:5502
2026-09-18 20:40:42,096 [INFO] music_app: Startup scan-cache hydration completed files=7200 albums=400
2026-09-18 20:40:43,451 [INFO] music_app: {"action": "Index request completed", "album_count": 0, "artist_count": 0, "bootstrap_mode": "fresh_preview", "covers_in_progress": false, "elapsed_ms": 465.85, "hydrate_in_progress": false, "payload_elapsed_ms": 236.01, "query": "", "scan_in_progress": false, "selected_artist": ""}
  x  1 [functional] › tests\e2e\specs\albumDetailsComponents.functional.spec.js:28:1 › FTC-ALBUM-DETAILS-019 keeps all persisted layouts on the shared compact Album Details components @area:album-details (32.4s)
[playwright-wrapper-failure-latched] {"phase":"tests-complete","status":"failed","total":1,"completed":1,"failed":1,"skipped":0,"errors":0}
[album-haven-playwright-result] {"version":1,"phase":"tests-complete","nonce":"c201e4a8bf1c5585a47c670481d9e42907e2b3b6317453804049f226e305fb75","status":"failed","total":1,"completed":1,"failed":1,"skipped":0,"errors":0}



[album-haven-playwright-result] {"version":1,"phase":"run-final","nonce":"c201e4a8bf1c5585a47c670481d9e42907e2b3b6317453804049f226e305fb75","status":"failed","total":1,"completed":1,"failed":1,"skipped":0,"errors":0}

  1) [functional] › tests\e2e\specs\albumDetailsComponents.functional.spec.js:28:1 › FTC-ALBUM-DETAILS-019 keeps all persisted layouts on the shared compact Album Details components @area:album-details 

    TypeError: Cannot read properties of undefined (reading '***')

      83 |       expect(artboxBounds).not.toBeNull();
      84 |       expect(Math.abs(artboxBounds.width - artboxBounds.height)).toBeLessThanOrEqual(1);
    > 85 |       await expect(trackModalActions.trackModal.albumTrackTable.***).toHaveAttribute('data-playing-animation', /^(enabled|disabled)$/);
         |                                                                 ^
      86 |       await expect(trackModalActions.trackModal.albumTrackTable.discHeadings).toHaveText(['CD 1', 'CD 2']);
      87 |       await expect(trackModalActions.trackModal.albumTrackTable.tables).toHaveCount(2);
      88 |       await expect(trackModalActions.trackModal.albumTrackTable.secondTableHeaders).toHaveCount(0);
        at D:\a\AlbumHaven\AlbumHaven\tests\e2e\specs\albumDetailsComponents.functional.spec.js:85:65
        at runStep (D:\a\AlbumHaven\AlbumHaven\tests\e2e\support\baseFixtures.js:146:22)
        at D:\a\AlbumHaven\AlbumHaven\tests\e2e\specs\albumDetailsComponents.functional.spec.js:47:5

    attachment #1: step-transcript.txt (text/plain) ────────────────────────────────────────────────
    [TEST] FTC-ALBUM-DETAILS-019 keeps all persisted layouts on the shared compact Album Details components
      [STEP] Save and inspect the stacked_bar Album Details layout
      [FAIL] Save and inspect the stacked_bar Album Details layout :: Cannot read properties of undefined (reading '***') (2899 ms)
    ────────────────────────────────────────────────────────────────────────────────────────────────

    attachment #3: stacktrace.txt (text/plain) ─────────────────────────────────────────────────────
    Error 1
    TypeError: Cannot read properties of undefined (reading '***')
        at D:\a\AlbumHaven\AlbumHaven\tests\e2e\specs\albumDetailsComponents.functional.spec.js:85:65
        at runStep (D:\a\AlbumHaven\AlbumHaven\tests\e2e\support\baseFixtures.js:146:22)
        at D:\a\AlbumHaven\AlbumHaven\tests\e2e\s...
    ────────────────────────────────────────────────────────────────────────────────────────────────

    attachment #4: runtime-log.txt (text/plain) ────────────────────────────────────────────────────
    [2026-09-18T20:40:31.906Z] console/info: [AlbumHaven][Utilities][Diagnostics] {kind: summary, itemCount: 21, ok: true, status: 200, error: null} @ http://127.0.0.1:5500/static/js/runtime-bundle.js?v=3d7038065bd9cf6aa40b:21817:10
    ────────────────────────────────────────────────────────────────────────────────────────────────

    Error Context: ..\..\_temp\functional-output-playback-utilities\wave-02-16-playwright-config-js\albumDetailsComponents.fun-b96f3-ct-Album-Details-components-functional\error-context.md

    attachment #7: trace (application/zip) ─────────────────────────────────────────────────────────
    ..\..\_temp\functional-output-playback-utilities\wave-02-16-playwright-config-js\albumDetailsComponents.fun-b96f3-ct-Album-Details-components-functional\trace.zip
    Usage:

        npx playwright show-trace ..\..\_temp\functional-output-playback-utilities\wave-02-16-playwright-config-js\albumDetailsComponents.fun-b96f3-ct-Album-Details-components-functional\trace.zip

    ────────────────────────────────────────────────────────────────────────────────────────────────

  1 failed
    [functional] › tests\e2e\specs\albumDetailsComponents.functional.spec.js:28:1 › FTC-ALBUM-DETAILS-019 keeps all persisted layouts on the shared compact Album Details components @area:album-details 

=== Playwright Summary ===
[playwright-wrapper-diagnostic] {"reason":"wrapper-child-lifecycle-mismatch","childExitCode":1,"childExitSignal":null,"childCloseCode":1,"childCloseSignal":null,"processError":null,"stopReason":"none","cleanupOutcome":"completed"}
[x] albumDetailsComponents.functional.spec
  [x] FTC-ALBUM-DETAILS-019 keeps all persisted layouts on the shared compact Album Details components @area:album-details

Overall: 0/1 passed
Failed tests:
- albumDetailsComponents.functional.spec > FTC-ALBUM-DETAILS-019 keeps all persisted layouts on the shared compact Album Details components @area:album-details
[playwright-wrapper-final-decision] {"wrapperExitCode":1,"attemptReturn":{"exitCode":1,"exitReason":"wrapper-child-lifecycle-mismatch"},"fakeDatabaseCleanup":{"status":"completed","error":null,"mode":"lock-only"},"scanAppCleanup":{"status":"not-required","error":null},"isolatedAppCleanup":{"status":"completed","error":null},"tempCleanup":{"status":"completed","error":null,"removedCount":1},"passivePortDiagnostics":[{"port":5500,"status":"completed","error":null,"ownerCount":0},{"port":5502,"status":"completed","error":null,"ownerCount":0}],"finalSummary":{"phase":"run-final","status":"failed","total":1,"completed":1,"failed":1,"skipped":0,"errors":0,"listOnly":false},"exitReason":"wrapper-child-lifecycle-mismatch"}
{"restored":0,"removed":0,"unchanged":1497}
Album Haven production E2E app listening on http://127.0.0.1:5500 with 0 artists, 0 albums, 0 tracks, and provider fixtures on http://127.0.0.1:5502
2026-09-18 20:41:30,429 [INFO] music_app: Startup scan-cache hydration completed files=7200 albums=400
2026-09-18 20:41:30,429 [INFO] music_app: Legacy album exclusions migrated albums=1 removed_rules=18 created_rules=1
2026-09-18 20:41:30,913 [INFO] music_app: Relation projection startup readiness ready=true rebuilt=true reason=missing_projection builder_version=local-relation-builder-v9 source_row_count=7438 duration_ms=447.91 source_load=136.42 fingerprint=56.52 pure_build=145.60 family_link_replacement=7.83 snapshot_publication=1.69
2026-09-18 20:41:32,175 [INFO] music_app: {"action": "Index request completed", "album_count": 0, "artist_count": 0, "bootstrap_mode": "fresh_preview", "covers_in_progress": false, "elapsed_ms": 406.8, "hydrate_in_progress": false, "payload_elapsed_ms": 175.56, "query": "", "scan_in_progress": false, "selected_artist": ""}

Running 1 test using 1 worker

2026-09-18 20:41:57,786 [INFO] music_app: {"action": "Index request completed", "album_count": 0, "artist_count": 0, "bootstrap_mode": "fresh_preview", "covers_in_progress": false, "elapsed_ms": 274.5, "hydrate_in_progress": false, "payload_elapsed_ms": 152.78, "query": "", "scan_in_progress": false, "selected_artist": ""}
[TEST] FTC-ALBUM-DETAILS-020 preserves search, hover, playback, and reduced-motion states
2026-09-18 20:42:00,946 [INFO] music_app: {"action": "Index request completed", "album_count": 0, "artist_count": 0, "bootstrap_mode": "fresh_preview", "covers_in_progress": false, "elapsed_ms": 251.83, "hydrate_in_progress": false, "payload_elapsed_ms": 147.37, "query": "", "scan_in_progress": false, "selected_artist": ""}
  [STEP] Enable persisted playing-row animation for this owned scenario
  [PASS] Enable persisted playing-row animation for this owned scenario (1080 ms)
  [STEP] Open a track search match and keep its persistent accent through hover
2026-09-18 20:42:04,886 [INFO] music_app: {"action": "Postgres album search request started", "query": "Clean Signal"}
2026-09-18 20:42:05,024 [INFO] music_app: {"action": "View data request completed", "album_count": 1, "artist_count": 1, "elapsed_ms": 137.29, "query": "Clean Signal", "selected_artist": "Various Artists"}
  [FAIL] Open a track search match and keep its persistent accent through hover :: Cannot read properties of undefined (reading 'rows') (983 ms)
Album Haven production E2E app listening on http://127.0.0.1:5500 with 0 artists, 0 albums, 0 tracks, and provider fixtures on http://127.0.0.1:5502
2026-09-18 20:42:12,754 [INFO] music_app: Startup scan-cache hydration completed files=7200 albums=400
2026-09-18 20:42:13,973 [INFO] music_app: {"action": "Index request completed", "album_count": 0, "artist_count": 0, "bootstrap_mode": "fresh_preview", "covers_in_progress": false, "elapsed_ms": 362.75, "hydrate_in_progress": false, "payload_elapsed_ms": 138.81, "query": "", "scan_in_progress": false, "selected_artist": ""}
  x  1 [functional] › tests\e2e\specs\albumDetailsComponents.functional.spec.js:157:1 › FTC-ALBUM-DETAILS-020 preserves search, hover, playback, and reduced-motion states @area:album-details (30.8s)
[playwright-wrapper-failure-latched] {"phase":"tests-complete","status":"failed","total":1,"completed":1,"failed":1,"skipped":0,"errors":0}
[album-haven-playwright-result] {"version":1,"phase":"tests-complete","nonce":"e7d33c1cd4522331655d41e50092e81490ddcc5039dd677b3eb85fe0381d0bc2","status":"failed","total":1,"completed":1,"failed":1,"skipped":0,"errors":0}



[album-haven-playwright-result] {"version":1,"phase":"run-final","nonce":"e7d33c1cd4522331655d41e50092e81490ddcc5039dd677b3eb85fe0381d0bc2","status":"failed","total":1,"completed":1,"failed":1,"skipped":0,"errors":0}

  1) [functional] › tests\e2e\specs\albumDetailsComponents.functional.spec.js:157:1 › FTC-ALBUM-DETAILS-020 preserves search, hover, playback, and reduced-motion states @area:album-details 

    TypeError: Cannot read properties of undefined (reading 'rows')

      189 |     await galleryActions.clickAlbumDetailsByAlbumName(PLAYBACK_ALBUM);
      190 |     await trackModalActions.waitForReady();
    > 191 |     const passiveRow = trackModalActions.trackModal.albumTrackTable.rows.nth(1);
          |                                                                     ^
      192 |     await expect(passiveRow).not.toHaveClass(/album-track-table__row--search-match/);
      193 |     // parity-check: allow-read-only-measurement-evaluate -- compare the real passive row surface before and during hover
      194 |     const passiveBeforeHover = await passiveRow.evaluate((row) => getComputedStyle(row).backgroundColor);
        at D:\a\AlbumHaven\AlbumHaven\tests\e2e\specs\albumDetailsComponents.functional.spec.js:191:69
        at runStep (D:\a\AlbumHaven\AlbumHaven\tests\e2e\support\baseFixtures.js:146:22)
        at D:\a\AlbumHaven\AlbumHaven\tests\e2e\specs\albumDetailsComponents.functional.spec.js:185:3

    attachment #1: step-transcript.txt (text/plain) ────────────────────────────────────────────────
    [TEST] FTC-ALBUM-DETAILS-020 preserves search, hover, playback, and reduced-motion states
      [STEP] Enable persisted playing-row animation for this owned scenario
      [PASS] Enable persisted playing-row animation for this owned scenario (1080 ms)
      [STEP] Open a track search match and keep its persiste...
    ────────────────────────────────────────────────────────────────────────────────────────────────

    attachment #3: stacktrace.txt (text/plain) ─────────────────────────────────────────────────────
    Error 1
    TypeError: Cannot read properties of undefined (reading 'rows')
        at D:\a\AlbumHaven\AlbumHaven\tests\e2e\specs\albumDetailsComponents.functional.spec.js:191:69
        at runStep (D:\a\AlbumHaven\AlbumHaven\tests\e2e\support\baseFixtures.js:146:22)
        at D:\a\AlbumHaven\AlbumHaven\tests\e2e\...
    ────────────────────────────────────────────────────────────────────────────────────────────────

    attachment #4: runtime-log.txt (text/plain) ────────────────────────────────────────────────────
    [2026-09-18T20:42:03.945Z] requestfailed/net::ERR_ABORTED: GET http://127.0.0.1:5500/cover?path=D%3A%5Ca%5C_temp%5Calbum-haven-e2e-functional-fixtures-playback-utilities%5Cshared%5Cmedia%5CAlbum%20Haven%20Last.fm%20Fixture%5CSigned%20Scrobble%20Journey%5Ccover.png&size=480&v=process-6d02d06ebd7e2c05...
    ────────────────────────────────────────────────────────────────────────────────────────────────

    Error Context: ..\..\_temp\functional-output-playback-utilities\wave-02-17-playwright-config-js\albumDetailsComponents.fun-64ca6-k-and-reduced-motion-states-functional\error-context.md

    attachment #7: trace (application/zip) ─────────────────────────────────────────────────────────
    ..\..\_temp\functional-output-playback-utilities\wave-02-17-playwright-config-js\albumDetailsComponents.fun-64ca6-k-and-reduced-motion-states-functional\trace.zip
    Usage:

        npx playwright show-trace ..\..\_temp\functional-output-playback-utilities\wave-02-17-playwright-config-js\albumDetailsComponents.fun-64ca6-k-and-reduced-motion-states-functional\trace.zip

    ────────────────────────────────────────────────────────────────────────────────────────────────

  1 failed
    [functional] › tests\e2e\specs\albumDetailsComponents.functional.spec.js:157:1 › FTC-ALBUM-DETAILS-020 preserves search, hover, playback, and reduced-motion states @area:album-details 

=== Playwright Summary ===
[x] albumDetailsComponents.functional.spec
  [x] FTC-ALBUM-DETAILS-020 preserves search, hover, playback, and reduced-motion states @area:album-details

Overall: 0/1 passed
Failed tests:
- albumDetailsComponents.functional.spec > FTC-ALBUM-DETAILS-020 preserves search, hover, playback, and reduced-motion states @area:album-details
[playwright-wrapper-diagnostic] {"reason":"wrapper-child-lifecycle-mismatch","childExitCode":1,"childExitSignal":null,"childCloseCode":1,"childCloseSignal":null,"processError":null,"stopReason":"none","cleanupOutcome":"completed"}
[playwright-wrapper-final-decision] {"wrapperExitCode":1,"attemptReturn":{"exitCode":1,"exitReason":"wrapper-child-lifecycle-mismatch"},"fakeDatabaseCleanup":{"status":"completed","error":null,"mode":"lock-only"},"scanAppCleanup":{"status":"not-required","error":null},"isolatedAppCleanup":{"status":"completed","error":null},"tempCleanup":{"status":"completed","error":null,"removedCount":1},"passivePortDiagnostics":[{"port":5500,"status":"completed","error":null,"ownerCount":0},{"port":5502,"status":"completed","error":null,"ownerCount":0}],"finalSummary":{"phase":"run-final","status":"failed","total":1,"completed":1,"failed":1,"skipped":0,"errors":0,"listOnly":false},"exitReason":"wrapper-child-lifecycle-mismatch"}
{"restored":0,"removed":0,"unchanged":1497}
Album Haven production E2E app listening on http://127.0.0.1:5500 with 0 artists, 0 albums, 0 tracks, and provider fixtures on http://127.0.0.1:5502
2026-09-18 20:43:00,413 [INFO] music_app: Startup scan-cache hydration completed files=7200 albums=400
2026-09-18 20:43:00,413 [INFO] music_app: Legacy album exclusions migrated albums=1 removed_rules=18 created_rules=1
2026-09-18 20:43:01,013 [INFO] music_app: Relation projection startup readiness ready=true rebuilt=true reason=missing_projection builder_version=local-relation-builder-v9 source_row_count=7438 duration_ms=460.87 source_load=135.77 fingerprint=58.68 pure_build=156.21 family_link_replacement=7.53 snapshot_publication=1.66
2026-09-18 20:43:02,124 [INFO] music_app: {"action": "Index request completed", "album_count": 0, "artist_count": 0, "bootstrap_mode": "fresh_preview", "covers_in_progress": false, "elapsed_ms": 426.6, "hydrate_in_progress": false, "payload_elapsed_ms": 166.42, "query": "", "scan_in_progress": false, "selected_artist": ""}

Running 1 test using 1 worker

2026-09-18 20:43:28,133 [INFO] music_app: {"action": "Index request completed", "album_count": 0, "artist_count": 0, "bootstrap_mode": "fresh_preview", "covers_in_progress": false, "elapsed_ms": 281.64, "hydrate_in_progress": false, "payload_elapsed_ms": 159.65, "query": "", "scan_in_progress": false, "selected_artist": ""}
[TEST] FTC-PLAYER-014 Space controls background playback across Album Details, notifications, and Settings
  [STEP] Start generated-media playback with Album Details left open
2026-09-18 20:43:31,138 [INFO] music_app: {"action": "Index request completed", "album_count": 0, "artist_count": 0, "bootstrap_mode": "fresh_preview", "covers_in_progress": false, "elapsed_ms": 269.74, "hydrate_in_progress": false, "payload_elapsed_ms": 157.42, "query": "", "scan_in_progress": false, "selected_artist": ""}
  [PASS] Start generated-media playback with Album Details left open (5908 ms)
  [STEP] Let full cover occlude the player lane while Space remains global playback
  [FAIL] Let full cover occlude the player lane while Space remains global playback :: page.waitForFunction: Timeout 60000ms exceeded. (61051 ms)
  x  1 [functional] › tests\e2e\specs\playerOverlaySpaceShortcut.spec.js:19:1 › FTC-PLAYER-014 Space controls background playback across Album Details, notifications, and Settings @area:playback (1.2m)
[playwright-wrapper-failure-latched] {"phase":"tests-complete","status":"failed","total":1,"completed":1,"failed":1,"skipped":0,"errors":0}
[album-haven-playwright-result] {"version":1,"phase":"tests-complete","nonce":"87435d16cb3d0f79cd79ac62c1559cc01f0756bed8683894cbc0b35a72464beb","status":"failed","total":1,"completed":1,"failed":1,"skipped":0,"errors":0}



[album-haven-playwright-result] {"version":1,"phase":"run-final","nonce":"87435d16cb3d0f79cd79ac62c1559cc01f0756bed8683894cbc0b35a72464beb","status":"failed","total":1,"completed":1,"failed":1,"skipped":0,"errors":0}

  1) [functional] › tests\e2e\specs\playerOverlaySpaceShortcut.spec.js:19:1 › FTC-PLAYER-014 Space controls background playback across Album Details, notifications, and Settings @area:playback 

    TimeoutError: page.waitForFunction: Timeout 60000ms exceeded.

       at ..\poms\basePage.js:71

      69 |
      70 |   async waitForPageCondition(callback, options = {}, arg = null) {
    > 71 |     await this.page.waitForFunction(callback, arg, options);
         |                     ^
      72 |   }
      73 |
      74 |   async readProductionBootstrapPayload() {
        at GlobalPlayer.waitForPageCondition (D:\a\AlbumHaven\AlbumHaven\tests\e2e\poms\basePage.js:71:21)
        at GlobalPlayerActions.waitForPlaybackState (D:\a\AlbumHaven\AlbumHaven\tests\e2e\actions\globalPlayerActions.js:181:29)
        at Object.afterSpace (D:\a\AlbumHaven\AlbumHaven\tests\e2e\specs\playerOverlaySpaceShortcut.spec.js:63:45)
        at TrackModalActions.pressSpaceOnFocusedLightboxClose (D:\a\AlbumHaven\AlbumHaven\tests\e2e\actions\trackModalActions.js:668:29)
        at D:\a\AlbumHaven\AlbumHaven\tests\e2e\specs\playerOverlaySpaceShortcut.spec.js:62:5
        at runStep (D:\a\AlbumHaven\AlbumHaven\tests\e2e\support\baseFixtures.js:146:22)
        at D:\a\AlbumHaven\AlbumHaven\tests\e2e\specs\playerOverlaySpaceShortcut.spec.js:59:3

    attachment #1: step-transcript.txt (text/plain) ────────────────────────────────────────────────
    [TEST] FTC-PLAYER-014 Space controls background playback across Album Details, notifications, and Settings
      [STEP] Start generated-media playback with Album Details left open
      [PASS] Start generated-media playback with Album Details left open (5908 ms)
      [STEP] Let full cover occlude the player la...
    ────────────────────────────────────────────────────────────────────────────────────────────────

    attachment #3: stacktrace.txt (text/plain) ─────────────────────────────────────────────────────
    Error 1
    TimeoutError: page.waitForFunction: Timeout 60000ms exceeded.
        at GlobalPlayer.waitForPageCondition (D:\a\AlbumHaven\AlbumHaven\tests\e2e\poms\basePage.js:71:21)
        at GlobalPlayerActions.waitForPlaybackState (D:\a\AlbumHaven\AlbumHaven\tests\e2e\actions\globalPlayerActions.js:181:29)
      ...
    ────────────────────────────────────────────────────────────────────────────────────────────────

    attachment #4: runtime-log.txt (text/plain) ────────────────────────────────────────────────────
    [2026-09-18T20:43:34.588Z] requestfailed/net::ERR_ABORTED: GET http://127.0.0.1:5500/cover?path=D%3A%5Ca%5C_temp%5Calbum-haven-e2e-functional-fixtures-playback-utilities%5Cshared%5Cmedia%5CProgressive%20Projects%5CFlower%20Kings%20Family%5CAgents%20Of%20Mercy%5CFunctional%20Fixture%20Album%20335%5Cc...
    ────────────────────────────────────────────────────────────────────────────────────────────────

    Error Context: ..\..\_temp\functional-output-playback-utilities\wave-02-18-playwright-config-js\playerOverlaySpaceShortcut-9967e--notifications-and-Settings-functional\error-context.md

    attachment #7: trace (application/zip) ─────────────────────────────────────────────────────────
    ..\..\_temp\functional-output-playback-utilities\wave-02-18-playwright-config-js\playerOverlaySpaceShortcut-9967e--notifications-and-Settings-functional\trace.zip
    Usage:

        npx playwright show-trace ..\..\_temp\functional-output-playback-utilities\wave-02-18-playwright-config-js\playerOverlaySpaceShortcut-9967e--notifications-and-Settings-functional\trace.zip

    ────────────────────────────────────────────────────────────────────────────────────────────────

  1 failed
    [functional] › tests\e2e\specs\playerOverlaySpaceShortcut.spec.js:19:1 › FTC-PLAYER-014 Space controls background playback across Album Details, notifications, and Settings @area:playback 

=== Playwright Summary ===
[playwright-wrapper-diagnostic] {"reason":"wrapper-child-lifecycle-mismatch","childExitCode":1,"childExitSignal":null,"childCloseCode":1,"childCloseSignal":null,"processError":null,"stopReason":"none","cleanupOutcome":"completed"}
[x] playerOverlaySpaceShortcut.spec
  [x] FTC-PLAYER-014 Space controls background playback across Album Details, notifications, and Settings @area:playback (1.2m)

Overall: 0/1 passed
Failed tests:
- playerOverlaySpaceShortcut.spec > FTC-PLAYER-014 Space controls background playback across Album Details, notifications, and Settings @area:playback (1.2m)
[playwright-wrapper-final-decision] {"wrapperExitCode":1,"attemptReturn":{"exitCode":1,"exitReason":"wrapper-child-lifecycle-mismatch"},"fakeDatabaseCleanup":{"status":"completed","error":null,"mode":"lock-only"},"scanAppCleanup":{"status":"not-required","error":null},"isolatedAppCleanup":{"status":"completed","error":null},"tempCleanup":{"status":"completed","error":null,"removedCount":1},"passivePortDiagnostics":[{"port":5500,"status":"completed","error":null,"ownerCount":0},{"port":5502,"status":"completed","error":null,"ownerCount":0}],"finalSummary":{"phase":"run-final","status":"failed","total":1,"completed":1,"failed":1,"skipped":0,"errors":0,"listOnly":false},"exitReason":"wrapper-child-lifecycle-mismatch"}
{"restored":0,"removed":0,"unchanged":1497}
Album Haven production E2E app listening on http://127.0.0.1:5500 with 0 artists, 0 albums, 0 tracks, and provider fixtures on http://127.0.0.1:5502
2026-09-18 20:45:13,902 [INFO] music_app: Startup scan-cache hydration completed files=7200 albums=400
2026-09-18 20:45:13,902 [INFO] music_app: Legacy album exclusions migrated albums=1 removed_rules=18 created_rules=1
2026-09-18 20:45:14,389 [INFO] music_app: Relation projection startup readiness ready=true rebuilt=true reason=missing_projection builder_version=local-relation-builder-v9 source_row_count=7438 duration_ms=451.21 source_load=137.03 fingerprint=58.03 pure_build=144.92 family_link_replacement=7.51 snapshot_publication=1.68
2026-09-18 20:45:15,653 [INFO] music_app: {"action": "Index request completed", "album_count": 0, "artist_count": 0, "bootstrap_mode": "fresh_preview", "covers_in_progress": false, "elapsed_ms": 404.29, "hydrate_in_progress": false, "payload_elapsed_ms": 172.24, "query": "", "scan_in_progress": false, "selected_artist": ""}

Running 1 test using 1 worker

2026-09-18 20:45:41,206 [INFO] music_app: {"action": "Index request completed", "album_count": 0, "artist_count": 0, "bootstrap_mode": "fresh_preview", "covers_in_progress": false, "elapsed_ms": 284.58, "hydrate_in_progress": false, "payload_elapsed_ms": 164.56, "query": "", "scan_in_progress": false, "selected_artist": ""}
[TEST] FTC-PLAYER-019 / FTC-PLAYER-020 / FTC-PLAYER-021 / FTC-PLAYER-022 switches expanded, docked, and floating player views without sharing runner state
  [STEP] Start generated playback through the production album flow
2026-09-18 20:45:44,450 [INFO] music_app: {"action": "Index request completed", "album_count": 0, "artist_count": 0, "bootstrap_mode": "fresh_preview", "covers_in_progress": false, "elapsed_ms": 349.2, "hydrate_in_progress": false, "payload_elapsed_ms": 241.31, "query": "", "scan_in_progress": false, "selected_artist": ""}
  [FAIL] Start generated playback through the production album flow :: Cannot read properties of undefined (reading 'total') (4907 ms)
  x  1 [functional] › tests\e2e\specs\playerViewModes.spec.js:10:1 › FTC-PLAYER-019 / FTC-PLAYER-020 / FTC-PLAYER-021 / FTC-PLAYER-022 switches expanded, docked, and floating player views without sharing runner state @area:playback (6.0s)
[playwright-wrapper-failure-latched] {"phase":"tests-complete","status":"failed","total":1,"completed":1,"failed":1,"skipped":0,"errors":0}
[album-haven-playwright-result] {"version":1,"phase":"tests-complete","nonce":"69eda29ba36d38ef85ee431e43092ff4826c7624993aabbe6447626db95cad04","status":"failed","total":1,"completed":1,"failed":1,"skipped":0,"errors":0}



[album-haven-playwright-result] {"version":1,"phase":"run-final","nonce":"69eda29ba36d38ef85ee431e43092ff4826c7624993aabbe6447626db95cad04","status":"failed","total":1,"completed":1,"failed":1,"skipped":0,"errors":0}

  1) [functional] › tests\e2e\specs\playerViewModes.spec.js:10:1 › FTC-PLAYER-019 / FTC-PLAYER-020 / FTC-PLAYER-021 / FTC-PLAYER-022 switches expanded, docked, and floating player views without sharing runner state @area:playback 

    TypeError: Cannot read properties of undefined (reading 'total')

       at ..\actions\trackModalActions.js:213

      211 |       subtitle: String(await this.trackModal.subtitle.textContent() || '').trim(),
      212 |       footer: String(await this.trackModal.footer.textContent() || '').trim(),
    > 213 |       total: String(await this.trackModal.albumTrackTable.total.textContent() || '').trim(),
          |                                                           ^
      214 |       playButtons: await this.trackModal.playButtons.count(),
      215 |       trackRows: await this.trackModal.trackRows.count(),
      216 |       coverLoaded,
        at TrackModalActions.readSummary (D:\a\AlbumHaven\AlbumHaven\tests\e2e\actions\trackModalActions.js:213:59)
        at TrackModalActions.waitForLoadedSummary (D:\a\AlbumHaven\AlbumHaven\tests\e2e\actions\trackModalActions.js:246:21)
        at D:\a\AlbumHaven\AlbumHaven\tests\e2e\specs\playerViewModes.spec.js:28:5
        at runStep (D:\a\AlbumHaven\AlbumHaven\tests\e2e\support\baseFixtures.js:146:22)
        at D:\a\AlbumHaven\AlbumHaven\tests\e2e\specs\playerViewModes.spec.js:24:3

    attachment #1: step-transcript.txt (text/plain) ────────────────────────────────────────────────
    [TEST] FTC-PLAYER-019 / FTC-PLAYER-020 / FTC-PLAYER-021 / FTC-PLAYER-022 switches expanded, docked, and floating player views without sharing runner state
      [STEP] Start generated playback through the production album flow
      [FAIL] Start generated playback through the production album flow :: Cannot...
    ────────────────────────────────────────────────────────────────────────────────────────────────

    attachment #3: stacktrace.txt (text/plain) ─────────────────────────────────────────────────────
    Error 1
    TypeError: Cannot read properties of undefined (reading 'total')
        at TrackModalActions.readSummary (D:\a\AlbumHaven\AlbumHaven\tests\e2e\actions\trackModalActions.js:213:59)
        at TrackModalActions.waitForLoadedSummary (D:\a\AlbumHaven\AlbumHaven\tests\e2e\actions\trackModalActions.js:24...
    ────────────────────────────────────────────────────────────────────────────────────────────────

    attachment #4: runtime-log.txt (text/plain) ────────────────────────────────────────────────────
    [2026-09-18T20:45:48.224Z] requestfailed/net::ERR_ABORTED: GET http://127.0.0.1:5500/cover?path=D%3A%5Ca%5C_temp%5Calbum-haven-e2e-functional-fixtures-playback-utilities%5Cshared%5Cmedia%5CAlbum%20Rating%20Contract%5CRating%20Import%20Candidate%5Ccover.png&size=480&v=process-564df1b9c76e326d9eec22a9...
    ────────────────────────────────────────────────────────────────────────────────────────────────

    Error Context: ..\..\_temp\functional-output-playback-utilities\wave-02-19-playwright-config-js\playerViewModes-FTC-PLAYER-36a3f-ithout-sharing-runner-state-functional\error-context.md

    attachment #7: trace (application/zip) ─────────────────────────────────────────────────────────
    ..\..\_temp\functional-output-playback-utilities\wave-02-19-playwright-config-js\playerViewModes-FTC-PLAYER-36a3f-ithout-sharing-runner-state-functional\trace.zip
    Usage:

        npx playwright show-trace ..\..\_temp\functional-output-playback-utilities\wave-02-19-playwright-config-js\playerViewModes-FTC-PLAYER-36a3f-ithout-sharing-runner-state-functional\trace.zip

    ────────────────────────────────────────────────────────────────────────────────────────────────

  1 failed
    [functional] › tests\e2e\specs\playerViewModes.spec.js:10:1 › FTC-PLAYER-019 / FTC-PLAYER-020 / FTC-PLAYER-021 / FTC-PLAYER-022 switches expanded, docked, and floating player views without sharing runner state @area:playback 

=== Playwright Summary ===
[x] playerViewModes.spec
  [x] FTC-PLAYER-019 / FTC-PLAYER-020 / FTC-PLAYER-021 / FTC-PLAYER-022 switches expanded, docked, and floating player views without sharing runner state @area:playback

Overall: 0/1 passed
Failed tests:
- playerViewModes.spec > FTC-PLAYER-019 / FTC-PLAYER-020 / FTC-PLAYER-021 / FTC-PLAYER-022 switches expanded, docked, and floating player views without sharing runner state @area:playback
[playwright-wrapper-diagnostic] {"reason":"wrapper-child-lifecycle-mismatch","childExitCode":1,"childExitSignal":null,"childCloseCode":1,"childCloseSignal":null,"processError":null,"stopReason":"none","cleanupOutcome":"completed"}
[playwright-wrapper-final-decision] {"wrapperExitCode":1,"attemptReturn":{"exitCode":1,"exitReason":"wrapper-child-lifecycle-mismatch"},"fakeDatabaseCleanup":{"status":"completed","error":null,"mode":"lock-only"},"scanAppCleanup":{"status":"not-required","error":null},"isolatedAppCleanup":{"status":"completed","error":null},"tempCleanup":{"status":"completed","error":null,"removedCount":1},"passivePortDiagnostics":[{"port":5500,"status":"completed","error":null,"ownerCount":0},{"port":5502,"status":"completed","error":null,"ownerCount":0}],"finalSummary":{"phase":"run-final","status":"failed","total":1,"completed":1,"failed":1,"skipped":0,"errors":0,"listOnly":false},"exitReason":"wrapper-child-lifecycle-mismatch"}
{"restored":0,"removed":0,"unchanged":1497}
Album Haven production E2E app listening on http://127.0.0.1:5500 with 0 artists, 0 albums, 0 tracks, and provider fixtures on http://127.0.0.1:5502
2026-09-18 20:46:21,863 [INFO] music_app: Startup scan-cache hydration completed files=7200 albums=400
2026-09-18 20:46:21,863 [INFO] music_app: Legacy album exclusions migrated albums=1 removed_rules=18 created_rules=1
2026-09-18 20:46:22,447 [INFO] music_app: Relation projection startup readiness ready=true rebuilt=true reason=missing_projection builder_version=local-relation-builder-v9 source_row_count=7438 duration_ms=546.75 source_load=137.49 fingerprint=58.63 pure_build=142.98 family_link_replacement=7.67 snapshot_publication=1.71
2026-09-18 20:46:23,522 [INFO] music_app: {"action": "Index request completed", "album_count": 0, "artist_count": 0, "bootstrap_mode": "fresh_preview", "covers_in_progress": false, "elapsed_ms": 408.58, "hydrate_in_progress": false, "payload_elapsed_ms": 168.02, "query": "", "scan_in_progress": false, "selected_artist": ""}

Running 1 test using 1 worker

2026-09-18 20:46:49,314 [INFO] music_app: {"action": "Index request completed", "album_count": 0, "artist_count": 0, "bootstrap_mode": "fresh_preview", "covers_in_progress": false, "elapsed_ms": 280.05, "hydrate_in_progress": false, "payload_elapsed_ms": 157.59, "query": "", "scan_in_progress": false, "selected_artist": ""}
[TEST] FTC-PLAYER-015 player artwork reopens the playing album after selecting an unrelated search result
  [STEP] Start playback from the generated Various Artists fixture
2026-09-18 20:46:52,259 [INFO] music_app: {"action": "Index request completed", "album_count": 0, "artist_count": 0, "bootstrap_mode": "fresh_preview", "covers_in_progress": false, "elapsed_ms": 257.23, "hydrate_in_progress": false, "payload_elapsed_ms": 146.01, "query": "", "scan_in_progress": false, "selected_artist": ""}
2026-09-18 20:46:54,894 [INFO] music_app: {"action": "Postgres album search request started", "query": "Featured Signal Collection"}
2026-09-18 20:46:55,035 [INFO] music_app: {"action": "View data request completed", "album_count": 1, "artist_count": 1, "elapsed_ms": 139.49, "query": "Featured Signal Collection", "selected_artist": "Various Artists"}
  [FAIL] Start playback from the generated Various Artists fixture :: Cannot read properties of undefined (reading 'total') (3940 ms)
  x  1 [functional] › tests\e2e\specs\playerArtworkSearchContext.spec.js:10:1 › FTC-PLAYER-015 player artwork reopens the playing album after selecting an unrelated search result @area:playback (4.8s)
[playwright-wrapper-failure-latched] {"phase":"tests-complete","status":"failed","total":1,"completed":1,"failed":1,"skipped":0,"errors":0}
[album-haven-playwright-result] {"version":1,"phase":"tests-complete","nonce":"e3390432a5a414840abb0023eae5a7074c45e0a73dd90686936ef584fd2387df","status":"failed","total":1,"completed":1,"failed":1,"skipped":0,"errors":0}



[album-haven-playwright-result] {"version":1,"phase":"run-final","nonce":"e3390432a5a414840abb0023eae5a7074c45e0a73dd90686936ef584fd2387df","status":"failed","total":1,"completed":1,"failed":1,"skipped":0,"errors":0}

  1) [functional] › tests\e2e\specs\playerArtworkSearchContext.spec.js:10:1 › FTC-PLAYER-015 player artwork reopens the playing album after selecting an unrelated search result @area:playback 

    TypeError: Cannot read properties of undefined (reading 'total')

       at ..\actions\trackModalActions.js:213

      211 |       subtitle: String(await this.trackModal.subtitle.textContent() || '').trim(),
      212 |       footer: String(await this.trackModal.footer.textContent() || '').trim(),
    > 213 |       total: String(await this.trackModal.albumTrackTable.total.textContent() || '').trim(),
          |                                                           ^
      214 |       playButtons: await this.trackModal.playButtons.count(),
      215 |       trackRows: await this.trackModal.trackRows.count(),
      216 |       coverLoaded,
        at TrackModalActions.readSummary (D:\a\AlbumHaven\AlbumHaven\tests\e2e\actions\trackModalActions.js:213:59)
        at TrackModalActions.waitForLoadedSummary (D:\a\AlbumHaven\AlbumHaven\tests\e2e\actions\trackModalActions.js:246:21)
        at D:\a\AlbumHaven\AlbumHaven\tests\e2e\specs\playerArtworkSearchContext.spec.js:29:21
        at runStep (D:\a\AlbumHaven\AlbumHaven\tests\e2e\support\baseFixtures.js:146:22)
        at D:\a\AlbumHaven\AlbumHaven\tests\e2e\specs\playerArtworkSearchContext.spec.js:22:3

    attachment #1: step-transcript.txt (text/plain) ────────────────────────────────────────────────
    [TEST] FTC-PLAYER-015 player artwork reopens the playing album after selecting an unrelated search result
      [STEP] Start playback from the generated Various Artists fixture
      [FAIL] Start playback from the generated Various Artists fixture :: Cannot read properties of undefined (reading 'total') (39...
    ────────────────────────────────────────────────────────────────────────────────────────────────

    attachment #3: stacktrace.txt (text/plain) ─────────────────────────────────────────────────────
    Error 1
    TypeError: Cannot read properties of undefined (reading 'total')
        at TrackModalActions.readSummary (D:\a\AlbumHaven\AlbumHaven\tests\e2e\actions\trackModalActions.js:213:59)
        at TrackModalActions.waitForLoadedSummary (D:\a\AlbumHaven\AlbumHaven\tests\e2e\actions\trackModalActions.js:24...
    ────────────────────────────────────────────────────────────────────────────────────────────────

    attachment #4: runtime-log.txt (text/plain) ────────────────────────────────────────────────────
    [2026-09-18T20:46:54.783Z] requestfailed/net::ERR_ABORTED: GET http://127.0.0.1:5500/cover?path=D%3A%5Ca%5C_temp%5Calbum-haven-e2e-functional-fixtures-playback-utilities%5Cshared%5Cmedia%5C!!!%5CThree%20Bangs%5Ccover.png&size=480&v=process-636ce21c92afaa5f97ca1f0f19b19eb7
    [2026-09-18T20:46:54.783Z] ...
    ────────────────────────────────────────────────────────────────────────────────────────────────

    Error Context: ..\..\_temp\functional-output-playback-utilities\wave-02-20-playwright-config-js\playerArtworkSearchContext-f10f1--an-unrelated-search-result-functional\error-context.md

    attachment #7: trace (application/zip) ─────────────────────────────────────────────────────────
    ..\..\_temp\functional-output-playback-utilities\wave-02-20-playwright-config-js\playerArtworkSearchContext-f10f1--an-unrelated-search-result-functional\trace.zip
    Usage:

        npx playwright show-trace ..\..\_temp\functional-output-playback-utilities\wave-02-20-playwright-config-js\playerArtworkSearchContext-f10f1--an-unrelated-search-result-functional\trace.zip

    ────────────────────────────────────────────────────────────────────────────────────────────────

  1 failed
    [functional] › tests\e2e\specs\playerArtworkSearchContext.spec.js:10:1 › FTC-PLAYER-015 player artwork reopens the playing album after selecting an unrelated search result @area:playback 

=== Playwright Summary ===
[x] playerArtworkSearchContext.spec
  [x] FTC-PLAYER-015 player artwork reopens the playing album after selecting an unrelated search result @area:playback

Overall: 0/1 passed
Failed tests:
- playerArtworkSearchContext.spec > FTC-PLAYER-015 player artwork reopens the playing album after selecting an unrelated search result @area:playback
[playwright-wrapper-diagnostic] {"reason":"wrapper-child-lifecycle-mismatch","childExitCode":1,"childExitSignal":null,"childCloseCode":1,"childCloseSignal":null,"processError":null,"stopReason":"none","cleanupOutcome":"completed"}
[playwright-wrapper-final-decision] {"wrapperExitCode":1,"attemptReturn":{"exitCode":1,"exitReason":"wrapper-child-lifecycle-mismatch"},"fakeDatabaseCleanup":{"status":"completed","error":null,"mode":"lock-only"},"scanAppCleanup":{"status":"not-required","error":null},"isolatedAppCleanup":{"status":"completed","error":null},"tempCleanup":{"status":"completed","error":null,"removedCount":1},"passivePortDiagnostics":[{"port":5500,"status":"completed","error":null,"ownerCount":0},{"port":5502,"status":"completed","error":null,"ownerCount":0}],"finalSummary":{"phase":"run-final","status":"failed","total":1,"completed":1,"failed":1,"skipped":0,"errors":0,"listOnly":false},"exitReason":"wrapper-child-lifecycle-mismatch"}
{"restored":0,"removed":0,"unchanged":1497}
Album Haven production E2E app listening on http://127.0.0.1:5500 with 0 artists, 0 albums, 0 tracks, and provider fixtures on http://127.0.0.1:5502
2026-09-18 20:47:27,149 [INFO] music_app: Startup scan-cache hydration completed files=7200 albums=400
2026-09-18 20:47:27,149 [INFO] music_app: Legacy album exclusions migrated albums=1 removed_rules=18 created_rules=1
2026-09-18 20:47:27,714 [INFO] music_app: Relation projection startup readiness ready=true rebuilt=true reason=missing_projection builder_version=local-relation-builder-v9 source_row_count=7438 duration_ms=523.69 source_load=154.11 fingerprint=64.80 pure_build=187.28 family_link_replacement=7.77 snapshot_publication=2.37
2026-09-18 20:47:29,006 [INFO] music_app: {"action": "Index request completed", "album_count": 0, "artist_count": 0, "bootstrap_mode": "fresh_preview", "covers_in_progress": false, "elapsed_ms": 494.9, "hydrate_in_progress": false, "payload_elapsed_ms": 194.25, "query": "", "scan_in_progress": false, "selected_artist": ""}

Running 1 test using 1 worker

2026-09-18 20:48:00,156 [INFO] music_app: {"action": "Index request completed", "album_count": 0, "artist_count": 0, "bootstrap_mode": "fresh_preview", "covers_in_progress": false, "elapsed_ms": 410.78, "hydrate_in_progress": false, "payload_elapsed_ms": 283.69, "query": "", "scan_in_progress": false, "selected_artist": ""}
[TEST] FTC-PLAYER-015 allowed Chrome policy automatically continues playback after reload
  [STEP] Start real playback from the generated featured collection
2026-09-18 20:48:03,682 [INFO] music_app: {"action": "Index request completed", "album_count": 0, "artist_count": 0, "bootstrap_mode": "fresh_preview", "covers_in_progress": false, "elapsed_ms": 319.3, "hydrate_in_progress": false, "payload_elapsed_ms": 179.8, "query": "", "scan_in_progress": false, "selected_artist": ""}
2026-09-18 20:48:07,117 [INFO] music_app: {"action": "Postgres album search request started", "query": "Length And Repetition"}
2026-09-18 20:48:07,267 [INFO] music_app: {"action": "View data request completed", "album_count": 1, "artist_count": 1, "elapsed_ms": 150.83, "query": "Length And Repetition", "selected_artist": "Playback Start Signals"}
  [PASS] Start real playback from the generated featured collection (8749 ms)
  [STEP] Reload and automatically continue at the restored offset
2026-09-18 20:48:12,245 [INFO] music_app: {"action": "Index request completed", "album_count": 0, "artist_count": 0, "bootstrap_mode": "full_view", "covers_in_progress": false, "elapsed_ms": 159.86, "hydrate_in_progress": false, "payload_elapsed_ms": 104.8, "query": "Length And Repetition", "scan_in_progress": false, "selected_artist": "Playback Start Signals"}
  [PASS] Reload and automatically continue at the restored offset (1569 ms)
  ok 1 [reload-autoplay-allowed] › tests\e2e\specs\playerReloadAutoplayAllowed.spec.js:7:1 › FTC-PLAYER-015 allowed Chrome policy automatically continues playback after reload @area:playback (10.7s)
[album-haven-playwright-result] {"version":1,"phase":"tests-complete","nonce":"d47f936b926964fcd45f7b3708e46e6d3da0aa0bfbb18f72e44beea7bdc5c577","status":"passed","total":1,"completed":1,"failed":0,"skipped":0,"errors":0}



[album-haven-playwright-result] {"version":1,"phase":"run-final","nonce":"d47f936b926964fcd45f7b3708e46e6d3da0aa0bfbb18f72e44beea7bdc5c577","status":"passed","total":1,"completed":1,"failed":0,"skipped":0,"errors":0}
  1 passed (18.3s)

=== Playwright Summary ===
[✓] playerReloadAutoplayAllowed.spec
  [✓] FTC-PLAYER-015 allowed Chrome policy automatically continues playback after reload @area:playback

Overall: 1/1 passed
[playwright-wrapper-final-decision] {"wrapperExitCode":0,"attemptReturn":{"exitCode":0,"exitReason":"authoritative-pass"},"fakeDatabaseCleanup":{"status":"completed","error":null,"mode":"lock-only"},"scanAppCleanup":{"status":"not-required","error":null},"isolatedAppCleanup":{"status":"completed","error":null},"tempCleanup":{"status":"completed","error":null,"removedCount":1},"passivePortDiagnostics":[{"port":5500,"status":"completed","error":null,"ownerCount":0},{"port":5502,"status":"completed","error":null,"ownerCount":0}],"finalSummary":{"phase":"run-final","status":"passed","total":1,"completed":1,"failed":0,"skipped":0,"errors":0,"listOnly":false},"exitReason":"authoritative-pass"}
{"restored":0,"removed":0,"unchanged":1497}
Album Haven production E2E app listening on http://127.0.0.1:5500 with 0 artists, 0 albums, 0 tracks, and provider fixtures on http://127.0.0.1:5502
2026-09-18 20:48:46,139 [INFO] music_app: Startup scan-cache hydration completed files=7200 albums=400
2026-09-18 20:48:46,140 [INFO] music_app: Legacy album exclusions migrated albums=1 removed_rules=18 created_rules=1
2026-09-18 20:48:46,740 [INFO] music_app: Relation projection startup readiness ready=true rebuilt=true reason=missing_projection builder_version=local-relation-builder-v9 source_row_count=7438 duration_ms=564.97 source_load=136.23 fingerprint=60.98 pure_build=157.44 family_link_replacement=7.48 snapshot_publication=1.72
2026-09-18 20:48:47,981 [INFO] music_app: {"action": "Index request completed", "album_count": 0, "artist_count": 0, "bootstrap_mode": "fresh_preview", "covers_in_progress": false, "elapsed_ms": 479.58, "hydrate_in_progress": false, "payload_elapsed_ms": 194.92, "query": "", "scan_in_progress": false, "selected_artist": ""}

Running 1 test using 1 worker

2026-09-18 20:49:13,791 [INFO] music_app: {"action": "Index request completed", "album_count": 0, "artist_count": 0, "bootstrap_mode": "fresh_preview", "covers_in_progress": false, "elapsed_ms": 282.42, "hydrate_in_progress": false, "payload_elapsed_ms": 166.94, "query": "", "scan_in_progress": false, "selected_artist": ""}
[TEST] FTC-PLAYER-017 / FTC-UTIL-LOOPS-024 loop creation expires through the shared production session controller
  [STEP] Create one saved loop through the production bottom player
2026-09-18 20:49:16,851 [INFO] music_app: {"action": "Index request completed", "album_count": 0, "artist_count": 0, "bootstrap_mode": "fresh_preview", "covers_in_progress": false, "elapsed_ms": 259.42, "hydrate_in_progress": false, "payload_elapsed_ms": 151.25, "query": "", "scan_in_progress": false, "selected_artist": ""}
  [FAIL] Create one saved loop through the production bottom player :: expect(locator).toHaveCSS(expected) failed

Locator:  locator('[data-loop-action-owner="global-player"]').getByRole('button', { name: 'Create loop', exact: true })
Expected: "rgb(74, 222, 128)"
Received: "rgb(52, 211, 153)"
Timeout:  10000ms

Call log:
  - Expect "toHaveCSS" with timeout 10000ms
  - waiting for locator('[data-loop-action-owner="global-player"]').getByRole('button', { name: 'Create loop', exact: true })
    24 × locator resolved to <button tabindex="0" type="button" title="Create loop" aria-disabled="false" aria-label="Create loop" data-loop-action="create" class="loop-edit-action loop-edit-action-create">…</button>
       - unexpected value "rgb(52, 211, 153)"
 (19968 ms)
  x  1 [functional] › tests\e2e\specs\loop-edit-expiry.functional.spec.js:15:1 › FTC-PLAYER-017 / FTC-UTIL-LOOPS-024 loop creation expires through the shared production session controller @area:loops (21.3s)
[playwright-wrapper-failure-latched] {"phase":"tests-complete","status":"failed","total":1,"completed":1,"failed":1,"skipped":0,"errors":0}
[album-haven-playwright-result] {"version":1,"phase":"tests-complete","nonce":"2d56ba71064099d094274c1b39b682c0ade947610867e73294f279d83e609838","status":"failed","total":1,"completed":1,"failed":1,"skipped":0,"errors":0}



[album-haven-playwright-result] {"version":1,"phase":"run-final","nonce":"2d56ba71064099d094274c1b39b682c0ade947610867e73294f279d83e609838","status":"failed","total":1,"completed":1,"failed":1,"skipped":0,"errors":0}

  1) [functional] › tests\e2e\specs\loop-edit-expiry.functional.spec.js:15:1 › FTC-PLAYER-017 / FTC-UTIL-LOOPS-024 loop creation expires through the shared production session controller @area:loops 

    Error: expect(locator).toHaveCSS(expected) failed

    Locator:  locator('[data-loop-action-owner="global-player"]').getByRole('button', { name: 'Create loop', exact: true })
    Expected: "rgb(74, 222, 128)"
    Received: "rgb(52, 211, 153)"
    Timeout:  10000ms

    Call log:
      - Expect "toHaveCSS" with timeout 10000ms
      - waiting for locator('[data-loop-action-owner="global-player"]').getByRole('button', { name: 'Create loop', exact: true })
        24 × locator resolved to <button tabindex="0" type="button" title="Create loop" aria-disabled="false" aria-label="Create loop" data-loop-action="create" class="loop-edit-action loop-edit-action-create">…</button>
           - unexpected value "rgb(52, 211, 153)"


       at ..\actions\globalPlayerActions.js:591

      589 |     } else if (target === 'create') {
      590 |       const themedPlayerInk = await this.globalPlayer.readThemedPlayerInkColor();
    > 591 |       await expect(locator).toHaveCSS(
          |                             ^
      592 |         'color',
      593 |         themedPlayerInk.active ? themedPlayerInk.color : 'rgb(74, 222, 128)',
      594 |       );
        at GlobalPlayerActions.hoverLoopAction (D:\a\AlbumHaven\AlbumHaven\tests\e2e\actions\globalPlayerActions.js:591:29)
        at GlobalPlayerActions.openLoopNameDialog (D:\a\AlbumHaven\AlbumHaven\tests\e2e\actions\globalPlayerActions.js:896:5)
        at GlobalPlayerActions.saveLoopWithName (D:\a\AlbumHaven\AlbumHaven\tests\e2e\actions\globalPlayerActions.js:967:5)
        at D:\a\AlbumHaven\AlbumHaven\tests\e2e\specs\loop-edit-expiry.functional.spec.js:51:13
        at runStep (D:\a\AlbumHaven\AlbumHaven\tests\e2e\support\baseFixtures.js:146:22)
        at D:\a\AlbumHaven\AlbumHaven\tests\e2e\specs\loop-edit-expiry.functional.spec.js:27:3

    attachment #1: step-transcript.txt (text/plain) ────────────────────────────────────────────────
    [TEST] FTC-PLAYER-017 / FTC-UTIL-LOOPS-024 loop creation expires through the shared production session controller
      [STEP] Create one saved loop through the production bottom player
      [FAIL] Create one saved loop through the production bottom player :: expect(locator).toH...
    ────────────────────────────────────────────────────────────────────────────────────────────────

    attachment #3: stacktrace.txt (text/plain) ─────────────────────────────────────────────────────
    Error 1
    Error: expect(locator).toHaveCSS(expected) failed
    
    Locator:  locator('[data-loop-action-owner="global-player"]').getByRole('button', { name: 'Create loop', exact: true })
    Expected: "rgb(74, 222, 128)"
    Receive...
    ────────────────────────────────────────────────────────────────────────────────────────────────

    attachment #4: runtime-log.txt (text/plain) ────────────────────────────────────────────────────
    [2026-09-18T20:49:20.627Z] requestfailed/net::ERR_ABORTED: GET http://127.0.0.1:5500/cover?path=D%3A%5Ca%5C_temp%5Calbum-haven-e2e-functional-fixtures-playback-utilities%5Cshared%5Cmedia%5CAlbum%20Rating%20Contract%5CRating%20Absent%5Ccover.png&size=480&v=process-e7c535ac52df8ac727d9c8330fd8f023
    [20...
    ────────────────────────────────────────────────────────────────────────────────────────────────

    Error Context: ..\..\_temp\functional-output-playback-utilities\wave-02-22-playwright-config-js\loop-edit-expiry.functiona-87a9e-oduction-session-controller-functional\error-context.md

    attachment #7: trace (application/zip) ─────────────────────────────────────────────────────────
    ..\..\_temp\functional-output-playback-utilities\wave-02-22-playwright-config-js\loop-edit-expiry.functiona-87a9e-oduction-session-controller-functional\trace.zip
    Usage:

        npx playwright show-trace ..\..\_temp\functional-output-playback-utilities\wave-02-22-playwright-config-js\loop-edit-expiry.functiona-87a9e-oduction-session-controller-functional\trace.zip

    ────────────────────────────────────────────────────────────────────────────────────────────────

  1 failed
    [functional] › tests\e2e\specs\loop-edit-expiry.functional.spec.js:15:1 › FTC-PLAYER-017 / FTC-UTIL-LOOPS-024 loop creation expires through the shared production session controller @area:loops 

=== Playwright Summary ===
[x] loop-edit-expiry.functional.spec
  [x] FTC-PLAYER-017 / FTC-UTIL-LOOPS-024 loop creation expires through the shared production session controller @area:loops

Overall: 0/1 passed
Failed tests:
- loop-edit-expiry.functional.spec > FTC-PLAYER-017 / FTC-UTIL-LOOPS-024 loop creation expires through the shared production session controller @area:loops
[playwright-wrapper-diagnostic] {"reason":"wrapper-child-lifecycle-mismatch","childExitCode":1,"childExitSignal":null,"childCloseCode":1,"childCloseSignal":null,"processError":null,"stopReason":"none","cleanupOutcome":"completed"}
[playwright-wrapper-final-decision] {"wrapperExitCode":1,"attemptReturn":{"exitCode":1,"exitReason":"wrapper-child-lifecycle-mismatch"},"fakeDatabaseCleanup":{"status":"completed","error":null,"mode":"lock-only"},"scanAppCleanup":{"status":"not-required","error":null},"isolatedAppCleanup":{"status":"completed","error":null},"tempCleanup":{"status":"completed","error":null,"removedCount":1},"passivePortDiagnostics":[{"port":5500,"status":"completed","error":null,"ownerCount":0},{"port":5502,"status":"completed","error":null,"ownerCount":0}],"finalSummary":{"phase":"run-final","status":"failed","total":1,"completed":1,"failed":1,"skipped":0,"errors":0,"listOnly":false},"exitReason":"wrapper-child-lifecycle-mismatch"}
{"restored":0,"removed":0,"unchanged":1497}
Album Haven production E2E app listening on http://127.0.0.1:5500 with 0 artists, 0 albums, 0 tracks, and provider fixtures on http://127.0.0.1:5502
2026-09-18 20:50:07,925 [INFO] music_app: Startup scan-cache hydration completed files=7200 albums=400
2026-09-18 20:50:07,925 [INFO] music_app: Legacy album exclusions migrated albums=1 removed_rules=18 created_rules=1
2026-09-18 20:50:08,412 [INFO] music_app: Relation projection startup readiness ready=true rebuilt=true reason=missing_projection builder_version=local-relation-builder-v9 source_row_count=7438 duration_ms=449.37 source_load=137.28 fingerprint=57.55 pure_build=145.13 family_link_replacement=8.61 snapshot_publication=2.06
2026-09-18 20:50:09,963 [INFO] music_app: {"action": "Index request completed", "album_count": 0, "artist_count": 0, "bootstrap_mode": "fresh_preview", "covers_in_progress": false, "elapsed_ms": 405.43, "hydrate_in_progress": false, "payload_elapsed_ms": 171.28, "query": "", "scan_in_progress": false, "selected_artist": ""}

Running 1 test using 1 worker

2026-09-18 20:50:35,844 [INFO] music_app: {"action": "Index request completed", "album_count": 0, "artist_count": 0, "bootstrap_mode": "fresh_preview", "covers_in_progress": false, "elapsed_ms": 286.15, "hydrate_in_progress": false, "payload_elapsed_ms": 160.69, "query": "", "scan_in_progress": false, "selected_artist": ""}
[TEST] FTC-PLAYER-017 / FTC-UTIL-LOOPS-024 page reload exits bottom-player loop edit mode
  [STEP] Enter loop edit mode on a playing production track
2026-09-18 20:50:38,913 [INFO] music_app: {"action": "Index request completed", "album_count": 0, "artist_count": 0, "bootstrap_mode": "fresh_preview", "covers_in_progress": false, "elapsed_ms": 265.29, "hydrate_in_progress": false, "payload_elapsed_ms": 156.12, "query": "", "scan_in_progress": false, "selected_artist": ""}
  [PASS] Enter loop edit mode on a playing production track (7079 ms)
  [STEP] Reload with the track restored but the loop editor closed
2026-09-18 20:50:46,147 [INFO] music_app: {"action": "Index request completed", "album_count": 0, "artist_count": 0, "bootstrap_mode": "fresh_preview", "covers_in_progress": false, "elapsed_ms": 376.77, "hydrate_in_progress": false, "payload_elapsed_ms": 173.64, "query": "", "scan_in_progress": false, "selected_artist": ""}
  [PASS] Reload with the track restored but the loop editor closed (2803 ms)
  ok 1 [functional] › tests\e2e\specs\loop-edit-expiry.functional.spec.js:103:1 › FTC-PLAYER-017 / FTC-UTIL-LOOPS-024 page reload exits bottom-player loop edit mode @area:loops (10.2s)
[album-haven-playwright-result] {"version":1,"phase":"tests-complete","nonce":"9c8ce64c40863c73df36d1e75283d797292fdb38fe2740e84f61cf19a19e9508","status":"passed","total":1,"completed":1,"failed":0,"skipped":0,"errors":0}



[album-haven-playwright-result] {"version":1,"phase":"run-final","nonce":"9c8ce64c40863c73df36d1e75283d797292fdb38fe2740e84f61cf19a19e9508","status":"passed","total":1,"completed":1,"failed":0,"skipped":0,"errors":0}
  1 passed (17.0s)

=== Playwright Summary ===
[✓] loop-edit-expiry.functional.spec
  [✓] FTC-PLAYER-017 / FTC-UTIL-LOOPS-024 page reload exits bottom-player loop edit mode @area:loops

Overall: 1/1 passed
[playwright-wrapper-final-decision] {"wrapperExitCode":0,"attemptReturn":{"exitCode":0,"exitReason":"authoritative-pass"},"fakeDatabaseCleanup":{"status":"completed","error":null,"mode":"lock-only"},"scanAppCleanup":{"status":"not-required","error":null},"isolatedAppCleanup":{"status":"completed","error":null},"tempCleanup":{"status":"completed","error":null,"removedCount":1},"passivePortDiagnostics":[{"port":5500,"status":"completed","error":null,"ownerCount":0},{"port":5502,"status":"completed","error":null,"ownerCount":0}],"finalSummary":{"phase":"run-final","status":"passed","total":1,"completed":1,"failed":0,"skipped":0,"errors":0,"listOnly":false},"exitReason":"authoritative-pass"}
{"restored":0,"removed":0,"unchanged":1497}
Album Haven production E2E app listening on http://127.0.0.1:5500 with 0 artists, 0 albums, 0 tracks, and provider fixtures on http://127.0.0.1:5502
2026-09-18 20:51:17,680 [INFO] music_app: Startup scan-cache hydration completed files=7200 albums=400
2026-09-18 20:51:17,682 [INFO] music_app: Legacy album exclusions migrated albums=1 removed_rules=18 created_rules=1
2026-09-18 20:51:18,265 [INFO] music_app: Relation projection startup readiness ready=true rebuilt=true reason=missing_projection builder_version=local-relation-builder-v9 source_row_count=7438 duration_ms=548.87 source_load=139.06 fingerprint=57.15 pure_build=146.35 family_link_replacement=7.55 snapshot_publication=1.63
2026-09-18 20:51:19,423 [INFO] music_app: {"action": "Index request completed", "album_count": 0, "artist_count": 0, "bootstrap_mode": "fresh_preview", "covers_in_progress": false, "elapsed_ms": 409.4, "hydrate_in_progress": false, "payload_elapsed_ms": 168.87, "query": "", "scan_in_progress": false, "selected_artist": ""}

Running 1 test using 1 worker

2026-09-18 20:51:45,225 [INFO] music_app: {"action": "Index request completed", "album_count": 0, "artist_count": 0, "bootstrap_mode": "fresh_preview", "covers_in_progress": false, "elapsed_ms": 278.21, "hydrate_in_progress": false, "payload_elapsed_ms": 156.71, "query": "", "scan_in_progress": false, "selected_artist": ""}
[TEST] FTC-PLAYER-017 / FTC-UTIL-LOOPS-024 returning to a suspended tab reconciles an overdue loop edit lease
  [STEP] Enter loop edit mode with the scoped clock installed
2026-09-18 20:51:48,206 [INFO] music_app: {"action": "Index request completed", "album_count": 0, "artist_count": 0, "bootstrap_mode": "fresh_preview", "covers_in_progress": false, "elapsed_ms": 259.06, "hydrate_in_progress": false, "payload_elapsed_ms": 142.67, "query": "", "scan_in_progress": false, "selected_artist": ""}
  [PASS] Enter loop edit mode with the scoped clock installed (9057 ms)
  [STEP] Let five wall-clock minutes pass without timer delivery, then reactivate the app
  [PASS] Let five wall-clock minutes pass without timer delivery, then reactivate the app (710 ms)
  ok 1 [functional] › tests\e2e\specs\loop-edit-expiry.functional.spec.js:147:1 › FTC-PLAYER-017 / FTC-UTIL-LOOPS-024 returning to a suspended tab reconciles an overdue loop edit lease @area:loops (10.1s)
[album-haven-playwright-result] {"version":1,"phase":"tests-complete","nonce":"7b58d3bcca44aadccb82f34c89a20752e1b5e3005e757d38b8896d213de7fc1a","status":"passed","total":1,"completed":1,"failed":0,"skipped":0,"errors":0}



[album-haven-playwright-result] {"version":1,"phase":"run-final","nonce":"7b58d3bcca44aadccb82f34c89a20752e1b5e3005e757d38b8896d213de7fc1a","status":"passed","total":1,"completed":1,"failed":0,"skipped":0,"errors":0}
  1 passed (16.5s)

=== Playwright Summary ===
[✓] loop-edit-expiry.functional.spec
  [✓] FTC-PLAYER-017 / FTC-UTIL-LOOPS-024 returning to a suspended tab reconciles an overdue loop edit lease @area:loops

Overall: 1/1 passed
[playwright-wrapper-final-decision] {"wrapperExitCode":0,"attemptReturn":{"exitCode":0,"exitReason":"authoritative-pass"},"fakeDatabaseCleanup":{"status":"completed","error":null,"mode":"lock-only"},"scanAppCleanup":{"status":"not-required","error":null},"isolatedAppCleanup":{"status":"completed","error":null},"tempCleanup":{"status":"completed","error":null,"removedCount":1},"passivePortDiagnostics":[{"port":5500,"status":"completed","error":null,"ownerCount":0},{"port":5502,"status":"completed","error":null,"ownerCount":0}],"finalSummary":{"phase":"run-final","status":"passed","total":1,"completed":1,"failed":0,"skipped":0,"errors":0,"listOnly":false},"exitReason":"authoritative-pass"}
{"restored":0,"removed":0,"unchanged":1497}
Album Haven production E2E app listening on http://127.0.0.1:5500 with 0 artists, 0 albums, 0 tracks, and provider fixtures on http://127.0.0.1:5502
2026-09-18 20:52:26,334 [INFO] music_app: Startup scan-cache hydration completed files=7200 albums=400
2026-09-18 20:52:26,334 [INFO] music_app: Legacy album exclusions migrated albums=1 removed_rules=18 created_rules=1
2026-09-18 20:52:26,823 [INFO] music_app: Relation projection startup readiness ready=true rebuilt=true reason=missing_projection builder_version=local-relation-builder-v9 source_row_count=7438 duration_ms=452.32 source_load=136.84 fingerprint=59.89 pure_build=143.82 family_link_replacement=7.87 snapshot_publication=1.64
2026-09-18 20:52:28,021 [INFO] music_app: {"action": "Index request completed", "album_count": 0, "artist_count": 0, "bootstrap_mode": "fresh_preview", "covers_in_progress": false, "elapsed_ms": 419.3, "hydrate_in_progress": false, "payload_elapsed_ms": 170.47, "query": "", "scan_in_progress": false, "selected_artist": ""}

Running 1 test using 1 worker

2026-09-18 20:52:53,715 [INFO] music_app: {"action": "Index request completed", "album_count": 0, "artist_count": 0, "bootstrap_mode": "fresh_preview", "covers_in_progress": false, "elapsed_ms": 272.26, "hydrate_in_progress": false, "payload_elapsed_ms": 156.87, "query": "", "scan_in_progress": false, "selected_artist": ""}
[TEST] FTC-TAGS-023 failed tag saves preserve the source modal for a successful retry
  [STEP] Open the generated two-track source album
2026-09-18 20:52:56,914 [INFO] music_app: {"action": "Index request completed", "album_count": 0, "artist_count": 0, "bootstrap_mode": "fresh_preview", "covers_in_progress": false, "elapsed_ms": 312.97, "hydrate_in_progress": false, "payload_elapsed_ms": 202.58, "query": "", "scan_in_progress": false, "selected_artist": ""}
2026-09-18 20:52:59,683 [INFO] music_app: {"action": "Postgres album search request started", "query": "Two Track Rarity Fixture"}
2026-09-18 20:52:59,825 [INFO] music_app: {"action": "View data request completed", "album_count": 1, "artist_count": 1, "elapsed_ms": 141.06, "query": "Two Track Rarity Fixture", "selected_artist": "E2E Rarity Artist"}
  [FAIL] Open the generated two-track source album :: Cannot read properties of undefined (reading 'total') (4215 ms)
  x  1 [functional] › tests\e2e\specs\nonAlbumRarity.spec.js:207:1 › FTC-TAGS-023 failed tag saves preserve the source modal for a successful retry @area:tag-edit (5.1s)
[playwright-wrapper-failure-latched] {"phase":"tests-complete","status":"failed","total":1,"completed":1,"failed":1,"skipped":0,"errors":0}
[album-haven-playwright-result] {"version":1,"phase":"tests-complete","nonce":"84e6a25340dddd2ec64b8edc26a8039379bfa4c3831b0c5baf70b29f6efa8e3e","status":"failed","total":1,"completed":1,"failed":1,"skipped":0,"errors":0}



[album-haven-playwright-result] {"version":1,"phase":"run-final","nonce":"84e6a25340dddd2ec64b8edc26a8039379bfa4c3831b0c5baf70b29f6efa8e3e","status":"failed","total":1,"completed":1,"failed":1,"skipped":0,"errors":0}

  1) [functional] › tests\e2e\specs\nonAlbumRarity.spec.js:207:1 › FTC-TAGS-023 failed tag saves preserve the source modal for a successful retry @area:tag-edit 

    TypeError: Cannot read properties of undefined (reading 'total')

       at ..\actions\trackModalActions.js:213

      211 |       subtitle: String(await this.trackModal.subtitle.textContent() || '').trim(),
      212 |       footer: String(await this.trackModal.footer.textContent() || '').trim(),
    > 213 |       total: String(await this.trackModal.albumTrackTable.total.textContent() || '').trim(),
          |                                                           ^
      214 |       playButtons: await this.trackModal.playButtons.count(),
      215 |       trackRows: await this.trackModal.trackRows.count(),
      216 |       coverLoaded,
        at TrackModalActions.readSummary (D:\a\AlbumHaven\AlbumHaven\tests\e2e\actions\trackModalActions.js:213:59)
        at TrackModalActions.waitForInteractiveSummary (D:\a\AlbumHaven\AlbumHaven\tests\e2e\actions\trackModalActions.js:256:21)
        at D:\a\AlbumHaven\AlbumHaven\tests\e2e\specs\nonAlbumRarity.spec.js:230:22
        at runStep (D:\a\AlbumHaven\AlbumHaven\tests\e2e\support\baseFixtures.js:146:22)
        at D:\a\AlbumHaven\AlbumHaven\tests\e2e\specs\nonAlbumRarity.spec.js:219:3

    attachment #1: step-transcript.txt (text/plain) ────────────────────────────────────────────────
    [TEST] FTC-TAGS-023 failed tag saves preserve the source modal for a successful retry
      [STEP] Open the generated two-track source album
      [FAIL] Open the generated two-track source album :: Cannot read properties of undefined (reading 'total') (4215 ms)
    ────────────────────────────────────────────────────────────────────────────────────────────────

    attachment #3: stacktrace.txt (text/plain) ─────────────────────────────────────────────────────
    Error 1
    TypeError: Cannot read properties of undefined (reading 'total')
        at TrackModalActions.readSummary (D:\a\AlbumHaven\AlbumHaven\tests\e2e\actions\trackModalActions.js:213:59)
        at TrackModalActions.waitForInteractiveSummary (D:\a\AlbumHaven\AlbumHaven\tests\e2e\actions\trackModalActions....
    ────────────────────────────────────────────────────────────────────────────────────────────────

    attachment #4: runtime-log.txt (text/plain) ────────────────────────────────────────────────────
    [2026-09-18T20:52:59.533Z] requestfailed/net::ERR_ABORTED: GET http://127.0.0.1:5500/cover?path=D%3A%5Ca%5C_temp%5Calbum-haven-e2e-functional-fixtures-playback-utilities%5Cshared%5Cmedia%5C!!!%5CThree%20Bangs%5Ccover.png&size=480&v=process-c5f3a9edda055e0b36927e127103c66b
    [2026-09-18T20:52:59.534Z] ...
    ────────────────────────────────────────────────────────────────────────────────────────────────

    Error Context: ..\..\_temp\functional-output-playback-utilities\wave-02-25-playwright-config-js\nonAlbumRarity-FTC-TAGS-02-9405d-odal-for-a-successful-retry-functional\error-context.md

    attachment #7: trace (application/zip) ─────────────────────────────────────────────────────────
    ..\..\_temp\functional-output-playback-utilities\wave-02-25-playwright-config-js\nonAlbumRarity-FTC-TAGS-02-9405d-odal-for-a-successful-retry-functional\trace.zip
    Usage:

        npx playwright show-trace ..\..\_temp\functional-output-playback-utilities\wave-02-25-playwright-config-js\nonAlbumRarity-FTC-TAGS-02-9405d-odal-for-a-successful-retry-functional\trace.zip

    ────────────────────────────────────────────────────────────────────────────────────────────────

  1 failed
    [functional] › tests\e2e\specs\nonAlbumRarity.spec.js:207:1 › FTC-TAGS-023 failed tag saves preserve the source modal for a successful retry @area:tag-edit 

=== Playwright Summary ===
[x] nonAlbumRarity.spec
  [x] FTC-TAGS-023 failed tag saves preserve the source modal for a successful retry @area:tag-edit

Overall: 0/1 passed
Failed tests:
- nonAlbumRarity.spec > FTC-TAGS-023 failed tag saves preserve the source modal for a successful retry @area:tag-edit
[playwright-wrapper-diagnostic] {"reason":"wrapper-child-lifecycle-mismatch","childExitCode":1,"childExitSignal":null,"childCloseCode":1,"childCloseSignal":null,"processError":null,"stopReason":"none","cleanupOutcome":"completed"}
[playwright-wrapper-final-decision] {"wrapperExitCode":1,"attemptReturn":{"exitCode":1,"exitReason":"wrapper-child-lifecycle-mismatch"},"fakeDatabaseCleanup":{"status":"completed","error":null,"mode":"lock-only"},"scanAppCleanup":{"status":"not-required","error":null},"isolatedAppCleanup":{"status":"completed","error":null},"tempCleanup":{"status":"completed","error":null,"removedCount":1},"passivePortDiagnostics":[{"port":5500,"status":"completed","error":null,"ownerCount":0},{"port":5502,"status":"completed","error":null,"ownerCount":0}],"finalSummary":{"phase":"run-final","status":"failed","total":1,"completed":1,"failed":1,"skipped":0,"errors":0,"listOnly":false},"exitReason":"wrapper-child-lifecycle-mismatch"}
{"restored":0,"removed":0,"unchanged":1497}
Album Haven production E2E app listening on http://127.0.0.1:5500 with 0 artists, 0 albums, 0 tracks, and provider fixtures on http://127.0.0.1:5502
2026-09-18 20:53:34,077 [INFO] music_app: Startup scan-cache hydration completed files=7200 albums=400
2026-09-18 20:53:34,078 [INFO] music_app: Legacy album exclusions migrated albums=1 removed_rules=18 created_rules=1
2026-09-18 20:53:34,563 [INFO] music_app: Relation projection startup readiness ready=true rebuilt=true reason=missing_projection builder_version=local-relation-builder-v9 source_row_count=7438 duration_ms=447.67 source_load=135.38 fingerprint=55.82 pure_build=145.71 family_link_replacement=7.40 snapshot_publication=1.61
2026-09-18 20:53:35,673 [INFO] music_app: {"action": "Index request completed", "album_count": 0, "artist_count": 0, "bootstrap_mode": "fresh_preview", "covers_in_progress": false, "elapsed_ms": 404.88, "hydrate_in_progress": false, "payload_elapsed_ms": 172.61, "query": "", "scan_in_progress": false, "selected_artist": ""}

Running 1 test using 1 worker

2026-09-18 20:54:01,331 [INFO] music_app: {"action": "Index request completed", "album_count": 0, "artist_count": 0, "bootstrap_mode": "fresh_preview", "covers_in_progress": false, "elapsed_ms": 261.83, "hydrate_in_progress": false, "payload_elapsed_ms": 157.28, "query": "", "scan_in_progress": false, "selected_artist": ""}
[TEST] FTC-NON-ALBUM-012 renders exception groups as the approved compact track table
  [STEP] Assign the two supported exception groups to generated tracks
2026-09-18 20:54:04,375 [INFO] music_app: {"action": "Index request completed", "album_count": 0, "artist_count": 0, "bootstrap_mode": "fresh_preview", "covers_in_progress": false, "elapsed_ms": 362.36, "hydrate_in_progress": false, "payload_elapsed_ms": 253.18, "query": "", "scan_in_progress": false, "selected_artist": ""}
2026-09-18 20:54:07,016 [INFO] music_app: {"action": "Postgres album search request started", "query": "Two Track Rarity Fixture"}
2026-09-18 20:54:07,159 [INFO] music_app: {"action": "View data request completed", "album_count": 1, "artist_count": 1, "elapsed_ms": 144.14, "query": "Two Track Rarity Fixture", "selected_artist": "E2E Rarity Artist"}
  [FAIL] Assign the two supported exception groups to generated tracks :: Cannot read properties of undefined (reading 'total') (4064 ms)
  x  1 [functional] › tests\e2e\specs\nonAlbumRarity.spec.js:316:1 › FTC-NON-ALBUM-012 renders exception groups as the approved compact track table @area:album-details (4.9s)
[playwright-wrapper-failure-latched] {"phase":"tests-complete","status":"failed","total":1,"completed":1,"failed":1,"skipped":0,"errors":0}
[album-haven-playwright-result] {"version":1,"phase":"tests-complete","nonce":"aa836bb92965bd55130c8ab671632cadb602d6d0c1f9e7fdbc5024fb22253ef4","status":"failed","total":1,"completed":1,"failed":1,"skipped":0,"errors":0}



[album-haven-playwright-result] {"version":1,"phase":"run-final","nonce":"aa836bb92965bd55130c8ab671632cadb602d6d0c1f9e7fdbc5024fb22253ef4","status":"failed","total":1,"completed":1,"failed":1,"skipped":0,"errors":0}

  1) [functional] › tests\e2e\specs\nonAlbumRarity.spec.js:316:1 › FTC-NON-ALBUM-012 renders exception groups as the approved compact track table @area:album-details 

    TypeError: Cannot read properties of undefined (reading 'total')

       at ..\actions\trackModalActions.js:213

      211 |       subtitle: String(await this.trackModal.subtitle.textContent() || '').trim(),
      212 |       footer: String(await this.trackModal.footer.textContent() || '').trim(),
    > 213 |       total: String(await this.trackModal.albumTrackTable.total.textContent() || '').trim(),
          |                                                           ^
      214 |       playButtons: await this.trackModal.playButtons.count(),
      215 |       trackRows: await this.trackModal.trackRows.count(),
      216 |       coverLoaded,
        at TrackModalActions.readSummary (D:\a\AlbumHaven\AlbumHaven\tests\e2e\actions\trackModalActions.js:213:59)
        at TrackModalActions.waitForInteractiveSummary (D:\a\AlbumHaven\AlbumHaven\tests\e2e\actions\trackModalActions.js:256:21)
        at D:\a\AlbumHaven\AlbumHaven\tests\e2e\specs\nonAlbumRarity.spec.js:341:7
        at runStep (D:\a\AlbumHaven\AlbumHaven\tests\e2e\support\baseFixtures.js:146:22)
        at D:\a\AlbumHaven\AlbumHaven\tests\e2e\specs\nonAlbumRarity.spec.js:330:5

    attachment #1: step-transcript.txt (text/plain) ────────────────────────────────────────────────
    [TEST] FTC-NON-ALBUM-012 renders exception groups as the approved compact track table
      [STEP] Assign the two supported exception groups to generated tracks
      [FAIL] Assign the two supported exception groups to generated tracks :: Cannot read properties of undefined (reading 'total') (4064 ms)
    ────────────────────────────────────────────────────────────────────────────────────────────────

    attachment #3: stacktrace.txt (text/plain) ─────────────────────────────────────────────────────
    Error 1
    TypeError: Cannot read properties of undefined (reading 'total')
        at TrackModalActions.readSummary (D:\a\AlbumHaven\AlbumHaven\tests\e2e\actions\trackModalActions.js:213:59)
        at TrackModalActions.waitForInteractiveSummary (D:\a\AlbumHaven\AlbumHaven\tests\e2e\actions\trackModalActions....
    ────────────────────────────────────────────────────────────────────────────────────────────────

    attachment #4: runtime-log.txt (text/plain) ────────────────────────────────────────────────────
    [2026-09-18T20:54:06.857Z] requestfailed/net::ERR_ABORTED: GET http://127.0.0.1:5500/cover?path=D%3A%5Ca%5C_temp%5Calbum-haven-e2e-functional-fixtures-playback-utilities%5Cshared%5Cmedia%5C!!!%5CThree%20Bangs%5Ccover.png&size=480&v=process-7a17f6c2ec818190be0e0c1c69a418c7
    [2026-09-18T20:54:06.858Z] ...
    ────────────────────────────────────────────────────────────────────────────────────────────────

    Error Context: ..\..\_temp\functional-output-playback-utilities\wave-02-26-playwright-config-js\nonAlbumRarity-FTC-NON-ALB-bfb2f-pproved-compact-track-table-functional\error-context.md

    attachment #7: trace (application/zip) ─────────────────────────────────────────────────────────
    ..\..\_temp\functional-output-playback-utilities\wave-02-26-playwright-config-js\nonAlbumRarity-FTC-NON-ALB-bfb2f-pproved-compact-track-table-functional\trace.zip
    Usage:

        npx playwright show-trace ..\..\_temp\functional-output-playback-utilities\wave-02-26-playwright-config-js\nonAlbumRarity-FTC-NON-ALB-bfb2f-pproved-compact-track-table-functional\trace.zip

    ────────────────────────────────────────────────────────────────────────────────────────────────

  1 failed
    [functional] › tests\e2e\specs\nonAlbumRarity.spec.js:316:1 › FTC-NON-ALBUM-012 renders exception groups as the approved compact track table @area:album-details 

=== Playwright Summary ===
[x] nonAlbumRarity.spec
  [x] FTC-NON-ALBUM-012 renders exception groups as the approved compact track table @area:album-details

Overall: 0/1 passed
Failed tests:
- nonAlbumRarity.spec > FTC-NON-ALBUM-012 renders exception groups as the approved compact track table @area:album-details
[playwright-wrapper-diagnostic] {"reason":"wrapper-child-lifecycle-mismatch","childExitCode":1,"childExitSignal":null,"childCloseCode":1,"childCloseSignal":null,"processError":null,"stopReason":"none","cleanupOutcome":"completed"}
[playwright-wrapper-final-decision] {"wrapperExitCode":1,"attemptReturn":{"exitCode":1,"exitReason":"wrapper-child-lifecycle-mismatch"},"fakeDatabaseCleanup":{"status":"completed","error":null,"mode":"lock-only"},"scanAppCleanup":{"status":"not-required","error":null},"isolatedAppCleanup":{"status":"completed","error":null},"tempCleanup":{"status":"completed","error":null,"removedCount":1},"passivePortDiagnostics":[{"port":5500,"status":"completed","error":null,"ownerCount":0},{"port":5502,"status":"completed","error":null,"ownerCount":0}],"finalSummary":{"phase":"run-final","status":"failed","total":1,"completed":1,"failed":1,"skipped":0,"errors":0,"listOnly":false},"exitReason":"wrapper-child-lifecycle-mismatch"}
{"restored":0,"removed":0,"unchanged":1497}
Album Haven production E2E app listening on http://127.0.0.1:5500 with 0 artists, 0 albums, 0 tracks, and provider fixtures on http://127.0.0.1:5502
2026-09-18 20:54:38,157 [INFO] music_app: Startup scan-cache hydration completed files=7200 albums=400
2026-09-18 20:54:38,157 [INFO] music_app: Legacy album exclusions migrated albums=1 removed_rules=18 created_rules=1
2026-09-18 20:54:38,647 [INFO] music_app: Relation projection startup readiness ready=true rebuilt=true reason=missing_projection builder_version=local-relation-builder-v9 source_row_count=7438 duration_ms=453.75 source_load=144.81 fingerprint=58.48 pure_build=144.53 family_link_replacement=7.62 snapshot_publication=1.62
2026-09-18 20:54:39,897 [INFO] music_app: {"action": "Index request completed", "album_count": 0, "artist_count": 0, "bootstrap_mode": "fresh_preview", "covers_in_progress": false, "elapsed_ms": 403.42, "hydrate_in_progress": false, "payload_elapsed_ms": 175.11, "query": "", "scan_in_progress": false, "selected_artist": ""}

Running 1 test using 1 worker

2026-09-18 20:55:05,454 [INFO] music_app: {"action": "Index request completed", "album_count": 0, "artist_count": 0, "bootstrap_mode": "fresh_preview", "covers_in_progress": false, "elapsed_ms": 370.15, "hydrate_in_progress": false, "payload_elapsed_ms": 163.5, "query": "", "scan_in_progress": false, "selected_artist": ""}
[TEST] FTC-NON-ALBUM-011 permits a nonempty Album rename from post-rarity Problematic Files
  [STEP] Convert the generated track into the reported post-rarity state
2026-09-18 20:55:08,439 [INFO] music_app: {"action": "Index request completed", "album_count": 0, "artist_count": 0, "bootstrap_mode": "fresh_preview", "covers_in_progress": false, "elapsed_ms": 265.23, "hydrate_in_progress": false, "payload_elapsed_ms": 158.26, "query": "", "scan_in_progress": false, "selected_artist": ""}
2026-09-18 20:55:10,981 [INFO] music_app: {"action": "Postgres album search request started", "query": "Two Track Rarity Fixture"}
2026-09-18 20:55:11,152 [INFO] music_app: {"action": "View data request completed", "album_count": 1, "artist_count": 1, "elapsed_ms": 171.76, "query": "Two Track Rarity Fixture", "selected_artist": "E2E Rarity Artist"}
  [FAIL] Convert the generated track into the reported post-rarity state :: Cannot read properties of undefined (reading 'total') (3876 ms)
[playwright-wrapper-failure-latched] {"phase":"tests-complete","status":"failed","total":1,"completed":1,"failed":1,"skipped":0,"errors":0}
  x  1 [functional] › tests\e2e\specs\nonAlbumRarity.spec.js:420:1 › FTC-NON-ALBUM-011 permits a nonempty Album rename from post-rarity Problematic Files @area:album-details (4.8s)
[album-haven-playwright-result] {"version":1,"phase":"tests-complete","nonce":"44ee101e85553bd23996bbf641cd30e1e78a78983baf6bd7ab9a95e86f65d5b6","status":"failed","total":1,"completed":1,"failed":1,"skipped":0,"errors":0}



[album-haven-playwright-result] {"version":1,"phase":"run-final","nonce":"44ee101e85553bd23996bbf641cd30e1e78a78983baf6bd7ab9a95e86f65d5b6","status":"failed","total":1,"completed":1,"failed":1,"skipped":0,"errors":0}

  1) [functional] › tests\e2e\specs\nonAlbumRarity.spec.js:420:1 › FTC-NON-ALBUM-011 permits a nonempty Album rename from post-rarity Problematic Files @area:album-details 

    TypeError: Cannot read properties of undefined (reading 'total')

       at ..\actions\trackModalActions.js:213

      211 |       subtitle: String(await this.trackModal.subtitle.textContent() || '').trim(),
      212 |       footer: String(await this.trackModal.footer.textContent() || '').trim(),
    > 213 |       total: String(await this.trackModal.albumTrackTable.total.textContent() || '').trim(),
          |                                                           ^
      214 |       playButtons: await this.trackModal.playButtons.count(),
      215 |       trackRows: await this.trackModal.trackRows.count(),
      216 |       coverLoaded,
        at TrackModalActions.readSummary (D:\a\AlbumHaven\AlbumHaven\tests\e2e\actions\trackModalActions.js:213:59)
        at TrackModalActions.waitForInteractiveSummary (D:\a\AlbumHaven\AlbumHaven\tests\e2e\actions\trackModalActions.js:256:21)
        at D:\a\AlbumHaven\AlbumHaven\tests\e2e\specs\nonAlbumRarity.spec.js:446:7
        at runStep (D:\a\AlbumHaven\AlbumHaven\tests\e2e\support\baseFixtures.js:146:22)
        at D:\a\AlbumHaven\AlbumHaven\tests\e2e\specs\nonAlbumRarity.spec.js:435:5

    attachment #1: step-transcript.txt (text/plain) ────────────────────────────────────────────────
    [TEST] FTC-NON-ALBUM-011 permits a nonempty Album rename from post-rarity Problematic Files
      [STEP] Convert the generated track into the reported post-rarity state
      [FAIL] Convert the generated track into the reported post-rarity state :: Cannot read properties of undefined (reading 'total') (3876...
    ────────────────────────────────────────────────────────────────────────────────────────────────

    attachment #3: stacktrace.txt (text/plain) ─────────────────────────────────────────────────────
    Error 1
    TypeError: Cannot read properties of undefined (reading 'total')
        at TrackModalActions.readSummary (D:\a\AlbumHaven\AlbumHaven\tests\e2e\actions\trackModalActions.js:213:59)
        at TrackModalActions.waitForInteractiveSummary (D:\a\AlbumHaven\AlbumHaven\tests\e2e\actions\trackModalActions....
    ────────────────────────────────────────────────────────────────────────────────────────────────

    attachment #4: runtime-log.txt (text/plain) ────────────────────────────────────────────────────
    [2026-09-18T20:55:10.858Z] requestfailed/net::ERR_ABORTED: GET http://127.0.0.1:5500/cover?path=D%3A%5Ca%5C_temp%5Calbum-haven-e2e-functional-fixtures-playback-utilities%5Cshared%5Cmedia%5C!!!%5CThree%20Bangs%5Ccover.png&size=480&v=process-5798af62f5268c9dbfc8224583fe7338
    [2026-09-18T20:55:10.858Z] ...
    ────────────────────────────────────────────────────────────────────────────────────────────────

    Error Context: ..\..\_temp\functional-output-playback-utilities\wave-02-27-playwright-config-js\nonAlbumRarity-FTC-NON-ALB-dda77-st-rarity-Problematic-Files-functional\error-context.md

    attachment #7: trace (application/zip) ─────────────────────────────────────────────────────────
    ..\..\_temp\functional-output-playback-utilities\wave-02-27-playwright-config-js\nonAlbumRarity-FTC-NON-ALB-dda77-st-rarity-Problematic-Files-functional\trace.zip
    Usage:

        npx playwright show-trace ..\..\_temp\functional-output-playback-utilities\wave-02-27-playwright-config-js\nonAlbumRarity-FTC-NON-ALB-dda77-st-rarity-Problematic-Files-functional\trace.zip

    ────────────────────────────────────────────────────────────────────────────────────────────────

  1 failed
    [functional] › tests\e2e\specs\nonAlbumRarity.spec.js:420:1 › FTC-NON-ALBUM-011 permits a nonempty Album rename from post-rarity Problematic Files @area:album-details 

=== Playwright Summary ===
[x] nonAlbumRarity.spec
  [x] FTC-NON-ALBUM-011 permits a nonempty Album rename from post-rarity Problematic Files @area:album-details

Overall: 0/1 passed
Failed tests:
- nonAlbumRarity.spec > FTC-NON-ALBUM-011 permits a nonempty Album rename from post-rarity Problematic Files @area:album-details
[playwright-wrapper-diagnostic] {"reason":"wrapper-child-lifecycle-mismatch","childExitCode":1,"childExitSignal":null,"childCloseCode":1,"childCloseSignal":null,"processError":null,"stopReason":"none","cleanupOutcome":"completed"}
[playwright-wrapper-final-decision] {"wrapperExitCode":1,"attemptReturn":{"exitCode":1,"exitReason":"wrapper-child-lifecycle-mismatch"},"fakeDatabaseCleanup":{"status":"completed","error":null,"mode":"lock-only"},"scanAppCleanup":{"status":"not-required","error":null},"isolatedAppCleanup":{"status":"completed","error":null},"tempCleanup":{"status":"completed","error":null,"removedCount":1},"passivePortDiagnostics":[{"port":5500,"status":"completed","error":null,"ownerCount":0},{"port":5502,"status":"completed","error":null,"ownerCount":0}],"finalSummary":{"phase":"run-final","status":"failed","total":1,"completed":1,"failed":1,"skipped":0,"errors":0,"listOnly":false},"exitReason":"wrapper-child-lifecycle-mismatch"}
{"restored":0,"removed":0,"unchanged":1497}
Album Haven production E2E app listening on http://127.0.0.1:5500 with 0 artists, 0 albums, 0 tracks, and provider fixtures on http://127.0.0.1:5502
2026-09-18 20:55:42,286 [INFO] music_app: Startup scan-cache hydration completed files=7200 albums=400
2026-09-18 20:55:42,286 [INFO] music_app: Legacy album exclusions migrated albums=1 removed_rules=18 created_rules=1
2026-09-18 20:55:42,874 [INFO] music_app: Relation projection startup readiness ready=true rebuilt=true reason=missing_projection builder_version=local-relation-builder-v9 source_row_count=7438 duration_ms=553.03 source_load=140.63 fingerprint=62.84 pure_build=141.60 family_link_replacement=8.02 snapshot_publication=1.61
2026-09-18 20:55:43,953 [INFO] music_app: {"action": "Index request completed", "album_count": 0, "artist_count": 0, "bootstrap_mode": "fresh_preview", "covers_in_progress": false, "elapsed_ms": 408.54, "hydrate_in_progress": false, "payload_elapsed_ms": 166.27, "query": "", "scan_in_progress": false, "selected_artist": ""}

Running 1 test using 1 worker

2026-09-18 20:56:09,623 [INFO] music_app: {"action": "Index request completed", "album_count": 0, "artist_count": 0, "bootstrap_mode": "fresh_preview", "covers_in_progress": false, "elapsed_ms": 261.62, "hydrate_in_progress": false, "payload_elapsed_ms": 149.52, "query": "", "scan_in_progress": false, "selected_artist": ""}
[TEST] FTC-NON-ALBUM-014 clears Album durably and refreshes Problematic Files
  [STEP] Create the reported exception-tagged Problematic Files state
2026-09-18 20:56:12,880 [INFO] music_app: {"action": "Index request completed", "album_count": 0, "artist_count": 0, "bootstrap_mode": "fresh_preview", "covers_in_progress": false, "elapsed_ms": 344.65, "hydrate_in_progress": false, "payload_elapsed_ms": 237.45, "query": "", "scan_in_progress": false, "selected_artist": ""}
2026-09-18 20:56:15,557 [INFO] music_app: {"action": "Postgres album search request started", "query": "Two Track Rarity Fixture"}
2026-09-18 20:56:15,733 [INFO] music_app: {"action": "View data request completed", "album_count": 1, "artist_count": 1, "elapsed_ms": 176.57, "query": "Two Track Rarity Fixture", "selected_artist": "E2E Rarity Artist"}
  [FAIL] Create the reported exception-tagged Problematic Files state :: Cannot read properties of undefined (reading 'total') (4095 ms)
[playwright-wrapper-failure-latched] {"phase":"tests-complete","status":"failed","total":1,"completed":1,"failed":1,"skipped":0,"errors":0}
  x  1 [functional] › tests\e2e\specs\nonAlbumRarity.spec.js:531:1 › FTC-NON-ALBUM-014 clears Album durably and refreshes Problematic Files @area:album-details (5.0s)
[album-haven-playwright-result] {"version":1,"phase":"tests-complete","nonce":"1449efa57d7f8726d6d088c91ae10ae601858fc7d633da8a151417a87dc48ad8","status":"failed","total":1,"completed":1,"failed":1,"skipped":0,"errors":0}



[album-haven-playwright-result] {"version":1,"phase":"run-final","nonce":"1449efa57d7f8726d6d088c91ae10ae601858fc7d633da8a151417a87dc48ad8","status":"failed","total":1,"completed":1,"failed":1,"skipped":0,"errors":0}

  1) [functional] › tests\e2e\specs\nonAlbumRarity.spec.js:531:1 › FTC-NON-ALBUM-014 clears Album durably and refreshes Problematic Files @area:album-details 

    TypeError: Cannot read properties of undefined (reading 'total')

       at ..\actions\trackModalActions.js:213

      211 |       subtitle: String(await this.trackModal.subtitle.textContent() || '').trim(),
      212 |       footer: String(await this.trackModal.footer.textContent() || '').trim(),
    > 213 |       total: String(await this.trackModal.albumTrackTable.total.textContent() || '').trim(),
          |                                                           ^
      214 |       playButtons: await this.trackModal.playButtons.count(),
      215 |       trackRows: await this.trackModal.trackRows.count(),
      216 |       coverLoaded,
        at TrackModalActions.readSummary (D:\a\AlbumHaven\AlbumHaven\tests\e2e\actions\trackModalActions.js:213:59)
        at TrackModalActions.waitForInteractiveSummary (D:\a\AlbumHaven\AlbumHaven\tests\e2e\actions\trackModalActions.js:256:21)
        at D:\a\AlbumHaven\AlbumHaven\tests\e2e\specs\nonAlbumRarity.spec.js:557:7
        at runStep (D:\a\AlbumHaven\AlbumHaven\tests\e2e\support\baseFixtures.js:146:22)
        at D:\a\AlbumHaven\AlbumHaven\tests\e2e\specs\nonAlbumRarity.spec.js:547:5

    attachment #1: step-transcript.txt (text/plain) ────────────────────────────────────────────────
    [TEST] FTC-NON-ALBUM-014 clears Album durably and refreshes Problematic Files
      [STEP] Create the reported exception-tagged Problematic Files state
      [FAIL] Create the reported exception-tagged Problematic Files state :: Cannot read properties of undefined (reading 'total') (4095 ms)
    ────────────────────────────────────────────────────────────────────────────────────────────────

    attachment #3: stacktrace.txt (text/plain) ─────────────────────────────────────────────────────
    Error 1
    TypeError: Cannot read properties of undefined (reading 'total')
        at TrackModalActions.readSummary (D:\a\AlbumHaven\AlbumHaven\tests\e2e\actions\trackModalActions.js:213:59)
        at TrackModalActions.waitForInteractiveSummary (D:\a\AlbumHaven\AlbumHaven\tests\e2e\actions\trackModalActions....
    ────────────────────────────────────────────────────────────────────────────────────────────────

    attachment #4: runtime-log.txt (text/plain) ────────────────────────────────────────────────────
    [2026-09-18T20:56:15.449Z] requestfailed/net::ERR_ABORTED: GET http://127.0.0.1:5500/cover?path=D%3A%5Ca%5C_temp%5Calbum-haven-e2e-functional-fixtures-playback-utilities%5Cshared%5Cmedia%5C!!!%5CThree%20Bangs%5Ccover.png&size=480&v=process-c4b1cc7be7ba4e29373cc38fe3812d79
    [2026-09-18T20:56:15.449Z] ...
    ────────────────────────────────────────────────────────────────────────────────────────────────

    Error Context: ..\..\_temp\functional-output-playback-utilities\wave-02-28-playwright-config-js\nonAlbumRarity-FTC-NON-ALB-6fb86-refreshes-Problematic-Files-functional\error-context.md

    attachment #7: trace (application/zip) ─────────────────────────────────────────────────────────
    ..\..\_temp\functional-output-playback-utilities\wave-02-28-playwright-config-js\nonAlbumRarity-FTC-NON-ALB-6fb86-refreshes-Problematic-Files-functional\trace.zip
    Usage:

        npx playwright show-trace ..\..\_temp\functional-output-playback-utilities\wave-02-28-playwright-config-js\nonAlbumRarity-FTC-NON-ALB-6fb86-refreshes-Problematic-Files-functional\trace.zip

    ────────────────────────────────────────────────────────────────────────────────────────────────

  1 failed
    [functional] › tests\e2e\specs\nonAlbumRarity.spec.js:531:1 › FTC-NON-ALBUM-014 clears Album durably and refreshes Problematic Files @area:album-details 

=== Playwright Summary ===
[playwright-wrapper-diagnostic] {"reason":"wrapper-child-lifecycle-mismatch","childExitCode":1,"childExitSignal":null,"childCloseCode":1,"childCloseSignal":null,"processError":null,"stopReason":"none","cleanupOutcome":"completed"}
[x] nonAlbumRarity.spec
  [x] FTC-NON-ALBUM-014 clears Album durably and refreshes Problematic Files @area:album-details

Overall: 0/1 passed
Failed tests:
- nonAlbumRarity.spec > FTC-NON-ALBUM-014 clears Album durably and refreshes Problematic Files @area:album-details
[playwright-wrapper-final-decision] {"wrapperExitCode":1,"attemptReturn":{"exitCode":1,"exitReason":"wrapper-child-lifecycle-mismatch"},"fakeDatabaseCleanup":{"status":"completed","error":null,"mode":"lock-only"},"scanAppCleanup":{"status":"not-required","error":null},"isolatedAppCleanup":{"status":"completed","error":null},"tempCleanup":{"status":"completed","error":null,"removedCount":1},"passivePortDiagnostics":[{"port":5500,"status":"completed","error":null,"ownerCount":0},{"port":5502,"status":"completed","error":null,"ownerCount":0}],"finalSummary":{"phase":"run-final","status":"failed","total":1,"completed":1,"failed":1,"skipped":0,"errors":0,"listOnly":false},"exitReason":"wrapper-child-lifecycle-mismatch"}
{"restored":0,"removed":0,"unchanged":1497}
Album Haven production E2E app listening on http://127.0.0.1:5500 with 0 artists, 0 albums, 0 tracks, and provider fixtures on http://127.0.0.1:5502
2026-09-18 20:56:46,473 [INFO] music_app: Startup scan-cache hydration completed files=7200 albums=400
2026-09-18 20:56:46,473 [INFO] music_app: Legacy album exclusions migrated albums=1 removed_rules=18 created_rules=1
2026-09-18 20:56:47,060 [INFO] music_app: Relation projection startup readiness ready=true rebuilt=true reason=missing_projection builder_version=local-relation-builder-v9 source_row_count=7438 duration_ms=549.38 source_load=136.74 fingerprint=56.59 pure_build=143.53 family_link_replacement=7.89 snapshot_publication=1.66
2026-09-18 20:56:48,388 [INFO] music_app: {"action": "Index request completed", "album_count": 0, "artist_count": 0, "bootstrap_mode": "fresh_preview", "covers_in_progress": false, "elapsed_ms": 424.22, "hydrate_in_progress": false, "payload_elapsed_ms": 181.99, "query": "", "scan_in_progress": false, "selected_artist": ""}

Running 1 test using 1 worker

2026-09-18 20:57:13,805 [INFO] music_app: {"action": "Index request completed", "album_count": 0, "artist_count": 0, "bootstrap_mode": "fresh_preview", "covers_in_progress": false, "elapsed_ms": 281.94, "hydrate_in_progress": false, "payload_elapsed_ms": 156.8, "query": "", "scan_in_progress": false, "selected_artist": ""}
[TEST] FTC-TAGS-004 and FTC-NON-ALBUM-014 preserve rapid Album and Exception edits across gallery transitions
  [STEP] Move both generated tracks out of the gallery as non-album rarities
2026-09-18 20:57:16,854 [INFO] music_app: {"action": "Index request completed", "album_count": 0, "artist_count": 0, "bootstrap_mode": "fresh_preview", "covers_in_progress": false, "elapsed_ms": 320.7, "hydrate_in_progress": false, "payload_elapsed_ms": 243.98, "query": "", "scan_in_progress": false, "selected_artist": "E2E Rarity Artist"}
  [FAIL] Move both generated tracks out of the gallery as non-album rarities :: Cannot read properties of undefined (reading 'total') (2401 ms)
[playwright-wrapper-failure-latched] {"phase":"tests-complete","status":"failed","total":1,"completed":1,"failed":1,"skipped":0,"errors":0}
  x  1 [functional] › tests\e2e\specs\nonAlbumRarity.spec.js:651:1 › FTC-TAGS-004 and FTC-NON-ALBUM-014 preserve rapid Album and Exception edits across gallery transitions @area:tag-edit (3.4s)
[album-haven-playwright-result] {"version":1,"phase":"tests-complete","nonce":"60c8db36d6aea2acfbfe190f5992849320e218babe420d37317082c849ae8ed9","status":"failed","total":1,"completed":1,"failed":1,"skipped":0,"errors":0}



[album-haven-playwright-result] {"version":1,"phase":"run-final","nonce":"60c8db36d6aea2acfbfe190f5992849320e218babe420d37317082c849ae8ed9","status":"failed","total":1,"completed":1,"failed":1,"skipped":0,"errors":0}

  1) [functional] › tests\e2e\specs\nonAlbumRarity.spec.js:651:1 › FTC-TAGS-004 and FTC-NON-ALBUM-014 preserve rapid Album and Exception edits across gallery transitions @area:tag-edit 

    TypeError: Cannot read properties of undefined (reading 'total')

       at ..\actions\trackModalActions.js:213

      211 |       subtitle: String(await this.trackModal.subtitle.textContent() || '').trim(),
      212 |       footer: String(await this.trackModal.footer.textContent() || '').trim(),
    > 213 |       total: String(await this.trackModal.albumTrackTable.total.textContent() || '').trim(),
          |                                                           ^
      214 |       playButtons: await this.trackModal.playButtons.count(),
      215 |       trackRows: await this.trackModal.trackRows.count(),
      216 |       coverLoaded,
        at TrackModalActions.readSummary (D:\a\AlbumHaven\AlbumHaven\tests\e2e\actions\trackModalActions.js:213:59)
        at TrackModalActions.waitForInteractiveSummary (D:\a\AlbumHaven\AlbumHaven\tests\e2e\actions\trackModalActions.js:256:21)
        at TagEditorActions.openForAlbum (D:\a\AlbumHaven\AlbumHaven\tests\e2e\actions\tagEditorActions.js:28:5)
        at D:\a\AlbumHaven\AlbumHaven\tests\e2e\specs\nonAlbumRarity.spec.js:668:7
        at runStep (D:\a\AlbumHaven\AlbumHaven\tests\e2e\support\baseFixtures.js:146:22)
        at D:\a\AlbumHaven\AlbumHaven\tests\e2e\specs\nonAlbumRarity.spec.js:665:5

    attachment #1: step-transcript.txt (text/plain) ────────────────────────────────────────────────
    [TEST] FTC-TAGS-004 and FTC-NON-ALBUM-014 preserve rapid Album and Exception edits across gallery transitions
      [STEP] Move both generated tracks out of the gallery as non-album rarities
      [FAIL] Move both generated tracks out of the gallery as non-album rarities :: Cannot read properties of undefin...
    ────────────────────────────────────────────────────────────────────────────────────────────────

    attachment #3: stacktrace.txt (text/plain) ─────────────────────────────────────────────────────
    Error 1
    TypeError: Cannot read properties of undefined (reading 'total')
        at TrackModalActions.readSummary (D:\a\AlbumHaven\AlbumHaven\tests\e2e\actions\trackModalActions.js:213:59)
        at TrackModalActions.waitForInteractiveSummary (D:\a\AlbumHaven\AlbumHaven\tests\e2e\actions\trackModalActions....
    ────────────────────────────────────────────────────────────────────────────────────────────────

    attachment #4: runtime-log.txt (text/plain) ────────────────────────────────────────────────────
    No runtime logs captured.
    ────────────────────────────────────────────────────────────────────────────────────────────────

    Error Context: ..\..\_temp\functional-output-playback-utilities\wave-02-29-playwright-config-js\nonAlbumRarity-FTC-TAGS-00-44e9a--across-gallery-transitions-functional\error-context.md

    attachment #7: trace (application/zip) ─────────────────────────────────────────────────────────
    ..\..\_temp\functional-output-playback-utilities\wave-02-29-playwright-config-js\nonAlbumRarity-FTC-TAGS-00-44e9a--across-gallery-transitions-functional\trace.zip
    Usage:

        npx playwright show-trace ..\..\_temp\functional-output-playback-utilities\wave-02-29-playwright-config-js\nonAlbumRarity-FTC-TAGS-00-44e9a--across-gallery-transitions-functional\trace.zip

    ────────────────────────────────────────────────────────────────────────────────────────────────

  1 failed
    [functional] › tests\e2e\specs\nonAlbumRarity.spec.js:651:1 › FTC-TAGS-004 and FTC-NON-ALBUM-014 preserve rapid Album and Exception edits across gallery transitions @area:tag-edit 

=== Playwright Summary ===
[playwright-wrapper-diagnostic] {"reason":"wrapper-child-lifecycle-mismatch","childExitCode":1,"childExitSignal":null,"childCloseCode":1,"childCloseSignal":null,"processError":null,"stopReason":"none","cleanupOutcome":"completed"}
[x] nonAlbumRarity.spec
  [x] FTC-TAGS-004 and FTC-NON-ALBUM-014 preserve rapid Album and Exception edits across gallery transitions @area:tag-edit

Overall: 0/1 passed
Failed tests:
- nonAlbumRarity.spec > FTC-TAGS-004 and FTC-NON-ALBUM-014 preserve rapid Album and Exception edits across gallery transitions @area:tag-edit
[playwright-wrapper-final-decision] {"wrapperExitCode":1,"attemptReturn":{"exitCode":1,"exitReason":"wrapper-child-lifecycle-mismatch"},"fakeDatabaseCleanup":{"status":"completed","error":null,"mode":"lock-only"},"scanAppCleanup":{"status":"not-required","error":null},"isolatedAppCleanup":{"status":"completed","error":null},"tempCleanup":{"status":"completed","error":null,"removedCount":1},"passivePortDiagnostics":[{"port":5500,"status":"completed","error":null,"ownerCount":0},{"port":5502,"status":"completed","error":null,"ownerCount":0}],"finalSummary":{"phase":"run-final","status":"failed","total":1,"completed":1,"failed":1,"skipped":0,"errors":0,"listOnly":false},"exitReason":"wrapper-child-lifecycle-mismatch"}
{"restored":0,"removed":0,"unchanged":1497}
Album Haven production E2E app listening on http://127.0.0.1:5500 with 0 artists, 0 albums, 0 tracks, and provider fixtures on http://127.0.0.1:5502
2026-09-18 20:57:48,805 [INFO] music_app: Startup scan-cache hydration completed files=7200 albums=400
2026-09-18 20:57:48,805 [INFO] music_app: Legacy album exclusions migrated albums=1 removed_rules=18 created_rules=1
2026-09-18 20:57:49,300 [INFO] music_app: Relation projection startup readiness ready=true rebuilt=true reason=missing_projection builder_version=local-relation-builder-v9 source_row_count=7438 duration_ms=455.63 source_load=142.39 fingerprint=57.25 pure_build=147.84 family_link_replacement=7.76 snapshot_publication=1.67
2026-09-18 20:57:50,527 [INFO] music_app: {"action": "Index request completed", "album_count": 0, "artist_count": 0, "bootstrap_mode": "fresh_preview", "covers_in_progress": false, "elapsed_ms": 411.46, "hydrate_in_progress": false, "payload_elapsed_ms": 171.81, "query": "", "scan_in_progress": false, "selected_artist": ""}

Running 1 test using 1 worker

2026-09-18 20:58:16,802 [INFO] music_app: {"action": "Index request completed", "album_count": 0, "artist_count": 0, "bootstrap_mode": "fresh_preview", "covers_in_progress": false, "elapsed_ms": 273.46, "hydrate_in_progress": false, "payload_elapsed_ms": 151.06, "query": "", "scan_in_progress": false, "selected_artist": ""}
[TEST] FTC-NON-ALBUM-010 / FTC-NON-ALBUM-009 / FTC-NON-ALBUM-008 / FTC-NON-ALBUM-007 / FTC-NON-ALBUM-006 / FTC-TAGS-007 / FTC-NON-ALBUM-005 keeps rarity modal transitions and sibling album state canonical
  [STEP] Open the isolated two-track rarity fixture through the normal gallery
2026-09-18 20:58:19,912 [INFO] music_app: {"action": "Index request completed", "album_count": 0, "artist_count": 0, "bootstrap_mode": "fresh_preview", "covers_in_progress": false, "elapsed_ms": 353.44, "hydrate_in_progress": false, "payload_elapsed_ms": 145.0, "query": "", "scan_in_progress": false, "selected_artist": ""}
2026-09-18 20:58:22,725 [INFO] music_app: {"action": "Postgres album search request started", "query": "Two Track Rarity Fixture"}
2026-09-18 20:58:22,869 [INFO] music_app: {"action": "View data request completed", "album_count": 1, "artist_count": 1, "elapsed_ms": 144.24, "query": "Two Track Rarity Fixture", "selected_artist": "E2E Rarity Artist"}
  [FAIL] Open the isolated two-track rarity fixture through the normal gallery :: Cannot read properties of undefined (reading 'total') (4350 ms)
[playwright-wrapper-failure-latched] {"phase":"tests-complete","status":"failed","total":1,"completed":1,"failed":1,"skipped":0,"errors":0}
  x  1 [functional] › tests\e2e\specs\nonAlbumRarity.spec.js:813:1 › FTC-NON-ALBUM-010 / FTC-NON-ALBUM-009 / FTC-NON-ALBUM-008 / FTC-NON-ALBUM-007 / FTC-NON-ALBUM-006 / FTC-TAGS-007 / FTC-NON-ALBUM-005 keeps rarity modal transitions and sibling album state canonical @area:tag-edit (5.2s)
[album-haven-playwright-result] {"version":1,"phase":"tests-complete","nonce":"1c2e0160db15b2592be289d28d69539e114cdf2a03cba812440347a7c0cbf2ab","status":"failed","total":1,"completed":1,"failed":1,"skipped":0,"errors":0}



[album-haven-playwright-result] {"version":1,"phase":"run-final","nonce":"1c2e0160db15b2592be289d28d69539e114cdf2a03cba812440347a7c0cbf2ab","status":"failed","total":1,"completed":1,"failed":1,"skipped":0,"errors":0}

  1) [functional] › tests\e2e\specs\nonAlbumRarity.spec.js:813:1 › FTC-NON-ALBUM-010 / FTC-NON-ALBUM-009 / FTC-NON-ALBUM-008 / FTC-NON-ALBUM-007 / FTC-NON-ALBUM-006 / FTC-TAGS-007 / FTC-NON-ALBUM-005 keeps rarity modal transitions and sibling album state canonical @area:tag-edit 

    TypeError: Cannot read properties of undefined (reading 'total')

       at ..\actions\trackModalActions.js:213

      211 |       subtitle: String(await this.trackModal.subtitle.textContent() || '').trim(),
      212 |       footer: String(await this.trackModal.footer.textContent() || '').trim(),
    > 213 |       total: String(await this.trackModal.albumTrackTable.total.textContent() || '').trim(),
          |                                                           ^
      214 |       playButtons: await this.trackModal.playButtons.count(),
      215 |       trackRows: await this.trackModal.trackRows.count(),
      216 |       coverLoaded,
        at TrackModalActions.readSummary (D:\a\AlbumHaven\AlbumHaven\tests\e2e\actions\trackModalActions.js:213:59)
        at TrackModalActions.waitForInteractiveSummary (D:\a\AlbumHaven\AlbumHaven\tests\e2e\actions\trackModalActions.js:256:21)
        at D:\a\AlbumHaven\AlbumHaven\tests\e2e\specs\nonAlbumRarity.spec.js:836:21
        at runStep (D:\a\AlbumHaven\AlbumHaven\tests\e2e\support\baseFixtures.js:146:22)
        at D:\a\AlbumHaven\AlbumHaven\tests\e2e\specs\nonAlbumRarity.spec.js:825:3

    attachment #1: step-transcript.txt (text/plain) ────────────────────────────────────────────────
    [TEST] FTC-NON-ALBUM-010 / FTC-NON-ALBUM-009 / FTC-NON-ALBUM-008 / FTC-NON-ALBUM-007 / FTC-NON-ALBUM-006 / FTC-TAGS-007 / FTC-NON-ALBUM-005 keeps rarity modal transitions and sibling album state canonical
      [STEP] Open the isolated two-track rarity fixture through the normal gallery
      [FAIL] Open th...
    ────────────────────────────────────────────────────────────────────────────────────────────────

    attachment #3: stacktrace.txt (text/plain) ─────────────────────────────────────────────────────
    Error 1
    TypeError: Cannot read properties of undefined (reading 'total')
        at TrackModalActions.readSummary (D:\a\AlbumHaven\AlbumHaven\tests\e2e\actions\trackModalActions.js:213:59)
        at TrackModalActions.waitForInteractiveSummary (D:\a\AlbumHaven\AlbumHaven\tests\e2e\actions\trackModalActions....
    ────────────────────────────────────────────────────────────────────────────────────────────────

    attachment #4: runtime-log.txt (text/plain) ────────────────────────────────────────────────────
    [2026-09-18T20:58:22.595Z] requestfailed/net::ERR_ABORTED: GET http://127.0.0.1:5500/cover?path=D%3A%5Ca%5C_temp%5Calbum-haven-e2e-functional-fixtures-playback-utilities%5Cshared%5Cmedia%5C!!!%5CThree%20Bangs%5Ccover.png&size=480&v=process-077d23e88001d9b59939d0a8f2cf6b2c
    [2026-09-18T20:58:22.595Z] ...
    ────────────────────────────────────────────────────────────────────────────────────────────────

    Error Context: ..\..\_temp\functional-output-playback-utilities\wave-02-30-playwright-config-js\nonAlbumRarity-FTC-NON-ALB-58561-bling-album-state-canonical-functional\error-context.md

    attachment #7: trace (application/zip) ─────────────────────────────────────────────────────────
    ..\..\_temp\functional-output-playback-utilities\wave-02-30-playwright-config-js\nonAlbumRarity-FTC-NON-ALB-58561-bling-album-state-canonical-functional\trace.zip
    Usage:

        npx playwright show-trace ..\..\_temp\functional-output-playback-utilities\wave-02-30-playwright-config-js\nonAlbumRarity-FTC-NON-ALB-58561-bling-album-state-canonical-functional\trace.zip

    ────────────────────────────────────────────────────────────────────────────────────────────────

  1 failed
    [functional] › tests\e2e\specs\nonAlbumRarity.spec.js:813:1 › FTC-NON-ALBUM-010 / FTC-NON-ALBUM-009 / FTC-NON-ALBUM-008 / FTC-NON-ALBUM-007 / FTC-NON-ALBUM-006 / FTC-TAGS-007 / FTC-NON-ALBUM-005 keeps rarity modal transitions and sibling album state canonical @area:tag-edit 

=== Playwright Summary ===
[x] nonAlbumRarity.spec
  [x] FTC-NON-ALBUM-010 / FTC-NON-ALBUM-009 / FTC-NON-ALBUM-008 / FTC-NON-ALBUM-007 / FTC-NON-ALBUM-006 / FTC-TAGS-007 / FTC-NON-ALBUM-005 keeps rarity modal transitions and sibling album state canonical @area:tag-edit

Overall: 0/1 passed
Failed tests:
- nonAlbumRarity.spec > FTC-NON-ALBUM-010 / FTC-NON-ALBUM-009 / FTC-NON-ALBUM-008 / FTC-NON-ALBUM-007 / FTC-NON-ALBUM-006 / FTC-TAGS-007 / FTC-NON-ALBUM-005 keeps rarity modal transitions and sibling album state canonical @area:tag-edit
[playwright-wrapper-diagnostic] {"reason":"wrapper-child-lifecycle-mismatch","childExitCode":1,"childExitSignal":null,"childCloseCode":1,"childCloseSignal":null,"processError":null,"stopReason":"none","cleanupOutcome":"completed"}
[playwright-wrapper-final-decision] {"wrapperExitCode":1,"attemptReturn":{"exitCode":1,"exitReason":"wrapper-child-lifecycle-mismatch"},"fakeDatabaseCleanup":{"status":"completed","error":null,"mode":"lock-only"},"scanAppCleanup":{"status":"not-required","error":null},"isolatedAppCleanup":{"status":"completed","error":null},"tempCleanup":{"status":"completed","error":null,"removedCount":1},"passivePortDiagnostics":[{"port":5500,"status":"completed","error":null,"ownerCount":0},{"port":5502,"status":"completed","error":null,"ownerCount":0}],"finalSummary":{"phase":"run-final","status":"failed","total":1,"completed":1,"failed":1,"skipped":0,"errors":0,"listOnly":false},"exitReason":"wrapper-child-lifecycle-mismatch"}
{"restored":0,"removed":0,"unchanged":1497}
Album Haven production E2E app listening on http://127.0.0.1:5500 with 0 artists, 0 albums, 0 tracks, and provider fixtures on http://127.0.0.1:5502
2026-09-18 20:58:55,319 [INFO] music_app: Startup scan-cache hydration completed files=7200 albums=400
2026-09-18 20:58:55,319 [INFO] music_app: Legacy album exclusions migrated albums=1 removed_rules=18 created_rules=1
2026-09-18 20:58:55,931 [INFO] music_app: Relation projection startup readiness ready=true rebuilt=true reason=missing_projection builder_version=local-relation-builder-v9 source_row_count=7438 duration_ms=577.02 source_load=151.15 fingerprint=58.72 pure_build=144.79 family_link_replacement=7.51 snapshot_publication=1.60
2026-09-18 20:58:57,137 [INFO] music_app: {"action": "Index request completed", "album_count": 0, "artist_count": 0, "bootstrap_mode": "fresh_preview", "covers_in_progress": false, "elapsed_ms": 384.96, "hydrate_in_progress": false, "payload_elapsed_ms": 175.07, "query": "", "scan_in_progress": false, "selected_artist": ""}

Running 1 test using 1 worker

2026-09-18 20:59:22,932 [INFO] music_app: {"action": "Index request completed", "album_count": 0, "artist_count": 0, "bootstrap_mode": "fresh_preview", "covers_in_progress": false, "elapsed_ms": 267.86, "hydrate_in_progress": false, "payload_elapsed_ms": 154.0, "query": "", "scan_in_progress": false, "selected_artist": ""}
[TEST] FTC-NON-ALBUM-013 keeps a strongly inferred blank-Album track in Other and Album Details
  [STEP] Clear Album on one numbered track without requiring an Exception
2026-09-18 20:59:25,994 [INFO] music_app: {"action": "Index request completed", "album_count": 0, "artist_count": 0, "bootstrap_mode": "fresh_preview", "covers_in_progress": false, "elapsed_ms": 319.94, "hydrate_in_progress": false, "payload_elapsed_ms": 247.43, "query": "", "scan_in_progress": false, "selected_artist": "E2E Rarity Artist"}
  [FAIL] Clear Album on one numbered track without requiring an Exception :: Cannot read properties of undefined (reading 'total') (2425 ms)
  x  1 [non-album-rescan] › tests\e2e\specs\nonAlbumRarity.spec.js:29:1 › FTC-NON-ALBUM-013 keeps a strongly inferred blank-Album track in Other and Album Details @area:album-details (3.5s)
[playwright-wrapper-failure-latched] {"phase":"tests-complete","status":"failed","total":1,"completed":1,"failed":1,"skipped":0,"errors":0}
[album-haven-playwright-result] {"version":1,"phase":"tests-complete","nonce":"c43332ecad4981f241973a54197003db808eb75d0774d57aaa8825ba58adac5c","status":"failed","total":1,"completed":1,"failed":1,"skipped":0,"errors":0}



[album-haven-playwright-result] {"version":1,"phase":"run-final","nonce":"c43332ecad4981f241973a54197003db808eb75d0774d57aaa8825ba58adac5c","status":"failed","total":1,"completed":1,"failed":1,"skipped":0,"errors":0}

  1) [non-album-rescan] › tests\e2e\specs\nonAlbumRarity.spec.js:29:1 › FTC-NON-ALBUM-013 keeps a strongly inferred blank-Album track in Other and Album Details @area:album-details 

    TypeError: Cannot read properties of undefined (reading 'total')

       at ..\actions\trackModalActions.js:213

      211 |       subtitle: String(await this.trackModal.subtitle.textContent() || '').trim(),
      212 |       footer: String(await this.trackModal.footer.textContent() || '').trim(),
    > 213 |       total: String(await this.trackModal.albumTrackTable.total.textContent() || '').trim(),
          |                                                           ^
      214 |       playButtons: await this.trackModal.playButtons.count(),
      215 |       trackRows: await this.trackModal.trackRows.count(),
      216 |       coverLoaded,
        at TrackModalActions.readSummary (D:\a\AlbumHaven\AlbumHaven\tests\e2e\actions\trackModalActions.js:213:59)
        at TrackModalActions.waitForInteractiveSummary (D:\a\AlbumHaven\AlbumHaven\tests\e2e\actions\trackModalActions.js:256:21)
        at openAlbum (D:\a\AlbumHaven\AlbumHaven\tests\e2e\specs\nonAlbumRarity.spec.js:50:21)
        at D:\a\AlbumHaven\AlbumHaven\tests\e2e\specs\nonAlbumRarity.spec.js:76:7
        at runStep (D:\a\AlbumHaven\AlbumHaven\tests\e2e\support\baseFixtures.js:146:22)
        at D:\a\AlbumHaven\AlbumHaven\tests\e2e\specs\nonAlbumRarity.spec.js:75:5

    attachment #1: step-transcript.txt (text/plain) ────────────────────────────────────────────────
    [TEST] FTC-NON-ALBUM-013 keeps a strongly inferred blank-Album track in Other and Album Details
      [STEP] Clear Album on one numbered track without requiring an Exception
      [FAIL] Clear Album on one numbered track without requiring an Exception :: Cannot read properties of undefined (reading 'total')...
    ────────────────────────────────────────────────────────────────────────────────────────────────

    attachment #3: stacktrace.txt (text/plain) ─────────────────────────────────────────────────────
    Error 1
    TypeError: Cannot read properties of undefined (reading 'total')
        at TrackModalActions.readSummary (D:\a\AlbumHaven\AlbumHaven\tests\e2e\actions\trackModalActions.js:213:59)
        at TrackModalActions.waitForInteractiveSummary (D:\a\AlbumHaven\AlbumHaven\tests\e2e\actions\trackModalActions....
    ────────────────────────────────────────────────────────────────────────────────────────────────

    attachment #4: runtime-log.txt (text/plain) ────────────────────────────────────────────────────
    No runtime logs captured.
    ────────────────────────────────────────────────────────────────────────────────────────────────

    Error Context: ..\..\_temp\functional-output-playback-utilities\wave-02-31-playwright-non-album-rescan-config-js\nonAlbumRarity-FTC-NON-ALB-d93cb--in-Other-and-Album-Details-non-album-rescan\error-context.md

    attachment #7: trace (application/zip) ─────────────────────────────────────────────────────────
    ..\..\_temp\functional-output-playback-utilities\wave-02-31-playwright-non-album-rescan-config-js\nonAlbumRarity-FTC-NON-ALB-d93cb--in-Other-and-Album-Details-non-album-rescan\trace.zip
    Usage:

        npx playwright show-trace ..\..\_temp\functional-output-playback-utilities\wave-02-31-playwright-non-album-rescan-config-js\nonAlbumRarity-FTC-NON-ALB-d93cb--in-Other-and-Album-Details-non-album-rescan\trace.zip

    ────────────────────────────────────────────────────────────────────────────────────────────────

  1 failed
    [non-album-rescan] › tests\e2e\specs\nonAlbumRarity.spec.js:29:1 › FTC-NON-ALBUM-013 keeps a strongly inferred blank-Album track in Other and Album Details @area:album-details 

=== Playwright Summary ===
[x] nonAlbumRarity.spec
  [x] FTC-NON-ALBUM-013 keeps a strongly inferred blank-Album track in Other and Album Details @area:album-details

Overall: 0/1 passed
Failed tests:
- nonAlbumRarity.spec > FTC-NON-ALBUM-013 keeps a strongly inferred blank-Album track in Other and Album Details @area:album-details
[playwright-wrapper-diagnostic] {"reason":"wrapper-child-lifecycle-mismatch","childExitCode":1,"childExitSignal":null,"childCloseCode":1,"childCloseSignal":null,"processError":null,"stopReason":"none","cleanupOutcome":"completed"}
[playwright-wrapper-final-decision] {"wrapperExitCode":1,"attemptReturn":{"exitCode":1,"exitReason":"wrapper-child-lifecycle-mismatch"},"fakeDatabaseCleanup":{"status":"completed","error":null,"mode":"lock-only"},"scanAppCleanup":{"status":"not-required","error":null},"isolatedAppCleanup":{"status":"completed","error":null},"tempCleanup":{"status":"completed","error":null,"removedCount":1},"passivePortDiagnostics":[{"port":5500,"status":"completed","error":null,"ownerCount":0},{"port":5502,"status":"completed","error":null,"ownerCount":0}],"finalSummary":{"phase":"run-final","status":"failed","total":1,"completed":1,"failed":1,"skipped":0,"errors":0,"listOnly":false},"exitReason":"wrapper-child-lifecycle-mismatch"}
{"restored":0,"removed":0,"unchanged":1497}
Album Haven production E2E app listening on http://127.0.0.1:5500 with 0 artists, 0 albums, 0 tracks, and provider fixtures on http://127.0.0.1:5502
2026-09-18 20:59:58,104 [INFO] music_app: Startup scan-cache hydration completed files=7200 albums=400
2026-09-18 20:59:58,104 [INFO] music_app: Legacy album exclusions migrated albums=1 removed_rules=18 created_rules=1
2026-09-18 20:59:58,687 [INFO] music_app: Relation projection startup readiness ready=true rebuilt=true reason=missing_projection builder_version=local-relation-builder-v9 source_row_count=7438 duration_ms=449.42 source_load=138.01 fingerprint=58.00 pure_build=144.67 family_link_replacement=7.46 snapshot_publication=1.64
2026-09-18 20:59:59,752 [INFO] music_app: {"action": "Index request completed", "album_count": 0, "artist_count": 0, "bootstrap_mode": "fresh_preview", "covers_in_progress": false, "elapsed_ms": 401.16, "hydrate_in_progress": false, "payload_elapsed_ms": 173.42, "query": "", "scan_in_progress": false, "selected_artist": ""}

Running 1 test using 1 worker

2026-09-18 21:00:25,453 [INFO] music_app: {"action": "Index request completed", "album_count": 0, "artist_count": 0, "bootstrap_mode": "fresh_preview", "covers_in_progress": false, "elapsed_ms": 273.57, "hydrate_in_progress": false, "payload_elapsed_ms": 161.0, "query": "", "scan_in_progress": false, "selected_artist": ""}
[TEST] FTC-LIBROOTS-016 / 017 / 018 reconciles filesystem changes and confirms missing-album removal
  [STEP] Open the production gallery and record the current inventory revision
2026-09-18 21:00:28,672 [INFO] music_app: {"action": "Index request completed", "album_count": 0, "artist_count": 0, "bootstrap_mode": "fresh_preview", "covers_in_progress": false, "elapsed_ms": 359.87, "hydrate_in_progress": false, "payload_elapsed_ms": 152.19, "query": "", "scan_in_progress": false, "selected_artist": ""}
  [PASS] Open the production gallery and record the current inventory revision (2876 ms)
  [STEP] Copy a three-album burst into the watched *** without starting a scan
  [PASS] Copy a three-album burst into the watched *** without starting a scan (1545 ms)
  [STEP] Verify Postgres and the year-sorted gallery publish all created albums
2026-09-18 21:00:33,503 [INFO] music_app: {"action": "Postgres album search request started", "query": "Watcher Reconciliation Artist"}
2026-09-18 21:00:33,686 [INFO] music_app: {"action": "View data request completed", "album_count": 3, "artist_count": 1, "elapsed_ms": 182.52, "query": "Watcher Reconciliation Artist", "selected_artist": "Watcher Reconciliation Artist"}
  [PASS] Verify Postgres and the year-sorted gallery publish all created albums (1038 ms)
  [STEP] Retag one file externally and load the changed title through Album Details
  [PASS] Retag one file externally and load the changed title through Album Details (2088 ms)
  [STEP] Delete one track and reconcile only that file
  [PASS] Delete one track and reconcile only that file (5652 ms)
  [STEP] Delete the album and keep its missing card in the same year-sorted position
  [PASS] Delete the album and keep its missing card in the same year-sorted position (2698 ms)
  [STEP] Show the full missing alert, disable unsafe actions, and render no track table
  [FAIL] Show the full missing alert, disable unsafe actions, and render no track table :: Cannot read properties of undefined (reading '***') (237 ms)
Album Haven production E2E app listening on http://127.0.0.1:5500 with 0 artists, 0 albums, 0 tracks, and provider fixtures on http://127.0.0.1:5502
2026-09-18 21:00:51,573 [INFO] music_app: Startup scan-cache hydration completed files=7200 albums=400
2026-09-18 21:00:52,116 [INFO] music_app: Relation projection startup readiness ready=true rebuilt=true reason=projection_not_ready builder_version=local-relation-builder-v9 source_row_count=7438 duration_ms=499.18 source_load=151.90 fingerprint=73.29 pure_build=154.89 family_link_replacement=6.20 snapshot_publication=1.46
2026-09-18 21:00:53,342 [INFO] music_app: {"action": "Index request completed", "album_count": 0, "artist_count": 0, "bootstrap_mode": "fresh_preview", "covers_in_progress": false, "elapsed_ms": 413.86, "hydrate_in_progress": false, "payload_elapsed_ms": 131.73, "query": "", "scan_in_progress": false, "selected_artist": ""}
  x  1 [functional] › tests\e2e\specs\libraryFilesystemWatcher.functional.spec.js:34:1 › FTC-LIBROOTS-016 / 017 / 018 reconciles filesystem changes and confirms missing-album removal @area:album-details (42.0s)
[playwright-wrapper-failure-latched] {"phase":"tests-complete","status":"failed","total":1,"completed":1,"failed":1,"skipped":0,"errors":0}
[album-haven-playwright-result] {"version":1,"phase":"tests-complete","nonce":"9e24447eba0357da81f773c905350908483a29d7beee8b2ae4883172b2fb034b","status":"failed","total":1,"completed":1,"failed":1,"skipped":0,"errors":0}



[album-haven-playwright-result] {"version":1,"phase":"run-final","nonce":"9e24447eba0357da81f773c905350908483a29d7beee8b2ae4883172b2fb034b","status":"failed","total":1,"completed":1,"failed":1,"skipped":0,"errors":0}

  1) [functional] › tests\e2e\specs\libraryFilesystemWatcher.functional.spec.js:34:1 › FTC-LIBROOTS-016 / 017 / 018 reconciles filesystem changes and confirms missing-album removal @area:album-details 

    TypeError: Cannot read properties of undefined (reading '***')

      165 |       await expect(trackModalActions.trackModal.missingAlert).toBeVisible({ timeout: 60000 });
      166 |       await expect(trackModalActions.trackModal.missingAlert).toContainText('Album details unavailable');
    > 167 |       await expect(trackModalActions.trackModal.albumTrackTable.***).toHaveCount(0);
          |                                                                 ^
      168 |       await expect(trackModalActions.trackModal.missingEditButton).toBeDisabled();
      169 |       await expect(trackModalActions.trackModal.missingFolderButton).toBeDisabled();
      170 |     });
        at D:\a\AlbumHaven\AlbumHaven\tests\e2e\specs\libraryFilesystemWatcher.functional.spec.js:167:65
        at runStep (D:\a\AlbumHaven\AlbumHaven\tests\e2e\support\baseFixtures.js:146:22)
        at D:\a\AlbumHaven\AlbumHaven\tests\e2e\specs\libraryFilesystemWatcher.functional.spec.js:163:5

    attachment #2: step-transcript.txt (text/plain) ────────────────────────────────────────────────
    [TEST] FTC-LIBROOTS-016 / 017 / 018 reconciles filesystem changes and confirms missing-album removal
      [STEP] Open the production gallery and record the current inventory revision
      [PASS] Open the production gallery and record the current inventory revision (2876 ms)
      [STEP] Copy a three-album bur...
    ────────────────────────────────────────────────────────────────────────────────────────────────

    attachment #4: stacktrace.txt (text/plain) ─────────────────────────────────────────────────────
    Error 1
    TypeError: Cannot read properties of undefined (reading '***')
        at D:\a\AlbumHaven\AlbumHaven\tests\e2e\specs\libraryFilesystemWatcher.functional.spec.js:167:65
        at runStep (D:\a\AlbumHaven\AlbumHaven\tests\e2e\support\baseFixtures.js:146:22)
        at D:\a\AlbumHaven\AlbumHaven\tests\e2...
    ────────────────────────────────────────────────────────────────────────────────────────────────

    attachment #5: runtime-log.txt (text/plain) ────────────────────────────────────────────────────
    No runtime logs captured.
    ────────────────────────────────────────────────────────────────────────────────────────────────

    attachment #6: screenshot-error.txt (text/plain) ───────────────────────────────────────────────
    Failed to capture screenshot: page.screenshot: Target page, context or browser has been closed
    ────────────────────────────────────────────────────────────────────────────────────────────────

    Error Context: ..\..\_temp\functional-output-playback-utilities\wave-03-32-playwright-config-js\libraryFilesystemWatcher.f-98a12-firms-missing-album-removal-functional\error-context.md

    attachment #8: trace (application/zip) ─────────────────────────────────────────────────────────
    ..\..\_temp\functional-output-playback-utilities\wave-03-32-playwright-config-js\libraryFilesystemWatcher.f-98a12-firms-missing-album-removal-functional\trace.zip
    Usage:

        npx playwright show-trace ..\..\_temp\functional-output-playback-utilities\wave-03-32-playwright-config-js\libraryFilesystemWatcher.f-98a12-firms-missing-album-removal-functional\trace.zip

    ────────────────────────────────────────────────────────────────────────────────────────────────

  1 failed
    [functional] › tests\e2e\specs\libraryFilesystemWatcher.functional.spec.js:34:1 › FTC-LIBROOTS-016 / 017 / 018 reconciles filesystem changes and confirms missing-album removal @area:album-details 

=== Playwright Summary ===
[playwright-wrapper-diagnostic] {"reason":"wrapper-child-lifecycle-mismatch","childExitCode":1,"childExitSignal":null,"childCloseCode":1,"childCloseSignal":null,"processError":null,"stopReason":"none","cleanupOutcome":"completed"}
[x] libraryFilesystemWatcher.functional.spec
  [x] FTC-LIBROOTS-016 / 017 / 018 reconciles filesystem changes and confirms missing-album removal @area:album-details

Overall: 0/1 passed
Failed tests:
- libraryFilesystemWatcher.functional.spec > FTC-LIBROOTS-016 / 017 / 018 reconciles filesystem changes and confirms missing-album removal @area:album-details
[playwright-wrapper-final-decision] {"wrapperExitCode":1,"attemptReturn":{"exitCode":1,"exitReason":"wrapper-child-lifecycle-mismatch"},"fakeDatabaseCleanup":{"status":"completed","error":null,"mode":"lock-only"},"scanAppCleanup":{"status":"not-required","error":null},"isolatedAppCleanup":{"status":"completed","error":null},"tempCleanup":{"status":"completed","error":null,"removedCount":1},"passivePortDiagnostics":[{"port":5500,"status":"completed","error":null,"ownerCount":0},{"port":5502,"status":"completed","error":null,"ownerCount":0}],"finalSummary":{"phase":"run-final","status":"failed","total":1,"completed":1,"failed":1,"skipped":0,"errors":0,"listOnly":false},"exitReason":"wrapper-child-lifecycle-mismatch"}
{"restored":0,"removed":0,"unchanged":1497}
Album Haven production E2E app listening on http://127.0.0.1:5500 with 0 artists, 0 albums, 0 tracks, and provider fixtures on http://127.0.0.1:5502
2026-09-18 21:01:39,643 [INFO] music_app: Startup scan-cache hydration completed files=7200 albums=400
2026-09-18 21:01:39,643 [INFO] music_app: Legacy album exclusions migrated albums=1 removed_rules=18 created_rules=1
2026-09-18 21:01:40,140 [INFO] music_app: Relation projection startup readiness ready=true rebuilt=true reason=missing_projection builder_version=local-relation-builder-v9 source_row_count=7438 duration_ms=459.21 source_load=134.73 fingerprint=56.51 pure_build=159.68 family_link_replacement=7.53 snapshot_publication=1.65
2026-09-18 21:01:41,490 [INFO] music_app: {"action": "Index request completed", "album_count": 0, "artist_count": 0, "bootstrap_mode": "fresh_preview", "covers_in_progress": false, "elapsed_ms": 425.16, "hydrate_in_progress": false, "payload_elapsed_ms": 175.76, "query": "", "scan_in_progress": false, "selected_artist": ""}

Running 1 test using 1 worker

2026-09-18 21:02:07,192 [INFO] music_app: {"action": "Index request completed", "album_count": 0, "artist_count": 0, "bootstrap_mode": "fresh_preview", "covers_in_progress": false, "elapsed_ms": 259.85, "hydrate_in_progress": false, "payload_elapsed_ms": 154.62, "query": "", "scan_in_progress": false, "selected_artist": ""}
[TEST] FTC-UTIL-PROBLEMS-001 rolls back failed exclusion creation and reversion
  [STEP] Restore an optimistically removed album after a real create failure
2026-09-18 21:02:10,123 [INFO] music_app: {"action": "Index request completed", "album_count": 0, "artist_count": 0, "bootstrap_mode": "fresh_preview", "covers_in_progress": false, "elapsed_ms": 258.0, "hydrate_in_progress": false, "payload_elapsed_ms": 150.96, "query": "", "scan_in_progress": false, "selected_artist": ""}
  [FAIL] Restore an optimistically removed album after a real create failure :: locator.click: Test timeout of 240000ms exceeded.
Call log:
  - waiting for locator('#utility-problematic-detail').getByRole('button', { name: 'Create Exception', exact: true })
    - locator resolved to <button type="button" aria-disabled="true" data-open-exclusion-confirm="1" class="button ui-button ui-button--secondary ui-button--medium utility-exception-action">…</button>
  - attempting click action
    2 × waiting for element to be visible, enabled and stable
      - element is not enabled
    - retrying click action
    - waiting 20ms
    2 × waiting for element to be visible, enabled and stable
      - element is not enabled
    - retrying click action
      - waiting 100ms
    456 × waiting for element to be visible, enabled and stable
        - element is not enabled
      - retrying click action
        - waiting 500ms
 (240509 ms)
  x  1 [functional] › tests\e2e\specs\problematicFileNavigation.spec.js:624:1 › FTC-UTIL-PROBLEMS-001 rolls back failed exclusion creation and reversion @area:problematic-files (4.0m)
[album-haven-playwright-result] {"version":1,"phase":"tests-complete","nonce":"9d678ea8c82813ebf518003bf9de2803b4e9ede1160e140bb8a1fd2e5f530439","status":"failed","total":1,"completed":1,"failed":1,"skipped":0,"errors":0}
[playwright-wrapper-failure-latched] {"phase":"tests-complete","status":"failed","total":1,"completed":1,"failed":1,"skipped":0,"errors":0}



[album-haven-playwright-result] {"version":1,"phase":"run-final","nonce":"9d678ea8c82813ebf518003bf9de2803b4e9ede1160e140bb8a1fd2e5f530439","status":"failed","total":1,"completed":1,"failed":1,"skipped":0,"errors":0}

  1) [functional] › tests\e2e\specs\problematicFileNavigation.spec.js:624:1 › FTC-UTIL-PROBLEMS-001 rolls back failed exclusion creation and reversion @area:problematic-files 

    Test timeout of 240000ms exceeded.

    Error: locator.click: Test timeout of 240000ms exceeded.
    Call log:
      - waiting for locator('#utility-problematic-detail').getByRole('button', { name: 'Create Exception', exact: true })
        - locator resolved to <button type="button" aria-disabled="true" data-open-exclusion-confirm="1" class="button ui-button ui-button--secondary ui-button--medium utility-exception-action">…</button>
      - attempting click action
        2 × waiting for element to be visible, enabled and stable
          - element is not enabled
        - retrying click action
        - waiting 20ms
        2 × waiting for element to be visible, enabled and stable
          - element is not enabled
        - retrying click action
          - waiting 100ms
        456 × waiting for element to be visible, enabled and stable
            - element is not enabled
          - retrying click action
            - waiting 500ms


       at ..\actions\utilityProblematicFilesActions.js:635

      633 |     const targets = [...albumRows.map(item => `${album.name || 'Album'} — ${item.display_reason || item.reason}`),
      634 |       ...fileRows.map(item => `${item.filename || item.path.split(/[\\/]/).pop()} — ${item.reason}`)];
    > 635 |     await this.utilityProblematicFilesTab.excludeProblemButton.click();
          |                                                                ^
      636 |     await this.utilityProblematicFilesTab.waitForVisible(this.utilityProblematicFilesTab.exclusionConfirmDialog);
      637 |     const text = String(await this.utilityProblematicFilesTab.exclusionConfirmText.textContent() || '').trim();
      638 |     assert.equal(text, `Create an exclusion rule for ${targets.join('; ')}? These problems will be hidden. You can revert this rule in Rules.`);
        at UtilityProblematicFilesActions.openExclusionConfirmation (D:\a\AlbumHaven\AlbumHaven\tests\e2e\actions\utilityProblematicFilesActions.js:635:64)
        at D:\a\AlbumHaven\AlbumHaven\tests\e2e\specs\problematicFileNavigation.spec.js:642:5
        at runStep (D:\a\AlbumHaven\AlbumHaven\tests\e2e\support\baseFixtures.js:146:22)
        at D:\a\AlbumHaven\AlbumHaven\tests\e2e\specs\problematicFileNavigation.spec.js:632:3

    attachment #1: step-transcript.txt (text/plain) ────────────────────────────────────────────────
    [TEST] FTC-UTIL-PROBLEMS-001 rolls back failed exclusion creation and reversion
      [STEP] Restore an optimistically removed album after a real create failure
    ────────────────────────────────────────────────────────────────────────────────────────────────

    attachment #2: stacktrace.txt (text/plain) ─────────────────────────────────────────────────────
    Error 1
    Test timeout of 240000ms exceeded.
    ────────────────────────────────────────────────────────────────────────────────────────────────

    attachment #3: runtime-log.txt (text/plain) ────────────────────────────────────────────────────
    [2026-09-18T21:02:13.116Z] requestfailed/net::ERR_ABORTED: GET http://127.0.0.1:5500/cover?path=D%3A%5Ca%5C_temp%5Calbum-haven-e2e-functional-fixtures-playback-utilities%5Cshared%5Cmedia%5CProgressive%20Projects%5CFlower%20Kings%20Family%5CAgents%20Of%20Mercy%5CFunctional%20Fixture%20Album%20330%5Cc...
    ────────────────────────────────────────────────────────────────────────────────────────────────

    Error Context: ..\..\_temp\functional-output-playback-utilities\wave-03-33-playwright-config-js\problematicFileNavigation--160bf-sion-creation-and-reversion-functional\error-context.md

    attachment #6: trace (application/zip) ─────────────────────────────────────────────────────────
    ..\..\_temp\functional-output-playback-utilities\wave-03-33-playwright-config-js\problematicFileNavigation--160bf-sion-creation-and-reversion-functional\trace.zip
    Usage:

        npx playwright show-trace ..\..\_temp\functional-output-playback-utilities\wave-03-33-playwright-config-js\problematicFileNavigation--160bf-sion-creation-and-reversion-functional\trace.zip

    ────────────────────────────────────────────────────────────────────────────────────────────────

  1 failed
    [functional] › tests\e2e\specs\problematicFileNavigation.spec.js:624:1 › FTC-UTIL-PROBLEMS-001 rolls back failed exclusion creation and reversion @area:problematic-files 

=== Playwright Summary ===
[x] problematicFileNavigation.spec
  [x] FTC-UTIL-PROBLEMS-001 rolls back failed exclusion creation and reversion @area:problematic-files (4.0m)

Overall: 0/1 passed
Failed tests:
- problematicFileNavigation.spec > FTC-UTIL-PROBLEMS-001 rolls back failed exclusion creation and reversion @area:problematic-files (4.0m)
[playwright-wrapper-diagnostic] {"reason":"wrapper-child-lifecycle-mismatch","childExitCode":1,"childExitSignal":null,"childCloseCode":1,"childCloseSignal":null,"processError":null,"stopReason":"none","cleanupOutcome":"completed"}
[playwright-wrapper-final-decision] {"wrapperExitCode":1,"attemptReturn":{"exitCode":1,"exitReason":"wrapper-child-lifecycle-mismatch"},"fakeDatabaseCleanup":{"status":"completed","error":null,"mode":"lock-only"},"scanAppCleanup":{"status":"not-required","error":null},"isolatedAppCleanup":{"status":"completed","error":null},"tempCleanup":{"status":"completed","error":null,"removedCount":1},"passivePortDiagnostics":[{"port":5500,"status":"completed","error":null,"ownerCount":0},{"port":5502,"status":"completed","error":null,"ownerCount":0}],"finalSummary":{"phase":"run-final","status":"failed","total":1,"completed":1,"failed":1,"skipped":0,"errors":0,"listOnly":false},"exitReason":"wrapper-child-lifecycle-mismatch"}
{"restored":0,"removed":0,"unchanged":1497}
Album Haven production E2E app listening on http://127.0.0.1:5500 with 0 artists, 0 albums, 0 tracks, and provider fixtures on http://127.0.0.1:5502
2026-09-18 21:06:39,384 [INFO] music_app: Startup scan-cache hydration completed files=7200 albums=400
2026-09-18 21:06:39,384 [INFO] music_app: Legacy album exclusions migrated albums=1 removed_rules=18 created_rules=1
2026-09-18 21:06:39,866 [INFO] music_app: Relation projection startup readiness ready=true rebuilt=true reason=missing_projection builder_version=local-relation-builder-v9 source_row_count=7438 duration_ms=445.74 source_load=137.21 fingerprint=57.23 pure_build=145.56 family_link_replacement=7.64 snapshot_publication=1.63
2026-09-18 21:06:41,084 [INFO] music_app: {"action": "Index request completed", "album_count": 0, "artist_count": 0, "bootstrap_mode": "fresh_preview", "covers_in_progress": false, "elapsed_ms": 412.04, "hydrate_in_progress": false, "payload_elapsed_ms": 169.08, "query": "", "scan_in_progress": false, "selected_artist": ""}

Running 1 test using 1 worker

2026-09-18 21:07:06,755 [INFO] music_app: {"action": "Index request completed", "album_count": 0, "artist_count": 0, "bootstrap_mode": "fresh_preview", "covers_in_progress": false, "elapsed_ms": 275.26, "hydrate_in_progress": false, "payload_elapsed_ms": 157.42, "query": "", "scan_in_progress": false, "selected_artist": ""}
2026-09-18 21:07:09,821 [INFO] music_app: {"action": "Index request completed", "album_count": 0, "artist_count": 0, "bootstrap_mode": "fresh_preview", "covers_in_progress": false, "elapsed_ms": 351.95, "hydrate_in_progress": false, "payload_elapsed_ms": 148.4, "query": "", "scan_in_progress": false, "selected_artist": ""}
2026-09-18 21:07:20,557 [INFO] music_app: {"action": "Library indexing started", "force": true}
2026-09-18 21:07:26,374 [INFO] music_app: {"action": "Library indexing completed", "album_count": 63, "file_count": 1090}
2026-09-18 21:07:26,374 [INFO] music_app: {"action": "Cover art refresh queued after indexing", "force_search": false, "reason": "pending_manual_cover_refresh"}
2026-09-18 21:07:26,598 [VERBOSE] music_app: Cover jobs built total_folders=64 queued=16 skipped=48 skipped_samples=[{'folder': 'D:\\a\\_temp\\album-haven-e2e-functional-fixtures-playback-utilities\\shared\\media\\Album Haven Last.fm Fixture\\Signed Scrobble Journey', 'artist': 'Album Haven Last.fm Fixture', 'album': 'Signed Scrobble Journey', 'track_count': 18, 'reason': 'cover_already_present'}, {'folder': 'D:\\a\\_temp\\album-haven-e2e-functional-fixtures-playback-utilities\\shared\\media\\Album Rating Contract\\Rating Absent', 'artist': 'Album Rating Contract', 'album': 'Rating Absent', 'track_count': 18, 'reason': 'cover_already_present'}, {'folder': 'D:\\a\\_temp\\album-haven-e2e-functional-fixtures-playback-utilities\\shared\\media\\Album Rating Contract\\Rating Cleared Authority', 'artist': 'Album Rating Contract', 'album': 'Rating Cleared Authority', 'track_count': 18, 'reason': 'cover_already_present'}, {'folder': 'D:\\a\\_temp\\album-haven-e2e-functional-fixtures-playback-utilities\\shared\\media\\Album Rating Contract\\Rating Import Candidate', 'artist': 'Album Rating Contract', 'album': 'Rating Import Candidate', 'track_count': 18, 'reason': 'cover_already_present'}, {'folder': 'D:\\a\\_temp\\album-haven-e2e-functional-fixtures-playback-utilities\\shared\\media\\Album Rating Contract\\Rating Malformed', 'artist': 'Album Rating Contract', 'album': 'Rating Malformed', 'track_count': 18, 'reason': 'cover_already_present'}, {'folder': 'D:\\a\\_temp\\album-haven-e2e-functional-fixtures-playback-utilities\\shared\\media\\Album Rating Contract\\Rating Numeric Authority', 'artist': 'Album Rating Contract', 'album': 'Rating Numeric Authority', 'track_count': 18, 'reason': 'cover_already_present'}, {'folder': 'D:\\a\\_temp\\album-haven-e2e-functional-fixtures-playback-utilities\\shared\\media\\Album Rating Contract\\Rating Out Of Range', 'artist': 'Album Rating Contract', 'album': 'Rating Out Of Range', 'track_count': 18, 'reason': 'cover_already_present'}, {'folder': 'D:\\a\\_temp\\album-haven-e2e-functional-fixtures-playback-utilities\\shared\\media\\Album Rating Contract\\Rating Scan Discovery', 'artist': 'Album Rating Contract', 'album': 'Rating Scan Discovery', 'track_count': 1, 'reason': 'cover_already_present'}, {'folder': 'D:\\a\\_temp\\album-haven-e2e-functional-fixtures-playback-utilities\\shared\\media\\Album Rating Contract\\Rating Zero', 'artist': 'Album Rating Contract', 'album': 'Rating Zero', 'track_count': 18, 'reason': 'cover_already_present'}, {'folder': 'D:\\a\\_temp\\album-haven-e2e-functional-fixtures-playback-utilities\\shared\\media\\Compilation Signal Guest\\Compilation Guest Solo', 'artist': 'Compilation Signal Guest', 'album': 'Compilation Guest Solo', 'track_count': 18, 'reason': 'cover_already_present'}]
2026-09-18 21:07:26,940 [VERBOSE] music_app: Cover jobs built total_folders=64 queued=16 skipped=48 skipped_samples=[{'folder': 'D:\\a\\_temp\\album-haven-e2e-functional-fixtures-playback-utilities\\shared\\media\\Album Haven Last.fm Fixture\\Signed Scrobble Journey', 'artist': 'Album Haven Last.fm Fixture', 'album': 'Signed Scrobble Journey', 'track_count': 18, 'reason': 'cover_already_present'}, {'folder': 'D:\\a\\_temp\\album-haven-e2e-functional-fixtures-playback-utilities\\shared\\media\\Album Rating Contract\\Rating Absent', 'artist': 'Album Rating Contract', 'album': 'Rating Absent', 'track_count': 18, 'reason': 'cover_already_present'}, {'folder': 'D:\\a\\_temp\\album-haven-e2e-functional-fixtures-playback-utilities\\shared\\media\\Album Rating Contract\\Rating Cleared Authority', 'artist': 'Album Rating Contract', 'album': 'Rating Cleared Authority', 'track_count': 18, 'reason': 'cover_already_present'}, {'folder': 'D:\\a\\_temp\\album-haven-e2e-functional-fixtures-playback-utilities\\shared\\media\\Album Rating Contract\\Rating Import Candidate', 'artist': 'Album Rating Contract', 'album': 'Rating Import Candidate', 'track_count': 18, 'reason': 'cover_already_present'}, {'folder': 'D:\\a\\_temp\\album-haven-e2e-functional-fixtures-playback-utilities\\shared\\media\\Album Rating Contract\\Rating Malformed', 'artist': 'Album Rating Contract', 'album': 'Rating Malformed', 'track_count': 18, 'reason': 'cover_already_present'}, {'folder': 'D:\\a\\_temp\\album-haven-e2e-functional-fixtures-playback-utilities\\shared\\media\\Album Rating Contract\\Rating Numeric Authority', 'artist': 'Album Rating Contract', 'album': 'Rating Numeric Authority', 'track_count': 18, 'reason': 'cover_already_present'}, {'folder': 'D:\\a\\_temp\\album-haven-e2e-functional-fixtures-playback-utilities\\shared\\media\\Album Rating Contract\\Rating Out Of Range', 'artist': 'Album Rating Contract', 'album': 'Rating Out Of Range', 'track_count': 18, 'reason': 'cover_already_present'}, {'folder': 'D:\\a\\_temp\\album-haven-e2e-functional-fixtures-playback-utilities\\shared\\media\\Album Rating Contract\\Rating Scan Discovery', 'artist': 'Album Rating Contract', 'album': 'Rating Scan Discovery', 'track_count': 1, 'reason': 'cover_already_present'}, {'folder': 'D:\\a\\_temp\\album-haven-e2e-functional-fixtures-playback-utilities\\shared\\media\\Album Rating Contract\\Rating Zero', 'artist': 'Album Rating Contract', 'album': 'Rating Zero', 'track_count': 18, 'reason': 'cover_already_present'}, {'folder': 'D:\\a\\_temp\\album-haven-e2e-functional-fixtures-playback-utilities\\shared\\media\\Compilation Signal Guest\\Compilation Guest Solo', 'artist': 'Compilation Signal Guest', 'album': 'Compilation Guest Solo', 'track_count': 18, 'reason': 'cover_already_present'}]
2026-09-18 21:07:26,940 [VERBOSE] music_app: Cover refresh manual bulk job selection queued=16 file_cache_entries=1090 force_search=False
2026-09-18 21:07:26,940 [VERBOSE] music_app: Cover fetch queue item index=1 total=16 artist='Generated Problem Fixture' album='Comfortably Numb Sidebar Fixture 01' year=2023 folder='D:\\a\\_temp\\album-haven-e2e-functional-fixtures-playback-utilities\\shared\\media\\Generated Problem Fixture\\Comfortably Numb Sidebar Fixture 01' track_count=18 force_search=False
2026-09-18 21:07:26,941 [VERBOSE] music_app: Cover fetch queue item index=2 total=16 artist='Generated Problem Fixture' album='Comfortably Numb Sidebar Fixture 02' year=2023 folder='D:\\a\\_temp\\album-haven-e2e-functional-fixtures-playback-utilities\\shared\\media\\Generated Problem Fixture\\Comfortably Numb Sidebar Fixture 02' track_count=18 force_search=False
2026-09-18 21:07:26,941 [VERBOSE] music_app: Cover fetch queue item index=3 total=16 artist='Generated Problem Fixture' album='Comfortably Numb Sidebar Fixture 03' year=2023 folder='D:\\a\\_temp\\album-haven-e2e-functional-fixtures-playback-utilities\\shared\\media\\Generated Problem Fixture\\Comfortably Numb Sidebar Fixture 03' track_count=18 force_search=False
2026-09-18 21:07:26,941 [VERBOSE] music_app: Cover fetch queue item index=4 total=16 artist='Generated Problem Fixture' album='Comfortably Numb Sidebar Fixture 04' year=2023 folder='D:\\a\\_temp\\album-haven-e2e-functional-fixtures-playback-utilities\\shared\\media\\Generated Problem Fixture\\Comfortably Numb Sidebar Fixture 04' track_count=18 force_search=False
2026-09-18 21:07:26,941 [VERBOSE] music_app: Cover fetch queue item index=5 total=16 artist='Generated Problem Fixture' album='Comfortably Numb Sidebar Fixture 05' year=2023 folder='D:\\a\\_temp\\album-haven-e2e-functional-fixtures-playback-utilities\\shared\\media\\Generated Problem Fixture\\Comfortably Numb Sidebar Fixture 05' track_count=18 force_search=False
2026-09-18 21:07:26,941 [VERBOSE] music_app: Cover fetch queue item index=6 total=16 artist='Generated Problem Fixture' album='Comfortably Numb Sidebar Fixture 06' year=2023 folder='D:\\a\\_temp\\album-haven-e2e-functional-fixtures-playback-utilities\\shared\\media\\Generated Problem Fixture\\Comfortably Numb Sidebar Fixture 06' track_count=18 force_search=False
2026-09-18 21:07:26,941 [VERBOSE] music_app: Cover fetch queue item index=7 total=16 artist='Generated Problem Fixture' album='Comfortably Numb Sidebar Fixture 07' year=2023 folder='D:\\a\\_temp\\album-haven-e2e-functional-fixtures-playback-utilities\\shared\\media\\Generated Problem Fixture\\Comfortably Numb Sidebar Fixture 07' track_count=18 force_search=False
2026-09-18 21:07:26,941 [VERBOSE] music_app: Cover fetch queue item index=8 total=16 artist='Generated Problem Fixture' album='Comfortably Numb Sidebar Fixture 08' year=2023 folder='D:\\a\\_temp\\album-haven-e2e-functional-fixtures-playback-utilities\\shared\\media\\Generated Problem Fixture\\Comfortably Numb Sidebar Fixture 08' track_count=18 force_search=False
2026-09-18 21:07:26,941 [VERBOSE] music_app: Cover fetch queue item index=9 total=16 artist='Generated Problem Fixture' album='Encoding And Missing Metadata' year=None folder='D:\\a\\_temp\\album-haven-e2e-functional-fixtures-playback-utilities\\shared\\media\\Generated Problem Fixture\\Encoding And Missing Metadata' track_count=18 force_search=False
2026-09-18 21:07:26,941 [VERBOSE] music_app: Cover fetch queue item index=10 total=16 artist='Mastodon' album='Crack The Skye Fixture 07' year=2009 folder='D:\\a\\_temp\\album-haven-e2e-functional-fixtures-playback-utilities\\shared\\media\\Mastodon\\Crack The Skye Fixture 07' track_count=18 force_search=False
2026-09-18 21:07:26,941 [VERBOSE] music_app: Cover fetch queue item index=11 total=16 artist='Mastodon' album='Crack The Skye Fixture 08' year=2009 folder='D:\\a\\_temp\\album-haven-e2e-functional-fixtures-playback-utilities\\shared\\media\\Mastodon\\Crack The Skye Fixture 08' track_count=18 force_search=False
2026-09-18 21:07:26,942 [VERBOSE] music_app: Cover fetch queue item index=12 total=16 artist='Mastodon' album='Crack The Skye Fixture 09' year=2009 folder='D:\\a\\_temp\\album-haven-e2e-functional-fixtures-playback-utilities\\shared\\media\\Mastodon\\Crack The Skye Fixture 09' track_count=18 force_search=False
2026-09-18 21:07:26,942 [VERBOSE] music_app: Cover fetch queue item index=13 total=16 artist='Mastodon' album='Crack The Skye Fixture 10' year=2009 folder='D:\\a\\_temp\\album-haven-e2e-functional-fixtures-playback-utilities\\shared\\media\\Mastodon\\Crack The Skye Fixture 10' track_count=18 force_search=False
2026-09-18 21:07:26,942 [VERBOSE] music_app: Cover fetch queue item index=14 total=16 artist='Neal Morse' album='Neal Morse Plays Pink Floyd' year=2023 folder='D:\\a\\_temp\\album-haven-e2e-functional-fixtures-playback-utilities\\shared\\media\\Progressive Projects\\Morse Family\\Neal Morse\\Neal Morse Plays Pink Floyd' track_count=18 force_search=False
2026-09-18 21:07:26,942 [VERBOSE] music_app: Cover fetch queue item index=15 total=16 artist='Various Artists' album='Mulan' year=1998 folder='D:\\a\\_temp\\album-haven-e2e-functional-fixtures-playback-utilities\\shared\\media\\Various Artists\\Mulan' track_count=14 force_search=False
2026-09-18 21:07:26,942 [VERBOSE] music_app: Cover fetch queue item index=16 total=16 artist='\u0414\u0414\u0422' album='\u0421\u0442\u0443\u0434\u0438\u0439\u043d\u044b\u0435 \u0437\u0430\u043f\u0438\u0441\u0438' year=1990 folder='D:\\a\\_temp\\album-haven-e2e-functional-fixtures-playback-utilities\\shared\\media\\\u0414\u0414\u0422\\\u0421\u0442\u0443\u0434\u0438\u0439\u043d\u044b\u0435 \u0437\u0430\u043f\u0438\u0441\u0438' track_count=16 force_search=False
2026-09-18 21:07:28,505 [VERBOSE] music_app.services.cover_provider_http: Cover HTTP success service=apple context=search:Generated Problem Fixture Comfortably Numb Sidebar Fixture 01 2023 status=200 url=http://127.0.0.1:5502/itunes/search?term=Generated+Problem+Fixture+Comfortably+Numb+Sidebar+Fixture+01+2023&entity=album&limit=20 bytes=33
2026-09-18 21:07:28,505 [VERBOSE] music_app.services.cover_refresh_provider: Apple raw search results query='Generated Problem Fixture Comfortably Numb Sidebar Fixture 01 2023' artist='Generated Problem Fixture' album='Comfortably Numb Sidebar Fixture 01' year=2023 results=[]
2026-09-18 21:07:28,505 [VERBOSE] music_app.services.cover_refresh_provider: Apple search results query='Generated Problem Fixture Comfortably Numb Sidebar Fixture 01 2023' count=0 top=[]
2026-09-18 21:07:28,505 [INFO] music_app.services.cover_refresh_provider: {"action": "Apple cover miss", "album": "Comfortably Numb Sidebar Fixture 01", "artist": "Generated Problem Fixture", "query_mode": "artist+album+year:native", "raw_result_count": 0, "raw_results_summary": [], "top_candidates": [], "year": 2023}
2026-09-18 21:07:28,582 [VERBOSE] music_app.services.cover_provider_http: Cover HTTP success service=apple context=search:Generated Problem Fixture Comfortably Numb Sidebar Fixture 02 2023 status=200 url=http://127.0.0.1:5502/itunes/search?term=Generated+Problem+Fixture+Comfortably+Numb+Sidebar+Fixture+02+2023&entity=album&limit=20 bytes=33
2026-09-18 21:07:28,582 [VERBOSE] music_app.services.cover_refresh_provider: Apple raw search results query='Generated Problem Fixture Comfortably Numb Sidebar Fixture 02 2023' artist='Generated Problem Fixture' album='Comfortably Numb Sidebar Fixture 02' year=2023 results=[]
2026-09-18 21:07:28,582 [VERBOSE] music_app.services.cover_refresh_provider: Apple search results query='Generated Problem Fixture Comfortably Numb Sidebar Fixture 02 2023' count=0 top=[]
2026-09-18 21:07:28,582 [INFO] music_app.services.cover_refresh_provider: {"action": "Apple cover miss", "album": "Comfortably Numb Sidebar Fixture 02", "artist": "Generated Problem Fixture", "query_mode": "artist+album+year:native", "raw_result_count": 0, "raw_results_summary": [], "top_candidates": [], "year": 2023}
2026-09-18 21:07:28,650 [VERBOSE] music_app.services.cover_provider_http: Cover HTTP success service=apple context=search:Generated Problem Fixture Comfortably Numb Sidebar Fixture 03 2023 status=200 url=http://127.0.0.1:5502/itunes/search?term=Generated+Problem+Fixture+Comfortably+Numb+Sidebar+Fixture+03+2023&entity=album&limit=20 bytes=33
2026-09-18 21:07:28,650 [VERBOSE] music_app.services.cover_refresh_provider: Apple raw search results query='Generated Problem Fixture Comfortably Numb Sidebar Fixture 03 2023' artist='Generated Problem Fixture' album='Comfortably Numb Sidebar Fixture 03' year=2023 results=[]
2026-09-18 21:07:28,650 [VERBOSE] music_app.services.cover_refresh_provider: Apple search results query='Generated Problem Fixture Comfortably Numb Sidebar Fixture 03 2023' count=0 top=[]
2026-09-18 21:07:28,650 [INFO] music_app.services.cover_refresh_provider: {"action": "Apple cover miss", "album": "Comfortably Numb Sidebar Fixture 03", "artist": "Generated Problem Fixture", "query_mode": "artist+album+year:native", "raw_result_count": 0, "raw_results_summary": [], "top_candidates": [], "year": 2023}
2026-09-18 21:07:28,708 [VERBOSE] music_app.services.cover_provider_http: Cover HTTP success service=apple context=search:Generated Problem Fixture Comfortably Numb Sidebar Fixture 04 2023 status=200 url=http://127.0.0.1:5502/itunes/search?term=Generated+Problem+Fixture+Comfortably+Numb+Sidebar+Fixture+04+2023&entity=album&limit=20 bytes=33
2026-09-18 21:07:28,708 [VERBOSE] music_app.services.cover_refresh_provider: Apple raw search results query='Generated Problem Fixture Comfortably Numb Sidebar Fixture 04 2023' artist='Generated Problem Fixture' album='Comfortably Numb Sidebar Fixture 04' year=2023 results=[]
2026-09-18 21:07:28,708 [VERBOSE] music_app.services.cover_refresh_provider: Apple search results query='Generated Problem Fixture Comfortably Numb Sidebar Fixture 04 2023' count=0 top=[]
2026-09-18 21:07:28,708 [INFO] music_app.services.cover_refresh_provider: {"action": "Apple cover miss", "album": "Comfortably Numb Sidebar Fixture 04", "artist": "Generated Problem Fixture", "query_mode": "artist+album+year:native", "raw_result_count": 0, "raw_results_summary": [], "top_candidates": [], "year": 2023}
2026-09-18 21:07:28,976 [INFO] music_app: {"action": "Library indexing started", "force": true}
2026-09-18 21:07:30,472 [VERBOSE] music_app.services.cover_provider_http: Cover HTTP success service=apple context=artist-id-search:Generated Problem Fixture status=200 url=http://127.0.0.1:5502/itunes/search?term=Generated+Problem+Fixture&entity=musicArtist&limit=10 bytes=33
2026-09-18 21:07:30,472 [INFO] music_app.services.cover_refresh_provider: {"action": "Apple artist lookup results", "album": "Comfortably Numb Sidebar Fixture 02", "artist": "Generated Problem Fixture", "query_artist": "Generated Problem Fixture", "result_count": 0, "top_results": []}
2026-09-18 21:07:30,714 [INFO] music_app: {"action": "Index request completed", "album_count": 0, "artist_count": 0, "bootstrap_mode": "fresh_preview", "covers_in_progress": true, "elapsed_ms": 1201.6, "hydrate_in_progress": false, "payload_elapsed_ms": 985.09, "query": "", "scan_in_progress": true, "selected_artist": ""}
2026-09-18 21:07:31,011 [VERBOSE] music_app.services.cover_provider_http: Cover HTTP success service=apple context=artist-id-search:Generated Problem Fixture status=200 url=http://127.0.0.1:5502/itunes/search?term=Generated+Problem+Fixture&entity=musicArtist&limit=10 bytes=33
2026-09-18 21:07:31,011 [INFO] music_app.services.cover_refresh_provider: {"action": "Apple artist lookup results", "album": "Comfortably Numb Sidebar Fixture 01", "artist": "Generated Problem Fixture", "query_artist": "Generated Problem Fixture", "result_count": 0, "top_results": []}
2026-09-18 21:07:31,280 [VERBOSE] music_app.services.cover_provider_http: Cover HTTP success service=apple context=artist-id-search:Generated Problem Fixture status=200 url=http://127.0.0.1:5502/itunes/search?term=Generated+Problem+Fixture&entity=musicArtist&limit=10 bytes=33
2026-09-18 21:07:31,281 [INFO] music_app.services.cover_refresh_provider: {"action": "Apple artist lookup results", "album": "Comfortably Numb Sidebar Fixture 04", "artist": "Generated Problem Fixture", "query_artist": "Generated Problem Fixture", "result_count": 0, "top_results": []}
2026-09-18 21:07:31,348 [VERBOSE] music_app.services.cover_provider_http: Cover HTTP success service=apple context=artist-id-search:Generated Problem Fixture status=200 url=http://127.0.0.1:5502/itunes/search?term=Generated+Problem+Fixture&entity=musicArtist&limit=10 bytes=33
2026-09-18 21:07:31,348 [INFO] music_app.services.cover_refresh_provider: {"action": "Apple artist lookup results", "album": "Comfortably Numb Sidebar Fixture 03", "artist": "Generated Problem Fixture", "query_artist": "Generated Problem Fixture", "result_count": 0, "top_results": []}
2026-09-18 21:07:31,880 [VERBOSE] music_app.services.cover_provider_http: Cover HTTP success service=apple context=artist-search:Generated Problem Fixture status=200 url=http://127.0.0.1:5502/itunes/search?term=Generated+Problem+Fixture&entity=musicArtist&limit=10 bytes=33
2026-09-18 21:07:32,101 [VERBOSE] music_app.services.cover_provider_http: Cover HTTP success service=apple context=artist-search:Generated Problem Fixture status=200 url=http://127.0.0.1:5502/itunes/search?term=Generated+Problem+Fixture&entity=musicArtist&limit=10 bytes=33
2026-09-18 21:07:32,917 [VERBOSE] music_app.services.cover_provider_http: Cover HTTP success service=apple context=artist-search:Generated Problem Fixture status=200 url=http://127.0.0.1:5502/itunes/search?term=Generated+Problem+Fixture&entity=musicArtist&limit=10 bytes=33
2026-09-18 21:07:33,115 [VERBOSE] music_app.services.cover_provider_http: Cover HTTP success service=apple context=artist-search:Generated Problem Fixture status=200 url=http://127.0.0.1:5502/itunes/search?term=Generated+Problem+Fixture&entity=musicArtist&limit=10 bytes=33
2026-09-18 21:07:33,629 [VERBOSE] music_app.services.cover_provider_http: Cover HTTP success service=apple-web-discovery context=search:site:music.apple.com/album "Generated Problem Fixture" "Comfortably Numb Sidebar Fixture 02":duckduckgo-html status=200 url=http://127.0.0.1:5502/duckduckgo-search?q=site%3Amusic.apple.com%2Falbum+%22Generated+Problem+Fixture%22+%22Comfortably+Numb+Sidebar+Fixture+02%22 bytes=41
2026-09-18 21:07:33,630 [INFO] music_app.services.cover_refresh_provider: {"action": "Apple album web discovery results", "album": "Comfortably Numb Sidebar Fixture 02", "artist": "Generated Problem Fixture", "final_url": "http://127.0.0.1:5502/duckduckgo-search?q=site%3Amusic.apple.com%2Falbum+%22Generated+Problem+Fixture%22+%22Comfortably+Numb+Sidebar+Fixture+02%22", "query": "site:music.apple.com/album \"Generated Problem Fixture\" \"Comfortably Numb Sidebar Fixture 02\"", "result_count": 0, "results": [], "source": "duckduckgo-html"}
2026-09-18 21:07:34,551 [VERBOSE] music_app.services.cover_provider_http: Cover HTTP success service=apple-web-discovery context=search:site:music.apple.com/album "Generated Problem Fixture" "Comfortably Numb Sidebar Fixture 01":duckduckgo-html status=200 url=http://127.0.0.1:5502/duckduckgo-search?q=site%3Amusic.apple.com%2Falbum+%22Generated+Problem+Fixture%22+%22Comfortably+Numb+Sidebar+Fixture+01%22 bytes=41
2026-09-18 21:07:34,564 [INFO] music_app.services.cover_refresh_provider: {"action": "Apple album web discovery results", "album": "Comfortably Numb Sidebar Fixture 01", "artist": "Generated Problem Fixture", "final_url": "http://127.0.0.1:5502/duckduckgo-search?q=site%3Amusic.apple.com%2Falbum+%22Generated+Problem+Fixture%22+%22Comfortably+Numb+Sidebar+Fixture+01%22", "query": "site:music.apple.com/album \"Generated Problem Fixture\" \"Comfortably Numb Sidebar Fixture 01\"", "result_count": 0, "results": [], "source": "duckduckgo-html"}
2026-09-18 21:07:35,486 [VERBOSE] music_app.services.cover_provider_http: Cover HTTP success service=apple-web-discovery context=search:site:music.apple.com/album "Generated Problem Fixture" "Comfortably Numb Sidebar Fixture 03":duckduckgo-html status=200 url=http://127.0.0.1:5502/duckduckgo-search?q=site%3Amusic.apple.com%2Falbum+%22Generated+Problem+Fixture%22+%22Comfortably+Numb+Sidebar+Fixture+03%22 bytes=41
2026-09-18 21:07:35,486 [INFO] music_app.services.cover_refresh_provider: {"action": "Apple album web discovery results", "album": "Comfortably Numb Sidebar Fixture 03", "artist": "Generated Problem Fixture", "final_url": "http://127.0.0.1:5502/duckduckgo-search?q=site%3Amusic.apple.com%2Falbum+%22Generated+Problem+Fixture%22+%22Comfortably+Numb+Sidebar+Fixture+03%22", "query": "site:music.apple.com/album \"Generated Problem Fixture\" \"Comfortably Numb Sidebar Fixture 03\"", "result_count": 0, "results": [], "source": "duckduckgo-html"}
2026-09-18 21:07:35,503 [VERBOSE] music_app.services.cover_provider_http: Cover HTTP success service=apple-web-discovery context=search:site:music.apple.com/album "Generated Problem Fixture" "Comfortably Numb Sidebar Fixture 04":duckduckgo-html status=200 url=http://127.0.0.1:5502/duckduckgo-search?q=site%3Amusic.apple.com%2Falbum+%22Generated+Problem+Fixture%22+%22Comfortably+Numb+Sidebar+Fixture+04%22 bytes=41
2026-09-18 21:07:35,503 [INFO] music_app.services.cover_refresh_provider: {"action": "Apple album web discovery results", "album": "Comfortably Numb Sidebar Fixture 04", "artist": "Generated Problem Fixture", "final_url": "http://127.0.0.1:5502/duckduckgo-search?q=site%3Amusic.apple.com%2Falbum+%22Generated+Problem+Fixture%22+%22Comfortably+Numb+Sidebar+Fixture+04%22", "query": "site:music.apple.com/album \"Generated Problem Fixture\" \"Comfortably Numb Sidebar Fixture 04\"", "result_count": 0, "results": [], "source": "duckduckgo-html"}
2026-09-18 21:07:35,659 [VERBOSE] music_app.services.cover_provider_http: Cover HTTP success service=apple-web-discovery context=search:site:music.apple.com/album "Generated Problem Fixture" "Comfortably Numb Sidebar Fixture 02":bing status=200 url=http://127.0.0.1:5502/bing-search?q=site%3Amusic.apple.com%2Falbum+%22Generated+Problem+Fixture%22+%22Comfortably+Numb+Sidebar+Fixture+02%22 bytes=41
2026-09-18 21:07:35,660 [INFO] music_app.services.cover_refresh_provider: {"action": "Apple album web discovery results", "album": "Comfortably Numb Sidebar Fixture 02", "artist": "Generated Problem Fixture", "final_url": "http://127.0.0.1:5502/bing-search?q=site%3Amusic.apple.com%2Falbum+%22Generated+Problem+Fixture%22+%22Comfortably+Numb+Sidebar+Fixture+02%22", "query": "site:music.apple.com/album \"Generated Problem Fixture\" \"Comfortably Numb Sidebar Fixture 02\"", "result_count": 0, "results": [], "source": "bing"}
2026-09-18 21:07:36,037 [VERBOSE] music_app.services.cover_provider_http: Cover HTTP success service=apple-web-discovery context=search:site:music.apple.com/album "Generated Problem Fixture" "Comfortably Numb Sidebar Fixture 01":bing status=200 url=http://127.0.0.1:5502/bing-search?q=site%3Amusic.apple.com%2Falbum+%22Generated+Problem+Fixture%22+%22Comfortably+Numb+Sidebar+Fixture+01%22 bytes=41
2026-09-18 21:07:36,037 [INFO] music_app.services.cover_refresh_provider: {"action": "Apple album web discovery results", "album": "Comfortably Numb Sidebar Fixture 01", "artist": "Generated Problem Fixture", "final_url": "http://127.0.0.1:5502/bing-search?q=site%3Amusic.apple.com%2Falbum+%22Generated+Problem+Fixture%22+%22Comfortably+Numb+Sidebar+Fixture+01%22", "query": "site:music.apple.com/album \"Generated Problem Fixture\" \"Comfortably Numb Sidebar Fixture 01\"", "result_count": 0, "results": [], "source": "bing"}
2026-09-18 21:07:38,041 [VERBOSE] music_app.services.cover_provider_http: Cover HTTP success service=apple-web-discovery context=search:"Generated Problem Fixture" "Comfortably Numb Sidebar Fixture 02" "Apple Music":duckduckgo-html status=200 url=http://127.0.0.1:5502/duckduckgo-search?q=%22Generated+Problem+Fixture%22+%22Comfortably+Numb+Sidebar+Fixture+02%22+%22Apple+Music%22 bytes=41
2026-09-18 21:07:38,042 [INFO] music_app.services.cover_refresh_provider: {"action": "Apple album web discovery results", "album": "Comfortably Numb Sidebar Fixture 02", "artist": "Generated Problem Fixture", "final_url": "http://127.0.0.1:5502/duckduckgo-search?q=%22Generated+Problem+Fixture%22+%22Comfortably+Numb+Sidebar+Fixture+02%22+%22Apple+Music%22", "query": "\"Generated Problem Fixture\" \"Comfortably Numb Sidebar Fixture 02\" \"Apple Music\"", "result_count": 0, "results": [], "source": "duckduckgo-html"}
2026-09-18 21:07:38,201 [VERBOSE] music_app.services.cover_provider_http: Cover HTTP success service=apple-web-discovery context=search:site:music.apple.com/album "Generated Problem Fixture" "Comfortably Numb Sidebar Fixture 04":bing status=200 url=http://127.0.0.1:5502/bing-search?q=site%3Amusic.apple.com%2Falbum+%22Generated+Problem+Fixture%22+%22Comfortably+Numb+Sidebar+Fixture+04%22 bytes=41
2026-09-18 21:07:38,202 [INFO] music_app.services.cover_refresh_provider: {"action": "Apple album web discovery results", "album": "Comfortably Numb Sidebar Fixture 04", "artist": "Generated Problem Fixture", "final_url": "http://127.0.0.1:5502/bing-search?q=site%3Amusic.apple.com%2Falbum+%22Generated+Problem+Fixture%22+%22Comfortably+Numb+Sidebar+Fixture+04%22", "query": "site:music.apple.com/album \"Generated Problem Fixture\" \"Comfortably Numb Sidebar Fixture 04\"", "result_count": 0, "results": [], "source": "bing"}
2026-09-18 21:07:38,470 [VERBOSE] music_app.services.cover_provider_http: Cover HTTP success service=apple-web-discovery context=search:site:music.apple.com/album "Generated Problem Fixture" "Comfortably Numb Sidebar Fixture 03":bing status=200 url=http://127.0.0.1:5502/bing-search?q=site%3Amusic.apple.com%2Falbum+%22Generated+Problem+Fixture%22+%22Comfortably+Numb+Sidebar+Fixture+03%22 bytes=41
2026-09-18 21:07:38,472 [INFO] music_app.services.cover_refresh_provider: {"action": "Apple album web discovery results", "album": "Comfortably Numb Sidebar Fixture 03", "artist": "Generated Problem Fixture", "final_url": "http://127.0.0.1:5502/bing-search?q=site%3Amusic.apple.com%2Falbum+%22Generated+Problem+Fixture%22+%22Comfortably+Numb+Sidebar+Fixture+03%22", "query": "site:music.apple.com/album \"Generated Problem Fixture\" \"Comfortably Numb Sidebar Fixture 03\"", "result_count": 0, "results": [], "source": "bing"}
2026-09-18 21:07:38,652 [VERBOSE] music_app.services.cover_provider_http: Cover HTTP success service=apple-web-discovery context=search:"Generated Problem Fixture" "Comfortably Numb Sidebar Fixture 01" "Apple Music":duckduckgo-html status=200 url=http://127.0.0.1:5502/duckduckgo-search?q=%22Generated+Problem+Fixture%22+%22Comfortably+Numb+Sidebar+Fixture+01%22+%22Apple+Music%22 bytes=41
2026-09-18 21:07:38,652 [INFO] music_app.services.cover_refresh_provider: {"action": "Apple album web discovery results", "album": "Comfortably Numb Sidebar Fixture 01", "artist": "Generated Problem Fixture", "final_url": "http://127.0.0.1:5502/duckduckgo-search?q=%22Generated+Problem+Fixture%22+%22Comfortably+Numb+Sidebar+Fixture+01%22+%22Apple+Music%22", "query": "\"Generated Problem Fixture\" \"Comfortably Numb Sidebar Fixture 01\" \"Apple Music\"", "result_count": 0, "results": [], "source": "duckduckgo-html"}
2026-09-18 21:07:40,379 [VERBOSE] music_app.services.cover_provider_http: Cover HTTP success service=apple-web-discovery context=search:"Generated Problem Fixture" "Comfortably Numb Sidebar Fixture 02" "Apple Music":bing status=200 url=http://127.0.0.1:5502/bing-search?q=%22Generated+Problem+Fixture%22+%22Comfortably+Numb+Sidebar+Fixture+02%22+%22Apple+Music%22 bytes=41
2026-09-18 21:07:40,379 [INFO] music_app.services.cover_refresh_provider: {"action": "Apple album web discovery results", "album": "Comfortably Numb Sidebar Fixture 02", "artist": "Generated Problem Fixture", "final_url": "http://127.0.0.1:5502/bing-search?q=%22Generated+Problem+Fixture%22+%22Comfortably+Numb+Sidebar+Fixture+02%22+%22Apple+Music%22", "query": "\"Generated Problem Fixture\" \"Comfortably Numb Sidebar Fixture 02\" \"Apple Music\"", "result_count": 0, "results": [], "source": "bing"}
2026-09-18 21:07:40,737 [VERBOSE] music_app.services.cover_provider_http: Cover HTTP success service=apple-web-discovery context=search:"Generated Problem Fixture" "Comfortably Numb Sidebar Fixture 04" "Apple Music":duckduckgo-html status=200 url=http://127.0.0.1:5502/duckduckgo-search?q=%22Generated+Problem+Fixture%22+%22Comfortably+Numb+Sidebar+Fixture+04%22+%22Apple+Music%22 bytes=41
2026-09-18 21:07:40,737 [INFO] music_app.services.cover_refresh_provider: {"action": "Apple album web discovery results", "album": "Comfortably Numb Sidebar Fixture 04", "artist": "Generated Problem Fixture", "final_url": "http://127.0.0.1:5502/duckduckgo-search?q=%22Generated+Problem+Fixture%22+%22Comfortably+Numb+Sidebar+Fixture+04%22+%22Apple+Music%22", "query": "\"Generated Problem Fixture\" \"Comfortably Numb Sidebar Fixture 04\" \"Apple Music\"", "result_count": 0, "results": [], "source": "duckduckgo-html"}
2026-09-18 21:07:41,338 [VERBOSE] music_app.services.cover_provider_http: Cover HTTP success service=apple-web-discovery context=search:"Generated Problem Fixture" "Comfortably Numb Sidebar Fixture 03" "Apple Music":duckduckgo-html status=200 url=http://127.0.0.1:5502/duckduckgo-search?q=%22Generated+Problem+Fixture%22+%22Comfortably+Numb+Sidebar+Fixture+03%22+%22Apple+Music%22 bytes=41
2026-09-18 21:07:41,338 [INFO] music_app.services.cover_refresh_provider: {"action": "Apple album web discovery results", "album": "Comfortably Numb Sidebar Fixture 03", "artist": "Generated Problem Fixture", "final_url": "http://127.0.0.1:5502/duckduckgo-search?q=%22Generated+Problem+Fixture%22+%22Comfortably+Numb+Sidebar+Fixture+03%22+%22Apple+Music%22", "query": "\"Generated Problem Fixture\" \"Comfortably Numb Sidebar Fixture 03\" \"Apple Music\"", "result_count": 0, "results": [], "source": "duckduckgo-html"}
2026-09-18 21:07:41,649 [VERBOSE] music_app.services.cover_provider_http: Cover HTTP success service=apple-web-discovery context=search:"Generated Problem Fixture" "Comfortably Numb Sidebar Fixture 01" "Apple Music":bing status=200 url=http://127.0.0.1:5502/bing-search?q=%22Generated+Problem+Fixture%22+%22Comfortably+Numb+Sidebar+Fixture+01%22+%22Apple+Music%22 bytes=41
2026-09-18 21:07:41,650 [INFO] music_app.services.cover_refresh_provider: {"action": "Apple album web discovery results", "album": "Comfortably Numb Sidebar Fixture 01", "artist": "Generated Problem Fixture", "final_url": "http://127.0.0.1:5502/bing-search?q=%22Generated+Problem+Fixture%22+%22Comfortably+Numb+Sidebar+Fixture+01%22+%22Apple+Music%22", "query": "\"Generated Problem Fixture\" \"Comfortably Numb Sidebar Fixture 01\" \"Apple Music\"", "result_count": 0, "results": [], "source": "bing"}
2026-09-18 21:07:41,667 [INFO] music_app: {"action": "Library indexing completed", "album_count": 63, "file_count": 1090}
2026-09-18 21:07:41,667 [INFO] music_app: {"action": "Cover art refresh queued after indexing", "force_search": false, "reason": "pending_manual_cover_refresh"}
2026-09-18 21:07:42,775 [VERBOSE] music_app.services.cover_provider_http: Cover HTTP success service=apple-web-discovery context=search:site:music.apple.com/album "Comfortably Numb Sidebar Fixture 02":duckduckgo-html status=200 url=http://127.0.0.1:5502/duckduckgo-search?q=site%3Amusic.apple.com%2Falbum+%22Comfortably+Numb+Sidebar+Fixture+02%22 bytes=41
2026-09-18 21:07:42,775 [INFO] music_app.services.cover_refresh_provider: {"action": "Apple album web discovery results", "album": "Comfortably Numb Sidebar Fixture 02", "artist": "Generated Problem Fixture", "final_url": "http://127.0.0.1:5502/duckduckgo-search?q=site%3Amusic.apple.com%2Falbum+%22Comfortably+Numb+Sidebar+Fixture+02%22", "query": "site:music.apple.com/album \"Comfortably Numb Sidebar Fixture 02\"", "result_count": 0, "results": [], "source": "duckduckgo-html"}
2026-09-18 21:07:43,200 [VERBOSE] music_app.services.cover_provider_http: Cover HTTP success service=apple-web-discovery context=search:"Generated Problem Fixture" "Comfortably Numb Sidebar Fixture 04" "Apple Music":bing status=200 url=http://127.0.0.1:5502/bing-search?q=%22Generated+Problem+Fixture%22+%22Comfortably+Numb+Sidebar+Fixture+04%22+%22Apple+Music%22 bytes=41
2026-09-18 21:07:43,200 [INFO] music_app.services.cover_refresh_provider: {"action": "Apple album web discovery results", "album": "Comfortably Numb Sidebar Fixture 04", "artist": "Generated Problem Fixture", "final_url": "http://127.0.0.1:5502/bing-search?q=%22Generated+Problem+Fixture%22+%22Comfortably+Numb+Sidebar+Fixture+04%22+%22Apple+Music%22", "query": "\"Generated Problem Fixture\" \"Comfortably Numb Sidebar Fixture 04\" \"Apple Music\"", "result_count": 0, "results": [], "source": "bing"}
2026-09-18 21:07:43,429 [VERBOSE] music_app.services.cover_provider_http: Cover HTTP success service=apple-web-discovery context=search:"Generated Problem Fixture" "Comfortably Numb Sidebar Fixture 03" "Apple Music":bing status=200 url=http://127.0.0.1:5502/bing-search?q=%22Generated+Problem+Fixture%22+%22Comfortably+Numb+Sidebar+Fixture+03%22+%22Apple+Music%22 bytes=41
2026-09-18 21:07:43,431 [INFO] music_app.services.cover_refresh_provider: {"action": "Apple album web discovery results", "album": "Comfortably Numb Sidebar Fixture 03", "artist": "Generated Problem Fixture", "final_url": "http://127.0.0.1:5502/bing-search?q=%22Generated+Problem+Fixture%22+%22Comfortably+Numb+Sidebar+Fixture+03%22+%22Apple+Music%22", "query": "\"Generated Problem Fixture\" \"Comfortably Numb Sidebar Fixture 03\" \"Apple Music\"", "result_count": 0, "results": [], "source": "bing"}
2026-09-18 21:07:43,665 [VERBOSE] music_app.services.cover_provider_http: Cover HTTP success service=apple-web-discovery context=search:site:music.apple.com/album "Comfortably Numb Sidebar Fixture 01":duckduckgo-html status=200 url=http://127.0.0.1:5502/duckduckgo-search?q=site%3Amusic.apple.com%2Falbum+%22Comfortably+Numb+Sidebar+Fixture+01%22 bytes=41
2026-09-18 21:07:43,665 [INFO] music_app.services.cover_refresh_provider: {"action": "Apple album web discovery results", "album": "Comfortably Numb Sidebar Fixture 01", "artist": "Generated Problem Fixture", "final_url": "http://127.0.0.1:5502/duckduckgo-search?q=site%3Amusic.apple.com%2Falbum+%22Comfortably+Numb+Sidebar+Fixture+01%22", "query": "site:music.apple.com/album \"Comfortably Numb Sidebar Fixture 01\"", "result_count": 0, "results": [], "source": "duckduckgo-html"}
2026-09-18 21:07:43,967 [VERBOSE] music_app.services.cover_provider_http: Cover HTTP success service=apple-web-discovery context=search:site:music.apple.com/album "Comfortably Numb Sidebar Fixture 02":bing status=200 url=http://127.0.0.1:5502/bing-search?q=site%3Amusic.apple.com%2Falbum+%22Comfortably+Numb+Sidebar+Fixture+02%22 bytes=41
2026-09-18 21:07:43,967 [INFO] music_app.services.cover_refresh_provider: {"action": "Apple album web discovery results", "album": "Comfortably Numb Sidebar Fixture 02", "artist": "Generated Problem Fixture", "final_url": "http://127.0.0.1:5502/bing-search?q=site%3Amusic.apple.com%2Falbum+%22Comfortably+Numb+Sidebar+Fixture+02%22", "query": "site:music.apple.com/album \"Comfortably Numb Sidebar Fixture 02\"", "result_count": 0, "results": [], "source": "bing"}
2026-09-18 21:07:44,137 [VERBOSE] music_app.services.cover_provider_http: Cover HTTP success service=apple-web-discovery context=search:site:music.apple.com/album "Comfortably Numb Sidebar Fixture 04":duckduckgo-html status=200 url=http://127.0.0.1:5502/duckduckgo-search?q=site%3Amusic.apple.com%2Falbum+%22Comfortably+Numb+Sidebar+Fixture+04%22 bytes=41
2026-09-18 21:07:44,137 [INFO] music_app.services.cover_refresh_provider: {"action": "Apple album web discovery results", "album": "Comfortably Numb Sidebar Fixture 04", "artist": "Generated Problem Fixture", "final_url": "http://127.0.0.1:5502/duckduckgo-search?q=site%3Amusic.apple.com%2Falbum+%22Comfortably+Numb+Sidebar+Fixture+04%22", "query": "site:music.apple.com/album \"Comfortably Numb Sidebar Fixture 04\"", "result_count": 0, "results": [], "source": "duckduckgo-html"}
2026-09-18 21:07:44,439 [VERBOSE] music_app.services.cover_provider_http: Cover HTTP success service=apple-web-discovery context=search:site:music.apple.com/album "Comfortably Numb Sidebar Fixture 03":duckduckgo-html status=200 url=http://127.0.0.1:5502/duckduckgo-search?q=site%3Amusic.apple.com%2Falbum+%22Comfortably+Numb+Sidebar+Fixture+03%22 bytes=41
2026-09-18 21:07:44,439 [INFO] music_app.services.cover_refresh_provider: {"action": "Apple album web discovery results", "album": "Comfortably Numb Sidebar Fixture 03", "artist": "Generated Problem Fixture", "final_url": "http://127.0.0.1:5502/duckduckgo-search?q=site%3Amusic.apple.com%2Falbum+%22Comfortably+Numb+Sidebar+Fixture+03%22", "query": "site:music.apple.com/album \"Comfortably Numb Sidebar Fixture 03\"", "result_count": 0, "results": [], "source": "duckduckgo-html"}
2026-09-18 21:07:44,533 [VERBOSE] music_app.services.cover_provider_http: Cover HTTP success service=apple-web-discovery context=search:site:music.apple.com/album "Comfortably Numb Sidebar Fixture 01":bing status=200 url=http://127.0.0.1:5502/bing-search?q=site%3Amusic.apple.com%2Falbum+%22Comfortably+Numb+Sidebar+Fixture+01%22 bytes=41
2026-09-18 21:07:44,533 [INFO] music_app.services.cover_refresh_provider: {"action": "Apple album web discovery results", "album": "Comfortably Numb Sidebar Fixture 01", "artist": "Generated Problem Fixture", "final_url": "http://127.0.0.1:5502/bing-search?q=site%3Amusic.apple.com%2Falbum+%22Comfortably+Numb+Sidebar+Fixture+01%22", "query": "site:music.apple.com/album \"Comfortably Numb Sidebar Fixture 01\"", "result_count": 0, "results": [], "source": "bing"}
2026-09-18 21:07:44,712 [VERBOSE] music_app.services.cover_provider_http: Cover HTTP success service=apple-web-discovery context=search:"Comfortably Numb Sidebar Fixture 02" "Apple Music" 2023:duckduckgo-html status=200 url=http://127.0.0.1:5502/duckduckgo-search?q=%22Comfortably+Numb+Sidebar+Fixture+02%22+%22Apple+Music%22+2023 bytes=41
2026-09-18 21:07:44,712 [INFO] music_app.services.cover_refresh_provider: {"action": "Apple album web discovery results", "album": "Comfortably Numb Sidebar Fixture 02", "artist": "Generated Problem Fixture", "final_url": "http://127.0.0.1:5502/duckduckgo-search?q=%22Comfortably+Numb+Sidebar+Fixture+02%22+%22Apple+Music%22+2023", "query": "\"Comfortably Numb Sidebar Fixture 02\" \"Apple Music\" 2023", "result_count": 0, "results": [], "source": "duckduckgo-html"}
2026-09-18 21:07:44,845 [VERBOSE] music_app.services.cover_provider_http: Cover HTTP success service=apple-web-discovery context=search:site:music.apple.com/album "Comfortably Numb Sidebar Fixture 04":bing status=200 url=http://127.0.0.1:5502/bing-search?q=site%3Amusic.apple.com%2Falbum+%22Comfortably+Numb+Sidebar+Fixture+04%22 bytes=41
2026-09-18 21:07:44,845 [INFO] music_app.services.cover_refresh_provider: {"action": "Apple album web discovery results", "album": "Comfortably Numb Sidebar Fixture 04", "artist": "Generated Problem Fixture", "final_url": "http://127.0.0.1:5502/bing-search?q=site%3Amusic.apple.com%2Falbum+%22Comfortably+Numb+Sidebar+Fixture+04%22", "query": "site:music.apple.com/album \"Comfortably Numb Sidebar Fixture 04\"", "result_count": 0, "results": [], "source": "bing"}
2026-09-18 21:07:45,461 [VERBOSE] music_app.services.cover_provider_http: Cover HTTP success service=apple-web-discovery context=search:site:music.apple.com/album "Comfortably Numb Sidebar Fixture 03":bing status=200 url=http://127.0.0.1:5502/bing-search?q=site%3Amusic.apple.com%2Falbum+%22Comfortably+Numb+Sidebar+Fixture+03%22 bytes=41
2026-09-18 21:07:45,462 [INFO] music_app.services.cover_refresh_provider: {"action": "Apple album web discovery results", "album": "Comfortably Numb Sidebar Fixture 03", "artist": "Generated Problem Fixture", "final_url": "http://127.0.0.1:5502/bing-search?q=site%3Amusic.apple.com%2Falbum+%22Comfortably+Numb+Sidebar+Fixture+03%22", "query": "site:music.apple.com/album \"Comfortably Numb Sidebar Fixture 03\"", "result_count": 0, "results": [], "source": "bing"}
2026-09-18 21:07:45,529 [VERBOSE] music_app.services.cover_provider_http: Cover HTTP success service=apple-web-discovery context=search:"Comfortably Numb Sidebar Fixture 01" "Apple Music" 2023:duckduckgo-html status=200 url=http://127.0.0.1:5502/duckduckgo-search?q=%22Comfortably+Numb+Sidebar+Fixture+01%22+%22Apple+Music%22+2023 bytes=41
2026-09-18 21:07:45,529 [INFO] music_app.services.cover_refresh_provider: {"action": "Apple album web discovery results", "album": "Comfortably Numb Sidebar Fixture 01", "artist": "Generated Problem Fixture", "final_url": "http://127.0.0.1:5502/duckduckgo-search?q=%22Comfortably+Numb+Sidebar+Fixture+01%22+%22Apple+Music%22+2023", "query": "\"Comfortably Numb Sidebar Fixture 01\" \"Apple Music\" 2023", "result_count": 0, "results": [], "source": "duckduckgo-html"}
2026-09-18 21:07:45,635 [VERBOSE] music_app.services.cover_provider_http: Cover HTTP success service=apple-web-discovery context=search:"Comfortably Numb Sidebar Fixture 02" "Apple Music" 2023:bing status=200 url=http://127.0.0.1:5502/bing-search?q=%22Comfortably+Numb+Sidebar+Fixture+02%22+%22Apple+Music%22+2023 bytes=41
2026-09-18 21:07:45,635 [INFO] music_app.services.cover_refresh_provider: {"action": "Apple album web discovery results", "album": "Comfortably Numb Sidebar Fixture 02", "artist": "Generated Problem Fixture", "final_url": "http://127.0.0.1:5502/bing-search?q=%22Comfortably+Numb+Sidebar+Fixture+02%22+%22Apple+Music%22+2023", "query": "\"Comfortably Numb Sidebar Fixture 02\" \"Apple Music\" 2023", "result_count": 0, "results": [], "source": "bing"}
2026-09-18 21:07:45,850 [VERBOSE] music_app.services.cover_provider_http: Cover HTTP success service=apple-web-discovery context=search:"Comfortably Numb Sidebar Fixture 04" "Apple Music" 2023:duckduckgo-html status=200 url=http://127.0.0.1:5502/duckduckgo-search?q=%22Comfortably+Numb+Sidebar+Fixture+04%22+%22Apple+Music%22+2023 bytes=41
2026-09-18 21:07:45,850 [INFO] music_app.services.cover_refresh_provider: {"action": "Apple album web discovery results", "album": "Comfortably Numb Sidebar Fixture 04", "artist": "Generated Problem Fixture", "final_url": "http://127.0.0.1:5502/duckduckgo-search?q=%22Comfortably+Numb+Sidebar+Fixture+04%22+%22Apple+Music%22+2023", "query": "\"Comfortably Numb Sidebar Fixture 04\" \"Apple Music\" 2023", "result_count": 0, "results": [], "source": "duckduckgo-html"}
2026-09-18 21:07:46,081 [VERBOSE] music_app.services.cover_provider_http: Cover HTTP success service=apple-web-discovery context=search:"Comfortably Numb Sidebar Fixture 03" "Apple Music" 2023:duckduckgo-html status=200 url=http://127.0.0.1:5502/duckduckgo-search?q=%22Comfortably+Numb+Sidebar+Fixture+03%22+%22Apple+Music%22+2023 bytes=41
2026-09-18 21:07:46,081 [INFO] music_app.services.cover_refresh_provider: {"action": "Apple album web discovery results", "album": "Comfortably Numb Sidebar Fixture 03", "artist": "Generated Problem Fixture", "final_url": "http://127.0.0.1:5502/duckduckgo-search?q=%22Comfortably+Numb+Sidebar+Fixture+03%22+%22Apple+Music%22+2023", "query": "\"Comfortably Numb Sidebar Fixture 03\" \"Apple Music\" 2023", "result_count": 0, "results": [], "source": "duckduckgo-html"}
2026-09-18 21:07:46,121 [VERBOSE] music_app.services.cover_provider_http: Cover HTTP success service=apple-web-discovery context=search:"Comfortably Numb Sidebar Fixture 01" "Apple Music" 2023:bing status=200 url=http://127.0.0.1:5502/bing-search?q=%22Comfortably+Numb+Sidebar+Fixture+01%22+%22Apple+Music%22+2023 bytes=41
2026-09-18 21:07:46,121 [INFO] music_app.services.cover_refresh_provider: {"action": "Apple album web discovery results", "album": "Comfortably Numb Sidebar Fixture 01", "artist": "Generated Problem Fixture", "final_url": "http://127.0.0.1:5502/bing-search?q=%22Comfortably+Numb+Sidebar+Fixture+01%22+%22Apple+Music%22+2023", "query": "\"Comfortably Numb Sidebar Fixture 01\" \"Apple Music\" 2023", "result_count": 0, "results": [], "source": "bing"}
2026-09-18 21:07:46,382 [VERBOSE] music_app.services.cover_provider_http: Cover HTTP success service=apple context=search:Generated Problem Fixture Comfortably Numb Sidebar Fixture 02 status=200 url=http://127.0.0.1:5502/itunes/search?term=Generated+Problem+Fixture+Comfortably+Numb+Sidebar+Fixture+02&entity=album&limit=20 bytes=33
2026-09-18 21:07:46,382 [VERBOSE] music_app.services.cover_refresh_provider: Apple raw search results query='Generated Problem Fixture Comfortably Numb Sidebar Fixture 02' artist='Generated Problem Fixture' album='Comfortably Numb Sidebar Fixture 02' year=2023 results=[]
2026-09-18 21:07:46,384 [VERBOSE] music_app.services.cover_refresh_provider: Apple search results query='Generated Problem Fixture Comfortably Numb Sidebar Fixture 02' count=0 top=[]
2026-09-18 21:07:46,384 [INFO] music_app.services.cover_refresh_provider: {"action": "Apple cover miss", "album": "Comfortably Numb Sidebar Fixture 02", "artist": "Generated Problem Fixture", "query_mode": "artist+album:native", "raw_result_count": 0, "raw_results_summary": [], "top_candidates": [], "year": 2023}
2026-09-18 21:07:46,682 [VERBOSE] music_app.services.cover_provider_http: Cover HTTP success service=apple-web-discovery context=search:"Comfortably Numb Sidebar Fixture 04" "Apple Music" 2023:bing status=200 url=http://127.0.0.1:5502/bing-search?q=%22Comfortably+Numb+Sidebar+Fixture+04%22+%22Apple+Music%22+2023 bytes=41
2026-09-18 21:07:46,682 [INFO] music_app.services.cover_refresh_provider: {"action": "Apple album web discovery results", "album": "Comfortably Numb Sidebar Fixture 04", "artist": "Generated Problem Fixture", "final_url": "http://127.0.0.1:5502/bing-search?q=%22Comfortably+Numb+Sidebar+Fixture+04%22+%22Apple+Music%22+2023", "query": "\"Comfortably Numb Sidebar Fixture 04\" \"Apple Music\" 2023", "result_count": 0, "results": [], "source": "bing"}
2026-09-18 21:07:46,903 [VERBOSE] music_app.services.cover_provider_http: Cover HTTP success service=apple-web-discovery context=search:"Comfortably Numb Sidebar Fixture 03" "Apple Music" 2023:bing status=200 url=http://127.0.0.1:5502/bing-search?q=%22Comfortably+Numb+Sidebar+Fixture+03%22+%22Apple+Music%22+2023 bytes=41
2026-09-18 21:07:46,903 [INFO] music_app.services.cover_refresh_provider: {"action": "Apple album web discovery results", "album": "Comfortably Numb Sidebar Fixture 03", "artist": "Generated Problem Fixture", "final_url": "http://127.0.0.1:5502/bing-search?q=%22Comfortably+Numb+Sidebar+Fixture+03%22+%22Apple+Music%22+2023", "query": "\"Comfortably Numb Sidebar Fixture 03\" \"Apple Music\" 2023", "result_count": 0, "results": [], "source": "bing"}
2026-09-18 21:07:46,949 [VERBOSE] music_app.services.cover_provider_http: Cover HTTP success service=apple context=search:Generated Problem Fixture Comfortably Numb Sidebar Fixture 01 status=200 url=http://127.0.0.1:5502/itunes/search?term=Generated+Problem+Fixture+Comfortably+Numb+Sidebar+Fixture+01&entity=album&limit=20 bytes=33
2026-09-18 21:07:46,949 [VERBOSE] music_app.services.cover_refresh_provider: Apple raw search results query='Generated Problem Fixture Comfortably Numb Sidebar Fixture 01' artist='Generated Problem Fixture' album='Comfortably Numb Sidebar Fixture 01' year=2023 results=[]
2026-09-18 21:07:46,949 [VERBOSE] music_app.services.cover_refresh_provider: Apple search results query='Generated Problem Fixture Comfortably Numb Sidebar Fixture 01' count=0 top=[]
2026-09-18 21:07:46,949 [INFO] music_app.services.cover_refresh_provider: {"action": "Apple cover miss", "album": "Comfortably Numb Sidebar Fixture 01", "artist": "Generated Problem Fixture", "query_mode": "artist+album:native", "raw_result_count": 0, "raw_results_summary": [], "top_candidates": [], "year": 2023}
2026-09-18 21:07:47,179 [VERBOSE] music_app.services.cover_provider_http: Cover HTTP success service=apple context=artist-id-search:Generated Problem Fixture status=200 url=http://127.0.0.1:5502/itunes/search?term=Generated+Problem+Fixture&entity=musicArtist&limit=10 bytes=33
2026-09-18 21:07:47,179 [INFO] music_app.services.cover_refresh_provider: {"action": "Apple artist lookup results", "album": "Comfortably Numb Sidebar Fixture 02", "artist": "Generated Problem Fixture", "query_artist": "Generated Problem Fixture", "result_count": 0, "top_results": []}
2026-09-18 21:07:47,367 [VERBOSE] music_app.services.cover_provider_http: Cover HTTP success service=apple context=search:Generated Problem Fixture Comfortably Numb Sidebar Fixture 04 status=200 url=http://127.0.0.1:5502/itunes/search?term=Generated+Problem+Fixture+Comfortably+Numb+Sidebar+Fixture+04&entity=album&limit=20 bytes=33
2026-09-18 21:07:47,367 [VERBOSE] music_app.services.cover_refresh_provider: Apple raw search results query='Generated Problem Fixture Comfortably Numb Sidebar Fixture 04' artist='Generated Problem Fixture' album='Comfortably Numb Sidebar Fixture 04' year=2023 results=[]
2026-09-18 21:07:47,367 [VERBOSE] music_app.services.cover_refresh_provider: Apple search results query='Generated Problem Fixture Comfortably Numb Sidebar Fixture 04' count=0 top=[]
2026-09-18 21:07:47,367 [INFO] music_app.services.cover_refresh_provider: {"action": "Apple cover miss", "album": "Comfortably Numb Sidebar Fixture 04", "artist": "Generated Problem Fixture", "query_mode": "artist+album:native", "raw_result_count": 0, "raw_results_summary": [], "top_candidates": [], "year": 2023}
2026-09-18 21:07:47,583 [VERBOSE] music_app.services.cover_provider_http: Cover HTTP success service=apple context=search:Generated Problem Fixture Comfortably Numb Sidebar Fixture 03 status=200 url=http://127.0.0.1:5502/itunes/search?term=Generated+Problem+Fixture+Comfortably+Numb+Sidebar+Fixture+03&entity=album&limit=20 bytes=33
2026-09-18 21:07:47,583 [VERBOSE] music_app.services.cover_refresh_provider: Apple raw search results query='Generated Problem Fixture Comfortably Numb Sidebar Fixture 03' artist='Generated Problem Fixture' album='Comfortably Numb Sidebar Fixture 03' year=2023 results=[]
2026-09-18 21:07:47,583 [VERBOSE] music_app.services.cover_refresh_provider: Apple search results query='Generated Problem Fixture Comfortably Numb Sidebar Fixture 03' count=0 top=[]
2026-09-18 21:07:47,583 [INFO] music_app.services.cover_refresh_provider: {"action": "Apple cover miss", "album": "Comfortably Numb Sidebar Fixture 03", "artist": "Generated Problem Fixture", "query_mode": "artist+album:native", "raw_result_count": 0, "raw_results_summary": [], "top_candidates": [], "year": 2023}
2026-09-18 21:07:47,671 [VERBOSE] music_app.services.cover_provider_http: Cover HTTP success service=apple context=artist-id-search:Generated Problem Fixture status=200 url=http://127.0.0.1:5502/itunes/search?term=Generated+Problem+Fixture&entity=musicArtist&limit=10 bytes=33
2026-09-18 21:07:47,672 [INFO] music_app.services.cover_refresh_provider: {"action": "Apple artist lookup results", "album": "Comfortably Numb Sidebar Fixture 01", "artist": "Generated Problem Fixture", "query_artist": "Generated Problem Fixture", "result_count": 0, "top_results": []}
2026-09-18 21:07:47,791 [VERBOSE] music_app.services.cover_provider_http: Cover HTTP success service=apple context=artist-search:Generated Problem Fixture status=200 url=http://127.0.0.1:5502/itunes/search?term=Generated+Problem+Fixture&entity=musicArtist&limit=10 bytes=33
2026-09-18 21:07:48,107 [VERBOSE] music_app.services.cover_provider_http: Cover HTTP success service=apple context=artist-id-search:Generated Problem Fixture status=200 url=http://127.0.0.1:5502/itunes/search?term=Generated+Problem+Fixture&entity=musicArtist&limit=10 bytes=33
2026-09-18 21:07:48,107 [INFO] music_app.services.cover_refresh_provider: {"action": "Apple artist lookup results", "album": "Comfortably Numb Sidebar Fixture 04", "artist": "Generated Problem Fixture", "query_artist": "Generated Problem Fixture", "result_count": 0, "top_results": []}
2026-09-18 21:07:48,376 [VERBOSE] music_app.services.cover_provider_http: Cover HTTP success service=apple context=artist-id-search:Generated Problem Fixture status=200 url=http://127.0.0.1:5502/itunes/search?term=Generated+Problem+Fixture&entity=musicArtist&limit=10 bytes=33
2026-09-18 21:07:48,376 [INFO] music_app.services.cover_refresh_provider: {"action": "Apple artist lookup results", "album": "Comfortably Numb Sidebar Fixture 03", "artist": "Generated Problem Fixture", "query_artist": "Generated Problem Fixture", "result_count": 0, "top_results": []}
2026-09-18 21:07:48,530 [VERBOSE] music_app.services.cover_provider_http: Cover HTTP success service=apple context=artist-search:Generated Problem Fixture status=200 url=http://127.0.0.1:5502/itunes/search?term=Generated+Problem+Fixture&entity=musicArtist&limit=10 bytes=33
2026-09-18 21:07:48,630 [VERBOSE] music_app.services.cover_provider_http: Cover HTTP success service=apple-web-discovery context=search:site:music.apple.com/album "Generated Problem Fixture" "Comfortably Numb Sidebar Fixture 02":duckduckgo-html status=200 url=http://127.0.0.1:5502/duckduckgo-search?q=site%3Amusic.apple.com%2Falbum+%22Generated+Problem+Fixture%22+%22Comfortably+Numb+Sidebar+Fixture+02%22 bytes=41
2026-09-18 21:07:48,630 [INFO] music_app.services.cover_refresh_provider: {"action": "Apple album web discovery results", "album": "Comfortably Numb Sidebar Fixture 02", "artist": "Generated Problem Fixture", "final_url": "http://127.0.0.1:5502/duckduckgo-search?q=site%3Amusic.apple.com%2Falbum+%22Generated+Problem+Fixture%22+%22Comfortably+Numb+Sidebar+Fixture+02%22", "query": "site:music.apple.com/album \"Generated Problem Fixture\" \"Comfortably Numb Sidebar Fixture 02\"", "result_count": 0, "results": [], "source": "duckduckgo-html"}
2026-09-18 21:07:48,721 [VERBOSE] music_app.services.cover_provider_http: Cover HTTP success service=apple context=artist-search:Generated Problem Fixture status=200 url=http://127.0.0.1:5502/itunes/search?term=Generated+Problem+Fixture&entity=musicArtist&limit=10 bytes=33
2026-09-18 21:07:48,991 [VERBOSE] music_app.services.cover_provider_http: Cover HTTP success service=apple context=artist-search:Generated Problem Fixture status=200 url=http://127.0.0.1:5502/itunes/search?term=Generated+Problem+Fixture&entity=musicArtist&limit=10 bytes=33
2026-09-18 21:07:49,230 [VERBOSE] music_app.services.cover_provider_http: Cover HTTP success service=apple-web-discovery context=search:site:music.apple.com/album "Generated Problem Fixture" "Comfortably Numb Sidebar Fixture 01":duckduckgo-html status=200 url=http://127.0.0.1:5502/duckduckgo-search?q=site%3Amusic.apple.com%2Falbum+%22Generated+Problem+Fixture%22+%22Comfortably+Numb+Sidebar+Fixture+01%22 bytes=41
2026-09-18 21:07:49,230 [INFO] music_app.services.cover_refresh_provider: {"action": "Apple album web discovery results", "album": "Comfortably Numb Sidebar Fixture 01", "artist": "Generated Problem Fixture", "final_url": "http://127.0.0.1:5502/duckduckgo-search?q=site%3Amusic.apple.com%2Falbum+%22Generated+Problem+Fixture%22+%22Comfortably+Numb+Sidebar+Fixture+01%22", "query": "site:music.apple.com/album \"Generated Problem Fixture\" \"Comfortably Numb Sidebar Fixture 01\"", "result_count": 0, "results": [], "source": "duckduckgo-html"}
2026-09-18 21:07:49,558 [VERBOSE] music_app.services.cover_provider_http: Cover HTTP success service=apple-web-discovery context=search:site:music.apple.com/album "Generated Problem Fixture" "Comfortably Numb Sidebar Fixture 02":bing status=200 url=http://127.0.0.1:5502/bing-search?q=site%3Amusic.apple.com%2Falbum+%22Generated+Problem+Fixture%22+%22Comfortably+Numb+Sidebar+Fixture+02%22 bytes=41
2026-09-18 21:07:49,558 [INFO] music_app.services.cover_refresh_provider: {"action": "Apple album web discovery results", "album": "Comfortably Numb Sidebar Fixture 02", "artist": "Generated Problem Fixture", "final_url": "http://127.0.0.1:5502/bing-search?q=site%3Amusic.apple.com%2Falbum+%22Generated+Problem+Fixture%22+%22Comfortably+Numb+Sidebar+Fixture+02%22", "query": "site:music.apple.com/album \"Generated Problem Fixture\" \"Comfortably Numb Sidebar Fixture 02\"", "result_count": 0, "results": [], "source": "bing"}
2026-09-18 21:07:49,618 [VERBOSE] music_app.services.cover_provider_http: Cover HTTP success service=apple-web-discovery context=search:site:music.apple.com/album "Generated Problem Fixture" "Comfortably Numb Sidebar Fixture 04":duckduckgo-html status=200 url=http://127.0.0.1:5502/duckduckgo-search?q=site%3Amusic.apple.com%2Falbum+%22Generated+Problem+Fixture%22+%22Comfortably+Numb+Sidebar+Fixture+04%22 bytes=41
2026-09-18 21:07:49,618 [INFO] music_app.services.cover_refresh_provider: {"action": "Apple album web discovery results", "album": "Comfortably Numb Sidebar Fixture 04", "artist": "Generated Problem Fixture", "final_url": "http://127.0.0.1:5502/duckduckgo-search?q=site%3Amusic.apple.com%2Falbum+%22Generated+Problem+Fixture%22+%22Comfortably+Numb+Sidebar+Fixture+04%22", "query": "site:music.apple.com/album \"Generated Problem Fixture\" \"Comfortably Numb Sidebar Fixture 04\"", "result_count": 0, "results": [], "source": "duckduckgo-html"}
2026-09-18 21:07:49,776 [VERBOSE] music_app.services.cover_provider_http: Cover HTTP success service=apple-web-discovery context=search:site:music.apple.com/album "Generated Problem Fixture" "Comfortably Numb Sidebar Fixture 03":duckduckgo-html status=200 url=http://127.0.0.1:5502/duckduckgo-search?q=site%3Amusic.apple.com%2Falbum+%22Generated+Problem+Fixture%22+%22Comfortably+Numb+Sidebar+Fixture+03%22 bytes=41
2026-09-18 21:07:49,776 [INFO] music_app.services.cover_refresh_provider: {"action": "Apple album web discovery results", "album": "Comfortably Numb Sidebar Fixture 03", "artist": "Generated Problem Fixture", "final_url": "http://127.0.0.1:5502/duckduckgo-search?q=site%3Amusic.apple.com%2Falbum+%22Generated+Problem+Fixture%22+%22Comfortably+Numb+Sidebar+Fixture+03%22", "query": "site:music.apple.com/album \"Generated Problem Fixture\" \"Comfortably Numb Sidebar Fixture 03\"", "result_count": 0, "results": [], "source": "duckduckgo-html"}
2026-09-18 21:07:49,918 [VERBOSE] music_app.services.cover_provider_http: Cover HTTP success service=apple-web-discovery context=search:site:music.apple.com/album "Generated Problem Fixture" "Comfortably Numb Sidebar Fixture 01":bing status=200 url=http://127.0.0.1:5502/bing-search?q=site%3Amusic.apple.com%2Falbum+%22Generated+Problem+Fixture%22+%22Comfortably+Numb+Sidebar+Fixture+01%22 bytes=41
2026-09-18 21:07:49,918 [INFO] music_app.services.cover_refresh_provider: {"action": "Apple album web discovery results", "album": "Comfortably Numb Sidebar Fixture 01", "artist": "Generated Problem Fixture", "final_url": "http://127.0.0.1:5502/bing-search?q=site%3Amusic.apple.com%2Falbum+%22Generated+Problem+Fixture%22+%22Comfortably+Numb+Sidebar+Fixture+01%22", "query": "site:music.apple.com/album \"Generated Problem Fixture\" \"Comfortably Numb Sidebar Fixture 01\"", "result_count": 0, "results": [], "source": "bing"}
2026-09-18 21:07:50,140 [VERBOSE] music_app.services.cover_provider_http: Cover HTTP success service=apple-web-discovery context=search:"Generated Problem Fixture" "Comfortably Numb Sidebar Fixture 02" "Apple Music":duckduckgo-html status=200 url=http://127.0.0.1:5502/duckduckgo-search?q=%22Generated+Problem+Fixture%22+%22Comfortably+Numb+Sidebar+Fixture+02%22+%22Apple+Music%22 bytes=41
2026-09-18 21:07:50,141 [INFO] music_app.services.cover_refresh_provider: {"action": "Apple album web discovery results", "album": "Comfortably Numb Sidebar Fixture 02", "artist": "Generated Problem Fixture", "final_url": "http://127.0.0.1:5502/duckduckgo-search?q=%22Generated+Problem+Fixture%22+%22Comfortably+Numb+Sidebar+Fixture+02%22+%22Apple+Music%22", "query": "\"Generated Problem Fixture\" \"Comfortably Numb Sidebar Fixture 02\" \"Apple Music\"", "result_count": 0, "results": [], "source": "duckduckgo-html"}
2026-09-18 21:07:50,265 [VERBOSE] music_app.services.cover_provider_http: Cover HTTP success service=apple-web-discovery context=search:site:music.apple.com/album "Generated Problem Fixture" "Comfortably Numb Sidebar Fixture 04":bing status=200 url=http://127.0.0.1:5502/bing-search?q=site%3Amusic.apple.com%2Falbum+%22Generated+Problem+Fixture%22+%22Comfortably+Numb+Sidebar+Fixture+04%22 bytes=41
2026-09-18 21:07:50,265 [INFO] music_app.services.cover_refresh_provider: {"action": "Apple album web discovery results", "album": "Comfortably Numb Sidebar Fixture 04", "artist": "Generated Problem Fixture", "final_url": "http://127.0.0.1:5502/bing-search?q=site%3Amusic.apple.com%2Falbum+%22Generated+Problem+Fixture%22+%22Comfortably+Numb+Sidebar+Fixture+04%22", "query": "site:music.apple.com/album \"Generated Problem Fixture\" \"Comfortably Numb Sidebar Fixture 04\"", "result_count": 0, "results": [], "source": "bing"}
2026-09-18 21:07:50,430 [VERBOSE] music_app.services.cover_provider_http: Cover HTTP success service=apple-web-discovery context=search:site:music.apple.com/album "Generated Problem Fixture" "Comfortably Numb Sidebar Fixture 03":bing status=200 url=http://127.0.0.1:5502/bing-search?q=site%3Amusic.apple.com%2Falbum+%22Generated+Problem+Fixture%22+%22Comfortably+Numb+Sidebar+Fixture+03%22 bytes=41
2026-09-18 21:07:50,430 [INFO] music_app.services.cover_refresh_provider: {"action": "Apple album web discovery results", "album": "Comfortably Numb Sidebar Fixture 03", "artist": "Generated Problem Fixture", "final_url": "http://127.0.0.1:5502/bing-search?q=site%3Amusic.apple.com%2Falbum+%22Generated+Problem+Fixture%22+%22Comfortably+Numb+Sidebar+Fixture+03%22", "query": "site:music.apple.com/album \"Generated Problem Fixture\" \"Comfortably Numb Sidebar Fixture 03\"", "result_count": 0, "results": [], "source": "bing"}
2026-09-18 21:07:50,526 [VERBOSE] music_app.services.cover_provider_http: Cover HTTP success service=apple-web-discovery context=search:"Generated Problem Fixture" "Comfortably Numb Sidebar Fixture 01" "Apple Music":duckduckgo-html status=200 url=http://127.0.0.1:5502/duckduckgo-search?q=%22Generated+Problem+Fixture%22+%22Comfortably+Numb+Sidebar+Fixture+01%22+%22Apple+Music%22 bytes=41
2026-09-18 21:07:50,526 [INFO] music_app.services.cover_refresh_provider: {"action": "Apple album web discovery results", "album": "Comfortably Numb Sidebar Fixture 01", "artist": "Generated Problem Fixture", "final_url": "http://127.0.0.1:5502/duckduckgo-search?q=%22Generated+Problem+Fixture%22+%22Comfortably+Numb+Sidebar+Fixture+01%22+%22Apple+Music%22", "query": "\"Generated Problem Fixture\" \"Comfortably Numb Sidebar Fixture 01\" \"Apple Music\"", "result_count": 0, "results": [], "source": "duckduckgo-html"}
2026-09-18 21:07:50,950 [VERBOSE] music_app.services.cover_provider_http: Cover HTTP success service=apple-web-discovery context=search:"Generated Problem Fixture" "Comfortably Numb Sidebar Fixture 02" "Apple Music":bing status=200 url=http://127.0.0.1:5502/bing-search?q=%22Generated+Problem+Fixture%22+%22Comfortably+Numb+Sidebar+Fixture+02%22+%22Apple+Music%22 bytes=41
2026-09-18 21:07:50,950 [INFO] music_app.services.cover_refresh_provider: {"action": "Apple album web discovery results", "album": "Comfortably Numb Sidebar Fixture 02", "artist": "Generated Problem Fixture", "final_url": "http://127.0.0.1:5502/bing-search?q=%22Generated+Problem+Fixture%22+%22Comfortably+Numb+Sidebar+Fixture+02%22+%22Apple+Music%22", "query": "\"Generated Problem Fixture\" \"Comfortably Numb Sidebar Fixture 02\" \"Apple Music\"", "result_count": 0, "results": [], "source": "bing"}
2026-09-18 21:07:51,049 [VERBOSE] music_app.services.cover_provider_http: Cover HTTP success service=apple-web-discovery context=search:"Generated Problem Fixture" "Comfortably Numb Sidebar Fixture 04" "Apple Music":duckduckgo-html status=200 url=http://127.0.0.1:5502/duckduckgo-search?q=%22Generated+Problem+Fixture%22+%22Comfortably+Numb+Sidebar+Fixture+04%22+%22Apple+Music%22 bytes=41
2026-09-18 21:07:51,049 [INFO] music_app.services.cover_refresh_provider: {"action": "Apple album web discovery results", "album": "Comfortably Numb Sidebar Fixture 04", "artist": "Generated Problem Fixture", "final_url": "http://127.0.0.1:5502/duckduckgo-search?q=%22Generated+Problem+Fixture%22+%22Comfortably+Numb+Sidebar+Fixture+04%22+%22Apple+Music%22", "query": "\"Generated Problem Fixture\" \"Comfortably Numb Sidebar Fixture 04\" \"Apple Music\"", "result_count": 0, "results": [], "source": "duckduckgo-html"}
2026-09-18 21:07:51,213 [VERBOSE] music_app.services.cover_provider_http: Cover HTTP success service=apple-web-discovery context=search:"Generated Problem Fixture" "Comfortably Numb Sidebar Fixture 03" "Apple Music":duckduckgo-html status=200 url=http://127.0.0.1:5502/duckduckgo-search?q=%22Generated+Problem+Fixture%22+%22Comfortably+Numb+Sidebar+Fixture+03%22+%22Apple+Music%22 bytes=41
2026-09-18 21:07:51,213 [INFO] music_app.services.cover_refresh_provider: {"action": "Apple album web discovery results", "album": "Comfortably Numb Sidebar Fixture 03", "artist": "Generated Problem Fixture", "final_url": "http://127.0.0.1:5502/duckduckgo-search?q=%22Generated+Problem+Fixture%22+%22Comfortably+Numb+Sidebar+Fixture+03%22+%22Apple+Music%22", "query": "\"Generated Problem Fixture\" \"Comfortably Numb Sidebar Fixture 03\" \"Apple Music\"", "result_count": 0, "results": [], "source": "duckduckgo-html"}
2026-09-18 21:07:51,274 [VERBOSE] music_app.services.cover_provider_http: Cover HTTP success service=apple-web-discovery context=search:"Generated Problem Fixture" "Comfortably Numb Sidebar Fixture 01" "Apple Music":bing status=200 url=http://127.0.0.1:5502/bing-search?q=%22Generated+Problem+Fixture%22+%22Comfortably+Numb+Sidebar+Fixture+01%22+%22Apple+Music%22 bytes=41
2026-09-18 21:07:51,274 [INFO] music_app.services.cover_refresh_provider: {"action": "Apple album web discovery results", "album": "Comfortably Numb Sidebar Fixture 01", "artist": "Generated Problem Fixture", "final_url": "http://127.0.0.1:5502/bing-search?q=%22Generated+Problem+Fixture%22+%22Comfortably+Numb+Sidebar+Fixture+01%22+%22Apple+Music%22", "query": "\"Generated Problem Fixture\" \"Comfortably Numb Sidebar Fixture 01\" \"Apple Music\"", "result_count": 0, "results": [], "source": "bing"}
2026-09-18 21:07:51,594 [VERBOSE] music_app.services.cover_provider_http: Cover HTTP success service=apple-web-discovery context=search:site:music.apple.com/album "Comfortably Numb Sidebar Fixture 02":duckduckgo-html status=200 url=http://127.0.0.1:5502/duckduckgo-search?q=site%3Amusic.apple.com%2Falbum+%22Comfortably+Numb+Sidebar+Fixture+02%22 bytes=41
2026-09-18 21:07:51,594 [INFO] music_app.services.cover_refresh_provider: {"action": "Apple album web discovery results", "album": "Comfortably Numb Sidebar Fixture 02", "artist": "Generated Problem Fixture", "final_url": "http://127.0.0.1:5502/duckduckgo-search?q=site%3Amusic.apple.com%2Falbum+%22Comfortably+Numb+Sidebar+Fixture+02%22", "query": "site:music.apple.com/album \"Comfortably Numb Sidebar Fixture 02\"", "result_count": 0, "results": [], "source": "duckduckgo-html"}
2026-09-18 21:07:51,654 [VERBOSE] music_app.services.cover_provider_http: Cover HTTP success service=apple-web-discovery context=search:"Generated Problem Fixture" "Comfortably Numb Sidebar Fixture 04" "Apple Music":bing status=200 url=http://127.0.0.1:5502/bing-search?q=%22Generated+Problem+Fixture%22+%22Comfortably+Numb+Sidebar+Fixture+04%22+%22Apple+Music%22 bytes=41
2026-09-18 21:07:51,654 [INFO] music_app.services.cover_refresh_provider: {"action": "Apple album web discovery results", "album": "Comfortably Numb Sidebar Fixture 04", "artist": "Generated Problem Fixture", "final_url": "http://127.0.0.1:5502/bing-search?q=%22Generated+Problem+Fixture%22+%22Comfortably+Numb+Sidebar+Fixture+04%22+%22Apple+Music%22", "query": "\"Generated Problem Fixture\" \"Comfortably Numb Sidebar Fixture 04\" \"Apple Music\"", "result_count": 0, "results": [], "source": "bing"}
2026-09-18 21:07:52,043 [VERBOSE] music_app.services.cover_provider_http: Cover HTTP success service=apple-web-discovery context=search:"Generated Problem Fixture" "Comfortably Numb Sidebar Fixture 03" "Apple Music":bing status=200 url=http://127.0.0.1:5502/bing-search?q=%22Generated+Problem+Fixture%22+%22Comfortably+Numb+Sidebar+Fixture+03%22+%22Apple+Music%22 bytes=41
2026-09-18 21:07:52,043 [INFO] music_app.services.cover_refresh_provider: {"action": "Apple album web discovery results", "album": "Comfortably Numb Sidebar Fixture 03", "artist": "Generated Problem Fixture", "final_url": "http://127.0.0.1:5502/bing-search?q=%22Generated+Problem+Fixture%22+%22Comfortably+Numb+Sidebar+Fixture+03%22+%22Apple+Music%22", "query": "\"Generated Problem Fixture\" \"Comfortably Numb Sidebar Fixture 03\" \"Apple Music\"", "result_count": 0, "results": [], "source": "bing"}
2026-09-18 21:07:52,090 [VERBOSE] music_app.services.cover_provider_http: Cover HTTP success service=apple-web-discovery context=search:site:music.apple.com/album "Comfortably Numb Sidebar Fixture 01":duckduckgo-html status=200 url=http://127.0.0.1:5502/duckduckgo-search?q=site%3Amusic.apple.com%2Falbum+%22Comfortably+Numb+Sidebar+Fixture+01%22 bytes=41
2026-09-18 21:07:52,090 [INFO] music_app.services.cover_refresh_provider: {"action": "Apple album web discovery results", "album": "Comfortably Numb Sidebar Fixture 01", "artist": "Generated Problem Fixture", "final_url": "http://127.0.0.1:5502/duckduckgo-search?q=site%3Amusic.apple.com%2Falbum+%22Comfortably+Numb+Sidebar+Fixture+01%22", "query": "site:music.apple.com/album \"Comfortably Numb Sidebar Fixture 01\"", "result_count": 0, "results": [], "source": "duckduckgo-html"}
2026-09-18 21:07:52,394 [VERBOSE] music_app.services.cover_provider_http: Cover HTTP success service=apple-web-discovery context=search:site:music.apple.com/album "Comfortably Numb Sidebar Fixture 04":duckduckgo-html status=200 url=http://127.0.0.1:5502/duckduckgo-search?q=site%3Amusic.apple.com%2Falbum+%22Comfortably+Numb+Sidebar+Fixture+04%22 bytes=41
2026-09-18 21:07:52,394 [INFO] music_app.services.cover_refresh_provider: {"action": "Apple album web discovery results", "album": "Comfortably Numb Sidebar Fixture 04", "artist": "Generated Problem Fixture", "final_url": "http://127.0.0.1:5502/duckduckgo-search?q=site%3Amusic.apple.com%2Falbum+%22Comfortably+Numb+Sidebar+Fixture+04%22", "query": "site:music.apple.com/album \"Comfortably Numb Sidebar Fixture 04\"", "result_count": 0, "results": [], "source": "duckduckgo-html"}
2026-09-18 21:07:52,456 [VERBOSE] music_app.services.cover_provider_http: Cover HTTP success service=apple-web-discovery context=search:site:music.apple.com/album "Comfortably Numb Sidebar Fixture 02":bing status=200 url=http://127.0.0.1:5502/bing-search?q=site%3Amusic.apple.com%2Falbum+%22Comfortably+Numb+Sidebar+Fixture+02%22 bytes=41
2026-09-18 21:07:52,456 [INFO] music_app.services.cover_refresh_provider: {"action": "Apple album web discovery results", "album": "Comfortably Numb Sidebar Fixture 02", "artist": "Generated Problem Fixture", "final_url": "http://127.0.0.1:5502/bing-search?q=site%3Amusic.apple.com%2Falbum+%22Comfortably+Numb+Sidebar+Fixture+02%22", "query": "site:music.apple.com/album \"Comfortably Numb Sidebar Fixture 02\"", "result_count": 0, "results": [], "source": "bing"}
2026-09-18 21:07:52,659 [VERBOSE] music_app.services.cover_provider_http: Cover HTTP success service=apple-web-discovery context=search:site:music.apple.com/album "Comfortably Numb Sidebar Fixture 01":bing status=200 url=http://127.0.0.1:5502/bing-search?q=site%3Amusic.apple.com%2Falbum+%22Comfortably+Numb+Sidebar+Fixture+01%22 bytes=41
2026-09-18 21:07:52,659 [INFO] music_app.services.cover_refresh_provider: {"action": "Apple album web discovery results", "album": "Comfortably Numb Sidebar Fixture 01", "artist": "Generated Problem Fixture", "final_url": "http://127.0.0.1:5502/bing-search?q=site%3Amusic.apple.com%2Falbum+%22Comfortably+Numb+Sidebar+Fixture+01%22", "query": "site:music.apple.com/album \"Comfortably Numb Sidebar Fixture 01\"", "result_count": 0, "results": [], "source": "bing"}
2026-09-18 21:07:52,670 [VERBOSE] music_app.services.cover_provider_http: Cover HTTP success service=apple-web-discovery context=search:site:music.apple.com/album "Comfortably Numb Sidebar Fixture 03":duckduckgo-html status=200 url=http://127.0.0.1:5502/duckduckgo-search?q=site%3Amusic.apple.com%2Falbum+%22Comfortably+Numb+Sidebar+Fixture+03%22 bytes=41
2026-09-18 21:07:52,670 [INFO] music_app.services.cover_refresh_provider: {"action": "Apple album web discovery results", "album": "Comfortably Numb Sidebar Fixture 03", "artist": "Generated Problem Fixture", "final_url": "http://127.0.0.1:5502/duckduckgo-search?q=site%3Amusic.apple.com%2Falbum+%22Comfortably+Numb+Sidebar+Fixture+03%22", "query": "site:music.apple.com/album \"Comfortably Numb Sidebar Fixture 03\"", "result_count": 0, "results": [], "source": "duckduckgo-html"}
2026-09-18 21:07:53,138 [VERBOSE] music_app.services.cover_provider_http: Cover HTTP success service=apple-web-discovery context=search:site:music.apple.com/album "Comfortably Numb Sidebar Fixture 04":bing status=200 url=http://127.0.0.1:5502/bing-search?q=site%3Amusic.apple.com%2Falbum+%22Comfortably+Numb+Sidebar+Fixture+04%22 bytes=41
2026-09-18 21:07:53,138 [INFO] music_app.services.cover_refresh_provider: {"action": "Apple album web discovery results", "album": "Comfortably Numb Sidebar Fixture 04", "artist": "Generated Problem Fixture", "final_url": "http://127.0.0.1:5502/bing-search?q=site%3Amusic.apple.com%2Falbum+%22Comfortably+Numb+Sidebar+Fixture+04%22", "query": "site:music.apple.com/album \"Comfortably Numb Sidebar Fixture 04\"", "result_count": 0, "results": [], "source": "bing"}
2026-09-18 21:07:53,291 [VERBOSE] music_app.services.cover_provider_http: Cover HTTP success service=apple-web-discovery context=search:"Comfortably Numb Sidebar Fixture 02" "Apple Music" 2023:duckduckgo-html status=200 url=http://127.0.0.1:5502/duckduckgo-search?q=%22Comfortably+Numb+Sidebar+Fixture+02%22+%22Apple+Music%22+2023 bytes=41
2026-09-18 21:07:53,292 [INFO] music_app.services.cover_refresh_provider: {"action": "Apple album web discovery results", "album": "Comfortably Numb Sidebar Fixture 02", "artist": "Generated Problem Fixture", "final_url": "http://127.0.0.1:5502/duckduckgo-search?q=%22Comfortably+Numb+Sidebar+Fixture+02%22+%22Apple+Music%22+2023", "query": "\"Comfortably Numb Sidebar Fixture 02\" \"Apple Music\" 2023", "result_count": 0, "results": [], "source": "duckduckgo-html"}
2026-09-18 21:07:53,372 [VERBOSE] music_app.services.cover_provider_http: Cover HTTP success service=apple-web-discovery context=search:"Comfortably Numb Sidebar Fixture 01" "Apple Music" 2023:duckduckgo-html status=200 url=http://127.0.0.1:5502/duckduckgo-search?q=%22Comfortably+Numb+Sidebar+Fixture+01%22+%22Apple+Music%22+2023 bytes=41
2026-09-18 21:07:53,372 [INFO] music_app.services.cover_refresh_provider: {"action": "Apple album web discovery results", "album": "Comfortably Numb Sidebar Fixture 01", "artist": "Generated Problem Fixture", "final_url": "http://127.0.0.1:5502/duckduckgo-search?q=%22Comfortably+Numb+Sidebar+Fixture+01%22+%22Apple+Music%22+2023", "query": "\"Comfortably Numb Sidebar Fixture 01\" \"Apple Music\" 2023", "result_count": 0, "results": [], "source": "duckduckgo-html"}
2026-09-18 21:07:53,519 [VERBOSE] music_app.services.cover_provider_http: Cover HTTP success service=apple-web-discovery context=search:site:music.apple.com/album "Comfortably Numb Sidebar Fixture 03":bing status=200 url=http://127.0.0.1:5502/bing-search?q=site%3Amusic.apple.com%2Falbum+%22Comfortably+Numb+Sidebar+Fixture+03%22 bytes=41
2026-09-18 21:07:53,519 [INFO] music_app.services.cover_refresh_provider: {"action": "Apple album web discovery results", "album": "Comfortably Numb Sidebar Fixture 03", "artist": "Generated Problem Fixture", "final_url": "http://127.0.0.1:5502/bing-search?q=site%3Amusic.apple.com%2Falbum+%22Comfortably+Numb+Sidebar+Fixture+03%22", "query": "site:music.apple.com/album \"Comfortably Numb Sidebar Fixture 03\"", "result_count": 0, "results": [], "source": "bing"}
2026-09-18 21:07:53,828 [VERBOSE] music_app.services.cover_provider_http: Cover HTTP success service=apple-web-discovery context=search:"Comfortably Numb Sidebar Fixture 04" "Apple Music" 2023:duckduckgo-html status=200 url=http://127.0.0.1:5502/duckduckgo-search?q=%22Comfortably+Numb+Sidebar+Fixture+04%22+%22Apple+Music%22+2023 bytes=41
2026-09-18 21:07:53,828 [INFO] music_app.services.cover_refresh_provider: {"action": "Apple album web discovery results", "album": "Comfortably Numb Sidebar Fixture 04", "artist": "Generated Problem Fixture", "final_url": "http://127.0.0.1:5502/duckduckgo-search?q=%22Comfortably+Numb+Sidebar+Fixture+04%22+%22Apple+Music%22+2023", "query": "\"Comfortably Numb Sidebar Fixture 04\" \"Apple Music\" 2023", "result_count": 0, "results": [], "source": "duckduckgo-html"}
2026-09-18 21:07:53,951 [VERBOSE] music_app.services.cover_provider_http: Cover HTTP success service=apple-web-discovery context=search:"Comfortably Numb Sidebar Fixture 01" "Apple Music" 2023:bing status=200 url=http://127.0.0.1:5502/bing-search?q=%22Comfortably+Numb+Sidebar+Fixture+01%22+%22Apple+Music%22+2023 bytes=41
2026-09-18 21:07:53,951 [INFO] music_app.services.cover_refresh_provider: {"action": "Apple album web discovery results", "album": "Comfortably Numb Sidebar Fixture 01", "artist": "Generated Problem Fixture", "final_url": "http://127.0.0.1:5502/bing-search?q=%22Comfortably+Numb+Sidebar+Fixture+01%22+%22Apple+Music%22+2023", "query": "\"Comfortably Numb Sidebar Fixture 01\" \"Apple Music\" 2023", "result_count": 0, "results": [], "source": "bing"}
2026-09-18 21:07:53,953 [VERBOSE] music_app: Cover fetch processed artist='Generated Problem Fixture' album='Comfortably Numb Sidebar Fixture 01' folder='D:\\a\\_temp\\album-haven-e2e-functional-fixtures-playback-utilities\\shared\\media\\Generated Problem Fixture\\Comfortably Numb Sidebar Fixture 01' downloaded=False has_cover=False
2026-09-18 21:07:53,953 [WARNING] music_app: {"action": "Cover art update failed", "album": "Comfortably Numb Sidebar Fixture 01", "artist": "Generated Problem Fixture", "elapsed_ms": 27007.39, "folder": "D:\\a\\_temp\\album-haven-e2e-functional-fixtures-playback-utilities\\shared\\media\\Generated Problem Fixture\\Comfortably Numb Sidebar Fixture 01", "force_search": false, "reason": "remote_search_returned_no_candidate", "resolver_trace": [{"apple_http_trace": [{"context": "search:Generated Problem Fixture Comfortably Numb Sidebar Fixture 01 2023", "elapsed_ms": 1556.22, "status": "success:200"}, {"context": "artist-id-search:Generated Problem Fixture", "elapsed_ms": 2504.83, "status": "success:200"}, {"context": "artist-search:Generated Problem Fixture", "elapsed_ms": 1088.17, "status": "success:200"}, {"context": "search:Generated Problem Fixture Comfortably Numb Sidebar Fixture 01", "elapsed_ms": 827.13, "status": "success:200"}, {"context": "artist-id-search:Generated Problem Fixture", "elapsed_ms": 721.07, "status": "success:200"}, {"context": "artist-search:Generated Problem Fixture", "elapsed_ms": 858.88, "status": "success:200"}], "elapsed_ms": 27002.44, "resolver": "_search_apple", "status": "no_candidate"}], "status": "missing_cover_art"}
2026-09-18 21:07:53,953 [INFO] music_app: {"action": "Cover fetch slow", "album": "Comfortably Numb Sidebar Fixture 01", "artist": "Generated Problem Fixture", "downloaded": false, "elapsed_ms": 27007.39, "folder": "D:\\a\\_temp\\album-haven-e2e-functional-fixtures-playback-utilities\\shared\\media\\Generated Problem Fixture\\Comfortably Numb Sidebar Fixture 01", "force_search": false, "has_cover": false, "reason": "remote_search_returned_no_candidate", "resolver_trace": [{"apple_http_trace": [{"context": "search:Generated Problem Fixture Comfortably Numb Sidebar Fixture 01 2023", "elapsed_ms": 1556.22, "status": "success:200"}, {"context": "artist-id-search:Generated Problem Fixture", "elapsed_ms": 2504.83, "status": "success:200"}, {"context": "artist-search:Generated Problem Fixture", "elapsed_ms": 1088.17, "status": "success:200"}, {"context": "search:Generated Problem Fixture Comfortably Numb Sidebar Fixture 01", "elapsed_ms": 827.13, "status": "success:200"}, {"context": "artist-id-search:Generated Problem Fixture", "elapsed_ms": 721.07, "status": "success:200"}, {"context": "artist-search:Generated Problem Fixture", "elapsed_ms": 858.88, "status": "success:200"}], "elapsed_ms": 27002.44, "resolver": "_search_apple", "status": "no_candidate"}]}
2026-09-18 21:07:54,082 [VERBOSE] music_app.services.cover_provider_http: Cover HTTP success service=apple-web-discovery context=search:"Comfortably Numb Sidebar Fixture 02" "Apple Music" 2023:bing status=200 url=http://127.0.0.1:5502/bing-search?q=%22Comfortably+Numb+Sidebar+Fixture+02%22+%22Apple+Music%22+2023 bytes=41
2026-09-18 21:07:54,082 [INFO] music_app.services.cover_refresh_provider: {"action": "Apple album web discovery results", "album": "Comfortably Numb Sidebar Fixture 02", "artist": "Generated Problem Fixture", "final_url": "http://127.0.0.1:5502/bing-search?q=%22Comfortably+Numb+Sidebar+Fixture+02%22+%22Apple+Music%22+2023", "query": "\"Comfortably Numb Sidebar Fixture 02\" \"Apple Music\" 2023", "result_count": 0, "results": [], "source": "bing"}
2026-09-18 21:07:54,082 [VERBOSE] music_app: Cover fetch processed artist='Generated Problem Fixture' album='Comfortably Numb Sidebar Fixture 02' folder='D:\\a\\_temp\\album-haven-e2e-functional-fixtures-playback-utilities\\shared\\media\\Generated Problem Fixture\\Comfortably Numb Sidebar Fixture 02' downloaded=False has_cover=False
2026-09-18 21:07:54,082 [WARNING] music_app: {"action": "Cover art update failed", "album": "Comfortably Numb Sidebar Fixture 02", "artist": "Generated Problem Fixture", "elapsed_ms": 27077.03, "folder": "D:\\a\\_temp\\album-haven-e2e-functional-fixtures-playback-utilities\\shared\\media\\Generated Problem Fixture\\Comfortably Numb Sidebar Fixture 02", "force_search": false, "reason": "remote_search_returned_no_candidate", "resolver_trace": [{"apple_http_trace": [{"context": "search:Generated Problem Fixture Comfortably Numb Sidebar Fixture 02 2023", "elapsed_ms": 1523.48, "status": "success:200"}, {"context": "artist-id-search:Generated Problem Fixture", "elapsed_ms": 1889.93, "status": "success:200"}, {"context": "artist-search:Generated Problem Fixture", "elapsed_ms": 1407.83, "status": "success:200"}, {"context": "search:Generated Problem Fixture Comfortably Numb Sidebar Fixture 02", "elapsed_ms": 746.15, "status": "success:200"}, {"context": "artist-id-search:Generated Problem Fixture", "elapsed_ms": 795.72, "status": "success:200"}, {"context": "artist-search:Generated Problem Fixture", "elapsed_ms": 611.22, "status": "success:200"}], "elapsed_ms": 27024.62, "resolver": "_search_apple", "status": "no_candidate"}], "status": "missing_cover_art"}
2026-09-18 21:07:54,082 [INFO] music_app: {"action": "Cover fetch slow", "album": "Comfortably Numb Sidebar Fixture 02", "artist": "Generated Problem Fixture", "downloaded": false, "elapsed_ms": 27077.03, "folder": "D:\\a\\_temp\\album-haven-e2e-functional-fixtures-playback-utilities\\shared\\media\\Generated Problem Fixture\\Comfortably Numb Sidebar Fixture 02", "force_search": false, "has_cover": false, "reason": "remote_search_returned_no_candidate", "resolver_trace": [{"apple_http_trace": [{"context": "search:Generated Problem Fixture Comfortably Numb Sidebar Fixture 02 2023", "elapsed_ms": 1523.48, "status": "success:200"}, {"context": "artist-id-search:Generated Problem Fixture", "elapsed_ms": 1889.93, "status": "success:200"}, {"context": "artist-search:Generated Problem Fixture", "elapsed_ms": 1407.83, "status": "success:200"}, {"context": "search:Generated Problem Fixture Comfortably Numb Sidebar Fixture 02", "elapsed_ms": 746.15, "status": "success:200"}, {"context": "artist-id-search:Generated Problem Fixture", "elapsed_ms": 795.72, "status": "success:200"}, {"context": "artist-search:Generated Problem Fixture", "elapsed_ms": 611.22, "status": "success:200"}], "elapsed_ms": 27024.62, "resolver": "_search_apple", "status": "no_candidate"}]}
2026-09-18 21:07:54,187 [VERBOSE] music_app.services.cover_provider_http: Cover HTTP success service=apple-web-discovery context=search:"Comfortably Numb Sidebar Fixture 03" "Apple Music" 2023:duckduckgo-html status=200 url=http://127.0.0.1:5502/duckduckgo-search?q=%22Comfortably+Numb+Sidebar+Fixture+03%22+%22Apple+Music%22+2023 bytes=41
2026-09-18 21:07:54,187 [INFO] music_app.services.cover_refresh_provider: {"action": "Apple album web discovery results", "album": "Comfortably Numb Sidebar Fixture 03", "artist": "Generated Problem Fixture", "final_url": "http://127.0.0.1:5502/duckduckgo-search?q=%22Comfortably+Numb+Sidebar+Fixture+03%22+%22Apple+Music%22+2023", "query": "\"Comfortably Numb Sidebar Fixture 03\" \"Apple Music\" 2023", "result_count": 0, "results": [], "source": "duckduckgo-html"}
2026-09-18 21:07:54,684 [VERBOSE] music_app.services.cover_provider_http: Cover HTTP success service=apple-web-discovery context=search:"Comfortably Numb Sidebar Fixture 04" "Apple Music" 2023:bing status=200 url=http://127.0.0.1:5502/bing-search?q=%22Comfortably+Numb+Sidebar+Fixture+04%22+%22Apple+Music%22+2023 bytes=41
2026-09-18 21:07:54,684 [INFO] music_app.services.cover_refresh_provider: {"action": "Apple album web discovery results", "album": "Comfortably Numb Sidebar Fixture 04", "artist": "Generated Problem Fixture", "final_url": "http://127.0.0.1:5502/bing-search?q=%22Comfortably+Numb+Sidebar+Fixture+04%22+%22Apple+Music%22+2023", "query": "\"Comfortably Numb Sidebar Fixture 04\" \"Apple Music\" 2023", "result_count": 0, "results": [], "source": "bing"}
2026-09-18 21:07:54,684 [VERBOSE] music_app: Cover fetch processed artist='Generated Problem Fixture' album='Comfortably Numb Sidebar Fixture 04' folder='D:\\a\\_temp\\album-haven-e2e-functional-fixtures-playback-utilities\\shared\\media\\Generated Problem Fixture\\Comfortably Numb Sidebar Fixture 04' downloaded=False has_cover=False
2026-09-18 21:07:54,684 [WARNING] music_app: {"action": "Cover art update failed", "album": "Comfortably Numb Sidebar Fixture 04", "artist": "Generated Problem Fixture", "elapsed_ms": 27677.64, "folder": "D:\\a\\_temp\\album-haven-e2e-functional-fixtures-playback-utilities\\shared\\media\\Generated Problem Fixture\\Comfortably Numb Sidebar Fixture 04", "force_search": false, "reason": "remote_search_returned_no_candidate", "resolver_trace": [{"apple_http_trace": [{"context": "search:Generated Problem Fixture Comfortably Numb Sidebar Fixture 04 2023", "elapsed_ms": 1686.62, "status": "success:200"}, {"context": "artist-id-search:Generated Problem Fixture", "elapsed_ms": 2571.6, "status": "success:200"}, {"context": "artist-search:Generated Problem Fixture", "elapsed_ms": 1833.84, "status": "success:200"}, {"context": "search:Generated Problem Fixture Comfortably Numb Sidebar Fixture 04", "elapsed_ms": 683.19, "status": "success:200"}, {"context": "artist-id-search:Generated Problem Fixture", "elapsed_ms": 741.02, "status": "success:200"}, {"context": "artist-search:Generated Problem Fixture", "elapsed_ms": 613.18, "status": "success:200"}], "elapsed_ms": 27662.95, "resolver": "_search_apple", "status": "no_candidate"}], "status": "missing_cover_art"}
2026-09-18 21:07:54,686 [INFO] music_app: {"action": "Cover fetch slow", "album": "Comfortably Numb Sidebar Fixture 04", "artist": "Generated Problem Fixture", "downloaded": false, "elapsed_ms": 27677.64, "folder": "D:\\a\\_temp\\album-haven-e2e-functional-fixtures-playback-utilities\\shared\\media\\Generated Problem Fixture\\Comfortably Numb Sidebar Fixture 04", "force_search": false, "has_cover": false, "reason": "remote_search_returned_no_candidate", "resolver_trace": [{"apple_http_trace": [{"context": "search:Generated Problem Fixture Comfortably Numb Sidebar Fixture 04 2023", "elapsed_ms": 1686.62, "status": "success:200"}, {"context": "artist-id-search:Generated Problem Fixture", "elapsed_ms": 2571.6, "status": "success:200"}, {"context": "artist-search:Generated Problem Fixture", "elapsed_ms": 1833.84, "status": "success:200"}, {"context": "search:Generated Problem Fixture Comfortably Numb Sidebar Fixture 04", "elapsed_ms": 683.19, "status": "success:200"}, {"context": "artist-id-search:Generated Problem Fixture", "elapsed_ms": 741.02, "status": "success:200"}, {"context": "artist-search:Generated Problem Fixture", "elapsed_ms": 613.18, "status": "success:200"}], "elapsed_ms": 27662.95, "resolver": "_search_apple", "status": "no_candidate"}]}
2026-09-18 21:07:54,749 [VERBOSE] music_app.services.cover_provider_http: Cover HTTP success service=apple context=search:Generated Problem Fixture Comfortably Numb Sidebar Fixture 05 2023 status=200 url=http://127.0.0.1:5502/itunes/search?term=Generated+Problem+Fixture+Comfortably+Numb+Sidebar+Fixture+05+2023&entity=album&limit=20 bytes=33
2026-09-18 21:07:54,749 [VERBOSE] music_app.services.cover_refresh_provider: Apple raw search results query='Generated Problem Fixture Comfortably Numb Sidebar Fixture 05 2023' artist='Generated Problem Fixture' album='Comfortably Numb Sidebar Fixture 05' year=2023 results=[]
2026-09-18 21:07:54,749 [VERBOSE] music_app.services.cover_refresh_provider: Apple search results query='Generated Problem Fixture Comfortably Numb Sidebar Fixture 05 2023' count=0 top=[]
2026-09-18 21:07:54,751 [INFO] music_app.services.cover_refresh_provider: {"action": "Apple cover miss", "album": "Comfortably Numb Sidebar Fixture 05", "artist": "Generated Problem Fixture", "query_mode": "artist+album+year:native", "raw_result_count": 0, "raw_results_summary": [], "top_candidates": [], "year": 2023}
2026-09-18 21:07:54,845 [VERBOSE] music_app.services.cover_provider_http: Cover HTTP success service=apple context=search:Generated Problem Fixture Comfortably Numb Sidebar Fixture 06 2023 status=200 url=http://127.0.0.1:5502/itunes/search?term=Generated+Problem+Fixture+Comfortably+Numb+Sidebar+Fixture+06+2023&entity=album&limit=20 bytes=33
2026-09-18 21:07:54,846 [VERBOSE] music_app.services.cover_refresh_provider: Apple raw search results query='Generated Problem Fixture Comfortably Numb Sidebar Fixture 06 2023' artist='Generated Problem Fixture' album='Comfortably Numb Sidebar Fixture 06' year=2023 results=[]
2026-09-18 21:07:54,846 [VERBOSE] music_app.services.cover_refresh_provider: Apple search results query='Generated Problem Fixture Comfortably Numb Sidebar Fixture 06 2023' count=0 top=[]
2026-09-18 21:07:54,846 [INFO] music_app.services.cover_refresh_provider: {"action": "Apple cover miss", "album": "Comfortably Numb Sidebar Fixture 06", "artist": "Generated Problem Fixture", "query_mode": "artist+album+year:native", "raw_result_count": 0, "raw_results_summary": [], "top_candidates": [], "year": 2023}
2026-09-18 21:07:54,947 [VERBOSE] music_app.services.cover_provider_http: Cover HTTP success service=apple-web-discovery context=search:"Comfortably Numb Sidebar Fixture 03" "Apple Music" 2023:bing status=200 url=http://127.0.0.1:5502/bing-search?q=%22Comfortably+Numb+Sidebar+Fixture+03%22+%22Apple+Music%22+2023 bytes=41
2026-09-18 21:07:54,947 [INFO] music_app.services.cover_refresh_provider: {"action": "Apple album web discovery results", "album": "Comfortably Numb Sidebar Fixture 03", "artist": "Generated Problem Fixture", "final_url": "http://127.0.0.1:5502/bing-search?q=%22Comfortably+Numb+Sidebar+Fixture+03%22+%22Apple+Music%22+2023", "query": "\"Comfortably Numb Sidebar Fixture 03\" \"Apple Music\" 2023", "result_count": 0, "results": [], "source": "bing"}
2026-09-18 21:07:54,947 [VERBOSE] music_app: Cover fetch processed artist='Generated Problem Fixture' album='Comfortably Numb Sidebar Fixture 03' folder='D:\\a\\_temp\\album-haven-e2e-functional-fixtures-playback-utilities\\shared\\media\\Generated Problem Fixture\\Comfortably Numb Sidebar Fixture 03' downloaded=False has_cover=False
2026-09-18 21:07:54,948 [WARNING] music_app: {"action": "Cover art update failed", "album": "Comfortably Numb Sidebar Fixture 03", "artist": "Generated Problem Fixture", "elapsed_ms": 27940.69, "folder": "D:\\a\\_temp\\album-haven-e2e-functional-fixtures-playback-utilities\\shared\\media\\Generated Problem Fixture\\Comfortably Numb Sidebar Fixture 03", "force_search": false, "reason": "remote_search_returned_no_candidate", "resolver_trace": [{"apple_http_trace": [{"context": "search:Generated Problem Fixture Comfortably Numb Sidebar Fixture 03 2023", "elapsed_ms": 1627.23, "status": "success:200"}, {"context": "artist-id-search:Generated Problem Fixture", "elapsed_ms": 2696.86, "status": "success:200"}, {"context": "artist-search:Generated Problem Fixture", "elapsed_ms": 1568.9, "status": "success:200"}, {"context": "search:Generated Problem Fixture Comfortably Numb Sidebar Fixture 03", "elapsed_ms": 680.55, "status": "success:200"}, {"context": "artist-id-search:Generated Problem Fixture", "elapsed_ms": 790.6, "status": "success:200"}, {"context": "artist-search:Generated Problem Fixture", "elapsed_ms": 615.31, "status": "success:200"}], "elapsed_ms": 27923.92, "resolver": "_search_apple", "status": "no_candidate"}], "status": "missing_cover_art"}
2026-09-18 21:07:54,948 [INFO] music_app: {"action": "Cover fetch slow", "album": "Comfortably Numb Sidebar Fixture 03", "artist": "Generated Problem Fixture", "downloaded": false, "elapsed_ms": 27940.69, "folder": "D:\\a\\_temp\\album-haven-e2e-functional-fixtures-playback-utilities\\shared\\media\\Generated Problem Fixture\\Comfortably Numb Sidebar Fixture 03", "force_search": false, "has_cover": false, "reason": "remote_search_returned_no_candidate", "resolver_trace": [{"apple_http_trace": [{"context": "search:Generated Problem Fixture Comfortably Numb Sidebar Fixture 03 2023", "elapsed_ms": 1627.23, "status": "success:200"}, {"context": "artist-id-search:Generated Problem Fixture", "elapsed_ms": 2696.86, "status": "success:200"}, {"context": "artist-search:Generated Problem Fixture", "elapsed_ms": 1568.9, "status": "success:200"}, {"context": "search:Generated Problem Fixture Comfortably Numb Sidebar Fixture 03", "elapsed_ms": 680.55, "status": "success:200"}, {"context": "artist-id-search:Generated Problem Fixture", "elapsed_ms": 790.6, "status": "success:200"}, {"context": "artist-search:Generated Problem Fixture", "elapsed_ms": 615.31, "status": "success:200"}], "elapsed_ms": 27923.92, "resolver": "_search_apple", "status": "no_candidate"}]}
2026-09-18 21:07:55,354 [VERBOSE] music_app.services.cover_provider_http: Cover HTTP success service=apple context=search:Generated Problem Fixture Comfortably Numb Sidebar Fixture 07 2023 status=200 url=http://127.0.0.1:5502/itunes/search?term=Generated+Problem+Fixture+Comfortably+Numb+Sidebar+Fixture+07+2023&entity=album&limit=20 bytes=33
2026-09-18 21:07:55,355 [VERBOSE] music_app.services.cover_refresh_provider: Apple raw search results query='Generated Problem Fixture Comfortably Numb Sidebar Fixture 07 2023' artist='Generated Problem Fixture' album='Comfortably Numb Sidebar Fixture 07' year=2023 results=[]
2026-09-18 21:07:55,355 [VERBOSE] music_app.services.cover_refresh_provider: Apple search results query='Generated Problem Fixture Comfortably Numb Sidebar Fixture 07 2023' count=0 top=[]
2026-09-18 21:07:55,355 [INFO] music_app.services.cover_refresh_provider: {"action": "Apple cover miss", "album": "Comfortably Numb Sidebar Fixture 07", "artist": "Generated Problem Fixture", "query_mode": "artist+album+year:native", "raw_result_count": 0, "raw_results_summary": [], "top_candidates": [], "year": 2023}
2026-09-18 21:07:55,408 [VERBOSE] music_app.services.cover_provider_http: Cover HTTP success service=apple context=artist-id-search:Generated Problem Fixture status=200 url=http://127.0.0.1:5502/itunes/search?term=Generated+Problem+Fixture&entity=musicArtist&limit=10 bytes=33
2026-09-18 21:07:55,408 [INFO] music_app.services.cover_refresh_provider: {"action": "Apple artist lookup results", "album": "Comfortably Numb Sidebar Fixture 05", "artist": "Generated Problem Fixture", "query_artist": "Generated Problem Fixture", "result_count": 0, "top_results": []}
2026-09-18 21:07:55,512 [VERBOSE] music_app.services.cover_provider_http: Cover HTTP success service=apple context=artist-id-search:Generated Problem Fixture status=200 url=http://127.0.0.1:5502/itunes/search?term=Generated+Problem+Fixture&entity=musicArtist&limit=10 bytes=33
2026-09-18 21:07:55,512 [INFO] music_app.services.cover_refresh_provider: {"action": "Apple artist lookup results", "album": "Comfortably Numb Sidebar Fixture 06", "artist": "Generated Problem Fixture", "query_artist": "Generated Problem Fixture", "result_count": 0, "top_results": []}
2026-09-18 21:07:55,587 [VERBOSE] music_app.services.cover_provider_http: Cover HTTP success service=apple context=search:Generated Problem Fixture Comfortably Numb Sidebar Fixture 08 2023 status=200 url=http://127.0.0.1:5502/itunes/search?term=Generated+Problem+Fixture+Comfortably+Numb+Sidebar+Fixture+08+2023&entity=album&limit=20 bytes=33
2026-09-18 21:07:55,588 [VERBOSE] music_app.services.cover_refresh_provider: Apple raw search results query='Generated Problem Fixture Comfortably Numb Sidebar Fixture 08 2023' artist='Generated Problem Fixture' album='Comfortably Numb Sidebar Fixture 08' year=2023 results=[]
2026-09-18 21:07:55,588 [VERBOSE] music_app.services.cover_refresh_provider: Apple search results query='Generated Problem Fixture Comfortably Numb Sidebar Fixture 08 2023' count=0 top=[]
2026-09-18 21:07:55,588 [INFO] music_app.services.cover_refresh_provider: {"action": "Apple cover miss", "album": "Comfortably Numb Sidebar Fixture 08", "artist": "Generated Problem Fixture", "query_mode": "artist+album+year:native", "raw_result_count": 0, "raw_results_summary": [], "top_candidates": [], "year": 2023}
2026-09-18 21:07:56,129 [VERBOSE] music_app.services.cover_provider_http: Cover HTTP success service=apple context=artist-search:Generated Problem Fixture status=200 url=http://127.0.0.1:5502/itunes/search?term=Generated+Problem+Fixture&entity=musicArtist&limit=10 bytes=33
2026-09-18 21:07:56,159 [VERBOSE] music_app.services.cover_provider_http: Cover HTTP success service=apple context=artist-id-search:Generated Problem Fixture status=200 url=http://127.0.0.1:5502/itunes/search?term=Generated+Problem+Fixture&entity=musicArtist&limit=10 bytes=33
2026-09-18 21:07:56,159 [INFO] music_app.services.cover_refresh_provider: {"action": "Apple artist lookup results", "album": "Comfortably Numb Sidebar Fixture 07", "artist": "Generated Problem Fixture", "query_artist": "Generated Problem Fixture", "result_count": 0, "top_results": []}
2026-09-18 21:07:56,403 [VERBOSE] music_app.services.cover_provider_http: Cover HTTP success service=apple context=artist-search:Generated Problem Fixture status=200 url=http://127.0.0.1:5502/itunes/search?term=Generated+Problem+Fixture&entity=musicArtist&limit=10 bytes=33
2026-09-18 21:07:56,489 [VERBOSE] music_app.services.cover_provider_http: Cover HTTP success service=apple context=artist-id-search:Generated Problem Fixture status=200 url=http://127.0.0.1:5502/itunes/search?term=Generated+Problem+Fixture&entity=musicArtist&limit=10 bytes=33
2026-09-18 21:07:56,489 [INFO] music_app.services.cover_refresh_provider: {"action": "Apple artist lookup results", "album": "Comfortably Numb Sidebar Fixture 08", "artist": "Generated Problem Fixture", "query_artist": "Generated Problem Fixture", "result_count": 0, "top_results": []}
2026-09-18 21:07:56,854 [VERBOSE] music_app.services.cover_provider_http: Cover HTTP success service=apple-web-discovery context=search:site:music.apple.com/album "Generated Problem Fixture" "Comfortably Numb Sidebar Fixture 05":duckduckgo-html status=200 url=http://127.0.0.1:5502/duckduckgo-search?q=site%3Amusic.apple.com%2Falbum+%22Generated+Problem+Fixture%22+%22Comfortably+Numb+Sidebar+Fixture+05%22 bytes=41
2026-09-18 21:07:56,855 [INFO] music_app.services.cover_refresh_provider: {"action": "Apple album web discovery results", "album": "Comfortably Numb Sidebar Fixture 05", "artist": "Generated Problem Fixture", "final_url": "http://127.0.0.1:5502/duckduckgo-search?q=site%3Amusic.apple.com%2Falbum+%22Generated+Problem+Fixture%22+%22Comfortably+Numb+Sidebar+Fixture+05%22", "query": "site:music.apple.com/album \"Generated Problem Fixture\" \"Comfortably Numb Sidebar Fixture 05\"", "result_count": 0, "results": [], "source": "duckduckgo-html"}
2026-09-18 21:07:56,921 [VERBOSE] music_app.services.cover_provider_http: Cover HTTP success service=apple context=artist-search:Generated Problem Fixture status=200 url=http://127.0.0.1:5502/itunes/search?term=Generated+Problem+Fixture&entity=musicArtist&limit=10 bytes=33
2026-09-18 21:07:57,130 [VERBOSE] music_app.services.cover_provider_http: Cover HTTP success service=apple-web-discovery context=search:site:music.apple.com/album "Generated Problem Fixture" "Comfortably Numb Sidebar Fixture 06":duckduckgo-html status=200 url=http://127.0.0.1:5502/duckduckgo-search?q=site%3Amusic.apple.com%2Falbum+%22Generated+Problem+Fixture%22+%22Comfortably+Numb+Sidebar+Fixture+06%22 bytes=41
2026-09-18 21:07:57,130 [INFO] music_app.services.cover_refresh_provider: {"action": "Apple album web discovery results", "album": "Comfortably Numb Sidebar Fixture 06", "artist": "Generated Problem Fixture", "final_url": "http://127.0.0.1:5502/duckduckgo-search?q=site%3Amusic.apple.com%2Falbum+%22Generated+Problem+Fixture%22+%22Comfortably+Numb+Sidebar+Fixture+06%22", "query": "site:music.apple.com/album \"Generated Problem Fixture\" \"Comfortably Numb Sidebar Fixture 06\"", "result_count": 0, "results": [], "source": "duckduckgo-html"}
2026-09-18 21:07:57,395 [VERBOSE] music_app.services.cover_provider_http: Cover HTTP success service=apple context=artist-search:Generated Problem Fixture status=200 url=http://127.0.0.1:5502/itunes/search?term=Generated+Problem+Fixture&entity=musicArtist&limit=10 bytes=33
2026-09-18 21:07:57,756 [VERBOSE] music_app.services.cover_provider_http: Cover HTTP success service=apple-web-discovery context=search:site:music.apple.com/album "Generated Problem Fixture" "Comfortably Numb Sidebar Fixture 05":bing status=200 url=http://127.0.0.1:5502/bing-search?q=site%3Amusic.apple.com%2Falbum+%22Generated+Problem+Fixture%22+%22Comfortably+Numb+Sidebar+Fixture+05%22 bytes=41
2026-09-18 21:07:57,756 [INFO] music_app.services.cover_refresh_provider: {"action": "Apple album web discovery results", "album": "Comfortably Numb Sidebar Fixture 05", "artist": "Generated Problem Fixture", "final_url": "http://127.0.0.1:5502/bing-search?q=site%3Amusic.apple.com%2Falbum+%22Generated+Problem+Fixture%22+%22Comfortably+Numb+Sidebar+Fixture+05%22", "query": "site:music.apple.com/album \"Generated Problem Fixture\" \"Comfortably Numb Sidebar Fixture 05\"", "result_count": 0, "results": [], "source": "bing"}
2026-09-18 21:07:57,855 [VERBOSE] music_app.services.cover_provider_http: Cover HTTP success service=apple-web-discovery context=search:site:music.apple.com/album "Generated Problem Fixture" "Comfortably Numb Sidebar Fixture 07":duckduckgo-html status=200 url=http://127.0.0.1:5502/duckduckgo-search?q=site%3Amusic.apple.com%2Falbum+%22Generated+Problem+Fixture%22+%22Comfortably+Numb+Sidebar+Fixture+07%22 bytes=41
2026-09-18 21:07:57,855 [INFO] music_app.services.cover_refresh_provider: {"action": "Apple album web discovery results", "album": "Comfortably Numb Sidebar Fixture 07", "artist": "Generated Problem Fixture", "final_url": "http://127.0.0.1:5502/duckduckgo-search?q=site%3Amusic.apple.com%2Falbum+%22Generated+Problem+Fixture%22+%22Comfortably+Numb+Sidebar+Fixture+07%22", "query": "site:music.apple.com/album \"Generated Problem Fixture\" \"Comfortably Numb Sidebar Fixture 07\"", "result_count": 0, "results": [], "source": "duckduckgo-html"}
2026-09-18 21:07:57,969 [VERBOSE] music_app.services.cover_provider_http: Cover HTTP success service=apple-web-discovery context=search:site:music.apple.com/album "Generated Problem Fixture" "Comfortably Numb Sidebar Fixture 06":bing status=200 url=http://127.0.0.1:5502/bing-search?q=site%3Amusic.apple.com%2Falbum+%22Generated+Problem+Fixture%22+%22Comfortably+Numb+Sidebar+Fixture+06%22 bytes=41
2026-09-18 21:07:57,969 [INFO] music_app.services.cover_refresh_provider: {"action": "Apple album web discovery results", "album": "Comfortably Numb Sidebar Fixture 06", "artist": "Generated Problem Fixture", "final_url": "http://127.0.0.1:5502/bing-search?q=site%3Amusic.apple.com%2Falbum+%22Generated+Problem+Fixture%22+%22Comfortably+Numb+Sidebar+Fixture+06%22", "query": "site:music.apple.com/album \"Generated Problem Fixture\" \"Comfortably Numb Sidebar Fixture 06\"", "result_count": 0, "results": [], "source": "bing"}
2026-09-18 21:07:58,125 [VERBOSE] music_app.services.cover_provider_http: Cover HTTP success service=apple-web-discovery context=search:site:music.apple.com/album "Generated Problem Fixture" "Comfortably Numb Sidebar Fixture 08":duckduckgo-html status=200 url=http://127.0.0.1:5502/duckduckgo-search?q=site%3Amusic.apple.com%2Falbum+%22Generated+Problem+Fixture%22+%22Comfortably+Numb+Sidebar+Fixture+08%22 bytes=41
2026-09-18 21:07:58,126 [INFO] music_app.services.cover_refresh_provider: {"action": "Apple album web discovery results", "album": "Comfortably Numb Sidebar Fixture 08", "artist": "Generated Problem Fixture", "final_url": "http://127.0.0.1:5502/duckduckgo-search?q=site%3Amusic.apple.com%2Falbum+%22Generated+Problem+Fixture%22+%22Comfortably+Numb+Sidebar+Fixture+08%22", "query": "site:music.apple.com/album \"Generated Problem Fixture\" \"Comfortably Numb Sidebar Fixture 08\"", "result_count": 0, "results": [], "source": "duckduckgo-html"}
2026-09-18 21:07:58,505 [VERBOSE] music_app.services.cover_provider_http: Cover HTTP success service=apple-web-discovery context=search:"Generated Problem Fixture" "Comfortably Numb Sidebar Fixture 05" "Apple Music":duckduckgo-html status=200 url=http://127.0.0.1:5502/duckduckgo-search?q=%22Generated+Problem+Fixture%22+%22Comfortably+Numb+Sidebar+Fixture+05%22+%22Apple+Music%22 bytes=41
2026-09-18 21:07:58,507 [INFO] music_app.services.cover_refresh_provider: {"action": "Apple album web discovery results", "album": "Comfortably Numb Sidebar Fixture 05", "artist": "Generated Problem Fixture", "final_url": "http://127.0.0.1:5502/duckduckgo-search?q=%22Generated+Problem+Fixture%22+%22Comfortably+Numb+Sidebar+Fixture+05%22+%22Apple+Music%22", "query": "\"Generated Problem Fixture\" \"Comfortably Numb Sidebar Fixture 05\" \"Apple Music\"", "result_count": 0, "results": [], "source": "duckduckgo-html"}
2026-09-18 21:07:58,727 [VERBOSE] music_app.services.cover_provider_http: Cover HTTP success service=apple-web-discovery context=search:site:music.apple.com/album "Generated Problem Fixture" "Comfortably Numb Sidebar Fixture 07":bing status=200 url=http://127.0.0.1:5502/bing-search?q=site%3Amusic.apple.com%2Falbum+%22Generated+Problem+Fixture%22+%22Comfortably+Numb+Sidebar+Fixture+07%22 bytes=41
2026-09-18 21:07:58,727 [INFO] music_app.services.cover_refresh_provider: {"action": "Apple album web discovery results", "album": "Comfortably Numb Sidebar Fixture 07", "artist": "Generated Problem Fixture", "final_url": "http://127.0.0.1:5502/bing-search?q=site%3Amusic.apple.com%2Falbum+%22Generated+Problem+Fixture%22+%22Comfortably+Numb+Sidebar+Fixture+07%22", "query": "site:music.apple.com/album \"Generated Problem Fixture\" \"Comfortably Numb Sidebar Fixture 07\"", "result_count": 0, "results": [], "source": "bing"}
2026-09-18 21:07:58,904 [VERBOSE] music_app.services.cover_provider_http: Cover HTTP success service=apple-web-discovery context=search:"Generated Problem Fixture" "Comfortably Numb Sidebar Fixture 06" "Apple Music":duckduckgo-html status=200 url=http://127.0.0.1:5502/duckduckgo-search?q=%22Generated+Problem+Fixture%22+%22Comfortably+Numb+Sidebar+Fixture+06%22+%22Apple+Music%22 bytes=41
2026-09-18 21:07:58,905 [INFO] music_app.services.cover_refresh_provider: {"action": "Apple album web discovery results", "album": "Comfortably Numb Sidebar Fixture 06", "artist": "Generated Problem Fixture", "final_url": "http://127.0.0.1:5502/duckduckgo-search?q=%22Generated+Problem+Fixture%22+%22Comfortably+Numb+Sidebar+Fixture+06%22+%22Apple+Music%22", "query": "\"Generated Problem Fixture\" \"Comfortably Numb Sidebar Fixture 06\" \"Apple Music\"", "result_count": 0, "results": [], "source": "duckduckgo-html"}
2026-09-18 21:07:59,114 [VERBOSE] music_app.services.cover_provider_http: Cover HTTP success service=apple-web-discovery context=search:site:music.apple.com/album "Generated Problem Fixture" "Comfortably Numb Sidebar Fixture 08":bing status=200 url=http://127.0.0.1:5502/bing-search?q=site%3Amusic.apple.com%2Falbum+%22Generated+Problem+Fixture%22+%22Comfortably+Numb+Sidebar+Fixture+08%22 bytes=41
2026-09-18 21:07:59,114 [INFO] music_app.services.cover_refresh_provider: {"action": "Apple album web discovery results", "album": "Comfortably Numb Sidebar Fixture 08", "artist": "Generated Problem Fixture", "final_url": "http://127.0.0.1:5502/bing-search?q=site%3Amusic.apple.com%2Falbum+%22Generated+Problem+Fixture%22+%22Comfortably+Numb+Sidebar+Fixture+08%22", "query": "site:music.apple.com/album \"Generated Problem Fixture\" \"Comfortably Numb Sidebar Fixture 08\"", "result_count": 0, "results": [], "source": "bing"}
2026-09-18 21:07:59,243 [VERBOSE] music_app.services.cover_provider_http: Cover HTTP success service=apple-web-discovery context=search:"Generated Problem Fixture" "Comfortably Numb Sidebar Fixture 05" "Apple Music":bing status=200 url=http://127.0.0.1:5502/bing-search?q=%22Generated+Problem+Fixture%22+%22Comfortably+Numb+Sidebar+Fixture+05%22+%22Apple+Music%22 bytes=41
2026-09-18 21:07:59,243 [INFO] music_app.services.cover_refresh_provider: {"action": "Apple album web discovery results", "album": "Comfortably Numb Sidebar Fixture 05", "artist": "Generated Problem Fixture", "final_url": "http://127.0.0.1:5502/bing-search?q=%22Generated+Problem+Fixture%22+%22Comfortably+Numb+Sidebar+Fixture+05%22+%22Apple+Music%22", "query": "\"Generated Problem Fixture\" \"Comfortably Numb Sidebar Fixture 05\" \"Apple Music\"", "result_count": 0, "results": [], "source": "bing"}
2026-09-18 21:07:59,610 [VERBOSE] music_app.services.cover_provider_http: Cover HTTP success service=apple-web-discovery context=search:"Generated Problem Fixture" "Comfortably Numb Sidebar Fixture 07" "Apple Music":duckduckgo-html status=200 url=http://127.0.0.1:5502/duckduckgo-search?q=%22Generated+Problem+Fixture%22+%22Comfortably+Numb+Sidebar+Fixture+07%22+%22Apple+Music%22 bytes=41
2026-09-18 21:07:59,610 [INFO] music_app.services.cover_refresh_provider: {"action": "Apple album web discovery results", "album": "Comfortably Numb Sidebar Fixture 07", "artist": "Generated Problem Fixture", "final_url": "http://127.0.0.1:5502/duckduckgo-search?q=%22Generated+Problem+Fixture%22+%22Comfortably+Numb+Sidebar+Fixture+07%22+%22Apple+Music%22", "query": "\"Generated Problem Fixture\" \"Comfortably Numb Sidebar Fixture 07\" \"Apple Music\"", "result_count": 0, "results": [], "source": "duckduckgo-html"}
2026-09-18 21:07:59,680 [VERBOSE] music_app.services.cover_provider_http: Cover HTTP success service=apple-web-discovery context=search:"Generated Problem Fixture" "Comfortably Numb Sidebar Fixture 06" "Apple Music":bing status=200 url=http://127.0.0.1:5502/bing-search?q=%22Generated+Problem+Fixture%22+%22Comfortably+Numb+Sidebar+Fixture+06%22+%22Apple+Music%22 bytes=41
2026-09-18 21:07:59,680 [INFO] music_app.services.cover_refresh_provider: {"action": "Apple album web discovery results", "album": "Comfortably Numb Sidebar Fixture 06", "artist": "Generated Problem Fixture", "final_url": "http://127.0.0.1:5502/bing-search?q=%22Generated+Problem+Fixture%22+%22Comfortably+Numb+Sidebar+Fixture+06%22+%22Apple+Music%22", "query": "\"Generated Problem Fixture\" \"Comfortably Numb Sidebar Fixture 06\" \"Apple Music\"", "result_count": 0, "results": [], "source": "bing"}
2026-09-18 21:08:00,032 [VERBOSE] music_app.services.cover_provider_http: Cover HTTP success service=apple-web-discovery context=search:"Generated Problem Fixture" "Comfortably Numb Sidebar Fixture 08" "Apple Music":duckduckgo-html status=200 url=http://127.0.0.1:5502/duckduckgo-search?q=%22Generated+Problem+Fixture%22+%22Comfortably+Numb+Sidebar+Fixture+08%22+%22Apple+Music%22 bytes=41
2026-09-18 21:08:00,032 [INFO] music_app.services.cover_refresh_provider: {"action": "Apple album web discovery results", "album": "Comfortably Numb Sidebar Fixture 08", "artist": "Generated Problem Fixture", "final_url": "http://127.0.0.1:5502/duckduckgo-search?q=%22Generated+Problem+Fixture%22+%22Comfortably+Numb+Sidebar+Fixture+08%22+%22Apple+Music%22", "query": "\"Generated Problem Fixture\" \"Comfortably Numb Sidebar Fixture 08\" \"Apple Music\"", "result_count": 0, "results": [], "source": "duckduckgo-html"}
2026-09-18 21:08:00,243 [VERBOSE] music_app.services.cover_provider_http: Cover HTTP success service=apple-web-discovery context=search:site:music.apple.com/album "Comfortably Numb Sidebar Fixture 05":duckduckgo-html status=200 url=http://127.0.0.1:5502/duckduckgo-search?q=site%3Amusic.apple.com%2Falbum+%22Comfortably+Numb+Sidebar+Fixture+05%22 bytes=41
2026-09-18 21:08:00,243 [INFO] music_app.services.cover_refresh_provider: {"action": "Apple album web discovery results", "album": "Comfortably Numb Sidebar Fixture 05", "artist": "Generated Problem Fixture", "final_url": "http://127.0.0.1:5502/duckduckgo-search?q=site%3Amusic.apple.com%2Falbum+%22Comfortably+Numb+Sidebar+Fixture+05%22", "query": "site:music.apple.com/album \"Comfortably Numb Sidebar Fixture 05\"", "result_count": 0, "results": [], "source": "duckduckgo-html"}
2026-09-18 21:08:00,567 [VERBOSE] music_app.services.cover_provider_http: Cover HTTP success service=apple-web-discovery context=search:"Generated Problem Fixture" "Comfortably Numb Sidebar Fixture 07" "Apple Music":bing status=200 url=http://127.0.0.1:5502/bing-search?q=%22Generated+Problem+Fixture%22+%22Comfortably+Numb+Sidebar+Fixture+07%22+%22Apple+Music%22 bytes=41
2026-09-18 21:08:00,567 [INFO] music_app.services.cover_refresh_provider: {"action": "Apple album web discovery results", "album": "Comfortably Numb Sidebar Fixture 07", "artist": "Generated Problem Fixture", "final_url": "http://127.0.0.1:5502/bing-search?q=%22Generated+Problem+Fixture%22+%22Comfortably+Numb+Sidebar+Fixture+07%22+%22Apple+Music%22", "query": "\"Generated Problem Fixture\" \"Comfortably Numb Sidebar Fixture 07\" \"Apple Music\"", "result_count": 0, "results": [], "source": "bing"}
2026-09-18 21:08:00,594 [VERBOSE] music_app.services.cover_provider_http: Cover HTTP success service=apple-web-discovery context=search:site:music.apple.com/album "Comfortably Numb Sidebar Fixture 06":duckduckgo-html status=200 url=http://127.0.0.1:5502/duckduckgo-search?q=site%3Amusic.apple.com%2Falbum+%22Comfortably+Numb+Sidebar+Fixture+06%22 bytes=41
2026-09-18 21:08:00,594 [INFO] music_app.services.cover_refresh_provider: {"action": "Apple album web discovery results", "album": "Comfortably Numb Sidebar Fixture 06", "artist": "Generated Problem Fixture", "final_url": "http://127.0.0.1:5502/duckduckgo-search?q=site%3Amusic.apple.com%2Falbum+%22Comfortably+Numb+Sidebar+Fixture+06%22", "query": "site:music.apple.com/album \"Comfortably Numb Sidebar Fixture 06\"", "result_count": 0, "results": [], "source": "duckduckgo-html"}
2026-09-18 21:08:00,831 [VERBOSE] music_app.services.cover_provider_http: Cover HTTP success service=apple-web-discovery context=search:"Generated Problem Fixture" "Comfortably Numb Sidebar Fixture 08" "Apple Music":bing status=200 url=http://127.0.0.1:5502/bing-search?q=%22Generated+Problem+Fixture%22+%22Comfortably+Numb+Sidebar+Fixture+08%22+%22Apple+Music%22 bytes=41
2026-09-18 21:08:00,831 [INFO] music_app.services.cover_refresh_provider: {"action": "Apple album web discovery results", "album": "Comfortably Numb Sidebar Fixture 08", "artist": "Generated Problem Fixture", "final_url": "http://127.0.0.1:5502/bing-search?q=%22Generated+Problem+Fixture%22+%22Comfortably+Numb+Sidebar+Fixture+08%22+%22Apple+Music%22", "query": "\"Generated Problem Fixture\" \"Comfortably Numb Sidebar Fixture 08\" \"Apple Music\"", "result_count": 0, "results": [], "source": "bing"}
2026-09-18 21:08:01,069 [VERBOSE] music_app.services.cover_provider_http: Cover HTTP success service=apple-web-discovery context=search:site:music.apple.com/album "Comfortably Numb Sidebar Fixture 05":bing status=200 url=http://127.0.0.1:5502/bing-search?q=site%3Amusic.apple.com%2Falbum+%22Comfortably+Numb+Sidebar+Fixture+05%22 bytes=41
2026-09-18 21:08:01,069 [INFO] music_app.services.cover_refresh_provider: {"action": "Apple album web discovery results", "album": "Comfortably Numb Sidebar Fixture 05", "artist": "Generated Problem Fixture", "final_url": "http://127.0.0.1:5502/bing-search?q=site%3Amusic.apple.com%2Falbum+%22Comfortably+Numb+Sidebar+Fixture+05%22", "query": "site:music.apple.com/album \"Comfortably Numb Sidebar Fixture 05\"", "result_count": 0, "results": [], "source": "bing"}
2026-09-18 21:08:01,462 [VERBOSE] music_app.services.cover_provider_http: Cover HTTP success service=apple-web-discovery context=search:site:music.apple.com/album "Comfortably Numb Sidebar Fixture 06":bing status=200 url=http://127.0.0.1:5502/bing-search?q=site%3Amusic.apple.com%2Falbum+%22Comfortably+Numb+Sidebar+Fixture+06%22 bytes=41
2026-09-18 21:08:01,462 [INFO] music_app.services.cover_refresh_provider: {"action": "Apple album web discovery results", "album": "Comfortably Numb Sidebar Fixture 06", "artist": "Generated Problem Fixture", "final_url": "http://127.0.0.1:5502/bing-search?q=site%3Amusic.apple.com%2Falbum+%22Comfortably+Numb+Sidebar+Fixture+06%22", "query": "site:music.apple.com/album \"Comfortably Numb Sidebar Fixture 06\"", "result_count": 0, "results": [], "source": "bing"}
2026-09-18 21:08:01,524 [VERBOSE] music_app.services.cover_provider_http: Cover HTTP success service=apple-web-discovery context=search:site:music.apple.com/album "Comfortably Numb Sidebar Fixture 07":duckduckgo-html status=200 url=http://127.0.0.1:5502/duckduckgo-search?q=site%3Amusic.apple.com%2Falbum+%22Comfortably+Numb+Sidebar+Fixture+07%22 bytes=41
2026-09-18 21:08:01,524 [INFO] music_app.services.cover_refresh_provider: {"action": "Apple album web discovery results", "album": "Comfortably Numb Sidebar Fixture 07", "artist": "Generated Problem Fixture", "final_url": "http://127.0.0.1:5502/duckduckgo-search?q=site%3Amusic.apple.com%2Falbum+%22Comfortably+Numb+Sidebar+Fixture+07%22", "query": "site:music.apple.com/album \"Comfortably Numb Sidebar Fixture 07\"", "result_count": 0, "results": [], "source": "duckduckgo-html"}
2026-09-18 21:08:01,884 [VERBOSE] music_app.services.cover_provider_http: Cover HTTP success service=apple-web-discovery context=search:site:music.apple.com/album "Comfortably Numb Sidebar Fixture 08":duckduckgo-html status=200 url=http://127.0.0.1:5502/duckduckgo-search?q=site%3Amusic.apple.com%2Falbum+%22Comfortably+Numb+Sidebar+Fixture+08%22 bytes=41
2026-09-18 21:08:01,885 [INFO] music_app.services.cover_refresh_provider: {"action": "Apple album web discovery results", "album": "Comfortably Numb Sidebar Fixture 08", "artist": "Generated Problem Fixture", "final_url": "http://127.0.0.1:5502/duckduckgo-search?q=site%3Amusic.apple.com%2Falbum+%22Comfortably+Numb+Sidebar+Fixture+08%22", "query": "site:music.apple.com/album \"Comfortably Numb Sidebar Fixture 08\"", "result_count": 0, "results": [], "source": "duckduckgo-html"}
2026-09-18 21:08:02,010 [VERBOSE] music_app.services.cover_provider_http: Cover HTTP success service=apple-web-discovery context=search:"Comfortably Numb Sidebar Fixture 05" "Apple Music" 2023:duckduckgo-html status=200 url=http://127.0.0.1:5502/duckduckgo-search?q=%22Comfortably+Numb+Sidebar+Fixture+05%22+%22Apple+Music%22+2023 bytes=41
2026-09-18 21:08:02,010 [INFO] music_app.services.cover_refresh_provider: {"action": "Apple album web discovery results", "album": "Comfortably Numb Sidebar Fixture 05", "artist": "Generated Problem Fixture", "final_url": "http://127.0.0.1:5502/duckduckgo-search?q=%22Comfortably+Numb+Sidebar+Fixture+05%22+%22Apple+Music%22+2023", "query": "\"Comfortably Numb Sidebar Fixture 05\" \"Apple Music\" 2023", "result_count": 0, "results": [], "source": "duckduckgo-html"}
2026-09-18 21:08:02,184 [VERBOSE] music_app.services.cover_provider_http: Cover HTTP success service=apple-web-discovery context=search:"Comfortably Numb Sidebar Fixture 06" "Apple Music" 2023:duckduckgo-html status=200 url=http://127.0.0.1:5502/duckduckgo-search?q=%22Comfortably+Numb+Sidebar+Fixture+06%22+%22Apple+Music%22+2023 bytes=41
2026-09-18 21:08:02,185 [INFO] music_app.services.cover_refresh_provider: {"action": "Apple album web discovery results", "album": "Comfortably Numb Sidebar Fixture 06", "artist": "Generated Problem Fixture", "final_url": "http://127.0.0.1:5502/duckduckgo-search?q=%22Comfortably+Numb+Sidebar+Fixture+06%22+%22Apple+Music%22+2023", "query": "\"Comfortably Numb Sidebar Fixture 06\" \"Apple Music\" 2023", "result_count": 0, "results": [], "source": "duckduckgo-html"}
2026-09-18 21:08:02,576 [VERBOSE] music_app.services.cover_provider_http: Cover HTTP success service=apple-web-discovery context=search:site:music.apple.com/album "Comfortably Numb Sidebar Fixture 07":bing status=200 url=http://127.0.0.1:5502/bing-search?q=site%3Amusic.apple.com%2Falbum+%22Comfortably+Numb+Sidebar+Fixture+07%22 bytes=41
2026-09-18 21:08:02,576 [INFO] music_app.services.cover_refresh_provider: {"action": "Apple album web discovery results", "album": "Comfortably Numb Sidebar Fixture 07", "artist": "Generated Problem Fixture", "final_url": "http://127.0.0.1:5502/bing-search?q=site%3Amusic.apple.com%2Falbum+%22Comfortably+Numb+Sidebar+Fixture+07%22", "query": "site:music.apple.com/album \"Comfortably Numb Sidebar Fixture 07\"", "result_count": 0, "results": [], "source": "bing"}
2026-09-18 21:08:03,019 [VERBOSE] music_app.services.cover_provider_http: Cover HTTP success service=apple-web-discovery context=search:site:music.apple.com/album "Comfortably Numb Sidebar Fixture 08":bing status=200 url=http://127.0.0.1:5502/bing-search?q=site%3Amusic.apple.com%2Falbum+%22Comfortably+Numb+Sidebar+Fixture+08%22 bytes=41
2026-09-18 21:08:03,019 [INFO] music_app.services.cover_refresh_provider: {"action": "Apple album web discovery results", "album": "Comfortably Numb Sidebar Fixture 08", "artist": "Generated Problem Fixture", "final_url": "http://127.0.0.1:5502/bing-search?q=site%3Amusic.apple.com%2Falbum+%22Comfortably+Numb+Sidebar+Fixture+08%22", "query": "site:music.apple.com/album \"Comfortably Numb Sidebar Fixture 08\"", "result_count": 0, "results": [], "source": "bing"}
2026-09-18 21:08:03,277 [VERBOSE] music_app.services.cover_provider_http: Cover HTTP success service=apple-web-discovery context=search:"Comfortably Numb Sidebar Fixture 05" "Apple Music" 2023:bing status=200 url=http://127.0.0.1:5502/bing-search?q=%22Comfortably+Numb+Sidebar+Fixture+05%22+%22Apple+Music%22+2023 bytes=41
2026-09-18 21:08:03,277 [INFO] music_app.services.cover_refresh_provider: {"action": "Apple album web discovery results", "album": "Comfortably Numb Sidebar Fixture 05", "artist": "Generated Problem Fixture", "final_url": "http://127.0.0.1:5502/bing-search?q=%22Comfortably+Numb+Sidebar+Fixture+05%22+%22Apple+Music%22+2023", "query": "\"Comfortably Numb Sidebar Fixture 05\" \"Apple Music\" 2023", "result_count": 0, "results": [], "source": "bing"}
2026-09-18 21:08:03,473 [VERBOSE] music_app.services.cover_provider_http: Cover HTTP success service=apple-web-discovery context=search:"Comfortably Numb Sidebar Fixture 06" "Apple Music" 2023:bing status=200 url=http://127.0.0.1:5502/bing-search?q=%22Comfortably+Numb+Sidebar+Fixture+06%22+%22Apple+Music%22+2023 bytes=41
2026-09-18 21:08:03,475 [INFO] music_app.services.cover_refresh_provider: {"action": "Apple album web discovery results", "album": "Comfortably Numb Sidebar Fixture 06", "artist": "Generated Problem Fixture", "final_url": "http://127.0.0.1:5502/bing-search?q=%22Comfortably+Numb+Sidebar+Fixture+06%22+%22Apple+Music%22+2023", "query": "\"Comfortably Numb Sidebar Fixture 06\" \"Apple Music\" 2023", "result_count": 0, "results": [], "source": "bing"}
2026-09-18 21:08:04,191 [VERBOSE] music_app.services.cover_provider_http: Cover HTTP success service=apple-web-discovery context=search:"Comfortably Numb Sidebar Fixture 07" "Apple Music" 2023:duckduckgo-html status=200 url=http://127.0.0.1:5502/duckduckgo-search?q=%22Comfortably+Numb+Sidebar+Fixture+07%22+%22Apple+Music%22+2023 bytes=41
2026-09-18 21:08:04,191 [INFO] music_app.services.cover_refresh_provider: {"action": "Apple album web discovery results", "album": "Comfortably Numb Sidebar Fixture 07", "artist": "Generated Problem Fixture", "final_url": "http://127.0.0.1:5502/duckduckgo-search?q=%22Comfortably+Numb+Sidebar+Fixture+07%22+%22Apple+Music%22+2023", "query": "\"Comfortably Numb Sidebar Fixture 07\" \"Apple Music\" 2023", "result_count": 0, "results": [], "source": "duckduckgo-html"}
2026-09-18 21:08:04,323 [VERBOSE] music_app.services.cover_provider_http: Cover HTTP success service=apple-web-discovery context=search:"Comfortably Numb Sidebar Fixture 08" "Apple Music" 2023:duckduckgo-html status=200 url=http://127.0.0.1:5502/duckduckgo-search?q=%22Comfortably+Numb+Sidebar+Fixture+08%22+%22Apple+Music%22+2023 bytes=41
2026-09-18 21:08:04,323 [INFO] music_app.services.cover_refresh_provider: {"action": "Apple album web discovery results", "album": "Comfortably Numb Sidebar Fixture 08", "artist": "Generated Problem Fixture", "final_url": "http://127.0.0.1:5502/duckduckgo-search?q=%22Comfortably+Numb+Sidebar+Fixture+08%22+%22Apple+Music%22+2023", "query": "\"Comfortably Numb Sidebar Fixture 08\" \"Apple Music\" 2023", "result_count": 0, "results": [], "source": "duckduckgo-html"}
2026-09-18 21:08:04,681 [VERBOSE] music_app.services.cover_provider_http: Cover HTTP success service=apple context=search:Generated Problem Fixture Comfortably Numb Sidebar Fixture 05 status=200 url=http://127.0.0.1:5502/itunes/search?term=Generated+Problem+Fixture+Comfortably+Numb+Sidebar+Fixture+05&entity=album&limit=20 bytes=33
2026-09-18 21:08:04,681 [VERBOSE] music_app.services.cover_refresh_provider: Apple raw search results query='Generated Problem Fixture Comfortably Numb Sidebar Fixture 05' artist='Generated Problem Fixture' album='Comfortably Numb Sidebar Fixture 05' year=2023 results=[]
2026-09-18 21:08:04,681 [VERBOSE] music_app.services.cover_refresh_provider: Apple search results query='Generated Problem Fixture Comfortably Numb Sidebar Fixture 05' count=0 top=[]
2026-09-18 21:08:04,681 [INFO] music_app.services.cover_refresh_provider: {"action": "Apple cover miss", "album": "Comfortably Numb Sidebar Fixture 05", "artist": "Generated Problem Fixture", "query_mode": "artist+album:native", "raw_result_count": 0, "raw_results_summary": [], "top_candidates": [], "year": 2023}
2026-09-18 21:08:04,858 [VERBOSE] music_app.services.cover_provider_http: Cover HTTP success service=apple context=search:Generated Problem Fixture Comfortably Numb Sidebar Fixture 06 status=200 url=http://127.0.0.1:5502/itunes/search?term=Generated+Problem+Fixture+Comfortably+Numb+Sidebar+Fixture+06&entity=album&limit=20 bytes=33
2026-09-18 21:08:04,858 [VERBOSE] music_app.services.cover_refresh_provider: Apple raw search results query='Generated Problem Fixture Comfortably Numb Sidebar Fixture 06' artist='Generated Problem Fixture' album='Comfortably Numb Sidebar Fixture 06' year=2023 results=[]
2026-09-18 21:08:04,858 [VERBOSE] music_app.services.cover_refresh_provider: Apple search results query='Generated Problem Fixture Comfortably Numb Sidebar Fixture 06' count=0 top=[]
2026-09-18 21:08:04,858 [INFO] music_app.services.cover_refresh_provider: {"action": "Apple cover miss", "album": "Comfortably Numb Sidebar Fixture 06", "artist": "Generated Problem Fixture", "query_mode": "artist+album:native", "raw_result_count": 0, "raw_results_summary": [], "top_candidates": [], "year": 2023}
2026-09-18 21:08:05,506 [VERBOSE] music_app.services.cover_provider_http: Cover HTTP success service=apple-web-discovery context=search:"Comfortably Numb Sidebar Fixture 07" "Apple Music" 2023:bing status=200 url=http://127.0.0.1:5502/bing-search?q=%22Comfortably+Numb+Sidebar+Fixture+07%22+%22Apple+Music%22+2023 bytes=41
2026-09-18 21:08:05,506 [INFO] music_app.services.cover_refresh_provider: {"action": "Apple album web discovery results", "album": "Comfortably Numb Sidebar Fixture 07", "artist": "Generated Problem Fixture", "final_url": "http://127.0.0.1:5502/bing-search?q=%22Comfortably+Numb+Sidebar+Fixture+07%22+%22Apple+Music%22+2023", "query": "\"Comfortably Numb Sidebar Fixture 07\" \"Apple Music\" 2023", "result_count": 0, "results": [], "source": "bing"}
2026-09-18 21:08:05,656 [VERBOSE] music_app.services.cover_provider_http: Cover HTTP success service=apple-web-discovery context=search:"Comfortably Numb Sidebar Fixture 08" "Apple Music" 2023:bing status=200 url=http://127.0.0.1:5502/bing-search?q=%22Comfortably+Numb+Sidebar+Fixture+08%22+%22Apple+Music%22+2023 bytes=41
2026-09-18 21:08:05,656 [INFO] music_app.services.cover_refresh_provider: {"action": "Apple album web discovery results", "album": "Comfortably Numb Sidebar Fixture 08", "artist": "Generated Problem Fixture", "final_url": "http://127.0.0.1:5502/bing-search?q=%22Comfortably+Numb+Sidebar+Fixture+08%22+%22Apple+Music%22+2023", "query": "\"Comfortably Numb Sidebar Fixture 08\" \"Apple Music\" 2023", "result_count": 0, "results": [], "source": "bing"}
2026-09-18 21:08:06,030 [VERBOSE] music_app.services.cover_provider_http: Cover HTTP success service=apple context=artist-id-search:Generated Problem Fixture status=200 url=http://127.0.0.1:5502/itunes/search?term=Generated+Problem+Fixture&entity=musicArtist&limit=10 bytes=33
2026-09-18 21:08:06,030 [INFO] music_app.services.cover_refresh_provider: {"action": "Apple artist lookup results", "album": "Comfortably Numb Sidebar Fixture 05", "artist": "Generated Problem Fixture", "query_artist": "Generated Problem Fixture", "result_count": 0, "top_results": []}
2026-09-18 21:08:06,453 [VERBOSE] music_app.services.cover_provider_http: Cover HTTP success service=apple context=artist-id-search:Generated Problem Fixture status=200 url=http://127.0.0.1:5502/itunes/search?term=Generated+Problem+Fixture&entity=musicArtist&limit=10 bytes=33
2026-09-18 21:08:06,453 [INFO] music_app.services.cover_refresh_provider: {"action": "Apple artist lookup results", "album": "Comfortably Numb Sidebar Fixture 06", "artist": "Generated Problem Fixture", "query_artist": "Generated Problem Fixture", "result_count": 0, "top_results": []}
2026-09-18 21:08:06,701 [VERBOSE] music_app.services.cover_provider_http: Cover HTTP success service=apple context=search:Generated Problem Fixture Comfortably Numb Sidebar Fixture 07 status=200 url=http://127.0.0.1:5502/itunes/search?term=Generated+Problem+Fixture+Comfortably+Numb+Sidebar+Fixture+07&entity=album&limit=20 bytes=33
2026-09-18 21:08:06,701 [VERBOSE] music_app.services.cover_refresh_provider: Apple raw search results query='Generated Problem Fixture Comfortably Numb Sidebar Fixture 07' artist='Generated Problem Fixture' album='Comfortably Numb Sidebar Fixture 07' year=2023 results=[]
2026-09-18 21:08:06,701 [VERBOSE] music_app.services.cover_refresh_provider: Apple search results query='Generated Problem Fixture Comfortably Numb Sidebar Fixture 07' count=0 top=[]
2026-09-18 21:08:06,701 [INFO] music_app.services.cover_refresh_provider: {"action": "Apple cover miss", "album": "Comfortably Numb Sidebar Fixture 07", "artist": "Generated Problem Fixture", "query_mode": "artist+album:native", "raw_result_count": 0, "raw_results_summary": [], "top_candidates": [], "year": 2023}
2026-09-18 21:08:06,766 [VERBOSE] music_app.services.cover_provider_http: Cover HTTP success service=apple context=search:Generated Problem Fixture Comfortably Numb Sidebar Fixture 08 status=200 url=http://127.0.0.1:5502/itunes/search?term=Generated+Problem+Fixture+Comfortably+Numb+Sidebar+Fixture+08&entity=album&limit=20 bytes=33
2026-09-18 21:08:06,766 [VERBOSE] music_app.services.cover_refresh_provider: Apple raw search results query='Generated Problem Fixture Comfortably Numb Sidebar Fixture 08' artist='Generated Problem Fixture' album='Comfortably Numb Sidebar Fixture 08' year=2023 results=[]
2026-09-18 21:08:06,767 [VERBOSE] music_app.services.cover_refresh_provider: Apple search results query='Generated Problem Fixture Comfortably Numb Sidebar Fixture 08' count=0 top=[]
2026-09-18 21:08:06,767 [INFO] music_app.services.cover_refresh_provider: {"action": "Apple cover miss", "album": "Comfortably Numb Sidebar Fixture 08", "artist": "Generated Problem Fixture", "query_mode": "artist+album:native", "raw_result_count": 0, "raw_results_summary": [], "top_candidates": [], "year": 2023}
2026-09-18 21:08:06,957 [VERBOSE] music_app.services.cover_provider_http: Cover HTTP success service=apple context=artist-search:Generated Problem Fixture status=200 url=http://127.0.0.1:5502/itunes/search?term=Generated+Problem+Fixture&entity=musicArtist&limit=10 bytes=33
2026-09-18 21:08:07,179 [VERBOSE] music_app.services.cover_provider_http: Cover HTTP success service=apple context=artist-search:Generated Problem Fixture status=200 url=http://127.0.0.1:5502/itunes/search?term=Generated+Problem+Fixture&entity=musicArtist&limit=10 bytes=33
2026-09-18 21:08:07,323 [VERBOSE] music_app.services.cover_provider_http: Cover HTTP success service=apple context=artist-id-search:Generated Problem Fixture status=200 url=http://127.0.0.1:5502/itunes/search?term=Generated+Problem+Fixture&entity=musicArtist&limit=10 bytes=33
2026-09-18 21:08:07,324 [INFO] music_app.services.cover_refresh_provider: {"action": "Apple artist lookup results", "album": "Comfortably Numb Sidebar Fixture 07", "artist": "Generated Problem Fixture", "query_artist": "Generated Problem Fixture", "result_count": 0, "top_results": []}
2026-09-18 21:08:07,388 [VERBOSE] music_app.services.cover_provider_http: Cover HTTP success service=apple context=artist-id-search:Generated Problem Fixture status=200 url=http://127.0.0.1:5502/itunes/search?term=Generated+Problem+Fixture&entity=musicArtist&limit=10 bytes=33
2026-09-18 21:08:07,389 [INFO] music_app.services.cover_refresh_provider: {"action": "Apple artist lookup results", "album": "Comfortably Numb Sidebar Fixture 08", "artist": "Generated Problem Fixture", "query_artist": "Generated Problem Fixture", "result_count": 0, "top_results": []}
2026-09-18 21:08:07,592 [VERBOSE] music_app.services.cover_provider_http: Cover HTTP success service=apple-web-discovery context=search:site:music.apple.com/album "Generated Problem Fixture" "Comfortably Numb Sidebar Fixture 05":duckduckgo-html status=200 url=http://127.0.0.1:5502/duckduckgo-search?q=site%3Amusic.apple.com%2Falbum+%22Generated+Problem+Fixture%22+%22Comfortably+Numb+Sidebar+Fixture+05%22 bytes=41
2026-09-18 21:08:07,593 [INFO] music_app.services.cover_refresh_provider: {"action": "Apple album web discovery results", "album": "Comfortably Numb Sidebar Fixture 05", "artist": "Generated Problem Fixture", "final_url": "http://127.0.0.1:5502/duckduckgo-search?q=site%3Amusic.apple.com%2Falbum+%22Generated+Problem+Fixture%22+%22Comfortably+Numb+Sidebar+Fixture+05%22", "query": "site:music.apple.com/album \"Generated Problem Fixture\" \"Comfortably Numb Sidebar Fixture 05\"", "result_count": 0, "results": [], "source": "duckduckgo-html"}
2026-09-18 21:08:07,903 [VERBOSE] music_app.services.cover_provider_http: Cover HTTP success service=apple-web-discovery context=search:site:music.apple.com/album "Generated Problem Fixture" "Comfortably Numb Sidebar Fixture 06":duckduckgo-html status=200 url=http://127.0.0.1:5502/duckduckgo-search?q=site%3Amusic.apple.com%2Falbum+%22Generated+Problem+Fixture%22+%22Comfortably+Numb+Sidebar+Fixture+06%22 bytes=41
2026-09-18 21:08:07,903 [INFO] music_app.services.cover_refresh_provider: {"action": "Apple album web discovery results", "album": "Comfortably Numb Sidebar Fixture 06", "artist": "Generated Problem Fixture", "final_url": "http://127.0.0.1:5502/duckduckgo-search?q=site%3Amusic.apple.com%2Falbum+%22Generated+Problem+Fixture%22+%22Comfortably+Numb+Sidebar+Fixture+06%22", "query": "site:music.apple.com/album \"Generated Problem Fixture\" \"Comfortably Numb Sidebar Fixture 06\"", "result_count": 0, "results": [], "source": "duckduckgo-html"}
2026-09-18 21:08:08,001 [VERBOSE] music_app.services.cover_provider_http: Cover HTTP success service=apple context=artist-search:Generated Problem Fixture status=200 url=http://127.0.0.1:5502/itunes/search?term=Generated+Problem+Fixture&entity=musicArtist&limit=10 bytes=33
2026-09-18 21:08:08,224 [VERBOSE] music_app.services.cover_provider_http: Cover HTTP success service=apple context=artist-search:Generated Problem Fixture status=200 url=http://127.0.0.1:5502/itunes/search?term=Generated+Problem+Fixture&entity=musicArtist&limit=10 bytes=33
2026-09-18 21:08:08,386 [VERBOSE] music_app.services.cover_provider_http: Cover HTTP success service=apple-web-discovery context=search:site:music.apple.com/album "Generated Problem Fixture" "Comfortably Numb Sidebar Fixture 05":bing status=200 url=http://127.0.0.1:5502/bing-search?q=site%3Amusic.apple.com%2Falbum+%22Generated+Problem+Fixture%22+%22Comfortably+Numb+Sidebar+Fixture+05%22 bytes=41
2026-09-18 21:08:08,386 [INFO] music_app.services.cover_refresh_provider: {"action": "Apple album web discovery results", "album": "Comfortably Numb Sidebar Fixture 05", "artist": "Generated Problem Fixture", "final_url": "http://127.0.0.1:5502/bing-search?q=site%3Amusic.apple.com%2Falbum+%22Generated+Problem+Fixture%22+%22Comfortably+Numb+Sidebar+Fixture+05%22", "query": "site:music.apple.com/album \"Generated Problem Fixture\" \"Comfortably Numb Sidebar Fixture 05\"", "result_count": 0, "results": [], "source": "bing"}
2026-09-18 21:08:08,585 [VERBOSE] music_app.services.cover_provider_http: Cover HTTP success service=apple-web-discovery context=search:site:music.apple.com/album "Generated Problem Fixture" "Comfortably Numb Sidebar Fixture 06":bing status=200 url=http://127.0.0.1:5502/bing-search?q=site%3Amusic.apple.com%2Falbum+%22Generated+Problem+Fixture%22+%22Comfortably+Numb+Sidebar+Fixture+06%22 bytes=41
2026-09-18 21:08:08,585 [INFO] music_app.services.cover_refresh_provider: {"action": "Apple album web discovery results", "album": "Comfortably Numb Sidebar Fixture 06", "artist": "Generated Problem Fixture", "final_url": "http://127.0.0.1:5502/bing-search?q=site%3Amusic.apple.com%2Falbum+%22Generated+Problem+Fixture%22+%22Comfortably+Numb+Sidebar+Fixture+06%22", "query": "site:music.apple.com/album \"Generated Problem Fixture\" \"Comfortably Numb Sidebar Fixture 06\"", "result_count": 0, "results": [], "source": "bing"}
2026-09-18 21:08:08,738 [VERBOSE] music_app.services.cover_provider_http: Cover HTTP success service=apple-web-discovery context=search:site:music.apple.com/album "Generated Problem Fixture" "Comfortably Numb Sidebar Fixture 07":duckduckgo-html status=200 url=http://127.0.0.1:5502/duckduckgo-search?q=site%3Amusic.apple.com%2Falbum+%22Generated+Problem+Fixture%22+%22Comfortably+Numb+Sidebar+Fixture+07%22 bytes=41
2026-09-18 21:08:08,738 [INFO] music_app.services.cover_refresh_provider: {"action": "Apple album web discovery results", "album": "Comfortably Numb Sidebar Fixture 07", "artist": "Generated Problem Fixture", "final_url": "http://127.0.0.1:5502/duckduckgo-search?q=site%3Amusic.apple.com%2Falbum+%22Generated+Problem+Fixture%22+%22Comfortably+Numb+Sidebar+Fixture+07%22", "query": "site:music.apple.com/album \"Generated Problem Fixture\" \"Comfortably Numb Sidebar Fixture 07\"", "result_count": 0, "results": [], "source": "duckduckgo-html"}
2026-09-18 21:08:08,812 [VERBOSE] music_app.services.cover_provider_http: Cover HTTP success service=apple-web-discovery context=search:site:music.apple.com/album "Generated Problem Fixture" "Comfortably Numb Sidebar Fixture 08":duckduckgo-html status=200 url=http://127.0.0.1:5502/duckduckgo-search?q=site%3Amusic.apple.com%2Falbum+%22Generated+Problem+Fixture%22+%22Comfortably+Numb+Sidebar+Fixture+08%22 bytes=41
2026-09-18 21:08:08,812 [INFO] music_app.services.cover_refresh_provider: {"action": "Apple album web discovery results", "album": "Comfortably Numb Sidebar Fixture 08", "artist": "Generated Problem Fixture", "final_url": "http://127.0.0.1:5502/duckduckgo-search?q=site%3Amusic.apple.com%2Falbum+%22Generated+Problem+Fixture%22+%22Comfortably+Numb+Sidebar+Fixture+08%22", "query": "site:music.apple.com/album \"Generated Problem Fixture\" \"Comfortably Numb Sidebar Fixture 08\"", "result_count": 0, "results": [], "source": "duckduckgo-html"}
2026-09-18 21:08:09,045 [VERBOSE] music_app.services.cover_provider_http: Cover HTTP success service=apple-web-discovery context=search:"Generated Problem Fixture" "Comfortably Numb Sidebar Fixture 05" "Apple Music":duckduckgo-html status=200 url=http://127.0.0.1:5502/duckduckgo-search?q=%22Generated+Problem+Fixture%22+%22Comfortably+Numb+Sidebar+Fixture+05%22+%22Apple+Music%22 bytes=41
2026-09-18 21:08:09,045 [INFO] music_app.services.cover_refresh_provider: {"action": "Apple album web discovery results", "album": "Comfortably Numb Sidebar Fixture 05", "artist": "Generated Problem Fixture", "final_url": "http://127.0.0.1:5502/duckduckgo-search?q=%22Generated+Problem+Fixture%22+%22Comfortably+Numb+Sidebar+Fixture+05%22+%22Apple+Music%22", "query": "\"Generated Problem Fixture\" \"Comfortably Numb Sidebar Fixture 05\" \"Apple Music\"", "result_count": 0, "results": [], "source": "duckduckgo-html"}
2026-09-18 21:08:09,234 [VERBOSE] music_app.services.cover_provider_http: Cover HTTP success service=apple-web-discovery context=search:"Generated Problem Fixture" "Comfortably Numb Sidebar Fixture 06" "Apple Music":duckduckgo-html status=200 url=http://127.0.0.1:5502/duckduckgo-search?q=%22Generated+Problem+Fixture%22+%22Comfortably+Numb+Sidebar+Fixture+06%22+%22Apple+Music%22 bytes=41
2026-09-18 21:08:09,234 [INFO] music_app.services.cover_refresh_provider: {"action": "Apple album web discovery results", "album": "Comfortably Numb Sidebar Fixture 06", "artist": "Generated Problem Fixture", "final_url": "http://127.0.0.1:5502/duckduckgo-search?q=%22Generated+Problem+Fixture%22+%22Comfortably+Numb+Sidebar+Fixture+06%22+%22Apple+Music%22", "query": "\"Generated Problem Fixture\" \"Comfortably Numb Sidebar Fixture 06\" \"Apple Music\"", "result_count": 0, "results": [], "source": "duckduckgo-html"}
2026-09-18 21:08:09,550 [VERBOSE] music_app.services.cover_provider_http: Cover HTTP success service=apple-web-discovery context=search:site:music.apple.com/album "Generated Problem Fixture" "Comfortably Numb Sidebar Fixture 07":bing status=200 url=http://127.0.0.1:5502/bing-search?q=site%3Amusic.apple.com%2Falbum+%22Generated+Problem+Fixture%22+%22Comfortably+Numb+Sidebar+Fixture+07%22 bytes=41
2026-09-18 21:08:09,550 [INFO] music_app.services.cover_refresh_provider: {"action": "Apple album web discovery results", "album": "Comfortably Numb Sidebar Fixture 07", "artist": "Generated Problem Fixture", "final_url": "http://127.0.0.1:5502/bing-search?q=site%3Amusic.apple.com%2Falbum+%22Generated+Problem+Fixture%22+%22Comfortably+Numb+Sidebar+Fixture+07%22", "query": "site:music.apple.com/album \"Generated Problem Fixture\" \"Comfortably Numb Sidebar Fixture 07\"", "result_count": 0, "results": [], "source": "bing"}
2026-09-18 21:08:09,619 [VERBOSE] music_app.services.cover_provider_http: Cover HTTP success service=apple-web-discovery context=search:site:music.apple.com/album "Generated Problem Fixture" "Comfortably Numb Sidebar Fixture 08":bing status=200 url=http://127.0.0.1:5502/bing-search?q=site%3Amusic.apple.com%2Falbum+%22Generated+Problem+Fixture%22+%22Comfortably+Numb+Sidebar+Fixture+08%22 bytes=41
2026-09-18 21:08:09,619 [INFO] music_app.services.cover_refresh_provider: {"action": "Apple album web discovery results", "album": "Comfortably Numb Sidebar Fixture 08", "artist": "Generated Problem Fixture", "final_url": "http://127.0.0.1:5502/bing-search?q=site%3Amusic.apple.com%2Falbum+%22Generated+Problem+Fixture%22+%22Comfortably+Numb+Sidebar+Fixture+08%22", "query": "site:music.apple.com/album \"Generated Problem Fixture\" \"Comfortably Numb Sidebar Fixture 08\"", "result_count": 0, "results": [], "source": "bing"}
2026-09-18 21:08:09,944 [VERBOSE] music_app.services.cover_provider_http: Cover HTTP success service=apple-web-discovery context=search:"Generated Problem Fixture" "Comfortably Numb Sidebar Fixture 05" "Apple Music":bing status=200 url=http://127.0.0.1:5502/bing-search?q=%22Generated+Problem+Fixture%22+%22Comfortably+Numb+Sidebar+Fixture+05%22+%22Apple+Music%22 bytes=41
2026-09-18 21:08:09,944 [INFO] music_app.services.cover_refresh_provider: {"action": "Apple album web discovery results", "album": "Comfortably Numb Sidebar Fixture 05", "artist": "Generated Problem Fixture", "final_url": "http://127.0.0.1:5502/bing-search?q=%22Generated+Problem+Fixture%22+%22Comfortably+Numb+Sidebar+Fixture+05%22+%22Apple+Music%22", "query": "\"Generated Problem Fixture\" \"Comfortably Numb Sidebar Fixture 05\" \"Apple Music\"", "result_count": 0, "results": [], "source": "bing"}
2026-09-18 21:08:10,278 [VERBOSE] music_app.services.cover_provider_http: Cover HTTP success service=apple-web-discovery context=search:"Generated Problem Fixture" "Comfortably Numb Sidebar Fixture 06" "Apple Music":bing status=200 url=http://127.0.0.1:5502/bing-search?q=%22Generated+Problem+Fixture%22+%22Comfortably+Numb+Sidebar+Fixture+06%22+%22Apple+Music%22 bytes=41
2026-09-18 21:08:10,278 [INFO] music_app.services.cover_refresh_provider: {"action": "Apple album web discovery results", "album": "Comfortably Numb Sidebar Fixture 06", "artist": "Generated Problem Fixture", "final_url": "http://127.0.0.1:5502/bing-search?q=%22Generated+Problem+Fixture%22+%22Comfortably+Numb+Sidebar+Fixture+06%22+%22Apple+Music%22", "query": "\"Generated Problem Fixture\" \"Comfortably Numb Sidebar Fixture 06\" \"Apple Music\"", "result_count": 0, "results": [], "source": "bing"}
2026-09-18 21:08:10,392 [VERBOSE] music_app.services.cover_provider_http: Cover HTTP success service=apple-web-discovery context=search:"Generated Problem Fixture" "Comfortably Numb Sidebar Fixture 08" "Apple Music":duckduckgo-html status=200 url=http://127.0.0.1:5502/duckduckgo-search?q=%22Generated+Problem+Fixture%22+%22Comfortably+Numb+Sidebar+Fixture+08%22+%22Apple+Music%22 bytes=41
2026-09-18 21:08:10,393 [INFO] music_app.services.cover_refresh_provider: {"action": "Apple album web discovery results", "album": "Comfortably Numb Sidebar Fixture 08", "artist": "Generated Problem Fixture", "final_url": "http://127.0.0.1:5502/duckduckgo-search?q=%22Generated+Problem+Fixture%22+%22Comfortably+Numb+Sidebar+Fixture+08%22+%22Apple+Music%22", "query": "\"Generated Problem Fixture\" \"Comfortably Numb Sidebar Fixture 08\" \"Apple Music\"", "result_count": 0, "results": [], "source": "duckduckgo-html"}
2026-09-18 21:08:10,468 [VERBOSE] music_app.services.cover_provider_http: Cover HTTP success service=apple-web-discovery context=search:"Generated Problem Fixture" "Comfortably Numb Sidebar Fixture 07" "Apple Music":duckduckgo-html status=200 url=http://127.0.0.1:5502/duckduckgo-search?q=%22Generated+Problem+Fixture%22+%22Comfortably+Numb+Sidebar+Fixture+07%22+%22Apple+Music%22 bytes=41
2026-09-18 21:08:10,468 [INFO] music_app.services.cover_refresh_provider: {"action": "Apple album web discovery results", "album": "Comfortably Numb Sidebar Fixture 07", "artist": "Generated Problem Fixture", "final_url": "http://127.0.0.1:5502/duckduckgo-search?q=%22Generated+Problem+Fixture%22+%22Comfortably+Numb+Sidebar+Fixture+07%22+%22Apple+Music%22", "query": "\"Generated Problem Fixture\" \"Comfortably Numb Sidebar Fixture 07\" \"Apple Music\"", "result_count": 0, "results": [], "source": "duckduckgo-html"}
2026-09-18 21:08:10,769 [VERBOSE] music_app.services.cover_provider_http: Cover HTTP success service=apple-web-discovery context=search:site:music.apple.com/album "Comfortably Numb Sidebar Fixture 05":duckduckgo-html status=200 url=http://127.0.0.1:5502/duckduckgo-search?q=site%3Amusic.apple.com%2Falbum+%22Comfortably+Numb+Sidebar+Fixture+05%22 bytes=41
2026-09-18 21:08:10,769 [INFO] music_app.services.cover_refresh_provider: {"action": "Apple album web discovery results", "album": "Comfortably Numb Sidebar Fixture 05", "artist": "Generated Problem Fixture", "final_url": "http://127.0.0.1:5502/duckduckgo-search?q=site%3Amusic.apple.com%2Falbum+%22Comfortably+Numb+Sidebar+Fixture+05%22", "query": "site:music.apple.com/album \"Comfortably Numb Sidebar Fixture 05\"", "result_count": 0, "results": [], "source": "duckduckgo-html"}
2026-09-18 21:08:11,102 [VERBOSE] music_app.services.cover_provider_http: Cover HTTP success service=apple-web-discovery context=search:site:music.apple.com/album "Comfortably Numb Sidebar Fixture 06":duckduckgo-html status=200 url=http://127.0.0.1:5502/duckduckgo-search?q=site%3Amusic.apple.com%2Falbum+%22Comfortably+Numb+Sidebar+Fixture+06%22 bytes=41
2026-09-18 21:08:11,103 [INFO] music_app.services.cover_refresh_provider: {"action": "Apple album web discovery results", "album": "Comfortably Numb Sidebar Fixture 06", "artist": "Generated Problem Fixture", "final_url": "http://127.0.0.1:5502/duckduckgo-search?q=site%3Amusic.apple.com%2Falbum+%22Comfortably+Numb+Sidebar+Fixture+06%22", "query": "site:music.apple.com/album \"Comfortably Numb Sidebar Fixture 06\"", "result_count": 0, "results": [], "source": "duckduckgo-html"}
2026-09-18 21:08:11,205 [VERBOSE] music_app.services.cover_provider_http: Cover HTTP success service=apple-web-discovery context=search:"Generated Problem Fixture" "Comfortably Numb Sidebar Fixture 08" "Apple Music":bing status=200 url=http://127.0.0.1:5502/bing-search?q=%22Generated+Problem+Fixture%22+%22Comfortably+Numb+Sidebar+Fixture+08%22+%22Apple+Music%22 bytes=41
2026-09-18 21:08:11,205 [INFO] music_app.services.cover_refresh_provider: {"action": "Apple album web discovery results", "album": "Comfortably Numb Sidebar Fixture 08", "artist": "Generated Problem Fixture", "final_url": "http://127.0.0.1:5502/bing-search?q=%22Generated+Problem+Fixture%22+%22Comfortably+Numb+Sidebar+Fixture+08%22+%22Apple+Music%22", "query": "\"Generated Problem Fixture\" \"Comfortably Numb Sidebar Fixture 08\" \"Apple Music\"", "result_count": 0, "results": [], "source": "bing"}
2026-09-18 21:08:11,270 [VERBOSE] music_app.services.cover_provider_http: Cover HTTP success service=apple-web-discovery context=search:"Generated Problem Fixture" "Comfortably Numb Sidebar Fixture 07" "Apple Music":bing status=200 url=http://127.0.0.1:5502/bing-search?q=%22Generated+Problem+Fixture%22+%22Comfortably+Numb+Sidebar+Fixture+07%22+%22Apple+Music%22 bytes=41
2026-09-18 21:08:11,270 [INFO] music_app.services.cover_refresh_provider: {"action": "Apple album web discovery results", "album": "Comfortably Numb Sidebar Fixture 07", "artist": "Generated Problem Fixture", "final_url": "http://127.0.0.1:5502/bing-search?q=%22Generated+Problem+Fixture%22+%22Comfortably+Numb+Sidebar+Fixture+07%22+%22Apple+Music%22", "query": "\"Generated Problem Fixture\" \"Comfortably Numb Sidebar Fixture 07\" \"Apple Music\"", "result_count": 0, "results": [], "source": "bing"}
2026-09-18 21:08:11,527 [VERBOSE] music_app.services.cover_provider_http: Cover HTTP success service=apple-web-discovery context=search:site:music.apple.com/album "Comfortably Numb Sidebar Fixture 05":bing status=200 url=http://127.0.0.1:5502/bing-search?q=site%3Amusic.apple.com%2Falbum+%22Comfortably+Numb+Sidebar+Fixture+05%22 bytes=41
2026-09-18 21:08:11,527 [INFO] music_app.services.cover_refresh_provider: {"action": "Apple album web discovery results", "album": "Comfortably Numb Sidebar Fixture 05", "artist": "Generated Problem Fixture", "final_url": "http://127.0.0.1:5502/bing-search?q=site%3Amusic.apple.com%2Falbum+%22Comfortably+Numb+Sidebar+Fixture+05%22", "query": "site:music.apple.com/album \"Comfortably Numb Sidebar Fixture 05\"", "result_count": 0, "results": [], "source": "bing"}
2026-09-18 21:08:11,820 [VERBOSE] music_app.services.cover_provider_http: Cover HTTP success service=apple-web-discovery context=search:site:music.apple.com/album "Comfortably Numb Sidebar Fixture 06":bing status=200 url=http://127.0.0.1:5502/bing-search?q=site%3Amusic.apple.com%2Falbum+%22Comfortably+Numb+Sidebar+Fixture+06%22 bytes=41
2026-09-18 21:08:11,820 [INFO] music_app.services.cover_refresh_provider: {"action": "Apple album web discovery results", "album": "Comfortably Numb Sidebar Fixture 06", "artist": "Generated Problem Fixture", "final_url": "http://127.0.0.1:5502/bing-search?q=site%3Amusic.apple.com%2Falbum+%22Comfortably+Numb+Sidebar+Fixture+06%22", "query": "site:music.apple.com/album \"Comfortably Numb Sidebar Fixture 06\"", "result_count": 0, "results": [], "source": "bing"}
2026-09-18 21:08:11,954 [VERBOSE] music_app.services.cover_provider_http: Cover HTTP success service=apple-web-discovery context=search:site:music.apple.com/album "Comfortably Numb Sidebar Fixture 08":duckduckgo-html status=200 url=http://127.0.0.1:5502/duckduckgo-search?q=site%3Amusic.apple.com%2Falbum+%22Comfortably+Numb+Sidebar+Fixture+08%22 bytes=41
2026-09-18 21:08:11,954 [INFO] music_app.services.cover_refresh_provider: {"action": "Apple album web discovery results", "album": "Comfortably Numb Sidebar Fixture 08", "artist": "Generated Problem Fixture", "final_url": "http://127.0.0.1:5502/duckduckgo-search?q=site%3Amusic.apple.com%2Falbum+%22Comfortably+Numb+Sidebar+Fixture+08%22", "query": "site:music.apple.com/album \"Comfortably Numb Sidebar Fixture 08\"", "result_count": 0, "results": [], "source": "duckduckgo-html"}
2026-09-18 21:08:12,100 [VERBOSE] music_app.services.cover_provider_http: Cover HTTP success service=apple-web-discovery context=search:site:music.apple.com/album "Comfortably Numb Sidebar Fixture 07":duckduckgo-html status=200 url=http://127.0.0.1:5502/duckduckgo-search?q=site%3Amusic.apple.com%2Falbum+%22Comfortably+Numb+Sidebar+Fixture+07%22 bytes=41
2026-09-18 21:08:12,100 [INFO] music_app.services.cover_refresh_provider: {"action": "Apple album web discovery results", "album": "Comfortably Numb Sidebar Fixture 07", "artist": "Generated Problem Fixture", "final_url": "http://127.0.0.1:5502/duckduckgo-search?q=site%3Amusic.apple.com%2Falbum+%22Comfortably+Numb+Sidebar+Fixture+07%22", "query": "site:music.apple.com/album \"Comfortably Numb Sidebar Fixture 07\"", "result_count": 0, "results": [], "source": "duckduckgo-html"}
2026-09-18 21:08:12,610 [VERBOSE] music_app.services.cover_provider_http: Cover HTTP success service=apple-web-discovery context=search:"Comfortably Numb Sidebar Fixture 05" "Apple Music" 2023:duckduckgo-html status=200 url=http://127.0.0.1:5502/duckduckgo-search?q=%22Comfortably+Numb+Sidebar+Fixture+05%22+%22Apple+Music%22+2023 bytes=41
2026-09-18 21:08:12,610 [INFO] music_app.services.cover_refresh_provider: {"action": "Apple album web discovery results", "album": "Comfortably Numb Sidebar Fixture 05", "artist": "Generated Problem Fixture", "final_url": "http://127.0.0.1:5502/duckduckgo-search?q=%22Comfortably+Numb+Sidebar+Fixture+05%22+%22Apple+Music%22+2023", "query": "\"Comfortably Numb Sidebar Fixture 05\" \"Apple Music\" 2023", "result_count": 0, "results": [], "source": "duckduckgo-html"}
2026-09-18 21:08:12,818 [VERBOSE] music_app.services.cover_provider_http: Cover HTTP success service=apple-web-discovery context=search:"Comfortably Numb Sidebar Fixture 06" "Apple Music" 2023:duckduckgo-html status=200 url=http://127.0.0.1:5502/duckduckgo-search?q=%22Comfortably+Numb+Sidebar+Fixture+06%22+%22Apple+Music%22+2023 bytes=41
2026-09-18 21:08:12,819 [INFO] music_app.services.cover_refresh_provider: {"action": "Apple album web discovery results", "album": "Comfortably Numb Sidebar Fixture 06", "artist": "Generated Problem Fixture", "final_url": "http://127.0.0.1:5502/duckduckgo-search?q=%22Comfortably+Numb+Sidebar+Fixture+06%22+%22Apple+Music%22+2023", "query": "\"Comfortably Numb Sidebar Fixture 06\" \"Apple Music\" 2023", "result_count": 0, "results": [], "source": "duckduckgo-html"}
2026-09-18 21:08:12,883 [VERBOSE] music_app.services.cover_provider_http: Cover HTTP success service=apple-web-discovery context=search:site:music.apple.com/album "Comfortably Numb Sidebar Fixture 08":bing status=200 url=http://127.0.0.1:5502/bing-search?q=site%3Amusic.apple.com%2Falbum+%22Comfortably+Numb+Sidebar+Fixture+08%22 bytes=41
2026-09-18 21:08:12,883 [INFO] music_app.services.cover_refresh_provider: {"action": "Apple album web discovery results", "album": "Comfortably Numb Sidebar Fixture 08", "artist": "Generated Problem Fixture", "final_url": "http://127.0.0.1:5502/bing-search?q=site%3Amusic.apple.com%2Falbum+%22Comfortably+Numb+Sidebar+Fixture+08%22", "query": "site:music.apple.com/album \"Comfortably Numb Sidebar Fixture 08\"", "result_count": 0, "results": [], "source": "bing"}
2026-09-18 21:08:13,000 [VERBOSE] music_app.services.cover_provider_http: Cover HTTP success service=apple-web-discovery context=search:site:music.apple.com/album "Comfortably Numb Sidebar Fixture 07":bing status=200 url=http://127.0.0.1:5502/bing-search?q=site%3Amusic.apple.com%2Falbum+%22Comfortably+Numb+Sidebar+Fixture+07%22 bytes=41
2026-09-18 21:08:13,000 [INFO] music_app.services.cover_refresh_provider: {"action": "Apple album web discovery results", "album": "Comfortably Numb Sidebar Fixture 07", "artist": "Generated Problem Fixture", "final_url": "http://127.0.0.1:5502/bing-search?q=site%3Amusic.apple.com%2Falbum+%22Comfortably+Numb+Sidebar+Fixture+07%22", "query": "site:music.apple.com/album \"Comfortably Numb Sidebar Fixture 07\"", "result_count": 0, "results": [], "source": "bing"}
2026-09-18 21:08:13,256 [VERBOSE] music_app.services.cover_provider_http: Cover HTTP success service=apple-web-discovery context=search:"Comfortably Numb Sidebar Fixture 05" "Apple Music" 2023:bing status=200 url=http://127.0.0.1:5502/bing-search?q=%22Comfortably+Numb+Sidebar+Fixture+05%22+%22Apple+Music%22+2023 bytes=41
2026-09-18 21:08:13,256 [INFO] music_app.services.cover_refresh_provider: {"action": "Apple album web discovery results", "album": "Comfortably Numb Sidebar Fixture 05", "artist": "Generated Problem Fixture", "final_url": "http://127.0.0.1:5502/bing-search?q=%22Comfortably+Numb+Sidebar+Fixture+05%22+%22Apple+Music%22+2023", "query": "\"Comfortably Numb Sidebar Fixture 05\" \"Apple Music\" 2023", "result_count": 0, "results": [], "source": "bing"}
2026-09-18 21:08:13,257 [VERBOSE] music_app: Cover fetch processed artist='Generated Problem Fixture' album='Comfortably Numb Sidebar Fixture 05' folder='D:\\a\\_temp\\album-haven-e2e-functional-fixtures-playback-utilities\\shared\\media\\Generated Problem Fixture\\Comfortably Numb Sidebar Fixture 05' downloaded=False has_cover=False
2026-09-18 21:08:13,257 [WARNING] music_app: {"action": "Cover art update failed", "album": "Comfortably Numb Sidebar Fixture 05", "artist": "Generated Problem Fixture", "elapsed_ms": 19303.03, "folder": "D:\\a\\_temp\\album-haven-e2e-functional-fixtures-playback-utilities\\shared\\media\\Generated Problem Fixture\\Comfortably Numb Sidebar Fixture 05", "force_search": false, "reason": "remote_search_returned_no_candidate", "resolver_trace": [{"apple_http_trace": [{"context": "search:Generated Problem Fixture Comfortably Numb Sidebar Fixture 05 2023", "elapsed_ms": 794.28, "status": "success:200"}, {"context": "artist-id-search:Generated Problem Fixture", "elapsed_ms": 657.41, "status": "success:200"}, {"context": "artist-search:Generated Problem Fixture", "elapsed_ms": 720.14, "status": "success:200"}, {"context": "search:Generated Problem Fixture Comfortably Numb Sidebar Fixture 05", "elapsed_ms": 1403.39, "status": "success:200"}, {"context": "artist-id-search:Generated Problem Fixture", "elapsed_ms": 1348.34, "status": "success:200"}, {"context": "artist-search:Generated Problem Fixture", "elapsed_ms": 927.28, "status": "success:200"}], "elapsed_ms": 19300.25, "resolver": "_search_apple", "status": "no_candidate"}], "status": "missing_cover_art"}
2026-09-18 21:08:13,257 [INFO] music_app: {"action": "Cover fetch slow", "album": "Comfortably Numb Sidebar Fixture 05", "artist": "Generated Problem Fixture", "downloaded": false, "elapsed_ms": 19303.03, "folder": "D:\\a\\_temp\\album-haven-e2e-functional-fixtures-playback-utilities\\shared\\media\\Generated Problem Fixture\\Comfortably Numb Sidebar Fixture 05", "force_search": false, "has_cover": false, "reason": "remote_search_returned_no_candidate", "resolver_trace": [{"apple_http_trace": [{"context": "search:Generated Problem Fixture Comfortably Numb Sidebar Fixture 05 2023", "elapsed_ms": 794.28, "status": "success:200"}, {"context": "artist-id-search:Generated Problem Fixture", "elapsed_ms": 657.41, "status": "success:200"}, {"context": "artist-search:Generated Problem Fixture", "elapsed_ms": 720.14, "status": "success:200"}, {"context": "search:Generated Problem Fixture Comfortably Numb Sidebar Fixture 05", "elapsed_ms": 1403.39, "status": "success:200"}, {"context": "artist-id-search:Generated Problem Fixture", "elapsed_ms": 1348.34, "status": "success:200"}, {"context": "artist-search:Generated Problem Fixture", "elapsed_ms": 927.28, "status": "success:200"}], "elapsed_ms": 19300.25, "resolver": "_search_apple", "status": "no_candidate"}]}
2026-09-18 21:08:13,723 [VERBOSE] music_app.services.cover_provider_http: Cover HTTP success service=apple-web-discovery context=search:"Comfortably Numb Sidebar Fixture 06" "Apple Music" 2023:bing status=200 url=http://127.0.0.1:5502/bing-search?q=%22Comfortably+Numb+Sidebar+Fixture+06%22+%22Apple+Music%22+2023 bytes=41
2026-09-18 21:08:13,724 [INFO] music_app.services.cover_refresh_provider: {"action": "Apple album web discovery results", "album": "Comfortably Numb Sidebar Fixture 06", "artist": "Generated Problem Fixture", "final_url": "http://127.0.0.1:5502/bing-search?q=%22Comfortably+Numb+Sidebar+Fixture+06%22+%22Apple+Music%22+2023", "query": "\"Comfortably Numb Sidebar Fixture 06\" \"Apple Music\" 2023", "result_count": 0, "results": [], "source": "bing"}
2026-09-18 21:08:13,725 [VERBOSE] music_app: Cover fetch processed artist='Generated Problem Fixture' album='Comfortably Numb Sidebar Fixture 06' folder='D:\\a\\_temp\\album-haven-e2e-functional-fixtures-playback-utilities\\shared\\media\\Generated Problem Fixture\\Comfortably Numb Sidebar Fixture 06' downloaded=False has_cover=False
2026-09-18 21:08:13,725 [WARNING] music_app: {"action": "Cover art update failed", "album": "Comfortably Numb Sidebar Fixture 06", "artist": "Generated Problem Fixture", "elapsed_ms": 19641.55, "folder": "D:\\a\\_temp\\album-haven-e2e-functional-fixtures-playback-utilities\\shared\\media\\Generated Problem Fixture\\Comfortably Numb Sidebar Fixture 06", "force_search": false, "reason": "remote_search_returned_no_candidate", "resolver_trace": [{"apple_http_trace": [{"context": "search:Generated Problem Fixture Comfortably Numb Sidebar Fixture 06 2023", "elapsed_ms": 759.41, "status": "success:200"}, {"context": "artist-id-search:Generated Problem Fixture", "elapsed_ms": 667.01, "status": "success:200"}, {"context": "artist-search:Generated Problem Fixture", "elapsed_ms": 890.34, "status": "success:200"}, {"context": "search:Generated Problem Fixture Comfortably Numb Sidebar Fixture 06", "elapsed_ms": 1383.43, "status": "success:200"}, {"context": "artist-id-search:Generated Problem Fixture", "elapsed_ms": 1594.93, "status": "success:200"}, {"context": "artist-search:Generated Problem Fixture", "elapsed_ms": 724.71, "status": "success:200"}], "elapsed_ms": 19638.6, "resolver": "_search_apple", "status": "no_candidate"}], "status": "missing_cover_art"}
2026-09-18 21:08:13,725 [INFO] music_app: {"action": "Cover fetch slow", "album": "Comfortably Numb Sidebar Fixture 06", "artist": "Generated Problem Fixture", "downloaded": false, "elapsed_ms": 19641.55, "folder": "D:\\a\\_temp\\album-haven-e2e-functional-fixtures-playback-utilities\\shared\\media\\Generated Problem Fixture\\Comfortably Numb Sidebar Fixture 06", "force_search": false, "has_cover": false, "reason": "remote_search_returned_no_candidate", "resolver_trace": [{"apple_http_trace": [{"context": "search:Generated Problem Fixture Comfortably Numb Sidebar Fixture 06 2023", "elapsed_ms": 759.41, "status": "success:200"}, {"context": "artist-id-search:Generated Problem Fixture", "elapsed_ms": 667.01, "status": "success:200"}, {"context": "artist-search:Generated Problem Fixture", "elapsed_ms": 890.34, "status": "success:200"}, {"context": "search:Generated Problem Fixture Comfortably Numb Sidebar Fixture 06", "elapsed_ms": 1383.43, "status": "success:200"}, {"context": "artist-id-search:Generated Problem Fixture", "elapsed_ms": 1594.93, "status": "success:200"}, {"context": "artist-search:Generated Problem Fixture", "elapsed_ms": 724.71, "status": "success:200"}], "elapsed_ms": 19638.6, "resolver": "_search_apple", "status": "no_candidate"}]}
2026-09-18 21:08:13,824 [VERBOSE] music_app.services.cover_provider_http: Cover HTTP success service=apple-web-discovery context=search:"Comfortably Numb Sidebar Fixture 08" "Apple Music" 2023:duckduckgo-html status=200 url=http://127.0.0.1:5502/duckduckgo-search?q=%22Comfortably+Numb+Sidebar+Fixture+08%22+%22Apple+Music%22+2023 bytes=41
2026-09-18 21:08:13,824 [INFO] music_app.services.cover_refresh_provider: {"action": "Apple album web discovery results", "album": "Comfortably Numb Sidebar Fixture 08", "artist": "Generated Problem Fixture", "final_url": "http://127.0.0.1:5502/duckduckgo-search?q=%22Comfortably+Numb+Sidebar+Fixture+08%22+%22Apple+Music%22+2023", "query": "\"Comfortably Numb Sidebar Fixture 08\" \"Apple Music\" 2023", "result_count": 0, "results": [], "source": "duckduckgo-html"}
2026-09-18 21:08:13,927 [VERBOSE] music_app.services.cover_provider_http: Cover HTTP success service=apple-web-discovery context=search:"Comfortably Numb Sidebar Fixture 07" "Apple Music" 2023:duckduckgo-html status=200 url=http://127.0.0.1:5502/duckduckgo-search?q=%22Comfortably+Numb+Sidebar+Fixture+07%22+%22Apple+Music%22+2023 bytes=41
2026-09-18 21:08:13,927 [INFO] music_app.services.cover_refresh_provider: {"action": "Apple album web discovery results", "album": "Comfortably Numb Sidebar Fixture 07", "artist": "Generated Problem Fixture", "final_url": "http://127.0.0.1:5502/duckduckgo-search?q=%22Comfortably+Numb+Sidebar+Fixture+07%22+%22Apple+Music%22+2023", "query": "\"Comfortably Numb Sidebar Fixture 07\" \"Apple Music\" 2023", "result_count": 0, "results": [], "source": "duckduckgo-html"}
2026-09-18 21:08:14,118 [VERBOSE] music_app.services.cover_provider_http: Cover HTTP success service=apple context=search:Generated Problem Fixture Encoding And Missing Metadata status=200 url=http://127.0.0.1:5502/itunes/search?term=Generated+Problem+Fixture+Encoding+And+Missing+Metadata&entity=album&limit=20 bytes=33
2026-09-18 21:08:14,118 [VERBOSE] music_app.services.cover_refresh_provider: Apple raw search results query='Generated Problem Fixture Encoding And Missing Metadata' artist='Generated Problem Fixture' album='Encoding And Missing Metadata' year=None results=[]
2026-09-18 21:08:14,118 [VERBOSE] music_app.services.cover_refresh_provider: Apple search results query='Generated Problem Fixture Encoding And Missing Metadata' count=0 top=[]
2026-09-18 21:08:14,118 [INFO] music_app.services.cover_refresh_provider: {"action": "Apple cover miss", "album": "Encoding And Missing Metadata", "artist": "Generated Problem Fixture", "query_mode": "artist+album:native", "raw_result_count": 0, "raw_results_summary": [], "top_candidates": [], "year": ""}
2026-09-18 21:08:14,441 [VERBOSE] music_app.services.cover_provider_http: Cover HTTP success service=apple context=search:Mastodon Crack The Skye Fixture 07 2009 status=200 url=http://127.0.0.1:5502/itunes/search?term=Mastodon+Crack+The+Skye+Fixture+07+2009&entity=album&limit=20 bytes=33
2026-09-18 21:08:14,441 [VERBOSE] music_app.services.cover_refresh_provider: Apple raw search results query='Mastodon Crack The Skye Fixture 07 2009' artist='Mastodon' album='Crack The Skye Fixture 07' year=2009 results=[]
2026-09-18 21:08:14,441 [VERBOSE] music_app.services.cover_refresh_provider: Apple search results query='Mastodon Crack The Skye Fixture 07 2009' count=0 top=[]
2026-09-18 21:08:14,441 [INFO] music_app.services.cover_refresh_provider: {"action": "Apple cover miss", "album": "Crack The Skye Fixture 07", "artist": "Mastodon", "query_mode": "artist+album+year:native", "raw_result_count": 0, "raw_results_summary": [], "top_candidates": [], "year": 2009}
2026-09-18 21:08:14,570 [VERBOSE] music_app.services.cover_provider_http: Cover HTTP success service=apple-web-discovery context=search:"Comfortably Numb Sidebar Fixture 08" "Apple Music" 2023:bing status=200 url=http://127.0.0.1:5502/bing-search?q=%22Comfortably+Numb+Sidebar+Fixture+08%22+%22Apple+Music%22+2023 bytes=41
2026-09-18 21:08:14,570 [INFO] music_app.services.cover_refresh_provider: {"action": "Apple album web discovery results", "album": "Comfortably Numb Sidebar Fixture 08", "artist": "Generated Problem Fixture", "final_url": "http://127.0.0.1:5502/bing-search?q=%22Comfortably+Numb+Sidebar+Fixture+08%22+%22Apple+Music%22+2023", "query": "\"Comfortably Numb Sidebar Fixture 08\" \"Apple Music\" 2023", "result_count": 0, "results": [], "source": "bing"}
2026-09-18 21:08:14,572 [VERBOSE] music_app: Cover fetch processed artist='Generated Problem Fixture' album='Comfortably Numb Sidebar Fixture 08' folder='D:\\a\\_temp\\album-haven-e2e-functional-fixtures-playback-utilities\\shared\\media\\Generated Problem Fixture\\Comfortably Numb Sidebar Fixture 08' downloaded=False has_cover=False
2026-09-18 21:08:14,572 [WARNING] music_app: {"action": "Cover art update failed", "album": "Comfortably Numb Sidebar Fixture 08", "artist": "Generated Problem Fixture", "elapsed_ms": 19624.75, "folder": "D:\\a\\_temp\\album-haven-e2e-functional-fixtures-playback-utilities\\shared\\media\\Generated Problem Fixture\\Comfortably Numb Sidebar Fixture 08", "force_search": false, "reason": "remote_search_returned_no_candidate", "resolver_trace": [{"apple_http_trace": [{"context": "search:Generated Problem Fixture Comfortably Numb Sidebar Fixture 08 2023", "elapsed_ms": 637.89, "status": "success:200"}, {"context": "artist-id-search:Generated Problem Fixture", "elapsed_ms": 901.09, "status": "success:200"}, {"context": "artist-search:Generated Problem Fixture", "elapsed_ms": 906.21, "status": "success:200"}, {"context": "search:Generated Problem Fixture Comfortably Numb Sidebar Fixture 08", "elapsed_ms": 1108.65, "status": "success:200"}, {"context": "artist-id-search:Generated Problem Fixture", "elapsed_ms": 621.78, "status": "success:200"}, {"context": "artist-search:Generated Problem Fixture", "elapsed_ms": 834.61, "status": "success:200"}], "elapsed_ms": 19622.29, "resolver": "_search_apple", "status": "no_candidate"}], "status": "missing_cover_art"}
2026-09-18 21:08:14,572 [INFO] music_app: {"action": "Cover fetch slow", "album": "Comfortably Numb Sidebar Fixture 08", "artist": "Generated Problem Fixture", "downloaded": false, "elapsed_ms": 19624.75, "folder": "D:\\a\\_temp\\album-haven-e2e-functional-fixtures-playback-utilities\\shared\\media\\Generated Problem Fixture\\Comfortably Numb Sidebar Fixture 08", "force_search": false, "has_cover": false, "reason": "remote_search_returned_no_candidate", "resolver_trace": [{"apple_http_trace": [{"context": "search:Generated Problem Fixture Comfortably Numb Sidebar Fixture 08 2023", "elapsed_ms": 637.89, "status": "success:200"}, {"context": "artist-id-search:Generated Problem Fixture", "elapsed_ms": 901.09, "status": "success:200"}, {"context": "artist-search:Generated Problem Fixture", "elapsed_ms": 906.21, "status": "success:200"}, {"context": "search:Generated Problem Fixture Comfortably Numb Sidebar Fixture 08", "elapsed_ms": 1108.65, "status": "success:200"}, {"context": "artist-id-search:Generated Problem Fixture", "elapsed_ms": 621.78, "status": "success:200"}, {"context": "artist-search:Generated Problem Fixture", "elapsed_ms": 834.61, "status": "success:200"}], "elapsed_ms": 19622.29, "resolver": "_search_apple", "status": "no_candidate"}]}
2026-09-18 21:08:14,817 [VERBOSE] music_app.services.cover_provider_http: Cover HTTP success service=apple-web-discovery context=search:"Comfortably Numb Sidebar Fixture 07" "Apple Music" 2023:bing status=200 url=http://127.0.0.1:5502/bing-search?q=%22Comfortably+Numb+Sidebar+Fixture+07%22+%22Apple+Music%22+2023 bytes=41
2026-09-18 21:08:14,817 [INFO] music_app.services.cover_refresh_provider: {"action": "Apple album web discovery results", "album": "Comfortably Numb Sidebar Fixture 07", "artist": "Generated Problem Fixture", "final_url": "http://127.0.0.1:5502/bing-search?q=%22Comfortably+Numb+Sidebar+Fixture+07%22+%22Apple+Music%22+2023", "query": "\"Comfortably Numb Sidebar Fixture 07\" \"Apple Music\" 2023", "result_count": 0, "results": [], "source": "bing"}
2026-09-18 21:08:14,824 [VERBOSE] music_app: Cover fetch processed artist='Generated Problem Fixture' album='Comfortably Numb Sidebar Fixture 07' folder='D:\\a\\_temp\\album-haven-e2e-functional-fixtures-playback-utilities\\shared\\media\\Generated Problem Fixture\\Comfortably Numb Sidebar Fixture 07' downloaded=False has_cover=False
2026-09-18 21:08:14,824 [WARNING] music_app: {"action": "Cover art update failed", "album": "Comfortably Numb Sidebar Fixture 07", "artist": "Generated Problem Fixture", "elapsed_ms": 20132.41, "folder": "D:\\a\\_temp\\album-haven-e2e-functional-fixtures-playback-utilities\\shared\\media\\Generated Problem Fixture\\Comfortably Numb Sidebar Fixture 07", "force_search": false, "reason": "remote_search_returned_no_candidate", "resolver_trace": [{"apple_http_trace": [{"context": "search:Generated Problem Fixture Comfortably Numb Sidebar Fixture 07 2023", "elapsed_ms": 664.41, "status": "success:200"}, {"context": "artist-id-search:Generated Problem Fixture", "elapsed_ms": 804.95, "status": "success:200"}, {"context": "artist-search:Generated Problem Fixture", "elapsed_ms": 761.86, "status": "success:200"}, {"context": "search:Generated Problem Fixture Comfortably Numb Sidebar Fixture 07", "elapsed_ms": 1194.43, "status": "success:200"}, {"context": "artist-id-search:Generated Problem Fixture", "elapsed_ms": 621.84, "status": "success:200"}, {"context": "artist-search:Generated Problem Fixture", "elapsed_ms": 677.06, "status": "success:200"}], "elapsed_ms": 20127.19, "resolver": "_search_apple", "status": "no_candidate"}], "status": "missing_cover_art"}
2026-09-18 21:08:14,824 [INFO] music_app: {"action": "Cover fetch slow", "album": "Comfortably Numb Sidebar Fixture 07", "artist": "Generated Problem Fixture", "downloaded": false, "elapsed_ms": 20132.41, "folder": "D:\\a\\_temp\\album-haven-e2e-functional-fixtures-playback-utilities\\shared\\media\\Generated Problem Fixture\\Comfortably Numb Sidebar Fixture 07", "force_search": false, "has_cover": false, "reason": "remote_search_returned_no_candidate", "resolver_trace": [{"apple_http_trace": [{"context": "search:Generated Problem Fixture Comfortably Numb Sidebar Fixture 07 2023", "elapsed_ms": 664.41, "status": "success:200"}, {"context": "artist-id-search:Generated Problem Fixture", "elapsed_ms": 804.95, "status": "success:200"}, {"context": "artist-search:Generated Problem Fixture", "elapsed_ms": 761.86, "status": "success:200"}, {"context": "search:Generated Problem Fixture Comfortably Numb Sidebar Fixture 07", "elapsed_ms": 1194.43, "status": "success:200"}, {"context": "artist-id-search:Generated Problem Fixture", "elapsed_ms": 621.84, "status": "success:200"}, {"context": "artist-search:Generated Problem Fixture", "elapsed_ms": 677.06, "status": "success:200"}], "elapsed_ms": 20127.19, "resolver": "_search_apple", "status": "no_candidate"}]}
2026-09-18 21:08:15,074 [VERBOSE] music_app.services.cover_provider_http: Cover HTTP success service=apple context=artist-id-search:Generated Problem Fixture status=200 url=http://127.0.0.1:5502/itunes/search?term=Generated+Problem+Fixture&entity=musicArtist&limit=10 bytes=33
2026-09-18 21:08:15,076 [INFO] music_app.services.cover_refresh_provider: {"action": "Apple artist lookup results", "album": "Encoding And Missing Metadata", "artist": "Generated Problem Fixture", "query_artist": "Generated Problem Fixture", "result_count": 0, "top_results": []}
2026-09-18 21:08:15,300 [VERBOSE] music_app.services.cover_provider_http: Cover HTTP success service=apple context=artist-id-search:Mastodon status=200 url=http://127.0.0.1:5502/itunes/search?term=Mastodon&entity=musicArtist&limit=10 bytes=33
2026-09-18 21:08:15,300 [INFO] music_app.services.cover_refresh_provider: {"action": "Apple artist lookup results", "album": "Crack The Skye Fixture 07", "artist": "Mastodon", "query_artist": "Mastodon", "result_count": 0, "top_results": []}
2026-09-18 21:08:15,578 [VERBOSE] music_app.services.cover_provider_http: Cover HTTP success service=apple context=search:Mastodon Crack The Skye Fixture 08 2009 status=200 url=http://127.0.0.1:5502/itunes/search?term=Mastodon+Crack+The+Skye+Fixture+08+2009&entity=album&limit=20 bytes=33
2026-09-18 21:08:15,578 [VERBOSE] music_app.services.cover_refresh_provider: Apple raw search results query='Mastodon Crack The Skye Fixture 08 2009' artist='Mastodon' album='Crack The Skye Fixture 08' year=2009 results=[]
2026-09-18 21:08:15,578 [VERBOSE] music_app.services.cover_refresh_provider: Apple search results query='Mastodon Crack The Skye Fixture 08 2009' count=0 top=[]
2026-09-18 21:08:15,578 [INFO] music_app.services.cover_refresh_provider: {"action": "Apple cover miss", "album": "Crack The Skye Fixture 08", "artist": "Mastodon", "query_mode": "artist+album+year:native", "raw_result_count": 0, "raw_results_summary": [], "top_candidates": [], "year": 2009}
2026-09-18 21:08:15,754 [VERBOSE] music_app.services.cover_provider_http: Cover HTTP success service=apple context=search:Mastodon Crack The Skye Fixture 09 2009 status=200 url=http://127.0.0.1:5502/itunes/search?term=Mastodon+Crack+The+Skye+Fixture+09+2009&entity=album&limit=20 bytes=33
2026-09-18 21:08:15,754 [VERBOSE] music_app.services.cover_refresh_provider: Apple raw search results query='Mastodon Crack The Skye Fixture 09 2009' artist='Mastodon' album='Crack The Skye Fixture 09' year=2009 results=[]
2026-09-18 21:08:15,754 [VERBOSE] music_app.services.cover_refresh_provider: Apple search results query='Mastodon Crack The Skye Fixture 09 2009' count=0 top=[]
2026-09-18 21:08:15,754 [INFO] music_app.services.cover_refresh_provider: {"action": "Apple cover miss", "album": "Crack The Skye Fixture 09", "artist": "Mastodon", "query_mode": "artist+album+year:native", "raw_result_count": 0, "raw_results_summary": [], "top_candidates": [], "year": 2009}
2026-09-18 21:08:15,873 [VERBOSE] music_app.services.cover_provider_http: Cover HTTP success service=apple context=artist-search:Generated Problem Fixture status=200 url=http://127.0.0.1:5502/itunes/search?term=Generated+Problem+Fixture&entity=musicArtist&limit=10 bytes=33
2026-09-18 21:08:16,184 [VERBOSE] music_app.services.cover_provider_http: Cover HTTP success service=apple context=artist-search:Mastodon status=200 url=http://127.0.0.1:5502/itunes/search?term=Mastodon&entity=musicArtist&limit=10 bytes=33
2026-09-18 21:08:16,697 [VERBOSE] music_app.services.cover_provider_http: Cover HTTP success service=apple context=artist-id-search:Mastodon status=200 url=http://127.0.0.1:5502/itunes/search?term=Mastodon&entity=musicArtist&limit=10 bytes=33
2026-09-18 21:08:16,698 [INFO] music_app.services.cover_refresh_provider: {"action": "Apple artist lookup results", "album": "Crack The Skye Fixture 08", "artist": "Mastodon", "query_artist": "Mastodon", "result_count": 0, "top_results": []}
2026-09-18 21:08:16,955 [VERBOSE] music_app.services.cover_provider_http: Cover HTTP success service=apple context=artist-id-search:Mastodon status=200 url=http://127.0.0.1:5502/itunes/search?term=Mastodon&entity=musicArtist&limit=10 bytes=33
2026-09-18 21:08:16,957 [INFO] music_app.services.cover_refresh_provider: {"action": "Apple artist lookup results", "album": "Crack The Skye Fixture 09", "artist": "Mastodon", "query_artist": "Mastodon", "result_count": 0, "top_results": []}
2026-09-18 21:08:17,256 [VERBOSE] music_app.services.cover_provider_http: Cover HTTP success service=apple-web-discovery context=search:site:music.apple.com/album "Generated Problem Fixture" "Encoding And Missing Metadata":duckduckgo-html status=200 url=http://127.0.0.1:5502/duckduckgo-search?q=site%3Amusic.apple.com%2Falbum+%22Generated+Problem+Fixture%22+%22Encoding+And+Missing+Metadata%22 bytes=41
2026-09-18 21:08:17,258 [INFO] music_app.services.cover_refresh_provider: {"action": "Apple album web discovery results", "album": "Encoding And Missing Metadata", "artist": "Generated Problem Fixture", "final_url": "http://127.0.0.1:5502/duckduckgo-search?q=site%3Amusic.apple.com%2Falbum+%22Generated+Problem+Fixture%22+%22Encoding+And+Missing+Metadata%22", "query": "site:music.apple.com/album \"Generated Problem Fixture\" \"Encoding And Missing Metadata\"", "result_count": 0, "results": [], "source": "duckduckgo-html"}
2026-09-18 21:08:17,548 [VERBOSE] music_app.services.cover_provider_http: Cover HTTP success service=apple-web-discovery context=search:site:music.apple.com/album "Mastodon" "Crack The Skye Fixture 07":duckduckgo-html status=200 url=http://127.0.0.1:5502/duckduckgo-search?q=site%3Amusic.apple.com%2Falbum+%22Mastodon%22+%22Crack+The+Skye+Fixture+07%22 bytes=41
2026-09-18 21:08:17,549 [INFO] music_app.services.cover_refresh_provider: {"action": "Apple album web discovery results", "album": "Crack The Skye Fixture 07", "artist": "Mastodon", "final_url": "http://127.0.0.1:5502/duckduckgo-search?q=site%3Amusic.apple.com%2Falbum+%22Mastodon%22+%22Crack+The+Skye+Fixture+07%22", "query": "site:music.apple.com/album \"Mastodon\" \"Crack The Skye Fixture 07\"", "result_count": 0, "results": [], "source": "duckduckgo-html"}
2026-09-18 21:08:17,893 [VERBOSE] music_app.services.cover_provider_http: Cover HTTP success service=apple context=artist-search:Mastodon status=200 url=http://127.0.0.1:5502/itunes/search?term=Mastodon&entity=musicArtist&limit=10 bytes=33
2026-09-18 21:08:18,038 [VERBOSE] music_app.services.cover_provider_http: Cover HTTP success service=apple context=search:Mastodon Crack The Skye Fixture 09 status=200 url=http://127.0.0.1:5502/itunes/search?term=Mastodon+Crack+The+Skye+Fixture+09&entity=album&limit=20 bytes=33
2026-09-18 21:08:18,038 [VERBOSE] music_app.services.cover_refresh_provider: Apple raw search results query='Mastodon Crack The Skye Fixture 09' artist='Mastodon' album='Crack The Skye Fixture 09' year=2009 results=[]
2026-09-18 21:08:18,038 [VERBOSE] music_app.services.cover_refresh_provider: Apple search results query='Mastodon Crack The Skye Fixture 09' count=0 top=[]
2026-09-18 21:08:18,038 [INFO] music_app.services.cover_refresh_provider: {"action": "Apple cover miss", "album": "Crack The Skye Fixture 09", "artist": "Mastodon", "query_mode": "artist+album:native", "raw_result_count": 0, "raw_results_summary": [], "top_candidates": [], "year": 2009}
2026-09-18 21:08:18,212 [VERBOSE] music_app.services.cover_provider_http: Cover HTTP success service=apple-web-discovery context=search:site:music.apple.com/album "Generated Problem Fixture" "Encoding And Missing Metadata":bing status=200 url=http://127.0.0.1:5502/bing-search?q=site%3Amusic.apple.com%2Falbum+%22Generated+Problem+Fixture%22+%22Encoding+And+Missing+Metadata%22 bytes=41
2026-09-18 21:08:18,212 [INFO] music_app.services.cover_refresh_provider: {"action": "Apple album web discovery results", "album": "Encoding And Missing Metadata", "artist": "Generated Problem Fixture", "final_url": "http://127.0.0.1:5502/bing-search?q=site%3Amusic.apple.com%2Falbum+%22Generated+Problem+Fixture%22+%22Encoding+And+Missing+Metadata%22", "query": "site:music.apple.com/album \"Generated Problem Fixture\" \"Encoding And Missing Metadata\"", "result_count": 0, "results": [], "source": "bing"}
2026-09-18 21:08:18,328 [VERBOSE] music_app.services.cover_provider_http: Cover HTTP success service=apple-web-discovery context=search:site:music.apple.com/album "Mastodon" "Crack The Skye Fixture 07":bing status=200 url=http://127.0.0.1:5502/bing-search?q=site%3Amusic.apple.com%2Falbum+%22Mastodon%22+%22Crack+The+Skye+Fixture+07%22 bytes=41
2026-09-18 21:08:18,328 [INFO] music_app.services.cover_refresh_provider: {"action": "Apple album web discovery results", "album": "Crack The Skye Fixture 07", "artist": "Mastodon", "final_url": "http://127.0.0.1:5502/bing-search?q=site%3Amusic.apple.com%2Falbum+%22Mastodon%22+%22Crack+The+Skye+Fixture+07%22", "query": "site:music.apple.com/album \"Mastodon\" \"Crack The Skye Fixture 07\"", "result_count": 0, "results": [], "source": "bing"}
2026-09-18 21:08:18,492 [VERBOSE] music_app.services.cover_provider_http: Cover HTTP success service=apple-web-discovery context=search:site:music.apple.com/album "Mastodon" "Crack The Skye Fixture 08":duckduckgo-html status=200 url=http://127.0.0.1:5502/duckduckgo-search?q=site%3Amusic.apple.com%2Falbum+%22Mastodon%22+%22Crack+The+Skye+Fixture+08%22 bytes=41
2026-09-18 21:08:18,492 [INFO] music_app.services.cover_refresh_provider: {"action": "Apple album web discovery results", "album": "Crack The Skye Fixture 08", "artist": "Mastodon", "final_url": "http://127.0.0.1:5502/duckduckgo-search?q=site%3Amusic.apple.com%2Falbum+%22Mastodon%22+%22Crack+The+Skye+Fixture+08%22", "query": "site:music.apple.com/album \"Mastodon\" \"Crack The Skye Fixture 08\"", "result_count": 0, "results": [], "source": "duckduckgo-html"}
2026-09-18 21:08:18,603 [VERBOSE] music_app.services.cover_provider_http: Cover HTTP success service=apple context=artist-id-search:Mastodon status=200 url=http://127.0.0.1:5502/itunes/search?term=Mastodon&entity=musicArtist&limit=10 bytes=33
2026-09-18 21:08:18,605 [INFO] music_app.services.cover_refresh_provider: {"action": "Apple artist lookup results", "album": "Crack The Skye Fixture 09", "artist": "Mastodon", "query_artist": "Mastodon", "result_count": 0, "top_results": []}
2026-09-18 21:08:18,606 [VERBOSE] music_app: Cover fetch processed artist='Mastodon' album='Crack The Skye Fixture 09' folder='D:\\a\\_temp\\album-haven-e2e-functional-fixtures-playback-utilities\\shared\\media\\Mastodon\\Crack The Skye Fixture 09' downloaded=False has_cover=True
2026-09-18 21:08:18,918 [VERBOSE] music_app.services.cover_provider_http: Cover HTTP success service=apple-web-discovery context=search:"Generated Problem Fixture" "Encoding And Missing Metadata" "Apple Music":duckduckgo-html status=200 url=http://127.0.0.1:5502/duckduckgo-search?q=%22Generated+Problem+Fixture%22+%22Encoding+And+Missing+Metadata%22+%22Apple+Music%22 bytes=41
2026-09-18 21:08:18,918 [INFO] music_app.services.cover_refresh_provider: {"action": "Apple album web discovery results", "album": "Encoding And Missing Metadata", "artist": "Generated Problem Fixture", "final_url": "http://127.0.0.1:5502/duckduckgo-search?q=%22Generated+Problem+Fixture%22+%22Encoding+And+Missing+Metadata%22+%22Apple+Music%22", "query": "\"Generated Problem Fixture\" \"Encoding And Missing Metadata\" \"Apple Music\"", "result_count": 0, "results": [], "source": "duckduckgo-html"}
2026-09-18 21:08:19,195 [VERBOSE] music_app.services.cover_provider_http: Cover HTTP success service=apple-web-discovery context=search:"Mastodon" "Crack The Skye Fixture 07" "Apple Music":duckduckgo-html status=200 url=http://127.0.0.1:5502/duckduckgo-search?q=%22Mastodon%22+%22Crack+The+Skye+Fixture+07%22+%22Apple+Music%22 bytes=41
2026-09-18 21:08:19,195 [INFO] music_app.services.cover_refresh_provider: {"action": "Apple album web discovery results", "album": "Crack The Skye Fixture 07", "artist": "Mastodon", "final_url": "http://127.0.0.1:5502/duckduckgo-search?q=%22Mastodon%22+%22Crack+The+Skye+Fixture+07%22+%22Apple+Music%22", "query": "\"Mastodon\" \"Crack The Skye Fixture 07\" \"Apple Music\"", "result_count": 0, "results": [], "source": "duckduckgo-html"}
2026-09-18 21:08:19,296 [VERBOSE] music_app.services.cover_provider_http: Cover HTTP success service=apple-web-discovery context=search:site:music.apple.com/album "Mastodon" "Crack The Skye Fixture 08":bing status=200 url=http://127.0.0.1:5502/bing-search?q=site%3Amusic.apple.com%2Falbum+%22Mastodon%22+%22Crack+The+Skye+Fixture+08%22 bytes=41
2026-09-18 21:08:19,296 [INFO] music_app.services.cover_refresh_provider: {"action": "Apple album web discovery results", "album": "Crack The Skye Fixture 08", "artist": "Mastodon", "final_url": "http://127.0.0.1:5502/bing-search?q=site%3Amusic.apple.com%2Falbum+%22Mastodon%22+%22Crack+The+Skye+Fixture+08%22", "query": "site:music.apple.com/album \"Mastodon\" \"Crack The Skye Fixture 08\"", "result_count": 0, "results": [], "source": "bing"}
2026-09-18 21:08:19,525 [VERBOSE] music_app.services.cover_provider_http: Cover HTTP success service=apple context=search:Mastodon Crack The Skye Fixture 10 2009 status=200 url=http://127.0.0.1:5502/itunes/search?term=Mastodon+Crack+The+Skye+Fixture+10+2009&entity=album&limit=20 bytes=33
2026-09-18 21:08:19,525 [VERBOSE] music_app.services.cover_refresh_provider: Apple raw search results query='Mastodon Crack The Skye Fixture 10 2009' artist='Mastodon' album='Crack The Skye Fixture 10' year=2009 results=[]
2026-09-18 21:08:19,525 [VERBOSE] music_app.services.cover_refresh_provider: Apple search results query='Mastodon Crack The Skye Fixture 10 2009' count=0 top=[]
2026-09-18 21:08:19,525 [INFO] music_app.services.cover_refresh_provider: {"action": "Apple cover miss", "album": "Crack The Skye Fixture 10", "artist": "Mastodon", "query_mode": "artist+album+year:native", "raw_result_count": 0, "raw_results_summary": [], "top_candidates": [], "year": 2009}
2026-09-18 21:08:19,562 [VERBOSE] music_app.services.cover_provider_http: Cover HTTP success service=apple-web-discovery context=search:"Generated Problem Fixture" "Encoding And Missing Metadata" "Apple Music":bing status=200 url=http://127.0.0.1:5502/bing-search?q=%22Generated+Problem+Fixture%22+%22Encoding+And+Missing+Metadata%22+%22Apple+Music%22 bytes=41
2026-09-18 21:08:19,562 [INFO] music_app.services.cover_refresh_provider: {"action": "Apple album web discovery results", "album": "Encoding And Missing Metadata", "artist": "Generated Problem Fixture", "final_url": "http://127.0.0.1:5502/bing-search?q=%22Generated+Problem+Fixture%22+%22Encoding+And+Missing+Metadata%22+%22Apple+Music%22", "query": "\"Generated Problem Fixture\" \"Encoding And Missing Metadata\" \"Apple Music\"", "result_count": 0, "results": [], "source": "bing"}
2026-09-18 21:08:19,966 [VERBOSE] music_app.services.cover_provider_http: Cover HTTP success service=apple-web-discovery context=search:"Mastodon" "Crack The Skye Fixture 07" "Apple Music":bing status=200 url=http://127.0.0.1:5502/bing-search?q=%22Mastodon%22+%22Crack+The+Skye+Fixture+07%22+%22Apple+Music%22 bytes=41
2026-09-18 21:08:19,966 [INFO] music_app.services.cover_refresh_provider: {"action": "Apple album web discovery results", "album": "Crack The Skye Fixture 07", "artist": "Mastodon", "final_url": "http://127.0.0.1:5502/bing-search?q=%22Mastodon%22+%22Crack+The+Skye+Fixture+07%22+%22Apple+Music%22", "query": "\"Mastodon\" \"Crack The Skye Fixture 07\" \"Apple Music\"", "result_count": 0, "results": [], "source": "bing"}
2026-09-18 21:08:20,127 [VERBOSE] music_app.services.cover_provider_http: Cover HTTP success service=apple-web-discovery context=search:"Mastodon" "Crack The Skye Fixture 08" "Apple Music":duckduckgo-html status=200 url=http://127.0.0.1:5502/duckduckgo-search?q=%22Mastodon%22+%22Crack+The+Skye+Fixture+08%22+%22Apple+Music%22 bytes=41
2026-09-18 21:08:20,127 [INFO] music_app.services.cover_refresh_provider: {"action": "Apple album web discovery results", "album": "Crack The Skye Fixture 08", "artist": "Mastodon", "final_url": "http://127.0.0.1:5502/duckduckgo-search?q=%22Mastodon%22+%22Crack+The+Skye+Fixture+08%22+%22Apple+Music%22", "query": "\"Mastodon\" \"Crack The Skye Fixture 08\" \"Apple Music\"", "result_count": 0, "results": [], "source": "duckduckgo-html"}
2026-09-18 21:08:20,414 [VERBOSE] music_app.services.cover_provider_http: Cover HTTP success service=apple context=artist-id-search:Mastodon status=200 url=http://127.0.0.1:5502/itunes/search?term=Mastodon&entity=musicArtist&limit=10 bytes=33
2026-09-18 21:08:20,415 [INFO] music_app.services.cover_refresh_provider: {"action": "Apple artist lookup results", "album": "Crack The Skye Fixture 10", "artist": "Mastodon", "query_artist": "Mastodon", "result_count": 0, "top_results": []}
2026-09-18 21:08:20,513 [VERBOSE] music_app.services.cover_provider_http: Cover HTTP success service=apple-web-discovery context=search:site:music.apple.com/album "Encoding And Missing Metadata":duckduckgo-html status=200 url=http://127.0.0.1:5502/duckduckgo-search?q=site%3Amusic.apple.com%2Falbum+%22Encoding+And+Missing+Metadata%22 bytes=41
2026-09-18 21:08:20,513 [INFO] music_app.services.cover_refresh_provider: {"action": "Apple album web discovery results", "album": "Encoding And Missing Metadata", "artist": "Generated Problem Fixture", "final_url": "http://127.0.0.1:5502/duckduckgo-search?q=site%3Amusic.apple.com%2Falbum+%22Encoding+And+Missing+Metadata%22", "query": "site:music.apple.com/album \"Encoding And Missing Metadata\"", "result_count": 0, "results": [], "source": "duckduckgo-html"}
2026-09-18 21:08:20,888 [VERBOSE] music_app.services.cover_provider_http: Cover HTTP success service=apple-web-discovery context=search:site:music.apple.com/album "Crack The Skye Fixture 07":duckduckgo-html status=200 url=http://127.0.0.1:5502/duckduckgo-search?q=site%3Amusic.apple.com%2Falbum+%22Crack+The+Skye+Fixture+07%22 bytes=41
2026-09-18 21:08:20,888 [INFO] music_app.services.cover_refresh_provider: {"action": "Apple album web discovery results", "album": "Crack The Skye Fixture 07", "artist": "Mastodon", "final_url": "http://127.0.0.1:5502/duckduckgo-search?q=site%3Amusic.apple.com%2Falbum+%22Crack+The+Skye+Fixture+07%22", "query": "site:music.apple.com/album \"Crack The Skye Fixture 07\"", "result_count": 0, "results": [], "source": "duckduckgo-html"}
2026-09-18 21:08:21,118 [VERBOSE] music_app.services.cover_provider_http: Cover HTTP success service=apple-web-discovery context=search:"Mastodon" "Crack The Skye Fixture 08" "Apple Music":bing status=200 url=http://127.0.0.1:5502/bing-search?q=%22Mastodon%22+%22Crack+The+Skye+Fixture+08%22+%22Apple+Music%22 bytes=41
2026-09-18 21:08:21,118 [INFO] music_app.services.cover_refresh_provider: {"action": "Apple album web discovery results", "album": "Crack The Skye Fixture 08", "artist": "Mastodon", "final_url": "http://127.0.0.1:5502/bing-search?q=%22Mastodon%22+%22Crack+The+Skye+Fixture+08%22+%22Apple+Music%22", "query": "\"Mastodon\" \"Crack The Skye Fixture 08\" \"Apple Music\"", "result_count": 0, "results": [], "source": "bing"}
2026-09-18 21:08:21,414 [VERBOSE] music_app.services.cover_provider_http: Cover HTTP success service=apple context=search:Mastodon Crack The Skye Fixture 10 status=200 url=http://127.0.0.1:5502/itunes/search?term=Mastodon+Crack+The+Skye+Fixture+10&entity=album&limit=20 bytes=33
2026-09-18 21:08:21,414 [VERBOSE] music_app.services.cover_refresh_provider: Apple raw search results query='Mastodon Crack The Skye Fixture 10' artist='Mastodon' album='Crack The Skye Fixture 10' year=2009 results=[]
2026-09-18 21:08:21,414 [VERBOSE] music_app.services.cover_refresh_provider: Apple search results query='Mastodon Crack The Skye Fixture 10' count=0 top=[]
2026-09-18 21:08:21,415 [INFO] music_app.services.cover_refresh_provider: {"action": "Apple cover miss", "album": "Crack The Skye Fixture 10", "artist": "Mastodon", "query_mode": "artist+album:native", "raw_result_count": 0, "raw_results_summary": [], "top_candidates": [], "year": 2009}
2026-09-18 21:08:21,795 [VERBOSE] music_app.services.cover_provider_http: Cover HTTP success service=apple-web-discovery context=search:site:music.apple.com/album "Encoding And Missing Metadata":bing status=200 url=http://127.0.0.1:5502/bing-search?q=site%3Amusic.apple.com%2Falbum+%22Encoding+And+Missing+Metadata%22 bytes=41
2026-09-18 21:08:21,795 [INFO] music_app.services.cover_refresh_provider: {"action": "Apple album web discovery results", "album": "Encoding And Missing Metadata", "artist": "Generated Problem Fixture", "final_url": "http://127.0.0.1:5502/bing-search?q=site%3Amusic.apple.com%2Falbum+%22Encoding+And+Missing+Metadata%22", "query": "site:music.apple.com/album \"Encoding And Missing Metadata\"", "result_count": 0, "results": [], "source": "bing"}
2026-09-18 21:08:21,795 [VERBOSE] music_app: Cover fetch processed artist='Generated Problem Fixture' album='Encoding And Missing Metadata' folder='D:\\a\\_temp\\album-haven-e2e-functional-fixtures-playback-utilities\\shared\\media\\Generated Problem Fixture\\Encoding And Missing Metadata' downloaded=False has_cover=False
2026-09-18 21:08:21,795 [WARNING] music_app: {"action": "Cover art update failed", "album": "Encoding And Missing Metadata", "artist": "Generated Problem Fixture", "elapsed_ms": 8539.24, "folder": "D:\\a\\_temp\\album-haven-e2e-functional-fixtures-playback-utilities\\shared\\media\\Generated Problem Fixture\\Encoding And Missing Metadata", "force_search": false, "reason": "remote_search_returned_no_candidate", "resolver_trace": [{"apple_http_trace": [{"context": "search:Generated Problem Fixture Encoding And Missing Metadata", "elapsed_ms": 859.73, "status": "success:200"}, {"context": "artist-id-search:Generated Problem Fixture", "elapsed_ms": 956.08, "status": "success:200"}, {"context": "artist-search:Generated Problem Fixture", "elapsed_ms": 797.69, "status": "success:200"}], "elapsed_ms": 8536.74, "resolver": "_search_apple", "status": "no_candidate"}], "status": "missing_cover_art"}
2026-09-18 21:08:21,795 [INFO] music_app: {"action": "Cover fetch slow", "album": "Encoding And Missing Metadata", "artist": "Generated Problem Fixture", "downloaded": false, "elapsed_ms": 8539.24, "folder": "D:\\a\\_temp\\album-haven-e2e-functional-fixtures-playback-utilities\\shared\\media\\Generated Problem Fixture\\Encoding And Missing Metadata", "force_search": false, "has_cover": false, "reason": "remote_search_returned_no_candidate", "resolver_trace": [{"apple_http_trace": [{"context": "search:Generated Problem Fixture Encoding And Missing Metadata", "elapsed_ms": 859.73, "status": "success:200"}, {"context": "artist-id-search:Generated Problem Fixture", "elapsed_ms": 956.08, "status": "success:200"}, {"context": "artist-search:Generated Problem Fixture", "elapsed_ms": 797.69, "status": "success:200"}], "elapsed_ms": 8536.74, "resolver": "_search_apple", "status": "no_candidate"}]}
2026-09-18 21:08:22,224 [VERBOSE] music_app.services.cover_provider_http: Cover HTTP success service=apple-web-discovery context=search:site:music.apple.com/album "Crack The Skye Fixture 07":bing status=200 url=http://127.0.0.1:5502/bing-search?q=site%3Amusic.apple.com%2Falbum+%22Crack+The+Skye+Fixture+07%22 bytes=41
2026-09-18 21:08:22,224 [INFO] music_app.services.cover_refresh_provider: {"action": "Apple album web discovery results", "album": "Crack The Skye Fixture 07", "artist": "Mastodon", "final_url": "http://127.0.0.1:5502/bing-search?q=site%3Amusic.apple.com%2Falbum+%22Crack+The+Skye+Fixture+07%22", "query": "site:music.apple.com/album \"Crack The Skye Fixture 07\"", "result_count": 0, "results": [], "source": "bing"}
2026-09-18 21:08:22,407 [VERBOSE] music_app.services.cover_provider_http: Cover HTTP success service=apple-web-discovery context=search:site:music.apple.com/album "Crack The Skye Fixture 08":duckduckgo-html status=200 url=http://127.0.0.1:5502/duckduckgo-search?q=site%3Amusic.apple.com%2Falbum+%22Crack+The+Skye+Fixture+08%22 bytes=41
2026-09-18 21:08:22,407 [INFO] music_app.services.cover_refresh_provider: {"action": "Apple album web discovery results", "album": "Crack The Skye Fixture 08", "artist": "Mastodon", "final_url": "http://127.0.0.1:5502/duckduckgo-search?q=site%3Amusic.apple.com%2Falbum+%22Crack+The+Skye+Fixture+08%22", "query": "site:music.apple.com/album \"Crack The Skye Fixture 08\"", "result_count": 0, "results": [], "source": "duckduckgo-html"}
2026-09-18 21:08:22,654 [VERBOSE] music_app.services.cover_provider_http: Cover HTTP success service=apple context=artist-id-search:Mastodon status=200 url=http://127.0.0.1:5502/itunes/search?term=Mastodon&entity=musicArtist&limit=10 bytes=33
2026-09-18 21:08:22,654 [INFO] music_app.services.cover_refresh_provider: {"action": "Apple artist lookup results", "album": "Crack The Skye Fixture 10", "artist": "Mastodon", "query_artist": "Mastodon", "result_count": 0, "top_results": []}
2026-09-18 21:08:22,654 [VERBOSE] music_app: Cover fetch processed artist='Mastodon' album='Crack The Skye Fixture 10' folder='D:\\a\\_temp\\album-haven-e2e-functional-fixtures-playback-utilities\\shared\\media\\Mastodon\\Crack The Skye Fixture 10' downloaded=False has_cover=True
2026-09-18 21:08:22,779 [VERBOSE] music_app.services.cover_provider_http: Cover HTTP success service=apple context=search:Neal Morse Neal Morse Plays Pink Floyd 2023 status=200 url=http://127.0.0.1:5502/itunes/search?term=Neal+Morse+Neal+Morse+Plays+Pink+Floyd+2023&entity=album&limit=20 bytes=33
2026-09-18 21:08:22,781 [VERBOSE] music_app.services.cover_refresh_provider: Apple raw search results query='Neal Morse Neal Morse Plays Pink Floyd 2023' artist='Neal Morse' album='Neal Morse Plays Pink Floyd' year=2023 results=[]
2026-09-18 21:08:22,781 [VERBOSE] music_app.services.cover_refresh_provider: Apple search results query='Neal Morse Neal Morse Plays Pink Floyd 2023' count=0 top=[]
2026-09-18 21:08:22,781 [INFO] music_app.services.cover_refresh_provider: {"action": "Apple cover miss", "album": "Neal Morse Plays Pink Floyd", "artist": "Neal Morse", "query_mode": "artist+album+year:native", "raw_result_count": 0, "raw_results_summary": [], "top_candidates": [], "year": 2023}
2026-09-18 21:08:23,421 [VERBOSE] music_app.services.cover_provider_http: Cover HTTP success service=apple-web-discovery context=search:"Crack The Skye Fixture 07" "Apple Music" 2009:duckduckgo-html status=200 url=http://127.0.0.1:5502/duckduckgo-search?q=%22Crack+The+Skye+Fixture+07%22+%22Apple+Music%22+2009 bytes=41
2026-09-18 21:08:23,421 [INFO] music_app.services.cover_refresh_provider: {"action": "Apple album web discovery results", "album": "Crack The Skye Fixture 07", "artist": "Mastodon", "final_url": "http://127.0.0.1:5502/duckduckgo-search?q=%22Crack+The+Skye+Fixture+07%22+%22Apple+Music%22+2009", "query": "\"Crack The Skye Fixture 07\" \"Apple Music\" 2009", "result_count": 0, "results": [], "source": "duckduckgo-html"}
2026-09-18 21:08:23,564 [VERBOSE] music_app.services.cover_provider_http: Cover HTTP success service=apple-web-discovery context=search:site:music.apple.com/album "Crack The Skye Fixture 08":bing status=200 url=http://127.0.0.1:5502/bing-search?q=site%3Amusic.apple.com%2Falbum+%22Crack+The+Skye+Fixture+08%22 bytes=41
2026-09-18 21:08:23,564 [INFO] music_app.services.cover_refresh_provider: {"action": "Apple album web discovery results", "album": "Crack The Skye Fixture 08", "artist": "Mastodon", "final_url": "http://127.0.0.1:5502/bing-search?q=site%3Amusic.apple.com%2Falbum+%22Crack+The+Skye+Fixture+08%22", "query": "site:music.apple.com/album \"Crack The Skye Fixture 08\"", "result_count": 0, "results": [], "source": "bing"}
2026-09-18 21:08:23,770 [VERBOSE] music_app.services.cover_provider_http: Cover HTTP success service=apple context=search:Various Artists Mulan 1998 status=200 url=http://127.0.0.1:5502/itunes/search?term=Various+Artists+Mulan+1998&entity=album&limit=20 bytes=33
2026-09-18 21:08:23,770 [VERBOSE] music_app.services.cover_refresh_provider: Apple raw search results query='Various Artists Mulan 1998' artist='Various Artists' album='Mulan' year=1998 results=[]
2026-09-18 21:08:23,770 [VERBOSE] music_app.services.cover_refresh_provider: Apple search results query='Various Artists Mulan 1998' count=0 top=[]
2026-09-18 21:08:23,771 [INFO] music_app.services.cover_refresh_provider: {"action": "Apple cover miss", "album": "Mulan", "artist": "Various Artists", "query_mode": "artist+album+year:native", "raw_result_count": 0, "raw_results_summary": [], "top_candidates": [], "year": 1998}
2026-09-18 21:08:23,812 [VERBOSE] music_app.services.cover_provider_http: Cover HTTP success service=apple context=artist-id-search:Neal Morse status=200 url=http://127.0.0.1:5502/itunes/search?term=Neal+Morse&entity=musicArtist&limit=10 bytes=33
2026-09-18 21:08:23,813 [INFO] music_app.services.cover_refresh_provider: {"action": "Apple artist lookup results", "album": "Neal Morse Plays Pink Floyd", "artist": "Neal Morse", "query_artist": "Neal Morse", "result_count": 0, "top_results": []}
2026-09-18 21:08:24,060 [VERBOSE] music_app.services.cover_provider_http: Cover HTTP success service=apple-web-discovery context=search:"Crack The Skye Fixture 07" "Apple Music" 2009:bing status=200 url=http://127.0.0.1:5502/bing-search?q=%22Crack+The+Skye+Fixture+07%22+%22Apple+Music%22+2009 bytes=41
2026-09-18 21:08:24,060 [INFO] music_app.services.cover_refresh_provider: {"action": "Apple album web discovery results", "album": "Crack The Skye Fixture 07", "artist": "Mastodon", "final_url": "http://127.0.0.1:5502/bing-search?q=%22Crack+The+Skye+Fixture+07%22+%22Apple+Music%22+2009", "query": "\"Crack The Skye Fixture 07\" \"Apple Music\" 2009", "result_count": 0, "results": [], "source": "bing"}
2026-09-18 21:08:24,141 [VERBOSE] music_app.services.cover_provider_http: Cover HTTP success service=apple-web-discovery context=search:"Crack The Skye Fixture 08" "Apple Music" 2009:duckduckgo-html status=200 url=http://127.0.0.1:5502/duckduckgo-search?q=%22Crack+The+Skye+Fixture+08%22+%22Apple+Music%22+2009 bytes=41
2026-09-18 21:08:24,141 [INFO] music_app.services.cover_refresh_provider: {"action": "Apple album web discovery results", "album": "Crack The Skye Fixture 08", "artist": "Mastodon", "final_url": "http://127.0.0.1:5502/duckduckgo-search?q=%22Crack+The+Skye+Fixture+08%22+%22Apple+Music%22+2009", "query": "\"Crack The Skye Fixture 08\" \"Apple Music\" 2009", "result_count": 0, "results": [], "source": "duckduckgo-html"}
2026-09-18 21:08:24,632 [VERBOSE] music_app.services.cover_provider_http: Cover HTTP success service=apple context=artist-search:Neal Morse status=200 url=http://127.0.0.1:5502/itunes/search?term=Neal+Morse&entity=musicArtist&limit=10 bytes=33
2026-09-18 21:08:24,698 [VERBOSE] music_app.services.cover_provider_http: Cover HTTP success service=apple context=artist-id-search:Various Artists status=200 url=http://127.0.0.1:5502/itunes/search?term=Various+Artists&entity=musicArtist&limit=10 bytes=33
2026-09-18 21:08:24,698 [INFO] music_app.services.cover_refresh_provider: {"action": "Apple artist lookup results", "album": "Mulan", "artist": "Various Artists", "query_artist": "Various Artists", "result_count": 0, "top_results": []}
2026-09-18 21:08:24,971 [VERBOSE] music_app.services.cover_provider_http: Cover HTTP success service=apple-web-discovery context=search:"Crack The Skye Fixture 08" "Apple Music" 2009:bing status=200 url=http://127.0.0.1:5502/bing-search?q=%22Crack+The+Skye+Fixture+08%22+%22Apple+Music%22+2009 bytes=41
2026-09-18 21:08:24,971 [INFO] music_app.services.cover_refresh_provider: {"action": "Apple album web discovery results", "album": "Crack The Skye Fixture 08", "artist": "Mastodon", "final_url": "http://127.0.0.1:5502/bing-search?q=%22Crack+The+Skye+Fixture+08%22+%22Apple+Music%22+2009", "query": "\"Crack The Skye Fixture 08\" \"Apple Music\" 2009", "result_count": 0, "results": [], "source": "bing"}
2026-09-18 21:08:25,016 [VERBOSE] music_app.services.cover_provider_http: Cover HTTP success service=apple context=search:Mastodon Crack The Skye Fixture 07 status=200 url=http://127.0.0.1:5502/itunes/search?term=Mastodon+Crack+The+Skye+Fixture+07&entity=album&limit=20 bytes=33
2026-09-18 21:08:25,016 [VERBOSE] music_app.services.cover_refresh_provider: Apple raw search results query='Mastodon Crack The Skye Fixture 07' artist='Mastodon' album='Crack The Skye Fixture 07' year=2009 results=[]
2026-09-18 21:08:25,016 [VERBOSE] music_app.services.cover_refresh_provider: Apple search results query='Mastodon Crack The Skye Fixture 07' count=0 top=[]
2026-09-18 21:08:25,016 [INFO] music_app.services.cover_refresh_provider: {"action": "Apple cover miss", "album": "Crack The Skye Fixture 07", "artist": "Mastodon", "query_mode": "artist+album:native", "raw_result_count": 0, "raw_results_summary": [], "top_candidates": [], "year": 2009}
2026-09-18 21:08:25,274 [VERBOSE] music_app.services.cover_provider_http: Cover HTTP success service=apple-web-discovery context=search:site:music.apple.com/album "Neal Morse" "Neal Morse Plays Pink Floyd":duckduckgo-html status=200 url=http://127.0.0.1:5502/duckduckgo-search?q=site%3Amusic.apple.com%2Falbum+%22Neal+Morse%22+%22Neal+Morse+Plays+Pink+Floyd%22 bytes=41
2026-09-18 21:08:25,274 [INFO] music_app.services.cover_refresh_provider: {"action": "Apple album web discovery results", "album": "Neal Morse Plays Pink Floyd", "artist": "Neal Morse", "final_url": "http://127.0.0.1:5502/duckduckgo-search?q=site%3Amusic.apple.com%2Falbum+%22Neal+Morse%22+%22Neal+Morse+Plays+Pink+Floyd%22", "query": "site:music.apple.com/album \"Neal Morse\" \"Neal Morse Plays Pink Floyd\"", "result_count": 0, "results": [], "source": "duckduckgo-html"}
2026-09-18 21:08:25,465 [VERBOSE] music_app.services.cover_provider_http: Cover HTTP success service=apple context=artist-search:Various Artists status=200 url=http://127.0.0.1:5502/itunes/search?term=Various+Artists&entity=musicArtist&limit=10 bytes=33
2026-09-18 21:08:26,014 [VERBOSE] music_app.services.cover_provider_http: Cover HTTP success service=apple context=search:Mastodon Crack The Skye Fixture 08 status=200 url=http://127.0.0.1:5502/itunes/search?term=Mastodon+Crack+The+Skye+Fixture+08&entity=album&limit=20 bytes=33
2026-09-18 21:08:26,014 [VERBOSE] music_app.services.cover_refresh_provider: Apple raw search results query='Mastodon Crack The Skye Fixture 08' artist='Mastodon' album='Crack The Skye Fixture 08' year=2009 results=[]
2026-09-18 21:08:26,014 [VERBOSE] music_app.services.cover_refresh_provider: Apple search results query='Mastodon Crack The Skye Fixture 08' count=0 top=[]
2026-09-18 21:08:26,014 [INFO] music_app.services.cover_refresh_provider: {"action": "Apple cover miss", "album": "Crack The Skye Fixture 08", "artist": "Mastodon", "query_mode": "artist+album:native", "raw_result_count": 0, "raw_results_summary": [], "top_candidates": [], "year": 2009}
2026-09-18 21:08:26,043 [VERBOSE] music_app.services.cover_provider_http: Cover HTTP success service=apple context=artist-id-search:Mastodon status=200 url=http://127.0.0.1:5502/itunes/search?term=Mastodon&entity=musicArtist&limit=10 bytes=33
2026-09-18 21:08:26,043 [INFO] music_app.services.cover_refresh_provider: {"action": "Apple artist lookup results", "album": "Crack The Skye Fixture 07", "artist": "Mastodon", "query_artist": "Mastodon", "result_count": 0, "top_results": []}
2026-09-18 21:08:26,101 [VERBOSE] music_app.services.cover_provider_http: Cover HTTP success service=apple-web-discovery context=search:site:music.apple.com/album "Neal Morse" "Neal Morse Plays Pink Floyd":bing status=200 url=http://127.0.0.1:5502/bing-search?q=site%3Amusic.apple.com%2Falbum+%22Neal+Morse%22+%22Neal+Morse+Plays+Pink+Floyd%22 bytes=41
2026-09-18 21:08:26,101 [INFO] music_app.services.cover_refresh_provider: {"action": "Apple album web discovery results", "album": "Neal Morse Plays Pink Floyd", "artist": "Neal Morse", "final_url": "http://127.0.0.1:5502/bing-search?q=site%3Amusic.apple.com%2Falbum+%22Neal+Morse%22+%22Neal+Morse+Plays+Pink+Floyd%22", "query": "site:music.apple.com/album \"Neal Morse\" \"Neal Morse Plays Pink Floyd\"", "result_count": 0, "results": [], "source": "bing"}
2026-09-18 21:08:26,396 [VERBOSE] music_app.services.cover_provider_http: Cover HTTP success service=apple-web-discovery context=search:site:music.apple.com/album "Various Artists" "Mulan":duckduckgo-html status=200 url=http://127.0.0.1:5502/duckduckgo-search?q=site%3Amusic.apple.com%2Falbum+%22Various+Artists%22+%22Mulan%22 bytes=41
2026-09-18 21:08:26,396 [INFO] music_app.services.cover_refresh_provider: {"action": "Apple album web discovery results", "album": "Mulan", "artist": "Various Artists", "final_url": "http://127.0.0.1:5502/duckduckgo-search?q=site%3Amusic.apple.com%2Falbum+%22Various+Artists%22+%22Mulan%22", "query": "site:music.apple.com/album \"Various Artists\" \"Mulan\"", "result_count": 0, "results": [], "source": "duckduckgo-html"}
2026-09-18 21:08:26,619 [VERBOSE] music_app.services.cover_provider_http: Cover HTTP success service=apple context=artist-search:Mastodon status=200 url=http://127.0.0.1:5502/itunes/search?term=Mastodon&entity=musicArtist&limit=10 bytes=33
2026-09-18 21:08:26,668 [VERBOSE] music_app.services.cover_provider_http: Cover HTTP success service=apple context=artist-id-search:Mastodon status=200 url=http://127.0.0.1:5502/itunes/search?term=Mastodon&entity=musicArtist&limit=10 bytes=33
2026-09-18 21:08:26,668 [INFO] music_app.services.cover_refresh_provider: {"action": "Apple artist lookup results", "album": "Crack The Skye Fixture 08", "artist": "Mastodon", "query_artist": "Mastodon", "result_count": 0, "top_results": []}
2026-09-18 21:08:26,755 [VERBOSE] music_app.services.cover_provider_http: Cover HTTP success service=apple-web-discovery context=search:"Neal Morse" "Neal Morse Plays Pink Floyd" "Apple Music":duckduckgo-html status=200 url=http://127.0.0.1:5502/duckduckgo-search?q=%22Neal+Morse%22+%22Neal+Morse+Plays+Pink+Floyd%22+%22Apple+Music%22 bytes=41
2026-09-18 21:08:26,755 [INFO] music_app.services.cover_refresh_provider: {"action": "Apple album web discovery results", "album": "Neal Morse Plays Pink Floyd", "artist": "Neal Morse", "final_url": "http://127.0.0.1:5502/duckduckgo-search?q=%22Neal+Morse%22+%22Neal+Morse+Plays+Pink+Floyd%22+%22Apple+Music%22", "query": "\"Neal Morse\" \"Neal Morse Plays Pink Floyd\" \"Apple Music\"", "result_count": 0, "results": [], "source": "duckduckgo-html"}
2026-09-18 21:08:27,349 [VERBOSE] music_app.services.cover_provider_http: Cover HTTP success service=apple-web-discovery context=search:site:music.apple.com/album "Various Artists" "Mulan":bing status=200 url=http://127.0.0.1:5502/bing-search?q=site%3Amusic.apple.com%2Falbum+%22Various+Artists%22+%22Mulan%22 bytes=41
2026-09-18 21:08:27,349 [INFO] music_app.services.cover_refresh_provider: {"action": "Apple album web discovery results", "album": "Mulan", "artist": "Various Artists", "final_url": "http://127.0.0.1:5502/bing-search?q=site%3Amusic.apple.com%2Falbum+%22Various+Artists%22+%22Mulan%22", "query": "site:music.apple.com/album \"Various Artists\" \"Mulan\"", "result_count": 0, "results": [], "source": "bing"}
2026-09-18 21:08:27,505 [VERBOSE] music_app.services.cover_provider_http: Cover HTTP success service=apple-web-discovery context=search:site:music.apple.com/album "Mastodon" "Crack The Skye Fixture 07":duckduckgo-html status=200 url=http://127.0.0.1:5502/duckduckgo-search?q=site%3Amusic.apple.com%2Falbum+%22Mastodon%22+%22Crack+The+Skye+Fixture+07%22 bytes=41
2026-09-18 21:08:27,505 [INFO] music_app.services.cover_refresh_provider: {"action": "Apple album web discovery results", "album": "Crack The Skye Fixture 07", "artist": "Mastodon", "final_url": "http://127.0.0.1:5502/duckduckgo-search?q=site%3Amusic.apple.com%2Falbum+%22Mastodon%22+%22Crack+The+Skye+Fixture+07%22", "query": "site:music.apple.com/album \"Mastodon\" \"Crack The Skye Fixture 07\"", "result_count": 0, "results": [], "source": "duckduckgo-html"}
2026-09-18 21:08:27,569 [VERBOSE] music_app.services.cover_provider_http: Cover HTTP success service=apple context=artist-search:Mastodon status=200 url=http://127.0.0.1:5502/itunes/search?term=Mastodon&entity=musicArtist&limit=10 bytes=33
2026-09-18 21:08:27,671 [VERBOSE] music_app.services.cover_provider_http: Cover HTTP success service=apple-web-discovery context=search:"Neal Morse" "Neal Morse Plays Pink Floyd" "Apple Music":bing status=200 url=http://127.0.0.1:5502/bing-search?q=%22Neal+Morse%22+%22Neal+Morse+Plays+Pink+Floyd%22+%22Apple+Music%22 bytes=41
2026-09-18 21:08:27,671 [INFO] music_app.services.cover_refresh_provider: {"action": "Apple album web discovery results", "album": "Neal Morse Plays Pink Floyd", "artist": "Neal Morse", "final_url": "http://127.0.0.1:5502/bing-search?q=%22Neal+Morse%22+%22Neal+Morse+Plays+Pink+Floyd%22+%22Apple+Music%22", "query": "\"Neal Morse\" \"Neal Morse Plays Pink Floyd\" \"Apple Music\"", "result_count": 0, "results": [], "source": "bing"}
2026-09-18 21:08:28,101 [VERBOSE] music_app.services.cover_provider_http: Cover HTTP success service=apple-web-discovery context=search:"Various Artists" "Mulan" "Apple Music":duckduckgo-html status=200 url=http://127.0.0.1:5502/duckduckgo-search?q=%22Various+Artists%22+%22Mulan%22+%22Apple+Music%22 bytes=41
2026-09-18 21:08:28,102 [INFO] music_app.services.cover_refresh_provider: {"action": "Apple album web discovery results", "album": "Mulan", "artist": "Various Artists", "final_url": "http://127.0.0.1:5502/duckduckgo-search?q=%22Various+Artists%22+%22Mulan%22+%22Apple+Music%22", "query": "\"Various Artists\" \"Mulan\" \"Apple Music\"", "result_count": 0, "results": [], "source": "duckduckgo-html"}
2026-09-18 21:08:28,209 [VERBOSE] music_app.services.cover_provider_http: Cover HTTP success service=apple-web-discovery context=search:site:music.apple.com/album "Mastodon" "Crack The Skye Fixture 07":bing status=200 url=http://127.0.0.1:5502/bing-search?q=site%3Amusic.apple.com%2Falbum+%22Mastodon%22+%22Crack+The+Skye+Fixture+07%22 bytes=41
2026-09-18 21:08:28,209 [INFO] music_app.services.cover_refresh_provider: {"action": "Apple album web discovery results", "album": "Crack The Skye Fixture 07", "artist": "Mastodon", "final_url": "http://127.0.0.1:5502/bing-search?q=site%3Amusic.apple.com%2Falbum+%22Mastodon%22+%22Crack+The+Skye+Fixture+07%22", "query": "site:music.apple.com/album \"Mastodon\" \"Crack The Skye Fixture 07\"", "result_count": 0, "results": [], "source": "bing"}
2026-09-18 21:08:28,255 [VERBOSE] music_app.services.cover_provider_http: Cover HTTP success service=apple-web-discovery context=search:site:music.apple.com/album "Mastodon" "Crack The Skye Fixture 08":duckduckgo-html status=200 url=http://127.0.0.1:5502/duckduckgo-search?q=site%3Amusic.apple.com%2Falbum+%22Mastodon%22+%22Crack+The+Skye+Fixture+08%22 bytes=41
2026-09-18 21:08:28,255 [INFO] music_app.services.cover_refresh_provider: {"action": "Apple album web discovery results", "album": "Crack The Skye Fixture 08", "artist": "Mastodon", "final_url": "http://127.0.0.1:5502/duckduckgo-search?q=site%3Amusic.apple.com%2Falbum+%22Mastodon%22+%22Crack+The+Skye+Fixture+08%22", "query": "site:music.apple.com/album \"Mastodon\" \"Crack The Skye Fixture 08\"", "result_count": 0, "results": [], "source": "duckduckgo-html"}
2026-09-18 21:08:28,605 [VERBOSE] music_app.services.cover_provider_http: Cover HTTP success service=apple-web-discovery context=search:site:music.apple.com/album "Neal Morse Plays Pink Floyd":duckduckgo-html status=200 url=http://127.0.0.1:5502/duckduckgo-search?q=site%3Amusic.apple.com%2Falbum+%22Neal+Morse+Plays+Pink+Floyd%22 bytes=41
2026-09-18 21:08:28,605 [INFO] music_app.services.cover_refresh_provider: {"action": "Apple album web discovery results", "album": "Neal Morse Plays Pink Floyd", "artist": "Neal Morse", "final_url": "http://127.0.0.1:5502/duckduckgo-search?q=site%3Amusic.apple.com%2Falbum+%22Neal+Morse+Plays+Pink+Floyd%22", "query": "site:music.apple.com/album \"Neal Morse Plays Pink Floyd\"", "result_count": 0, "results": [], "source": "duckduckgo-html"}
2026-09-18 21:08:29,130 [VERBOSE] music_app.services.cover_provider_http: Cover HTTP success service=apple-web-discovery context=search:"Various Artists" "Mulan" "Apple Music":bing status=200 url=http://127.0.0.1:5502/bing-search?q=%22Various+Artists%22+%22Mulan%22+%22Apple+Music%22 bytes=41
2026-09-18 21:08:29,130 [INFO] music_app.services.cover_refresh_provider: {"action": "Apple album web discovery results", "album": "Mulan", "artist": "Various Artists", "final_url": "http://127.0.0.1:5502/bing-search?q=%22Various+Artists%22+%22Mulan%22+%22Apple+Music%22", "query": "\"Various Artists\" \"Mulan\" \"Apple Music\"", "result_count": 0, "results": [], "source": "bing"}
2026-09-18 21:08:29,164 [VERBOSE] music_app.services.cover_provider_http: Cover HTTP success service=apple-web-discovery context=search:site:music.apple.com/album "Mastodon" "Crack The Skye Fixture 08":bing status=200 url=http://127.0.0.1:5502/bing-search?q=site%3Amusic.apple.com%2Falbum+%22Mastodon%22+%22Crack+The+Skye+Fixture+08%22 bytes=41
2026-09-18 21:08:29,165 [INFO] music_app.services.cover_refresh_provider: {"action": "Apple album web discovery results", "album": "Crack The Skye Fixture 08", "artist": "Mastodon", "final_url": "http://127.0.0.1:5502/bing-search?q=site%3Amusic.apple.com%2Falbum+%22Mastodon%22+%22Crack+The+Skye+Fixture+08%22", "query": "site:music.apple.com/album \"Mastodon\" \"Crack The Skye Fixture 08\"", "result_count": 0, "results": [], "source": "bing"}
2026-09-18 21:08:29,220 [VERBOSE] music_app.services.cover_provider_http: Cover HTTP success service=apple-web-discovery context=search:"Mastodon" "Crack The Skye Fixture 07" "Apple Music":duckduckgo-html status=200 url=http://127.0.0.1:5502/duckduckgo-search?q=%22Mastodon%22+%22Crack+The+Skye+Fixture+07%22+%22Apple+Music%22 bytes=41
2026-09-18 21:08:29,221 [INFO] music_app.services.cover_refresh_provider: {"action": "Apple album web discovery results", "album": "Crack The Skye Fixture 07", "artist": "Mastodon", "final_url": "http://127.0.0.1:5502/duckduckgo-search?q=%22Mastodon%22+%22Crack+The+Skye+Fixture+07%22+%22Apple+Music%22", "query": "\"Mastodon\" \"Crack The Skye Fixture 07\" \"Apple Music\"", "result_count": 0, "results": [], "source": "duckduckgo-html"}
2026-09-18 21:08:29,396 [VERBOSE] music_app.services.cover_provider_http: Cover HTTP success service=apple-web-discovery context=search:site:music.apple.com/album "Neal Morse Plays Pink Floyd":bing status=200 url=http://127.0.0.1:5502/bing-search?q=site%3Amusic.apple.com%2Falbum+%22Neal+Morse+Plays+Pink+Floyd%22 bytes=41
2026-09-18 21:08:29,396 [INFO] music_app.services.cover_refresh_provider: {"action": "Apple album web discovery results", "album": "Neal Morse Plays Pink Floyd", "artist": "Neal Morse", "final_url": "http://127.0.0.1:5502/bing-search?q=site%3Amusic.apple.com%2Falbum+%22Neal+Morse+Plays+Pink+Floyd%22", "query": "site:music.apple.com/album \"Neal Morse Plays Pink Floyd\"", "result_count": 0, "results": [], "source": "bing"}
2026-09-18 21:08:29,943 [VERBOSE] music_app.services.cover_provider_http: Cover HTTP success service=apple-web-discovery context=search:site:music.apple.com/album "Mulan":duckduckgo-html status=200 url=http://127.0.0.1:5502/duckduckgo-search?q=site%3Amusic.apple.com%2Falbum+%22Mulan%22 bytes=41
2026-09-18 21:08:29,943 [INFO] music_app.services.cover_refresh_provider: {"action": "Apple album web discovery results", "album": "Mulan", "artist": "Various Artists", "final_url": "http://127.0.0.1:5502/duckduckgo-search?q=site%3Amusic.apple.com%2Falbum+%22Mulan%22", "query": "site:music.apple.com/album \"Mulan\"", "result_count": 0, "results": [], "source": "duckduckgo-html"}
2026-09-18 21:08:30,101 [VERBOSE] music_app.services.cover_provider_http: Cover HTTP success service=apple-web-discovery context=search:"Mastodon" "Crack The Skye Fixture 07" "Apple Music":bing status=200 url=http://127.0.0.1:5502/bing-search?q=%22Mastodon%22+%22Crack+The+Skye+Fixture+07%22+%22Apple+Music%22 bytes=41
2026-09-18 21:08:30,101 [INFO] music_app.services.cover_refresh_provider: {"action": "Apple album web discovery results", "album": "Crack The Skye Fixture 07", "artist": "Mastodon", "final_url": "http://127.0.0.1:5502/bing-search?q=%22Mastodon%22+%22Crack+The+Skye+Fixture+07%22+%22Apple+Music%22", "query": "\"Mastodon\" \"Crack The Skye Fixture 07\" \"Apple Music\"", "result_count": 0, "results": [], "source": "bing"}
2026-09-18 21:08:30,166 [VERBOSE] music_app.services.cover_provider_http: Cover HTTP success service=apple-web-discovery context=search:"Mastodon" "Crack The Skye Fixture 08" "Apple Music":duckduckgo-html status=200 url=http://127.0.0.1:5502/duckduckgo-search?q=%22Mastodon%22+%22Crack+The+Skye+Fixture+08%22+%22Apple+Music%22 bytes=41
2026-09-18 21:08:30,166 [INFO] music_app.services.cover_refresh_provider: {"action": "Apple album web discovery results", "album": "Crack The Skye Fixture 08", "artist": "Mastodon", "final_url": "http://127.0.0.1:5502/duckduckgo-search?q=%22Mastodon%22+%22Crack+The+Skye+Fixture+08%22+%22Apple+Music%22", "query": "\"Mastodon\" \"Crack The Skye Fixture 08\" \"Apple Music\"", "result_count": 0, "results": [], "source": "duckduckgo-html"}
2026-09-18 21:08:30,283 [VERBOSE] music_app.services.cover_provider_http: Cover HTTP success service=apple-web-discovery context=search:"Neal Morse Plays Pink Floyd" "Apple Music" 2023:duckduckgo-html status=200 url=http://127.0.0.1:5502/duckduckgo-search?q=%22Neal+Morse+Plays+Pink+Floyd%22+%22Apple+Music%22+2023 bytes=41
2026-09-18 21:08:30,283 [INFO] music_app.services.cover_refresh_provider: {"action": "Apple album web discovery results", "album": "Neal Morse Plays Pink Floyd", "artist": "Neal Morse", "final_url": "http://127.0.0.1:5502/duckduckgo-search?q=%22Neal+Morse+Plays+Pink+Floyd%22+%22Apple+Music%22+2023", "query": "\"Neal Morse Plays Pink Floyd\" \"Apple Music\" 2023", "result_count": 0, "results": [], "source": "duckduckgo-html"}
2026-09-18 21:08:30,789 [VERBOSE] music_app.services.cover_provider_http: Cover HTTP success service=apple-web-discovery context=search:site:music.apple.com/album "Mulan":bing status=200 url=http://127.0.0.1:5502/bing-search?q=site%3Amusic.apple.com%2Falbum+%22Mulan%22 bytes=41
2026-09-18 21:08:30,789 [INFO] music_app.services.cover_refresh_provider: {"action": "Apple album web discovery results", "album": "Mulan", "artist": "Various Artists", "final_url": "http://127.0.0.1:5502/bing-search?q=site%3Amusic.apple.com%2Falbum+%22Mulan%22", "query": "site:music.apple.com/album \"Mulan\"", "result_count": 0, "results": [], "source": "bing"}
2026-09-18 21:08:30,873 [VERBOSE] music_app.services.cover_provider_http: Cover HTTP success service=apple-web-discovery context=search:site:music.apple.com/album "Crack The Skye Fixture 07":duckduckgo-html status=200 url=http://127.0.0.1:5502/duckduckgo-search?q=site%3Amusic.apple.com%2Falbum+%22Crack+The+Skye+Fixture+07%22 bytes=41
2026-09-18 21:08:30,873 [INFO] music_app.services.cover_refresh_provider: {"action": "Apple album web discovery results", "album": "Crack The Skye Fixture 07", "artist": "Mastodon", "final_url": "http://127.0.0.1:5502/duckduckgo-search?q=site%3Amusic.apple.com%2Falbum+%22Crack+The+Skye+Fixture+07%22", "query": "site:music.apple.com/album \"Crack The Skye Fixture 07\"", "result_count": 0, "results": [], "source": "duckduckgo-html"}
2026-09-18 21:08:31,039 [VERBOSE] music_app.services.cover_provider_http: Cover HTTP success service=apple-web-discovery context=search:"Mastodon" "Crack The Skye Fixture 08" "Apple Music":bing status=200 url=http://127.0.0.1:5502/bing-search?q=%22Mastodon%22+%22Crack+The+Skye+Fixture+08%22+%22Apple+Music%22 bytes=41
2026-09-18 21:08:31,039 [INFO] music_app.services.cover_refresh_provider: {"action": "Apple album web discovery results", "album": "Crack The Skye Fixture 08", "artist": "Mastodon", "final_url": "http://127.0.0.1:5502/bing-search?q=%22Mastodon%22+%22Crack+The+Skye+Fixture+08%22+%22Apple+Music%22", "query": "\"Mastodon\" \"Crack The Skye Fixture 08\" \"Apple Music\"", "result_count": 0, "results": [], "source": "bing"}
2026-09-18 21:08:31,107 [VERBOSE] music_app.services.cover_provider_http: Cover HTTP success service=apple-web-discovery context=search:"Neal Morse Plays Pink Floyd" "Apple Music" 2023:bing status=200 url=http://127.0.0.1:5502/bing-search?q=%22Neal+Morse+Plays+Pink+Floyd%22+%22Apple+Music%22+2023 bytes=41
2026-09-18 21:08:31,107 [INFO] music_app.services.cover_refresh_provider: {"action": "Apple album web discovery results", "album": "Neal Morse Plays Pink Floyd", "artist": "Neal Morse", "final_url": "http://127.0.0.1:5502/bing-search?q=%22Neal+Morse+Plays+Pink+Floyd%22+%22Apple+Music%22+2023", "query": "\"Neal Morse Plays Pink Floyd\" \"Apple Music\" 2023", "result_count": 0, "results": [], "source": "bing"}
2026-09-18 21:08:31,911 [VERBOSE] music_app.services.cover_provider_http: Cover HTTP success service=apple-web-discovery context=search:"Mulan" "Apple Music" 1998:duckduckgo-html status=200 url=http://127.0.0.1:5502/duckduckgo-search?q=%22Mulan%22+%22Apple+Music%22+1998 bytes=41
2026-09-18 21:08:31,911 [INFO] music_app.services.cover_refresh_provider: {"action": "Apple album web discovery results", "album": "Mulan", "artist": "Various Artists", "final_url": "http://127.0.0.1:5502/duckduckgo-search?q=%22Mulan%22+%22Apple+Music%22+1998", "query": "\"Mulan\" \"Apple Music\" 1998", "result_count": 0, "results": [], "source": "duckduckgo-html"}
2026-09-18 21:08:32,010 [VERBOSE] music_app.services.cover_provider_http: Cover HTTP success service=apple-web-discovery context=search:site:music.apple.com/album "Crack The Skye Fixture 07":bing status=200 url=http://127.0.0.1:5502/bing-search?q=site%3Amusic.apple.com%2Falbum+%22Crack+The+Skye+Fixture+07%22 bytes=41
2026-09-18 21:08:32,010 [INFO] music_app.services.cover_refresh_provider: {"action": "Apple album web discovery results", "album": "Crack The Skye Fixture 07", "artist": "Mastodon", "final_url": "http://127.0.0.1:5502/bing-search?q=site%3Amusic.apple.com%2Falbum+%22Crack+The+Skye+Fixture+07%22", "query": "site:music.apple.com/album \"Crack The Skye Fixture 07\"", "result_count": 0, "results": [], "source": "bing"}
2026-09-18 21:08:32,076 [VERBOSE] music_app.services.cover_provider_http: Cover HTTP success service=apple context=search:Neal Morse Neal Morse Plays Pink Floyd status=200 url=http://127.0.0.1:5502/itunes/search?term=Neal+Morse+Neal+Morse+Plays+Pink+Floyd&entity=album&limit=20 bytes=33
2026-09-18 21:08:32,078 [VERBOSE] music_app.services.cover_refresh_provider: Apple raw search results query='Neal Morse Neal Morse Plays Pink Floyd' artist='Neal Morse' album='Neal Morse Plays Pink Floyd' year=2023 results=[]
2026-09-18 21:08:32,078 [VERBOSE] music_app.services.cover_refresh_provider: Apple search results query='Neal Morse Neal Morse Plays Pink Floyd' count=0 top=[]
2026-09-18 21:08:32,084 [INFO] music_app.services.cover_refresh_provider: {"action": "Apple cover miss", "album": "Neal Morse Plays Pink Floyd", "artist": "Neal Morse", "query_mode": "artist+album:native", "raw_result_count": 0, "raw_results_summary": [], "top_candidates": [], "year": 2023}
2026-09-18 21:08:32,129 [VERBOSE] music_app.services.cover_provider_http: Cover HTTP success service=apple-web-discovery context=search:site:music.apple.com/album "Crack The Skye Fixture 08":duckduckgo-html status=200 url=http://127.0.0.1:5502/duckduckgo-search?q=site%3Amusic.apple.com%2Falbum+%22Crack+The+Skye+Fixture+08%22 bytes=41
2026-09-18 21:08:32,129 [INFO] music_app.services.cover_refresh_provider: {"action": "Apple album web discovery results", "album": "Crack The Skye Fixture 08", "artist": "Mastodon", "final_url": "http://127.0.0.1:5502/duckduckgo-search?q=site%3Amusic.apple.com%2Falbum+%22Crack+The+Skye+Fixture+08%22", "query": "site:music.apple.com/album \"Crack The Skye Fixture 08\"", "result_count": 0, "results": [], "source": "duckduckgo-html"}
2026-09-18 21:08:32,503 [VERBOSE] music_app.services.cover_provider_http: Cover HTTP success service=apple-web-discovery context=search:"Mulan" "Apple Music" 1998:bing status=200 url=http://127.0.0.1:5502/bing-search?q=%22Mulan%22+%22Apple+Music%22+1998 bytes=41
2026-09-18 21:08:32,503 [INFO] music_app.services.cover_refresh_provider: {"action": "Apple album web discovery results", "album": "Mulan", "artist": "Various Artists", "final_url": "http://127.0.0.1:5502/bing-search?q=%22Mulan%22+%22Apple+Music%22+1998", "query": "\"Mulan\" \"Apple Music\" 1998", "result_count": 0, "results": [], "source": "bing"}
2026-09-18 21:08:32,894 [VERBOSE] music_app.services.cover_provider_http: Cover HTTP success service=apple-web-discovery context=search:"Crack The Skye Fixture 07" "Apple Music" 2009:duckduckgo-html status=200 url=http://127.0.0.1:5502/duckduckgo-search?q=%22Crack+The+Skye+Fixture+07%22+%22Apple+Music%22+2009 bytes=41
2026-09-18 21:08:32,894 [INFO] music_app.services.cover_refresh_provider: {"action": "Apple album web discovery results", "album": "Crack The Skye Fixture 07", "artist": "Mastodon", "final_url": "http://127.0.0.1:5502/duckduckgo-search?q=%22Crack+The+Skye+Fixture+07%22+%22Apple+Music%22+2009", "query": "\"Crack The Skye Fixture 07\" \"Apple Music\" 2009", "result_count": 0, "results": [], "source": "duckduckgo-html"}
2026-09-18 21:08:33,028 [VERBOSE] music_app.services.cover_provider_http: Cover HTTP success service=apple-web-discovery context=search:site:music.apple.com/album "Crack The Skye Fixture 08":bing status=200 url=http://127.0.0.1:5502/bing-search?q=site%3Amusic.apple.com%2Falbum+%22Crack+The+Skye+Fixture+08%22 bytes=41
2026-09-18 21:08:33,028 [INFO] music_app.services.cover_refresh_provider: {"action": "Apple album web discovery results", "album": "Crack The Skye Fixture 08", "artist": "Mastodon", "final_url": "http://127.0.0.1:5502/bing-search?q=site%3Amusic.apple.com%2Falbum+%22Crack+The+Skye+Fixture+08%22", "query": "site:music.apple.com/album \"Crack The Skye Fixture 08\"", "result_count": 0, "results": [], "source": "bing"}
2026-09-18 21:08:33,076 [VERBOSE] music_app.services.cover_provider_http: Cover HTTP success service=apple context=artist-id-search:Neal Morse status=200 url=http://127.0.0.1:5502/itunes/search?term=Neal+Morse&entity=musicArtist&limit=10 bytes=33
2026-09-18 21:08:33,076 [INFO] music_app.services.cover_refresh_provider: {"action": "Apple artist lookup results", "album": "Neal Morse Plays Pink Floyd", "artist": "Neal Morse", "query_artist": "Neal Morse", "result_count": 0, "top_results": []}
2026-09-18 21:08:33,400 [VERBOSE] music_app.services.cover_provider_http: Cover HTTP success service=apple context=search:Various Artists Mulan status=200 url=http://127.0.0.1:5502/itunes/search?term=Various+Artists+Mulan&entity=album&limit=20 bytes=33
2026-09-18 21:08:33,400 [VERBOSE] music_app.services.cover_refresh_provider: Apple raw search results query='Various Artists Mulan' artist='Various Artists' album='Mulan' year=1998 results=[]
2026-09-18 21:08:33,400 [VERBOSE] music_app.services.cover_refresh_provider: Apple search results query='Various Artists Mulan' count=0 top=[]
2026-09-18 21:08:33,400 [INFO] music_app.services.cover_refresh_provider: {"action": "Apple cover miss", "album": "Mulan", "artist": "Various Artists", "query_mode": "artist+album:native", "raw_result_count": 0, "raw_results_summary": [], "top_candidates": [], "year": 1998}
2026-09-18 21:08:33,727 [VERBOSE] music_app.services.cover_provider_http: Cover HTTP success service=apple-web-discovery context=search:"Crack The Skye Fixture 07" "Apple Music" 2009:bing status=200 url=http://127.0.0.1:5502/bing-search?q=%22Crack+The+Skye+Fixture+07%22+%22Apple+Music%22+2009 bytes=41
2026-09-18 21:08:33,727 [INFO] music_app.services.cover_refresh_provider: {"action": "Apple album web discovery results", "album": "Crack The Skye Fixture 07", "artist": "Mastodon", "final_url": "http://127.0.0.1:5502/bing-search?q=%22Crack+The+Skye+Fixture+07%22+%22Apple+Music%22+2009", "query": "\"Crack The Skye Fixture 07\" \"Apple Music\" 2009", "result_count": 0, "results": [], "source": "bing"}
2026-09-18 21:08:33,728 [VERBOSE] music_app: Cover fetch processed artist='Mastodon' album='Crack The Skye Fixture 07' folder='D:\\a\\_temp\\album-haven-e2e-functional-fixtures-playback-utilities\\shared\\media\\Mastodon\\Crack The Skye Fixture 07' downloaded=False has_cover=False
2026-09-18 21:08:33,728 [WARNING] music_app: {"action": "Cover art update failed", "album": "Crack The Skye Fixture 07", "artist": "Mastodon", "elapsed_ms": 20002.56, "folder": "D:\\a\\_temp\\album-haven-e2e-functional-fixtures-playback-utilities\\shared\\media\\Mastodon\\Crack The Skye Fixture 07", "force_search": false, "reason": "remote_search_returned_no_candidate", "resolver_trace": [{"apple_http_trace": [{"context": "search:Mastodon Crack The Skye Fixture 07 2009", "elapsed_ms": 714.27, "status": "success:200"}, {"context": "artist-id-search:Mastodon", "elapsed_ms": 858.61, "status": "success:200"}, {"context": "artist-search:Mastodon", "elapsed_ms": 882.57, "status": "success:200"}, {"context": "search:Mastodon Crack The Skye Fixture 07", "elapsed_ms": 956.08, "status": "success:200"}, {"context": "artist-id-search:Mastodon", "elapsed_ms": 1025.75, "status": "success:200"}, {"context": "artist-search:Mastodon", "elapsed_ms": 575.38, "status": "success:200"}], "elapsed_ms": 20000.1, "resolver": "_search_apple", "status": "no_candidate"}], "status": "missing_cover_art"}
2026-09-18 21:08:33,729 [INFO] music_app: {"action": "Cover fetch slow", "album": "Crack The Skye Fixture 07", "artist": "Mastodon", "downloaded": false, "elapsed_ms": 20002.56, "folder": "D:\\a\\_temp\\album-haven-e2e-functional-fixtures-playback-utilities\\shared\\media\\Mastodon\\Crack The Skye Fixture 07", "force_search": false, "has_cover": false, "reason": "remote_search_returned_no_candidate", "resolver_trace": [{"apple_http_trace": [{"context": "search:Mastodon Crack The Skye Fixture 07 2009", "elapsed_ms": 714.27, "status": "success:200"}, {"context": "artist-id-search:Mastodon", "elapsed_ms": 858.61, "status": "success:200"}, {"context": "artist-search:Mastodon", "elapsed_ms": 882.57, "status": "success:200"}, {"context": "search:Mastodon Crack The Skye Fixture 07", "elapsed_ms": 956.08, "status": "success:200"}, {"context": "artist-id-search:Mastodon", "elapsed_ms": 1025.75, "status": "success:200"}, {"context": "artist-search:Mastodon", "elapsed_ms": 575.38, "status": "success:200"}], "elapsed_ms": 20000.1, "resolver": "_search_apple", "status": "no_candidate"}]}
2026-09-18 21:08:33,816 [VERBOSE] music_app.services.cover_provider_http: Cover HTTP success service=apple context=artist-search:Neal Morse status=200 url=http://127.0.0.1:5502/itunes/search?term=Neal+Morse&entity=musicArtist&limit=10 bytes=33
2026-09-18 21:08:33,881 [VERBOSE] music_app.services.cover_provider_http: Cover HTTP success service=apple-web-discovery context=search:"Crack The Skye Fixture 08" "Apple Music" 2009:duckduckgo-html status=200 url=http://127.0.0.1:5502/duckduckgo-search?q=%22Crack+The+Skye+Fixture+08%22+%22Apple+Music%22+2009 bytes=41
2026-09-18 21:08:33,883 [INFO] music_app.services.cover_refresh_provider: {"action": "Apple album web discovery results", "album": "Crack The Skye Fixture 08", "artist": "Mastodon", "final_url": "http://127.0.0.1:5502/duckduckgo-search?q=%22Crack+The+Skye+Fixture+08%22+%22Apple+Music%22+2009", "query": "\"Crack The Skye Fixture 08\" \"Apple Music\" 2009", "result_count": 0, "results": [], "source": "duckduckgo-html"}
2026-09-18 21:08:34,556 [VERBOSE] music_app.services.cover_provider_http: Cover HTTP success service=apple context=artist-id-search:Various Artists status=200 url=http://127.0.0.1:5502/itunes/search?term=Various+Artists&entity=musicArtist&limit=10 bytes=33
2026-09-18 21:08:34,557 [INFO] music_app.services.cover_refresh_provider: {"action": "Apple artist lookup results", "album": "Mulan", "artist": "Various Artists", "query_artist": "Various Artists", "result_count": 0, "top_results": []}
2026-09-18 21:08:34,953 [VERBOSE] music_app.services.cover_provider_http: Cover HTTP success service=apple context=search:\u0414\u0414\u0422 \u0421\u0442\u0443\u0434\u0438\u0439\u043d\u044b\u0435 \u0437\u0430\u043f\u0438\u0441\u0438 1990 status=200 url=http://127.0.0.1:5502/itunes/search?term=%D0%94%D0%94%D0%A2+%D0%A1%D1%82%D1%83%D0%B4%D0%B8%D0%B9%D0%BD%D1%8B%D0%B5+%D0%B7%D0%B0%D0%BF%D0%B8%D1%81%D0%B8+1990&entity=album&limit=20 bytes=33
2026-09-18 21:08:34,955 [VERBOSE] music_app.services.cover_refresh_provider: Apple raw search results query='\u0414\u0414\u0422 \u0421\u0442\u0443\u0434\u0438\u0439\u043d\u044b\u0435 \u0437\u0430\u043f\u0438\u0441\u0438 1990' artist='\u0414\u0414\u0422' album='\u0421\u0442\u0443\u0434\u0438\u0439\u043d\u044b\u0435 \u0437\u0430\u043f\u0438\u0441\u0438' year=1990 results=[]
2026-09-18 21:08:34,955 [VERBOSE] music_app.services.cover_refresh_provider: Apple search results query='\u0414\u0414\u0422 \u0421\u0442\u0443\u0434\u0438\u0439\u043d\u044b\u0435 \u0437\u0430\u043f\u0438\u0441\u0438 1990' count=0 top=[]
2026-09-18 21:08:34,955 [INFO] music_app.services.cover_refresh_provider: {"action": "Apple cover miss", "album": "\u0421\u0442\u0443\u0434\u0438\u0439\u043d\u044b\u0435 \u0437\u0430\u043f\u0438\u0441\u0438", "artist": "\u0414\u0414\u0422", "query_mode": "artist+album+year:native", "raw_result_count": 0, "raw_results_summary": [], "top_candidates": [], "year": 1990}
2026-09-18 21:08:35,109 [VERBOSE] music_app.services.cover_provider_http: Cover HTTP success service=apple-web-discovery context=search:site:music.apple.com/album "Neal Morse" "Neal Morse Plays Pink Floyd":duckduckgo-html status=200 url=http://127.0.0.1:5502/duckduckgo-search?q=site%3Amusic.apple.com%2Falbum+%22Neal+Morse%22+%22Neal+Morse+Plays+Pink+Floyd%22 bytes=41
2026-09-18 21:08:35,111 [INFO] music_app.services.cover_refresh_provider: {"action": "Apple album web discovery results", "album": "Neal Morse Plays Pink Floyd", "artist": "Neal Morse", "final_url": "http://127.0.0.1:5502/duckduckgo-search?q=site%3Amusic.apple.com%2Falbum+%22Neal+Morse%22+%22Neal+Morse+Plays+Pink+Floyd%22", "query": "site:music.apple.com/album \"Neal Morse\" \"Neal Morse Plays Pink Floyd\"", "result_count": 0, "results": [], "source": "duckduckgo-html"}
2026-09-18 21:08:35,200 [VERBOSE] music_app.services.cover_provider_http: Cover HTTP success service=apple-web-discovery context=search:"Crack The Skye Fixture 08" "Apple Music" 2009:bing status=200 url=http://127.0.0.1:5502/bing-search?q=%22Crack+The+Skye+Fixture+08%22+%22Apple+Music%22+2009 bytes=41
2026-09-18 21:08:35,200 [INFO] music_app.services.cover_refresh_provider: {"action": "Apple album web discovery results", "album": "Crack The Skye Fixture 08", "artist": "Mastodon", "final_url": "http://127.0.0.1:5502/bing-search?q=%22Crack+The+Skye+Fixture+08%22+%22Apple+Music%22+2009", "query": "\"Crack The Skye Fixture 08\" \"Apple Music\" 2009", "result_count": 0, "results": [], "source": "bing"}
2026-09-18 21:08:35,200 [VERBOSE] music_app: Cover fetch processed artist='Mastodon' album='Crack The Skye Fixture 08' folder='D:\\a\\_temp\\album-haven-e2e-functional-fixtures-playback-utilities\\shared\\media\\Mastodon\\Crack The Skye Fixture 08' downloaded=False has_cover=False
2026-09-18 21:08:35,200 [WARNING] music_app: {"action": "Cover art update failed", "album": "Crack The Skye Fixture 08", "artist": "Mastodon", "elapsed_ms": 20627.93, "folder": "D:\\a\\_temp\\album-haven-e2e-functional-fixtures-playback-utilities\\shared\\media\\Mastodon\\Crack The Skye Fixture 08", "force_search": false, "reason": "remote_search_returned_no_candidate", "resolver_trace": [{"apple_http_trace": [{"context": "search:Mastodon Crack The Skye Fixture 08 2009", "elapsed_ms": 1002.28, "status": "success:200"}, {"context": "artist-id-search:Mastodon", "elapsed_ms": 1119.38, "status": "success:200"}, {"context": "artist-search:Mastodon", "elapsed_ms": 1196.26, "status": "success:200"}, {"context": "search:Mastodon Crack The Skye Fixture 08", "elapsed_ms": 1042.03, "status": "success:200"}, {"context": "artist-id-search:Mastodon", "elapsed_ms": 653.98, "status": "success:200"}, {"context": "artist-search:Mastodon", "elapsed_ms": 900.19, "status": "success:200"}], "elapsed_ms": 20624.72, "resolver": "_search_apple", "status": "no_candidate"}], "status": "missing_cover_art"}
2026-09-18 21:08:35,200 [INFO] music_app: {"action": "Cover fetch slow", "album": "Crack The Skye Fixture 08", "artist": "Mastodon", "downloaded": false, "elapsed_ms": 20627.93, "folder": "D:\\a\\_temp\\album-haven-e2e-functional-fixtures-playback-utilities\\shared\\media\\Mastodon\\Crack The Skye Fixture 08", "force_search": false, "has_cover": false, "reason": "remote_search_returned_no_candidate", "resolver_trace": [{"apple_http_trace": [{"context": "search:Mastodon Crack The Skye Fixture 08 2009", "elapsed_ms": 1002.28, "status": "success:200"}, {"context": "artist-id-search:Mastodon", "elapsed_ms": 1119.38, "status": "success:200"}, {"context": "artist-search:Mastodon", "elapsed_ms": 1196.26, "status": "success:200"}, {"context": "search:Mastodon Crack The Skye Fixture 08", "elapsed_ms": 1042.03, "status": "success:200"}, {"context": "artist-id-search:Mastodon", "elapsed_ms": 653.98, "status": "success:200"}, {"context": "artist-search:Mastodon", "elapsed_ms": 900.19, "status": "success:200"}], "elapsed_ms": 20624.72, "resolver": "_search_apple", "status": "no_candidate"}]}
2026-09-18 21:08:35,521 [VERBOSE] music_app.services.cover_provider_http: Cover HTTP success service=apple context=artist-search:Various Artists status=200 url=http://127.0.0.1:5502/itunes/search?term=Various+Artists&entity=musicArtist&limit=10 bytes=33
2026-09-18 21:08:35,677 [VERBOSE] music_app.services.cover_provider_http: Cover HTTP success service=apple context=artist-id-search:\u0414\u0414\u0422 status=200 url=http://127.0.0.1:5502/itunes/search?term=%D0%94%D0%94%D0%A2&entity=musicArtist&limit=10 bytes=33
2026-09-18 21:08:35,677 [INFO] music_app.services.cover_refresh_provider: {"action": "Apple artist lookup results", "album": "\u0421\u0442\u0443\u0434\u0438\u0439\u043d\u044b\u0435 \u0437\u0430\u043f\u0438\u0441\u0438", "artist": "\u0414\u0414\u0422", "query_artist": "\u0414\u0414\u0422", "result_count": 0, "top_results": []}
2026-09-18 21:08:35,786 [VERBOSE] music_app.services.cover_provider_http: Cover HTTP success service=apple-web-discovery context=search:site:music.apple.com/album "Neal Morse" "Neal Morse Plays Pink Floyd":bing status=200 url=http://127.0.0.1:5502/bing-search?q=site%3Amusic.apple.com%2Falbum+%22Neal+Morse%22+%22Neal+Morse+Plays+Pink+Floyd%22 bytes=41
2026-09-18 21:08:35,786 [INFO] music_app.services.cover_refresh_provider: {"action": "Apple album web discovery results", "album": "Neal Morse Plays Pink Floyd", "artist": "Neal Morse", "final_url": "http://127.0.0.1:5502/bing-search?q=site%3Amusic.apple.com%2Falbum+%22Neal+Morse%22+%22Neal+Morse+Plays+Pink+Floyd%22", "query": "site:music.apple.com/album \"Neal Morse\" \"Neal Morse Plays Pink Floyd\"", "result_count": 0, "results": [], "source": "bing"}
2026-09-18 21:08:35,994 [VERBOSE] music_app.services.cover_provider_http: Cover HTTP success service=apple-web-discovery context=search:site:music.apple.com/album "Various Artists" "Mulan":duckduckgo-html status=200 url=http://127.0.0.1:5502/duckduckgo-search?q=site%3Amusic.apple.com%2Falbum+%22Various+Artists%22+%22Mulan%22 bytes=41
2026-09-18 21:08:35,994 [INFO] music_app.services.cover_refresh_provider: {"action": "Apple album web discovery results", "album": "Mulan", "artist": "Various Artists", "final_url": "http://127.0.0.1:5502/duckduckgo-search?q=site%3Amusic.apple.com%2Falbum+%22Various+Artists%22+%22Mulan%22", "query": "site:music.apple.com/album \"Various Artists\" \"Mulan\"", "result_count": 0, "results": [], "source": "duckduckgo-html"}
2026-09-18 21:08:36,138 [VERBOSE] music_app.services.cover_provider_http: Cover HTTP success service=apple context=artist-search:\u0414\u0414\u0422 status=200 url=http://127.0.0.1:5502/itunes/search?term=%D0%94%D0%94%D0%A2&entity=musicArtist&limit=10 bytes=33
2026-09-18 21:08:36,255 [VERBOSE] music_app.services.cover_provider_http: Cover HTTP success service=apple-web-discovery context=search:"Neal Morse" "Neal Morse Plays Pink Floyd" "Apple Music":duckduckgo-html status=200 url=http://127.0.0.1:5502/duckduckgo-search?q=%22Neal+Morse%22+%22Neal+Morse+Plays+Pink+Floyd%22+%22Apple+Music%22 bytes=41
2026-09-18 21:08:36,255 [INFO] music_app.services.cover_refresh_provider: {"action": "Apple album web discovery results", "album": "Neal Morse Plays Pink Floyd", "artist": "Neal Morse", "final_url": "http://127.0.0.1:5502/duckduckgo-search?q=%22Neal+Morse%22+%22Neal+Morse+Plays+Pink+Floyd%22+%22Apple+Music%22", "query": "\"Neal Morse\" \"Neal Morse Plays Pink Floyd\" \"Apple Music\"", "result_count": 0, "results": [], "source": "duckduckgo-html"}
2026-09-18 21:08:36,421 [VERBOSE] music_app.services.cover_provider_http: Cover HTTP success service=apple-web-discovery context=search:site:music.apple.com/album "Various Artists" "Mulan":bing status=200 url=http://127.0.0.1:5502/bing-search?q=site%3Amusic.apple.com%2Falbum+%22Various+Artists%22+%22Mulan%22 bytes=41
2026-09-18 21:08:36,421 [INFO] music_app.services.cover_refresh_provider: {"action": "Apple album web discovery results", "album": "Mulan", "artist": "Various Artists", "final_url": "http://127.0.0.1:5502/bing-search?q=site%3Amusic.apple.com%2Falbum+%22Various+Artists%22+%22Mulan%22", "query": "site:music.apple.com/album \"Various Artists\" \"Mulan\"", "result_count": 0, "results": [], "source": "bing"}
2026-09-18 21:08:36,681 [VERBOSE] music_app.services.cover_provider_http: Cover HTTP success service=apple-web-discovery context=search:site:music.apple.com/album "\u0414\u0414\u0422" "\u0421\u0442\u0443\u0434\u0438\u0439\u043d\u044b\u0435 \u0437\u0430\u043f\u0438\u0441\u0438":duckduckgo-html status=200 url=http://127.0.0.1:5502/duckduckgo-search?q=site%3Amusic.apple.com%2Falbum+%22%D0%94%D0%94%D0%A2%22+%22%D0%A1%D1%82%D1%83%D0%B4%D0%B8%D0%B9%D0%BD%D1%8B%D0%B5+%D0%B7%D0%B0%D0%BF%D0%B8%D1%81%D0%B8%22 bytes=41
2026-09-18 21:08:36,681 [INFO] music_app.services.cover_refresh_provider: {"action": "Apple album web discovery results", "album": "\u0421\u0442\u0443\u0434\u0438\u0439\u043d\u044b\u0435 \u0437\u0430\u043f\u0438\u0441\u0438", "artist": "\u0414\u0414\u0422", "final_url": "http://127.0.0.1:5502/duckduckgo-search?q=site%3Amusic.apple.com%2Falbum+%22%D0%94%D0%94%D0%A2%22+%22%D0%A1%D1%82%D1%83%D0%B4%D0%B8%D0%B9%D0%BD%D1%8B%D0%B5+%D0%B7%D0%B0%D0%BF%D0%B8%D1%81%D0%B8%22", "query": "site:music.apple.com/album \"\u0414\u0414\u0422\" \"\u0421\u0442\u0443\u0434\u0438\u0439\u043d\u044b\u0435 \u0437\u0430\u043f\u0438\u0441\u0438\"", "result_count": 0, "results": [], "source": "duckduckgo-html"}
2026-09-18 21:08:36,915 [VERBOSE] music_app.services.cover_provider_http: Cover HTTP success service=apple-web-discovery context=search:"Neal Morse" "Neal Morse Plays Pink Floyd" "Apple Music":bing status=200 url=http://127.0.0.1:5502/bing-search?q=%22Neal+Morse%22+%22Neal+Morse+Plays+Pink+Floyd%22+%22Apple+Music%22 bytes=41
2026-09-18 21:08:36,915 [INFO] music_app.services.cover_refresh_provider: {"action": "Apple album web discovery results", "album": "Neal Morse Plays Pink Floyd", "artist": "Neal Morse", "final_url": "http://127.0.0.1:5502/bing-search?q=%22Neal+Morse%22+%22Neal+Morse+Plays+Pink+Floyd%22+%22Apple+Music%22", "query": "\"Neal Morse\" \"Neal Morse Plays Pink Floyd\" \"Apple Music\"", "result_count": 0, "results": [], "source": "bing"}
2026-09-18 21:08:37,094 [VERBOSE] music_app.services.cover_provider_http: Cover HTTP success service=apple-web-discovery context=search:"Various Artists" "Mulan" "Apple Music":duckduckgo-html status=200 url=http://127.0.0.1:5502/duckduckgo-search?q=%22Various+Artists%22+%22Mulan%22+%22Apple+Music%22 bytes=41
2026-09-18 21:08:37,096 [INFO] music_app.services.cover_refresh_provider: {"action": "Apple album web discovery results", "album": "Mulan", "artist": "Various Artists", "final_url": "http://127.0.0.1:5502/duckduckgo-search?q=%22Various+Artists%22+%22Mulan%22+%22Apple+Music%22", "query": "\"Various Artists\" \"Mulan\" \"Apple Music\"", "result_count": 0, "results": [], "source": "duckduckgo-html"}
2026-09-18 21:08:37,237 [VERBOSE] music_app.services.cover_provider_http: Cover HTTP success service=apple-web-discovery context=search:site:music.apple.com/album "\u0414\u0414\u0422" "\u0421\u0442\u0443\u0434\u0438\u0439\u043d\u044b\u0435 \u0437\u0430\u043f\u0438\u0441\u0438":bing status=200 url=http://127.0.0.1:5502/bing-search?q=site%3Amusic.apple.com%2Falbum+%22%D0%94%D0%94%D0%A2%22+%22%D0%A1%D1%82%D1%83%D0%B4%D0%B8%D0%B9%D0%BD%D1%8B%D0%B5+%D0%B7%D0%B0%D0%BF%D0%B8%D1%81%D0%B8%22 bytes=41
2026-09-18 21:08:37,237 [INFO] music_app.services.cover_refresh_provider: {"action": "Apple album web discovery results", "album": "\u0421\u0442\u0443\u0434\u0438\u0439\u043d\u044b\u0435 \u0437\u0430\u043f\u0438\u0441\u0438", "artist": "\u0414\u0414\u0422", "final_url": "http://127.0.0.1:5502/bing-search?q=site%3Amusic.apple.com%2Falbum+%22%D0%94%D0%94%D0%A2%22+%22%D0%A1%D1%82%D1%83%D0%B4%D0%B8%D0%B9%D0%BD%D1%8B%D0%B5+%D0%B7%D0%B0%D0%BF%D0%B8%D1%81%D0%B8%22", "query": "site:music.apple.com/album \"\u0414\u0414\u0422\" \"\u0421\u0442\u0443\u0434\u0438\u0439\u043d\u044b\u0435 \u0437\u0430\u043f\u0438\u0441\u0438\"", "result_count": 0, "results": [], "source": "bing"}
2026-09-18 21:08:37,378 [VERBOSE] music_app.services.cover_provider_http: Cover HTTP success service=apple-web-discovery context=search:site:music.apple.com/album "Neal Morse Plays Pink Floyd":duckduckgo-html status=200 url=http://127.0.0.1:5502/duckduckgo-search?q=site%3Amusic.apple.com%2Falbum+%22Neal+Morse+Plays+Pink+Floyd%22 bytes=41
2026-09-18 21:08:37,378 [INFO] music_app.services.cover_refresh_provider: {"action": "Apple album web discovery results", "album": "Neal Morse Plays Pink Floyd", "artist": "Neal Morse", "final_url": "http://127.0.0.1:5502/duckduckgo-search?q=site%3Amusic.apple.com%2Falbum+%22Neal+Morse+Plays+Pink+Floyd%22", "query": "site:music.apple.com/album \"Neal Morse Plays Pink Floyd\"", "result_count": 0, "results": [], "source": "duckduckgo-html"}
2026-09-18 21:08:37,559 [VERBOSE] music_app.services.cover_provider_http: Cover HTTP success service=apple-web-discovery context=search:"Various Artists" "Mulan" "Apple Music":bing status=200 url=http://127.0.0.1:5502/bing-search?q=%22Various+Artists%22+%22Mulan%22+%22Apple+Music%22 bytes=41
2026-09-18 21:08:37,560 [INFO] music_app.services.cover_refresh_provider: {"action": "Apple album web discovery results", "album": "Mulan", "artist": "Various Artists", "final_url": "http://127.0.0.1:5502/bing-search?q=%22Various+Artists%22+%22Mulan%22+%22Apple+Music%22", "query": "\"Various Artists\" \"Mulan\" \"Apple Music\"", "result_count": 0, "results": [], "source": "bing"}
2026-09-18 21:08:37,768 [VERBOSE] music_app.services.cover_provider_http: Cover HTTP success service=apple-web-discovery context=search:"\u0414\u0414\u0422" "\u0421\u0442\u0443\u0434\u0438\u0439\u043d\u044b\u0435 \u0437\u0430\u043f\u0438\u0441\u0438" "Apple Music":duckduckgo-html status=200 url=http://127.0.0.1:5502/duckduckgo-search?q=%22%D0%94%D0%94%D0%A2%22+%22%D0%A1%D1%82%D1%83%D0%B4%D0%B8%D0%B9%D0%BD%D1%8B%D0%B5+%D0%B7%D0%B0%D0%BF%D0%B8%D1%81%D0%B8%22+%22Apple+Music%22 bytes=41
2026-09-18 21:08:37,768 [INFO] music_app.services.cover_refresh_provider: {"action": "Apple album web discovery results", "album": "\u0421\u0442\u0443\u0434\u0438\u0439\u043d\u044b\u0435 \u0437\u0430\u043f\u0438\u0441\u0438", "artist": "\u0414\u0414\u0422", "final_url": "http://127.0.0.1:5502/duckduckgo-search?q=%22%D0%94%D0%94%D0%A2%22+%22%D0%A1%D1%82%D1%83%D0%B4%D0%B8%D0%B9%D0%BD%D1%8B%D0%B5+%D0%B7%D0%B0%D0%BF%D0%B8%D1%81%D0%B8%22+%22Apple+Music%22", "query": "\"\u0414\u0414\u0422\" \"\u0421\u0442\u0443\u0434\u0438\u0439\u043d\u044b\u0435 \u0437\u0430\u043f\u0438\u0441\u0438\" \"Apple Music\"", "result_count": 0, "results": [], "source": "duckduckgo-html"}
2026-09-18 21:08:37,917 [VERBOSE] music_app.services.cover_provider_http: Cover HTTP success service=apple-web-discovery context=search:site:music.apple.com/album "Neal Morse Plays Pink Floyd":bing status=200 url=http://127.0.0.1:5502/bing-search?q=site%3Amusic.apple.com%2Falbum+%22Neal+Morse+Plays+Pink+Floyd%22 bytes=41
2026-09-18 21:08:37,918 [INFO] music_app.services.cover_refresh_provider: {"action": "Apple album web discovery results", "album": "Neal Morse Plays Pink Floyd", "artist": "Neal Morse", "final_url": "http://127.0.0.1:5502/bing-search?q=site%3Amusic.apple.com%2Falbum+%22Neal+Morse+Plays+Pink+Floyd%22", "query": "site:music.apple.com/album \"Neal Morse Plays Pink Floyd\"", "result_count": 0, "results": [], "source": "bing"}
2026-09-18 21:08:38,190 [VERBOSE] music_app.services.cover_provider_http: Cover HTTP success service=apple-web-discovery context=search:site:music.apple.com/album "Mulan":duckduckgo-html status=200 url=http://127.0.0.1:5502/duckduckgo-search?q=site%3Amusic.apple.com%2Falbum+%22Mulan%22 bytes=41
2026-09-18 21:08:38,190 [INFO] music_app.services.cover_refresh_provider: {"action": "Apple album web discovery results", "album": "Mulan", "artist": "Various Artists", "final_url": "http://127.0.0.1:5502/duckduckgo-search?q=site%3Amusic.apple.com%2Falbum+%22Mulan%22", "query": "site:music.apple.com/album \"Mulan\"", "result_count": 0, "results": [], "source": "duckduckgo-html"}
2026-09-18 21:08:38,363 [VERBOSE] music_app.services.cover_provider_http: Cover HTTP success service=apple-web-discovery context=search:"\u0414\u0414\u0422" "\u0421\u0442\u0443\u0434\u0438\u0439\u043d\u044b\u0435 \u0437\u0430\u043f\u0438\u0441\u0438" "Apple Music":bing status=200 url=http://127.0.0.1:5502/bing-search?q=%22%D0%94%D0%94%D0%A2%22+%22%D0%A1%D1%82%D1%83%D0%B4%D0%B8%D0%B9%D0%BD%D1%8B%D0%B5+%D0%B7%D0%B0%D0%BF%D0%B8%D1%81%D0%B8%22+%22Apple+Music%22 bytes=41
2026-09-18 21:08:38,363 [INFO] music_app.services.cover_refresh_provider: {"action": "Apple album web discovery results", "album": "\u0421\u0442\u0443\u0434\u0438\u0439\u043d\u044b\u0435 \u0437\u0430\u043f\u0438\u0441\u0438", "artist": "\u0414\u0414\u0422", "final_url": "http://127.0.0.1:5502/bing-search?q=%22%D0%94%D0%94%D0%A2%22+%22%D0%A1%D1%82%D1%83%D0%B4%D0%B8%D0%B9%D0%BD%D1%8B%D0%B5+%D0%B7%D0%B0%D0%BF%D0%B8%D1%81%D0%B8%22+%22Apple+Music%22", "query": "\"\u0414\u0414\u0422\" \"\u0421\u0442\u0443\u0434\u0438\u0439\u043d\u044b\u0435 \u0437\u0430\u043f\u0438\u0441\u0438\" \"Apple Music\"", "result_count": 0, "results": [], "source": "bing"}
2026-09-18 21:08:38,513 [VERBOSE] music_app.services.cover_provider_http: Cover HTTP success service=apple-web-discovery context=search:"Neal Morse Plays Pink Floyd" "Apple Music" 2023:duckduckgo-html status=200 url=http://127.0.0.1:5502/duckduckgo-search?q=%22Neal+Morse+Plays+Pink+Floyd%22+%22Apple+Music%22+2023 bytes=41
2026-09-18 21:08:38,514 [INFO] music_app.services.cover_refresh_provider: {"action": "Apple album web discovery results", "album": "Neal Morse Plays Pink Floyd", "artist": "Neal Morse", "final_url": "http://127.0.0.1:5502/duckduckgo-search?q=%22Neal+Morse+Plays+Pink+Floyd%22+%22Apple+Music%22+2023", "query": "\"Neal Morse Plays Pink Floyd\" \"Apple Music\" 2023", "result_count": 0, "results": [], "source": "duckduckgo-html"}
2026-09-18 21:08:38,687 [VERBOSE] music_app.services.cover_provider_http: Cover HTTP success service=apple-web-discovery context=search:site:music.apple.com/album "Mulan":bing status=200 url=http://127.0.0.1:5502/bing-search?q=site%3Amusic.apple.com%2Falbum+%22Mulan%22 bytes=41
2026-09-18 21:08:38,688 [INFO] music_app.services.cover_refresh_provider: {"action": "Apple album web discovery results", "album": "Mulan", "artist": "Various Artists", "final_url": "http://127.0.0.1:5502/bing-search?q=site%3Amusic.apple.com%2Falbum+%22Mulan%22", "query": "site:music.apple.com/album \"Mulan\"", "result_count": 0, "results": [], "source": "bing"}
2026-09-18 21:08:38,882 [VERBOSE] music_app.services.cover_provider_http: Cover HTTP success service=apple-web-discovery context=search:site:music.apple.com/album "\u0421\u0442\u0443\u0434\u0438\u0439\u043d\u044b\u0435 \u0437\u0430\u043f\u0438\u0441\u0438":duckduckgo-html status=200 url=http://127.0.0.1:5502/duckduckgo-search?q=site%3Amusic.apple.com%2Falbum+%22%D0%A1%D1%82%D1%83%D0%B4%D0%B8%D0%B9%D0%BD%D1%8B%D0%B5+%D0%B7%D0%B0%D0%BF%D0%B8%D1%81%D0%B8%22 bytes=41
2026-09-18 21:08:38,883 [INFO] music_app.services.cover_refresh_provider: {"action": "Apple album web discovery results", "album": "\u0421\u0442\u0443\u0434\u0438\u0439\u043d\u044b\u0435 \u0437\u0430\u043f\u0438\u0441\u0438", "artist": "\u0414\u0414\u0422", "final_url": "http://127.0.0.1:5502/duckduckgo-search?q=site%3Amusic.apple.com%2Falbum+%22%D0%A1%D1%82%D1%83%D0%B4%D0%B8%D0%B9%D0%BD%D1%8B%D0%B5+%D0%B7%D0%B0%D0%BF%D0%B8%D1%81%D0%B8%22", "query": "site:music.apple.com/album \"\u0421\u0442\u0443\u0434\u0438\u0439\u043d\u044b\u0435 \u0437\u0430\u043f\u0438\u0441\u0438\"", "result_count": 0, "results": [], "source": "duckduckgo-html"}
2026-09-18 21:08:39,005 [VERBOSE] music_app.services.cover_provider_http: Cover HTTP success service=apple-web-discovery context=search:"Neal Morse Plays Pink Floyd" "Apple Music" 2023:bing status=200 url=http://127.0.0.1:5502/bing-search?q=%22Neal+Morse+Plays+Pink+Floyd%22+%22Apple+Music%22+2023 bytes=41
2026-09-18 21:08:39,005 [INFO] music_app.services.cover_refresh_provider: {"action": "Apple album web discovery results", "album": "Neal Morse Plays Pink Floyd", "artist": "Neal Morse", "final_url": "http://127.0.0.1:5502/bing-search?q=%22Neal+Morse+Plays+Pink+Floyd%22+%22Apple+Music%22+2023", "query": "\"Neal Morse Plays Pink Floyd\" \"Apple Music\" 2023", "result_count": 0, "results": [], "source": "bing"}
2026-09-18 21:08:39,006 [VERBOSE] music_app: Cover fetch processed artist='Neal Morse' album='Neal Morse Plays Pink Floyd' folder='D:\\a\\_temp\\album-haven-e2e-functional-fixtures-playback-utilities\\shared\\media\\Progressive Projects\\Morse Family\\Neal Morse\\Neal Morse Plays Pink Floyd' downloaded=False has_cover=False
2026-09-18 21:08:39,006 [WARNING] music_app: {"action": "Cover art update failed", "album": "Neal Morse Plays Pink Floyd", "artist": "Neal Morse", "elapsed_ms": 17209.95, "folder": "D:\\a\\_temp\\album-haven-e2e-functional-fixtures-playback-utilities\\shared\\media\\Progressive Projects\\Morse Family\\Neal Morse\\Neal Morse Plays Pink Floyd", "force_search": false, "reason": "remote_search_returned_no_candidate", "resolver_trace": [{"apple_http_trace": [{"context": "search:Neal Morse Neal Morse Plays Pink Floyd 2023", "elapsed_ms": 981.92, "status": "success:200"}, {"context": "artist-id-search:Neal Morse", "elapsed_ms": 1031.9, "status": "success:200"}, {"context": "artist-search:Neal Morse", "elapsed_ms": 819.44, "status": "success:200"}, {"context": "search:Neal Morse Neal Morse Plays Pink Floyd", "elapsed_ms": 969.03, "status": "success:200"}, {"context": "artist-id-search:Neal Morse", "elapsed_ms": 991.88, "status": "success:200"}, {"context": "artist-search:Neal Morse", "elapsed_ms": 740.04, "status": "success:200"}], "elapsed_ms": 17207.35, "resolver": "_search_apple", "status": "no_candidate"}], "status": "missing_cover_art"}
2026-09-18 21:08:39,006 [INFO] music_app: {"action": "Cover fetch slow", "album": "Neal Morse Plays Pink Floyd", "artist": "Neal Morse", "downloaded": false, "elapsed_ms": 17209.95, "folder": "D:\\a\\_temp\\album-haven-e2e-functional-fixtures-playback-utilities\\shared\\media\\Progressive Projects\\Morse Family\\Neal Morse\\Neal Morse Plays Pink Floyd", "force_search": false, "has_cover": false, "reason": "remote_search_returned_no_candidate", "resolver_trace": [{"apple_http_trace": [{"context": "search:Neal Morse Neal Morse Plays Pink Floyd 2023", "elapsed_ms": 981.92, "status": "success:200"}, {"context": "artist-id-search:Neal Morse", "elapsed_ms": 1031.9, "status": "success:200"}, {"context": "artist-search:Neal Morse", "elapsed_ms": 819.44, "status": "success:200"}, {"context": "search:Neal Morse Neal Morse Plays Pink Floyd", "elapsed_ms": 969.03, "status": "success:200"}, {"context": "artist-id-search:Neal Morse", "elapsed_ms": 991.88, "status": "success:200"}, {"context": "artist-search:Neal Morse", "elapsed_ms": 740.04, "status": "success:200"}], "elapsed_ms": 17207.35, "resolver": "_search_apple", "status": "no_candidate"}]}
2026-09-18 21:08:39,125 [VERBOSE] music_app.services.cover_provider_http: Cover HTTP success service=apple-web-discovery context=search:"Mulan" "Apple Music" 1998:duckduckgo-html status=200 url=http://127.0.0.1:5502/duckduckgo-search?q=%22Mulan%22+%22Apple+Music%22+1998 bytes=41
2026-09-18 21:08:39,125 [INFO] music_app.services.cover_refresh_provider: {"action": "Apple album web discovery results", "album": "Mulan", "artist": "Various Artists", "final_url": "http://127.0.0.1:5502/duckduckgo-search?q=%22Mulan%22+%22Apple+Music%22+1998", "query": "\"Mulan\" \"Apple Music\" 1998", "result_count": 0, "results": [], "source": "duckduckgo-html"}
2026-09-18 21:08:39,298 [VERBOSE] music_app.services.cover_provider_http: Cover HTTP success service=apple-web-discovery context=search:site:music.apple.com/album "\u0421\u0442\u0443\u0434\u0438\u0439\u043d\u044b\u0435 \u0437\u0430\u043f\u0438\u0441\u0438":bing status=200 url=http://127.0.0.1:5502/bing-search?q=site%3Amusic.apple.com%2Falbum+%22%D0%A1%D1%82%D1%83%D0%B4%D0%B8%D0%B9%D0%BD%D1%8B%D0%B5+%D0%B7%D0%B0%D0%BF%D0%B8%D1%81%D0%B8%22 bytes=41
2026-09-18 21:08:39,299 [INFO] music_app.services.cover_refresh_provider: {"action": "Apple album web discovery results", "album": "\u0421\u0442\u0443\u0434\u0438\u0439\u043d\u044b\u0435 \u0437\u0430\u043f\u0438\u0441\u0438", "artist": "\u0414\u0414\u0422", "final_url": "http://127.0.0.1:5502/bing-search?q=site%3Amusic.apple.com%2Falbum+%22%D0%A1%D1%82%D1%83%D0%B4%D0%B8%D0%B9%D0%BD%D1%8B%D0%B5+%D0%B7%D0%B0%D0%BF%D0%B8%D1%81%D0%B8%22", "query": "site:music.apple.com/album \"\u0421\u0442\u0443\u0434\u0438\u0439\u043d\u044b\u0435 \u0437\u0430\u043f\u0438\u0441\u0438\"", "result_count": 0, "results": [], "source": "bing"}
2026-09-18 21:08:39,617 [VERBOSE] music_app.services.cover_provider_http: Cover HTTP success service=apple-web-discovery context=search:"Mulan" "Apple Music" 1998:bing status=200 url=http://127.0.0.1:5502/bing-search?q=%22Mulan%22+%22Apple+Music%22+1998 bytes=41
2026-09-18 21:08:39,618 [INFO] music_app.services.cover_refresh_provider: {"action": "Apple album web discovery results", "album": "Mulan", "artist": "Various Artists", "final_url": "http://127.0.0.1:5502/bing-search?q=%22Mulan%22+%22Apple+Music%22+1998", "query": "\"Mulan\" \"Apple Music\" 1998", "result_count": 0, "results": [], "source": "bing"}
2026-09-18 21:08:39,618 [VERBOSE] music_app: Cover fetch processed artist='Various Artists' album='Mulan' folder='D:\\a\\_temp\\album-haven-e2e-functional-fixtures-playback-utilities\\shared\\media\\Various Artists\\Mulan' downloaded=False has_cover=False
2026-09-18 21:08:39,618 [WARNING] music_app: {"action": "Cover art update failed", "album": "Mulan", "artist": "Various Artists", "elapsed_ms": 16963.9, "folder": "D:\\a\\_temp\\album-haven-e2e-functional-fixtures-playback-utilities\\shared\\media\\Various Artists\\Mulan", "force_search": false, "reason": "remote_search_returned_no_candidate", "resolver_trace": [{"apple_http_trace": [{"context": "search:Various Artists Mulan 1998", "elapsed_ms": 1114.54, "status": "success:200"}, {"context": "artist-id-search:Various Artists", "elapsed_ms": 927.87, "status": "success:200"}, {"context": "artist-search:Various Artists", "elapsed_ms": 764.72, "status": "success:200"}, {"context": "search:Various Artists Mulan", "elapsed_ms": 895.94, "status": "success:200"}, {"context": "artist-id-search:Various Artists", "elapsed_ms": 1155.79, "status": "success:200"}, {"context": "artist-search:Various Artists", "elapsed_ms": 965.27, "status": "success:200"}], "elapsed_ms": 16962.25, "resolver": "_search_apple", "status": "no_candidate"}], "status": "missing_cover_art"}
2026-09-18 21:08:39,618 [INFO] music_app: {"action": "Cover fetch slow", "album": "Mulan", "artist": "Various Artists", "downloaded": false, "elapsed_ms": 16963.9, "folder": "D:\\a\\_temp\\album-haven-e2e-functional-fixtures-playback-utilities\\shared\\media\\Various Artists\\Mulan", "force_search": false, "has_cover": false, "reason": "remote_search_returned_no_candidate", "resolver_trace": [{"apple_http_trace": [{"context": "search:Various Artists Mulan 1998", "elapsed_ms": 1114.54, "status": "success:200"}, {"context": "artist-id-search:Various Artists", "elapsed_ms": 927.87, "status": "success:200"}, {"context": "artist-search:Various Artists", "elapsed_ms": 764.72, "status": "success:200"}, {"context": "search:Various Artists Mulan", "elapsed_ms": 895.94, "status": "success:200"}, {"context": "artist-id-search:Various Artists", "elapsed_ms": 1155.79, "status": "success:200"}, {"context": "artist-search:Various Artists", "elapsed_ms": 965.27, "status": "success:200"}], "elapsed_ms": 16962.25, "resolver": "_search_apple", "status": "no_candidate"}]}
2026-09-18 21:08:39,675 [VERBOSE] music_app.services.cover_provider_http: Cover HTTP success service=apple-web-discovery context=search:"\u0421\u0442\u0443\u0434\u0438\u0439\u043d\u044b\u0435 \u0437\u0430\u043f\u0438\u0441\u0438" "Apple Music" 1990:duckduckgo-html status=200 url=http://127.0.0.1:5502/duckduckgo-search?q=%22%D0%A1%D1%82%D1%83%D0%B4%D0%B8%D0%B9%D0%BD%D1%8B%D0%B5+%D0%B7%D0%B0%D0%BF%D0%B8%D1%81%D0%B8%22+%22Apple+Music%22+1990 bytes=41
2026-09-18 21:08:39,675 [INFO] music_app.services.cover_refresh_provider: {"action": "Apple album web discovery results", "album": "\u0421\u0442\u0443\u0434\u0438\u0439\u043d\u044b\u0435 \u0437\u0430\u043f\u0438\u0441\u0438", "artist": "\u0414\u0414\u0422", "final_url": "http://127.0.0.1:5502/duckduckgo-search?q=%22%D0%A1%D1%82%D1%83%D0%B4%D0%B8%D0%B9%D0%BD%D1%8B%D0%B5+%D0%B7%D0%B0%D0%BF%D0%B8%D1%81%D0%B8%22+%22Apple+Music%22+1990", "query": "\"\u0421\u0442\u0443\u0434\u0438\u0439\u043d\u044b\u0435 \u0437\u0430\u043f\u0438\u0441\u0438\" \"Apple Music\" 1990", "result_count": 0, "results": [], "source": "duckduckgo-html"}
2026-09-18 21:08:40,000 [VERBOSE] music_app.services.cover_provider_http: Cover HTTP success service=apple-web-discovery context=search:"\u0421\u0442\u0443\u0434\u0438\u0439\u043d\u044b\u0435 \u0437\u0430\u043f\u0438\u0441\u0438" "Apple Music" 1990:bing status=200 url=http://127.0.0.1:5502/bing-search?q=%22%D0%A1%D1%82%D1%83%D0%B4%D0%B8%D0%B9%D0%BD%D1%8B%D0%B5+%D0%B7%D0%B0%D0%BF%D0%B8%D1%81%D0%B8%22+%22Apple+Music%22+1990 bytes=41
2026-09-18 21:08:40,000 [INFO] music_app.services.cover_refresh_provider: {"action": "Apple album web discovery results", "album": "\u0421\u0442\u0443\u0434\u0438\u0439\u043d\u044b\u0435 \u0437\u0430\u043f\u0438\u0441\u0438", "artist": "\u0414\u0414\u0422", "final_url": "http://127.0.0.1:5502/bing-search?q=%22%D0%A1%D1%82%D1%83%D0%B4%D0%B8%D0%B9%D0%BD%D1%8B%D0%B5+%D0%B7%D0%B0%D0%BF%D0%B8%D1%81%D0%B8%22+%22Apple+Music%22+1990", "query": "\"\u0421\u0442\u0443\u0434\u0438\u0439\u043d\u044b\u0435 \u0437\u0430\u043f\u0438\u0441\u0438\" \"Apple Music\" 1990", "result_count": 0, "results": [], "source": "bing"}
2026-09-18 21:08:40,235 [VERBOSE] music_app.services.cover_provider_http: Cover HTTP success service=apple context=search:\u0414\u0414\u0422 \u0421\u0442\u0443\u0434\u0438\u0439\u043d\u044b\u0435 \u0437\u0430\u043f\u0438\u0441\u0438 status=200 url=http://127.0.0.1:5502/itunes/search?term=%D0%94%D0%94%D0%A2+%D0%A1%D1%82%D1%83%D0%B4%D0%B8%D0%B9%D0%BD%D1%8B%D0%B5+%D0%B7%D0%B0%D0%BF%D0%B8%D1%81%D0%B8&entity=album&limit=20 bytes=33
2026-09-18 21:08:40,235 [VERBOSE] music_app.services.cover_refresh_provider: Apple raw search results query='\u0414\u0414\u0422 \u0421\u0442\u0443\u0434\u0438\u0439\u043d\u044b\u0435 \u0437\u0430\u043f\u0438\u0441\u0438' artist='\u0414\u0414\u0422' album='\u0421\u0442\u0443\u0434\u0438\u0439\u043d\u044b\u0435 \u0437\u0430\u043f\u0438\u0441\u0438' year=1990 results=[]
2026-09-18 21:08:40,235 [VERBOSE] music_app.services.cover_refresh_provider: Apple search results query='\u0414\u0414\u0422 \u0421\u0442\u0443\u0434\u0438\u0439\u043d\u044b\u0435 \u0437\u0430\u043f\u0438\u0441\u0438' count=0 top=[]
2026-09-18 21:08:40,235 [INFO] music_app.services.cover_refresh_provider: {"action": "Apple cover miss", "album": "\u0421\u0442\u0443\u0434\u0438\u0439\u043d\u044b\u0435 \u0437\u0430\u043f\u0438\u0441\u0438", "artist": "\u0414\u0414\u0422", "query_mode": "artist+album:native", "raw_result_count": 0, "raw_results_summary": [], "top_candidates": [], "year": 1990}
2026-09-18 21:08:40,479 [VERBOSE] music_app.services.cover_provider_http: Cover HTTP success service=apple context=artist-id-search:\u0414\u0414\u0422 status=200 url=http://127.0.0.1:5502/itunes/search?term=%D0%94%D0%94%D0%A2&entity=musicArtist&limit=10 bytes=33
2026-09-18 21:08:40,481 [INFO] music_app.services.cover_refresh_provider: {"action": "Apple artist lookup results", "album": "\u0421\u0442\u0443\u0434\u0438\u0439\u043d\u044b\u0435 \u0437\u0430\u043f\u0438\u0441\u0438", "artist": "\u0414\u0414\u0422", "query_artist": "\u0414\u0414\u0422", "result_count": 0, "top_results": []}
2026-09-18 21:08:40,806 [VERBOSE] music_app.services.cover_provider_http: Cover HTTP success service=apple context=artist-search:\u0414\u0414\u0422 status=200 url=http://127.0.0.1:5502/itunes/search?term=%D0%94%D0%94%D0%A2&entity=musicArtist&limit=10 bytes=33
2026-09-18 21:08:41,149 [VERBOSE] music_app.services.cover_provider_http: Cover HTTP success service=apple-web-discovery context=search:site:music.apple.com/album "\u0414\u0414\u0422" "\u0421\u0442\u0443\u0434\u0438\u0439\u043d\u044b\u0435 \u0437\u0430\u043f\u0438\u0441\u0438":duckduckgo-html status=200 url=http://127.0.0.1:5502/duckduckgo-search?q=site%3Amusic.apple.com%2Falbum+%22%D0%94%D0%94%D0%A2%22+%22%D0%A1%D1%82%D1%83%D0%B4%D0%B8%D0%B9%D0%BD%D1%8B%D0%B5+%D0%B7%D0%B0%D0%BF%D0%B8%D1%81%D0%B8%22 bytes=41
2026-09-18 21:08:41,149 [INFO] music_app.services.cover_refresh_provider: {"action": "Apple album web discovery results", "album": "\u0421\u0442\u0443\u0434\u0438\u0439\u043d\u044b\u0435 \u0437\u0430\u043f\u0438\u0441\u0438", "artist": "\u0414\u0414\u0422", "final_url": "http://127.0.0.1:5502/duckduckgo-search?q=site%3Amusic.apple.com%2Falbum+%22%D0%94%D0%94%D0%A2%22+%22%D0%A1%D1%82%D1%83%D0%B4%D0%B8%D0%B9%D0%BD%D1%8B%D0%B5+%D0%B7%D0%B0%D0%BF%D0%B8%D1%81%D0%B8%22", "query": "site:music.apple.com/album \"\u0414\u0414\u0422\" \"\u0421\u0442\u0443\u0434\u0438\u0439\u043d\u044b\u0435 \u0437\u0430\u043f\u0438\u0441\u0438\"", "result_count": 0, "results": [], "source": "duckduckgo-html"}
2026-09-18 21:08:41,404 [VERBOSE] music_app.services.cover_provider_http: Cover HTTP success service=apple-web-discovery context=search:site:music.apple.com/album "\u0414\u0414\u0422" "\u0421\u0442\u0443\u0434\u0438\u0439\u043d\u044b\u0435 \u0437\u0430\u043f\u0438\u0441\u0438":bing status=200 url=http://127.0.0.1:5502/bing-search?q=site%3Amusic.apple.com%2Falbum+%22%D0%94%D0%94%D0%A2%22+%22%D0%A1%D1%82%D1%83%D0%B4%D0%B8%D0%B9%D0%BD%D1%8B%D0%B5+%D0%B7%D0%B0%D0%BF%D0%B8%D1%81%D0%B8%22 bytes=41
2026-09-18 21:08:41,404 [INFO] music_app.services.cover_refresh_provider: {"action": "Apple album web discovery results", "album": "\u0421\u0442\u0443\u0434\u0438\u0439\u043d\u044b\u0435 \u0437\u0430\u043f\u0438\u0441\u0438", "artist": "\u0414\u0414\u0422", "final_url": "http://127.0.0.1:5502/bing-search?q=site%3Amusic.apple.com%2Falbum+%22%D0%94%D0%94%D0%A2%22+%22%D0%A1%D1%82%D1%83%D0%B4%D0%B8%D0%B9%D0%BD%D1%8B%D0%B5+%D0%B7%D0%B0%D0%BF%D0%B8%D1%81%D0%B8%22", "query": "site:music.apple.com/album \"\u0414\u0414\u0422\" \"\u0421\u0442\u0443\u0434\u0438\u0439\u043d\u044b\u0435 \u0437\u0430\u043f\u0438\u0441\u0438\"", "result_count": 0, "results": [], "source": "bing"}
2026-09-18 21:08:41,671 [VERBOSE] music_app.services.cover_provider_http: Cover HTTP success service=apple-web-discovery context=search:"\u0414\u0414\u0422" "\u0421\u0442\u0443\u0434\u0438\u0439\u043d\u044b\u0435 \u0437\u0430\u043f\u0438\u0441\u0438" "Apple Music":duckduckgo-html status=200 url=http://127.0.0.1:5502/duckduckgo-search?q=%22%D0%94%D0%94%D0%A2%22+%22%D0%A1%D1%82%D1%83%D0%B4%D0%B8%D0%B9%D0%BD%D1%8B%D0%B5+%D0%B7%D0%B0%D0%BF%D0%B8%D1%81%D0%B8%22+%22Apple+Music%22 bytes=41
2026-09-18 21:08:41,671 [INFO] music_app.services.cover_refresh_provider: {"action": "Apple album web discovery results", "album": "\u0421\u0442\u0443\u0434\u0438\u0439\u043d\u044b\u0435 \u0437\u0430\u043f\u0438\u0441\u0438", "artist": "\u0414\u0414\u0422", "final_url": "http://127.0.0.1:5502/duckduckgo-search?q=%22%D0%94%D0%94%D0%A2%22+%22%D0%A1%D1%82%D1%83%D0%B4%D0%B8%D0%B9%D0%BD%D1%8B%D0%B5+%D0%B7%D0%B0%D0%BF%D0%B8%D1%81%D0%B8%22+%22Apple+Music%22", "query": "\"\u0414\u0414\u0422\" \"\u0421\u0442\u0443\u0434\u0438\u0439\u043d\u044b\u0435 \u0437\u0430\u043f\u0438\u0441\u0438\" \"Apple Music\"", "result_count": 0, "results": [], "source": "duckduckgo-html"}
2026-09-18 21:08:42,060 [VERBOSE] music_app.services.cover_provider_http: Cover HTTP success service=apple-web-discovery context=search:"\u0414\u0414\u0422" "\u0421\u0442\u0443\u0434\u0438\u0439\u043d\u044b\u0435 \u0437\u0430\u043f\u0438\u0441\u0438" "Apple Music":bing status=200 url=http://127.0.0.1:5502/bing-search?q=%22%D0%94%D0%94%D0%A2%22+%22%D0%A1%D1%82%D1%83%D0%B4%D0%B8%D0%B9%D0%BD%D1%8B%D0%B5+%D0%B7%D0%B0%D0%BF%D0%B8%D1%81%D0%B8%22+%22Apple+Music%22 bytes=41
2026-09-18 21:08:42,060 [INFO] music_app.services.cover_refresh_provider: {"action": "Apple album web discovery results", "album": "\u0421\u0442\u0443\u0434\u0438\u0439\u043d\u044b\u0435 \u0437\u0430\u043f\u0438\u0441\u0438", "artist": "\u0414\u0414\u0422", "final_url": "http://127.0.0.1:5502/bing-search?q=%22%D0%94%D0%94%D0%A2%22+%22%D0%A1%D1%82%D1%83%D0%B4%D0%B8%D0%B9%D0%BD%D1%8B%D0%B5+%D0%B7%D0%B0%D0%BF%D0%B8%D1%81%D0%B8%22+%22Apple+Music%22", "query": "\"\u0414\u0414\u0422\" \"\u0421\u0442\u0443\u0434\u0438\u0439\u043d\u044b\u0435 \u0437\u0430\u043f\u0438\u0441\u0438\" \"Apple Music\"", "result_count": 0, "results": [], "source": "bing"}
2026-09-18 21:08:42,338 [VERBOSE] music_app.services.cover_provider_http: Cover HTTP success service=apple-web-discovery context=search:site:music.apple.com/album "\u0421\u0442\u0443\u0434\u0438\u0439\u043d\u044b\u0435 \u0437\u0430\u043f\u0438\u0441\u0438":duckduckgo-html status=200 url=http://127.0.0.1:5502/duckduckgo-search?q=site%3Amusic.apple.com%2Falbum+%22%D0%A1%D1%82%D1%83%D0%B4%D0%B8%D0%B9%D0%BD%D1%8B%D0%B5+%D0%B7%D0%B0%D0%BF%D0%B8%D1%81%D0%B8%22 bytes=41
2026-09-18 21:08:42,338 [INFO] music_app.services.cover_refresh_provider: {"action": "Apple album web discovery results", "album": "\u0421\u0442\u0443\u0434\u0438\u0439\u043d\u044b\u0435 \u0437\u0430\u043f\u0438\u0441\u0438", "artist": "\u0414\u0414\u0422", "final_url": "http://127.0.0.1:5502/duckduckgo-search?q=site%3Amusic.apple.com%2Falbum+%22%D0%A1%D1%82%D1%83%D0%B4%D0%B8%D0%B9%D0%BD%D1%8B%D0%B5+%D0%B7%D0%B0%D0%BF%D0%B8%D1%81%D0%B8%22", "query": "site:music.apple.com/album \"\u0421\u0442\u0443\u0434\u0438\u0439\u043d\u044b\u0435 \u0437\u0430\u043f\u0438\u0441\u0438\"", "result_count": 0, "results": [], "source": "duckduckgo-html"}
2026-09-18 21:08:42,593 [VERBOSE] music_app.services.cover_provider_http: Cover HTTP success service=apple-web-discovery context=search:site:music.apple.com/album "\u0421\u0442\u0443\u0434\u0438\u0439\u043d\u044b\u0435 \u0437\u0430\u043f\u0438\u0441\u0438":bing status=200 url=http://127.0.0.1:5502/bing-search?q=site%3Amusic.apple.com%2Falbum+%22%D0%A1%D1%82%D1%83%D0%B4%D0%B8%D0%B9%D0%BD%D1%8B%D0%B5+%D0%B7%D0%B0%D0%BF%D0%B8%D1%81%D0%B8%22 bytes=41
2026-09-18 21:08:42,593 [INFO] music_app.services.cover_refresh_provider: {"action": "Apple album web discovery results", "album": "\u0421\u0442\u0443\u0434\u0438\u0439\u043d\u044b\u0435 \u0437\u0430\u043f\u0438\u0441\u0438", "artist": "\u0414\u0414\u0422", "final_url": "http://127.0.0.1:5502/bing-search?q=site%3Amusic.apple.com%2Falbum+%22%D0%A1%D1%82%D1%83%D0%B4%D0%B8%D0%B9%D0%BD%D1%8B%D0%B5+%D0%B7%D0%B0%D0%BF%D0%B8%D1%81%D0%B8%22", "query": "site:music.apple.com/album \"\u0421\u0442\u0443\u0434\u0438\u0439\u043d\u044b\u0435 \u0437\u0430\u043f\u0438\u0441\u0438\"", "result_count": 0, "results": [], "source": "bing"}
2026-09-18 21:08:42,904 [VERBOSE] music_app.services.cover_provider_http: Cover HTTP success service=apple-web-discovery context=search:"\u0421\u0442\u0443\u0434\u0438\u0439\u043d\u044b\u0435 \u0437\u0430\u043f\u0438\u0441\u0438" "Apple Music" 1990:duckduckgo-html status=200 url=http://127.0.0.1:5502/duckduckgo-search?q=%22%D0%A1%D1%82%D1%83%D0%B4%D0%B8%D0%B9%D0%BD%D1%8B%D0%B5+%D0%B7%D0%B0%D0%BF%D0%B8%D1%81%D0%B8%22+%22Apple+Music%22+1990 bytes=41
2026-09-18 21:08:42,904 [INFO] music_app.services.cover_refresh_provider: {"action": "Apple album web discovery results", "album": "\u0421\u0442\u0443\u0434\u0438\u0439\u043d\u044b\u0435 \u0437\u0430\u043f\u0438\u0441\u0438", "artist": "\u0414\u0414\u0422", "final_url": "http://127.0.0.1:5502/duckduckgo-search?q=%22%D0%A1%D1%82%D1%83%D0%B4%D0%B8%D0%B9%D0%BD%D1%8B%D0%B5+%D0%B7%D0%B0%D0%BF%D0%B8%D1%81%D0%B8%22+%22Apple+Music%22+1990", "query": "\"\u0421\u0442\u0443\u0434\u0438\u0439\u043d\u044b\u0435 \u0437\u0430\u043f\u0438\u0441\u0438\" \"Apple Music\" 1990", "result_count": 0, "results": [], "source": "duckduckgo-html"}
2026-09-18 21:08:43,211 [VERBOSE] music_app.services.cover_provider_http: Cover HTTP success service=apple-web-discovery context=search:"\u0421\u0442\u0443\u0434\u0438\u0439\u043d\u044b\u0435 \u0437\u0430\u043f\u0438\u0441\u0438" "Apple Music" 1990:bing status=200 url=http://127.0.0.1:5502/bing-search?q=%22%D0%A1%D1%82%D1%83%D0%B4%D0%B8%D0%B9%D0%BD%D1%8B%D0%B5+%D0%B7%D0%B0%D0%BF%D0%B8%D1%81%D0%B8%22+%22Apple+Music%22+1990 bytes=41
2026-09-18 21:08:43,211 [INFO] music_app.services.cover_refresh_provider: {"action": "Apple album web discovery results", "album": "\u0421\u0442\u0443\u0434\u0438\u0439\u043d\u044b\u0435 \u0437\u0430\u043f\u0438\u0441\u0438", "artist": "\u0414\u0414\u0422", "final_url": "http://127.0.0.1:5502/bing-search?q=%22%D0%A1%D1%82%D1%83%D0%B4%D0%B8%D0%B9%D0%BD%D1%8B%D0%B5+%D0%B7%D0%B0%D0%BF%D0%B8%D1%81%D0%B8%22+%22Apple+Music%22+1990", "query": "\"\u0421\u0442\u0443\u0434\u0438\u0439\u043d\u044b\u0435 \u0437\u0430\u043f\u0438\u0441\u0438\" \"Apple Music\" 1990", "result_count": 0, "results": [], "source": "bing"}
2026-09-18 21:08:43,550 [VERBOSE] music_app.services.cover_provider_http: Cover HTTP success service=apple context=search:DDT Studiynye zapisi 1990 status=200 url=http://127.0.0.1:5502/itunes/search?term=DDT+Studiynye+zapisi+1990&entity=album&limit=20 bytes=33
2026-09-18 21:08:43,550 [VERBOSE] music_app.services.cover_refresh_provider: Apple raw search results query='DDT Studiynye zapisi 1990' artist='\u0414\u0414\u0422' album='\u0421\u0442\u0443\u0434\u0438\u0439\u043d\u044b\u0435 \u0437\u0430\u043f\u0438\u0441\u0438' year=1990 results=[]
2026-09-18 21:08:43,550 [VERBOSE] music_app.services.cover_refresh_provider: Apple search results query='DDT Studiynye zapisi 1990' count=0 top=[]
2026-09-18 21:08:43,550 [INFO] music_app.services.cover_refresh_provider: {"action": "Apple cover miss", "album": "\u0421\u0442\u0443\u0434\u0438\u0439\u043d\u044b\u0435 \u0437\u0430\u043f\u0438\u0441\u0438", "artist": "\u0414\u0414\u0422", "query_mode": "artist+album+year:translit", "raw_result_count": 0, "raw_results_summary": [], "top_candidates": [], "year": 1990}
2026-09-18 21:08:43,868 [VERBOSE] music_app.services.cover_provider_http: Cover HTTP success service=apple context=artist-id-search:DDT status=200 url=http://127.0.0.1:5502/itunes/search?term=DDT&entity=musicArtist&limit=10 bytes=33
2026-09-18 21:08:43,868 [INFO] music_app.services.cover_refresh_provider: {"action": "Apple artist lookup results", "album": "\u0421\u0442\u0443\u0434\u0438\u0439\u043d\u044b\u0435 \u0437\u0430\u043f\u0438\u0441\u0438", "artist": "\u0414\u0414\u0422", "query_artist": "DDT", "result_count": 0, "top_results": []}
2026-09-18 21:08:44,125 [VERBOSE] music_app.services.cover_provider_http: Cover HTTP success service=apple context=artist-search:DDT status=200 url=http://127.0.0.1:5502/itunes/search?term=DDT&entity=musicArtist&limit=10 bytes=33
2026-09-18 21:08:44,399 [VERBOSE] music_app.services.cover_provider_http: Cover HTTP success service=apple-web-discovery context=search:site:music.apple.com/album "\u0414\u0414\u0422" "\u0421\u0442\u0443\u0434\u0438\u0439\u043d\u044b\u0435 \u0437\u0430\u043f\u0438\u0441\u0438":duckduckgo-html status=200 url=http://127.0.0.1:5502/duckduckgo-search?q=site%3Amusic.apple.com%2Falbum+%22%D0%94%D0%94%D0%A2%22+%22%D0%A1%D1%82%D1%83%D0%B4%D0%B8%D0%B9%D0%BD%D1%8B%D0%B5+%D0%B7%D0%B0%D0%BF%D0%B8%D1%81%D0%B8%22 bytes=41
2026-09-18 21:08:44,399 [INFO] music_app.services.cover_refresh_provider: {"action": "Apple album web discovery results", "album": "\u0421\u0442\u0443\u0434\u0438\u0439\u043d\u044b\u0435 \u0437\u0430\u043f\u0438\u0441\u0438", "artist": "\u0414\u0414\u0422", "final_url": "http://127.0.0.1:5502/duckduckgo-search?q=site%3Amusic.apple.com%2Falbum+%22%D0%94%D0%94%D0%A2%22+%22%D0%A1%D1%82%D1%83%D0%B4%D0%B8%D0%B9%D0%BD%D1%8B%D0%B5+%D0%B7%D0%B0%D0%BF%D0%B8%D1%81%D0%B8%22", "query": "site:music.apple.com/album \"\u0414\u0414\u0422\" \"\u0421\u0442\u0443\u0434\u0438\u0439\u043d\u044b\u0435 \u0437\u0430\u043f\u0438\u0441\u0438\"", "result_count": 0, "results": [], "source": "duckduckgo-html"}
2026-09-18 21:08:44,763 [VERBOSE] music_app.services.cover_provider_http: Cover HTTP success service=apple-web-discovery context=search:site:music.apple.com/album "\u0414\u0414\u0422" "\u0421\u0442\u0443\u0434\u0438\u0439\u043d\u044b\u0435 \u0437\u0430\u043f\u0438\u0441\u0438":bing status=200 url=http://127.0.0.1:5502/bing-search?q=site%3Amusic.apple.com%2Falbum+%22%D0%94%D0%94%D0%A2%22+%22%D0%A1%D1%82%D1%83%D0%B4%D0%B8%D0%B9%D0%BD%D1%8B%D0%B5+%D0%B7%D0%B0%D0%BF%D0%B8%D1%81%D0%B8%22 bytes=41
2026-09-18 21:08:44,763 [INFO] music_app.services.cover_refresh_provider: {"action": "Apple album web discovery results", "album": "\u0421\u0442\u0443\u0434\u0438\u0439\u043d\u044b\u0435 \u0437\u0430\u043f\u0438\u0441\u0438", "artist": "\u0414\u0414\u0422", "final_url": "http://127.0.0.1:5502/bing-search?q=site%3Amusic.apple.com%2Falbum+%22%D0%94%D0%94%D0%A2%22+%22%D0%A1%D1%82%D1%83%D0%B4%D0%B8%D0%B9%D0%BD%D1%8B%D0%B5+%D0%B7%D0%B0%D0%BF%D0%B8%D1%81%D0%B8%22", "query": "site:music.apple.com/album \"\u0414\u0414\u0422\" \"\u0421\u0442\u0443\u0434\u0438\u0439\u043d\u044b\u0435 \u0437\u0430\u043f\u0438\u0441\u0438\"", "result_count": 0, "results": [], "source": "bing"}
2026-09-18 21:08:45,088 [VERBOSE] music_app.services.cover_provider_http: Cover HTTP success service=apple-web-discovery context=search:"\u0414\u0414\u0422" "\u0421\u0442\u0443\u0434\u0438\u0439\u043d\u044b\u0435 \u0437\u0430\u043f\u0438\u0441\u0438" "Apple Music":duckduckgo-html status=200 url=http://127.0.0.1:5502/duckduckgo-search?q=%22%D0%94%D0%94%D0%A2%22+%22%D0%A1%D1%82%D1%83%D0%B4%D0%B8%D0%B9%D0%BD%D1%8B%D0%B5+%D0%B7%D0%B0%D0%BF%D0%B8%D1%81%D0%B8%22+%22Apple+Music%22 bytes=41
2026-09-18 21:08:45,088 [INFO] music_app.services.cover_refresh_provider: {"action": "Apple album web discovery results", "album": "\u0421\u0442\u0443\u0434\u0438\u0439\u043d\u044b\u0435 \u0437\u0430\u043f\u0438\u0441\u0438", "artist": "\u0414\u0414\u0422", "final_url": "http://127.0.0.1:5502/duckduckgo-search?q=%22%D0%94%D0%94%D0%A2%22+%22%D0%A1%D1%82%D1%83%D0%B4%D0%B8%D0%B9%D0%BD%D1%8B%D0%B5+%D0%B7%D0%B0%D0%BF%D0%B8%D1%81%D0%B8%22+%22Apple+Music%22", "query": "\"\u0414\u0414\u0422\" \"\u0421\u0442\u0443\u0434\u0438\u0439\u043d\u044b\u0435 \u0437\u0430\u043f\u0438\u0441\u0438\" \"Apple Music\"", "result_count": 0, "results": [], "source": "duckduckgo-html"}
2026-09-18 21:08:45,363 [VERBOSE] music_app.services.cover_provider_http: Cover HTTP success service=apple-web-discovery context=search:"\u0414\u0414\u0422" "\u0421\u0442\u0443\u0434\u0438\u0439\u043d\u044b\u0435 \u0437\u0430\u043f\u0438\u0441\u0438" "Apple Music":bing status=200 url=http://127.0.0.1:5502/bing-search?q=%22%D0%94%D0%94%D0%A2%22+%22%D0%A1%D1%82%D1%83%D0%B4%D0%B8%D0%B9%D0%BD%D1%8B%D0%B5+%D0%B7%D0%B0%D0%BF%D0%B8%D1%81%D0%B8%22+%22Apple+Music%22 bytes=41
2026-09-18 21:08:45,363 [INFO] music_app.services.cover_refresh_provider: {"action": "Apple album web discovery results", "album": "\u0421\u0442\u0443\u0434\u0438\u0439\u043d\u044b\u0435 \u0437\u0430\u043f\u0438\u0441\u0438", "artist": "\u0414\u0414\u0422", "final_url": "http://127.0.0.1:5502/bing-search?q=%22%D0%94%D0%94%D0%A2%22+%22%D0%A1%D1%82%D1%83%D0%B4%D0%B8%D0%B9%D0%BD%D1%8B%D0%B5+%D0%B7%D0%B0%D0%BF%D0%B8%D1%81%D0%B8%22+%22Apple+Music%22", "query": "\"\u0414\u0414\u0422\" \"\u0421\u0442\u0443\u0434\u0438\u0439\u043d\u044b\u0435 \u0437\u0430\u043f\u0438\u0441\u0438\" \"Apple Music\"", "result_count": 0, "results": [], "source": "bing"}
2026-09-18 21:08:45,627 [VERBOSE] music_app.services.cover_provider_http: Cover HTTP success service=apple-web-discovery context=search:site:music.apple.com/album "\u0421\u0442\u0443\u0434\u0438\u0439\u043d\u044b\u0435 \u0437\u0430\u043f\u0438\u0441\u0438":duckduckgo-html status=200 url=http://127.0.0.1:5502/duckduckgo-search?q=site%3Amusic.apple.com%2Falbum+%22%D0%A1%D1%82%D1%83%D0%B4%D0%B8%D0%B9%D0%BD%D1%8B%D0%B5+%D0%B7%D0%B0%D0%BF%D0%B8%D1%81%D0%B8%22 bytes=41
2026-09-18 21:08:45,628 [INFO] music_app.services.cover_refresh_provider: {"action": "Apple album web discovery results", "album": "\u0421\u0442\u0443\u0434\u0438\u0439\u043d\u044b\u0435 \u0437\u0430\u043f\u0438\u0441\u0438", "artist": "\u0414\u0414\u0422", "final_url": "http://127.0.0.1:5502/duckduckgo-search?q=site%3Amusic.apple.com%2Falbum+%22%D0%A1%D1%82%D1%83%D0%B4%D0%B8%D0%B9%D0%BD%D1%8B%D0%B5+%D0%B7%D0%B0%D0%BF%D0%B8%D1%81%D0%B8%22", "query": "site:music.apple.com/album \"\u0421\u0442\u0443\u0434\u0438\u0439\u043d\u044b\u0435 \u0437\u0430\u043f\u0438\u0441\u0438\"", "result_count": 0, "results": [], "source": "duckduckgo-html"}
2026-09-18 21:08:46,049 [VERBOSE] music_app.services.cover_provider_http: Cover HTTP success service=apple-web-discovery context=search:site:music.apple.com/album "\u0421\u0442\u0443\u0434\u0438\u0439\u043d\u044b\u0435 \u0437\u0430\u043f\u0438\u0441\u0438":bing status=200 url=http://127.0.0.1:5502/bing-search?q=site%3Amusic.apple.com%2Falbum+%22%D0%A1%D1%82%D1%83%D0%B4%D0%B8%D0%B9%D0%BD%D1%8B%D0%B5+%D0%B7%D0%B0%D0%BF%D0%B8%D1%81%D0%B8%22 bytes=41
2026-09-18 21:08:46,049 [INFO] music_app.services.cover_refresh_provider: {"action": "Apple album web discovery results", "album": "\u0421\u0442\u0443\u0434\u0438\u0439\u043d\u044b\u0435 \u0437\u0430\u043f\u0438\u0441\u0438", "artist": "\u0414\u0414\u0422", "final_url": "http://127.0.0.1:5502/bing-search?q=site%3Amusic.apple.com%2Falbum+%22%D0%A1%D1%82%D1%83%D0%B4%D0%B8%D0%B9%D0%BD%D1%8B%D0%B5+%D0%B7%D0%B0%D0%BF%D0%B8%D1%81%D0%B8%22", "query": "site:music.apple.com/album \"\u0421\u0442\u0443\u0434\u0438\u0439\u043d\u044b\u0435 \u0437\u0430\u043f\u0438\u0441\u0438\"", "result_count": 0, "results": [], "source": "bing"}
2026-09-18 21:08:46,291 [VERBOSE] music_app.services.cover_provider_http: Cover HTTP success service=apple-web-discovery context=search:"\u0421\u0442\u0443\u0434\u0438\u0439\u043d\u044b\u0435 \u0437\u0430\u043f\u0438\u0441\u0438" "Apple Music" 1990:duckduckgo-html status=200 url=http://127.0.0.1:5502/duckduckgo-search?q=%22%D0%A1%D1%82%D1%83%D0%B4%D0%B8%D0%B9%D0%BD%D1%8B%D0%B5+%D0%B7%D0%B0%D0%BF%D0%B8%D1%81%D0%B8%22+%22Apple+Music%22+1990 bytes=41
2026-09-18 21:08:46,291 [INFO] music_app.services.cover_refresh_provider: {"action": "Apple album web discovery results", "album": "\u0421\u0442\u0443\u0434\u0438\u0439\u043d\u044b\u0435 \u0437\u0430\u043f\u0438\u0441\u0438", "artist": "\u0414\u0414\u0422", "final_url": "http://127.0.0.1:5502/duckduckgo-search?q=%22%D0%A1%D1%82%D1%83%D0%B4%D0%B8%D0%B9%D0%BD%D1%8B%D0%B5+%D0%B7%D0%B0%D0%BF%D0%B8%D1%81%D0%B8%22+%22Apple+Music%22+1990", "query": "\"\u0421\u0442\u0443\u0434\u0438\u0439\u043d\u044b\u0435 \u0437\u0430\u043f\u0438\u0441\u0438\" \"Apple Music\" 1990", "result_count": 0, "results": [], "source": "duckduckgo-html"}
2026-09-18 21:08:46,578 [VERBOSE] music_app.services.cover_provider_http: Cover HTTP success service=apple-web-discovery context=search:"\u0421\u0442\u0443\u0434\u0438\u0439\u043d\u044b\u0435 \u0437\u0430\u043f\u0438\u0441\u0438" "Apple Music" 1990:bing status=200 url=http://127.0.0.1:5502/bing-search?q=%22%D0%A1%D1%82%D1%83%D0%B4%D0%B8%D0%B9%D0%BD%D1%8B%D0%B5+%D0%B7%D0%B0%D0%BF%D0%B8%D1%81%D0%B8%22+%22Apple+Music%22+1990 bytes=41
2026-09-18 21:08:46,579 [INFO] music_app.services.cover_refresh_provider: {"action": "Apple album web discovery results", "album": "\u0421\u0442\u0443\u0434\u0438\u0439\u043d\u044b\u0435 \u0437\u0430\u043f\u0438\u0441\u0438", "artist": "\u0414\u0414\u0422", "final_url": "http://127.0.0.1:5502/bing-search?q=%22%D0%A1%D1%82%D1%83%D0%B4%D0%B8%D0%B9%D0%BD%D1%8B%D0%B5+%D0%B7%D0%B0%D0%BF%D0%B8%D1%81%D0%B8%22+%22Apple+Music%22+1990", "query": "\"\u0421\u0442\u0443\u0434\u0438\u0439\u043d\u044b\u0435 \u0437\u0430\u043f\u0438\u0441\u0438\" \"Apple Music\" 1990", "result_count": 0, "results": [], "source": "bing"}
2026-09-18 21:08:46,880 [VERBOSE] music_app.services.cover_provider_http: Cover HTTP success service=apple context=search:DDT Studiynye zapisi status=200 url=http://127.0.0.1:5502/itunes/search?term=DDT+Studiynye+zapisi&entity=album&limit=20 bytes=33
2026-09-18 21:08:46,880 [VERBOSE] music_app.services.cover_refresh_provider: Apple raw search results query='DDT Studiynye zapisi' artist='\u0414\u0414\u0422' album='\u0421\u0442\u0443\u0434\u0438\u0439\u043d\u044b\u0435 \u0437\u0430\u043f\u0438\u0441\u0438' year=1990 results=[]
2026-09-18 21:08:46,880 [VERBOSE] music_app.services.cover_refresh_provider: Apple search results query='DDT Studiynye zapisi' count=0 top=[]
2026-09-18 21:08:46,880 [INFO] music_app.services.cover_refresh_provider: {"action": "Apple cover miss", "album": "\u0421\u0442\u0443\u0434\u0438\u0439\u043d\u044b\u0435 \u0437\u0430\u043f\u0438\u0441\u0438", "artist": "\u0414\u0414\u0422", "query_mode": "artist+album:translit", "raw_result_count": 0, "raw_results_summary": [], "top_candidates": [], "year": 1990}
2026-09-18 21:08:47,245 [VERBOSE] music_app.services.cover_provider_http: Cover HTTP success service=apple context=artist-id-search:DDT status=200 url=http://127.0.0.1:5502/itunes/search?term=DDT&entity=musicArtist&limit=10 bytes=33
2026-09-18 21:08:47,247 [INFO] music_app.services.cover_refresh_provider: {"action": "Apple artist lookup results", "album": "\u0421\u0442\u0443\u0434\u0438\u0439\u043d\u044b\u0435 \u0437\u0430\u043f\u0438\u0441\u0438", "artist": "\u0414\u0414\u0422", "query_artist": "DDT", "result_count": 0, "top_results": []}
2026-09-18 21:08:47,492 [VERBOSE] music_app.services.cover_provider_http: Cover HTTP success service=apple context=artist-search:DDT status=200 url=http://127.0.0.1:5502/itunes/search?term=DDT&entity=musicArtist&limit=10 bytes=33
2026-09-18 21:08:47,767 [VERBOSE] music_app.services.cover_provider_http: Cover HTTP success service=apple-web-discovery context=search:site:music.apple.com/album "\u0414\u0414\u0422" "\u0421\u0442\u0443\u0434\u0438\u0439\u043d\u044b\u0435 \u0437\u0430\u043f\u0438\u0441\u0438":duckduckgo-html status=200 url=http://127.0.0.1:5502/duckduckgo-search?q=site%3Amusic.apple.com%2Falbum+%22%D0%94%D0%94%D0%A2%22+%22%D0%A1%D1%82%D1%83%D0%B4%D0%B8%D0%B9%D0%BD%D1%8B%D0%B5+%D0%B7%D0%B0%D0%BF%D0%B8%D1%81%D0%B8%22 bytes=41
2026-09-18 21:08:47,767 [INFO] music_app.services.cover_refresh_provider: {"action": "Apple album web discovery results", "album": "\u0421\u0442\u0443\u0434\u0438\u0439\u043d\u044b\u0435 \u0437\u0430\u043f\u0438\u0441\u0438", "artist": "\u0414\u0414\u0422", "final_url": "http://127.0.0.1:5502/duckduckgo-search?q=site%3Amusic.apple.com%2Falbum+%22%D0%94%D0%94%D0%A2%22+%22%D0%A1%D1%82%D1%83%D0%B4%D0%B8%D0%B9%D0%BD%D1%8B%D0%B5+%D0%B7%D0%B0%D0%BF%D0%B8%D1%81%D0%B8%22", "query": "site:music.apple.com/album \"\u0414\u0414\u0422\" \"\u0421\u0442\u0443\u0434\u0438\u0439\u043d\u044b\u0435 \u0437\u0430\u043f\u0438\u0441\u0438\"", "result_count": 0, "results": [], "source": "duckduckgo-html"}
2026-09-18 21:08:48,056 [VERBOSE] music_app.services.cover_provider_http: Cover HTTP success service=apple-web-discovery context=search:site:music.apple.com/album "\u0414\u0414\u0422" "\u0421\u0442\u0443\u0434\u0438\u0439\u043d\u044b\u0435 \u0437\u0430\u043f\u0438\u0441\u0438":bing status=200 url=http://127.0.0.1:5502/bing-search?q=site%3Amusic.apple.com%2Falbum+%22%D0%94%D0%94%D0%A2%22+%22%D0%A1%D1%82%D1%83%D0%B4%D0%B8%D0%B9%D0%BD%D1%8B%D0%B5+%D0%B7%D0%B0%D0%BF%D0%B8%D1%81%D0%B8%22 bytes=41
2026-09-18 21:08:48,056 [INFO] music_app.services.cover_refresh_provider: {"action": "Apple album web discovery results", "album": "\u0421\u0442\u0443\u0434\u0438\u0439\u043d\u044b\u0435 \u0437\u0430\u043f\u0438\u0441\u0438", "artist": "\u0414\u0414\u0422", "final_url": "http://127.0.0.1:5502/bing-search?q=site%3Amusic.apple.com%2Falbum+%22%D0%94%D0%94%D0%A2%22+%22%D0%A1%D1%82%D1%83%D0%B4%D0%B8%D0%B9%D0%BD%D1%8B%D0%B5+%D0%B7%D0%B0%D0%BF%D0%B8%D1%81%D0%B8%22", "query": "site:music.apple.com/album \"\u0414\u0414\u0422\" \"\u0421\u0442\u0443\u0434\u0438\u0439\u043d\u044b\u0435 \u0437\u0430\u043f\u0438\u0441\u0438\"", "result_count": 0, "results": [], "source": "bing"}
2026-09-18 21:08:48,364 [VERBOSE] music_app.services.cover_provider_http: Cover HTTP success service=apple-web-discovery context=search:"\u0414\u0414\u0422" "\u0421\u0442\u0443\u0434\u0438\u0439\u043d\u044b\u0435 \u0437\u0430\u043f\u0438\u0441\u0438" "Apple Music":duckduckgo-html status=200 url=http://127.0.0.1:5502/duckduckgo-search?q=%22%D0%94%D0%94%D0%A2%22+%22%D0%A1%D1%82%D1%83%D0%B4%D0%B8%D0%B9%D0%BD%D1%8B%D0%B5+%D0%B7%D0%B0%D0%BF%D0%B8%D1%81%D0%B8%22+%22Apple+Music%22 bytes=41
2026-09-18 21:08:48,364 [INFO] music_app.services.cover_refresh_provider: {"action": "Apple album web discovery results", "album": "\u0421\u0442\u0443\u0434\u0438\u0439\u043d\u044b\u0435 \u0437\u0430\u043f\u0438\u0441\u0438", "artist": "\u0414\u0414\u0422", "final_url": "http://127.0.0.1:5502/duckduckgo-search?q=%22%D0%94%D0%94%D0%A2%22+%22%D0%A1%D1%82%D1%83%D0%B4%D0%B8%D0%B9%D0%BD%D1%8B%D0%B5+%D0%B7%D0%B0%D0%BF%D0%B8%D1%81%D0%B8%22+%22Apple+Music%22", "query": "\"\u0414\u0414\u0422\" \"\u0421\u0442\u0443\u0434\u0438\u0439\u043d\u044b\u0435 \u0437\u0430\u043f\u0438\u0441\u0438\" \"Apple Music\"", "result_count": 0, "results": [], "source": "duckduckgo-html"}
2026-09-18 21:08:48,689 [VERBOSE] music_app.services.cover_provider_http: Cover HTTP success service=apple-web-discovery context=search:"\u0414\u0414\u0422" "\u0421\u0442\u0443\u0434\u0438\u0439\u043d\u044b\u0435 \u0437\u0430\u043f\u0438\u0441\u0438" "Apple Music":bing status=200 url=http://127.0.0.1:5502/bing-search?q=%22%D0%94%D0%94%D0%A2%22+%22%D0%A1%D1%82%D1%83%D0%B4%D0%B8%D0%B9%D0%BD%D1%8B%D0%B5+%D0%B7%D0%B0%D0%BF%D0%B8%D1%81%D0%B8%22+%22Apple+Music%22 bytes=41
2026-09-18 21:08:48,689 [INFO] music_app.services.cover_refresh_provider: {"action": "Apple album web discovery results", "album": "\u0421\u0442\u0443\u0434\u0438\u0439\u043d\u044b\u0435 \u0437\u0430\u043f\u0438\u0441\u0438", "artist": "\u0414\u0414\u0422", "final_url": "http://127.0.0.1:5502/bing-search?q=%22%D0%94%D0%94%D0%A2%22+%22%D0%A1%D1%82%D1%83%D0%B4%D0%B8%D0%B9%D0%BD%D1%8B%D0%B5+%D0%B7%D0%B0%D0%BF%D0%B8%D1%81%D0%B8%22+%22Apple+Music%22", "query": "\"\u0414\u0414\u0422\" \"\u0421\u0442\u0443\u0434\u0438\u0439\u043d\u044b\u0435 \u0437\u0430\u043f\u0438\u0441\u0438\" \"Apple Music\"", "result_count": 0, "results": [], "source": "bing"}
2026-09-18 21:08:48,998 [VERBOSE] music_app.services.cover_provider_http: Cover HTTP success service=apple-web-discovery context=search:site:music.apple.com/album "\u0421\u0442\u0443\u0434\u0438\u0439\u043d\u044b\u0435 \u0437\u0430\u043f\u0438\u0441\u0438":duckduckgo-html status=200 url=http://127.0.0.1:5502/duckduckgo-search?q=site%3Amusic.apple.com%2Falbum+%22%D0%A1%D1%82%D1%83%D0%B4%D0%B8%D0%B9%D0%BD%D1%8B%D0%B5+%D0%B7%D0%B0%D0%BF%D0%B8%D1%81%D0%B8%22 bytes=41
2026-09-18 21:08:48,998 [INFO] music_app.services.cover_refresh_provider: {"action": "Apple album web discovery results", "album": "\u0421\u0442\u0443\u0434\u0438\u0439\u043d\u044b\u0435 \u0437\u0430\u043f\u0438\u0441\u0438", "artist": "\u0414\u0414\u0422", "final_url": "http://127.0.0.1:5502/duckduckgo-search?q=site%3Amusic.apple.com%2Falbum+%22%D0%A1%D1%82%D1%83%D0%B4%D0%B8%D0%B9%D0%BD%D1%8B%D0%B5+%D0%B7%D0%B0%D0%BF%D0%B8%D1%81%D0%B8%22", "query": "site:music.apple.com/album \"\u0421\u0442\u0443\u0434\u0438\u0439\u043d\u044b\u0435 \u0437\u0430\u043f\u0438\u0441\u0438\"", "result_count": 0, "results": [], "source": "duckduckgo-html"}
2026-09-18 21:08:49,268 [VERBOSE] music_app.services.cover_provider_http: Cover HTTP success service=apple-web-discovery context=search:site:music.apple.com/album "\u0421\u0442\u0443\u0434\u0438\u0439\u043d\u044b\u0435 \u0437\u0430\u043f\u0438\u0441\u0438":bing status=200 url=http://127.0.0.1:5502/bing-search?q=site%3Amusic.apple.com%2Falbum+%22%D0%A1%D1%82%D1%83%D0%B4%D0%B8%D0%B9%D0%BD%D1%8B%D0%B5+%D0%B7%D0%B0%D0%BF%D0%B8%D1%81%D0%B8%22 bytes=41
2026-09-18 21:08:49,268 [INFO] music_app.services.cover_refresh_provider: {"action": "Apple album web discovery results", "album": "\u0421\u0442\u0443\u0434\u0438\u0439\u043d\u044b\u0435 \u0437\u0430\u043f\u0438\u0441\u0438", "artist": "\u0414\u0414\u0422", "final_url": "http://127.0.0.1:5502/bing-search?q=site%3Amusic.apple.com%2Falbum+%22%D0%A1%D1%82%D1%83%D0%B4%D0%B8%D0%B9%D0%BD%D1%8B%D0%B5+%D0%B7%D0%B0%D0%BF%D0%B8%D1%81%D0%B8%22", "query": "site:music.apple.com/album \"\u0421\u0442\u0443\u0434\u0438\u0439\u043d\u044b\u0435 \u0437\u0430\u043f\u0438\u0441\u0438\"", "result_count": 0, "results": [], "source": "bing"}
2026-09-18 21:08:49,531 [VERBOSE] music_app.services.cover_provider_http: Cover HTTP success service=apple-web-discovery context=search:"\u0421\u0442\u0443\u0434\u0438\u0439\u043d\u044b\u0435 \u0437\u0430\u043f\u0438\u0441\u0438" "Apple Music" 1990:duckduckgo-html status=200 url=http://127.0.0.1:5502/duckduckgo-search?q=%22%D0%A1%D1%82%D1%83%D0%B4%D0%B8%D0%B9%D0%BD%D1%8B%D0%B5+%D0%B7%D0%B0%D0%BF%D0%B8%D1%81%D0%B8%22+%22Apple+Music%22+1990 bytes=41
2026-09-18 21:08:49,531 [INFO] music_app.services.cover_refresh_provider: {"action": "Apple album web discovery results", "album": "\u0421\u0442\u0443\u0434\u0438\u0439\u043d\u044b\u0435 \u0437\u0430\u043f\u0438\u0441\u0438", "artist": "\u0414\u0414\u0422", "final_url": "http://127.0.0.1:5502/duckduckgo-search?q=%22%D0%A1%D1%82%D1%83%D0%B4%D0%B8%D0%B9%D0%BD%D1%8B%D0%B5+%D0%B7%D0%B0%D0%BF%D0%B8%D1%81%D0%B8%22+%22Apple+Music%22+1990", "query": "\"\u0421\u0442\u0443\u0434\u0438\u0439\u043d\u044b\u0435 \u0437\u0430\u043f\u0438\u0441\u0438\" \"Apple Music\" 1990", "result_count": 0, "results": [], "source": "duckduckgo-html"}
2026-09-18 21:08:49,942 [VERBOSE] music_app.services.cover_provider_http: Cover HTTP success service=apple-web-discovery context=search:"\u0421\u0442\u0443\u0434\u0438\u0439\u043d\u044b\u0435 \u0437\u0430\u043f\u0438\u0441\u0438" "Apple Music" 1990:bing status=200 url=http://127.0.0.1:5502/bing-search?q=%22%D0%A1%D1%82%D1%83%D0%B4%D0%B8%D0%B9%D0%BD%D1%8B%D0%B5+%D0%B7%D0%B0%D0%BF%D0%B8%D1%81%D0%B8%22+%22Apple+Music%22+1990 bytes=41
2026-09-18 21:08:49,942 [INFO] music_app.services.cover_refresh_provider: {"action": "Apple album web discovery results", "album": "\u0421\u0442\u0443\u0434\u0438\u0439\u043d\u044b\u0435 \u0437\u0430\u043f\u0438\u0441\u0438", "artist": "\u0414\u0414\u0422", "final_url": "http://127.0.0.1:5502/bing-search?q=%22%D0%A1%D1%82%D1%83%D0%B4%D0%B8%D0%B9%D0%BD%D1%8B%D0%B5+%D0%B7%D0%B0%D0%BF%D0%B8%D1%81%D0%B8%22+%22Apple+Music%22+1990", "query": "\"\u0421\u0442\u0443\u0434\u0438\u0439\u043d\u044b\u0435 \u0437\u0430\u043f\u0438\u0441\u0438\" \"Apple Music\" 1990", "result_count": 0, "results": [], "source": "bing"}
2026-09-18 21:08:49,942 [VERBOSE] music_app: Cover fetch processed artist='\u0414\u0414\u0422' album='\u0421\u0442\u0443\u0434\u0438\u0439\u043d\u044b\u0435 \u0437\u0430\u043f\u0438\u0441\u0438' folder='D:\\a\\_temp\\album-haven-e2e-functional-fixtures-playback-utilities\\shared\\media\\\u0414\u0414\u0422\\\u0421\u0442\u0443\u0434\u0438\u0439\u043d\u044b\u0435 \u0437\u0430\u043f\u0438\u0441\u0438' downloaded=False has_cover=False
2026-09-18 21:08:49,942 [WARNING] music_app: {"action": "Cover art update failed", "album": "\u0421\u0442\u0443\u0434\u0438\u0439\u043d\u044b\u0435 \u0437\u0430\u043f\u0438\u0441\u0438", "artist": "\u0414\u0414\u0422", "elapsed_ms": 16214.36, "folder": "D:\\a\\_temp\\album-haven-e2e-functional-fixtures-playback-utilities\\shared\\media\\\u0414\u0414\u0422\\\u0421\u0442\u0443\u0434\u0438\u0439\u043d\u044b\u0435 \u0437\u0430\u043f\u0438\u0441\u0438", "force_search": false, "reason": "remote_search_returned_no_candidate", "resolver_trace": [{"apple_http_trace": [{"context": "search:\u0414\u0414\u0422 \u0421\u0442\u0443\u0434\u0438\u0439\u043d\u044b\u0435 \u0437\u0430\u043f\u0438\u0441\u0438 1990", "elapsed_ms": 1223.38, "status": "success:200"}, {"context": "artist-id-search:\u0414\u0414\u0422", "elapsed_ms": 721.76, "status": "success:200"}, {"context": "artist-search:\u0414\u0414\u0422", "elapsed_ms": 459.84, "status": "success:200"}, {"context": "search:\u0414\u0414\u0422 \u0421\u0442\u0443\u0434\u0438\u0439\u043d\u044b\u0435 \u0437\u0430\u043f\u0438\u0441\u0438", "elapsed_ms": 234.11, "status": "success:200"}, {"context": "artist-id-search:\u0414\u0414\u0422", "elapsed_ms": 245.08, "status": "success:200"}, {"context": "artist-search:\u0414\u0414\u0422", "elapsed_ms": 326.37, "status": "success:200"}, {"context": "search:DDT Studiynye zapisi 1990", "elapsed_ms": 338.64, "status": "success:200"}, {"context": "artist-id-search:DDT", "elapsed_ms": 318.22, "status": "success:200"}], "elapsed_ms": 16210.9, "resolver": "_search_apple", "status": "no_candidate"}], "status": "missing_cover_art"}
2026-09-18 21:08:49,942 [INFO] music_app: {"action": "Cover fetch slow", "album": "\u0421\u0442\u0443\u0434\u0438\u0439\u043d\u044b\u0435 \u0437\u0430\u043f\u0438\u0441\u0438", "artist": "\u0414\u0414\u0422", "downloaded": false, "elapsed_ms": 16214.36, "folder": "D:\\a\\_temp\\album-haven-e2e-functional-fixtures-playback-utilities\\shared\\media\\\u0414\u0414\u0422\\\u0421\u0442\u0443\u0434\u0438\u0439\u043d\u044b\u0435 \u0437\u0430\u043f\u0438\u0441\u0438", "force_search": false, "has_cover": false, "reason": "remote_search_returned_no_candidate", "resolver_trace": [{"apple_http_trace": [{"context": "search:\u0414\u0414\u0422 \u0421\u0442\u0443\u0434\u0438\u0439\u043d\u044b\u0435 \u0437\u0430\u043f\u0438\u0441\u0438 1990", "elapsed_ms": 1223.38, "status": "success:200"}, {"context": "artist-id-search:\u0414\u0414\u0422", "elapsed_ms": 721.76, "status": "success:200"}, {"context": "artist-search:\u0414\u0414\u0422", "elapsed_ms": 459.84, "status": "success:200"}, {"context": "search:\u0414\u0414\u0422 \u0421\u0442\u0443\u0434\u0438\u0439\u043d\u044b\u0435 \u0437\u0430\u043f\u0438\u0441\u0438", "elapsed_ms": 234.11, "status": "success:200"}, {"context": "artist-id-search:\u0414\u0414\u0422", "elapsed_ms": 245.08, "status": "success:200"}, {"context": "artist-search:\u0414\u0414\u0422", "elapsed_ms": 326.37, "status": "success:200"}, {"context": "search:DDT Studiynye zapisi 1990", "elapsed_ms": 338.64, "status": "success:200"}, {"context": "artist-id-search:DDT", "elapsed_ms": 318.22, "status": "success:200"}], "elapsed_ms": 16210.9, "resolver": "_search_apple", "status": "no_candidate"}]}
2026-09-18 21:08:49,944 [INFO] music_app: {"action": "Cover art update completed", "album_count": 16, "downloaded": 0, "downloaded_paths": [], "failed": 14, "files": [], "force_search": false, "mode": "manual-bulk", "not_found": 14, "not_touched": 2, "processed": 16, "skipped": 2}
  x  1 [functional] › tests\e2e\specs\settingsIntegrations.functional.spec.js:5:1 › FTC-SETTINGS-I01 real folder picking preserves Cancel and validates saved *** membership @area:integrations (4.2m)
[album-haven-playwright-result] {"version":1,"phase":"tests-complete","nonce":"60f2cfc5ebccd958f9a35ff59eaff269ce7d152cc2e7ea7c3a77682188c83a80","status":"failed","total":1,"completed":1,"failed":1,"skipped":0,"errors":0}
[playwright-wrapper-failure-latched] {"phase":"tests-complete","status":"failed","total":1,"completed":1,"failed":1,"skipped":0,"errors":0}



[album-haven-playwright-result] {"version":1,"phase":"run-final","nonce":"60f2cfc5ebccd958f9a35ff59eaff269ce7d152cc2e7ea7c3a77682188c83a80","status":"failed","total":1,"completed":1,"failed":1,"skipped":0,"errors":0}

  1) [functional] › tests\e2e\specs\settingsIntegrations.functional.spec.js:5:1 › FTC-SETTINGS-I01 real folder picking preserves Cancel and validates saved *** membership @area:integrations 

    Test timeout of 240000ms exceeded.

    Error: page.waitForResponse: Test timeout of 240000ms exceeded.

       at ..\poms\settingsIntegrations.js:37

      35 |   }
      36 |   async saveResult() {
    > 37 |     const pending = this.page.waitForResponse(response => response.request().method() === 'POST' && new URL(response.url()).pathname === '/library-settings');
         |                               ^
      38 |     await this.save.click();
      39 |     const response = await pending;
      40 |     return { status: response.status(), payload: await response.json() };
        at SettingsIntegrations.saveResult (D:\a\AlbumHaven\AlbumHaven\tests\e2e\poms\settingsIntegrations.js:37:31)
        at D:\a\AlbumHaven\AlbumHaven\tests\e2e\specs\settingsIntegrations.functional.spec.js:64:22

    Error: locator.click: Test timeout of 240000ms exceeded.
    Call log:
      - waiting for locator('#utility-problematic-detail').getByRole('button', { name: 'Save library settings', exact: true })
        - locator resolved to <button type="button" class="button" data-save-library-settings="1">Save library settings</button>
      - attempting click action
        2 × waiting for element to be visible, enabled and stable
          - element is visible, enabled and stable
          - scrolling into view if needed
          - done scrolling
          - <button type="button" data-watcher-dismiss="1" class="button ui-button ui-button--secondary ui-button--medium on-page-alert__dismiss">…</button> from <div id="toast-layer" aria-live="polite" aria-atomic="true" class="toast-layer">…</div> subtree intercepts pointer events
        - retrying click action
        - waiting 20ms
        2 × waiting for element to be visible, enabled and stable
          - element is visible, enabled and stable
          - scrolling into view if needed
          - done scrolling
          - <button type="button" data-watcher-dismiss="1" class="button ui-button ui-button--secondary ui-button--medium on-page-alert__dismiss">…</button> from <div id="toast-layer" aria-live="polite" aria-atomic="true" class="toast-layer">…</div> subtree intercepts pointer events
        - retrying click action
          - waiting 100ms
        117 × waiting for element to be visible, enabled and stable
            - element is visible, enabled and stable
            - scrolling into view if needed
            - done scrolling
            - <button type="button" data-watcher-dismiss="1" class="button ui-button ui-button--secondary ui-button--medium on-page-alert__dismiss">…</button> from <div id="toast-layer" aria-live="polite" aria-atomic="true" class="toast-layer">…</div> subtree intercepts pointer events
          - retrying click action
            - waiting 500ms
        - waiting for element to be visible, enabled and stable
      - element was detached from the DOM, retrying
        - locator resolved to <button type="button" class="button" data-save-library-settings="1">Save library settings</button>
      - attempting click action
        2 × waiting for element to be visible, enabled and stable
          - element is visible, enabled and stable
          - scrolling into view if needed
          - done scrolling
          - <button type="button" data-watcher-dismiss="1" class="button ui-button ui-button--secondary ui-button--medium on-page-alert__dismiss">…</button> from <div id="toast-layer" aria-live="polite" aria-atomic="true" class="toast-layer">…</div> subtree intercepts pointer events
        - retrying click action
        - waiting 20ms
        2 × waiting for element to be visible, enabled and stable
          - element is visible, enabled and stable
          - scrolling into view if needed
          - done scrolling
          - <button type="button" data-watcher-dismiss="1" class="button ui-button ui-button--secondary ui-button--medium on-page-alert__dismiss">…</button> from <div id="toast-layer" aria-live="polite" aria-atomic="true" class="toast-layer">…</div> subtree intercepts pointer events
        - retrying click action
          - waiting 100ms
        280 × waiting for element to be visible, enabled and stable
            - element is visible, enabled and stable
            - scrolling into view if needed
            - done scrolling
            - <button type="button" data-watcher-dismiss="1" class="button ui-button ui-button--secondary ui-button--medium on-page-alert__dismiss">…</button> from <div id="toast-layer" aria-live="polite" aria-atomic="true" class="toast-layer">…</div> subtree intercepts pointer events
          - retrying click action
            - waiting 500ms
        - waiting for element to be visible, enabled and stable


       at ..\poms\settingsIntegrations.js:38

      36 |   async saveResult() {
      37 |     const pending = this.page.waitForResponse(response => response.request().method() === 'POST' && new URL(response.url()).pathname === '/library-settings');
    > 38 |     await this.save.click();
         |                     ^
      39 |     const response = await pending;
      40 |     return { status: response.status(), payload: await response.json() };
      41 |   }
        at SettingsIntegrations.saveResult (D:\a\AlbumHaven\AlbumHaven\tests\e2e\poms\settingsIntegrations.js:38:21)
        at D:\a\AlbumHaven\AlbumHaven\tests\e2e\specs\settingsIntegrations.functional.spec.js:64:22

    Error Context: ..\..\_temp\functional-output-playback-utilities\wave-04-34-playwright-config-js\settingsIntegrations.funct-93b7e-dates-saved-***-membership-functional\error-context.md

    attachment #2: trace (application/zip) ─────────────────────────────────────────────────────────
    ..\..\_temp\functional-output-playback-utilities\wave-04-34-playwright-config-js\settingsIntegrations.funct-93b7e-dates-saved-***-membership-functional\trace.zip
    Usage:

        npx playwright show-trace ..\..\_temp\functional-output-playback-utilities\wave-04-34-playwright-config-js\settingsIntegrations.funct-93b7e-dates-saved-***-membership-functional\trace.zip

    ────────────────────────────────────────────────────────────────────────────────────────────────

  1 failed
    [functional] › tests\e2e\specs\settingsIntegrations.functional.spec.js:5:1 › FTC-SETTINGS-I01 real folder picking preserves Cancel and validates saved *** membership @area:integrations 

=== Playwright Summary ===
[x] settingsIntegrations.functional.spec
  [x] FTC-SETTINGS-I01 real folder picking preserves Cancel and validates saved *** membership @area:integrations (4.2m)

Overall: 0/1 passed
Failed tests:
- settingsIntegrations.functional.spec > FTC-SETTINGS-I01 real folder picking preserves Cancel and validates saved *** membership @area:integrations (4.2m)
[playwright-wrapper-diagnostic] {"reason":"wrapper-child-lifecycle-mismatch","childExitCode":1,"childExitSignal":null,"childCloseCode":1,"childCloseSignal":null,"processError":null,"stopReason":"none","cleanupOutcome":"completed"}
[playwright-wrapper-final-decision] {"wrapperExitCode":1,"attemptReturn":{"exitCode":1,"exitReason":"wrapper-child-lifecycle-mismatch"},"fakeDatabaseCleanup":{"status":"completed","error":null,"mode":"lock-only"},"scanAppCleanup":{"status":"not-required","error":null},"isolatedAppCleanup":{"status":"completed","error":null},"tempCleanup":{"status":"completed","error":null,"removedCount":1},"passivePortDiagnostics":[{"port":5500,"status":"completed","error":null,"ownerCount":0},{"port":5502,"status":"completed","error":null,"ownerCount":0}],"finalSummary":{"phase":"run-final","status":"failed","total":1,"completed":1,"failed":1,"skipped":0,"errors":0,"listOnly":false},"exitReason":"wrapper-child-lifecycle-mismatch"}
{"restored":0,"removed":0,"unchanged":1497}
{"files":1497}
##[error]Process completed with exit code 1.
##[group]Run $statePath = "D:\a\_temp\album-haven-functional-playback-utilities.state.json"
$statePath = "D:\a\_temp\album-haven-functional-playback-utilities.state.json"
if (Test-Path -LiteralPath $statePath -PathType Leaf) {
  .\scripts\ci\bootstrap-windows-postgres.ps1 `
    -Mode Teardown `
    -ExpectedMajorVersion 17 `
    -Pgbin $env:PGBIN `
    -HostName 127.0.0.1 `
    -DatabaseSuffix "f_35389965541_1_3" `
    -StatePath "D:\a\_temp\album-haven-functional-playback-utilities.state.json"
}
shell: C:\Program Files\PowerShell\7\pwsh.EXE -command ". '{0}'"
env:
  ALBUM_HAVEN_EXPECTED_FFMPEG_VERSION: 7.1-essentials_build-www.gyan.dev
  ALBUM_HAVEN_FIXTURE_RELEASE: fixtures-v1.0.23
  ALBUM_HAVEN_FIXTURE_PROFILE: functional-core
  ALBUM_HAVEN_FIXTURE_ROOT: D:\a\_temp\album-haven-e2e-functional-fixtures-playback-utilities\shared
  ALBUM_HAVEN_MEDIA_ROOT: D:\a\_temp\album-haven-e2e-functional-fixtures-playback-utilities\shared\media
  pythonLocation: C:\hostedtoolcache\windows\Python\3.11.9\x64
  PKG_CONFIG_PATH: C:\hostedtoolcache\windows\Python\3.11.9\x64/lib/pkgconfig
  Python_ROOT_DIR: C:\hostedtoolcache\windows\Python\3.11.9\x64
  Python2_ROOT_DIR: C:\hostedtoolcache\windows\Python\3.11.9\x64
  Python3_ROOT_DIR: C:\hostedtoolcache\windows\Python\3.11.9\x64
  ALBUM_HAVEN_FUNCTIONAL_FIXTURE_WORK_ROOT: D:\a\_temp\album-haven-e2e-functional-fixtures-playback-utilities
  ALBUM_HAVEN_FUNCTIONAL_SOURCE_FIXTURE_ROOT: D:\a\_temp\album-haven-fixtures-7da1581acced42d693f6ac46f0d6f508
  PGPASSFILE: D:\a\_temp\album-haven-postgres-f_35389965541_1_3.pgpass
  ALBUM_HAVEN_CI_DATABASE: album_haven_ci_f_35389965541_1_3
  DATABASE_MIGRATOR_URL: postgresql://album_haven_migrator_f_35389965541_1_3@127.0.0.1/album_haven_ci_f_35389965541_1_3
  DATABASE_APP_URL: postgresql://album_haven_app_f_35389965541_1_3@127.0.0.1/album_haven_ci_f_35389965541_1_3
  DATABASE_READONLY_URL: postgresql://album_haven_readonly_f_35389965541_1_3@127.0.0.1/album_haven_ci_f_35389965541_1_3
  ALBUM_HAVEN_FAKE_E2E_SETUP_DATABASE_URL: postgresql://album_haven_migrator_f_35389965541_1_3@127.0.0.1/album_haven_ci_f_35389965541_1_3
  ALBUM_HAVEN_FAKE_E2E_DATABASE_URL: postgresql://album_haven_app_f_35389965541_1_3@127.0.0.1/album_haven_ci_f_35389965541_1_3
  ALBUM_HAVEN_APP_DATABASE_URL: postgresql://album_haven_app_f_35389965541_1_3@127.0.0.1/album_haven_ci_f_35389965541_1_3
##[endgroup]
 pg_terminate_backend 
----------------------
(0 rows)

DROP DATABASE
DROP ROLE
DROP ROLE
DROP ROLE
Node 20 is being deprecated. This workflow is running with Node 24 by default. If you need to temporarily use Node 20, you can set the ACTIONS_ALLOW_USE_UNSECURE_NODE_VERSION=true environment variable. For more information see: https://github.blog/changelog/2025-09-19-deprecation-of-node-20-on-github-actions-runners/
##[group]Run actions/upload-artifact@v4
with:
  name: foundation-versions-functional-playback-utilities-1
  path: D:\a\_temp\foundation-version-manifest-functional-playback-utilities.json
  if-no-files-found: error
  retention-days: 14
  compression-level: 6
  overwrite: false
  include-hidden-files: false
env:
  ALBUM_HAVEN_EXPECTED_FFMPEG_VERSION: 7.1-essentials_build-www.gyan.dev
  ALBUM_HAVEN_FIXTURE_RELEASE: fixtures-v1.0.23
  ALBUM_HAVEN_FIXTURE_PROFILE: functional-core
  ALBUM_HAVEN_FIXTURE_ROOT: D:\a\_temp\album-haven-e2e-functional-fixtures-playback-utilities\shared
  ALBUM_HAVEN_MEDIA_ROOT: D:\a\_temp\album-haven-e2e-functional-fixtures-playback-utilities\shared\media
  pythonLocation: C:\hostedtoolcache\windows\Python\3.11.9\x64
  PKG_CONFIG_PATH: C:\hostedtoolcache\windows\Python\3.11.9\x64/lib/pkgconfig
  Python_ROOT_DIR: C:\hostedtoolcache\windows\Python\3.11.9\x64
  Python2_ROOT_DIR: C:\hostedtoolcache\windows\Python\3.11.9\x64
  Python3_ROOT_DIR: C:\hostedtoolcache\windows\Python\3.11.9\x64
  ALBUM_HAVEN_FUNCTIONAL_FIXTURE_WORK_ROOT: D:\a\_temp\album-haven-e2e-functional-fixtures-playback-utilities
  ALBUM_HAVEN_FUNCTIONAL_SOURCE_FIXTURE_ROOT: D:\a\_temp\album-haven-fixtures-7da1581acced42d693f6ac46f0d6f508
  PGPASSFILE: D:\a\_temp\album-haven-postgres-f_35389965541_1_3.pgpass
  ALBUM_HAVEN_CI_DATABASE: album_haven_ci_f_35389965541_1_3
  DATABASE_MIGRATOR_URL: postgresql://album_haven_migrator_f_35389965541_1_3@127.0.0.1/album_haven_ci_f_35389965541_1_3
  DATABASE_APP_URL: postgresql://album_haven_app_f_35389965541_1_3@127.0.0.1/album_haven_ci_f_35389965541_1_3
  DATABASE_READONLY_URL: postgresql://album_haven_readonly_f_35389965541_1_3@127.0.0.1/album_haven_ci_f_35389965541_1_3
  ALBUM_HAVEN_FAKE_E2E_SETUP_DATABASE_URL: postgresql://album_haven_migrator_f_35389965541_1_3@127.0.0.1/album_haven_ci_f_35389965541_1_3
  ALBUM_HAVEN_FAKE_E2E_DATABASE_URL: postgresql://album_haven_app_f_35389965541_1_3@127.0.0.1/album_haven_ci_f_35389965541_1_3
  ALBUM_HAVEN_APP_DATABASE_URL: postgresql://album_haven_app_f_35389965541_1_3@127.0.0.1/album_haven_ci_f_35389965541_1_3
##[endgroup]
(node:6196) [DEP0040] DeprecationWarning: The `punycode` module is deprecated. Please use a userland alternative instead.
(Use `node --trace-deprecation ...` to show where the warning was created)
With the provided path, there will be 1 file uploaded
Artifact name is valid!
Root directory input is valid!
Beginning upload of artifact content to blob storage
(node:6196) [DEP0169] DeprecationWarning: `url.parse()` behavior is not standardized and prone to errors that have security implications. Use the WHATWG URL API instead. CVEs are not issued for `url.parse()` vulnerabilities.
Uploaded bytes 545
Finished uploading artifact content to blob storage!
SHA256 digest of uploaded artifact zip is 7d271a0748aef12a8deda425c3ceedc134bc618d11265e5661aa8d62cf5744c1
Finalizing artifact upload
Artifact foundation-versions-functional-playback-utilities-1.zip successfully finalized. Artifact ID 10568135030
Artifact foundation-versions-functional-playback-utilities-1 has been successfully uploaded! Final size is 545 bytes. Artifact ID is 10568135030
Artifact download URL: https://github.com/idanilovqa/AlbumHaven/actions/runs/35389965541/artifacts/10568135030
Node 20 is being deprecated. This workflow is running with Node 24 by default. If you need to temporarily use Node 20, you can set the ACTIONS_ALLOW_USE_UNSECURE_NODE_VERSION=true environment variable. For more information see: https://github.blog/changelog/2025-09-19-deprecation-of-node-20-on-github-actions-runners/
##[group]Run actions/upload-artifact@v4
with:
  name: functional-blob-playback-utilities-1
  path: D:\a\_temp\functional-blobs-playback-utilities
  if-no-files-found: error
  retention-days: 14
  compression-level: 6
  overwrite: false
  include-hidden-files: false
env:
  ALBUM_HAVEN_EXPECTED_FFMPEG_VERSION: 7.1-essentials_build-www.gyan.dev
  ALBUM_HAVEN_FIXTURE_RELEASE: fixtures-v1.0.23
  ALBUM_HAVEN_FIXTURE_PROFILE: functional-core
  ALBUM_HAVEN_FIXTURE_ROOT: D:\a\_temp\album-haven-e2e-functional-fixtures-playback-utilities\shared
  ALBUM_HAVEN_MEDIA_ROOT: D:\a\_temp\album-haven-e2e-functional-fixtures-playback-utilities\shared\media
  pythonLocation: C:\hostedtoolcache\windows\Python\3.11.9\x64
  PKG_CONFIG_PATH: C:\hostedtoolcache\windows\Python\3.11.9\x64/lib/pkgconfig
  Python_ROOT_DIR: C:\hostedtoolcache\windows\Python\3.11.9\x64
  Python2_ROOT_DIR: C:\hostedtoolcache\windows\Python\3.11.9\x64
  Python3_ROOT_DIR: C:\hostedtoolcache\windows\Python\3.11.9\x64
  ALBUM_HAVEN_FUNCTIONAL_FIXTURE_WORK_ROOT: D:\a\_temp\album-haven-e2e-functional-fixtures-playback-utilities
  ALBUM_HAVEN_FUNCTIONAL_SOURCE_FIXTURE_ROOT: D:\a\_temp\album-haven-fixtures-7da1581acced42d693f6ac46f0d6f508
  PGPASSFILE: D:\a\_temp\album-haven-postgres-f_35389965541_1_3.pgpass
  ALBUM_HAVEN_CI_DATABASE: album_haven_ci_f_35389965541_1_3
  DATABASE_MIGRATOR_URL: postgresql://album_haven_migrator_f_35389965541_1_3@127.0.0.1/album_haven_ci_f_35389965541_1_3
  DATABASE_APP_URL: postgresql://album_haven_app_f_35389965541_1_3@127.0.0.1/album_haven_ci_f_35389965541_1_3
  DATABASE_READONLY_URL: postgresql://album_haven_readonly_f_35389965541_1_3@127.0.0.1/album_haven_ci_f_35389965541_1_3
  ALBUM_HAVEN_FAKE_E2E_SETUP_DATABASE_URL: postgresql://album_haven_migrator_f_35389965541_1_3@127.0.0.1/album_haven_ci_f_35389965541_1_3
  ALBUM_HAVEN_FAKE_E2E_DATABASE_URL: postgresql://album_haven_app_f_35389965541_1_3@127.0.0.1/album_haven_ci_f_35389965541_1_3
  ALBUM_HAVEN_APP_DATABASE_URL: postgresql://album_haven_app_f_35389965541_1_3@127.0.0.1/album_haven_ci_f_35389965541_1_3
##[endgroup]
(node:7904) [DEP0040] DeprecationWarning: The `punycode` module is deprecated. Please use a userland alternative instead.
(Use `node --trace-deprecation ...` to show where the warning was created)
With the provided path, there will be 34 files uploaded
Artifact name is valid!
Root directory input is valid!
Beginning upload of artifact content to blob storage
(node:7904) [DEP0169] DeprecationWarning: `url.parse()` behavior is not standardized and prone to errors that have security implications. Use the WHATWG URL API instead. CVEs are not issued for `url.parse()` vulnerabilities.
Uploaded bytes 8388608
Uploaded bytes 16777216
Uploaded bytes 25165824
Uploaded bytes 33554432
Uploaded bytes 41943040
Uploaded bytes 50331648
Uploaded bytes 58720256
Uploaded bytes 67108864
Uploaded bytes 75497472
Uploaded bytes 83886080
Uploaded bytes 92274688
Uploaded bytes 100663296
Uploaded bytes 109051904
Uploaded bytes 117440512
Uploaded bytes 125829120
Uploaded bytes 134217728
Uploaded bytes 142606336
Uploaded bytes 150994944
Uploaded bytes 159383552
Uploaded bytes 167772160
Uploaded bytes 176160768
Uploaded bytes 184549376
Uploaded bytes 192937984
Uploaded bytes 201326592
Uploaded bytes 209715200
Uploaded bytes 218103808
Uploaded bytes 226492416
Uploaded bytes 234881024
Uploaded bytes 243269632
Uploaded bytes 251658240
Uploaded bytes 260046848
Uploaded bytes 268435456
Uploaded bytes 276824064
Uploaded bytes 285212672
Uploaded bytes 293601280
Uploaded bytes 301989888
Uploaded bytes 310378496
Uploaded bytes 318767104
Uploaded bytes 327155712
Uploaded bytes 335544320
Uploaded bytes 343932928
Uploaded bytes 352321536
Uploaded bytes 360710144
Uploaded bytes 369098752
Uploaded bytes 377487360
Uploaded bytes 385875968
Uploaded bytes 394264576
Uploaded bytes 402653184
Uploaded bytes 411041792
Uploaded bytes 419430400
Uploaded bytes 427819008
Uploaded bytes 432711743
Finished uploading artifact content to blob storage!
SHA256 digest of uploaded artifact zip is 0325959da73af8a619b5435808428c4ac1815c4948ca76ceb2998efdaebd609b
Finalizing artifact upload
Artifact functional-blob-playback-utilities-1.zip successfully finalized. Artifact ID 10568140046
Artifact functional-blob-playback-utilities-1 has been successfully uploaded! Final size is 432711743 bytes. Artifact ID is 10568140046
Artifact download URL: https://github.com/idanilovqa/AlbumHaven/actions/runs/35389965541/artifacts/10568140046
Node 20 is being deprecated. This workflow is running with Node 24 by default. If you need to temporarily use Node 20, you can set the ACTIONS_ALLOW_USE_UNSECURE_NODE_VERSION=true environment variable. For more information see: https://github.blog/changelog/2025-09-19-deprecation-of-node-20-on-github-actions-runners/
##[group]Run actions/upload-artifact@v4
with:
  name: functional-debug-playback-utilities-1
  path: D:\a\_temp\functional-output-playback-utilities
  if-no-files-found: error
  retention-days: 7
  compression-level: 6
  overwrite: false
  include-hidden-files: false
env:
  ALBUM_HAVEN_EXPECTED_FFMPEG_VERSION: 7.1-essentials_build-www.gyan.dev
  ALBUM_HAVEN_FIXTURE_RELEASE: fixtures-v1.0.23
  ALBUM_HAVEN_FIXTURE_PROFILE: functional-core
  ALBUM_HAVEN_FIXTURE_ROOT: D:\a\_temp\album-haven-e2e-functional-fixtures-playback-utilities\shared
  ALBUM_HAVEN_MEDIA_ROOT: D:\a\_temp\album-haven-e2e-functional-fixtures-playback-utilities\shared\media
  pythonLocation: C:\hostedtoolcache\windows\Python\3.11.9\x64
  PKG_CONFIG_PATH: C:\hostedtoolcache\windows\Python\3.11.9\x64/lib/pkgconfig
  Python_ROOT_DIR: C:\hostedtoolcache\windows\Python\3.11.9\x64
  Python2_ROOT_DIR: C:\hostedtoolcache\windows\Python\3.11.9\x64
  Python3_ROOT_DIR: C:\hostedtoolcache\windows\Python\3.11.9\x64
  ALBUM_HAVEN_FUNCTIONAL_FIXTURE_WORK_ROOT: D:\a\_temp\album-haven-e2e-functional-fixtures-playback-utilities
  ALBUM_HAVEN_FUNCTIONAL_SOURCE_FIXTURE_ROOT: D:\a\_temp\album-haven-fixtures-7da1581acced42d693f6ac46f0d6f508
  PGPASSFILE: D:\a\_temp\album-haven-postgres-f_35389965541_1_3.pgpass
  ALBUM_HAVEN_CI_DATABASE: album_haven_ci_f_35389965541_1_3
  DATABASE_MIGRATOR_URL: postgresql://album_haven_migrator_f_35389965541_1_3@127.0.0.1/album_haven_ci_f_35389965541_1_3
  DATABASE_APP_URL: postgresql://album_haven_app_f_35389965541_1_3@127.0.0.1/album_haven_ci_f_35389965541_1_3
  DATABASE_READONLY_URL: postgresql://album_haven_readonly_f_35389965541_1_3@127.0.0.1/album_haven_ci_f_35389965541_1_3
  ALBUM_HAVEN_FAKE_E2E_SETUP_DATABASE_URL: postgresql://album_haven_migrator_f_35389965541_1_3@127.0.0.1/album_haven_ci_f_35389965541_1_3
  ALBUM_HAVEN_FAKE_E2E_DATABASE_URL: postgresql://album_haven_app_f_35389965541_1_3@127.0.0.1/album_haven_ci_f_35389965541_1_3
  ALBUM_HAVEN_APP_DATABASE_URL: postgresql://album_haven_app_f_35389965541_1_3@127.0.0.1/album_haven_ci_f_35389965541_1_3
##[endgroup]
(node:8708) [DEP0040] DeprecationWarning: The `punycode` module is deprecated. Please use a userland alternative instead.
(Use `node --trace-deprecation ...` to show where the warning was created)
With the provided path, there will be 60 files uploaded
Artifact name is valid!
Root directory input is valid!
Beginning upload of artifact content to blob storage
(node:8708) [DEP0169] DeprecationWarning: `url.parse()` behavior is not standardized and prone to errors that have security implications. Use the WHATWG URL API instead. CVEs are not issued for `url.parse()` vulnerabilities.
Uploaded bytes 8388608
Uploaded bytes 16777216
Uploaded bytes 25165824
Uploaded bytes 33554432
Uploaded bytes 41943040
Uploaded bytes 50331648
Uploaded bytes 58720256
Uploaded bytes 67108864
Uploaded bytes 75497472
Uploaded bytes 83886080
Uploaded bytes 92274688
Uploaded bytes 100663296
Uploaded bytes 109051904
Uploaded bytes 117440512
Uploaded bytes 125829120
Uploaded bytes 134217728
Uploaded bytes 142606336
Uploaded bytes 150994944
Uploaded bytes 159383552
Uploaded bytes 167772160
Uploaded bytes 176160768
Uploaded bytes 184549376
Uploaded bytes 192937984
Uploaded bytes 201326592
Uploaded bytes 209715200
Uploaded bytes 218103808
Uploaded bytes 226492416
Uploaded bytes 234881024
Uploaded bytes 243269632
Uploaded bytes 251658240
Uploaded bytes 260046848
Uploaded bytes 268435456
Uploaded bytes 276824064
Uploaded bytes 285212672
Uploaded bytes 293601280
Uploaded bytes 301989888
Uploaded bytes 310378496
Uploaded bytes 318767104
Uploaded bytes 327155712
Uploaded bytes 335544320
Uploaded bytes 343932928
Uploaded bytes 352321536
Uploaded bytes 360710144
Uploaded bytes 369098752
Uploaded bytes 377487360
Uploaded bytes 385875968
Uploaded bytes 394264576
Uploaded bytes 402653184
Uploaded bytes 411041792
Uploaded bytes 419430400
Uploaded bytes 426880202
Finished uploading artifact content to blob storage!
SHA256 digest of uploaded artifact zip is c6dce890e2e6bbbbce6bca3ea62145408f0f03a89179b5e7f5df7b9aad30a1cf
Finalizing artifact upload
Artifact functional-debug-playback-utilities-1.zip successfully finalized. Artifact ID 10567755471
Artifact functional-debug-playback-utilities-1 has been successfully uploaded! Final size is 426880202 bytes. Artifact ID is 10567755471
Artifact download URL: https://github.com/idanilovqa/AlbumHaven/actions/runs/35389965541/artifacts/10567755471
Post job cleanup.
[command]"C:\Program Files\Git\bin\git.exe" version
git version 2.55.0.windows.5
Temporarily overriding HOME='D:\a\_temp\45e2ecb8-57c5-4a67-ab24-b919034ad71a' before making global git config changes
Adding repository directory to the temporary git global config as a safe directory
[command]"C:\Program Files\Git\bin\git.exe" config --global --add safe.directory D:\a\AlbumHaven\AlbumHaven\.trusted-ci
[command]"C:\Program Files\Git\bin\git.exe" config --local --name-only --get-regexp core\.sshCommand
[command]"C:\Program Files\Git\bin\git.exe" submodule foreach --recursive "sh -c \"git config --local --name-only --get-regexp 'core\.sshCommand' && git config --local --unset-all 'core.sshCommand' || :\""
[command]"C:\Program Files\Git\bin\git.exe" config --local --name-only --get-regexp http\.https\:\/\/github\.com\/\.extraheader
[command]"C:\Program Files\Git\bin\git.exe" submodule foreach --recursive "sh -c \"git config --local --name-only --get-regexp 'http\.https\:\/\/github\.com\/\.extraheader' && git config --local --unset-all 'http.https://github.com/.extraheader' || :\""
[command]"C:\Program Files\Git\bin\git.exe" config --local --name-only --get-regexp ^includeIf\.gitdir:
[command]"C:\Program Files\Git\bin\git.exe" submodule foreach --recursive "git config --local --show-origin --name-only --get-regexp remote.origin.url"
Post job cleanup.
[command]"C:\Program Files\Git\bin\git.exe" version
git version 2.55.0.windows.5
Temporarily overriding HOME='D:\a\_temp\db28ce70-2601-4563-a787-a16454c04f39' before making global git config changes
Adding repository directory to the temporary git global config as a safe directory
[command]"C:\Program Files\Git\bin\git.exe" config --global --add safe.directory D:\a\AlbumHaven\AlbumHaven
[command]"C:\Program Files\Git\bin\git.exe" config --local --name-only --get-regexp core\.sshCommand
[command]"C:\Program Files\Git\bin\git.exe" submodule foreach --recursive "sh -c \"git config --local --name-only --get-regexp 'core\.sshCommand' && git config --local --unset-all 'core.sshCommand' || :\""
[command]"C:\Program Files\Git\bin\git.exe" config --local --name-only --get-regexp http\.https\:\/\/github\.com\/\.extraheader
[command]"C:\Program Files\Git\bin\git.exe" submodule foreach --recursive "sh -c \"git config --local --name-only --get-regexp 'http\.https\:\/\/github\.com\/\.extraheader' && git config --local --unset-all 'http.https://github.com/.extraheader' || :\""
[command]"C:\Program Files\Git\bin\git.exe" config --local --name-only --get-regexp ^includeIf\.gitdir:
[command]"C:\Program Files\Git\bin\git.exe" submodule foreach --recursive "git config --local --show-origin --name-only --get-regexp remote.origin.url"
Cleaning up orphan processes
##[warning]Node.js 20 is deprecated. The following actions target Node.js 20 but are being forced to run on Node.js 24: actions/setup-node@v4, actions/setup-python@v5, actions/upload-artifact@v4. For more information see: https://github.blog/changelog/2025-09-19-deprecation-of-node-20-on-github-actions-runners/
