2026-09-18T20:10:43.4234266Z Current runner version: '2.337.0'
##[group]Runner Image Provisioner
Hosted Compute Agent
Version: 20260828.587
Commit: abac92662cab4cc7352de4f9f9d2e2419aad9c29
Build Date: 2026-08-28T16:44:25Z
Worker ID: {966a24c3-da7e-4d58-b154-d372b9546166}
Azure Region: northcentralus
##[endgroup]
##[group]Operating System
Microsoft Windows Server 2025
10.0.26100
Datacenter
##[endgroup]
##[group]Runner Image
Image: windows-2025-vs2026
Version: 20260907.229.1
Included Software: https://github.com/actions/runner-images/blob/win25-vs2026/20260907.229/images/windows/Windows2025-VS2026-Readme.md
Image Release: https://github.com/actions/runner-images/releases/tag/win25-vs2026%2F20260907.229
##[endgroup]
##[group]GITHUB_TOKEN Permissions
Contents: read
Metadata: read
##[endgroup]
Secret source: Actions
Cache mode: write
Prepare workflow directory
Prepare all required actions
Getting action download info
Download action repository 'actions/checkout@v5' (SHA:fbc6f3992d24b796d5a048ff273f7fcc4a7b6c09)
Download action repository 'actions/setup-node@v4' (SHA:49933ea5288caeca8642d1e84afbd3f7d6820020)
Download action repository 'actions/setup-python@v5' (SHA:a26af69be951a213d495a4c3e4e4022e16d87065)
Download action repository 'browser-actions/setup-chrome@v2' (SHA:48ad923757ca74d66703209fe939badbdf80f2f4)
Download action repository 'actions/upload-artifact@v4' (SHA:ea165f8d65b6e75b540449e92b4886f43607fa02)
Complete job name: E2E Performance: scan-library
##[group]Run actions/checkout@v5
with:
  fetch-depth: 0
  persist-credentials: false
  repository: idanilovqa/AlbumHaven
  token: ***
  ssh-strict: true
  ssh-user: git
  clean: true
  sparse-checkout-cone-mode: true
  fetch-tags: false
  show-progress: true
  lfs: false
  submodules: false
  set-safe-directory: true
  allow-unsafe-pr-checkout: false
env:
  ALBUM_HAVEN_EXPECTED_FFMPEG_VERSION: 7.1-essentials_build-www.gyan.dev
##[endgroup]
Syncing repository: idanilovqa/AlbumHaven
##[group]Getting Git version info
Working directory is 'D:\a\AlbumHaven\AlbumHaven'
[command]"C:\Program Files\Git\bin\git.exe" version
git version 2.55.0.windows.5
##[endgroup]
Temporarily overriding HOME='D:\a\_temp\175a5fd3-d543-4cb5-afdb-e705f83add06' before making global git config changes
Adding repository directory to the temporary git global config as a safe directory
[command]"C:\Program Files\Git\bin\git.exe" config --global --add safe.directory D:\a\AlbumHaven\AlbumHaven
Deleting the contents of 'D:\a\AlbumHaven\AlbumHaven'
##[group]Initializing the repository
[command]"C:\Program Files\Git\bin\git.exe" init D:\a\AlbumHaven\AlbumHaven
Initialized empty Git repository in D:/a/AlbumHaven/AlbumHaven/.git/
[command]"C:\Program Files\Git\bin\git.exe" remote add origin https://github.com/idanilovqa/AlbumHaven
##[endgroup]
##[group]Disabling automatic garbage collection
[command]"C:\Program Files\Git\bin\git.exe" config --local gc.auto 0
##[endgroup]
##[group]Setting up auth
[command]"C:\Program Files\Git\bin\git.exe" config --local --name-only --get-regexp core\.sshCommand
[command]"C:\Program Files\Git\bin\git.exe" submodule foreach --recursive "sh -c \"git config --local --name-only --get-regexp 'core\.sshCommand' && git config --local --unset-all 'core.sshCommand' || :\""
[command]"C:\Program Files\Git\bin\git.exe" config --local --name-only --get-regexp http\.https\:\/\/github\.com\/\.extraheader
[command]"C:\Program Files\Git\bin\git.exe" submodule foreach --recursive "sh -c \"git config --local --name-only --get-regexp 'http\.https\:\/\/github\.com\/\.extraheader' && git config --local --unset-all 'http.https://github.com/.extraheader' || :\""
[command]"C:\Program Files\Git\bin\git.exe" config --local --name-only --get-regexp ^includeIf\.gitdir:
[command]"C:\Program Files\Git\bin\git.exe" submodule foreach --recursive "git config --local --show-origin --name-only --get-regexp remote.origin.url"
[command]"C:\Program Files\Git\bin\git.exe" config --local http.https://github.com/.extraheader "AUTHORIZATION: basic ***"
##[endgroup]
##[group]Fetching the repository
[command]"C:\Program Files\Git\bin\git.exe" -c protocol.version=2 fetch --prune --no-recurse-submodules origin +refs/heads/*:refs/remotes/origin/* +refs/tags/*:refs/tags/* +9159e1ee4c9793bd6f1b168ed08cd2698f385f71:refs/remotes/pull/3/merge
From https://github.com/idanilovqa/AlbumHaven
 * [new branch]      2026-08-30-phase-7-local-auth            -> origin/2026-08-30-phase-7-local-auth
 * [new branch]      2026-09-05-gallery-refactor              -> origin/2026-09-05-gallery-refactor
 * [new branch]      2026-09-08-settings-refactor             -> origin/2026-09-08-settings-refactor
 * [new branch]      2026-09-17-pr3-rf456-build               -> origin/2026-09-17-pr3-rf456-build
 * [new branch]      2026-09-18-pr3-ci-diagnostics            -> origin/2026-09-18-pr3-ci-diagnostics
 * [new branch]      2026-09-18-pr3-js-batch                  -> origin/2026-09-18-pr3-js-batch
 * [new branch]      2026-09-18-pr3-python-batch              -> origin/2026-09-18-pr3-python-batch
 * [new branch]      codex/pr1-review-base-2026-09-10         -> origin/codex/pr1-review-base-2026-09-10
 * [new branch]      codex/pr1-review-snapshot-2026-09-10     -> origin/codex/pr1-review-snapshot-2026-09-10
 * [new branch]      main                                     -> origin/main
 * [new tag]         v0.9.41                                  -> v0.9.41
 * [new tag]         v0.9.42                                  -> v0.9.42
 * [new tag]         v0.9.43                                  -> v0.9.43
 * [new tag]         v0.9.44                                  -> v0.9.44
 * [new ref]         9159e1ee4c9793bd6f1b168ed08cd2698f385f71 -> pull/3/merge
##[endgroup]
##[group]Determining the checkout info
##[endgroup]
[command]"C:\Program Files\Git\bin\git.exe" sparse-checkout disable
[command]"C:\Program Files\Git\bin\git.exe" config --local --unset-all extensions.worktreeConfig
##[group]Checking out the ref
[command]"C:\Program Files\Git\bin\git.exe" checkout --progress --force refs/remotes/pull/3/merge
Note: switching to 'refs/remotes/pull/3/merge'.

You are in 'detached HEAD' state. You can look around, make experimental
changes and commit them, and you can discard any commits you make in this
state without impacting any branches by switching back to a branch.

If you want to create a new branch to retain commits you create, you may
do so (now or later) by using -c with the switch command. Example:

  git switch -c <new-branch-name>

Or undo this operation with:

  git switch -

Turn off this advice by setting config variable advice.detachedHead to false

HEAD is now at 9159e1e Merge ea256e48e5b72e1617f01c9954beec3b432e7da2 into 38f740a4e984a25c0d501a7a2166d6ccdc09dcf3
##[endgroup]
[command]"C:\Program Files\Git\bin\git.exe" log -1 --format=%H
9159e1ee4c9793bd6f1b168ed08cd2698f385f71
##[group]Removing auth
[command]"C:\Program Files\Git\bin\git.exe" config --local --name-only --get-regexp core\.sshCommand
[command]"C:\Program Files\Git\bin\git.exe" submodule foreach --recursive "sh -c \"git config --local --name-only --get-regexp 'core\.sshCommand' && git config --local --unset-all 'core.sshCommand' || :\""
[command]"C:\Program Files\Git\bin\git.exe" config --local --name-only --get-regexp http\.https\:\/\/github\.com\/\.extraheader
http.https://github.com/.extraheader
[command]"C:\Program Files\Git\bin\git.exe" config --local --unset-all http.https://github.com/.extraheader
[command]"C:\Program Files\Git\bin\git.exe" submodule foreach --recursive "sh -c \"git config --local --name-only --get-regexp 'http\.https\:\/\/github\.com\/\.extraheader' && git config --local --unset-all 'http.https://github.com/.extraheader' || :\""
[command]"C:\Program Files\Git\bin\git.exe" config --local --name-only --get-regexp ^includeIf\.gitdir:
[command]"C:\Program Files\Git\bin\git.exe" submodule foreach --recursive "git config --local --show-origin --name-only --get-regexp remote.origin.url"
##[endgroup]
##[group]Run actions/checkout@v5
with:
  ref: 38f740a4e984a25c0d501a7a2166d6ccdc09dcf3
  path: .trusted-ci
  persist-credentials: false
  repository: idanilovqa/AlbumHaven
  token: ***
  ssh-strict: true
  ssh-user: git
  clean: true
  sparse-checkout-cone-mode: true
  fetch-depth: 1
  fetch-tags: false
  show-progress: true
  lfs: false
  submodules: false
  set-safe-directory: true
  allow-unsafe-pr-checkout: false
env:
  ALBUM_HAVEN_EXPECTED_FFMPEG_VERSION: 7.1-essentials_build-www.gyan.dev
##[endgroup]
Syncing repository: idanilovqa/AlbumHaven
##[group]Getting Git version info
Working directory is 'D:\a\AlbumHaven\AlbumHaven\.trusted-ci'
[command]"C:\Program Files\Git\bin\git.exe" version
git version 2.55.0.windows.5
##[endgroup]
Temporarily overriding HOME='D:\a\_temp\8a65fbce-ef2f-43ab-8f9b-88f8bbbf113d' before making global git config changes
Adding repository directory to the temporary git global config as a safe directory
[command]"C:\Program Files\Git\bin\git.exe" config --global --add safe.directory D:\a\AlbumHaven\AlbumHaven\.trusted-ci
##[group]Initializing the repository
[command]"C:\Program Files\Git\bin\git.exe" init D:\a\AlbumHaven\AlbumHaven\.trusted-ci
Initialized empty Git repository in D:/a/AlbumHaven/AlbumHaven/.trusted-ci/.git/
[command]"C:\Program Files\Git\bin\git.exe" remote add origin https://github.com/idanilovqa/AlbumHaven
##[endgroup]
##[group]Disabling automatic garbage collection
[command]"C:\Program Files\Git\bin\git.exe" config --local gc.auto 0
##[endgroup]
##[group]Setting up auth
[command]"C:\Program Files\Git\bin\git.exe" config --local --name-only --get-regexp core\.sshCommand
[command]"C:\Program Files\Git\bin\git.exe" submodule foreach --recursive "sh -c \"git config --local --name-only --get-regexp 'core\.sshCommand' && git config --local --unset-all 'core.sshCommand' || :\""
[command]"C:\Program Files\Git\bin\git.exe" config --local --name-only --get-regexp http\.https\:\/\/github\.com\/\.extraheader
[command]"C:\Program Files\Git\bin\git.exe" submodule foreach --recursive "sh -c \"git config --local --name-only --get-regexp 'http\.https\:\/\/github\.com\/\.extraheader' && git config --local --unset-all 'http.https://github.com/.extraheader' || :\""
[command]"C:\Program Files\Git\bin\git.exe" config --local --name-only --get-regexp ^includeIf\.gitdir:
[command]"C:\Program Files\Git\bin\git.exe" submodule foreach --recursive "git config --local --show-origin --name-only --get-regexp remote.origin.url"
[command]"C:\Program Files\Git\bin\git.exe" config --local http.https://github.com/.extraheader "AUTHORIZATION: basic ***"
##[endgroup]
##[group]Fetching the repository
[command]"C:\Program Files\Git\bin\git.exe" -c protocol.version=2 fetch --no-tags --prune --no-recurse-submodules --depth=1 origin 38f740a4e984a25c0d501a7a2166d6ccdc09dcf3
From https://github.com/idanilovqa/AlbumHaven
 * branch            38f740a4e984a25c0d501a7a2166d6ccdc09dcf3 -> FETCH_HEAD
##[endgroup]
##[group]Determining the checkout info
##[endgroup]
[command]"C:\Program Files\Git\bin\git.exe" sparse-checkout disable
[command]"C:\Program Files\Git\bin\git.exe" config --local --unset-all extensions.worktreeConfig
##[group]Checking out the ref
[command]"C:\Program Files\Git\bin\git.exe" checkout --progress --force 38f740a4e984a25c0d501a7a2166d6ccdc09dcf3
Note: switching to '38f740a4e984a25c0d501a7a2166d6ccdc09dcf3'.

You are in 'detached HEAD' state. You can look around, make experimental
changes and commit them, and you can discard any commits you make in this
state without impacting any branches by switching back to a branch.

If you want to create a new branch to retain commits you create, you may
do so (now or later) by using -c with the switch command. Example:

  git switch -c <new-branch-name>

Or undo this operation with:

  git switch -

Turn off this advice by setting config variable advice.detachedHead to false

HEAD is now at 38f740a Merge pull request #2 from idanilovqa/2026-09-05-gallery-refactor
##[endgroup]
[command]"C:\Program Files\Git\bin\git.exe" log -1 --format=%H
38f740a4e984a25c0d501a7a2166d6ccdc09dcf3
##[group]Removing auth
[command]"C:\Program Files\Git\bin\git.exe" config --local --name-only --get-regexp core\.sshCommand
[command]"C:\Program Files\Git\bin\git.exe" submodule foreach --recursive "sh -c \"git config --local --name-only --get-regexp 'core\.sshCommand' && git config --local --unset-all 'core.sshCommand' || :\""
[command]"C:\Program Files\Git\bin\git.exe" config --local --name-only --get-regexp http\.https\:\/\/github\.com\/\.extraheader
http.https://github.com/.extraheader
[command]"C:\Program Files\Git\bin\git.exe" config --local --unset-all http.https://github.com/.extraheader
[command]"C:\Program Files\Git\bin\git.exe" submodule foreach --recursive "sh -c \"git config --local --name-only --get-regexp 'http\.https\:\/\/github\.com\/\.extraheader' && git config --local --unset-all 'http.https://github.com/.extraheader' || :\""
[command]"C:\Program Files\Git\bin\git.exe" config --local --name-only --get-regexp ^includeIf\.gitdir:
[command]"C:\Program Files\Git\bin\git.exe" submodule foreach --recursive "git config --local --show-origin --name-only --get-regexp remote.origin.url"
##[endgroup]
##[group]Run & ".trusted-ci\scripts\ci\fetch-test-fixtures.ps1" `
& ".trusted-ci\scripts\ci\fetch-test-fixtures.ps1" `
  -Release fixtures-v1.0.23 `
  -Profile synthetic-large-library `
  -ManifestSha256 e3ad2c100a77af2cb25dca2894dbf2c5e8decbc6925acf54c2749f6d3be000c2
shell: C:\Program Files\PowerShell\7\pwsh.EXE -command ". '{0}'"
env:
  ALBUM_HAVEN_EXPECTED_FFMPEG_VERSION: 7.1-essentials_build-www.gyan.dev
  ALBUM_HAVEN_FIXTURES_TOKEN: ***
##[endgroup]
Node 20 is being deprecated. This workflow is running with Node 24 by default. If you need to temporarily use Node 20, you can set the ACTIONS_ALLOW_USE_UNSECURE_NODE_VERSION=true environment variable. For more information see: https://github.blog/changelog/2025-09-19-deprecation-of-node-20-on-github-actions-runners/
##[group]Run actions/setup-node@v4
with:
  node-version: 22
  cache: npm
  always-auth: false
  check-latest: false
  token: ***
env:
  ALBUM_HAVEN_EXPECTED_FFMPEG_VERSION: 7.1-essentials_build-www.gyan.dev
  ALBUM_HAVEN_FIXTURE_RELEASE: fixtures-v1.0.23
  ALBUM_HAVEN_FIXTURE_PROFILE: synthetic-large-library
  ALBUM_HAVEN_FIXTURE_ROOT: D:\a\_temp\album-haven-fixtures-9642e095dabd438288057d120dcca900
  ALBUM_HAVEN_MEDIA_ROOT: D:\a\_temp\album-haven-fixtures-9642e095dabd438288057d120dcca900\media
##[endgroup]
Found in cache @ C:\hostedtoolcache\windows\node\22.23.2\x64
(node:5816) [DEP0040] DeprecationWarning: The `punycode` module is deprecated. Please use a userland alternative instead.
(Use `node --trace-deprecation ...` to show where the warning was created)
##[group]Environment details
node: v22.23.2
npm: 10.9.8
yarn: 1.22.22
##[endgroup]
[command]C:\Windows\system32\cmd.exe /D /S /C "C:\hostedtoolcache\windows\node\22.23.2\x64\npm.cmd config get cache"
C:\npm\cache
Cache hit for: node-cache-Windows-x64-npm-26253ee3ceab3d8c9b127fb1ff8b52c4c231c2e05275c7ca052f26b453f7dc92
(node:5816) [DEP0169] DeprecationWarning: `url.parse()` behavior is not standardized and prone to errors that have security implications. Use the WHATWG URL API instead. CVEs are not issued for `url.parse()` vulnerabilities.
Received 3822098 of 3822098 (100.0%), 13.6 MBs/sec
Cache Size: ~4 MB (3822098 B)
[command]"C:\Program Files\Git\usr\bin\tar.exe" -xf D:/a/_temp/1cf7849c-1700-49a6-9b4d-680848678105/cache.tzst -P -C D:/a/AlbumHaven/AlbumHaven --force-local --use-compress-program "zstd -d"
Cache restored successfully
Cache restored from key: node-cache-Windows-x64-npm-26253ee3ceab3d8c9b127fb1ff8b52c4c231c2e05275c7ca052f26b453f7dc92
##[group]Run node scripts/ci/resolve-ci-shard.cjs performance scan-library
node scripts/ci/resolve-ci-shard.cjs performance scan-library
shell: C:\Program Files\PowerShell\7\pwsh.EXE -command ". '{0}'"
env:
  ALBUM_HAVEN_EXPECTED_FFMPEG_VERSION: 7.1-essentials_build-www.gyan.dev
  ALBUM_HAVEN_FIXTURE_RELEASE: fixtures-v1.0.23
  ALBUM_HAVEN_FIXTURE_PROFILE: synthetic-large-library
  ALBUM_HAVEN_FIXTURE_ROOT: D:\a\_temp\album-haven-fixtures-9642e095dabd438288057d120dcca900
  ALBUM_HAVEN_MEDIA_ROOT: D:\a\_temp\album-haven-fixtures-9642e095dabd438288057d120dcca900\media
  FOCUSED_PERFORMANCE_TARGETS_JSON: []
  FOCUSED_STAGE: full
##[endgroup]
##[group]Run foreach ($target in "scan-cold,scan-cached,scan-add-album,scan-metadata,scan-page".Split(',')) {
foreach ($target in "scan-cold,scan-cached,scan-add-album,scan-metadata,scan-page".Split(',')) {
  $targetRoot = Join-Path "test-results\playwright-performance-targets" $target
  New-Item -ItemType Directory -Path $targetRoot -Force | Out-Null
  @{
    target = $target
    shard = "scan-library"
    fixtureProfile = "scan-library"
    fixtureMode = "generated-isolated"
    blocking = $false
    runAttempt = "1"
    conclusion = "initialized"
  } | ConvertTo-Json | Set-Content -LiteralPath (Join-Path $targetRoot "ci-job.json") -Encoding utf8
}
shell: C:\Program Files\PowerShell\7\pwsh.EXE -command ". '{0}'"
env:
  ALBUM_HAVEN_EXPECTED_FFMPEG_VERSION: 7.1-essentials_build-www.gyan.dev
  ALBUM_HAVEN_FIXTURE_RELEASE: fixtures-v1.0.23
  ALBUM_HAVEN_FIXTURE_PROFILE: synthetic-large-library
  ALBUM_HAVEN_FIXTURE_ROOT: D:\a\_temp\album-haven-fixtures-9642e095dabd438288057d120dcca900
  ALBUM_HAVEN_MEDIA_ROOT: D:\a\_temp\album-haven-fixtures-9642e095dabd438288057d120dcca900\media
##[endgroup]
Node 20 is being deprecated. This workflow is running with Node 24 by default. If you need to temporarily use Node 20, you can set the ACTIONS_ALLOW_USE_UNSECURE_NODE_VERSION=true environment variable. For more information see: https://github.blog/changelog/2025-09-19-deprecation-of-node-20-on-github-actions-runners/
##[group]Run actions/setup-python@v5
with:
  python-version: 3.11
  cache: pip
  cache-dependency-path: requirements.txt
  check-latest: false
  token: ***
  update-environment: true
  allow-prereleases: false
  freethreaded: false
env:
  ALBUM_HAVEN_EXPECTED_FFMPEG_VERSION: 7.1-essentials_build-www.gyan.dev
  ALBUM_HAVEN_FIXTURE_RELEASE: fixtures-v1.0.23
  ALBUM_HAVEN_FIXTURE_PROFILE: synthetic-large-library
  ALBUM_HAVEN_FIXTURE_ROOT: D:\a\_temp\album-haven-fixtures-9642e095dabd438288057d120dcca900
  ALBUM_HAVEN_MEDIA_ROOT: D:\a\_temp\album-haven-fixtures-9642e095dabd438288057d120dcca900\media
##[endgroup]
##[group]Installed versions
(node:4976) [DEP0040] DeprecationWarning: The `punycode` module is deprecated. Please use a userland alternative instead.
(Use `node --trace-deprecation ...` to show where the warning was created)
Successfully set up CPython (3.11.9)
##[endgroup]
Cache hit for: setup-python-Windows-x64-python-3.11.9-pip-0c6be4352e523693f41bb557265b0d204a2348bd0887365f0c4493752562bd14
(node:4976) [DEP0169] DeprecationWarning: `url.parse()` behavior is not standardized and prone to errors that have security implications. Use the WHATWG URL API instead. CVEs are not issued for `url.parse()` vulnerabilities.
Received 58149912 of 58149912 (100.0%), 99.0 MBs/sec
Cache Size: ~55 MB (58149912 B)
[command]"C:\Program Files\Git\usr\bin\tar.exe" -xf D:/a/_temp/a0e69fc8-80ab-4dc8-b2e4-ed2f0f59f1c3/cache.tzst -P -C D:/a/AlbumHaven/AlbumHaven --force-local --use-compress-program "zstd -d"
Cache restored successfully
Cache restored from key: setup-python-Windows-x64-python-3.11.9-pip-0c6be4352e523693f41bb557265b0d204a2348bd0887365f0c4493752562bd14
##[group]Run npm ci
npm ci
shell: C:\Program Files\PowerShell\7\pwsh.EXE -command ". '{0}'"
env:
  ALBUM_HAVEN_EXPECTED_FFMPEG_VERSION: 7.1-essentials_build-www.gyan.dev
  ALBUM_HAVEN_FIXTURE_RELEASE: fixtures-v1.0.23
  ALBUM_HAVEN_FIXTURE_PROFILE: synthetic-large-library
  ALBUM_HAVEN_FIXTURE_ROOT: D:\a\_temp\album-haven-fixtures-9642e095dabd438288057d120dcca900
  ALBUM_HAVEN_MEDIA_ROOT: D:\a\_temp\album-haven-fixtures-9642e095dabd438288057d120dcca900\media
  pythonLocation: C:\hostedtoolcache\windows\Python\3.11.9\x64
  PKG_CONFIG_PATH: C:\hostedtoolcache\windows\Python\3.11.9\x64/lib/pkgconfig
  Python_ROOT_DIR: C:\hostedtoolcache\windows\Python\3.11.9\x64
  Python2_ROOT_DIR: C:\hostedtoolcache\windows\Python\3.11.9\x64
  Python3_ROOT_DIR: C:\hostedtoolcache\windows\Python\3.11.9\x64
##[endgroup]

added 3 packages, and audited 4 packages in 2s

found 0 vulnerabilities
##[group]Run python -m pip install --upgrade pip
python -m pip install --upgrade pip
python -m pip install -r requirements.txt
shell: C:\Program Files\PowerShell\7\pwsh.EXE -command ". '{0}'"
env:
  ALBUM_HAVEN_EXPECTED_FFMPEG_VERSION: 7.1-essentials_build-www.gyan.dev
  ALBUM_HAVEN_FIXTURE_RELEASE: fixtures-v1.0.23
  ALBUM_HAVEN_FIXTURE_PROFILE: synthetic-large-library
  ALBUM_HAVEN_FIXTURE_ROOT: D:\a\_temp\album-haven-fixtures-9642e095dabd438288057d120dcca900
  ALBUM_HAVEN_MEDIA_ROOT: D:\a\_temp\album-haven-fixtures-9642e095dabd438288057d120dcca900\media
  pythonLocation: C:\hostedtoolcache\windows\Python\3.11.9\x64
  PKG_CONFIG_PATH: C:\hostedtoolcache\windows\Python\3.11.9\x64/lib/pkgconfig
  Python_ROOT_DIR: C:\hostedtoolcache\windows\Python\3.11.9\x64
  Python2_ROOT_DIR: C:\hostedtoolcache\windows\Python\3.11.9\x64
  Python3_ROOT_DIR: C:\hostedtoolcache\windows\Python\3.11.9\x64
##[endgroup]
Requirement already satisfied: pip in C:\hostedtoolcache\windows\Python\3.11.9\x64\Lib\site-packages (26.2.1)
Collecting jinja2 (from -r requirements.txt (line 1))
  Using cached jinja2-3.1.6-py3-none-any.whl.metadata (2.9 kB)
Collecting markupsafe (from -r requirements.txt (line 2))
  Using cached markupsafe-3.0.3-cp311-cp311-win_amd64.whl.metadata (2.8 kB)
Collecting fastapi==0.115.6 (from -r requirements.txt (line 3))
  Using cached fastapi-0.115.6-py3-none-any.whl.metadata (27 kB)
Collecting uvicorn (from -r requirements.txt (line 4))
  Using cached uvicorn-0.53.0-py3-none-any.whl.metadata (6.6 kB)
Collecting websockets (from -r requirements.txt (line 5))
  Using cached websockets-17.1-cp311-cp311-win_amd64.whl.metadata (6.5 kB)
Collecting mutagen (from -r requirements.txt (line 6))
  Using cached mutagen-1.48.1-py3-none-any.whl.metadata (1.8 kB)
Collecting pillow (from -r requirements.txt (line 7))
  Using cached pillow-12.3.0-cp311-cp311-win_amd64.whl.metadata (9.3 kB)
Collecting imageio-ffmpeg==0.6.0 (from -r requirements.txt (line 8))
  Using cached imageio_ffmpeg-0.6.0-py3-none-win_amd64.whl.metadata (1.5 kB)
Collecting ytmusicapi (from -r requirements.txt (line 9))
  Using cached ytmusicapi-1.12.3-py3-none-any.whl.metadata (4.3 kB)
Collecting pytest (from -r requirements.txt (line 10))
  Using cached pytest-9.1.1-py3-none-any.whl.metadata (7.6 kB)
Collecting zstandard (from -r requirements.txt (line 12))
  Using cached zstandard-0.25.0-cp311-cp311-win_amd64.whl.metadata (3.3 kB)
Collecting argon2-cffi (from -r requirements.txt (line 13))
  Using cached argon2_cffi-25.1.0-py3-none-any.whl.metadata (4.1 kB)
Collecting aiosmtplib (from -r requirements.txt (line 14))
  Using cached aiosmtplib-5.1.3-py3-none-any.whl.metadata (3.6 kB)
Collecting cryptography>=42 (from -r requirements.txt (line 15))
  Using cached cryptography-50.0.1-cp311-abi3-win_amd64.whl.metadata (4.3 kB)
Collecting watchdog<7,>=4.0 (from -r requirements.txt (line 16))
  Using cached watchdog-6.0.0-py3-none-win_amd64.whl.metadata (44 kB)
Collecting psycopg[binary] (from -r requirements.txt (line 11))
  Downloading psycopg-3.3.6-py3-none-any.whl.metadata (4.4 kB)
Collecting starlette<0.42.0,>=0.40.0 (from fastapi==0.115.6->-r requirements.txt (line 3))
  Using cached starlette-0.41.3-py3-none-any.whl.metadata (6.0 kB)
Collecting pydantic!=1.8,!=1.8.1,!=2.0.0,!=2.0.1,!=2.1.0,<3.0.0,>=1.7.4 (from fastapi==0.115.6->-r requirements.txt (line 3))
  Using cached pydantic-2.13.5-py3-none-any.whl.metadata (110 kB)
Collecting typing-extensions>=4.8.0 (from fastapi==0.115.6->-r requirements.txt (line 3))
  Using cached typing_extensions-4.16.0-py3-none-any.whl.metadata (3.3 kB)
Collecting annotated-types>=0.6.0 (from pydantic!=1.8,!=1.8.1,!=2.0.0,!=2.0.1,!=2.1.0,<3.0.0,>=1.7.4->fastapi==0.115.6->-r requirements.txt (line 3))
  Using cached annotated_types-0.8.0-py3-none-any.whl.metadata (15 kB)
Collecting pydantic-core==2.46.5 (from pydantic!=1.8,!=1.8.1,!=2.0.0,!=2.0.1,!=2.1.0,<3.0.0,>=1.7.4->fastapi==0.115.6->-r requirements.txt (line 3))
  Using cached pydantic_core-2.46.5-cp311-cp311-win_amd64.whl.metadata (6.7 kB)
Collecting typing-inspection>=0.4.2 (from pydantic!=1.8,!=1.8.1,!=2.0.0,!=2.0.1,!=2.1.0,<3.0.0,>=1.7.4->fastapi==0.115.6->-r requirements.txt (line 3))
  Using cached typing_inspection-0.4.4-py3-none-any.whl.metadata (2.6 kB)
Collecting anyio<5,>=3.4.0 (from starlette<0.42.0,>=0.40.0->fastapi==0.115.6->-r requirements.txt (line 3))
  Using cached anyio-4.15.1-py3-none-any.whl.metadata (4.7 kB)
Collecting idna>=2.8 (from anyio<5,>=3.4.0->starlette<0.42.0,>=0.40.0->fastapi==0.115.6->-r requirements.txt (line 3))
  Using cached idna-3.20-py3-none-any.whl.metadata (7.2 kB)
Collecting click>=7.0 (from uvicorn->-r requirements.txt (line 4))
  Using cached click-8.5.0-py3-none-any.whl.metadata (2.6 kB)
Collecting h11>=0.8 (from uvicorn->-r requirements.txt (line 4))
  Using cached h11-0.16.0-py3-none-any.whl.metadata (8.3 kB)
Collecting requests>=2.22 (from ytmusicapi->-r requirements.txt (line 9))
  Using cached requests-2.34.2-py3-none-any.whl.metadata (4.8 kB)
Collecting colorama>=0.4 (from pytest->-r requirements.txt (line 10))
  Using cached colorama-0.4.6-py2.py3-none-any.whl.metadata (17 kB)
Collecting iniconfig>=1.0.1 (from pytest->-r requirements.txt (line 10))
  Using cached iniconfig-2.3.0-py3-none-any.whl.metadata (2.5 kB)
Collecting packaging>=22 (from pytest->-r requirements.txt (line 10))
  Using cached packaging-26.3-py3-none-any.whl.metadata (3.5 kB)
Collecting pluggy<2,>=1.5 (from pytest->-r requirements.txt (line 10))
  Using cached pluggy-1.6.0-py3-none-any.whl.metadata (4.8 kB)
Collecting pygments>=2.7.2 (from pytest->-r requirements.txt (line 10))
  Using cached pygments-2.21.0-py3-none-any.whl.metadata (2.5 kB)
Collecting tzdata (from psycopg[binary]->-r requirements.txt (line 11))
  Using cached tzdata-2026.4-py2.py3-none-any.whl.metadata (1.4 kB)
Collecting psycopg-binary==3.3.6 (from psycopg[binary]->-r requirements.txt (line 11))
  Downloading psycopg_binary-3.3.6-cp311-cp311-win_amd64.whl.metadata (2.8 kB)
Collecting argon2-cffi-bindings (from argon2-cffi->-r requirements.txt (line 13))
  Using cached argon2_cffi_bindings-26.1.0-cp310-abi3-win_amd64.whl.metadata (7.5 kB)
Collecting cffi>=2.0.0 (from cryptography>=42->-r requirements.txt (line 15))
  Using cached cffi-2.1.1-cp311-cp311-win_amd64.whl.metadata (2.6 kB)
Collecting pycparser (from cffi>=2.0.0->cryptography>=42->-r requirements.txt (line 15))
  Using cached pycparser-3.0-py3-none-any.whl.metadata (8.2 kB)
Collecting charset_normalizer<4,>=2 (from requests>=2.22->ytmusicapi->-r requirements.txt (line 9))
  Using cached charset_normalizer-3.5.1-cp311-cp311-win_amd64.whl.metadata (46 kB)
Collecting urllib3<3,>=1.26 (from requests>=2.22->ytmusicapi->-r requirements.txt (line 9))
  Using cached urllib3-2.8.0-py3-none-any.whl.metadata (7.4 kB)
Collecting certifi>=2023.5.7 (from requests>=2.22->ytmusicapi->-r requirements.txt (line 9))
  Using cached certifi-2026.7.22-py3-none-any.whl.metadata (2.5 kB)
Using cached fastapi-0.115.6-py3-none-any.whl (94 kB)
Using cached imageio_ffmpeg-0.6.0-py3-none-win_amd64.whl (31.2 MB)
Using cached watchdog-6.0.0-py3-none-win_amd64.whl (79 kB)
Using cached pydantic-2.13.5-py3-none-any.whl (472 kB)
Using cached pydantic_core-2.46.5-cp311-cp311-win_amd64.whl (2.0 MB)
Using cached starlette-0.41.3-py3-none-any.whl (73 kB)
Using cached anyio-4.15.1-py3-none-any.whl (132 kB)
Using cached jinja2-3.1.6-py3-none-any.whl (134 kB)
Using cached markupsafe-3.0.3-cp311-cp311-win_amd64.whl (15 kB)
Using cached uvicorn-0.53.0-py3-none-any.whl (87 kB)
Using cached websockets-17.1-cp311-cp311-win_amd64.whl (217 kB)
Using cached mutagen-1.48.1-py3-none-any.whl (195 kB)
Using cached pillow-12.3.0-cp311-cp311-win_amd64.whl (7.2 MB)
Using cached ytmusicapi-1.12.3-py3-none-any.whl (111 kB)
Using cached pytest-9.1.1-py3-none-any.whl (386 kB)
Using cached pluggy-1.6.0-py3-none-any.whl (20 kB)
Downloading psycopg-3.3.6-py3-none-any.whl (215 kB)
Downloading psycopg_binary-3.3.6-cp311-cp311-win_amd64.whl (3.7 MB)
   ---------------------------------------- 3.7/3.7 MB 43.8 MB/s  0:00:00
Using cached zstandard-0.25.0-cp311-cp311-win_amd64.whl (506 kB)
Using cached argon2_cffi-25.1.0-py3-none-any.whl (14 kB)
Using cached aiosmtplib-5.1.3-py3-none-any.whl (30 kB)
Using cached cryptography-50.0.1-cp311-abi3-win_amd64.whl (3.8 MB)
Using cached annotated_types-0.8.0-py3-none-any.whl (13 kB)
Using cached cffi-2.1.1-cp311-cp311-win_amd64.whl (185 kB)
Using cached click-8.5.0-py3-none-any.whl (125 kB)
Using cached colorama-0.4.6-py2.py3-none-any.whl (25 kB)
Using cached h11-0.16.0-py3-none-any.whl (37 kB)
Using cached idna-3.20-py3-none-any.whl (69 kB)
Using cached iniconfig-2.3.0-py3-none-any.whl (7.5 kB)
Using cached packaging-26.3-py3-none-any.whl (129 kB)
Using cached pygments-2.21.0-py3-none-any.whl (1.3 MB)
Using cached requests-2.34.2-py3-none-any.whl (73 kB)
Using cached charset_normalizer-3.5.1-cp311-cp311-win_amd64.whl (206 kB)
Using cached urllib3-2.8.0-py3-none-any.whl (135 kB)
Using cached certifi-2026.7.22-py3-none-any.whl (136 kB)
Using cached typing_extensions-4.16.0-py3-none-any.whl (45 kB)
Using cached typing_inspection-0.4.4-py3-none-any.whl (14 kB)
Using cached argon2_cffi_bindings-26.1.0-cp310-abi3-win_amd64.whl (25 kB)
Using cached pycparser-3.0-py3-none-any.whl (48 kB)
Using cached tzdata-2026.4-py2.py3-none-any.whl (347 kB)
Installing collected packages: zstandard, websockets, watchdog, urllib3, tzdata, typing-extensions, pygments, pycparser, psycopg-binary, pluggy, pillow, packaging, mutagen, markupsafe, iniconfig, imageio-ffmpeg, idna, h11, colorama, click, charset_normalizer, certifi, annotated-types, aiosmtplib, uvicorn, typing-inspection, requests, pytest, pydantic-core, psycopg, jinja2, cffi, anyio, ytmusicapi, starlette, pydantic, cryptography, argon2-cffi-bindings, fastapi, argon2-cffi

Successfully installed aiosmtplib-5.1.3 annotated-types-0.8.0 anyio-4.15.1 argon2-cffi-25.1.0 argon2-cffi-bindings-26.1.0 certifi-2026.7.22 cffi-2.1.1 charset_normalizer-3.5.1 click-8.5.0 colorama-0.4.6 cryptography-50.0.1 fastapi-0.115.6 h11-0.16.0 idna-3.20 imageio-ffmpeg-0.6.0 iniconfig-2.3.0 jinja2-3.1.6 markupsafe-3.0.3 mutagen-1.48.1 packaging-26.3 pillow-12.3.0 pluggy-1.6.0 psycopg-3.3.6 psycopg-binary-3.3.6 pycparser-3.0 pydantic-2.13.5 pydantic-core-2.46.5 pygments-2.21.0 pytest-9.1.1 requests-2.34.2 starlette-0.41.3 typing-extensions-4.16.0 typing-inspection-0.4.4 tzdata-2026.4 urllib3-2.8.0 uvicorn-0.53.0 watchdog-6.0.0 websockets-17.1 ytmusicapi-1.12.3 zstandard-0.25.0
##[group]Run browser-actions/setup-chrome@v2
with:
  chrome-version: 151.0.7922.138
  install-dependencies: false
  install-chromedriver: false
  no-sudo: false
env:
  ALBUM_HAVEN_EXPECTED_FFMPEG_VERSION: 7.1-essentials_build-www.gyan.dev
  ALBUM_HAVEN_FIXTURE_RELEASE: fixtures-v1.0.23
  ALBUM_HAVEN_FIXTURE_PROFILE: synthetic-large-library
  ALBUM_HAVEN_FIXTURE_ROOT: D:\a\_temp\album-haven-fixtures-9642e095dabd438288057d120dcca900
  ALBUM_HAVEN_MEDIA_ROOT: D:\a\_temp\album-haven-fixtures-9642e095dabd438288057d120dcca900\media
  pythonLocation: C:\hostedtoolcache\windows\Python\3.11.9\x64
  PKG_CONFIG_PATH: C:\hostedtoolcache\windows\Python\3.11.9\x64/lib/pkgconfig
  Python_ROOT_DIR: C:\hostedtoolcache\windows\Python\3.11.9\x64
  Python2_ROOT_DIR: C:\hostedtoolcache\windows\Python\3.11.9\x64
  Python3_ROOT_DIR: C:\hostedtoolcache\windows\Python\3.11.9\x64
##[endgroup]
Setup chrome 151.0.7922.138
Attempting to download chrome 151.0.7922.138...
Acquiring chrome 151.0.7922.138 from https://storage.googleapis.com/chrome-for-testing-public/151.0.7922.138/win64/chrome-win64.zip
Installing chrome...
[command]"C:\Program Files\PowerShell\7\pwsh.exe" -NoLogo -NoProfile -NonInteractive -ExecutionPolicy Unrestricted -Command "$ErrorActionPreference = 'Stop' ; try { Add-Type -AssemblyName System.IO.Compression.ZipFile } catch { } ; try { [System.IO.Compression.ZipFile]::ExtractToDirectory('D:\a\_temp\772926cd-0a26-4077-9e19-d054dcedb563', 'D:\a\_temp\8e7791c6-a4b0-44ca-91b3-106dd9ea6144', $true) } catch { if (($_.Exception.GetType().FullName -eq 'System.Management.Automation.MethodException') -or ($_.Exception.GetType().FullName -eq 'System.Management.Automation.RuntimeException') ){ Expand-Archive -LiteralPath 'D:\a\_temp\772926cd-0a26-4077-9e19-d054dcedb563' -DestinationPath 'D:\a\_temp\8e7791c6-a4b0-44ca-91b3-106dd9ea6144' -Force } else { throw $_ } } ;"
Successfully Installed chrome to C:\hostedtoolcache\windows\setup-chrome\chrome\151.0.7922.138\x64
[command]C:\Windows\System32\WindowsPowerShell\v1.0\powershell.exe -Command "(Get-Item (Get-Command 'C:\hostedtoolcache\windows\setup-chrome\chrome\151.0.7922.138\x64\chrome.exe').Source).VersionInfo.ProductVersion"
151.0.7922.138
Successfully setup chrome 151.0.7922.138
##[group]Run node scripts/ci/validate-performance-matrix.cjs --list
node scripts/ci/validate-performance-matrix.cjs --list
shell: C:\Program Files\PowerShell\7\pwsh.EXE -command ". '{0}'"
env:
  ALBUM_HAVEN_EXPECTED_FFMPEG_VERSION: 7.1-essentials_build-www.gyan.dev
  ALBUM_HAVEN_FIXTURE_RELEASE: fixtures-v1.0.23
  ALBUM_HAVEN_FIXTURE_PROFILE: synthetic-large-library
  ALBUM_HAVEN_FIXTURE_ROOT: D:\a\_temp\album-haven-fixtures-9642e095dabd438288057d120dcca900
  ALBUM_HAVEN_MEDIA_ROOT: D:\a\_temp\album-haven-fixtures-9642e095dabd438288057d120dcca900\media
  pythonLocation: C:\hostedtoolcache\windows\Python\3.11.9\x64
  PKG_CONFIG_PATH: C:\hostedtoolcache\windows\Python\3.11.9\x64/lib/pkgconfig
  Python_ROOT_DIR: C:\hostedtoolcache\windows\Python\3.11.9\x64
  Python2_ROOT_DIR: C:\hostedtoolcache\windows\Python\3.11.9\x64
  Python3_ROOT_DIR: C:\hostedtoolcache\windows\Python\3.11.9\x64
##[endgroup]
performance matrix: 4 profile runners, 19 targets, 26 cases
##[group]Run $releasedRoot = [IO.Path]::GetFullPath($env:ALBUM_HAVEN_FIXTURE_ROOT)
$releasedRoot = [IO.Path]::GetFullPath($env:ALBUM_HAVEN_FIXTURE_ROOT)
$approvedCoverRoot = Join-Path $releasedRoot "media\covers\approved"
if (-not (Test-Path -LiteralPath $approvedCoverRoot -PathType Container)) {
  throw "Generated performance targets require the verified released approved-cover seed."
}
"ALBUM_HAVEN_APPROVED_COVER_ROOT=$approvedCoverRoot" | Out-File `
  -FilePath $env:GITHUB_ENV -Append -Encoding utf8
"ALBUM_HAVEN_FIXTURE_ROOT= " | Out-File -FilePath $env:GITHUB_ENV -Append -Encoding utf8
"ALBUM_HAVEN_MEDIA_ROOT= " | Out-File -FilePath $env:GITHUB_ENV -Append -Encoding utf8
"ALBUM_HAVEN_FIXTURE_PROFILE=scan-library" | Out-File `
  -FilePath $env:GITHUB_ENV -Append -Encoding utf8
shell: C:\Program Files\PowerShell\7\pwsh.EXE -command ". '{0}'"
env:
  ALBUM_HAVEN_EXPECTED_FFMPEG_VERSION: 7.1-essentials_build-www.gyan.dev
  ALBUM_HAVEN_FIXTURE_RELEASE: fixtures-v1.0.23
  ALBUM_HAVEN_FIXTURE_PROFILE: synthetic-large-library
  ALBUM_HAVEN_FIXTURE_ROOT: D:\a\_temp\album-haven-fixtures-9642e095dabd438288057d120dcca900
  ALBUM_HAVEN_MEDIA_ROOT: D:\a\_temp\album-haven-fixtures-9642e095dabd438288057d120dcca900\media
  pythonLocation: C:\hostedtoolcache\windows\Python\3.11.9\x64
  PKG_CONFIG_PATH: C:\hostedtoolcache\windows\Python\3.11.9\x64/lib/pkgconfig
  Python_ROOT_DIR: C:\hostedtoolcache\windows\Python\3.11.9\x64
  Python2_ROOT_DIR: C:\hostedtoolcache\windows\Python\3.11.9\x64
  Python3_ROOT_DIR: C:\hostedtoolcache\windows\Python\3.11.9\x64
##[endgroup]
##[group]Run $env:PGPASSWORD = $null
$env:PGPASSWORD = $null
$env:PLAYWRIGHT_PYTHON = Join-Path $env:pythonLocation "python.exe"
.\scripts\ci\run-performance-shard.ps1 `
  -Targets "scan-cold,scan-cached,scan-add-album,scan-metadata,scan-page" `
  -FixtureProfile "scan-library" `
  -FixtureMode "generated-isolated" `
  -BasePort "4293" `
  -DatabaseSuffixBase "p_35389965541_1_3" `
  -ShardName "scan-library" `
  -Browser chrome `
  -PerformanceContract ci
shell: C:\Program Files\PowerShell\7\pwsh.EXE -command ". '{0}'"
env:
  ALBUM_HAVEN_EXPECTED_FFMPEG_VERSION: 7.1-essentials_build-www.gyan.dev
  ALBUM_HAVEN_FIXTURE_RELEASE: fixtures-v1.0.23
  ALBUM_HAVEN_FIXTURE_PROFILE: scan-library
  ALBUM_HAVEN_FIXTURE_ROOT:  
  ALBUM_HAVEN_MEDIA_ROOT:  
  pythonLocation: C:\hostedtoolcache\windows\Python\3.11.9\x64
  PKG_CONFIG_PATH: C:\hostedtoolcache\windows\Python\3.11.9\x64/lib/pkgconfig
  Python_ROOT_DIR: C:\hostedtoolcache\windows\Python\3.11.9\x64
  Python2_ROOT_DIR: C:\hostedtoolcache\windows\Python\3.11.9\x64
  Python3_ROOT_DIR: C:\hostedtoolcache\windows\Python\3.11.9\x64
  ALBUM_HAVEN_APPROVED_COVER_ROOT: D:\a\_temp\album-haven-fixtures-9642e095dabd438288057d120dcca900\media\covers\approved
  PLAYWRIGHT_CHROME_EXECUTABLE: C:\hostedtoolcache\windows\setup-chrome\chrome\151.0.7922.138\x64\chrome.exe
##[endgroup]
BEGIN
DO
CREATE ROLE
CREATE ROLE
CREATE ROLE
COMMIT
CREATE DATABASE
REVOKE
GRANT
GRANT
CREATE SCHEMA
CREATE SCHEMA
CREATE SCHEMA
CREATE SCHEMA
CREATE TABLE
CREATE TABLE
CREATE TABLE
CREATE INDEX
CREATE INDEX
CREATE TABLE
CREATE INDEX
CREATE INDEX
CREATE TABLE
CREATE INDEX
CREATE INDEX
CREATE TABLE
CREATE INDEX
CREATE INDEX
CREATE TABLE
CREATE INDEX
CREATE INDEX
CREATE INDEX
CREATE TABLE
CREATE INDEX
CREATE INDEX
CREATE TABLE
CREATE INDEX
CREATE INDEX
CREATE TABLE
CREATE INDEX
CREATE TABLE
CREATE INDEX
CREATE INDEX
CREATE TABLE
CREATE INDEX
CREATE INDEX
CREATE INDEX
CREATE INDEX
CREATE TABLE
CREATE INDEX
CREATE INDEX
CREATE INDEX
CREATE INDEX
CREATE INDEX
CREATE TABLE
CREATE INDEX
CREATE INDEX
CREATE INDEX
CREATE INDEX
CREATE INDEX
CREATE TABLE
CREATE INDEX
CREATE INDEX
CREATE INDEX
CREATE INDEX
CREATE INDEX
CREATE INDEX
CREATE TABLE
CREATE INDEX
CREATE INDEX
CREATE INDEX
CREATE TABLE
CREATE INDEX
CREATE INDEX
CREATE TABLE
CREATE INDEX
CREATE INDEX
CREATE TABLE
CREATE INDEX
CREATE INDEX
CREATE TABLE
CREATE INDEX
CREATE INDEX
CREATE TABLE
CREATE INDEX
CREATE INDEX
CREATE TABLE
CREATE INDEX
CREATE INDEX
CREATE INDEX
CREATE TABLE
CREATE INDEX
CREATE INDEX
CREATE INDEX
CREATE INDEX
CREATE TABLE
CREATE INDEX
CREATE INDEX
CREATE INDEX
CREATE INDEX
CREATE INDEX
CREATE TABLE
CREATE INDEX
CREATE TABLE
CREATE INDEX
CREATE TABLE
CREATE INDEX
CREATE INDEX
CREATE INDEX
CREATE INDEX
CREATE TABLE
CREATE INDEX
CREATE INDEX
CREATE TABLE
CREATE INDEX
CREATE INDEX
CREATE INDEX
CREATE INDEX
CREATE TABLE
CREATE INDEX
CREATE INDEX
CREATE INDEX
CREATE INDEX
CREATE TABLE
CREATE INDEX
CREATE INDEX
CREATE INDEX
CREATE TABLE
CREATE INDEX
CREATE TABLE
CREATE INDEX
CREATE INDEX
DO
DO
DO
DO
INSERT 0 1
CREATE TABLE
CREATE INDEX
CREATE INDEX
CREATE INDEX
CREATE INDEX
CREATE INDEX
CREATE INDEX
CREATE INDEX
DO
DO
DO
INSERT 0 1
ALTER TABLE
ALTER TABLE
ALTER TABLE
ALTER TABLE
CREATE INDEX
CREATE INDEX
CREATE INDEX
CREATE INDEX
CREATE INDEX
CREATE INDEX
CREATE INDEX
CREATE INDEX
INSERT 0 1
CREATE INDEX
CREATE INDEX
CREATE INDEX
INSERT 0 1
CREATE TABLE
INSERT 0 6
CREATE TABLE
CREATE INDEX
CREATE INDEX
CREATE TABLE
CREATE INDEX
CREATE INDEX
CREATE INDEX
DO
DO
INSERT 0 1
UPDATE 0
psql:D:/a/AlbumHaven/AlbumHaven/migrations/postgres/0006_scope_lastfm_sync_identities.sql:26: NOTICE:  index "lastfm_sessions_account_username_idx" does not exist, skipping
DROP INDEX
CREATE INDEX
psql:D:/a/AlbumHaven/AlbumHaven/migrations/postgres/0006_scope_lastfm_sync_identities.sql:31: NOTICE:  index "pending_scrobbles_source_identity_idx" does not exist, skipping
DROP INDEX
psql:D:/a/AlbumHaven/AlbumHaven/migrations/postgres/0006_scope_lastfm_sync_identities.sql:43: NOTICE:  relation "pending_scrobbles_source_identity_idx" already exists, skipping
CREATE INDEX
psql:D:/a/AlbumHaven/AlbumHaven/migrations/postgres/0006_scope_lastfm_sync_identities.sql:45: NOTICE:  index "scrobble_retry_state_source_identity_idx" does not exist, skipping
DROP INDEX
psql:D:/a/AlbumHaven/AlbumHaven/migrations/postgres/0006_scope_lastfm_sync_identities.sql:59: NOTICE:  relation "scrobble_retry_state_source_identity_idx" already exists, skipping
CREATE INDEX
INSERT 0 1
DROP INDEX
CREATE INDEX
INSERT 0 1
DROP INDEX
CREATE INDEX
INSERT 0 1
CREATE TABLE
CREATE INDEX
CREATE INDEX
DO
INSERT 0 1
CREATE TABLE
CREATE INDEX
CREATE INDEX
CREATE INDEX
CREATE TABLE
CREATE INDEX
CREATE INDEX
CREATE INDEX
DO
INSERT 0 1
CREATE TABLE
CREATE INDEX
CREATE INDEX
CREATE INDEX
DO
INSERT 0 1
CREATE TABLE
CREATE INDEX
CREATE INDEX
CREATE INDEX
DO
INSERT 0 1
CREATE TABLE
CREATE INDEX
CREATE INDEX
CREATE INDEX
DO
INSERT 0 1
UPDATE 0
INSERT 0 1
CREATE TABLE
CREATE INDEX
CREATE INDEX
CREATE INDEX
CREATE INDEX
CREATE INDEX
CREATE INDEX
DO
INSERT 0 1
DO
INSERT 0 1
CREATE TABLE
CREATE INDEX
INSERT 0 1
GRANT
INSERT 0 1
DROP INDEX
CREATE INDEX
UPDATE 0
INSERT 0 1
psql:D:/a/AlbumHaven/AlbumHaven/migrations/postgres/0019_create_local_album_featured_artists.sql:13: NOTICE:  relation "local_album_featured_artists" already exists, skipping
CREATE TABLE
psql:D:/a/AlbumHaven/AlbumHaven/migrations/postgres/0019_create_local_album_featured_artists.sql:16: NOTICE:  relation "local_album_featured_artists_library_id_idx" already exists, skipping
CREATE INDEX
psql:D:/a/AlbumHaven/AlbumHaven/migrations/postgres/0019_create_local_album_featured_artists.sql:19: NOTICE:  relation "local_album_featured_artists_album_id_idx" already exists, skipping
psql:D:/a/AlbumHaven/AlbumHaven/migrations/postgres/0019_create_local_album_featured_artists.sql:22: NOTICE:  relation "local_album_featured_artists_artist_id_idx" already exists, skipping
CREATE INDEX
psql:D:/a/AlbumHaven/AlbumHaven/migrations/postgres/0019_create_local_album_featured_artists.sql:25: NOTICE:  relation "local_album_featured_artists_library_artist_idx" already exists, skipping
CREATE INDEX
CREATE INDEX
psql:D:/a/AlbumHaven/AlbumHaven/migrations/postgres/0019_create_local_album_featured_artists.sql:28: NOTICE:  relation "local_album_featured_artists_identity_idx" already exists, skipping
CREATE INDEX
DO
INSERT 0 1
DO
INSERT 0 1
psql:D:/a/AlbumHaven/AlbumHaven/migrations/postgres/0021_add_problematic_file_generated_projection.sql:1: NOTICE:  index "local_track_files_active_track_projection_idx" does not exist, skipping
DROP INDEX
CREATE FUNCTION
REVOKE
DO
ALTER TABLE
ALTER TABLE
ALTER TABLE
INSERT 0 1
DROP INDEX
CREATE INDEX
DROP INDEX
CREATE INDEX
INSERT 0 1
CREATE FUNCTION
CREATE FUNCTION
CREATE FUNCTION
psql:D:/a/AlbumHaven/AlbumHaven/migrations/postgres/0023_link_local_track_files_to_library_***s.sql:162: NOTICE:  function library.windows_path_key(text) does not exist, skipping
DROP FUNCTION
CREATE FUNCTION
UPDATE 0
UPDATE 0
DO
REVOKE
REVOKE
REVOKE
REVOKE
DO
INSERT 0 1
CREATE EXTENSION
DO
INSERT 0 1
DO
INSERT 0 1
CREATE TABLE
CREATE INDEX
CREATE INDEX
DO
INSERT 0 1
DO
INSERT 0 1
DROP INDEX
CREATE INDEX
INSERT 0 1
psql:D:/a/AlbumHaven/AlbumHaven/migrations/postgres/0029_repair_lastfm_session_conflict_identity.sql:2: NOTICE:  relation "lastfm_sessions_account_username_idx" already exists, skipping
CREATE INDEX
INSERT 0 1
DROP TABLE
INSERT 0 1
CREATE INDEX
INSERT 0 1
DROP INDEX
CREATE INDEX
INSERT 0 1
psql:D:/a/AlbumHaven/AlbumHaven/migrations/postgres/0033_repair_section14_album_identity_corruption.sql:9: NOTICE:  schema "pg_temp" does not exist, skipping
DROP TABLE
CREATE TABLE
INSERT 0 0
INSERT 0 0
DO
SELECT 0
UPDATE 0
INSERT 0 0
DELETE 0
INSERT 0 0
DELETE 0
UPDATE 0
DELETE 0
UPDATE 0
DELETE 0
UPDATE 0
UPDATE 0
DELETE 0
DELETE 0
DELETE 0
DROP TABLE
DROP TABLE
INSERT 0 1
LOCK TABLE
psql:D:/a/AlbumHaven/AlbumHaven/migrations/postgres/0034_reconcile_semantic_local_albums.sql:8: NOTICE:  schema "pg_temp" does not exist, skipping
DROP TABLE
CREATE TABLE
INSERT 0 0
 id 
----
(0 rows)

UPDATE 0
INSERT 0 0
DELETE 0
INSERT 0 0
DELETE 0
UPDATE 0
INSERT 0 0
DELETE 0
INSERT 0 0
DELETE 0
UPDATE 0
UPDATE 0
DELETE 0
DROP TABLE
DO
INSERT 0 1
psql:D:/a/AlbumHaven/AlbumHaven/migrations/postgres/0035_enforce_semantic_local_album_identity.sql:7: NOTICE:  trigger "local_albums_semantic_identity_check" for relation "library.local_albums" does not exist, skipping
DROP TRIGGER
psql:D:/a/AlbumHaven/AlbumHaven/migrations/postgres/0035_enforce_semantic_local_album_identity.sql:9: NOTICE:  trigger "separate_releases_semantic_identity_check" for relation "library.separate_releases" does not exist, skipping
psql:D:/a/AlbumHaven/AlbumHaven/migrations/postgres/0035_enforce_semantic_local_album_identity.sql:11: NOTICE:  trigger "local_artists_semantic_identity_check" for relation "library.local_artists" does not exist, skipping
DROP TRIGGER
DROP TRIGGER
psql:D:/a/AlbumHaven/AlbumHaven/migrations/postgres/0035_enforce_semantic_local_album_identity.sql:13: NOTICE:  trigger "local_albums_semantic_identity_discriminator" for relation "library.local_albums" does not exist, skipping
psql:D:/a/AlbumHaven/AlbumHaven/migrations/postgres/0035_enforce_semantic_local_album_identity.sql:15: NOTICE:  trigger "separate_releases_semantic_identity_discriminator" for relation "library.separate_releases" does not exist, skipping
psql:D:/a/AlbumHaven/AlbumHaven/migrations/postgres/0035_enforce_semantic_local_album_identity.sql:17: NOTICE:  trigger "separate_releases_semantic_identity_reconciliation" for relation "library.separate_releases" does not exist, skipping
psql:D:/a/AlbumHaven/AlbumHaven/migrations/postgres/0035_enforce_semantic_local_album_identity.sql:19: NOTICE:  trigger "local_artists_semantic_identity_discriminator" for relation "library.local_artists" does not exist, skipping
DROP TRIGGER
DROP TRIGGER
DROP TRIGGER
DROP TRIGGER
psql:D:/a/AlbumHaven/AlbumHaven/migrations/postgres/0035_enforce_semantic_local_album_identity.sql:21: NOTICE:  trigger "separate_releases_inventory_publication_lock" for relation "library.separate_releases" does not exist, skipping
psql:D:/a/AlbumHaven/AlbumHaven/migrations/postgres/0035_enforce_semantic_local_album_identity.sql:23: NOTICE:  trigger "local_artists_inventory_publication_lock" for relation "library.local_artists" does not exist, skipping
psql:D:/a/AlbumHaven/AlbumHaven/migrations/postgres/0035_enforce_semantic_local_album_identity.sql:24: NOTICE:  function library.enforce_semantic_local_album_identity() does not exist, skipping
DROP TRIGGER
DROP TRIGGER
DROP FUNCTION
ALTER TABLE
CREATE FUNCTION
CREATE TRIGGER
CREATE TRIGGER
UPDATE 0
CREATE INDEX
CREATE FUNCTION
CREATE TRIGGER
CREATE FUNCTION
CREATE FUNCTION
CREATE TRIGGER
CREATE FUNCTION
CREATE TRIGGER
INSERT 0 1
CREATE INDEX
INSERT 0 1
CREATE INDEX
INSERT 0 1
CREATE INDEX
CREATE INDEX
DROP INDEX
psql:D:/a/AlbumHaven/AlbumHaven/migrations/postgres/0038_add_problematic_required_text_candidate.sql:25: NOTICE:  index "local_track_files_problem_candidate_v2_idx" does not exist, skipping
DROP INDEX
psql:D:/a/AlbumHaven/AlbumHaven/migrations/postgres/0038_add_problematic_required_text_candidate.sql:26: NOTICE:  index "local_track_files_problem_candidate_v3_idx" does not exist, skipping
DROP INDEX
psql:D:/a/AlbumHaven/AlbumHaven/migrations/postgres/0038_add_problematic_required_text_candidate.sql:27: NOTICE:  index "local_track_files_problem_candidate_v4_idx" does not exist, skipping
DROP INDEX
psql:D:/a/AlbumHaven/AlbumHaven/migrations/postgres/0038_add_problematic_required_text_candidate.sql:30: NOTICE:  column "scan_file_required_text_missing_candidate" of relation "local_track_files" does not exist, skipping
ALTER TABLE
INSERT 0 1
DO
INSERT 0 1
DO
INSERT 0 1
psql:D:/a/AlbumHaven/AlbumHaven/migrations/postgres/0041_create_local_album_cover_candidate_snapshots.sql:32: NOTICE:  identifier "local_album_cover_candidate_snapshots_automatic_improvement_revision_check" will be truncated to "local_album_cover_candidate_snapshots_automatic_improvement_rev"
psql:D:/a/AlbumHaven/AlbumHaven/migrations/postgres/0041_create_local_album_cover_candidate_snapshots.sql:32: NOTICE:  identifier "local_album_cover_candidate_snapshots_seen_automatic_improvement_revision_check" will be truncated to "local_album_cover_candidate_snapshots_seen_automatic_improvemen"
CREATE TABLE
UPDATE 0
DO
INSERT 0 1
ALTER TABLE
INSERT 0 1
CREATE TABLE
DO
INSERT 0 1
CREATE TABLE
CREATE INDEX
DO
INSERT 0 1
CREATE INDEX
INSERT 0 1
ALTER TABLE
UPDATE 0
ALTER TABLE
DO
CREATE INDEX
CREATE INDEX
CREATE TABLE
CREATE TABLE
CREATE INDEX
CREATE INDEX
CREATE INDEX
CREATE TABLE
CREATE INDEX
DO
ALTER TABLE
UPDATE 0
UPDATE 0
ALTER TABLE
DO
CREATE INDEX
CREATE TABLE
CREATE INDEX
CREATE INDEX
CREATE INDEX
CREATE TABLE
CREATE INDEX
CREATE INDEX
CREATE INDEX
CREATE INDEX
DO
INSERT 0 1
CREATE TABLE
CREATE INDEX
CREATE INDEX
DO
INSERT 0 1
ALTER TABLE
ALTER TABLE
CREATE TABLE
CREATE INDEX
CREATE INDEX
CREATE INDEX
DO
INSERT 0 1
DELETE 0
CREATE INDEX
INSERT 0 1
CREATE INDEX
INSERT 0 1
CREATE INDEX
INSERT 0 1
CREATE TABLE
CREATE INDEX
CREATE INDEX
CREATE INDEX
CREATE TABLE
CREATE INDEX
ALTER TABLE
CREATE INDEX
ALTER TABLE
ALTER TABLE
DO
INSERT 0 1
CREATE TABLE
DO
INSERT 0 1
ALTER TABLE
DO
INSERT 0 1
CREATE FUNCTION
REVOKE
DO
INSERT 0 1
ALTER TABLE
DO
INSERT 0 1
ALTER TABLE
CREATE FUNCTION
INSERT 0 0
UPDATE 0
DO
REVOKE
DO
INSERT 0 1
ALTER TABLE
DO
INSERT 0 1
ALTER TABLE
DO
INSERT 0 1
CREATE FUNCTION
CREATE FUNCTION
CREATE FUNCTION
ALTER TABLE
UPDATE 0
ALTER TABLE
ALTER TABLE
REVOKE
REVOKE
REVOKE
DO
INSERT 0 1
CREATE FUNCTION
REVOKE
DO
INSERT 0 1
DO
INSERT 0 1
CREATE FUNCTION
REVOKE
DO
INSERT 0 1
DO
INSERT 0 1
CREATE FUNCTION
INSERT 0 1
ALTER TABLE
ALTER TABLE
INSERT 0 1
CREATE INDEX
INSERT 0 1
CREATE TABLE
CREATE INDEX
UPDATE 0
UPDATE 0
INSERT 0 0
UPDATE 0
DO
INSERT 0 1
CREATE TABLE
CREATE TABLE
CREATE INDEX
CREATE INDEX
DO
INSERT 0 1
ALTER TABLE
INSERT 0 1
ALTER TABLE
ALTER TABLE
INSERT 0 1
ALTER TABLE
CREATE INDEX
INSERT 0 1
ALTER TABLE
ALTER TABLE
UPDATE 0
INSERT 0 1
WARNING:  no privileges were granted for "show_limit"
WARNING:  no privileges were granted for "show_trgm"
WARNING:  no privileges were granted for "set_limit"
WARNING:  no privileges were granted for "similarity"
WARNING:  no privileges were granted for "similarity_op"
WARNING:  no privileges were granted for "word_similarity"
WARNING:  no privileges were granted for "word_similarity_op"
WARNING:  no privileges were granted for "word_similarity_commutator_op"
WARNING:  no privileges were granted for "similarity_dist"
WARNING:  no privileges were granted for "word_similarity_dist_op"
WARNING:  no privileges were granted for "word_similarity_dist_commutator_op"
WARNING:  no privileges were granted for "gtrgm_in"
WARNING:  no privileges were granted for "gtrgm_out"
WARNING:  no privileges were granted for "gtrgm_consistent"
WARNING:  no privileges were granted for "gtrgm_distance"
WARNING:  no privileges were granted for "gtrgm_compress"
WARNING:  no privileges were granted for "gtrgm_decompress"
WARNING:  no privileges were granted for "gtrgm_penalty"
WARNING:  no privileges were granted for "gtrgm_picksplit"
WARNING:  no privileges were granted for "gtrgm_union"
WARNING:  no privileges were granted for "gtrgm_same"
WARNING:  no privileges were granted for "gin_extract_value_trgm"
WARNING:  no privileges were granted for "gin_extract_query_trgm"
WARNING:  no privileges were granted for "gin_trgm_consistent"
WARNING:  no privileges were granted for "gin_trgm_triconsistent"
WARNING:  no privileges were granted for "strict_word_similarity"
WARNING:  no privileges were granted for "strict_word_similarity_op"
WARNING:  no privileges were granted for "strict_word_similarity_commutator_op"
WARNING:  no privileges were granted for "strict_word_similarity_dist_op"
WARNING:  no privileges were granted for "strict_word_similarity_dist_commutator_op"
WARNING:  no privileges were granted for "gtrgm_options"
DO
BEGIN
CREATE SCHEMA
CREATE TABLE
INSERT 0 1
UPDATE 1
DELETE 1
 nextval 
---------
       2
(1 row)

ROLLBACK
DO
BEGIN
CREATE TABLE
INSERT 0 1
INSERT 0 1
UPDATE 1
ROLLBACK
DO
 ?column? 
----------
(0 rows)

DO
Prepared scan performance fixture at D:\a\_temp\album-haven-performance-shard-scan-library\prepared-profile\music.
D:\a\_temp\album-haven-performance-foundations\foundation-version-manifest-performance-scan-cold.json
=== Performance target: scan-cold ===
=== Performance run 1/1 for scan-cold ===
[performance-runner] target=scan-cold | attempt=1 | mode=headless | browser=chrome | scan_app_port=4293
Album Haven scan benchmark app listening on http://127.0.0.1:4293 with 1000 albums across 100 artists and 3 tracks per album for scenario cold

Running 1 test using 1 worker

[TEST] FTC-OPS-014 cold isolated scan captures loader, browse, and folder-threshold timings
  [STEP] Open the isolated app with no cache and wait for the scan loader
  [PASS] Open the isolated app with no cache and wait for the scan loader (1312 ms)
[scan-cold-local] Cold scan loader visible in 1314 ms | memory 2.4 MB (2568844 bytes)
  [STEP] Wait for launch-time discovery progress to be recorded
  [PASS] Wait for launch-time discovery progress to be recorded (0 ms)
[scan-cold-local] Scan discovery progress visible in 0 ms | memory 2.4 MB (2562692 bytes)
  [STEP] Wait for indexing progress to begin
  [PASS] Wait for indexing progress to begin (589 ms)
[scan-cold-local] Scan indexing progress visible in 2028 ms | memory 2.9 MB (3030768 bytes)
  [STEP] Wait for the elapsed timer to start counting on the scan page
  [PASS] Wait for the elapsed timer to start counting on the scan page (7 ms)
[scan-cold-local] Scan elapsed timer started in 2070 ms | memory 2.9 MB (3031112 bytes)
  [STEP] Explicitly open the Scan Page before browsing partial scan results
  [PASS] Explicitly open the Scan Page before browsing partial scan results (268 ms)
  [STEP] Wait for enough partial results to expose the browse-during-scan button
  [PASS] Wait for enough partial results to expose the browse-during-scan button (7374 ms)
[scan-cold-local] Browse scanned library button visible during active scan in 9740 ms | memory 3.2 MB (3396512 bytes)
2026-09-18 20:12:32,972 [INFO] music_app: Relation projection startup readiness ready=true rebuilt=true reason=missing_projection builder_version=local-relation-builder-v9 source_row_count=0 duration_ms=115.29 source_load=9.08 fingerprint=0.05 pure_build=0.04 family_link_replacement=3.08 snapshot_publication=0.86
2026-09-18 20:12:39,021 [INFO] music_app: {"action": "Index request completed", "album_count": 0, "artist_count": 0, "bootstrap_mode": "empty_shell", "covers_in_progress": false, "elapsed_ms": 259.92, "hydrate_in_progress": false, "payload_elapsed_ms": 87.8, "query": "", "scan_in_progress": true, "selected_artist": ""}
2026-09-18 20:12:39,111 [INFO] music_app: {"action": "Library indexing started", "force": false}
2026-09-18 20:12:48,803 [INFO] music_app: {"action": "View payload built", "artist_groups": 42, "elapsed_ms": 293.69, "filtered_albums": 417, "non_album_entries": 0, "non_album_tracks": 0, "query": "", "selected_artist": "", "sidebar_artists": 42, "timings": {"artist_groups_ms": 136.52, "artists_sidebar_ms": 2.57, "casefold_alias_views_ms": 1.58, "ignored_version_keys_ms": 45.49, "manual_version_links_ms": 47.55, "non_album_candidate_build_ms": 1.75, "non_album_entries_ms": 1.86, "non_album_tracks_ms": 0.01, "***_artist_groups_build_ms": 136.49, "search_buckets_ms": 0.03, "total_ms": 293.69}, "total_albums": 417}
2026-09-18 20:12:48,855 [INFO] music_app: {"action": "View data request completed", "album_count": 417, "artist_count": 42, "elapsed_ms": 345.19, "query": "", "selected_artist": ""}
2026-09-18 20:13:03,376 [INFO] music_app: {"action": "View payload built", "artist_groups": 100, "elapsed_ms": 1081.5, "filtered_albums": 1000, "non_album_entries": 0, "non_album_tracks": 0, "query": "", "selected_artist": "", "sidebar_artists": 100, "timings": {"artist_groups_ms": 693.95, "artists_sidebar_ms": 43.85, "casefold_alias_views_ms": 4.22, "ignored_version_keys_ms": 148.03, "manual_version_links_ms": 50.74, "non_album_candidate_build_ms": 26.25, "non_album_entries_ms": 26.53, "non_album_tracks_ms": 0.01, "***_artist_groups_build_ms": 693.92, "search_buckets_ms": 0.03, "total_ms": 1081.5}, "total_albums": 1000}
2026-09-18 20:13:03,443 [INFO] music_app: {"action": "View data request completed", "album_count": 1000, "artist_count": 100, "elapsed_ms": 1148.72, "query": "", "selected_artist": ""}
2026-09-18 20:13:03,560 [INFO] music_app: {"action": "View payload built", "artist_groups": 100, "elapsed_ms": 653.47, "filtered_albums": 1000, "non_album_entries": 0, "non_album_tracks": 0, "query": "", "selected_artist": "", "sidebar_artists": 100, "timings": {"artist_groups_ms": 219.46, "artists_sidebar_ms": 13.42, "casefold_alias_views_ms": 2.9, "ignored_version_keys_ms": 129.52, "manual_version_links_ms": 0.03, "non_album_candidate_build_ms": 4.9, "non_album_entries_ms": 5.14, "non_album_tracks_ms": 0.01, "***_artist_groups_build_ms": 219.44, "search_buckets_ms": 0.01, "total_ms": 653.47}, "total_albums": 1000}
2026-09-18 20:13:03,626 [INFO] music_app: {"action": "View data request completed", "album_count": 1000, "artist_count": 100, "elapsed_ms": 720.13, "query": "", "selected_artist": ""}
2026-09-18 20:13:04,499 [INFO] music_app: {"action": "View payload built", "artist_groups": 1, "elapsed_ms": 156.66, "filtered_albums": 1000, "non_album_entries": 0, "non_album_tracks": 0, "query": "", "selected_artist": "Scan Artist 003", "sidebar_artists": 0, "timings": {"artist_groups_ms": 74.72, "artists_sidebar_ms": 0.0, "casefold_alias_views_ms": 4.41, "ignored_version_keys_ms": 0.03, "manual_version_links_ms": 0.04, "non_album_candidate_build_ms": 4.31, "non_album_entries_ms": 4.33, "non_album_tracks_ms": 0.0, "search_buckets_ms": 0.02, "selected_artist_family_album_collection_ms": 0.0, "selected_artist_family_group_build_ms": 0.37, "selected_artist_primary_album_collection_ms": 15.67, "selected_artist_primary_group_build_ms": 3.31, "total_ms": 156.66}, "total_albums": 1000}
2026-09-18 20:13:04,550 [INFO] music_app: {"action": "View data request completed", "album_count": 10, "artist_count": 1, "elapsed_ms": 207.84, "query": "", "selected_artist": "Scan Artist 003"}
2026-09-18 20:13:08,981 [INFO] music_app: {"action": "View payload built", "artist_groups": 100, "elapsed_ms": 350.2, "filtered_albums": 1000, "non_album_entries": 0, "non_album_tracks": 0, "query": "", "selected_artist": "", "sidebar_artists": 0, "timings": {"artist_groups_ms": 88.01, "artists_sidebar_ms": 0.0, "casefold_alias_views_ms": 4.38, "ignored_version_keys_ms": 91.29, "manual_version_links_ms": 57.03, "non_album_candidate_build_ms": 4.3, "non_album_entries_ms": 4.54, "non_album_tracks_ms": 0.01, "***_artist_groups_build_ms": 87.99, "search_buckets_ms": 0.03, "total_ms": 350.2}, "total_albums": 1000}
2026-09-18 20:13:09,051 [INFO] music_app: {"action": "View data request completed", "album_count": 1000, "artist_count": 100, "elapsed_ms": 420.11, "query": "", "selected_artist": ""}
2026-09-18 20:13:10,681 [INFO] music_app: {"action": "Library indexing completed", "album_count": 1000, "file_count": 3000}
2026-09-18 20:13:10,683 [INFO] music_app: {"action": "Cover art refresh queued after indexing", "added_album_count": 1000}
2026-09-18 20:13:11,147 [VERBOSE] music_app: Cover jobs built total_folders=1000 queued=1000 skipped=0 skipped_samples=[]
2026-09-18 20:13:11,148 [VERBOSE] music_app: Cover refresh background job selection queued=0 user_owned=0 scan_generation=1 file_cache_entries=3000
2026-09-18 20:13:11,149 [INFO] music_app: {"action": "Cover art update completed", "album_count": 0, "downloaded": 0, "downloaded_paths": [], "failed": 0, "files": [], "mode": "background", "not_found": 0, "not_touched": 0, "processed": 0, "skipped": 0}
2026-09-18 20:13:12,481 [INFO] music_app: {"action": "Index request completed", "album_count": 0, "artist_count": 0, "bootstrap_mode": "fresh_preview", "covers_in_progress": false, "elapsed_ms": 770.35, "hydrate_in_progress": false, "payload_elapsed_ms": 666.22, "query": "", "scan_in_progress": false, "selected_artist": ""}
[playwright-wrapper-failure-latched] {"phase":"tests-complete","status":"failed","total":1,"completed":1,"failed":1,"skipped":0,"errors":0}
[playwright-wrapper-diagnostic] {"reason":"wrapper-child-lifecycle-mismatch","childExitCode":1,"childExitSignal":null,"childCloseCode":1,"childCloseSignal":null,"processError":null,"stopReason":"none","cleanupOutcome":"completed"}
[playwright-wrapper-final-decision] {"wrapperExitCode":1,"attemptReturn":{"exitCode":1,"exitReason":"wrapper-child-lifecycle-mismatch"},"fakeDatabaseCleanup":{"status":"not-required","error":null},"scanAppCleanup":{"status":"completed","error":null},"isolatedAppCleanup":{"status":"not-required","error":null},"tempCleanup":{"status":"completed","error":null,"removedCount":0},"passivePortDiagnostics":[{"port":4293,"status":"completed","error":null,"ownerCount":0}],"finalSummary":{"phase":"run-final","status":"failed","total":1,"completed":1,"failed":1,"skipped":0,"errors":0,"listOnly":false},"exitReason":"wrapper-child-lifecycle-mismatch"}
  [STEP] Use Browse Library and wait for the partial gallery plus visible covers
  [PASS] Use Browse Library and wait for the partial gallery plus visible covers (3520 ms)
[scan-cold-local] Partial browse gallery ready during active scan in 3520 ms | memory 5.0 MB (5270484 bytes)
  [STEP] Sample browse idle memory after the partial gallery settles
[scan-cold-local] Partial browse idle memory during active scan 5.0 MB (5291000 bytes)
  [PASS] Sample browse idle memory after the partial gallery settles (611 ms)
  [STEP] Read the first visible All artists count after partial browse
  [PASS] Read the first visible All artists count after partial browse (14 ms)
[scan-cold-local] Initial All artists count after partial browse: 42
[scan-cold-local] Scan state immediately after the first browse-during-scan load: active
  [STEP] Use the app-bar status menu to return to the scan page while the job is still active
  [PASS] Use the app-bar status menu to return to the scan page while the job is still active (302 ms)
[scan-cold-local] Returned to scan page during active scan in 301 ms | memory 5.5 MB (5818272 bytes)
[scan-cold-local] Scan page snapshot after returning from browse: Scanning music files | 1696 of 3000 files processed - 01 - Scan Track 1.mp3
  [STEP] Use Back during the active scan and immediately restore a complete top gallery
  [PASS] Use Back during the active scan and immediately restore a complete top gallery (285 ms)
  [STEP] Reopen Scan Page while the cold scan remains active
  [PASS] Reopen Scan Page while the cold scan remains active (154 ms)
  [STEP] Resume browse from the scan page and wait for the partial gallery to settle again
  [PASS] Resume browse from the scan page and wait for the partial gallery to settle again (8569 ms)
  [STEP] Keep the resumed active-scan gallery complete and pinned to the top
  [PASS] Keep the resumed active-scan gallery complete and pinned to the top (523 ms)
[scan-cold-local] Returned from scan page back into partial browse in 8569 ms | memory 5.3 MB (5594052 bytes)
  [STEP] Wait for the live All artists count to increase while the scan keeps running
  [PASS] Wait for the live All artists count to increase while the scan keeps running (832 ms)
[scan-cold-local] All artists count increased while scan was still active in 832 ms | memory 6.2 MB (6459152 bytes)
  [STEP] Select one visible artist from the partial browse tree
  [PASS] Select one visible artist from the partial browse tree (96 ms)
  [STEP] Wait for the selected artist gallery to become ready
  [PASS] Wait for the selected artist gallery to become ready (4131 ms)
[scan-cold-local] Partial browse selected artist "Scan Artist 003" ready in 4130 ms | memory 5.8 MB (6055096 bytes)
  [STEP] Return to All artists and wait for the partial gallery to settle again
  [PASS] Return to All artists and wait for the partial gallery to settle again (966 ms)
[scan-cold-local] Returned to All artists during active scan in 966 ms | memory 7.1 MB (7414216 bytes)
  [STEP] Sample idle memory after the selected-artist round-trip
[scan-cold-local] Partial browse round-trip idle memory 7.1 MB (7415348 bytes)
  [PASS] Sample idle memory after the selected-artist round-trip (626 ms)
  [STEP] Wait for the cold scan and any relation work to finish
  [PASS] Wait for the cold scan and any relation work to finish (3270 ms)
  [STEP] Fetch server-side scan samples and derive milestone timings
[scan-cold-local] Server sample reached 100 album folders in 7947 ms | memory 4.2 MB (4435844 bytes)
[scan-cold-local] Server sample reached 300 album folders in 11716 ms | memory 4.2 MB (4426904 bytes)
[scan-cold-local] Server sample reached 500 album folders in 16005 ms | memory 4.2 MB (4431708 bytes)
[scan-cold-local] Cold scan completion threshold in 36397 ms | memory 4.2 MB (4428856 bytes)
[scan-cold-local] 100-folder throughput snapshot: 104 folders in 7947 ms, 13.1 folders/s, ETA 0.0s
[scan-cold-local] 300-folder throughput snapshot: 315 folders in 11716 ms, 26.9 folders/s, ETA 12.3s
[scan-cold-local] 500-folder throughput snapshot: 501 folders in 16005 ms, 31.3 folders/s, ETA 12.4s
  [PASS] Fetch server-side scan samples and derive milestone timings (180 ms)
  x  1 [scan-performance] › tests\e2e\scanPerformance\scanPerformance.spec.js:52:3 › isolated scan performance benchmarks › FTC-OPS-014 cold isolated scan captures loader, browse, and folder-threshold timings (37.5s)[playwright-performance-reporter] flush-complete

[album-haven-playwright-result] {"version":1,"phase":"tests-complete","nonce":"734f8b2e4026b967d39a0b2dbc4572f0f957b43bca9617864f6db90297d4d7bc","status":"failed","total":1,"completed":1,"failed":1,"skipped":0,"errors":0}



[album-haven-playwright-result] {"version":1,"phase":"run-final","nonce":"734f8b2e4026b967d39a0b2dbc4572f0f957b43bca9617864f6db90297d4d7bc","status":"failed","total":1,"completed":1,"failed":1,"skipped":0,"errors":0}

  1) [scan-performance] › tests\e2e\scanPerformance\scanPerformance.spec.js:52:3 › isolated scan performance benchmarks › FTC-OPS-014 cold isolated scan captures loader, browse, and folder-threshold timings 

    Error: HARD FAIL: Repeated active-scan Browse to stable top gallery took 8511 ms, above the 800 ms target plus 200 ms grace (1000 ms hard ceiling).

    expect(received).toBeLessThanOrEqual(expected)

    Expected: <= 1000
    Received:    8511

       at ..\helpers\timingBudget.js:108

      106 |     outcome.actualMs,
      107 |     formatTimingBudgetOutcome(label, outcome),
    > 108 |   ).toBeLessThanOrEqual(outcome.hardCeiling);
          |     ^
      109 |   return outcome;
      110 | }
      111 |
        at expectTimingBudgetOutcome (D:\a\AlbumHaven\AlbumHaven\tests\e2e\helpers\timingBudget.js:108:5)
        at expectTimingBudget (D:\a\AlbumHaven\AlbumHaven\tests\e2e\helpers\timingBudget.js:97:10)
        at D:\a\AlbumHaven\AlbumHaven\tests\e2e\scanPerformance\scanPerformance.spec.js:261:111

    Error: HARD FAIL: Repeated active-scan Browse gallery readiness took 8569 ms, above the 800 ms target plus 200 ms grace (1000 ms hard ceiling).

    expect(received).toBeLessThanOrEqual(expected)

    Expected: <= 1000
    Received:    8569

       at ..\helpers\timingBudget.js:108

      106 |     outcome.actualMs,
      107 |     formatTimingBudgetOutcome(label, outcome),
    > 108 |   ).toBeLessThanOrEqual(outcome.hardCeiling);
          |     ^
      109 |   return outcome;
      110 | }
      111 |
        at expectTimingBudgetOutcome (D:\a\AlbumHaven\AlbumHaven\tests\e2e\helpers\timingBudget.js:108:5)
        at expectTimingBudget (D:\a\AlbumHaven\AlbumHaven\tests\e2e\helpers\timingBudget.js:97:10)
        at D:\a\AlbumHaven\AlbumHaven\tests\e2e\scanPerformance\scanPerformance.spec.js:267:109

    attachment #4: step-transcript.txt (text/plain) ────────────────────────────────────────────────
    [TEST] FTC-OPS-014 cold isolated scan captures loader, browse, and folder-threshold timings
      [STEP] Open the isolated app with no cache and wait for the scan loader
      [PASS] Open the isolated app with no cache and wait for the scan loader (1312 ms)
      [STEP] Wait for launch-time discovery progress t...
    ────────────────────────────────────────────────────────────────────────────────────────────────

    attachment #6: stacktrace.txt (text/plain) ─────────────────────────────────────────────────────
    Error 1
    Error: HARD FAIL: Repeated active-scan Browse to stable top gallery took 8511 ms, above the 800 ms target plus 200 ms grace (1000 ms hard ceiling).
    
    expect(received).toBeLessThanOrEqual(expected)
    
    Expected: <= 1000
    Received:  ...
    ────────────────────────────────────────────────────────────────────────────────────────────────

    attachment #7: runtime-log.txt (text/plain) ────────────────────────────────────────────────────
    [2026-09-18T20:12:52.846Z] requestfailed/net::ERR_ABORTED: GET http://127.0.0.1:4293/cover?path=D%3A%5Ca%5C_temp%5Calbum-haven-performance-shard-scan-library%5Cprepared-profile%5Cmusic%5CScan%20Artist%20002%5CAlbum%20012%5Ccover.jpg&size=480&v=97e7e23a44df5e691f0fb0fe7dbd388042f010a704b8c58fb3fc8124...
    ────────────────────────────────────────────────────────────────────────────────────────────────

    Error Context: test-results\playwright-performance-targets\scan-cold\attempt-1\scanPerformance-isolated-s-56fce-nd-folder-threshold-timings-scan-performance\error-context.md

    attachment #10: trace (application/zip) ────────────────────────────────────────────────────────
    test-results\playwright-performance-targets\scan-cold\attempt-1\scanPerformance-isolated-s-56fce-nd-folder-threshold-timings-scan-performance\trace.zip
    Usage:

        npx playwright show-trace test-results\playwright-performance-targets\scan-cold\attempt-1\scanPerformance-isolated-s-56fce-nd-folder-threshold-timings-scan-performance\trace.zip

    ────────────────────────────────────────────────────────────────────────────────────────────────

  1 failed
    [scan-performance] › tests\e2e\scanPerformance\scanPerformance.spec.js:52:3 › isolated scan performance benchmarks › FTC-OPS-014 cold isolated scan captures loader, browse, and folder-threshold timings 

=== Playwright Summary ===
[x] isolated scan performance benchmarks
  [x] FTC-OPS-014 cold isolated scan captures loader, browse, and folder-threshold timings (37.5s)[playwright-performance-reporter] flush-complete

Overall: 0/1 passed
Failed tests:
- isolated scan performance benchmarks > FTC-OPS-014 cold isolated scan captures loader, browse, and folder-threshold timings (37.5s)[playwright-performance-reporter] flush-complete
=== Performance recovery run 2/3 for scan-cold ===
[performance-runner] target=scan-cold | attempt=2 | mode=headless | browser=chrome | scan_app_port=4293
Album Haven scan benchmark app listening on http://127.0.0.1:4293 with 1000 albums across 100 artists and 3 tracks per album for scenario cold

Running 1 test using 1 worker

[TEST] FTC-OPS-014 cold isolated scan captures loader, browse, and folder-threshold timings
  [STEP] Open the isolated app with no cache and wait for the scan loader
  [PASS] Open the isolated app with no cache and wait for the scan loader (1135 ms)
[scan-cold-local] Cold scan loader visible in 1137 ms | memory 2.4 MB (2568820 bytes)
  [STEP] Wait for launch-time discovery progress to be recorded
  [PASS] Wait for launch-time discovery progress to be recorded (0 ms)
[scan-cold-local] Scan discovery progress visible in 0 ms | memory 2.4 MB (2562692 bytes)
  [STEP] Wait for indexing progress to begin
  [PASS] Wait for indexing progress to begin (460 ms)
2026-09-18 20:13:30,127 [INFO] music_app: Relation projection startup readiness ready=true rebuilt=true reason=missing_projection builder_version=local-relation-builder-v9 source_row_count=0 duration_ms=328.87 source_load=10.62 fingerprint=0.06 pure_build=0.04 family_link_replacement=3.18 snapshot_publication=0.83
2026-09-18 20:13:35,127 [INFO] music_app: {"action": "Index request completed", "album_count": 0, "artist_count": 0, "bootstrap_mode": "empty_shell", "covers_in_progress": false, "elapsed_ms": 268.66, "hydrate_in_progress": false, "payload_elapsed_ms": 99.26, "query": "", "scan_in_progress": true, "selected_artist": ""}
2026-09-18 20:13:35,191 [INFO] music_app: {"action": "Library indexing started", "force": false}
2026-09-18 20:13:45,718 [INFO] music_app: {"action": "View payload built", "artist_groups": 42, "elapsed_ms": 398.58, "filtered_albums": 417, "non_album_entries": 0, "non_album_tracks": 0, "query": "", "selected_artist": "", "sidebar_artists": 42, "timings": {"artist_groups_ms": 144.22, "artists_sidebar_ms": 2.88, "casefold_alias_views_ms": 1.45, "ignored_version_keys_ms": 45.23, "manual_version_links_ms": 40.72, "non_album_candidate_build_ms": 1.82, "non_album_entries_ms": 1.93, "non_album_tracks_ms": 0.01, "***_artist_groups_build_ms": 144.2, "search_buckets_ms": 0.03, "total_ms": 398.58}, "total_albums": 417}
2026-09-18 20:13:45,769 [INFO] music_app: {"action": "View data request completed", "album_count": 417, "artist_count": 42, "elapsed_ms": 449.98, "query": "", "selected_artist": ""}
2026-09-18 20:13:57,893 [INFO] music_app: {"action": "View payload built", "artist_groups": 100, "elapsed_ms": 757.74, "filtered_albums": 1000, "non_album_entries": 0, "non_album_tracks": 0, "query": "", "selected_artist": "", "sidebar_artists": 100, "timings": {"artist_groups_ms": 467.31, "artists_sidebar_ms": 12.95, "casefold_alias_views_ms": 3.8, "ignored_version_keys_ms": 62.39, "manual_version_links_ms": 44.54, "non_album_candidate_build_ms": 6.79, "non_album_entries_ms": 7.04, "non_album_tracks_ms": 0.01, "***_artist_groups_build_ms": 467.25, "search_buckets_ms": 0.04, "total_ms": 757.74}, "total_albums": 1000}
2026-09-18 20:13:57,993 [INFO] music_app: {"action": "View data request completed", "album_count": 1000, "artist_count": 100, "elapsed_ms": 857.21, "query": "", "selected_artist": ""}
2026-09-18 20:13:58,102 [INFO] music_app: {"action": "View payload built", "artist_groups": 100, "elapsed_ms": 299.3, "filtered_albums": 1000, "non_album_entries": 0, "non_album_tracks": 0, "query": "", "selected_artist": "", "sidebar_artists": 100, "timings": {"artist_groups_ms": 132.3, "artists_sidebar_ms": 7.11, "casefold_alias_views_ms": 4.95, "ignored_version_keys_ms": 0.03, "manual_version_links_ms": 0.03, "non_album_candidate_build_ms": 4.6, "non_album_entries_ms": 5.52, "non_album_tracks_ms": 0.01, "***_artist_groups_build_ms": 132.27, "search_buckets_ms": 0.06, "total_ms": 299.3}, "total_albums": 1000}
2026-09-18 20:13:58,287 [INFO] music_app: {"action": "View data request completed", "album_count": 1000, "artist_count": 100, "elapsed_ms": 485.09, "query": "", "selected_artist": ""}
2026-09-18 20:13:59,167 [INFO] music_app: {"action": "View payload built", "artist_groups": 1, "elapsed_ms": 156.34, "filtered_albums": 1000, "non_album_entries": 0, "non_album_tracks": 0, "query": "", "selected_artist": "Scan Artist 003", "sidebar_artists": 0, "timings": {"artist_groups_ms": 66.66, "artists_sidebar_ms": 0.0, "casefold_alias_views_ms": 3.91, "ignored_version_keys_ms": 0.03, "manual_version_links_ms": 0.03, "non_album_candidate_build_ms": 4.94, "non_album_entries_ms": 4.97, "non_album_tracks_ms": 0.0, "search_buckets_ms": 0.02, "selected_artist_family_album_collection_ms": 0.0, "selected_artist_family_group_build_ms": 0.35, "selected_artist_primary_album_collection_ms": 14.83, "selected_artist_primary_group_build_ms": 1.66, "total_ms": 156.34}, "total_albums": 1000}
2026-09-18 20:13:59,217 [INFO] music_app: {"action": "View data request completed", "album_count": 10, "artist_count": 1, "elapsed_ms": 206.5, "query": "", "selected_artist": "Scan Artist 003"}
2026-09-18 20:14:00,820 [INFO] music_app: {"action": "View payload built", "artist_groups": 100, "elapsed_ms": 200.04, "filtered_albums": 1000, "non_album_entries": 0, "non_album_tracks": 0, "query": "", "selected_artist": "", "sidebar_artists": 0, "timings": {"artist_groups_ms": 115.51, "artists_sidebar_ms": 0.0, "casefold_alias_views_ms": 6.19, "ignored_version_keys_ms": 0.04, "manual_version_links_ms": 0.03, "non_album_candidate_build_ms": 7.61, "non_album_entries_ms": 8.06, "non_album_tracks_ms": 0.01, "***_artist_groups_build_ms": 115.48, "search_buckets_ms": 0.02, "total_ms": 200.04}, "total_albums": 1000}
2026-09-18 20:14:00,898 [INFO] music_app: {"action": "View data request completed", "album_count": 1000, "artist_count": 100, "elapsed_ms": 278.12, "query": "", "selected_artist": ""}
2026-09-18 20:14:02,444 [INFO] music_app: {"action": "Library indexing completed", "album_count": 1000, "file_count": 3000}
2026-09-18 20:14:02,446 [INFO] music_app: {"action": "Cover art refresh queued after indexing", "added_album_count": 1000}
2026-09-18 20:14:03,076 [VERBOSE] music_app: Cover jobs built total_folders=1000 queued=1000 skipped=0 skipped_samples=[]
2026-09-18 20:14:03,077 [VERBOSE] music_app: Cover refresh background job selection queued=0 user_owned=0 scan_generation=1 file_cache_entries=3000
2026-09-18 20:14:03,079 [INFO] music_app: {"action": "Cover art update completed", "album_count": 0, "downloaded": 0, "downloaded_paths": [], "failed": 0, "files": [], "mode": "background", "not_found": 0, "not_touched": 0, "processed": 0, "skipped": 0}
2026-09-18 20:14:03,818 [INFO] music_app: {"action": "Index request completed", "album_count": 0, "artist_count": 0, "bootstrap_mode": "fresh_preview", "covers_in_progress": false, "elapsed_ms": 240.14, "hydrate_in_progress": false, "payload_elapsed_ms": 140.19, "query": "", "scan_in_progress": false, "selected_artist": ""}
[playwright-wrapper-failure-latched] {"phase":"tests-complete","status":"failed","total":1,"completed":1,"failed":1,"skipped":0,"errors":0}
[playwright-wrapper-diagnostic] {"reason":"wrapper-child-lifecycle-mismatch","childExitCode":1,"childExitSignal":null,"childCloseCode":1,"childCloseSignal":null,"processError":null,"stopReason":"none","cleanupOutcome":"completed"}
[playwright-wrapper-final-decision] {"wrapperExitCode":1,"attemptReturn":{"exitCode":1,"exitReason":"wrapper-child-lifecycle-mismatch"},"fakeDatabaseCleanup":{"status":"not-required","error":null},"scanAppCleanup":{"status":"completed","error":null},"isolatedAppCleanup":{"status":"not-required","error":null},"tempCleanup":{"status":"completed","error":null,"removedCount":0},"passivePortDiagnostics":[{"port":4293,"status":"completed","error":null,"ownerCount":0}],"finalSummary":{"phase":"run-final","status":"failed","total":1,"completed":1,"failed":1,"skipped":0,"errors":0,"listOnly":false},"exitReason":"wrapper-child-lifecycle-mismatch"}
[scan-cold-local] Scan indexing progress visible in 1694 ms | memory 2.9 MB (3030768 bytes)
  [STEP] Wait for the elapsed timer to start counting on the scan page
  [PASS] Wait for the elapsed timer to start counting on the scan page (10 ms)
[scan-cold-local] Scan elapsed timer started in 1730 ms | memory 2.9 MB (3031112 bytes)
  [STEP] Explicitly open the Scan Page before browsing partial scan results
  [PASS] Explicitly open the Scan Page before browsing partial scan results (254 ms)
  [STEP] Wait for enough partial results to expose the browse-during-scan button
  [PASS] Wait for enough partial results to expose the browse-during-scan button (8420 ms)
[scan-cold-local] Browse scanned library button visible during active scan in 10434 ms | memory 3.3 MB (3434248 bytes)
  [STEP] Use Browse Library and wait for the partial gallery plus visible covers
  [PASS] Use Browse Library and wait for the partial gallery plus visible covers (1708 ms)
[scan-cold-local] Partial browse gallery ready during active scan in 1708 ms | memory 5.0 MB (5268684 bytes)
  [STEP] Sample browse idle memory after the partial gallery settles
[scan-cold-local] Partial browse idle memory during active scan 5.1 MB (5299708 bytes)
  [PASS] Sample browse idle memory after the partial gallery settles (758 ms)
  [STEP] Read the first visible All artists count after partial browse
  [PASS] Read the first visible All artists count after partial browse (11 ms)
[scan-cold-local] Initial All artists count after partial browse: 42
[scan-cold-local] Scan state immediately after the first browse-during-scan load: active
  [STEP] Use the app-bar status menu to return to the scan page while the job is still active
  [PASS] Use the app-bar status menu to return to the scan page while the job is still active (147 ms)
[scan-cold-local] Returned to scan page during active scan in 147 ms | memory 5.5 MB (5802716 bytes)
[scan-cold-local] Scan page snapshot after returning from browse: Scanning music files | 1632 of 3000 files processed - 01 - Scan Track 1.mp3
  [STEP] Use Back during the active scan and immediately restore a complete top gallery
  [PASS] Use Back during the active scan and immediately restore a complete top gallery (186 ms)
  [STEP] Reopen Scan Page while the cold scan remains active
  [PASS] Reopen Scan Page while the cold scan remains active (178 ms)
  [STEP] Resume browse from the scan page and wait for the partial gallery to settle again
  [PASS] Resume browse from the scan page and wait for the partial gallery to settle again (8519 ms)
  [STEP] Keep the resumed active-scan gallery complete and pinned to the top
  [PASS] Keep the resumed active-scan gallery complete and pinned to the top (527 ms)
[scan-cold-local] Returned from scan page back into partial browse in 8518 ms | memory 5.3 MB (5583608 bytes)
  [STEP] Wait for the live All artists count to increase while the scan keeps running
  [PASS] Wait for the live All artists count to increase while the scan keeps running (805 ms)
[scan-cold-local] All artists count increased while scan was still active in 805 ms | memory 6.1 MB (6447152 bytes)
  [STEP] Select one visible artist from the partial browse tree
  [PASS] Select one visible artist from the partial browse tree (73 ms)
  [STEP] Wait for the selected artist gallery to become ready
  [PASS] Wait for the selected artist gallery to become ready (1304 ms)
[scan-cold-local] Partial browse selected artist "Scan Artist 003" ready in 1304 ms | memory 5.8 MB (6040616 bytes)
  [STEP] Return to All artists and wait for the partial gallery to settle again
  [PASS] Return to All artists and wait for the partial gallery to settle again (1007 ms)
[scan-cold-local] Returned to All artists during active scan in 1007 ms | memory 7.1 MB (7404880 bytes)
  [STEP] Sample idle memory after the selected-artist round-trip
[scan-cold-local] Partial browse round-trip idle memory 7.1 MB (7404880 bytes)
  [PASS] Sample idle memory after the selected-artist round-trip (592 ms)
  [STEP] Wait for the cold scan and any relation work to finish
  [PASS] Wait for the cold scan and any relation work to finish (2558 ms)
  [STEP] Fetch server-side scan samples and derive milestone timings
[scan-cold-local] Server sample reached 100 album folders in 7256 ms | memory 4.1 MB (4351144 bytes)
[scan-cold-local] Server sample reached 300 album folders in 11096 ms | memory 4.8 MB (4997708 bytes)
[scan-cold-local] Server sample reached 500 album folders in 14624 ms | memory 3.8 MB (4016976 bytes)
[scan-cold-local] Cold scan completion threshold in 31382 ms | memory 3.8 MB (4016976 bytes)
[scan-cold-local] 100-folder throughput snapshot: 111 folders in 7256 ms, 15.3 folders/s, ETA 25.2s
[scan-cold-local] 300-folder throughput snapshot: 321 folders in 11096 ms, 28.9 folders/s, ETA 12.1s
[scan-cold-local] 500-folder throughput snapshot: 504 folders in 14624 ms, 34.5 folders/s, ETA 9.9s
  [PASS] Fetch server-side scan samples and derive milestone timings (206 ms)
  x  1 [scan-performance] › tests\e2e\scanPerformance\scanPerformance.spec.js:52:3 › isolated scan performance benchmarks › FTC-OPS-014 cold isolated scan captures loader, browse, and folder-threshold timings (32.1s)[playwright-performance-reporter] flush-complete

[album-haven-playwright-result] {"version":1,"phase":"tests-complete","nonce":"92b25221b63b33bc7d45725942e53cecb6a0edf138f3fc1fdbad72d06588d257","status":"failed","total":1,"completed":1,"failed":1,"skipped":0,"errors":0}



[album-haven-playwright-result] {"version":1,"phase":"run-final","nonce":"92b25221b63b33bc7d45725942e53cecb6a0edf138f3fc1fdbad72d06588d257","status":"failed","total":1,"completed":1,"failed":1,"skipped":0,"errors":0}

  1) [scan-performance] › tests\e2e\scanPerformance\scanPerformance.spec.js:52:3 › isolated scan performance benchmarks › FTC-OPS-014 cold isolated scan captures loader, browse, and folder-threshold timings 

    Error: HARD FAIL: Repeated active-scan Browse to stable top gallery took 8474 ms, above the 800 ms target plus 200 ms grace (1000 ms hard ceiling).

    expect(received).toBeLessThanOrEqual(expected)

    Expected: <= 1000
    Received:    8474

       at ..\helpers\timingBudget.js:108

      106 |     outcome.actualMs,
      107 |     formatTimingBudgetOutcome(label, outcome),
    > 108 |   ).toBeLessThanOrEqual(outcome.hardCeiling);
          |     ^
      109 |   return outcome;
      110 | }
      111 |
        at expectTimingBudgetOutcome (D:\a\AlbumHaven\AlbumHaven\tests\e2e\helpers\timingBudget.js:108:5)
        at expectTimingBudget (D:\a\AlbumHaven\AlbumHaven\tests\e2e\helpers\timingBudget.js:97:10)
        at D:\a\AlbumHaven\AlbumHaven\tests\e2e\scanPerformance\scanPerformance.spec.js:261:111

    Error: HARD FAIL: Repeated active-scan Browse gallery readiness took 8518 ms, above the 800 ms target plus 200 ms grace (1000 ms hard ceiling).

    expect(received).toBeLessThanOrEqual(expected)

    Expected: <= 1000
    Received:    8518

       at ..\helpers\timingBudget.js:108

      106 |     outcome.actualMs,
      107 |     formatTimingBudgetOutcome(label, outcome),
    > 108 |   ).toBeLessThanOrEqual(outcome.hardCeiling);
          |     ^
      109 |   return outcome;
      110 | }
      111 |
        at expectTimingBudgetOutcome (D:\a\AlbumHaven\AlbumHaven\tests\e2e\helpers\timingBudget.js:108:5)
        at expectTimingBudget (D:\a\AlbumHaven\AlbumHaven\tests\e2e\helpers\timingBudget.js:97:10)
        at D:\a\AlbumHaven\AlbumHaven\tests\e2e\scanPerformance\scanPerformance.spec.js:267:109

    attachment #4: step-transcript.txt (text/plain) ────────────────────────────────────────────────
    [TEST] FTC-OPS-014 cold isolated scan captures loader, browse, and folder-threshold timings
      [STEP] Open the isolated app with no cache and wait for the scan loader
      [PASS] Open the isolated app with no cache and wait for the scan loader (1135 ms)
      [STEP] Wait for launch-time discovery progress t...
    ────────────────────────────────────────────────────────────────────────────────────────────────

    attachment #6: stacktrace.txt (text/plain) ─────────────────────────────────────────────────────
    Error 1
    Error: HARD FAIL: Repeated active-scan Browse to stable top gallery took 8474 ms, above the 800 ms target plus 200 ms grace (1000 ms hard ceiling).
    
    expect(received).toBeLessThanOrEqual(expected)
    
    Expected: <= 1000
    Received:  ...
    ────────────────────────────────────────────────────────────────────────────────────────────────

    attachment #7: runtime-log.txt (text/plain) ────────────────────────────────────────────────────
    [2026-09-18T20:13:57.326Z] requestfailed/net::ERR_ABORTED: GET http://127.0.0.1:4293/view-data?surface=albums&gallery_scope=all&category=main_library&category=hoard&category=new_arrivals
    ────────────────────────────────────────────────────────────────────────────────────────────────

    Error Context: test-results\playwright-performance-targets\scan-cold\attempt-2\scanPerformance-isolated-s-56fce-nd-folder-threshold-timings-scan-performance\error-context.md

    attachment #10: trace (application/zip) ────────────────────────────────────────────────────────
    test-results\playwright-performance-targets\scan-cold\attempt-2\scanPerformance-isolated-s-56fce-nd-folder-threshold-timings-scan-performance\trace.zip
    Usage:

        npx playwright show-trace test-results\playwright-performance-targets\scan-cold\attempt-2\scanPerformance-isolated-s-56fce-nd-folder-threshold-timings-scan-performance\trace.zip

    ────────────────────────────────────────────────────────────────────────────────────────────────

  1 failed
    [scan-performance] › tests\e2e\scanPerformance\scanPerformance.spec.js:52:3 › isolated scan performance benchmarks › FTC-OPS-014 cold isolated scan captures loader, browse, and folder-threshold timings 

=== Playwright Summary ===
[x] isolated scan performance benchmarks
  [x] FTC-OPS-014 cold isolated scan captures loader, browse, and folder-threshold timings (32.1s)[playwright-performance-reporter] flush-complete

Overall: 0/1 passed
Failed tests:
- isolated scan performance benchmarks > FTC-OPS-014 cold isolated scan captures loader, browse, and folder-threshold timings (32.1s)[playwright-performance-reporter] flush-complete
=== Performance recovery run 3/3 for scan-cold ===
[performance-runner] target=scan-cold | attempt=3 | mode=headless | browser=chrome | scan_app_port=4293
Album Haven scan benchmark app listening on http://127.0.0.1:4293 with 1000 albums across 100 artists and 3 tracks per album for scenario cold

Running 1 test using 1 worker

2026-09-18 20:14:20,521 [INFO] music_app: Relation projection startup readiness ready=true rebuilt=true reason=missing_projection builder_version=local-relation-builder-v9 source_row_count=0 duration_ms=115.25 source_load=10.97 fingerprint=0.06 pure_build=0.04 family_link_replacement=3.23 snapshot_publication=0.86
2026-09-18 20:14:25,553 [INFO] music_app: {"action": "Index request completed", "album_count": 0, "artist_count": 0, "bootstrap_mode": "empty_shell", "covers_in_progress": false, "elapsed_ms": 246.12, "hydrate_in_progress": false, "payload_elapsed_ms": 72.99, "query": "", "scan_in_progress": true, "selected_artist": ""}
2026-09-18 20:14:25,646 [INFO] music_app: {"action": "Library indexing started", "force": false}
2026-09-18 20:14:36,263 [INFO] music_app: {"action": "View payload built", "artist_groups": 42, "elapsed_ms": 290.74, "filtered_albums": 417, "non_album_entries": 0, "non_album_tracks": 0, "query": "", "selected_artist": "", "sidebar_artists": 42, "timings": {"artist_groups_ms": 135.28, "artists_sidebar_ms": 3.0, "casefold_alias_views_ms": 1.61, "ignored_version_keys_ms": 42.63, "manual_version_links_ms": 49.43, "non_album_candidate_build_ms": 1.8, "non_album_entries_ms": 1.91, "non_album_tracks_ms": 0.01, "***_artist_groups_build_ms": 135.26, "search_buckets_ms": 0.03, "total_ms": 290.74}, "total_albums": 417}
2026-09-18 20:14:36,318 [INFO] music_app: {"action": "View data request completed", "album_count": 417, "artist_count": 42, "elapsed_ms": 346.08, "query": "", "selected_artist": ""}
2026-09-18 20:14:49,702 [INFO] music_app: {"action": "View payload built", "artist_groups": 100, "elapsed_ms": 995.85, "filtered_albums": 1000, "non_album_entries": 0, "non_album_tracks": 0, "query": "", "selected_artist": "", "sidebar_artists": 100, "timings": {"artist_groups_ms": 688.47, "artists_sidebar_ms": 16.51, "casefold_alias_views_ms": 4.37, "ignored_version_keys_ms": 47.06, "manual_version_links_ms": 145.64, "non_album_candidate_build_ms": 9.49, "non_album_entries_ms": 9.74, "non_album_tracks_ms": 0.01, "***_artist_groups_build_ms": 688.45, "search_buckets_ms": 0.04, "total_ms": 995.85}, "total_albums": 1000}
2026-09-18 20:14:49,799 [INFO] music_app: {"action": "View data request completed", "album_count": 1000, "artist_count": 100, "elapsed_ms": 1093.48, "query": "", "selected_artist": ""}
2026-09-18 20:14:49,891 [INFO] music_app: {"action": "View payload built", "artist_groups": 100, "elapsed_ms": 754.25, "filtered_albums": 1000, "non_album_entries": 0, "non_album_tracks": 0, "query": "", "selected_artist": "", "sidebar_artists": 100, "timings": {"artist_groups_ms": 399.88, "artists_sidebar_ms": 39.52, "casefold_alias_views_ms": 5.42, "ignored_version_keys_ms": 27.13, "manual_version_links_ms": 0.04, "non_album_candidate_build_ms": 7.94, "non_album_entries_ms": 8.4, "non_album_tracks_ms": 0.02, "***_artist_groups_build_ms": 399.87, "search_buckets_ms": 0.02, "total_ms": 754.25}, "total_albums": 1000}
2026-09-18 20:14:49,943 [INFO] music_app: {"action": "View data request completed", "album_count": 1000, "artist_count": 100, "elapsed_ms": 806.54, "query": "", "selected_artist": ""}
2026-09-18 20:14:50,840 [INFO] music_app: {"action": "View payload built", "artist_groups": 1, "elapsed_ms": 254.02, "filtered_albums": 1000, "non_album_entries": 0, "non_album_tracks": 0, "query": "", "selected_artist": "Scan Artist 003", "sidebar_artists": 0, "timings": {"artist_groups_ms": 64.81, "artists_sidebar_ms": 0.0, "casefold_alias_views_ms": 5.68, "ignored_version_keys_ms": 0.03, "manual_version_links_ms": 0.03, "non_album_candidate_build_ms": 4.38, "non_album_entries_ms": 4.4, "non_album_tracks_ms": 0.0, "search_buckets_ms": 0.02, "selected_artist_family_album_collection_ms": 0.0, "selected_artist_family_group_build_ms": 0.39, "selected_artist_primary_album_collection_ms": 12.97, "selected_artist_primary_group_build_ms": 1.66, "total_ms": 254.02}, "total_albums": 1000}
2026-09-18 20:14:50,892 [INFO] music_app: {"action": "View data request completed", "album_count": 10, "artist_count": 1, "elapsed_ms": 305.79, "query": "", "selected_artist": "Scan Artist 003"}
2026-09-18 20:14:52,553 [INFO] music_app: {"action": "View payload built", "artist_groups": 100, "elapsed_ms": 393.53, "filtered_albums": 1000, "non_album_entries": 0, "non_album_tracks": 0, "query": "", "selected_artist": "", "sidebar_artists": 0, "timings": {"artist_groups_ms": 187.28, "artists_sidebar_ms": 0.0, "casefold_alias_views_ms": 4.83, "ignored_version_keys_ms": 0.04, "manual_version_links_ms": 0.03, "non_album_candidate_build_ms": 4.22, "non_album_entries_ms": 5.59, "non_album_tracks_ms": 0.01, "***_artist_groups_build_ms": 187.26, "search_buckets_ms": 0.03, "total_ms": 393.53}, "total_albums": 1000}
2026-09-18 20:14:52,665 [INFO] music_app: {"action": "View data request completed", "album_count": 1000, "artist_count": 100, "elapsed_ms": 503.88, "query": "", "selected_artist": ""}
2026-09-18 20:14:52,695 [INFO] music_app: {"action": "Library indexing completed", "album_count": 1000, "file_count": 3000}
2026-09-18 20:14:52,701 [INFO] music_app: {"action": "Cover art refresh queued after indexing", "added_album_count": 1000}
2026-09-18 20:14:53,456 [VERBOSE] music_app: Cover jobs built total_folders=1000 queued=1000 skipped=0 skipped_samples=[]
2026-09-18 20:14:53,461 [VERBOSE] music_app: Cover refresh background job selection queued=0 user_owned=0 scan_generation=1 file_cache_entries=3000
2026-09-18 20:14:53,462 [INFO] music_app: {"action": "Cover art update completed", "album_count": 0, "downloaded": 0, "downloaded_paths": [], "failed": 0, "files": [], "mode": "background", "not_found": 0, "not_touched": 0, "processed": 0, "skipped": 0}
2026-09-18 20:14:54,469 [INFO] music_app: {"action": "Index request completed", "album_count": 0, "artist_count": 0, "bootstrap_mode": "fresh_preview", "covers_in_progress": false, "elapsed_ms": 326.5, "hydrate_in_progress": false, "payload_elapsed_ms": 229.54, "query": "", "scan_in_progress": false, "selected_artist": ""}
[playwright-wrapper-failure-latched] {"phase":"tests-complete","status":"failed","total":1,"completed":1,"failed":1,"skipped":0,"errors":0}
[playwright-wrapper-diagnostic] {"reason":"wrapper-child-lifecycle-mismatch","childExitCode":1,"childExitSignal":null,"childCloseCode":1,"childCloseSignal":null,"processError":null,"stopReason":"none","cleanupOutcome":"completed"}
[playwright-wrapper-final-decision] {"wrapperExitCode":1,"attemptReturn":{"exitCode":1,"exitReason":"wrapper-child-lifecycle-mismatch"},"fakeDatabaseCleanup":{"status":"not-required","error":null},"scanAppCleanup":{"status":"completed","error":null},"isolatedAppCleanup":{"status":"not-required","error":null},"tempCleanup":{"status":"completed","error":null,"removedCount":0},"passivePortDiagnostics":[{"port":4293,"status":"completed","error":null,"ownerCount":0}],"finalSummary":{"phase":"run-final","status":"failed","total":1,"completed":1,"failed":1,"skipped":0,"errors":0,"listOnly":false},"exitReason":"wrapper-child-lifecycle-mismatch"}
[TEST] FTC-OPS-014 cold isolated scan captures loader, browse, and folder-threshold timings
  [STEP] Open the isolated app with no cache and wait for the scan loader
  [PASS] Open the isolated app with no cache and wait for the scan loader (1123 ms)
[scan-cold-local] Cold scan loader visible in 1124 ms | memory 2.4 MB (2568852 bytes)
  [STEP] Wait for launch-time discovery progress to be recorded
  [PASS] Wait for launch-time discovery progress to be recorded (0 ms)
[scan-cold-local] Scan discovery progress visible in 0 ms | memory 2.4 MB (2562164 bytes)
  [STEP] Wait for indexing progress to begin
  [PASS] Wait for indexing progress to begin (538 ms)
[scan-cold-local] Scan indexing progress visible in 1760 ms | memory 2.9 MB (3030800 bytes)
  [STEP] Wait for the elapsed timer to start counting on the scan page
  [PASS] Wait for the elapsed timer to start counting on the scan page (7 ms)
[scan-cold-local] Scan elapsed timer started in 1793 ms | memory 2.9 MB (3031144 bytes)
  [STEP] Explicitly open the Scan Page before browsing partial scan results
  [PASS] Explicitly open the Scan Page before browsing partial scan results (318 ms)
  [STEP] Wait for enough partial results to expose the browse-during-scan button
  [PASS] Wait for enough partial results to expose the browse-during-scan button (8447 ms)
[scan-cold-local] Browse scanned library button visible during active scan in 10585 ms | memory 3.3 MB (3434280 bytes)
  [STEP] Use Browse Library and wait for the partial gallery plus visible covers
  [PASS] Use Browse Library and wait for the partial gallery plus visible covers (1841 ms)
[scan-cold-local] Partial browse gallery ready during active scan in 1841 ms | memory 5.0 MB (5293084 bytes)
  [STEP] Sample browse idle memory after the partial gallery settles
[scan-cold-local] Partial browse idle memory during active scan 5.0 MB (5284056 bytes)
  [PASS] Sample browse idle memory after the partial gallery settles (609 ms)
  [STEP] Read the first visible All artists count after partial browse
  [PASS] Read the first visible All artists count after partial browse (15 ms)
[scan-cold-local] Initial All artists count after partial browse: 42
[scan-cold-local] Scan state immediately after the first browse-during-scan load: active
  [STEP] Use the app-bar status menu to return to the scan page while the job is still active
  [PASS] Use the app-bar status menu to return to the scan page while the job is still active (126 ms)
[scan-cold-local] Returned to scan page during active scan in 126 ms | memory 5.5 MB (5802784 bytes)
[scan-cold-local] Scan page snapshot after returning from browse: Scanning music files | 1647 of 3000 files processed - 01 - Scan Track 1.mp3
  [STEP] Use Back during the active scan and immediately restore a complete top gallery
  [PASS] Use Back during the active scan and immediately restore a complete top gallery (144 ms)
  [STEP] Reopen Scan Page while the cold scan remains active
  [PASS] Reopen Scan Page while the cold scan remains active (208 ms)
  [STEP] Resume browse from the scan page and wait for the partial gallery to settle again
  [PASS] Resume browse from the scan page and wait for the partial gallery to settle again (9772 ms)
  [STEP] Keep the resumed active-scan gallery complete and pinned to the top
  [PASS] Keep the resumed active-scan gallery complete and pinned to the top (528 ms)
[scan-cold-local] Returned from scan page back into partial browse in 9772 ms | memory 5.3 MB (5583428 bytes)
  [STEP] Wait for the live All artists count to increase while the scan keeps running
  [PASS] Wait for the live All artists count to increase while the scan keeps running (542 ms)
[scan-cold-local] All artists count increased while scan was still active in 541 ms | memory 6.2 MB (6450884 bytes)
  [STEP] Select one visible artist from the partial browse tree
  [PASS] Select one visible artist from the partial browse tree (117 ms)
  [STEP] Wait for the selected artist gallery to become ready
  [PASS] Wait for the selected artist gallery to become ready (1339 ms)
[scan-cold-local] Partial browse selected artist "Scan Artist 003" ready in 1339 ms | memory 5.8 MB (6045584 bytes)
  [STEP] Return to All artists and wait for the partial gallery to settle again
  [PASS] Return to All artists and wait for the partial gallery to settle again (1241 ms)
[scan-cold-local] Returned to All artists during active scan in 1241 ms | memory 7.1 MB (7414928 bytes)
  [STEP] Sample idle memory after the selected-artist round-trip
[scan-cold-local] Partial browse round-trip idle memory 7.1 MB (7414928 bytes)
  [PASS] Sample idle memory after the selected-artist round-trip (717 ms)
  [STEP] Wait for the cold scan and any relation work to finish
  [PASS] Wait for the cold scan and any relation work to finish (1219 ms)
  [STEP] Fetch server-side scan samples and derive milestone timings
[scan-cold-local] Server sample reached 100 album folders in 7211 ms | memory 4.2 MB (4351700 bytes)
[scan-cold-local] Server sample reached 300 album folders in 10575 ms | memory 4.8 MB (4998216 bytes)
[scan-cold-local] Server sample reached 500 album folders in 14628 ms | memory 3.8 MB (4017464 bytes)
[scan-cold-local] Cold scan completion threshold in 31291 ms | memory 3.8 MB (4017464 bytes)
[scan-cold-local] 100-folder throughput snapshot: 117 folders in 7211 ms, 16.2 folders/s, ETA 25.1s
[scan-cold-local] 300-folder throughput snapshot: 300 folders in 10575 ms, 28.4 folders/s, ETA 12.7s
[scan-cold-local] 500-folder throughput snapshot: 507 folders in 14628 ms, 34.7 folders/s, ETA 9.9s
  [PASS] Fetch server-side scan samples and derive milestone timings (202 ms)
  x  1 [scan-performance] › tests\e2e\scanPerformance\scanPerformance.spec.js:52:3 › isolated scan performance benchmarks › FTC-OPS-014 cold isolated scan captures loader, browse, and folder-threshold timings (32.4s)[playwright-performance-reporter] flush-complete

[album-haven-playwright-result] {"version":1,"phase":"tests-complete","nonce":"dbbac7d4c740dc5d1233c391782a6aa8eb17cf687eb41ae423a41da67e456b09","status":"failed","total":1,"completed":1,"failed":1,"skipped":0,"errors":0}



[album-haven-playwright-result] {"version":1,"phase":"run-final","nonce":"dbbac7d4c740dc5d1233c391782a6aa8eb17cf687eb41ae423a41da67e456b09","status":"failed","total":1,"completed":1,"failed":1,"skipped":0,"errors":0}

  1) [scan-performance] › tests\e2e\scanPerformance\scanPerformance.spec.js:52:3 › isolated scan performance benchmarks › FTC-OPS-014 cold isolated scan captures loader, browse, and folder-threshold timings 

    Error: HARD FAIL: Repeated active-scan Browse to stable top gallery took 9543 ms, above the 800 ms target plus 200 ms grace (1000 ms hard ceiling).

    expect(received).toBeLessThanOrEqual(expected)

    Expected: <= 1000
    Received:    9543

       at ..\helpers\timingBudget.js:108

      106 |     outcome.actualMs,
      107 |     formatTimingBudgetOutcome(label, outcome),
    > 108 |   ).toBeLessThanOrEqual(outcome.hardCeiling);
          |     ^
      109 |   return outcome;
      110 | }
      111 |
        at expectTimingBudgetOutcome (D:\a\AlbumHaven\AlbumHaven\tests\e2e\helpers\timingBudget.js:108:5)
        at expectTimingBudget (D:\a\AlbumHaven\AlbumHaven\tests\e2e\helpers\timingBudget.js:97:10)
        at D:\a\AlbumHaven\AlbumHaven\tests\e2e\scanPerformance\scanPerformance.spec.js:261:111

    Error: HARD FAIL: Repeated active-scan Browse gallery readiness took 9772 ms, above the 800 ms target plus 200 ms grace (1000 ms hard ceiling).

    expect(received).toBeLessThanOrEqual(expected)

    Expected: <= 1000
    Received:    9772

       at ..\helpers\timingBudget.js:108

      106 |     outcome.actualMs,
      107 |     formatTimingBudgetOutcome(label, outcome),
    > 108 |   ).toBeLessThanOrEqual(outcome.hardCeiling);
          |     ^
      109 |   return outcome;
      110 | }
      111 |
        at expectTimingBudgetOutcome (D:\a\AlbumHaven\AlbumHaven\tests\e2e\helpers\timingBudget.js:108:5)
        at expectTimingBudget (D:\a\AlbumHaven\AlbumHaven\tests\e2e\helpers\timingBudget.js:97:10)
        at D:\a\AlbumHaven\AlbumHaven\tests\e2e\scanPerformance\scanPerformance.spec.js:267:109

    attachment #4: step-transcript.txt (text/plain) ────────────────────────────────────────────────
    [TEST] FTC-OPS-014 cold isolated scan captures loader, browse, and folder-threshold timings
      [STEP] Open the isolated app with no cache and wait for the scan loader
      [PASS] Open the isolated app with no cache and wait for the scan loader (1123 ms)
      [STEP] Wait for launch-time discovery progress t...
    ────────────────────────────────────────────────────────────────────────────────────────────────

    attachment #6: stacktrace.txt (text/plain) ─────────────────────────────────────────────────────
    Error 1
    Error: HARD FAIL: Repeated active-scan Browse to stable top gallery took 9543 ms, above the 800 ms target plus 200 ms grace (1000 ms hard ceiling).
    
    expect(received).toBeLessThanOrEqual(expected)
    
    Expected: <= 1000
    Received:  ...
    ────────────────────────────────────────────────────────────────────────────────────────────────

    attachment #7: runtime-log.txt (text/plain) ────────────────────────────────────────────────────
    [2026-09-18T20:14:48.950Z] requestfailed/net::ERR_ABORTED: GET http://127.0.0.1:4293/view-data?surface=albums&gallery_scope=all&category=main_library&category=hoard&category=new_arrivals
    ────────────────────────────────────────────────────────────────────────────────────────────────

    Error Context: test-results\playwright-performance-targets\scan-cold\attempt-3\scanPerformance-isolated-s-56fce-nd-folder-threshold-timings-scan-performance\error-context.md

    attachment #10: trace (application/zip) ────────────────────────────────────────────────────────
    test-results\playwright-performance-targets\scan-cold\attempt-3\scanPerformance-isolated-s-56fce-nd-folder-threshold-timings-scan-performance\trace.zip
    Usage:

        npx playwright show-trace test-results\playwright-performance-targets\scan-cold\attempt-3\scanPerformance-isolated-s-56fce-nd-folder-threshold-timings-scan-performance\trace.zip

    ────────────────────────────────────────────────────────────────────────────────────────────────

  1 failed
    [scan-performance] › tests\e2e\scanPerformance\scanPerformance.spec.js:52:3 › isolated scan performance benchmarks › FTC-OPS-014 cold isolated scan captures loader, browse, and folder-threshold timings 

=== Playwright Summary ===
[x] isolated scan performance benchmarks
  [x] FTC-OPS-014 cold isolated scan captures loader, browse, and folder-threshold timings (32.4s)[playwright-performance-reporter] flush-complete

Overall: 0/1 passed
Failed tests:
- isolated scan performance benchmarks > FTC-OPS-014 cold isolated scan captures loader, browse, and folder-threshold timings (32.4s)[playwright-performance-reporter] flush-complete

=== Playwright Summary ===
[x] scan-cold
  [x] FTC-OPS-014 cold isolated scan captures loader, browse, and folder-threshold timings (32.4s)[playwright-performance-reporter] flush-complete

Overall: 0/1 passed
Failed tests:
- scan-cold > FTC-OPS-014 cold isolated scan captures loader, browse, and folder-threshold timings (32.4s)[playwright-performance-reporter] flush-complete
D:\a\_temp\album-haven-performance-foundations\foundation-version-manifest-performance-scan-cached.json
=== Performance target: scan-cached ===
=== Performance run 1/1 for scan-cached ===
[performance-runner] target=scan-cached | attempt=1 | mode=headless | browser=chrome | scan_app_port=4301
Album Haven scan benchmark app listening on http://127.0.0.1:4301 with 1000 albums across 100 artists and 3 tracks per album for scenario cached

Running 1 test using 1 worker

[TEST] FTC-OPS-015 unchanged isolated cached startup stays effectively idle
  [STEP] Reload from the isolated cache and wait for browse-ready startup
  [PASS] Reload from the isolated cache and wait for browse-ready startup (2190 ms)
[scan-cached-local] Cached isolated startup ready in 2190 ms | memory 3.8 MB (3985528 bytes)
  [STEP] Sample idle memory after unchanged cached startup
[scan-cached-local] Cached startup idle memory 3.8 MB (3990400 bytes)
  [PASS] Sample idle memory after unchanged cached startup (690 ms)
[scan-cached-local] Visible scan state during unchanged cached startup: not-visible
  ok 1 [scan-performance] › tests\e2e\scanPerformance\scanPerformance.spec.js:445:3 › isolated scan performance benchmarks › FTC-OPS-015 unchanged isolated cached startup stays effectively idle (4.5s)[playwright-performance-reporter] flush-complete

[album-haven-playwright-result] {"version":1,"phase":"tests-complete","nonce":"7225efc00e73b59f79672a055ac71dfb101e37e8ac722fc4f5b46ecdafb5aa08","status":"passed","total":1,"completed":1,"failed":0,"skipped":0,"errors":0}



[album-haven-playwright-result] {"version":1,"phase":"run-final","nonce":"7225efc00e73b59f79672a055ac71dfb101e37e8ac722fc4f5b46ecdafb5aa08","status":"passed","total":1,"completed":1,"failed":0,"skipped":0,"errors":0}
  1 passed (6.9s)

=== Playwright Summary ===
[✓] isolated scan performance benchmarks
  [✓] FTC-OPS-015 unchanged isolated cached startup stays effectively idle (4.5s)[playwright-performance-reporter] flush-complete

Overall: 1/1 passed
2026-09-18 20:15:34,653 [INFO] music_app: Startup scan-cache hydration completed files=3000 albums=1000
2026-09-18 20:15:39,713 [INFO] music_app: {"action": "Index request completed", "album_count": 0, "artist_count": 0, "bootstrap_mode": "fresh_preview", "covers_in_progress": false, "elapsed_ms": 375.11, "hydrate_in_progress": false, "payload_elapsed_ms": 160.17, "query": "", "scan_in_progress": false, "selected_artist": ""}
[playwright-wrapper-final-decision] {"wrapperExitCode":0,"attemptReturn":{"exitCode":0,"exitReason":"authoritative-pass"},"fakeDatabaseCleanup":{"status":"not-required","error":null},"scanAppCleanup":{"status":"completed","error":null},"isolatedAppCleanup":{"status":"not-required","error":null},"tempCleanup":{"status":"completed","error":null,"removedCount":0},"passivePortDiagnostics":[{"port":4301,"status":"completed","error":null,"ownerCount":0}],"finalSummary":{"phase":"run-final","status":"passed","total":1,"completed":1,"failed":0,"skipped":0,"errors":0,"listOnly":false},"exitReason":"authoritative-pass"}

=== Playwright Summary ===
[✓] scan-cached
  [✓] FTC-OPS-015 unchanged isolated cached startup stays effectively idle (4.5s)[playwright-performance-reporter] flush-complete

Overall: 1/1 passed
D:\a\_temp\album-haven-performance-foundations\foundation-version-manifest-performance-scan-add-album.json
=== Performance target: scan-add-album ===
=== Performance run 1/1 for scan-add-album ===
[performance-runner] target=scan-add-album | attempt=1 | mode=headless | browser=chrome | scan_app_port=4309
Album Haven scan benchmark app listening on http://127.0.0.1:4309 with 1000 albums across 100 artists and 3 tracks per album for scenario add-album

Running 1 test using 1 worker

[TEST] FTC-OPS-016 isolated incremental scan surfaces one new album promptly
  [STEP] Click the production scan indicator and observe background scan start
  [PASS] Click the production scan indicator and observe background scan start (779 ms)
[scan-add-album-local] Incremental new-album background scan started in 779 ms | memory 3.9 MB (4062356 bytes)
  [STEP] Wait for the incremental rescan to finish
  [PASS] Wait for the incremental rescan to finish (7845 ms)
  [STEP] Select the auto-refreshed new artist and wait for its new album
  [PASS] Select the auto-refreshed new artist and wait for its new album (995 ms)
[scan-add-album-local] New album "Album 1001" visible after incremental scan in 9781 ms | memory 4.8 MB (4996204 bytes)
  [STEP] Sample idle memory after the new album appears
[scan-add-album-local] Incremental new-album idle memory 4.8 MB (4995856 bytes)
  [PASS] Sample idle memory after the new album appears (619 ms)
  ok 1 [scan-performance] › tests\e2e\scanPerformance\scanPerformance.spec.js:520:3 › isolated scan performance benchmarks › FTC-OPS-016 isolated incremental scan surfaces one new album promptly (14.1s)[playwright-performance-reporter] flush-complete

[album-haven-playwright-result] {"version":1,"phase":"tests-complete","nonce":"557f912c8bd2f44a66f10422dd8838dedf01d081e9a5ddad76bf1954a4552221","status":"passed","total":1,"completed":1,"failed":0,"skipped":0,"errors":0}



[album-haven-playwright-result] {"version":1,"phase":"run-final","nonce":"557f912c8bd2f44a66f10422dd8838dedf01d081e9a5ddad76bf1954a4552221","status":"passed","total":1,"completed":1,"failed":0,"skipped":0,"errors":0}
  1 passed (16.6s)

=== Playwright Summary ===
[✓] isolated scan performance benchmarks
  [✓] FTC-OPS-016 isolated incremental scan surfaces one new album promptly (14.1s)[playwright-performance-reporter] flush-complete

2026-09-18 20:16:19,027 [INFO] music_app: Startup scan-cache hydration completed files=3000 albums=1000
2026-09-18 20:16:24,359 [INFO] music_app: {"action": "Index request completed", "album_count": 0, "artist_count": 0, "bootstrap_mode": "fresh_preview", "covers_in_progress": false, "elapsed_ms": 380.76, "hydrate_in_progress": false, "payload_elapsed_ms": 154.59, "query": "", "scan_in_progress": false, "selected_artist": ""}
2026-09-18 20:16:26,211 [WARNING] music_app: refresh_api: payload keys=['full_rescan']
2026-09-18 20:16:26,271 [INFO] music_app: {"action": "Library indexing started", "force": true}
2026-09-18 20:16:33,935 [INFO] music_app: {"action": "Library indexing completed", "album_count": 1001, "file_count": 3003}
2026-09-18 20:16:33,936 [INFO] music_app: {"action": "Cover art refresh queued after indexing", "added_album_count": 1}
2026-09-18 20:16:34,368 [VERBOSE] music_app: Cover jobs built total_folders=1001 queued=1001 skipped=0 skipped_samples=[]
2026-09-18 20:16:34,371 [VERBOSE] music_app: Cover refresh background job selection queued=1 user_owned=0 scan_generation=1 file_cache_entries=3003
2026-09-18 20:16:34,423 [VERBOSE] music_app: Cover fetch queue item index=1 total=1 artist='Scan Artist 101' album='Album 1001' year=1995 folder='D:\\a\\_temp\\album-haven-performance-shard-scan-library\\prepared-profile\\music\\Scan Artist 101\\Album 1001' track_count=3 force_search=False
2026-09-18 20:16:34,425 [VERBOSE] music_app: Cover fetch processed artist='Scan Artist 101' album='Album 1001' folder='D:\\a\\_temp\\album-haven-performance-shard-scan-library\\prepared-profile\\music\\Scan Artist 101\\Album 1001' downloaded=False has_cover=False
2026-09-18 20:16:34,425 [INFO] music_app: {"action": "Cover art update completed", "album_count": 1, "downloaded": 0, "downloaded_paths": [], "failed": 0, "files": [], "mode": "background", "not_found": 0, "not_touched": 1, "processed": 1, "skipped": 1}
[playwright-wrapper-final-decision] {"wrapperExitCode":0,"attemptReturn":{"exitCode":0,"exitReason":"authoritative-pass"},"fakeDatabaseCleanup":{"status":"not-required","error":null},"scanAppCleanup":{"status":"completed","error":null},"isolatedAppCleanup":{"status":"not-required","error":null},"tempCleanup":{"status":"completed","error":null,"removedCount":0},"passivePortDiagnostics":[{"port":4309,"status":"completed","error":null,"ownerCount":0}],"finalSummary":{"phase":"run-final","status":"passed","total":1,"completed":1,"failed":0,"skipped":0,"errors":0,"listOnly":false},"exitReason":"authoritative-pass"}
Overall: 1/1 passed

=== Playwright Summary ===
[✓] scan-add-album
  [✓] FTC-OPS-016 isolated incremental scan surfaces one new album promptly (14.1s)[playwright-performance-reporter] flush-complete

Overall: 1/1 passed
D:\a\_temp\album-haven-performance-foundations\foundation-version-manifest-performance-scan-metadata.json
=== Performance target: scan-metadata ===
=== Performance run 1/1 for scan-metadata ===
[performance-runner] target=scan-metadata | attempt=1 | mode=headless | browser=chrome | scan_app_port=4317
Album Haven scan benchmark app listening on http://127.0.0.1:4317 with 1000 albums across 100 artists and 3 tracks per album for scenario metadata

Running 1 test using 1 worker

[TEST] FTC-OPS-017 isolated incremental scan refreshes changed metadata promptly
  [STEP] Click the production scan indicator and observe metadata background scan start
  [PASS] Click the production scan indicator and observe metadata background scan start (408 ms)
[scan-metadata-local] Metadata-change background scan started in 408 ms | memory 4.6 MB (4778032 bytes)
  [STEP] Open the Scan Page while the cached incremental scan remains active
  [PASS] Open the Scan Page while the cached incremental scan remains active (3678 ms)
  [STEP] Browse the cached library immediately during the active incremental scan
  [PASS] Browse the cached library immediately during the active incremental scan (1937 ms)
  [STEP] Keep the regular-scan cached gallery complete and pinned to the top after Browse
  [PASS] Keep the regular-scan cached gallery complete and pinned to the top after Browse (597 ms)
[scan-metadata-local] Cached library browse ready during active metadata scan in 1937 ms | memory 5.6 MB (5844504 bytes)
  [STEP] Keep the busy scan indicator left click inert with no refresh request or restart message
  [PASS] Keep the busy scan indicator left click inert with no refresh request or restart message (486 ms)
  [STEP] Keep the busy scan indicator right-click status menu available
  [PASS] Keep the busy scan indicator right-click status menu available (156 ms)
  [STEP] Open the existing metadata artist while the incremental scan remains active
  [PASS] Open the existing metadata artist while the incremental scan remains active (781 ms)
  [STEP] Open the Scan Page from Artist 001 while the metadata scan remains active
  [PASS] Open the Scan Page from Artist 001 while the metadata scan remains active (253 ms)
  [STEP] Search from Scan Page and wait for the complete Artist 001 result view
  [PASS] Search from Scan Page and wait for the complete Artist 001 result view (585 ms)
[scan-metadata-local] Search results and Artist 001 gallery ready during active metadata scan in 532.5999999999767 ms | memory 5.2 MB (5413800 bytes)
  [STEP] Reopen Scan Page and choose Artist 002 from the retained filtered tree
  [FAIL] Reopen Scan Page and choose Artist 002 from the retained filtered tree :: Timed out after 60000 ms waiting for settled search query "". Observed state: {"activeLoader":false,"activeRuntimeRequestId":9,"activeRuntimeRequestUrl":"","activeRequestCount":0,"canonicalQuery":"Scan Artist 00","canonicalApplied":true,"canonicalSurface":"albums","inputQuery":"Scan Artist 00","latestFullRequestUrl":"http://127.0.0.1:4317/view-data?surface=albums&q=Scan+Artist+00&artist=Scan+Artist+002&gallery_scope=all&category=main_library&category=new_arrivals&category=hoard","loaderStatus":"","loaderTitle":"","locationQuery":"Scan Artist 00","pendingPayloadReadCount":0,"runtimeBusy":false,"runtimeViewStateRevision":3,"settledEmpty":false,"startupHydrating":false} (60655 ms)
  x  1 [scan-performance] › tests\e2e\scanPerformance\scanPerformance.spec.js:616:3 › isolated scan performance benchmarks › FTC-OPS-017 isolated incremental scan refreshes changed metadata promptly (1.3m)[playwright-performance-reporter] flush-complete

[album-haven-playwright-result] {"version":1,"phase":"tests-complete","nonce":"b01a33565da8fd7bed562c2ec27d20d2699567d2826f437d0fdc296fb1755ea2","status":"failed","total":1,"completed":1,"failed":1,"skipped":0,"errors":0}



[album-haven-playwright-result] {"version":1,"phase":"run-final","nonce":"b01a33565da8fd7bed562c2ec27d20d2699567d2826f437d0fdc296fb1755ea2","status":"failed","total":1,"completed":1,"failed":1,"skipped":0,"errors":0}

  1) [scan-performance] › tests\e2e\scanPerformance\scanPerformance.spec.js:616:3 › isolated scan performance benchmarks › FTC-OPS-017 isolated incremental scan refreshes changed metadata promptly 

    Error: HARD FAIL: Cached library Browse readiness during active scan took 1937 ms, above the 800 ms target plus 200 ms grace (1000 ms hard ceiling).

    expect(received).toBeLessThanOrEqual(expected)

    Expected: <= 1000
    Received:    1937

       at ..\helpers\timingBudget.js:108

      106 |     outcome.actualMs,
      107 |     formatTimingBudgetOutcome(label, outcome),
    > 108 |   ).toBeLessThanOrEqual(outcome.hardCeiling);
          |     ^
      109 |   return outcome;
      110 | }
      111 |
        at expectTimingBudgetOutcome (D:\a\AlbumHaven\AlbumHaven\tests\e2e\helpers\timingBudget.js:108:5)
        at expectTimingBudget (D:\a\AlbumHaven\AlbumHaven\tests\e2e\helpers\timingBudget.js:97:10)
        at D:\a\AlbumHaven\AlbumHaven\tests\e2e\scanPerformance\scanPerformance.spec.js:689:117

    Error: HARD FAIL: Cached regular-scan Browse to stable top gallery took 1840 ms, above the 800 ms target plus 200 ms grace (1000 ms hard ceiling).

    expect(received).toBeLessThanOrEqual(expected)

    Expected: <= 1000
    Received:    1840

       at ..\helpers\timingBudget.js:108

      106 |     outcome.actualMs,
      107 |     formatTimingBudgetOutcome(label, outcome),
    > 108 |   ).toBeLessThanOrEqual(outcome.hardCeiling);
          |     ^
      109 |   return outcome;
      110 | }
      111 |
        at expectTimingBudgetOutcome (D:\a\AlbumHaven\AlbumHaven\tests\e2e\helpers\timingBudget.js:108:5)
        at expectTimingBudget (D:\a\AlbumHaven\AlbumHaven\tests\e2e\helpers\timingBudget.js:97:10)
        at D:\a\AlbumHaven\AlbumHaven\tests\e2e\scanPerformance\scanPerformance.spec.js:695:119

    Error: Timed out after 60000 ms waiting for settled search query "". Observed state: {"activeLoader":false,"activeRuntimeRequestId":9,"activeRuntimeRequestUrl":"","activeRequestCount":0,"canonicalQuery":"Scan Artist 00","canonicalApplied":true,"canonicalSurface":"albums","inputQuery":"Scan Artist 00","latestFullRequestUrl":"http://127.0.0.1:4317/view-data?surface=albums&q=Scan+Artist+00&artist=Scan+Artist+002&gallery_scope=all&category=main_library&category=new_arrivals&category=hoard","loaderStatus":"","loaderTitle":"","locationQuery":"Scan Artist 00","pendingPayloadReadCount":0,"runtimeBusy":false,"runtimeViewStateRevision":3,"settledEmpty":false,"startupHydrating":false}

       at ..\poms\searchToolbar.js:919

      917 |       await new Promise((resolve) => setTimeout(resolve, 25));
      918 |     }
    > 919 |     throw new Error(
          |           ^
      920 |       `Timed out after ${timeout} ms waiting for settled search query "${expected}". `
      921 |       + `Observed state: ${JSON.stringify(lastObservedState)}`,
      922 |     );
        at SearchToolbar.waitForQuerySettled (D:\a\AlbumHaven\AlbumHaven\tests\e2e\poms\searchToolbar.js:919:11)
        at SearchToolbarActions.waitForQuery (D:\a\AlbumHaven\AlbumHaven\tests\e2e\actions\searchToolbarActions.js:122:5)
        at D:\a\AlbumHaven\AlbumHaven\tests\e2e\scanPerformance\scanPerformance.spec.js:802:7
        at runStep (D:\a\AlbumHaven\AlbumHaven\tests\e2e\support\baseFixtures.js:146:22)
        at D:\a\AlbumHaven\AlbumHaven\tests\e2e\scanPerformance\scanPerformance.spec.js:793:5

    attachment #2: step-transcript.txt (text/plain) ────────────────────────────────────────────────
    [TEST] FTC-OPS-017 isolated incremental scan refreshes changed metadata promptly
      [STEP] Click the production scan indicator and observe metadata background scan start
      [PASS] Click the production scan indicator and observe metadata background scan start (408 ms)
      [STEP] Open the Scan Page while ...
    ────────────────────────────────────────────────────────────────────────────────────────────────

    attachment #4: stacktrace.txt (text/plain) ─────────────────────────────────────────────────────
    Error 1
    Error: HARD FAIL: Cached library Browse readiness during active scan took 1937 ms, above the 800 ms target plus 200 ms grace (1000 ms hard ceiling).
    
    expect(received).toBeLessThanOrEqual(expected)
    
    Expected: <= 1000
    Received: ...
    ────────────────────────────────────────────────────────────────────────────────────────────────

    attachment #5: runtime-log.txt (text/plain) ────────────────────────────────────────────────────
    [2026-09-18T20:17:21.439Z] requestfailed/net::ERR_ABORTED: GET http://127.0.0.1:4317/cover?path=D%3A%5Ca%5C_temp%5Calbum-haven-performance-shard-scan-library%5Cprepared-profile%5Cmusic%5CScan%20Artist%20049%5CAlbum%20489%5Ccover.jpg&size=480&v=087120377c133f638dcf20091d0b4046a770355fcc9a6bfec20a05ab...
    ────────────────────────────────────────────────────────────────────────────────────────────────

    Error Context: test-results\playwright-performance-targets\scan-metadata\attempt-1\scanPerformance-isolated-s-bd922-s-changed-metadata-promptly-scan-performance\error-context.md

    attachment #8: trace (application/zip) ─────────────────────────────────────────────────────────
    test-results\playwright-performance-targets\scan-metadata\attempt-1\scanPerformance-isolated-s-bd922-s-changed-metadata-promptly-scan-performance\trace.zip
    Usage:

        npx playwright show-trace test-results\playwright-performance-targets\scan-metadata\attempt-1\scanPerformance-isolated-s-bd922-s-changed-metadata-promptly-scan-performance\trace.zip

    ────────────────────────────────────────────────────────────────────────────────────────────────

  1 failed
    [scan-performance] › tests\e2e\scanPerformance\scanPerformance.spec.js:616:3 › isolated scan performance benchmarks › FTC-OPS-017 isolated incremental scan refreshes changed metadata promptly 

=== Playwright Summary ===
[x] isolated scan performance benchmarks
  [x] FTC-OPS-017 isolated incremental scan refreshes changed metadata promptly (1.3m)[playwright-performance-reporter] flush-complete

Overall: 0/1 passed
Failed tests:
- isolated scan performance benchmarks > FTC-OPS-017 isolated incremental scan refreshes changed metadata promptly (1.3m)[playwright-performance-reporter] flush-complete
2026-09-18 20:17:12,891 [INFO] music_app: Startup scan-cache hydration completed files=3000 albums=1000
2026-09-18 20:17:17,973 [INFO] music_app: {"action": "Index request completed", "album_count": 0, "artist_count": 0, "bootstrap_mode": "fresh_preview", "covers_in_progress": false, "elapsed_ms": 420.48, "hydrate_in_progress": false, "payload_elapsed_ms": 166.53, "query": "", "scan_in_progress": false, "selected_artist": ""}
2026-09-18 20:17:20,613 [WARNING] music_app: refresh_api: payload keys=['full_rescan']
2026-09-18 20:17:20,659 [INFO] music_app: {"action": "Library indexing started", "force": true}
2026-09-18 20:17:29,660 [INFO] music_app: {"action": "Postgres album search request started", "query": "Scan Artist 00"}
2026-09-18 20:17:29,693 [INFO] music_app: {"action": "Library indexing completed", "album_count": 1000, "file_count": 3000}
2026-09-18 20:17:29,694 [INFO] music_app: {"action": "Cover art refresh queued after indexing", "added_album_count": 1}
2026-09-18 20:17:29,826 [INFO] music_app: {"action": "View data request completed", "album_count": 10, "artist_count": 9, "elapsed_ms": 165.03, "query": "Scan Artist 00", "selected_artist": "Scan Artist 001"}
2026-09-18 20:17:31,170 [VERBOSE] music_app: Cover jobs built total_folders=1000 queued=1000 skipped=0 skipped_samples=[]
2026-09-18 20:17:31,172 [VERBOSE] music_app: Cover refresh background job selection queued=0 user_owned=0 scan_generation=1 file_cache_entries=3000
2026-09-18 20:17:31,173 [INFO] music_app: {"action": "Cover art update completed", "album_count": 0, "downloaded": 0, "downloaded_paths": [], "failed": 0, "files": [], "mode": "background", "not_found": 0, "not_touched": 0, "processed": 0, "skipped": 0}
[playwright-wrapper-failure-latched] {"phase":"tests-complete","status":"failed","total":1,"completed":1,"failed":1,"skipped":0,"errors":0}
[playwright-wrapper-diagnostic] {"reason":"wrapper-child-lifecycle-mismatch","childExitCode":1,"childExitSignal":null,"childCloseCode":1,"childCloseSignal":null,"processError":null,"stopReason":"none","cleanupOutcome":"completed"}
[playwright-wrapper-final-decision] {"wrapperExitCode":1,"attemptReturn":{"exitCode":1,"exitReason":"wrapper-child-lifecycle-mismatch"},"fakeDatabaseCleanup":{"status":"not-required","error":null},"scanAppCleanup":{"status":"completed","error":null},"isolatedAppCleanup":{"status":"not-required","error":null},"tempCleanup":{"status":"completed","error":null,"removedCount":0},"passivePortDiagnostics":[{"port":4317,"status":"completed","error":null,"ownerCount":0}],"finalSummary":{"phase":"run-final","status":"failed","total":1,"completed":1,"failed":1,"skipped":0,"errors":0,"listOnly":false},"exitReason":"wrapper-child-lifecycle-mismatch"}

=== Playwright Summary ===
[x] scan-metadata
  [x] FTC-OPS-017 isolated incremental scan refreshes changed metadata promptly (1.3m)[playwright-performance-reporter] flush-complete

Overall: 0/1 passed
Failed tests:
- scan-metadata > FTC-OPS-017 isolated incremental scan refreshes changed metadata promptly (1.3m)[playwright-performance-reporter] flush-complete
D:\a\_temp\album-haven-performance-foundations\foundation-version-manifest-performance-scan-page.json
=== Performance target: scan-page ===
=== Performance run 1/1 for scan-page ===
[performance-runner] target=scan-page | attempt=1 | mode=headless | browser=chrome | scan_app_port=4325
Album Haven scan benchmark app listening on http://127.0.0.1:4325 with 1000 albums across 100 artists and 3 tracks per album for scenario add-album

Running 2 tests using 1 worker

[TEST] FTC-OPS-003C explicit Scan Page preserves and restores browse context through idle
  [STEP] Open the cached generated library and establish a searchable gallery context
  [PASS] Open the cached generated library and establish a searchable gallery context (2588 ms)
  [STEP] Capture the visible query, tree, family, URL, and gallery scope
  [PASS] Capture the visible query, tree, family, URL, and gallery scope (64 ms)
  [NOTE] Generated scan fixture has no visible Artist Family; the exact absent family state remains part of the Back round trip.
  [STEP] Start a background incremental scan and explicitly open its Scan Page
  [PASS] Start a background incremental scan and explicitly open its Scan Page (427 ms)
  [STEP] Leave the explicit Scan Page open through scan, relation, cover, and idle phases
  [FAIL] Leave the explicit Scan Page open through scan, relation, cover, and idle phases :: page.waitForFunction: Timeout 120000ms exceeded. (120015 ms)
  x  1 [scan-performance] › tests\e2e\scanPerformance\scanPerformance.spec.js:891:3 › isolated scan performance benchmarks › FTC-OPS-003C explicit Scan Page preserves and restores browse context through idle (2.1m)
[TEST] FTC-OPS-003E dedicated Scan Page cancels regular and full scans
  [STEP] Open a committed search with a selected artist and settled real covers before starting a cancellable regular scan
  [PASS] Open a committed search with a selected artist and settled real covers before starting a cancellable regular scan (2543 ms)
  [STEP] Open the active regular scan from the exact status-menu action
  [PASS] Open the active regular scan from the exact status-menu action (387 ms)
  [STEP] Verify the approved regular-scan actions and cancel with one request
  [FAIL] Verify the approved regular-scan actions and cancel with one request :: expect(locator).toBeVisible() failed

Locator:  locator('#library-loader-browse-button')
Expected: visible
Received: hidden
Timeout:  30000ms

2026-09-18 20:19:17,602 [INFO] music_app: Startup scan-cache hydration completed files=3000 albums=1000
2026-09-18 20:19:23,078 [INFO] music_app: {"action": "Index request completed", "album_count": 0, "artist_count": 0, "bootstrap_mode": "fresh_preview", "covers_in_progress": false, "elapsed_ms": 387.91, "hydrate_in_progress": false, "payload_elapsed_ms": 157.31, "query": "", "scan_in_progress": false, "selected_artist": ""}
2026-09-18 20:19:24,892 [INFO] music_app: {"action": "Postgres album search request started", "query": "Scan Artist 00"}
2026-09-18 20:19:25,037 [INFO] music_app: {"action": "View data request completed", "album_count": 10, "artist_count": 9, "elapsed_ms": 145.23, "query": "Scan Artist 00", "selected_artist": "Scan Artist 001"}
2026-09-18 20:19:25,382 [WARNING] music_app: refresh_api: payload keys=['full_rescan']
2026-09-18 20:19:25,441 [INFO] music_app: {"action": "Library indexing started", "force": true}
2026-09-18 20:19:33,780 [INFO] music_app: {"action": "Library indexing completed", "album_count": 1001, "file_count": 3003}
2026-09-18 20:19:33,782 [INFO] music_app: {"action": "Cover art refresh queued after indexing", "added_album_count": 1}
2026-09-18 20:19:34,860 [VERBOSE] music_app: Cover jobs built total_folders=1001 queued=1001 skipped=0 skipped_samples=[]
2026-09-18 20:19:34,861 [VERBOSE] music_app: Cover refresh background job selection queued=1 user_owned=0 scan_generation=1 file_cache_entries=3003
2026-09-18 20:19:35,002 [VERBOSE] music_app: Cover fetch queue item index=1 total=1 artist='Scan Artist 101' album='Album 1001' year=1995 folder='D:\\a\\_temp\\album-haven-performance-shard-scan-library\\prepared-profile\\music\\Scan Artist 101\\Album 1001' track_count=3 force_search=False
2026-09-18 20:19:35,003 [VERBOSE] music_app: Cover fetch processed artist='Scan Artist 101' album='Album 1001' folder='D:\\a\\_temp\\album-haven-performance-shard-scan-library\\prepared-profile\\music\\Scan Artist 101\\Album 1001' downloaded=False has_cover=False
2026-09-18 20:19:35,003 [INFO] music_app: {"action": "Cover art update completed", "album_count": 1, "downloaded": 0, "downloaded_paths": [], "failed": 0, "files": [], "mode": "background", "not_found": 0, "not_touched": 1, "processed": 1, "skipped": 1}
2026-09-18 20:21:30,433 [INFO] music_app: {"action": "Index request completed", "album_count": 0, "artist_count": 0, "bootstrap_mode": "fresh_preview", "covers_in_progress": false, "elapsed_ms": 327.36, "hydrate_in_progress": false, "payload_elapsed_ms": 161.92, "query": "", "scan_in_progress": false, "selected_artist": ""}
2026-09-18 20:21:32,151 [INFO] music_app: {"action": "Postgres album search request started", "query": "Scan Artist 00"}
2026-09-18 20:21:32,270 [INFO] music_app: {"action": "View data request completed", "album_count": 10, "artist_count": 9, "elapsed_ms": 119.51, "query": "Scan Artist 00", "selected_artist": "Scan Artist 001"}
2026-09-18 20:21:32,705 [WARNING] music_app: refresh_api: payload keys=['full_rescan']
2026-09-18 20:21:32,863 [INFO] music_app: {"action": "Library indexing started", "force": true}
2026-09-18 20:21:40,123 [INFO] music_app: {"action": "Library indexing completed", "album_count": 1001, "file_count": 3003}
2026-09-18 20:21:40,124 [INFO] music_app: {"action": "Cover art refresh queued after indexing", "reason": "automatic_candidate_refresh"}
2026-09-18 20:21:40,703 [VERBOSE] music_app: Cover jobs built total_folders=1001 queued=1001 skipped=0 skipped_samples=[]
2026-09-18 20:21:40,705 [VERBOSE] music_app: Cover refresh background job selection queued=1 user_owned=0 scan_generation=2 file_cache_entries=3003
2026-09-18 20:21:40,771 [VERBOSE] music_app: Cover fetch queue item index=1 total=1 artist='Scan Artist 101' album='Album 1001' year=1995 folder='D:\\a\\_temp\\album-haven-performance-shard-scan-library\\prepared-profile\\music\\Scan Artist 101\\Album 1001' track_count=3 force_search=False
2026-09-18 20:21:40,772 [VERBOSE] music_app: Cover fetch processed artist='Scan Artist 101' album='Album 1001' folder='D:\\a\\_temp\\album-haven-performance-shard-scan-library\\prepared-profile\\music\\Scan Artist 101\\Album 1001' downloaded=False has_cover=False
2026-09-18 20:21:40,772 [INFO] music_app: {"action": "Cover art update completed", "album_count": 1, "downloaded": 0, "downloaded_paths": [], "failed": 0, "files": [], "mode": "background", "not_found": 0, "not_touched": 1, "processed": 1, "skipped": 1}
[playwright-wrapper-failure-latched] {"phase":"tests-complete","status":"failed","total":2,"completed":2,"failed":2,"skipped":0,"errors":0}
[playwright-wrapper-diagnostic] {"reason":"child-close-result-mismatch","childExitCode":1,"childExitSignal":null,"childCloseCode":1,"childCloseSignal":null,"processError":null,"stopReason":"none","cleanupOutcome":"not-started"}
[playwright-wrapper-final-decision] {"wrapperExitCode":1,"attemptReturn":{"exitCode":1,"exitReason":"child-close-result-mismatch"},"fakeDatabaseCleanup":{"status":"not-required","error":null},"scanAppCleanup":{"status":"completed","error":null},"isolatedAppCleanup":{"status":"not-required","error":null},"tempCleanup":{"status":"completed","error":null,"removedCount":0},"passivePortDiagnostics":[{"port":4325,"status":"completed","error":null,"ownerCount":0}],"finalSummary":{"phase":"run-final","status":"failed","total":2,"completed":2,"failed":2,"skipped":0,"errors":0,"listOnly":false},"exitReason":"child-close-result-mismatch"}
Call log:
  - Expect "toBeVisible" with timeout 30000ms
  - waiting for locator('#library-loader-browse-button')
    62 × locator resolved to <button hidden="" type="button" data-browse-scanned-library="1" id="library-loader-browse-button" class="button library-loader-browse-button">Browse Library</button>
       - unexpected value "hidden"
 (30051 ms)
  x  2 [scan-performance] › tests\e2e\scanPerformance\scanPerformance.spec.js:1004:3 › isolated scan performance benchmarks › FTC-OPS-003E dedicated Scan Page cancels regular and full scans (35.6s)
[album-haven-playwright-result] {"version":1,"phase":"tests-complete","nonce":"3e33f14e574d98070d7e60c0ec99395413bf728f5bde0abb105af71903ae3c02","status":"failed","total":2,"completed":2,"failed":2,"skipped":0,"errors":0}



[album-haven-playwright-result] {"version":1,"phase":"run-final","nonce":"3e33f14e574d98070d7e60c0ec99395413bf728f5bde0abb105af71903ae3c02","status":"failed","total":2,"completed":2,"failed":2,"skipped":0,"errors":0}

  1) [scan-performance] › tests\e2e\scanPerformance\scanPerformance.spec.js:891:3 › isolated scan performance benchmarks › FTC-OPS-003C explicit Scan Page preserves and restores browse context through idle 

    TimeoutError: page.waitForFunction: Timeout 120000ms exceeded.

       at ..\poms\basePage.js:71

      69 |
      70 |   async waitForPageCondition(callback, options = {}, arg = null) {
    > 71 |     await this.page.waitForFunction(callback, arg, options);
         |                     ^
      72 |   }
      73 |
      74 |   async readProductionBootstrapPayload() {
        at ScanPage.waitForPageCondition (D:\a\AlbumHaven\AlbumHaven\tests\e2e\poms\basePage.js:71:21)
        at ScanPageActions.captureRelationshipRefreshActions (D:\a\AlbumHaven\AlbumHaven\tests\e2e\actions\scanPageActions.js:208:25)
        at D:\a\AlbumHaven\AlbumHaven\tests\e2e\scanPerformance\scanPerformance.spec.js:942:52

    attachment #1: step-transcript.txt (text/plain) ────────────────────────────────────────────────
    [TEST] FTC-OPS-003C explicit Scan Page preserves and restores browse context through idle
      [STEP] Open the cached generated library and establish a searchable gallery context
      [PASS] Open the cached generated library and establish a searchable gallery context (2588 ms)
      [STEP] Capture the visible...
    ────────────────────────────────────────────────────────────────────────────────────────────────

    attachment #3: stacktrace.txt (text/plain) ─────────────────────────────────────────────────────
    Error 1
    TimeoutError: page.waitForFunction: Timeout 120000ms exceeded.
        at ScanPage.waitForPageCondition (D:\a\AlbumHaven\AlbumHaven\tests\e2e\poms\basePage.js:71:21)
        at ScanPageActions.captureRelationshipRefreshActions (D:\a\AlbumHaven\AlbumHaven\tests\e2e\actions\scanPageActions.js:208:25)
    ...
    ────────────────────────────────────────────────────────────────────────────────────────────────

    attachment #4: runtime-log.txt (text/plain) ────────────────────────────────────────────────────
    No runtime logs captured.
    ────────────────────────────────────────────────────────────────────────────────────────────────

    Error Context: test-results\playwright-performance-targets\scan-page\attempt-1\scanPerformance-isolated-s-f1dac-browse-context-through-idle-scan-performance\error-context.md

    attachment #7: trace (application/zip) ─────────────────────────────────────────────────────────
    test-results\playwright-performance-targets\scan-page\attempt-1\scanPerformance-isolated-s-f1dac-browse-context-through-idle-scan-performance\trace.zip
    Usage:

        npx playwright show-trace test-results\playwright-performance-targets\scan-page\attempt-1\scanPerformance-isolated-s-f1dac-browse-context-through-idle-scan-performance\trace.zip

    ────────────────────────────────────────────────────────────────────────────────────────────────

  2) [scan-performance] › tests\e2e\scanPerformance\scanPerformance.spec.js:1004:3 › isolated scan performance benchmarks › FTC-OPS-003E dedicated Scan Page cancels regular and full scans 

    Error: expect(locator).toBeVisible() failed

    Locator:  locator('#library-loader-browse-button')
    Expected: visible
    Received: hidden
    Timeout:  30000ms

    Call log:
      - Expect "toBeVisible" with timeout 30000ms
      - waiting for locator('#library-loader-browse-button')
        62 × locator resolved to <button hidden="" type="button" data-browse-scanned-library="1" id="library-loader-browse-button" class="button library-loader-browse-button">Browse Library</button>
           - unexpected value "hidden"


       at ..\actions\scanPageActions.js:50

      48 |     await expect(this.scanPage.cancelButton).toBeVisible({ timeout });
      49 |     await expect(this.scanPage.cancelButton).toHaveText(expectedCancelLabel, { timeout });
    > 50 |     await expect(this.scanPage.browseButton).toBeVisible({ timeout });
         |                                              ^
      51 |     await expect(this.scanPage.browseButton).toHaveText('Browse Library', { timeout });
      52 |
      53 |     const presentation = await this.scanPage.readActionPresentation();
        at ScanPageActions.expectDedicatedScanActions (D:\a\AlbumHaven\AlbumHaven\tests\e2e\actions\scanPageActions.js:50:46)
        at D:\a\AlbumHaven\AlbumHaven\tests\e2e\scanPerformance\scanPerformance.spec.js:1056:7
        at runStep (D:\a\AlbumHaven\AlbumHaven\tests\e2e\support\baseFixtures.js:146:22)
        at D:\a\AlbumHaven\AlbumHaven\tests\e2e\scanPerformance\scanPerformance.spec.js:1055:5

    attachment #1: step-transcript.txt (text/plain) ────────────────────────────────────────────────
    [TEST] FTC-OPS-003E dedicated Scan Page cancels regular and full scans
      [STEP] Open a committed search with a selected artist and settled real covers before starting a cancellable regular scan
      [PASS] Open a committed search with a selected artist and settled real covers before starting a cancella...
    ────────────────────────────────────────────────────────────────────────────────────────────────

    attachment #3: stacktrace.txt (text/plain) ─────────────────────────────────────────────────────
    Error 1
    Error: expect(locator).toBeVisible() failed
    
    Locator:  locator('#library-loader-browse-button')
    Expected: visible
    Received: hidden
    Timeout:  30000ms
    
    Call log:
      - Expect "toBeVisible" with timeout 30000ms
      - waiting for locator('#l...
    ────────────────────────────────────────────────────────────────────────────────────────────────

    attachment #4: runtime-log.txt (text/plain) ────────────────────────────────────────────────────
    [2026-09-18T20:21:32.039Z] requestfailed/net::ERR_ABORTED: GET http://127.0.0.1:4325/cover?path=D%3A%5Ca%5C_temp%5Calbum-haven-performance-shard-scan-library%5Cprepared-profile%5Cmusic%5CScan%20Artist%20002%5CAlbum%20014%5Ccover.jpg&size=480&v=6cc5851c5eb2a0890428e3084681d2b9e38af9d4213d1f1504eb5c8c...
    ────────────────────────────────────────────────────────────────────────────────────────────────

    Error Context: test-results\playwright-performance-targets\scan-page\attempt-1\scanPerformance-isolated-s-e9e2c-cels-regular-and-full-scans-scan-performance\error-context.md

    attachment #7: trace (application/zip) ─────────────────────────────────────────────────────────
    test-results\playwright-performance-targets\scan-page\attempt-1\scanPerformance-isolated-s-e9e2c-cels-regular-and-full-scans-scan-performance\trace.zip
    Usage:

        npx playwright show-trace test-results\playwright-performance-targets\scan-page\attempt-1\scanPerformance-isolated-s-e9e2c-cels-regular-and-full-scans-scan-performance\trace.zip

    ────────────────────────────────────────────────────────────────────────────────────────────────

  2 failed
    [scan-performance] › tests\e2e\scanPerformance\scanPerformance.spec.js:891:3 › isolated scan performance benchmarks › FTC-OPS-003C explicit Scan Page preserves and restores browse context through idle 
    [scan-performance] › tests\e2e\scanPerformance\scanPerformance.spec.js:1004:3 › isolated scan performance benchmarks › FTC-OPS-003E dedicated Scan Page cancels regular and full scans 

=== Playwright Summary ===
[x] isolated scan performance benchmarks
  [x] FTC-OPS-003C explicit Scan Page preserves and restores browse context through idle (2.1m)
  [x] FTC-OPS-003E dedicated Scan Page cancels regular and full scans

Overall: 0/2 passed
Failed tests:
- isolated scan performance benchmarks > FTC-OPS-003C explicit Scan Page preserves and restores browse context through idle (2.1m)
- isolated scan performance benchmarks > FTC-OPS-003E dedicated Scan Page cancels regular and full scans

=== Playwright Summary ===
[x] scan-page
  [x] FTC-OPS-003C explicit Scan Page preserves and restores browse context through idle (2.1m)
  [x] FTC-OPS-003E dedicated Scan Page cancels regular and full scans

Overall: 0/2 passed
Failed tests:
- scan-page > FTC-OPS-003C explicit Scan Page preserves and restores browse context through idle (2.1m)
- scan-page > FTC-OPS-003E dedicated Scan Page cancels regular and full scans
 pg_terminate_backend 
----------------------
(0 rows)

DROP DATABASE
DROP ROLE
DROP ROLE
DROP ROLE
Write-Error: D:\a\_temp\0799ad4c-d035-4641-8750-7be0c7078f91.ps1:4
Line |
   4 |  .\scripts\ci\run-performance-shard.ps1 `
     |  ~~~~~~~~~~~~~~~~~~~~~~~~~~~~~~~~~~~~~~~~
     | Performance shard completed with failed targets: scan-cold, scan-metadata, scan-page
##[error]Process completed with exit code 1.
Node 20 is being deprecated. This workflow is running with Node 24 by default. If you need to temporarily use Node 20, you can set the ACTIONS_ALLOW_USE_UNSECURE_NODE_VERSION=true environment variable. For more information see: https://github.blog/changelog/2025-09-19-deprecation-of-node-20-on-github-actions-runners/
##[group]Run actions/upload-artifact@v4
with:
  name: foundation-versions-performance-scan-cold-1
  path: D:\a\_temp\album-haven-performance-foundations\foundation-version-manifest-performance-scan-cold.json
  if-no-files-found: error
  retention-days: 14
  compression-level: 6
  overwrite: false
  include-hidden-files: false
env:
  ALBUM_HAVEN_EXPECTED_FFMPEG_VERSION: 7.1-essentials_build-www.gyan.dev
  ALBUM_HAVEN_FIXTURE_RELEASE: fixtures-v1.0.23
  ALBUM_HAVEN_FIXTURE_PROFILE: scan-library
  ALBUM_HAVEN_FIXTURE_ROOT:  
  ALBUM_HAVEN_MEDIA_ROOT:  
  pythonLocation: C:\hostedtoolcache\windows\Python\3.11.9\x64
  PKG_CONFIG_PATH: C:\hostedtoolcache\windows\Python\3.11.9\x64/lib/pkgconfig
  Python_ROOT_DIR: C:\hostedtoolcache\windows\Python\3.11.9\x64
  Python2_ROOT_DIR: C:\hostedtoolcache\windows\Python\3.11.9\x64
  Python3_ROOT_DIR: C:\hostedtoolcache\windows\Python\3.11.9\x64
  ALBUM_HAVEN_APPROVED_COVER_ROOT: D:\a\_temp\album-haven-fixtures-9642e095dabd438288057d120dcca900\media\covers\approved
  PGPASSFILE: D:\a\_temp\album-haven-postgres-p_35389965541_1_3.pgpass
  ALBUM_HAVEN_CI_DATABASE: album_haven_ci_p_35389965541_1_3
  DATABASE_MIGRATOR_URL: postgresql://album_haven_migrator_p_35389965541_1_3@127.0.0.1/album_haven_ci_p_35389965541_1_3
  DATABASE_APP_URL: postgresql://album_haven_app_p_35389965541_1_3@127.0.0.1/album_haven_ci_p_35389965541_1_3
  DATABASE_READONLY_URL: postgresql://album_haven_readonly_p_35389965541_1_3@127.0.0.1/album_haven_ci_p_35389965541_1_3
  ALBUM_HAVEN_FAKE_E2E_SETUP_DATABASE_URL: postgresql://album_haven_migrator_p_35389965541_1_3@127.0.0.1/album_haven_ci_p_35389965541_1_3
  ALBUM_HAVEN_FAKE_E2E_DATABASE_URL: postgresql://album_haven_app_p_35389965541_1_3@127.0.0.1/album_haven_ci_p_35389965541_1_3
  ALBUM_HAVEN_APP_DATABASE_URL: postgresql://album_haven_app_p_35389965541_1_3@127.0.0.1/album_haven_ci_p_35389965541_1_3
##[endgroup]
(node:9188) [DEP0040] DeprecationWarning: The `punycode` module is deprecated. Please use a userland alternative instead.
(Use `node --trace-deprecation ...` to show where the warning was created)
With the provided path, there will be 1 file uploaded
Artifact name is valid!
Root directory input is valid!
Beginning upload of artifact content to blob storage
(node:9188) [DEP0169] DeprecationWarning: `url.parse()` behavior is not standardized and prone to errors that have security implications. Use the WHATWG URL API instead. CVEs are not issued for `url.parse()` vulnerabilities.
Uploaded bytes 529
Finished uploading artifact content to blob storage!
SHA256 digest of uploaded artifact zip is 3f02c56feb7d092cfe5a47a41caac661f87ff2b500b14ff89d439647f83ab723
Finalizing artifact upload
Artifact foundation-versions-performance-scan-cold-1.zip successfully finalized. Artifact ID 10565683153
Artifact foundation-versions-performance-scan-cold-1 has been successfully uploaded! Final size is 529 bytes. Artifact ID is 10565683153
Artifact download URL: https://github.com/idanilovqa/AlbumHaven/actions/runs/35389965541/artifacts/10565683153
Node 20 is being deprecated. This workflow is running with Node 24 by default. If you need to temporarily use Node 20, you can set the ACTIONS_ALLOW_USE_UNSECURE_NODE_VERSION=true environment variable. For more information see: https://github.blog/changelog/2025-09-19-deprecation-of-node-20-on-github-actions-runners/
##[group]Run actions/upload-artifact@v4
with:
  name: performance-result-scan-cold-1
  path: test-results/playwright-performance-targets/scan-cold
  if-no-files-found: error
  retention-days: 14
  compression-level: 6
  overwrite: false
  include-hidden-files: false
env:
  ALBUM_HAVEN_EXPECTED_FFMPEG_VERSION: 7.1-essentials_build-www.gyan.dev
  ALBUM_HAVEN_FIXTURE_RELEASE: fixtures-v1.0.23
  ALBUM_HAVEN_FIXTURE_PROFILE: scan-library
  ALBUM_HAVEN_FIXTURE_ROOT:  
  ALBUM_HAVEN_MEDIA_ROOT:  
  pythonLocation: C:\hostedtoolcache\windows\Python\3.11.9\x64
  PKG_CONFIG_PATH: C:\hostedtoolcache\windows\Python\3.11.9\x64/lib/pkgconfig
  Python_ROOT_DIR: C:\hostedtoolcache\windows\Python\3.11.9\x64
  Python2_ROOT_DIR: C:\hostedtoolcache\windows\Python\3.11.9\x64
  Python3_ROOT_DIR: C:\hostedtoolcache\windows\Python\3.11.9\x64
  ALBUM_HAVEN_APPROVED_COVER_ROOT: D:\a\_temp\album-haven-fixtures-9642e095dabd438288057d120dcca900\media\covers\approved
  PGPASSFILE: D:\a\_temp\album-haven-postgres-p_35389965541_1_3.pgpass
  ALBUM_HAVEN_CI_DATABASE: album_haven_ci_p_35389965541_1_3
  DATABASE_MIGRATOR_URL: postgresql://album_haven_migrator_p_35389965541_1_3@127.0.0.1/album_haven_ci_p_35389965541_1_3
  DATABASE_APP_URL: postgresql://album_haven_app_p_35389965541_1_3@127.0.0.1/album_haven_ci_p_35389965541_1_3
  DATABASE_READONLY_URL: postgresql://album_haven_readonly_p_35389965541_1_3@127.0.0.1/album_haven_ci_p_35389965541_1_3
  ALBUM_HAVEN_FAKE_E2E_SETUP_DATABASE_URL: postgresql://album_haven_migrator_p_35389965541_1_3@127.0.0.1/album_haven_ci_p_35389965541_1_3
  ALBUM_HAVEN_FAKE_E2E_DATABASE_URL: postgresql://album_haven_app_p_35389965541_1_3@127.0.0.1/album_haven_ci_p_35389965541_1_3
  ALBUM_HAVEN_APP_DATABASE_URL: postgresql://album_haven_app_p_35389965541_1_3@127.0.0.1/album_haven_ci_p_35389965541_1_3
##[endgroup]
(node:8832) [DEP0040] DeprecationWarning: The `punycode` module is deprecated. Please use a userland alternative instead.
(Use `node --trace-deprecation ...` to show where the warning was created)
With the provided path, there will be 47 files uploaded
Artifact name is valid!
Root directory input is valid!
Beginning upload of artifact content to blob storage
(node:8832) [DEP0169] DeprecationWarning: `url.parse()` behavior is not standardized and prone to errors that have security implications. Use the WHATWG URL API instead. CVEs are not issued for `url.parse()` vulnerabilities.
Uploaded bytes 8388608
Uploaded bytes 10333451
Finished uploading artifact content to blob storage!
SHA256 digest of uploaded artifact zip is bacb5bd9941ca41440190a87a349dba20bad59e6f7e36b0d600c90683072c2e6
Finalizing artifact upload
Artifact performance-result-scan-cold-1.zip successfully finalized. Artifact ID 10565737760
Artifact performance-result-scan-cold-1 has been successfully uploaded! Final size is 10333451 bytes. Artifact ID is 10565737760
Artifact download URL: https://github.com/idanilovqa/AlbumHaven/actions/runs/35389965541/artifacts/10565737760
Node 20 is being deprecated. This workflow is running with Node 24 by default. If you need to temporarily use Node 20, you can set the ACTIONS_ALLOW_USE_UNSECURE_NODE_VERSION=true environment variable. For more information see: https://github.blog/changelog/2025-09-19-deprecation-of-node-20-on-github-actions-runners/
##[group]Run actions/upload-artifact@v4
with:
  name: performance-diagnostics-scan-cold-1
  path: test-results/playwright-performance-targets/scan-cold
test-results/playwright-artifacts

  if-no-files-found: error
  retention-days: 7
  compression-level: 6
  overwrite: false
  include-hidden-files: false
env:
  ALBUM_HAVEN_EXPECTED_FFMPEG_VERSION: 7.1-essentials_build-www.gyan.dev
  ALBUM_HAVEN_FIXTURE_RELEASE: fixtures-v1.0.23
  ALBUM_HAVEN_FIXTURE_PROFILE: scan-library
  ALBUM_HAVEN_FIXTURE_ROOT:  
  ALBUM_HAVEN_MEDIA_ROOT:  
  pythonLocation: C:\hostedtoolcache\windows\Python\3.11.9\x64
  PKG_CONFIG_PATH: C:\hostedtoolcache\windows\Python\3.11.9\x64/lib/pkgconfig
  Python_ROOT_DIR: C:\hostedtoolcache\windows\Python\3.11.9\x64
  Python2_ROOT_DIR: C:\hostedtoolcache\windows\Python\3.11.9\x64
  Python3_ROOT_DIR: C:\hostedtoolcache\windows\Python\3.11.9\x64
  ALBUM_HAVEN_APPROVED_COVER_ROOT: D:\a\_temp\album-haven-fixtures-9642e095dabd438288057d120dcca900\media\covers\approved
  PGPASSFILE: D:\a\_temp\album-haven-postgres-p_35389965541_1_3.pgpass
  ALBUM_HAVEN_CI_DATABASE: album_haven_ci_p_35389965541_1_3
  DATABASE_MIGRATOR_URL: postgresql://album_haven_migrator_p_35389965541_1_3@127.0.0.1/album_haven_ci_p_35389965541_1_3
  DATABASE_APP_URL: postgresql://album_haven_app_p_35389965541_1_3@127.0.0.1/album_haven_ci_p_35389965541_1_3
  DATABASE_READONLY_URL: postgresql://album_haven_readonly_p_35389965541_1_3@127.0.0.1/album_haven_ci_p_35389965541_1_3
  ALBUM_HAVEN_FAKE_E2E_SETUP_DATABASE_URL: postgresql://album_haven_migrator_p_35389965541_1_3@127.0.0.1/album_haven_ci_p_35389965541_1_3
  ALBUM_HAVEN_FAKE_E2E_DATABASE_URL: postgresql://album_haven_app_p_35389965541_1_3@127.0.0.1/album_haven_ci_p_35389965541_1_3
  ALBUM_HAVEN_APP_DATABASE_URL: postgresql://album_haven_app_p_35389965541_1_3@127.0.0.1/album_haven_ci_p_35389965541_1_3
##[endgroup]
(node:8796) [DEP0040] DeprecationWarning: The `punycode` module is deprecated. Please use a userland alternative instead.
(Use `node --trace-deprecation ...` to show where the warning was created)
Multiple search paths detected. Calculating the least common ancestor of all paths
The least common ancestor is D:\a\AlbumHaven\AlbumHaven\test-results. This will be the *** directory of the artifact
With the provided path, there will be 47 files uploaded
Artifact name is valid!
Root directory input is valid!
Beginning upload of artifact content to blob storage
(node:8796) [DEP0169] DeprecationWarning: `url.parse()` behavior is not standardized and prone to errors that have security implications. Use the WHATWG URL API instead. CVEs are not issued for `url.parse()` vulnerabilities.
Uploaded bytes 8388608
Uploaded bytes 10337305
Finished uploading artifact content to blob storage!
SHA256 digest of uploaded artifact zip is a95442b46068c065604adf859619a221d0c680c1167ea6e630091df2540cecd0
Finalizing artifact upload
Artifact performance-diagnostics-scan-cold-1.zip successfully finalized. Artifact ID 10566142416
Artifact performance-diagnostics-scan-cold-1 has been successfully uploaded! Final size is 10337305 bytes. Artifact ID is 10566142416
Artifact download URL: https://github.com/idanilovqa/AlbumHaven/actions/runs/35389965541/artifacts/10566142416
Node 20 is being deprecated. This workflow is running with Node 24 by default. If you need to temporarily use Node 20, you can set the ACTIONS_ALLOW_USE_UNSECURE_NODE_VERSION=true environment variable. For more information see: https://github.blog/changelog/2025-09-19-deprecation-of-node-20-on-github-actions-runners/
##[group]Run actions/upload-artifact@v4
with:
  name: foundation-versions-performance-scan-cached-1
  path: D:\a\_temp\album-haven-performance-foundations\foundation-version-manifest-performance-scan-cached.json
  if-no-files-found: error
  retention-days: 14
  compression-level: 6
  overwrite: false
  include-hidden-files: false
env:
  ALBUM_HAVEN_EXPECTED_FFMPEG_VERSION: 7.1-essentials_build-www.gyan.dev
  ALBUM_HAVEN_FIXTURE_RELEASE: fixtures-v1.0.23
  ALBUM_HAVEN_FIXTURE_PROFILE: scan-library
  ALBUM_HAVEN_FIXTURE_ROOT:  
  ALBUM_HAVEN_MEDIA_ROOT:  
  pythonLocation: C:\hostedtoolcache\windows\Python\3.11.9\x64
  PKG_CONFIG_PATH: C:\hostedtoolcache\windows\Python\3.11.9\x64/lib/pkgconfig
  Python_ROOT_DIR: C:\hostedtoolcache\windows\Python\3.11.9\x64
  Python2_ROOT_DIR: C:\hostedtoolcache\windows\Python\3.11.9\x64
  Python3_ROOT_DIR: C:\hostedtoolcache\windows\Python\3.11.9\x64
  ALBUM_HAVEN_APPROVED_COVER_ROOT: D:\a\_temp\album-haven-fixtures-9642e095dabd438288057d120dcca900\media\covers\approved
  PGPASSFILE: D:\a\_temp\album-haven-postgres-p_35389965541_1_3.pgpass
  ALBUM_HAVEN_CI_DATABASE: album_haven_ci_p_35389965541_1_3
  DATABASE_MIGRATOR_URL: postgresql://album_haven_migrator_p_35389965541_1_3@127.0.0.1/album_haven_ci_p_35389965541_1_3
  DATABASE_APP_URL: postgresql://album_haven_app_p_35389965541_1_3@127.0.0.1/album_haven_ci_p_35389965541_1_3
  DATABASE_READONLY_URL: postgresql://album_haven_readonly_p_35389965541_1_3@127.0.0.1/album_haven_ci_p_35389965541_1_3
  ALBUM_HAVEN_FAKE_E2E_SETUP_DATABASE_URL: postgresql://album_haven_migrator_p_35389965541_1_3@127.0.0.1/album_haven_ci_p_35389965541_1_3
  ALBUM_HAVEN_FAKE_E2E_DATABASE_URL: postgresql://album_haven_app_p_35389965541_1_3@127.0.0.1/album_haven_ci_p_35389965541_1_3
  ALBUM_HAVEN_APP_DATABASE_URL: postgresql://album_haven_app_p_35389965541_1_3@127.0.0.1/album_haven_ci_p_35389965541_1_3
##[endgroup]
(node:6284) [DEP0040] DeprecationWarning: The `punycode` module is deprecated. Please use a userland alternative instead.
(Use `node --trace-deprecation ...` to show where the warning was created)
With the provided path, there will be 1 file uploaded
Artifact name is valid!
Root directory input is valid!
Beginning upload of artifact content to blob storage
(node:6284) [DEP0169] DeprecationWarning: `url.parse()` behavior is not standardized and prone to errors that have security implications. Use the WHATWG URL API instead. CVEs are not issued for `url.parse()` vulnerabilities.
Uploaded bytes 533
Finished uploading artifact content to blob storage!
SHA256 digest of uploaded artifact zip is b30ebe3e42735127175e7a5bbc11333eccb3f1c62e57c793412c0f6748b8614d
Finalizing artifact upload
Artifact foundation-versions-performance-scan-cached-1.zip successfully finalized. Artifact ID 10565757794
Artifact foundation-versions-performance-scan-cached-1 has been successfully uploaded! Final size is 533 bytes. Artifact ID is 10565757794
Artifact download URL: https://github.com/idanilovqa/AlbumHaven/actions/runs/35389965541/artifacts/10565757794
Node 20 is being deprecated. This workflow is running with Node 24 by default. If you need to temporarily use Node 20, you can set the ACTIONS_ALLOW_USE_UNSECURE_NODE_VERSION=true environment variable. For more information see: https://github.blog/changelog/2025-09-19-deprecation-of-node-20-on-github-actions-runners/
##[group]Run actions/upload-artifact@v4
with:
  name: performance-result-scan-cached-1
  path: test-results/playwright-performance-targets/scan-cached
  if-no-files-found: error
  retention-days: 14
  compression-level: 6
  overwrite: false
  include-hidden-files: false
env:
  ALBUM_HAVEN_EXPECTED_FFMPEG_VERSION: 7.1-essentials_build-www.gyan.dev
  ALBUM_HAVEN_FIXTURE_RELEASE: fixtures-v1.0.23
  ALBUM_HAVEN_FIXTURE_PROFILE: scan-library
  ALBUM_HAVEN_FIXTURE_ROOT:  
  ALBUM_HAVEN_MEDIA_ROOT:  
  pythonLocation: C:\hostedtoolcache\windows\Python\3.11.9\x64
  PKG_CONFIG_PATH: C:\hostedtoolcache\windows\Python\3.11.9\x64/lib/pkgconfig
  Python_ROOT_DIR: C:\hostedtoolcache\windows\Python\3.11.9\x64
  Python2_ROOT_DIR: C:\hostedtoolcache\windows\Python\3.11.9\x64
  Python3_ROOT_DIR: C:\hostedtoolcache\windows\Python\3.11.9\x64
  ALBUM_HAVEN_APPROVED_COVER_ROOT: D:\a\_temp\album-haven-fixtures-9642e095dabd438288057d120dcca900\media\covers\approved
  PGPASSFILE: D:\a\_temp\album-haven-postgres-p_35389965541_1_3.pgpass
  ALBUM_HAVEN_CI_DATABASE: album_haven_ci_p_35389965541_1_3
  DATABASE_MIGRATOR_URL: postgresql://album_haven_migrator_p_35389965541_1_3@127.0.0.1/album_haven_ci_p_35389965541_1_3
  DATABASE_APP_URL: postgresql://album_haven_app_p_35389965541_1_3@127.0.0.1/album_haven_ci_p_35389965541_1_3
  DATABASE_READONLY_URL: postgresql://album_haven_readonly_p_35389965541_1_3@127.0.0.1/album_haven_ci_p_35389965541_1_3
  ALBUM_HAVEN_FAKE_E2E_SETUP_DATABASE_URL: postgresql://album_haven_migrator_p_35389965541_1_3@127.0.0.1/album_haven_ci_p_35389965541_1_3
  ALBUM_HAVEN_FAKE_E2E_DATABASE_URL: postgresql://album_haven_app_p_35389965541_1_3@127.0.0.1/album_haven_ci_p_35389965541_1_3
  ALBUM_HAVEN_APP_DATABASE_URL: postgresql://album_haven_app_p_35389965541_1_3@127.0.0.1/album_haven_ci_p_35389965541_1_3
##[endgroup]
(node:2652) [DEP0040] DeprecationWarning: The `punycode` module is deprecated. Please use a userland alternative instead.
(Use `node --trace-deprecation ...` to show where the warning was created)
With the provided path, there will be 10 files uploaded
Artifact name is valid!
Root directory input is valid!
Beginning upload of artifact content to blob storage
(node:2652) [DEP0169] DeprecationWarning: `url.parse()` behavior is not standardized and prone to errors that have security implications. Use the WHATWG URL API instead. CVEs are not issued for `url.parse()` vulnerabilities.
Uploaded bytes 48370
Finished uploading artifact content to blob storage!
SHA256 digest of uploaded artifact zip is 541767d5106ac9fcf2812ac72fac67fc9df239323584b9b6508e549ba671b679
Finalizing artifact upload
Artifact performance-result-scan-cached-1.zip successfully finalized. Artifact ID 10565752728
Artifact performance-result-scan-cached-1 has been successfully uploaded! Final size is 48370 bytes. Artifact ID is 10565752728
Artifact download URL: https://github.com/idanilovqa/AlbumHaven/actions/runs/35389965541/artifacts/10565752728
Node 20 is being deprecated. This workflow is running with Node 24 by default. If you need to temporarily use Node 20, you can set the ACTIONS_ALLOW_USE_UNSECURE_NODE_VERSION=true environment variable. For more information see: https://github.blog/changelog/2025-09-19-deprecation-of-node-20-on-github-actions-runners/
##[group]Run actions/upload-artifact@v4
with:
  name: performance-diagnostics-scan-cached-1
  path: test-results/playwright-performance-targets/scan-cached
test-results/playwright-artifacts

  if-no-files-found: error
  retention-days: 7
  compression-level: 6
  overwrite: false
  include-hidden-files: false
env:
  ALBUM_HAVEN_EXPECTED_FFMPEG_VERSION: 7.1-essentials_build-www.gyan.dev
  ALBUM_HAVEN_FIXTURE_RELEASE: fixtures-v1.0.23
  ALBUM_HAVEN_FIXTURE_PROFILE: scan-library
  ALBUM_HAVEN_FIXTURE_ROOT:  
  ALBUM_HAVEN_MEDIA_ROOT:  
  pythonLocation: C:\hostedtoolcache\windows\Python\3.11.9\x64
  PKG_CONFIG_PATH: C:\hostedtoolcache\windows\Python\3.11.9\x64/lib/pkgconfig
  Python_ROOT_DIR: C:\hostedtoolcache\windows\Python\3.11.9\x64
  Python2_ROOT_DIR: C:\hostedtoolcache\windows\Python\3.11.9\x64
  Python3_ROOT_DIR: C:\hostedtoolcache\windows\Python\3.11.9\x64
  ALBUM_HAVEN_APPROVED_COVER_ROOT: D:\a\_temp\album-haven-fixtures-9642e095dabd438288057d120dcca900\media\covers\approved
  PGPASSFILE: D:\a\_temp\album-haven-postgres-p_35389965541_1_3.pgpass
  ALBUM_HAVEN_CI_DATABASE: album_haven_ci_p_35389965541_1_3
  DATABASE_MIGRATOR_URL: postgresql://album_haven_migrator_p_35389965541_1_3@127.0.0.1/album_haven_ci_p_35389965541_1_3
  DATABASE_APP_URL: postgresql://album_haven_app_p_35389965541_1_3@127.0.0.1/album_haven_ci_p_35389965541_1_3
  DATABASE_READONLY_URL: postgresql://album_haven_readonly_p_35389965541_1_3@127.0.0.1/album_haven_ci_p_35389965541_1_3
  ALBUM_HAVEN_FAKE_E2E_SETUP_DATABASE_URL: postgresql://album_haven_migrator_p_35389965541_1_3@127.0.0.1/album_haven_ci_p_35389965541_1_3
  ALBUM_HAVEN_FAKE_E2E_DATABASE_URL: postgresql://album_haven_app_p_35389965541_1_3@127.0.0.1/album_haven_ci_p_35389965541_1_3
  ALBUM_HAVEN_APP_DATABASE_URL: postgresql://album_haven_app_p_35389965541_1_3@127.0.0.1/album_haven_ci_p_35389965541_1_3
##[endgroup]
(node:1416) [DEP0040] DeprecationWarning: The `punycode` module is deprecated. Please use a userland alternative instead.
(Use `node --trace-deprecation ...` to show where the warning was created)
Multiple search paths detected. Calculating the least common ancestor of all paths
The least common ancestor is D:\a\AlbumHaven\AlbumHaven\test-results. This will be the *** directory of the artifact
With the provided path, there will be 10 files uploaded
Artifact name is valid!
Root directory input is valid!
Beginning upload of artifact content to blob storage
(node:1416) [DEP0169] DeprecationWarning: `url.parse()` behavior is not standardized and prone to errors that have security implications. Use the WHATWG URL API instead. CVEs are not issued for `url.parse()` vulnerabilities.
Uploaded bytes 49230
Finished uploading artifact content to blob storage!
SHA256 digest of uploaded artifact zip is 66e41d66152a07e412b4b574dd4ad857447928e221185857ed2a3f7fc2efff6b
Finalizing artifact upload
Artifact performance-diagnostics-scan-cached-1.zip successfully finalized. Artifact ID 10565892652
Artifact performance-diagnostics-scan-cached-1 has been successfully uploaded! Final size is 49230 bytes. Artifact ID is 10565892652
Artifact download URL: https://github.com/idanilovqa/AlbumHaven/actions/runs/35389965541/artifacts/10565892652
Node 20 is being deprecated. This workflow is running with Node 24 by default. If you need to temporarily use Node 20, you can set the ACTIONS_ALLOW_USE_UNSECURE_NODE_VERSION=true environment variable. For more information see: https://github.blog/changelog/2025-09-19-deprecation-of-node-20-on-github-actions-runners/
##[group]Run actions/upload-artifact@v4
with:
  name: foundation-versions-performance-scan-add-album-1
  path: D:\a\_temp\album-haven-performance-foundations\foundation-version-manifest-performance-scan-add-album.json
  if-no-files-found: error
  retention-days: 14
  compression-level: 6
  overwrite: false
  include-hidden-files: false
env:
  ALBUM_HAVEN_EXPECTED_FFMPEG_VERSION: 7.1-essentials_build-www.gyan.dev
  ALBUM_HAVEN_FIXTURE_RELEASE: fixtures-v1.0.23
  ALBUM_HAVEN_FIXTURE_PROFILE: scan-library
  ALBUM_HAVEN_FIXTURE_ROOT:  
  ALBUM_HAVEN_MEDIA_ROOT:  
  pythonLocation: C:\hostedtoolcache\windows\Python\3.11.9\x64
  PKG_CONFIG_PATH: C:\hostedtoolcache\windows\Python\3.11.9\x64/lib/pkgconfig
  Python_ROOT_DIR: C:\hostedtoolcache\windows\Python\3.11.9\x64
  Python2_ROOT_DIR: C:\hostedtoolcache\windows\Python\3.11.9\x64
  Python3_ROOT_DIR: C:\hostedtoolcache\windows\Python\3.11.9\x64
  ALBUM_HAVEN_APPROVED_COVER_ROOT: D:\a\_temp\album-haven-fixtures-9642e095dabd438288057d120dcca900\media\covers\approved
  PGPASSFILE: D:\a\_temp\album-haven-postgres-p_35389965541_1_3.pgpass
  ALBUM_HAVEN_CI_DATABASE: album_haven_ci_p_35389965541_1_3
  DATABASE_MIGRATOR_URL: postgresql://album_haven_migrator_p_35389965541_1_3@127.0.0.1/album_haven_ci_p_35389965541_1_3
  DATABASE_APP_URL: postgresql://album_haven_app_p_35389965541_1_3@127.0.0.1/album_haven_ci_p_35389965541_1_3
  DATABASE_READONLY_URL: postgresql://album_haven_readonly_p_35389965541_1_3@127.0.0.1/album_haven_ci_p_35389965541_1_3
  ALBUM_HAVEN_FAKE_E2E_SETUP_DATABASE_URL: postgresql://album_haven_migrator_p_35389965541_1_3@127.0.0.1/album_haven_ci_p_35389965541_1_3
  ALBUM_HAVEN_FAKE_E2E_DATABASE_URL: postgresql://album_haven_app_p_35389965541_1_3@127.0.0.1/album_haven_ci_p_35389965541_1_3
  ALBUM_HAVEN_APP_DATABASE_URL: postgresql://album_haven_app_p_35389965541_1_3@127.0.0.1/album_haven_ci_p_35389965541_1_3
##[endgroup]
(node:1720) [DEP0040] DeprecationWarning: The `punycode` module is deprecated. Please use a userland alternative instead.
(Use `node --trace-deprecation ...` to show where the warning was created)
With the provided path, there will be 1 file uploaded
Artifact name is valid!
Root directory input is valid!
Beginning upload of artifact content to blob storage
(node:1720) [DEP0169] DeprecationWarning: `url.parse()` behavior is not standardized and prone to errors that have security implications. Use the WHATWG URL API instead. CVEs are not issued for `url.parse()` vulnerabilities.
Uploaded bytes 539
Finished uploading artifact content to blob storage!
SHA256 digest of uploaded artifact zip is c992eb27d0cda0105a4f91052ad205c2d38cd22c85c10d1a69ac981588557e2e
Finalizing artifact upload
Artifact foundation-versions-performance-scan-add-album-1.zip successfully finalized. Artifact ID 10565757799
Artifact foundation-versions-performance-scan-add-album-1 has been successfully uploaded! Final size is 539 bytes. Artifact ID is 10565757799
Artifact download URL: https://github.com/idanilovqa/AlbumHaven/actions/runs/35389965541/artifacts/10565757799
Node 20 is being deprecated. This workflow is running with Node 24 by default. If you need to temporarily use Node 20, you can set the ACTIONS_ALLOW_USE_UNSECURE_NODE_VERSION=true environment variable. For more information see: https://github.blog/changelog/2025-09-19-deprecation-of-node-20-on-github-actions-runners/
##[group]Run actions/upload-artifact@v4
with:
  name: performance-result-scan-add-album-1
  path: test-results/playwright-performance-targets/scan-add-album
  if-no-files-found: error
  retention-days: 14
  compression-level: 6
  overwrite: false
  include-hidden-files: false
env:
  ALBUM_HAVEN_EXPECTED_FFMPEG_VERSION: 7.1-essentials_build-www.gyan.dev
  ALBUM_HAVEN_FIXTURE_RELEASE: fixtures-v1.0.23
  ALBUM_HAVEN_FIXTURE_PROFILE: scan-library
  ALBUM_HAVEN_FIXTURE_ROOT:  
  ALBUM_HAVEN_MEDIA_ROOT:  
  pythonLocation: C:\hostedtoolcache\windows\Python\3.11.9\x64
  PKG_CONFIG_PATH: C:\hostedtoolcache\windows\Python\3.11.9\x64/lib/pkgconfig
  Python_ROOT_DIR: C:\hostedtoolcache\windows\Python\3.11.9\x64
  Python2_ROOT_DIR: C:\hostedtoolcache\windows\Python\3.11.9\x64
  Python3_ROOT_DIR: C:\hostedtoolcache\windows\Python\3.11.9\x64
  ALBUM_HAVEN_APPROVED_COVER_ROOT: D:\a\_temp\album-haven-fixtures-9642e095dabd438288057d120dcca900\media\covers\approved
  PGPASSFILE: D:\a\_temp\album-haven-postgres-p_35389965541_1_3.pgpass
  ALBUM_HAVEN_CI_DATABASE: album_haven_ci_p_35389965541_1_3
  DATABASE_MIGRATOR_URL: postgresql://album_haven_migrator_p_35389965541_1_3@127.0.0.1/album_haven_ci_p_35389965541_1_3
  DATABASE_APP_URL: postgresql://album_haven_app_p_35389965541_1_3@127.0.0.1/album_haven_ci_p_35389965541_1_3
  DATABASE_READONLY_URL: postgresql://album_haven_readonly_p_35389965541_1_3@127.0.0.1/album_haven_ci_p_35389965541_1_3
  ALBUM_HAVEN_FAKE_E2E_SETUP_DATABASE_URL: postgresql://album_haven_migrator_p_35389965541_1_3@127.0.0.1/album_haven_ci_p_35389965541_1_3
  ALBUM_HAVEN_FAKE_E2E_DATABASE_URL: postgresql://album_haven_app_p_35389965541_1_3@127.0.0.1/album_haven_ci_p_35389965541_1_3
  ALBUM_HAVEN_APP_DATABASE_URL: postgresql://album_haven_app_p_35389965541_1_3@127.0.0.1/album_haven_ci_p_35389965541_1_3
##[endgroup]
(node:1232) [DEP0040] DeprecationWarning: The `punycode` module is deprecated. Please use a userland alternative instead.
(Use `node --trace-deprecation ...` to show where the warning was created)
With the provided path, there will be 10 files uploaded
Artifact name is valid!
Root directory input is valid!
Beginning upload of artifact content to blob storage
(node:1232) [DEP0169] DeprecationWarning: `url.parse()` behavior is not standardized and prone to errors that have security implications. Use the WHATWG URL API instead. CVEs are not issued for `url.parse()` vulnerabilities.
Uploaded bytes 51381
Finished uploading artifact content to blob storage!
SHA256 digest of uploaded artifact zip is 2680f40afbd9a3d3fe5664864519034f66aa498201ecf3b3c84f29172a49031d
Finalizing artifact upload
Artifact performance-result-scan-add-album-1.zip successfully finalized. Artifact ID 10565698099
Artifact performance-result-scan-add-album-1 has been successfully uploaded! Final size is 51381 bytes. Artifact ID is 10565698099
Artifact download URL: https://github.com/idanilovqa/AlbumHaven/actions/runs/35389965541/artifacts/10565698099
Node 20 is being deprecated. This workflow is running with Node 24 by default. If you need to temporarily use Node 20, you can set the ACTIONS_ALLOW_USE_UNSECURE_NODE_VERSION=true environment variable. For more information see: https://github.blog/changelog/2025-09-19-deprecation-of-node-20-on-github-actions-runners/
##[group]Run actions/upload-artifact@v4
with:
  name: performance-diagnostics-scan-add-album-1
  path: test-results/playwright-performance-targets/scan-add-album
test-results/playwright-artifacts

  if-no-files-found: error
  retention-days: 7
  compression-level: 6
  overwrite: false
  include-hidden-files: false
env:
  ALBUM_HAVEN_EXPECTED_FFMPEG_VERSION: 7.1-essentials_build-www.gyan.dev
  ALBUM_HAVEN_FIXTURE_RELEASE: fixtures-v1.0.23
  ALBUM_HAVEN_FIXTURE_PROFILE: scan-library
  ALBUM_HAVEN_FIXTURE_ROOT:  
  ALBUM_HAVEN_MEDIA_ROOT:  
  pythonLocation: C:\hostedtoolcache\windows\Python\3.11.9\x64
  PKG_CONFIG_PATH: C:\hostedtoolcache\windows\Python\3.11.9\x64/lib/pkgconfig
  Python_ROOT_DIR: C:\hostedtoolcache\windows\Python\3.11.9\x64
  Python2_ROOT_DIR: C:\hostedtoolcache\windows\Python\3.11.9\x64
  Python3_ROOT_DIR: C:\hostedtoolcache\windows\Python\3.11.9\x64
  ALBUM_HAVEN_APPROVED_COVER_ROOT: D:\a\_temp\album-haven-fixtures-9642e095dabd438288057d120dcca900\media\covers\approved
  PGPASSFILE: D:\a\_temp\album-haven-postgres-p_35389965541_1_3.pgpass
  ALBUM_HAVEN_CI_DATABASE: album_haven_ci_p_35389965541_1_3
  DATABASE_MIGRATOR_URL: postgresql://album_haven_migrator_p_35389965541_1_3@127.0.0.1/album_haven_ci_p_35389965541_1_3
  DATABASE_APP_URL: postgresql://album_haven_app_p_35389965541_1_3@127.0.0.1/album_haven_ci_p_35389965541_1_3
  DATABASE_READONLY_URL: postgresql://album_haven_readonly_p_35389965541_1_3@127.0.0.1/album_haven_ci_p_35389965541_1_3
  ALBUM_HAVEN_FAKE_E2E_SETUP_DATABASE_URL: postgresql://album_haven_migrator_p_35389965541_1_3@127.0.0.1/album_haven_ci_p_35389965541_1_3
  ALBUM_HAVEN_FAKE_E2E_DATABASE_URL: postgresql://album_haven_app_p_35389965541_1_3@127.0.0.1/album_haven_ci_p_35389965541_1_3
  ALBUM_HAVEN_APP_DATABASE_URL: postgresql://album_haven_app_p_35389965541_1_3@127.0.0.1/album_haven_ci_p_35389965541_1_3
##[endgroup]
(node:9700) [DEP0040] DeprecationWarning: The `punycode` module is deprecated. Please use a userland alternative instead.
(Use `node --trace-deprecation ...` to show where the warning was created)
Multiple search paths detected. Calculating the least common ancestor of all paths
The least common ancestor is D:\a\AlbumHaven\AlbumHaven\test-results. This will be the *** directory of the artifact
With the provided path, there will be 10 files uploaded
Artifact name is valid!
Root directory input is valid!
Beginning upload of artifact content to blob storage
(node:9700) [DEP0169] DeprecationWarning: `url.parse()` behavior is not standardized and prone to errors that have security implications. Use the WHATWG URL API instead. CVEs are not issued for `url.parse()` vulnerabilities.
Uploaded bytes 52301
Finished uploading artifact content to blob storage!
SHA256 digest of uploaded artifact zip is 9afded2f7e6c4562d3a65813fe0cc56532d204ab22c21b0f7ad621fa7de4cd54
Finalizing artifact upload
Artifact performance-diagnostics-scan-add-album-1.zip successfully finalized. Artifact ID 10565847641
Artifact performance-diagnostics-scan-add-album-1 has been successfully uploaded! Final size is 52301 bytes. Artifact ID is 10565847641
Artifact download URL: https://github.com/idanilovqa/AlbumHaven/actions/runs/35389965541/artifacts/10565847641
Node 20 is being deprecated. This workflow is running with Node 24 by default. If you need to temporarily use Node 20, you can set the ACTIONS_ALLOW_USE_UNSECURE_NODE_VERSION=true environment variable. For more information see: https://github.blog/changelog/2025-09-19-deprecation-of-node-20-on-github-actions-runners/
##[group]Run actions/upload-artifact@v4
with:
  name: foundation-versions-performance-scan-metadata-1
  path: D:\a\_temp\album-haven-performance-foundations\foundation-version-manifest-performance-scan-metadata.json
  if-no-files-found: error
  retention-days: 14
  compression-level: 6
  overwrite: false
  include-hidden-files: false
env:
  ALBUM_HAVEN_EXPECTED_FFMPEG_VERSION: 7.1-essentials_build-www.gyan.dev
  ALBUM_HAVEN_FIXTURE_RELEASE: fixtures-v1.0.23
  ALBUM_HAVEN_FIXTURE_PROFILE: scan-library
  ALBUM_HAVEN_FIXTURE_ROOT:  
  ALBUM_HAVEN_MEDIA_ROOT:  
  pythonLocation: C:\hostedtoolcache\windows\Python\3.11.9\x64
  PKG_CONFIG_PATH: C:\hostedtoolcache\windows\Python\3.11.9\x64/lib/pkgconfig
  Python_ROOT_DIR: C:\hostedtoolcache\windows\Python\3.11.9\x64
  Python2_ROOT_DIR: C:\hostedtoolcache\windows\Python\3.11.9\x64
  Python3_ROOT_DIR: C:\hostedtoolcache\windows\Python\3.11.9\x64
  ALBUM_HAVEN_APPROVED_COVER_ROOT: D:\a\_temp\album-haven-fixtures-9642e095dabd438288057d120dcca900\media\covers\approved
  PGPASSFILE: D:\a\_temp\album-haven-postgres-p_35389965541_1_3.pgpass
  ALBUM_HAVEN_CI_DATABASE: album_haven_ci_p_35389965541_1_3
  DATABASE_MIGRATOR_URL: postgresql://album_haven_migrator_p_35389965541_1_3@127.0.0.1/album_haven_ci_p_35389965541_1_3
  DATABASE_APP_URL: postgresql://album_haven_app_p_35389965541_1_3@127.0.0.1/album_haven_ci_p_35389965541_1_3
  DATABASE_READONLY_URL: postgresql://album_haven_readonly_p_35389965541_1_3@127.0.0.1/album_haven_ci_p_35389965541_1_3
  ALBUM_HAVEN_FAKE_E2E_SETUP_DATABASE_URL: postgresql://album_haven_migrator_p_35389965541_1_3@127.0.0.1/album_haven_ci_p_35389965541_1_3
  ALBUM_HAVEN_FAKE_E2E_DATABASE_URL: postgresql://album_haven_app_p_35389965541_1_3@127.0.0.1/album_haven_ci_p_35389965541_1_3
  ALBUM_HAVEN_APP_DATABASE_URL: postgresql://album_haven_app_p_35389965541_1_3@127.0.0.1/album_haven_ci_p_35389965541_1_3
##[endgroup]
(node:2092) [DEP0040] DeprecationWarning: The `punycode` module is deprecated. Please use a userland alternative instead.
(Use `node --trace-deprecation ...` to show where the warning was created)
With the provided path, there will be 1 file uploaded
Artifact name is valid!
Root directory input is valid!
Beginning upload of artifact content to blob storage
(node:2092) [DEP0169] DeprecationWarning: `url.parse()` behavior is not standardized and prone to errors that have security implications. Use the WHATWG URL API instead. CVEs are not issued for `url.parse()` vulnerabilities.
Uploaded bytes 537
Finished uploading artifact content to blob storage!
SHA256 digest of uploaded artifact zip is eb794fab097bef88e012f47f2b96a925961a218793c1b65825bff334eec657cb
Finalizing artifact upload
Artifact foundation-versions-performance-scan-metadata-1.zip successfully finalized. Artifact ID 10566252210
Artifact foundation-versions-performance-scan-metadata-1 has been successfully uploaded! Final size is 537 bytes. Artifact ID is 10566252210
Artifact download URL: https://github.com/idanilovqa/AlbumHaven/actions/runs/35389965541/artifacts/10566252210
Node 20 is being deprecated. This workflow is running with Node 24 by default. If you need to temporarily use Node 20, you can set the ACTIONS_ALLOW_USE_UNSECURE_NODE_VERSION=true environment variable. For more information see: https://github.blog/changelog/2025-09-19-deprecation-of-node-20-on-github-actions-runners/
##[group]Run actions/upload-artifact@v4
with:
  name: performance-result-scan-metadata-1
  path: test-results/playwright-performance-targets/scan-metadata
  if-no-files-found: error
  retention-days: 14
  compression-level: 6
  overwrite: false
  include-hidden-files: false
env:
  ALBUM_HAVEN_EXPECTED_FFMPEG_VERSION: 7.1-essentials_build-www.gyan.dev
  ALBUM_HAVEN_FIXTURE_RELEASE: fixtures-v1.0.23
  ALBUM_HAVEN_FIXTURE_PROFILE: scan-library
  ALBUM_HAVEN_FIXTURE_ROOT:  
  ALBUM_HAVEN_MEDIA_ROOT:  
  pythonLocation: C:\hostedtoolcache\windows\Python\3.11.9\x64
  PKG_CONFIG_PATH: C:\hostedtoolcache\windows\Python\3.11.9\x64/lib/pkgconfig
  Python_ROOT_DIR: C:\hostedtoolcache\windows\Python\3.11.9\x64
  Python2_ROOT_DIR: C:\hostedtoolcache\windows\Python\3.11.9\x64
  Python3_ROOT_DIR: C:\hostedtoolcache\windows\Python\3.11.9\x64
  ALBUM_HAVEN_APPROVED_COVER_ROOT: D:\a\_temp\album-haven-fixtures-9642e095dabd438288057d120dcca900\media\covers\approved
  PGPASSFILE: D:\a\_temp\album-haven-postgres-p_35389965541_1_3.pgpass
  ALBUM_HAVEN_CI_DATABASE: album_haven_ci_p_35389965541_1_3
  DATABASE_MIGRATOR_URL: postgresql://album_haven_migrator_p_35389965541_1_3@127.0.0.1/album_haven_ci_p_35389965541_1_3
  DATABASE_APP_URL: postgresql://album_haven_app_p_35389965541_1_3@127.0.0.1/album_haven_ci_p_35389965541_1_3
  DATABASE_READONLY_URL: postgresql://album_haven_readonly_p_35389965541_1_3@127.0.0.1/album_haven_ci_p_35389965541_1_3
  ALBUM_HAVEN_FAKE_E2E_SETUP_DATABASE_URL: postgresql://album_haven_migrator_p_35389965541_1_3@127.0.0.1/album_haven_ci_p_35389965541_1_3
  ALBUM_HAVEN_FAKE_E2E_DATABASE_URL: postgresql://album_haven_app_p_35389965541_1_3@127.0.0.1/album_haven_ci_p_35389965541_1_3
  ALBUM_HAVEN_APP_DATABASE_URL: postgresql://album_haven_app_p_35389965541_1_3@127.0.0.1/album_haven_ci_p_35389965541_1_3
##[endgroup]
(node:9640) [DEP0040] DeprecationWarning: The `punycode` module is deprecated. Please use a userland alternative instead.
(Use `node --trace-deprecation ...` to show where the warning was created)
With the provided path, there will be 19 files uploaded
Artifact name is valid!
Root directory input is valid!
Beginning upload of artifact content to blob storage
(node:9640) [DEP0169] DeprecationWarning: `url.parse()` behavior is not standardized and prone to errors that have security implications. Use the WHATWG URL API instead. CVEs are not issued for `url.parse()` vulnerabilities.
Uploaded bytes 4008979
Finished uploading artifact content to blob storage!
SHA256 digest of uploaded artifact zip is 74fb0b9bedf3de22f610e3d7514d8aa1cc6233068895d9cd15071fdc70e40129
Finalizing artifact upload
Artifact performance-result-scan-metadata-1.zip successfully finalized. Artifact ID 10566192225
Artifact performance-result-scan-metadata-1 has been successfully uploaded! Final size is 4008979 bytes. Artifact ID is 10566192225
Artifact download URL: https://github.com/idanilovqa/AlbumHaven/actions/runs/35389965541/artifacts/10566192225
Node 20 is being deprecated. This workflow is running with Node 24 by default. If you need to temporarily use Node 20, you can set the ACTIONS_ALLOW_USE_UNSECURE_NODE_VERSION=true environment variable. For more information see: https://github.blog/changelog/2025-09-19-deprecation-of-node-20-on-github-actions-runners/
##[group]Run actions/upload-artifact@v4
with:
  name: performance-diagnostics-scan-metadata-1
  path: test-results/playwright-performance-targets/scan-metadata
test-results/playwright-artifacts

  if-no-files-found: error
  retention-days: 7
  compression-level: 6
  overwrite: false
  include-hidden-files: false
env:
  ALBUM_HAVEN_EXPECTED_FFMPEG_VERSION: 7.1-essentials_build-www.gyan.dev
  ALBUM_HAVEN_FIXTURE_RELEASE: fixtures-v1.0.23
  ALBUM_HAVEN_FIXTURE_PROFILE: scan-library
  ALBUM_HAVEN_FIXTURE_ROOT:  
  ALBUM_HAVEN_MEDIA_ROOT:  
  pythonLocation: C:\hostedtoolcache\windows\Python\3.11.9\x64
  PKG_CONFIG_PATH: C:\hostedtoolcache\windows\Python\3.11.9\x64/lib/pkgconfig
  Python_ROOT_DIR: C:\hostedtoolcache\windows\Python\3.11.9\x64
  Python2_ROOT_DIR: C:\hostedtoolcache\windows\Python\3.11.9\x64
  Python3_ROOT_DIR: C:\hostedtoolcache\windows\Python\3.11.9\x64
  ALBUM_HAVEN_APPROVED_COVER_ROOT: D:\a\_temp\album-haven-fixtures-9642e095dabd438288057d120dcca900\media\covers\approved
  PGPASSFILE: D:\a\_temp\album-haven-postgres-p_35389965541_1_3.pgpass
  ALBUM_HAVEN_CI_DATABASE: album_haven_ci_p_35389965541_1_3
  DATABASE_MIGRATOR_URL: postgresql://album_haven_migrator_p_35389965541_1_3@127.0.0.1/album_haven_ci_p_35389965541_1_3
  DATABASE_APP_URL: postgresql://album_haven_app_p_35389965541_1_3@127.0.0.1/album_haven_ci_p_35389965541_1_3
  DATABASE_READONLY_URL: postgresql://album_haven_readonly_p_35389965541_1_3@127.0.0.1/album_haven_ci_p_35389965541_1_3
  ALBUM_HAVEN_FAKE_E2E_SETUP_DATABASE_URL: postgresql://album_haven_migrator_p_35389965541_1_3@127.0.0.1/album_haven_ci_p_35389965541_1_3
  ALBUM_HAVEN_FAKE_E2E_DATABASE_URL: postgresql://album_haven_app_p_35389965541_1_3@127.0.0.1/album_haven_ci_p_35389965541_1_3
  ALBUM_HAVEN_APP_DATABASE_URL: postgresql://album_haven_app_p_35389965541_1_3@127.0.0.1/album_haven_ci_p_35389965541_1_3
##[endgroup]
(node:7744) [DEP0040] DeprecationWarning: The `punycode` module is deprecated. Please use a userland alternative instead.
(Use `node --trace-deprecation ...` to show where the warning was created)
Multiple search paths detected. Calculating the least common ancestor of all paths
The least common ancestor is D:\a\AlbumHaven\AlbumHaven\test-results. This will be the *** directory of the artifact
With the provided path, there will be 19 files uploaded
Artifact name is valid!
Root directory input is valid!
Beginning upload of artifact content to blob storage
(node:7744) [DEP0169] DeprecationWarning: `url.parse()` behavior is not standardized and prone to errors that have security implications. Use the WHATWG URL API instead. CVEs are not issued for `url.parse()` vulnerabilities.
Uploaded bytes 4010689
Finished uploading artifact content to blob storage!
SHA256 digest of uploaded artifact zip is 23509838e5b7a4ba96a6c7bbd71a73e7085a8aebed5bab000adfa903a45f8578
Finalizing artifact upload
Artifact performance-diagnostics-scan-metadata-1.zip successfully finalized. Artifact ID 10565872682
Artifact performance-diagnostics-scan-metadata-1 has been successfully uploaded! Final size is 4010689 bytes. Artifact ID is 10565872682
Artifact download URL: https://github.com/idanilovqa/AlbumHaven/actions/runs/35389965541/artifacts/10565872682
Node 20 is being deprecated. This workflow is running with Node 24 by default. If you need to temporarily use Node 20, you can set the ACTIONS_ALLOW_USE_UNSECURE_NODE_VERSION=true environment variable. For more information see: https://github.blog/changelog/2025-09-19-deprecation-of-node-20-on-github-actions-runners/
##[group]Run actions/upload-artifact@v4
with:
  name: foundation-versions-performance-scan-page-1
  path: D:\a\_temp\album-haven-performance-foundations\foundation-version-manifest-performance-scan-page.json
  if-no-files-found: error
  retention-days: 14
  compression-level: 6
  overwrite: false
  include-hidden-files: false
env:
  ALBUM_HAVEN_EXPECTED_FFMPEG_VERSION: 7.1-essentials_build-www.gyan.dev
  ALBUM_HAVEN_FIXTURE_RELEASE: fixtures-v1.0.23
  ALBUM_HAVEN_FIXTURE_PROFILE: scan-library
  ALBUM_HAVEN_FIXTURE_ROOT:  
  ALBUM_HAVEN_MEDIA_ROOT:  
  pythonLocation: C:\hostedtoolcache\windows\Python\3.11.9\x64
  PKG_CONFIG_PATH: C:\hostedtoolcache\windows\Python\3.11.9\x64/lib/pkgconfig
  Python_ROOT_DIR: C:\hostedtoolcache\windows\Python\3.11.9\x64
  Python2_ROOT_DIR: C:\hostedtoolcache\windows\Python\3.11.9\x64
  Python3_ROOT_DIR: C:\hostedtoolcache\windows\Python\3.11.9\x64
  ALBUM_HAVEN_APPROVED_COVER_ROOT: D:\a\_temp\album-haven-fixtures-9642e095dabd438288057d120dcca900\media\covers\approved
  PGPASSFILE: D:\a\_temp\album-haven-postgres-p_35389965541_1_3.pgpass
  ALBUM_HAVEN_CI_DATABASE: album_haven_ci_p_35389965541_1_3
  DATABASE_MIGRATOR_URL: postgresql://album_haven_migrator_p_35389965541_1_3@127.0.0.1/album_haven_ci_p_35389965541_1_3
  DATABASE_APP_URL: postgresql://album_haven_app_p_35389965541_1_3@127.0.0.1/album_haven_ci_p_35389965541_1_3
  DATABASE_READONLY_URL: postgresql://album_haven_readonly_p_35389965541_1_3@127.0.0.1/album_haven_ci_p_35389965541_1_3
  ALBUM_HAVEN_FAKE_E2E_SETUP_DATABASE_URL: postgresql://album_haven_migrator_p_35389965541_1_3@127.0.0.1/album_haven_ci_p_35389965541_1_3
  ALBUM_HAVEN_FAKE_E2E_DATABASE_URL: postgresql://album_haven_app_p_35389965541_1_3@127.0.0.1/album_haven_ci_p_35389965541_1_3
  ALBUM_HAVEN_APP_DATABASE_URL: postgresql://album_haven_app_p_35389965541_1_3@127.0.0.1/album_haven_ci_p_35389965541_1_3
##[endgroup]
(node:9940) [DEP0040] DeprecationWarning: The `punycode` module is deprecated. Please use a userland alternative instead.
(Use `node --trace-deprecation ...` to show where the warning was created)
With the provided path, there will be 1 file uploaded
Artifact name is valid!
Root directory input is valid!
Beginning upload of artifact content to blob storage
(node:9940) [DEP0169] DeprecationWarning: `url.parse()` behavior is not standardized and prone to errors that have security implications. Use the WHATWG URL API instead. CVEs are not issued for `url.parse()` vulnerabilities.
Uploaded bytes 529
Finished uploading artifact content to blob storage!
SHA256 digest of uploaded artifact zip is 22bcd16cbac7e11d0ea446bf89b43b1b9a60fdfb54ed859734519c1fc16925dc
Finalizing artifact upload
Artifact foundation-versions-performance-scan-page-1.zip successfully finalized. Artifact ID 10565892669
Artifact foundation-versions-performance-scan-page-1 has been successfully uploaded! Final size is 529 bytes. Artifact ID is 10565892669
Artifact download URL: https://github.com/idanilovqa/AlbumHaven/actions/runs/35389965541/artifacts/10565892669
Node 20 is being deprecated. This workflow is running with Node 24 by default. If you need to temporarily use Node 20, you can set the ACTIONS_ALLOW_USE_UNSECURE_NODE_VERSION=true environment variable. For more information see: https://github.blog/changelog/2025-09-19-deprecation-of-node-20-on-github-actions-runners/
##[group]Run actions/upload-artifact@v4
with:
  name: performance-result-scan-page-1
  path: test-results/playwright-performance-targets/scan-page
  if-no-files-found: error
  retention-days: 14
  compression-level: 6
  overwrite: false
  include-hidden-files: false
env:
  ALBUM_HAVEN_EXPECTED_FFMPEG_VERSION: 7.1-essentials_build-www.gyan.dev
  ALBUM_HAVEN_FIXTURE_RELEASE: fixtures-v1.0.23
  ALBUM_HAVEN_FIXTURE_PROFILE: scan-library
  ALBUM_HAVEN_FIXTURE_ROOT:  
  ALBUM_HAVEN_MEDIA_ROOT:  
  pythonLocation: C:\hostedtoolcache\windows\Python\3.11.9\x64
  PKG_CONFIG_PATH: C:\hostedtoolcache\windows\Python\3.11.9\x64/lib/pkgconfig
  Python_ROOT_DIR: C:\hostedtoolcache\windows\Python\3.11.9\x64
  Python2_ROOT_DIR: C:\hostedtoolcache\windows\Python\3.11.9\x64
  Python3_ROOT_DIR: C:\hostedtoolcache\windows\Python\3.11.9\x64
  ALBUM_HAVEN_APPROVED_COVER_ROOT: D:\a\_temp\album-haven-fixtures-9642e095dabd438288057d120dcca900\media\covers\approved
  PGPASSFILE: D:\a\_temp\album-haven-postgres-p_35389965541_1_3.pgpass
  ALBUM_HAVEN_CI_DATABASE: album_haven_ci_p_35389965541_1_3
  DATABASE_MIGRATOR_URL: postgresql://album_haven_migrator_p_35389965541_1_3@127.0.0.1/album_haven_ci_p_35389965541_1_3
  DATABASE_APP_URL: postgresql://album_haven_app_p_35389965541_1_3@127.0.0.1/album_haven_ci_p_35389965541_1_3
  DATABASE_READONLY_URL: postgresql://album_haven_readonly_p_35389965541_1_3@127.0.0.1/album_haven_ci_p_35389965541_1_3
  ALBUM_HAVEN_FAKE_E2E_SETUP_DATABASE_URL: postgresql://album_haven_migrator_p_35389965541_1_3@127.0.0.1/album_haven_ci_p_35389965541_1_3
  ALBUM_HAVEN_FAKE_E2E_DATABASE_URL: postgresql://album_haven_app_p_35389965541_1_3@127.0.0.1/album_haven_ci_p_35389965541_1_3
  ALBUM_HAVEN_APP_DATABASE_URL: postgresql://album_haven_app_p_35389965541_1_3@127.0.0.1/album_haven_ci_p_35389965541_1_3
##[endgroup]
(node:7696) [DEP0040] DeprecationWarning: The `punycode` module is deprecated. Please use a userland alternative instead.
(Use `node --trace-deprecation ...` to show where the warning was created)
With the provided path, there will be 7 files uploaded
Artifact name is valid!
Root directory input is valid!
Beginning upload of artifact content to blob storage
(node:7696) [DEP0169] DeprecationWarning: `url.parse()` behavior is not standardized and prone to errors that have security implications. Use the WHATWG URL API instead. CVEs are not issued for `url.parse()` vulnerabilities.
Uploaded bytes 728751
Finished uploading artifact content to blob storage!
SHA256 digest of uploaded artifact zip is b1a0befadeecf181e03762cc61f76237eb6cc1f9b6c5a2243f85b17631077b97
Finalizing artifact upload
Artifact performance-result-scan-page-1.zip successfully finalized. Artifact ID 10566341938
Artifact performance-result-scan-page-1 has been successfully uploaded! Final size is 728751 bytes. Artifact ID is 10566341938
Artifact download URL: https://github.com/idanilovqa/AlbumHaven/actions/runs/35389965541/artifacts/10566341938
Node 20 is being deprecated. This workflow is running with Node 24 by default. If you need to temporarily use Node 20, you can set the ACTIONS_ALLOW_USE_UNSECURE_NODE_VERSION=true environment variable. For more information see: https://github.blog/changelog/2025-09-19-deprecation-of-node-20-on-github-actions-runners/
##[group]Run actions/upload-artifact@v4
with:
  name: performance-diagnostics-scan-page-1
  path: test-results/playwright-performance-targets/scan-page
test-results/playwright-artifacts

  if-no-files-found: error
  retention-days: 7
  compression-level: 6
  overwrite: false
  include-hidden-files: false
env:
  ALBUM_HAVEN_EXPECTED_FFMPEG_VERSION: 7.1-essentials_build-www.gyan.dev
  ALBUM_HAVEN_FIXTURE_RELEASE: fixtures-v1.0.23
  ALBUM_HAVEN_FIXTURE_PROFILE: scan-library
  ALBUM_HAVEN_FIXTURE_ROOT:  
  ALBUM_HAVEN_MEDIA_ROOT:  
  pythonLocation: C:\hostedtoolcache\windows\Python\3.11.9\x64
  PKG_CONFIG_PATH: C:\hostedtoolcache\windows\Python\3.11.9\x64/lib/pkgconfig
  Python_ROOT_DIR: C:\hostedtoolcache\windows\Python\3.11.9\x64
  Python2_ROOT_DIR: C:\hostedtoolcache\windows\Python\3.11.9\x64
  Python3_ROOT_DIR: C:\hostedtoolcache\windows\Python\3.11.9\x64
  ALBUM_HAVEN_APPROVED_COVER_ROOT: D:\a\_temp\album-haven-fixtures-9642e095dabd438288057d120dcca900\media\covers\approved
  PGPASSFILE: D:\a\_temp\album-haven-postgres-p_35389965541_1_3.pgpass
  ALBUM_HAVEN_CI_DATABASE: album_haven_ci_p_35389965541_1_3
  DATABASE_MIGRATOR_URL: postgresql://album_haven_migrator_p_35389965541_1_3@127.0.0.1/album_haven_ci_p_35389965541_1_3
  DATABASE_APP_URL: postgresql://album_haven_app_p_35389965541_1_3@127.0.0.1/album_haven_ci_p_35389965541_1_3
  DATABASE_READONLY_URL: postgresql://album_haven_readonly_p_35389965541_1_3@127.0.0.1/album_haven_ci_p_35389965541_1_3
  ALBUM_HAVEN_FAKE_E2E_SETUP_DATABASE_URL: postgresql://album_haven_migrator_p_35389965541_1_3@127.0.0.1/album_haven_ci_p_35389965541_1_3
  ALBUM_HAVEN_FAKE_E2E_DATABASE_URL: postgresql://album_haven_app_p_35389965541_1_3@127.0.0.1/album_haven_ci_p_35389965541_1_3
  ALBUM_HAVEN_APP_DATABASE_URL: postgresql://album_haven_app_p_35389965541_1_3@127.0.0.1/album_haven_ci_p_35389965541_1_3
##[endgroup]
(node:3040) [DEP0040] DeprecationWarning: The `punycode` module is deprecated. Please use a userland alternative instead.
(Use `node --trace-deprecation ...` to show where the warning was created)
Multiple search paths detected. Calculating the least common ancestor of all paths
The least common ancestor is D:\a\AlbumHaven\AlbumHaven\test-results. This will be the *** directory of the artifact
With the provided path, there will be 7 files uploaded
Artifact name is valid!
Root directory input is valid!
Beginning upload of artifact content to blob storage
(node:3040) [DEP0169] DeprecationWarning: `url.parse()` behavior is not standardized and prone to errors that have security implications. Use the WHATWG URL API instead. CVEs are not issued for `url.parse()` vulnerabilities.
Uploaded bytes 729325
Finished uploading artifact content to blob storage!
SHA256 digest of uploaded artifact zip is 981ce27b94946ddb305002a00dd3f9d6232e960908e513361ad14105d4611b89
Finalizing artifact upload
Artifact performance-diagnostics-scan-page-1.zip successfully finalized. Artifact ID 10565787756
Artifact performance-diagnostics-scan-page-1 has been successfully uploaded! Final size is 729325 bytes. Artifact ID is 10565787756
Artifact download URL: https://github.com/idanilovqa/AlbumHaven/actions/runs/35389965541/artifacts/10565787756
Post job cleanup.
[command]"C:\Program Files\Git\bin\git.exe" version
git version 2.55.0.windows.5
Temporarily overriding HOME='D:\a\_temp\f540b65c-9400-4de8-bddd-ebc873785fe7' before making global git config changes
Adding repository directory to the temporary git global config as a safe directory
[command]"C:\Program Files\Git\bin\git.exe" config --global --add safe.directory D:\a\AlbumHaven\AlbumHaven\.trusted-ci
[command]"C:\Program Files\Git\bin\git.exe" config --local --name-only --get-regexp core\.sshCommand
[command]"C:\Program Files\Git\bin\git.exe" submodule foreach --recursive "sh -c \"git config --local --name-only --get-regexp 'core\.sshCommand' && git config --local --unset-all 'core.sshCommand' || :\""
[command]"C:\Program Files\Git\bin\git.exe" config --local --name-only --get-regexp http\.https\:\/\/github\.com\/\.extraheader
[command]"C:\Program Files\Git\bin\git.exe" submodule foreach --recursive "sh -c \"git config --local --name-only --get-regexp 'http\.https\:\/\/github\.com\/\.extraheader' && git config --local --unset-all 'http.https://github.com/.extraheader' || :\""
[command]"C:\Program Files\Git\bin\git.exe" config --local --name-only --get-regexp ^includeIf\.gitdir:
[command]"C:\Program Files\Git\bin\git.exe" submodule foreach --recursive "git config --local --show-origin --name-only --get-regexp remote.origin.url"
Post job cleanup.
[command]"C:\Program Files\Git\bin\git.exe" version
git version 2.55.0.windows.5
Temporarily overriding HOME='D:\a\_temp\80862910-402d-4234-87d2-4bd7c145f871' before making global git config changes
Adding repository directory to the temporary git global config as a safe directory
[command]"C:\Program Files\Git\bin\git.exe" config --global --add safe.directory D:\a\AlbumHaven\AlbumHaven
[command]"C:\Program Files\Git\bin\git.exe" config --local --name-only --get-regexp core\.sshCommand
[command]"C:\Program Files\Git\bin\git.exe" submodule foreach --recursive "sh -c \"git config --local --name-only --get-regexp 'core\.sshCommand' && git config --local --unset-all 'core.sshCommand' || :\""
[command]"C:\Program Files\Git\bin\git.exe" config --local --name-only --get-regexp http\.https\:\/\/github\.com\/\.extraheader
[command]"C:\Program Files\Git\bin\git.exe" submodule foreach --recursive "sh -c \"git config --local --name-only --get-regexp 'http\.https\:\/\/github\.com\/\.extraheader' && git config --local --unset-all 'http.https://github.com/.extraheader' || :\""
[command]"C:\Program Files\Git\bin\git.exe" config --local --name-only --get-regexp ^includeIf\.gitdir:
[command]"C:\Program Files\Git\bin\git.exe" submodule foreach --recursive "git config --local --show-origin --name-only --get-regexp remote.origin.url"
Cleaning up orphan processes
##[warning]Node.js 20 is deprecated. The following actions target Node.js 20 but are being forced to run on Node.js 24: actions/setup-node@v4, actions/setup-python@v5, actions/upload-artifact@v4. For more information see: https://github.blog/changelog/2025-09-19-deprecation-of-node-20-on-github-actions-runners/
