2026-09-18T20:10:42.0094905Z Current runner version: '2.337.0'
##[group]Runner Image Provisioner
Hosted Compute Agent
Version: 20260828.587
Commit: abac92662cab4cc7352de4f9f9d2e2419aad9c29
Build Date: 2026-08-28T16:44:25Z
Worker ID: {24721f09-eb03-4e80-9ee1-eda80683120a}
Azure Region: westus3
##[endgroup]
##[group]Operating System
Microsoft Windows Server 2025
10.0.26100
Datacenter
##[endgroup]
##[group]Runner Image
Image: windows-2025-vs2026
Version: 20260907.229.1
Included Software: https://github.com/actions/runner-images/blob/win25-vs2026/20260907.229/images/windows/Windows2025-VS2026-Readme.md
Image Release: https://github.com/actions/runner-images/releases/tag/win25-vs2026%2F20260907.229
##[endgroup]
##[group]GITHUB_TOKEN Permissions
Contents: read
Metadata: read
##[endgroup]
Secret source: Actions
Cache mode: write
Prepare workflow directory
Prepare all required actions
Getting action download info
Download action repository 'actions/checkout@v5' (SHA:fbc6f3992d24b796d5a048ff273f7fcc4a7b6c09)
Download action repository 'actions/setup-node@v4' (SHA:49933ea5288caeca8642d1e84afbd3f7d6820020)
Download action repository 'actions/setup-python@v5' (SHA:a26af69be951a213d495a4c3e4e4022e16d87065)
Download action repository 'browser-actions/setup-chrome@v2' (SHA:48ad923757ca74d66703209fe939badbdf80f2f4)
Download action repository 'actions/upload-artifact@v4' (SHA:ea165f8d65b6e75b540449e92b4886f43607fa02)
Complete job name: E2E Performance: synthetic-large-library
##[group]Run actions/checkout@v5
with:
  fetch-depth: 0
  persist-credentials: false
  repository: idanilovqa/AlbumHaven
  token: ***
  ssh-strict: true
  ssh-user: git
  clean: true
  sparse-checkout-cone-mode: true
  fetch-tags: false
  show-progress: true
  lfs: false
  submodules: false
  set-safe-directory: true
  allow-unsafe-pr-checkout: false
env:
  ALBUM_HAVEN_EXPECTED_FFMPEG_VERSION: 7.1-essentials_build-www.gyan.dev
##[endgroup]
Syncing repository: idanilovqa/AlbumHaven
##[group]Getting Git version info
Working directory is 'D:\a\AlbumHaven\AlbumHaven'
[command]"C:\Program Files\Git\bin\git.exe" version
git version 2.55.0.windows.5
##[endgroup]
Temporarily overriding HOME='D:\a\_temp\832445f7-73b2-4f69-995d-9bfc5bf5a68b' before making global git config changes
Adding repository directory to the temporary git global config as a safe directory
[command]"C:\Program Files\Git\bin\git.exe" config --global --add safe.directory D:\a\AlbumHaven\AlbumHaven
Deleting the contents of 'D:\a\AlbumHaven\AlbumHaven'
##[group]Initializing the repository
[command]"C:\Program Files\Git\bin\git.exe" init D:\a\AlbumHaven\AlbumHaven
Initialized empty Git repository in D:/a/AlbumHaven/AlbumHaven/.git/
[command]"C:\Program Files\Git\bin\git.exe" remote add origin https://github.com/idanilovqa/AlbumHaven
##[endgroup]
##[group]Disabling automatic garbage collection
[command]"C:\Program Files\Git\bin\git.exe" config --local gc.auto 0
##[endgroup]
##[group]Setting up auth
[command]"C:\Program Files\Git\bin\git.exe" config --local --name-only --get-regexp core\.sshCommand
[command]"C:\Program Files\Git\bin\git.exe" submodule foreach --recursive "sh -c \"git config --local --name-only --get-regexp 'core\.sshCommand' && git config --local --unset-all 'core.sshCommand' || :\""
[command]"C:\Program Files\Git\bin\git.exe" config --local --name-only --get-regexp http\.https\:\/\/github\.com\/\.extraheader
[command]"C:\Program Files\Git\bin\git.exe" submodule foreach --recursive "sh -c \"git config --local --name-only --get-regexp 'http\.https\:\/\/github\.com\/\.extraheader' && git config --local --unset-all 'http.https://github.com/.extraheader' || :\""
[command]"C:\Program Files\Git\bin\git.exe" config --local --name-only --get-regexp ^includeIf\.gitdir:
[command]"C:\Program Files\Git\bin\git.exe" submodule foreach --recursive "git config --local --show-origin --name-only --get-regexp remote.origin.url"
[command]"C:\Program Files\Git\bin\git.exe" config --local http.https://github.com/.extraheader "AUTHORIZATION: basic ***"
##[endgroup]
##[group]Fetching the repository
[command]"C:\Program Files\Git\bin\git.exe" -c protocol.version=2 fetch --prune --no-recurse-submodules origin +refs/heads/*:refs/remotes/origin/* +refs/tags/*:refs/tags/* +9159e1ee4c9793bd6f1b168ed08cd2698f385f71:refs/remotes/pull/3/merge
From https://github.com/idanilovqa/AlbumHaven
 * [new branch]      2026-08-30-phase-7-local-auth            -> origin/2026-08-30-phase-7-local-auth
 * [new branch]      2026-09-05-gallery-refactor              -> origin/2026-09-05-gallery-refactor
 * [new branch]      2026-09-08-settings-refactor             -> origin/2026-09-08-settings-refactor
 * [new branch]      2026-09-17-pr3-rf456-build               -> origin/2026-09-17-pr3-rf456-build
 * [new branch]      2026-09-18-pr3-ci-diagnostics            -> origin/2026-09-18-pr3-ci-diagnostics
 * [new branch]      2026-09-18-pr3-js-batch                  -> origin/2026-09-18-pr3-js-batch
 * [new branch]      2026-09-18-pr3-python-batch              -> origin/2026-09-18-pr3-python-batch
 * [new branch]      codex/pr1-review-base-2026-09-10         -> origin/codex/pr1-review-base-2026-09-10
 * [new branch]      codex/pr1-review-snapshot-2026-09-10     -> origin/codex/pr1-review-snapshot-2026-09-10
 * [new branch]      main                                     -> origin/main
 * [new tag]         v0.9.41                                  -> v0.9.41
 * [new tag]         v0.9.42                                  -> v0.9.42
 * [new tag]         v0.9.43                                  -> v0.9.43
 * [new tag]         v0.9.44                                  -> v0.9.44
 * [new ref]         9159e1ee4c9793bd6f1b168ed08cd2698f385f71 -> pull/3/merge
##[endgroup]
##[group]Determining the checkout info
##[endgroup]
[command]"C:\Program Files\Git\bin\git.exe" sparse-checkout disable
[command]"C:\Program Files\Git\bin\git.exe" config --local --unset-all extensions.worktreeConfig
##[group]Checking out the ref
[command]"C:\Program Files\Git\bin\git.exe" checkout --progress --force refs/remotes/pull/3/merge
Note: switching to 'refs/remotes/pull/3/merge'.

You are in 'detached HEAD' state. You can look around, make experimental
changes and commit them, and you can discard any commits you make in this
state without impacting any branches by switching back to a branch.

If you want to create a new branch to retain commits you create, you may
do so (now or later) by using -c with the switch command. Example:

  git switch -c <new-branch-name>

Or undo this operation with:

  git switch -

Turn off this advice by setting config variable advice.detachedHead to false

HEAD is now at 9159e1e Merge ea256e48e5b72e1617f01c9954beec3b432e7da2 into 38f740a4e984a25c0d501a7a2166d6ccdc09dcf3
##[endgroup]
[command]"C:\Program Files\Git\bin\git.exe" log -1 --format=%H
9159e1ee4c9793bd6f1b168ed08cd2698f385f71
##[group]Removing auth
[command]"C:\Program Files\Git\bin\git.exe" config --local --name-only --get-regexp core\.sshCommand
[command]"C:\Program Files\Git\bin\git.exe" submodule foreach --recursive "sh -c \"git config --local --name-only --get-regexp 'core\.sshCommand' && git config --local --unset-all 'core.sshCommand' || :\""
[command]"C:\Program Files\Git\bin\git.exe" config --local --name-only --get-regexp http\.https\:\/\/github\.com\/\.extraheader
http.https://github.com/.extraheader
[command]"C:\Program Files\Git\bin\git.exe" config --local --unset-all http.https://github.com/.extraheader
[command]"C:\Program Files\Git\bin\git.exe" submodule foreach --recursive "sh -c \"git config --local --name-only --get-regexp 'http\.https\:\/\/github\.com\/\.extraheader' && git config --local --unset-all 'http.https://github.com/.extraheader' || :\""
[command]"C:\Program Files\Git\bin\git.exe" config --local --name-only --get-regexp ^includeIf\.gitdir:
[command]"C:\Program Files\Git\bin\git.exe" submodule foreach --recursive "git config --local --show-origin --name-only --get-regexp remote.origin.url"
##[endgroup]
##[group]Run actions/checkout@v5
with:
  ref: 38f740a4e984a25c0d501a7a2166d6ccdc09dcf3
  path: .trusted-ci
  persist-credentials: false
  repository: idanilovqa/AlbumHaven
  token: ***
  ssh-strict: true
  ssh-user: git
  clean: true
  sparse-checkout-cone-mode: true
  fetch-depth: 1
  fetch-tags: false
  show-progress: true
  lfs: false
  submodules: false
  set-safe-directory: true
  allow-unsafe-pr-checkout: false
env:
  ALBUM_HAVEN_EXPECTED_FFMPEG_VERSION: 7.1-essentials_build-www.gyan.dev
##[endgroup]
Syncing repository: idanilovqa/AlbumHaven
##[group]Getting Git version info
Working directory is 'D:\a\AlbumHaven\AlbumHaven\.trusted-ci'
[command]"C:\Program Files\Git\bin\git.exe" version
git version 2.55.0.windows.5
##[endgroup]
Temporarily overriding HOME='D:\a\_temp\f50d71b4-5e22-4067-a4dc-fddebbba5846' before making global git config changes
Adding repository directory to the temporary git global config as a safe directory
[command]"C:\Program Files\Git\bin\git.exe" config --global --add safe.directory D:\a\AlbumHaven\AlbumHaven\.trusted-ci
##[group]Initializing the repository
[command]"C:\Program Files\Git\bin\git.exe" init D:\a\AlbumHaven\AlbumHaven\.trusted-ci
Initialized empty Git repository in D:/a/AlbumHaven/AlbumHaven/.trusted-ci/.git/
[command]"C:\Program Files\Git\bin\git.exe" remote add origin https://github.com/idanilovqa/AlbumHaven
##[endgroup]
##[group]Disabling automatic garbage collection
[command]"C:\Program Files\Git\bin\git.exe" config --local gc.auto 0
##[endgroup]
##[group]Setting up auth
[command]"C:\Program Files\Git\bin\git.exe" config --local --name-only --get-regexp core\.sshCommand
[command]"C:\Program Files\Git\bin\git.exe" submodule foreach --recursive "sh -c \"git config --local --name-only --get-regexp 'core\.sshCommand' && git config --local --unset-all 'core.sshCommand' || :\""
[command]"C:\Program Files\Git\bin\git.exe" config --local --name-only --get-regexp http\.https\:\/\/github\.com\/\.extraheader
[command]"C:\Program Files\Git\bin\git.exe" submodule foreach --recursive "sh -c \"git config --local --name-only --get-regexp 'http\.https\:\/\/github\.com\/\.extraheader' && git config --local --unset-all 'http.https://github.com/.extraheader' || :\""
[command]"C:\Program Files\Git\bin\git.exe" config --local --name-only --get-regexp ^includeIf\.gitdir:
[command]"C:\Program Files\Git\bin\git.exe" submodule foreach --recursive "git config --local --show-origin --name-only --get-regexp remote.origin.url"
[command]"C:\Program Files\Git\bin\git.exe" config --local http.https://github.com/.extraheader "AUTHORIZATION: basic ***"
##[endgroup]
##[group]Fetching the repository
[command]"C:\Program Files\Git\bin\git.exe" -c protocol.version=2 fetch --no-tags --prune --no-recurse-submodules --depth=1 origin 38f740a4e984a25c0d501a7a2166d6ccdc09dcf3
From https://github.com/idanilovqa/AlbumHaven
 * branch            38f740a4e984a25c0d501a7a2166d6ccdc09dcf3 -> FETCH_HEAD
##[endgroup]
##[group]Determining the checkout info
##[endgroup]
[command]"C:\Program Files\Git\bin\git.exe" sparse-checkout disable
[command]"C:\Program Files\Git\bin\git.exe" config --local --unset-all extensions.worktreeConfig
##[group]Checking out the ref
[command]"C:\Program Files\Git\bin\git.exe" checkout --progress --force 38f740a4e984a25c0d501a7a2166d6ccdc09dcf3
Note: switching to '38f740a4e984a25c0d501a7a2166d6ccdc09dcf3'.

You are in 'detached HEAD' state. You can look around, make experimental
changes and commit them, and you can discard any commits you make in this
state without impacting any branches by switching back to a branch.

If you want to create a new branch to retain commits you create, you may
do so (now or later) by using -c with the switch command. Example:

  git switch -c <new-branch-name>

Or undo this operation with:

  git switch -

Turn off this advice by setting config variable advice.detachedHead to false

HEAD is now at 38f740a Merge pull request #2 from idanilovqa/2026-09-05-gallery-refactor
##[endgroup]
[command]"C:\Program Files\Git\bin\git.exe" log -1 --format=%H
38f740a4e984a25c0d501a7a2166d6ccdc09dcf3
##[group]Removing auth
[command]"C:\Program Files\Git\bin\git.exe" config --local --name-only --get-regexp core\.sshCommand
[command]"C:\Program Files\Git\bin\git.exe" submodule foreach --recursive "sh -c \"git config --local --name-only --get-regexp 'core\.sshCommand' && git config --local --unset-all 'core.sshCommand' || :\""
[command]"C:\Program Files\Git\bin\git.exe" config --local --name-only --get-regexp http\.https\:\/\/github\.com\/\.extraheader
http.https://github.com/.extraheader
[command]"C:\Program Files\Git\bin\git.exe" config --local --unset-all http.https://github.com/.extraheader
[command]"C:\Program Files\Git\bin\git.exe" submodule foreach --recursive "sh -c \"git config --local --name-only --get-regexp 'http\.https\:\/\/github\.com\/\.extraheader' && git config --local --unset-all 'http.https://github.com/.extraheader' || :\""
[command]"C:\Program Files\Git\bin\git.exe" config --local --name-only --get-regexp ^includeIf\.gitdir:
[command]"C:\Program Files\Git\bin\git.exe" submodule foreach --recursive "git config --local --show-origin --name-only --get-regexp remote.origin.url"
##[endgroup]
##[group]Run & ".trusted-ci\scripts\ci\fetch-test-fixtures.ps1" `
& ".trusted-ci\scripts\ci\fetch-test-fixtures.ps1" `
  -Release fixtures-v1.0.23 `
  -Profile synthetic-large-library `
  -ManifestSha256 e3ad2c100a77af2cb25dca2894dbf2c5e8decbc6925acf54c2749f6d3be000c2
shell: C:\Program Files\PowerShell\7\pwsh.EXE -command ". '{0}'"
env:
  ALBUM_HAVEN_EXPECTED_FFMPEG_VERSION: 7.1-essentials_build-www.gyan.dev
  ALBUM_HAVEN_FIXTURES_TOKEN: ***
##[endgroup]
Node 20 is being deprecated. This workflow is running with Node 24 by default. If you need to temporarily use Node 20, you can set the ACTIONS_ALLOW_USE_UNSECURE_NODE_VERSION=true environment variable. For more information see: https://github.blog/changelog/2025-09-19-deprecation-of-node-20-on-github-actions-runners/
##[group]Run actions/setup-node@v4
with:
  node-version: 22
  cache: npm
  always-auth: false
  check-latest: false
  token: ***
env:
  ALBUM_HAVEN_EXPECTED_FFMPEG_VERSION: 7.1-essentials_build-www.gyan.dev
  ALBUM_HAVEN_FIXTURE_RELEASE: fixtures-v1.0.23
  ALBUM_HAVEN_FIXTURE_PROFILE: synthetic-large-library
  ALBUM_HAVEN_FIXTURE_ROOT: D:\a\_temp\album-haven-fixtures-e07fc258e07d4310aceca731f7898470
  ALBUM_HAVEN_MEDIA_ROOT: D:\a\_temp\album-haven-fixtures-e07fc258e07d4310aceca731f7898470\media
##[endgroup]
Found in cache @ C:\hostedtoolcache\windows\node\22.23.2\x64
(node:8020) [DEP0040] DeprecationWarning: The `punycode` module is deprecated. Please use a userland alternative instead.
(Use `node --trace-deprecation ...` to show where the warning was created)
##[group]Environment details
node: v22.23.2
npm: 10.9.8
yarn: 1.22.22
##[endgroup]
[command]C:\Windows\system32\cmd.exe /D /S /C "C:\hostedtoolcache\windows\node\22.23.2\x64\npm.cmd config get cache"
C:\npm\cache
Cache hit for: node-cache-Windows-x64-npm-26253ee3ceab3d8c9b127fb1ff8b52c4c231c2e05275c7ca052f26b453f7dc92
(node:8020) [DEP0169] DeprecationWarning: `url.parse()` behavior is not standardized and prone to errors that have security implications. Use the WHATWG URL API instead. CVEs are not issued for `url.parse()` vulnerabilities.
Received 3822098 of 3822098 (100.0%), 7.7 MBs/sec
Cache Size: ~4 MB (3822098 B)
[command]"C:\Program Files\Git\usr\bin\tar.exe" -xf D:/a/_temp/fe5644be-c108-4163-9bb7-0dc1718c20e8/cache.tzst -P -C D:/a/AlbumHaven/AlbumHaven --force-local --use-compress-program "zstd -d"
Cache restored successfully
Cache restored from key: node-cache-Windows-x64-npm-26253ee3ceab3d8c9b127fb1ff8b52c4c231c2e05275c7ca052f26b453f7dc92
##[group]Run node scripts/ci/resolve-ci-shard.cjs performance synthetic-large-library
node scripts/ci/resolve-ci-shard.cjs performance synthetic-large-library
shell: C:\Program Files\PowerShell\7\pwsh.EXE -command ". '{0}'"
env:
  ALBUM_HAVEN_EXPECTED_FFMPEG_VERSION: 7.1-essentials_build-www.gyan.dev
  ALBUM_HAVEN_FIXTURE_RELEASE: fixtures-v1.0.23
  ALBUM_HAVEN_FIXTURE_PROFILE: synthetic-large-library
  ALBUM_HAVEN_FIXTURE_ROOT: D:\a\_temp\album-haven-fixtures-e07fc258e07d4310aceca731f7898470
  ALBUM_HAVEN_MEDIA_ROOT: D:\a\_temp\album-haven-fixtures-e07fc258e07d4310aceca731f7898470\media
  FOCUSED_PERFORMANCE_TARGETS_JSON: []
  FOCUSED_STAGE: full
##[endgroup]
##[group]Run foreach ($target in "idle-memory,all-artists,artist-family,search-all-artists,utility-rules,selected-artist,search-browse,root-album-browse,app-open-all-artists,rules-focused".Split(',')) {
foreach ($target in "idle-memory,all-artists,artist-family,search-all-artists,utility-rules,selected-artist,search-browse,root-album-browse,app-open-all-artists,rules-focused".Split(',')) {
  $targetRoot = Join-Path "test-results\playwright-performance-targets" $target
  New-Item -ItemType Directory -Path $targetRoot -Force | Out-Null
  @{
    target = $target
    shard = "synthetic-large-library"
    fixtureProfile = "synthetic-large-library"
    fixtureMode = "preloaded-release"
    blocking = $false
    runAttempt = "1"
    conclusion = "initialized"
  } | ConvertTo-Json | Set-Content -LiteralPath (Join-Path $targetRoot "ci-job.json") -Encoding utf8
}
shell: C:\Program Files\PowerShell\7\pwsh.EXE -command ". '{0}'"
env:
  ALBUM_HAVEN_EXPECTED_FFMPEG_VERSION: 7.1-essentials_build-www.gyan.dev
  ALBUM_HAVEN_FIXTURE_RELEASE: fixtures-v1.0.23
  ALBUM_HAVEN_FIXTURE_PROFILE: synthetic-large-library
  ALBUM_HAVEN_FIXTURE_ROOT: D:\a\_temp\album-haven-fixtures-e07fc258e07d4310aceca731f7898470
  ALBUM_HAVEN_MEDIA_ROOT: D:\a\_temp\album-haven-fixtures-e07fc258e07d4310aceca731f7898470\media
##[endgroup]
Node 20 is being deprecated. This workflow is running with Node 24 by default. If you need to temporarily use Node 20, you can set the ACTIONS_ALLOW_USE_UNSECURE_NODE_VERSION=true environment variable. For more information see: https://github.blog/changelog/2025-09-19-deprecation-of-node-20-on-github-actions-runners/
##[group]Run actions/setup-python@v5
with:
  python-version: 3.11
  cache: pip
  cache-dependency-path: requirements.txt
  check-latest: false
  token: ***
  update-environment: true
  allow-prereleases: false
  freethreaded: false
env:
  ALBUM_HAVEN_EXPECTED_FFMPEG_VERSION: 7.1-essentials_build-www.gyan.dev
  ALBUM_HAVEN_FIXTURE_RELEASE: fixtures-v1.0.23
  ALBUM_HAVEN_FIXTURE_PROFILE: synthetic-large-library
  ALBUM_HAVEN_FIXTURE_ROOT: D:\a\_temp\album-haven-fixtures-e07fc258e07d4310aceca731f7898470
  ALBUM_HAVEN_MEDIA_ROOT: D:\a\_temp\album-haven-fixtures-e07fc258e07d4310aceca731f7898470\media
##[endgroup]
##[group]Installed versions
(node:3952) [DEP0040] DeprecationWarning: The `punycode` module is deprecated. Please use a userland alternative instead.
(Use `node --trace-deprecation ...` to show where the warning was created)
Successfully set up CPython (3.11.9)
##[endgroup]
Cache hit for: setup-python-Windows-x64-python-3.11.9-pip-0c6be4352e523693f41bb557265b0d204a2348bd0887365f0c4493752562bd14
(node:3952) [DEP0169] DeprecationWarning: `url.parse()` behavior is not standardized and prone to errors that have security implications. Use the WHATWG URL API instead. CVEs are not issued for `url.parse()` vulnerabilities.
Received 58149912 of 58149912 (100.0%), 57.3 MBs/sec
Cache Size: ~55 MB (58149912 B)
[command]"C:\Program Files\Git\usr\bin\tar.exe" -xf D:/a/_temp/2bbe4cf5-4d4f-49fc-9681-cc78b573fe01/cache.tzst -P -C D:/a/AlbumHaven/AlbumHaven --force-local --use-compress-program "zstd -d"
Cache restored successfully
Cache restored from key: setup-python-Windows-x64-python-3.11.9-pip-0c6be4352e523693f41bb557265b0d204a2348bd0887365f0c4493752562bd14
##[group]Run npm ci
npm ci
shell: C:\Program Files\PowerShell\7\pwsh.EXE -command ". '{0}'"
env:
  ALBUM_HAVEN_EXPECTED_FFMPEG_VERSION: 7.1-essentials_build-www.gyan.dev
  ALBUM_HAVEN_FIXTURE_RELEASE: fixtures-v1.0.23
  ALBUM_HAVEN_FIXTURE_PROFILE: synthetic-large-library
  ALBUM_HAVEN_FIXTURE_ROOT: D:\a\_temp\album-haven-fixtures-e07fc258e07d4310aceca731f7898470
  ALBUM_HAVEN_MEDIA_ROOT: D:\a\_temp\album-haven-fixtures-e07fc258e07d4310aceca731f7898470\media
  pythonLocation: C:\hostedtoolcache\windows\Python\3.11.9\x64
  PKG_CONFIG_PATH: C:\hostedtoolcache\windows\Python\3.11.9\x64/lib/pkgconfig
  Python_ROOT_DIR: C:\hostedtoolcache\windows\Python\3.11.9\x64
  Python2_ROOT_DIR: C:\hostedtoolcache\windows\Python\3.11.9\x64
  Python3_ROOT_DIR: C:\hostedtoolcache\windows\Python\3.11.9\x64
##[endgroup]

added 3 packages, and audited 4 packages in 3s

found 0 vulnerabilities
##[group]Run python -m pip install --upgrade pip
python -m pip install --upgrade pip
python -m pip install -r requirements.txt
shell: C:\Program Files\PowerShell\7\pwsh.EXE -command ". '{0}'"
env:
  ALBUM_HAVEN_EXPECTED_FFMPEG_VERSION: 7.1-essentials_build-www.gyan.dev
  ALBUM_HAVEN_FIXTURE_RELEASE: fixtures-v1.0.23
  ALBUM_HAVEN_FIXTURE_PROFILE: synthetic-large-library
  ALBUM_HAVEN_FIXTURE_ROOT: D:\a\_temp\album-haven-fixtures-e07fc258e07d4310aceca731f7898470
  ALBUM_HAVEN_MEDIA_ROOT: D:\a\_temp\album-haven-fixtures-e07fc258e07d4310aceca731f7898470\media
  pythonLocation: C:\hostedtoolcache\windows\Python\3.11.9\x64
  PKG_CONFIG_PATH: C:\hostedtoolcache\windows\Python\3.11.9\x64/lib/pkgconfig
  Python_ROOT_DIR: C:\hostedtoolcache\windows\Python\3.11.9\x64
  Python2_ROOT_DIR: C:\hostedtoolcache\windows\Python\3.11.9\x64
  Python3_ROOT_DIR: C:\hostedtoolcache\windows\Python\3.11.9\x64
##[endgroup]
Requirement already satisfied: pip in C:\hostedtoolcache\windows\Python\3.11.9\x64\Lib\site-packages (26.2.1)
Collecting jinja2 (from -r requirements.txt (line 1))
  Using cached jinja2-3.1.6-py3-none-any.whl.metadata (2.9 kB)
Collecting markupsafe (from -r requirements.txt (line 2))
  Using cached markupsafe-3.0.3-cp311-cp311-win_amd64.whl.metadata (2.8 kB)
Collecting fastapi==0.115.6 (from -r requirements.txt (line 3))
  Using cached fastapi-0.115.6-py3-none-any.whl.metadata (27 kB)
Collecting uvicorn (from -r requirements.txt (line 4))
  Using cached uvicorn-0.53.0-py3-none-any.whl.metadata (6.6 kB)
Collecting websockets (from -r requirements.txt (line 5))
  Using cached websockets-17.1-cp311-cp311-win_amd64.whl.metadata (6.5 kB)
Collecting mutagen (from -r requirements.txt (line 6))
  Using cached mutagen-1.48.1-py3-none-any.whl.metadata (1.8 kB)
Collecting pillow (from -r requirements.txt (line 7))
  Using cached pillow-12.3.0-cp311-cp311-win_amd64.whl.metadata (9.3 kB)
Collecting imageio-ffmpeg==0.6.0 (from -r requirements.txt (line 8))
  Using cached imageio_ffmpeg-0.6.0-py3-none-win_amd64.whl.metadata (1.5 kB)
Collecting ytmusicapi (from -r requirements.txt (line 9))
  Using cached ytmusicapi-1.12.3-py3-none-any.whl.metadata (4.3 kB)
Collecting pytest (from -r requirements.txt (line 10))
  Using cached pytest-9.1.1-py3-none-any.whl.metadata (7.6 kB)
Collecting zstandard (from -r requirements.txt (line 12))
  Using cached zstandard-0.25.0-cp311-cp311-win_amd64.whl.metadata (3.3 kB)
Collecting argon2-cffi (from -r requirements.txt (line 13))
  Using cached argon2_cffi-25.1.0-py3-none-any.whl.metadata (4.1 kB)
Collecting aiosmtplib (from -r requirements.txt (line 14))
  Using cached aiosmtplib-5.1.3-py3-none-any.whl.metadata (3.6 kB)
Collecting cryptography>=42 (from -r requirements.txt (line 15))
  Using cached cryptography-50.0.1-cp311-abi3-win_amd64.whl.metadata (4.3 kB)
Collecting watchdog<7,>=4.0 (from -r requirements.txt (line 16))
  Using cached watchdog-6.0.0-py3-none-win_amd64.whl.metadata (44 kB)
Collecting psycopg[binary] (from -r requirements.txt (line 11))
  Downloading psycopg-3.3.6-py3-none-any.whl.metadata (4.4 kB)
Collecting starlette<0.42.0,>=0.40.0 (from fastapi==0.115.6->-r requirements.txt (line 3))
  Using cached starlette-0.41.3-py3-none-any.whl.metadata (6.0 kB)
Collecting pydantic!=1.8,!=1.8.1,!=2.0.0,!=2.0.1,!=2.1.0,<3.0.0,>=1.7.4 (from fastapi==0.115.6->-r requirements.txt (line 3))
  Using cached pydantic-2.13.5-py3-none-any.whl.metadata (110 kB)
Collecting typing-extensions>=4.8.0 (from fastapi==0.115.6->-r requirements.txt (line 3))
  Using cached typing_extensions-4.16.0-py3-none-any.whl.metadata (3.3 kB)
Collecting annotated-types>=0.6.0 (from pydantic!=1.8,!=1.8.1,!=2.0.0,!=2.0.1,!=2.1.0,<3.0.0,>=1.7.4->fastapi==0.115.6->-r requirements.txt (line 3))
  Using cached annotated_types-0.8.0-py3-none-any.whl.metadata (15 kB)
Collecting pydantic-core==2.46.5 (from pydantic!=1.8,!=1.8.1,!=2.0.0,!=2.0.1,!=2.1.0,<3.0.0,>=1.7.4->fastapi==0.115.6->-r requirements.txt (line 3))
  Using cached pydantic_core-2.46.5-cp311-cp311-win_amd64.whl.metadata (6.7 kB)
Collecting typing-inspection>=0.4.2 (from pydantic!=1.8,!=1.8.1,!=2.0.0,!=2.0.1,!=2.1.0,<3.0.0,>=1.7.4->fastapi==0.115.6->-r requirements.txt (line 3))
  Using cached typing_inspection-0.4.4-py3-none-any.whl.metadata (2.6 kB)
Collecting anyio<5,>=3.4.0 (from starlette<0.42.0,>=0.40.0->fastapi==0.115.6->-r requirements.txt (line 3))
  Using cached anyio-4.15.1-py3-none-any.whl.metadata (4.7 kB)
Collecting idna>=2.8 (from anyio<5,>=3.4.0->starlette<0.42.0,>=0.40.0->fastapi==0.115.6->-r requirements.txt (line 3))
  Using cached idna-3.20-py3-none-any.whl.metadata (7.2 kB)
Collecting click>=7.0 (from uvicorn->-r requirements.txt (line 4))
  Using cached click-8.5.0-py3-none-any.whl.metadata (2.6 kB)
Collecting h11>=0.8 (from uvicorn->-r requirements.txt (line 4))
  Using cached h11-0.16.0-py3-none-any.whl.metadata (8.3 kB)
Collecting requests>=2.22 (from ytmusicapi->-r requirements.txt (line 9))
  Using cached requests-2.34.2-py3-none-any.whl.metadata (4.8 kB)
Collecting colorama>=0.4 (from pytest->-r requirements.txt (line 10))
  Using cached colorama-0.4.6-py2.py3-none-any.whl.metadata (17 kB)
Collecting iniconfig>=1.0.1 (from pytest->-r requirements.txt (line 10))
  Using cached iniconfig-2.3.0-py3-none-any.whl.metadata (2.5 kB)
Collecting packaging>=22 (from pytest->-r requirements.txt (line 10))
  Using cached packaging-26.3-py3-none-any.whl.metadata (3.5 kB)
Collecting pluggy<2,>=1.5 (from pytest->-r requirements.txt (line 10))
  Using cached pluggy-1.6.0-py3-none-any.whl.metadata (4.8 kB)
Collecting pygments>=2.7.2 (from pytest->-r requirements.txt (line 10))
  Using cached pygments-2.21.0-py3-none-any.whl.metadata (2.5 kB)
Collecting tzdata (from psycopg[binary]->-r requirements.txt (line 11))
  Using cached tzdata-2026.4-py2.py3-none-any.whl.metadata (1.4 kB)
Collecting psycopg-binary==3.3.6 (from psycopg[binary]->-r requirements.txt (line 11))
  Downloading psycopg_binary-3.3.6-cp311-cp311-win_amd64.whl.metadata (2.8 kB)
Collecting argon2-cffi-bindings (from argon2-cffi->-r requirements.txt (line 13))
  Using cached argon2_cffi_bindings-26.1.0-cp310-abi3-win_amd64.whl.metadata (7.5 kB)
Collecting cffi>=2.0.0 (from cryptography>=42->-r requirements.txt (line 15))
  Using cached cffi-2.1.1-cp311-cp311-win_amd64.whl.metadata (2.6 kB)
Collecting pycparser (from cffi>=2.0.0->cryptography>=42->-r requirements.txt (line 15))
  Using cached pycparser-3.0-py3-none-any.whl.metadata (8.2 kB)
Collecting charset_normalizer<4,>=2 (from requests>=2.22->ytmusicapi->-r requirements.txt (line 9))
  Using cached charset_normalizer-3.5.1-cp311-cp311-win_amd64.whl.metadata (46 kB)
Collecting urllib3<3,>=1.26 (from requests>=2.22->ytmusicapi->-r requirements.txt (line 9))
  Using cached urllib3-2.8.0-py3-none-any.whl.metadata (7.4 kB)
Collecting certifi>=2023.5.7 (from requests>=2.22->ytmusicapi->-r requirements.txt (line 9))
  Using cached certifi-2026.7.22-py3-none-any.whl.metadata (2.5 kB)
Using cached fastapi-0.115.6-py3-none-any.whl (94 kB)
Using cached imageio_ffmpeg-0.6.0-py3-none-win_amd64.whl (31.2 MB)
Using cached watchdog-6.0.0-py3-none-win_amd64.whl (79 kB)
Using cached pydantic-2.13.5-py3-none-any.whl (472 kB)
Using cached pydantic_core-2.46.5-cp311-cp311-win_amd64.whl (2.0 MB)
Using cached starlette-0.41.3-py3-none-any.whl (73 kB)
Using cached anyio-4.15.1-py3-none-any.whl (132 kB)
Using cached jinja2-3.1.6-py3-none-any.whl (134 kB)
Using cached markupsafe-3.0.3-cp311-cp311-win_amd64.whl (15 kB)
Using cached uvicorn-0.53.0-py3-none-any.whl (87 kB)
Using cached websockets-17.1-cp311-cp311-win_amd64.whl (217 kB)
Using cached mutagen-1.48.1-py3-none-any.whl (195 kB)
Using cached pillow-12.3.0-cp311-cp311-win_amd64.whl (7.2 MB)
Using cached ytmusicapi-1.12.3-py3-none-any.whl (111 kB)
Using cached pytest-9.1.1-py3-none-any.whl (386 kB)
Using cached pluggy-1.6.0-py3-none-any.whl (20 kB)
Downloading psycopg-3.3.6-py3-none-any.whl (215 kB)
Downloading psycopg_binary-3.3.6-cp311-cp311-win_amd64.whl (3.7 MB)
   ---------------------------------------- 3.7/3.7 MB 13.7 MB/s  0:00:00
Using cached zstandard-0.25.0-cp311-cp311-win_amd64.whl (506 kB)
Using cached argon2_cffi-25.1.0-py3-none-any.whl (14 kB)
Using cached aiosmtplib-5.1.3-py3-none-any.whl (30 kB)
Using cached cryptography-50.0.1-cp311-abi3-win_amd64.whl (3.8 MB)
Using cached annotated_types-0.8.0-py3-none-any.whl (13 kB)
Using cached cffi-2.1.1-cp311-cp311-win_amd64.whl (185 kB)
Using cached click-8.5.0-py3-none-any.whl (125 kB)
Using cached colorama-0.4.6-py2.py3-none-any.whl (25 kB)
Using cached h11-0.16.0-py3-none-any.whl (37 kB)
Using cached idna-3.20-py3-none-any.whl (69 kB)
Using cached iniconfig-2.3.0-py3-none-any.whl (7.5 kB)
Using cached packaging-26.3-py3-none-any.whl (129 kB)
Using cached pygments-2.21.0-py3-none-any.whl (1.3 MB)
Using cached requests-2.34.2-py3-none-any.whl (73 kB)
Using cached charset_normalizer-3.5.1-cp311-cp311-win_amd64.whl (206 kB)
Using cached urllib3-2.8.0-py3-none-any.whl (135 kB)
Using cached certifi-2026.7.22-py3-none-any.whl (136 kB)
Using cached typing_extensions-4.16.0-py3-none-any.whl (45 kB)
Using cached typing_inspection-0.4.4-py3-none-any.whl (14 kB)
Using cached argon2_cffi_bindings-26.1.0-cp310-abi3-win_amd64.whl (25 kB)
Using cached pycparser-3.0-py3-none-any.whl (48 kB)
Using cached tzdata-2026.4-py2.py3-none-any.whl (347 kB)
Installing collected packages: zstandard, websockets, watchdog, urllib3, tzdata, typing-extensions, pygments, pycparser, psycopg-binary, pluggy, pillow, packaging, mutagen, markupsafe, iniconfig, imageio-ffmpeg, idna, h11, colorama, click, charset_normalizer, certifi, annotated-types, aiosmtplib, uvicorn, typing-inspection, requests, pytest, pydantic-core, psycopg, jinja2, cffi, anyio, ytmusicapi, starlette, pydantic, cryptography, argon2-cffi-bindings, fastapi, argon2-cffi

Successfully installed aiosmtplib-5.1.3 annotated-types-0.8.0 anyio-4.15.1 argon2-cffi-25.1.0 argon2-cffi-bindings-26.1.0 certifi-2026.7.22 cffi-2.1.1 charset_normalizer-3.5.1 click-8.5.0 colorama-0.4.6 cryptography-50.0.1 fastapi-0.115.6 h11-0.16.0 idna-3.20 imageio-ffmpeg-0.6.0 iniconfig-2.3.0 jinja2-3.1.6 markupsafe-3.0.3 mutagen-1.48.1 packaging-26.3 pillow-12.3.0 pluggy-1.6.0 psycopg-3.3.6 psycopg-binary-3.3.6 pycparser-3.0 pydantic-2.13.5 pydantic-core-2.46.5 pygments-2.21.0 pytest-9.1.1 requests-2.34.2 starlette-0.41.3 typing-extensions-4.16.0 typing-inspection-0.4.4 tzdata-2026.4 urllib3-2.8.0 uvicorn-0.53.0 watchdog-6.0.0 websockets-17.1 ytmusicapi-1.12.3 zstandard-0.25.0
##[group]Run browser-actions/setup-chrome@v2
with:
  chrome-version: 151.0.7922.138
  install-dependencies: false
  install-chromedriver: false
  no-sudo: false
env:
  ALBUM_HAVEN_EXPECTED_FFMPEG_VERSION: 7.1-essentials_build-www.gyan.dev
  ALBUM_HAVEN_FIXTURE_RELEASE: fixtures-v1.0.23
  ALBUM_HAVEN_FIXTURE_PROFILE: synthetic-large-library
  ALBUM_HAVEN_FIXTURE_ROOT: D:\a\_temp\album-haven-fixtures-e07fc258e07d4310aceca731f7898470
  ALBUM_HAVEN_MEDIA_ROOT: D:\a\_temp\album-haven-fixtures-e07fc258e07d4310aceca731f7898470\media
  pythonLocation: C:\hostedtoolcache\windows\Python\3.11.9\x64
  PKG_CONFIG_PATH: C:\hostedtoolcache\windows\Python\3.11.9\x64/lib/pkgconfig
  Python_ROOT_DIR: C:\hostedtoolcache\windows\Python\3.11.9\x64
  Python2_ROOT_DIR: C:\hostedtoolcache\windows\Python\3.11.9\x64
  Python3_ROOT_DIR: C:\hostedtoolcache\windows\Python\3.11.9\x64
##[endgroup]
Setup chrome 151.0.7922.138
Attempting to download chrome 151.0.7922.138...
Acquiring chrome 151.0.7922.138 from https://storage.googleapis.com/chrome-for-testing-public/151.0.7922.138/win64/chrome-win64.zip
Installing chrome...
[command]"C:\Program Files\PowerShell\7\pwsh.exe" -NoLogo -NoProfile -NonInteractive -ExecutionPolicy Unrestricted -Command "$ErrorActionPreference = 'Stop' ; try { Add-Type -AssemblyName System.IO.Compression.ZipFile } catch { } ; try { [System.IO.Compression.ZipFile]::ExtractToDirectory('D:\a\_temp\090a118f-7f0c-409d-abe0-992e98e340ab', 'D:\a\_temp\bd346e39-4f02-4c22-9408-9331d0964ff1', $true) } catch { if (($_.Exception.GetType().FullName -eq 'System.Management.Automation.MethodException') -or ($_.Exception.GetType().FullName -eq 'System.Management.Automation.RuntimeException') ){ Expand-Archive -LiteralPath 'D:\a\_temp\090a118f-7f0c-409d-abe0-992e98e340ab' -DestinationPath 'D:\a\_temp\bd346e39-4f02-4c22-9408-9331d0964ff1' -Force } else { throw $_ } } ;"
Successfully Installed chrome to C:\hostedtoolcache\windows\setup-chrome\chrome\151.0.7922.138\x64
[command]C:\Windows\System32\WindowsPowerShell\v1.0\powershell.exe -Command "(Get-Item (Get-Command 'C:\hostedtoolcache\windows\setup-chrome\chrome\151.0.7922.138\x64\chrome.exe').Source).VersionInfo.ProductVersion"
151.0.7922.138
Successfully setup chrome 151.0.7922.138
##[group]Run node scripts/ci/validate-performance-matrix.cjs --list
node scripts/ci/validate-performance-matrix.cjs --list
shell: C:\Program Files\PowerShell\7\pwsh.EXE -command ". '{0}'"
env:
  ALBUM_HAVEN_EXPECTED_FFMPEG_VERSION: 7.1-essentials_build-www.gyan.dev
  ALBUM_HAVEN_FIXTURE_RELEASE: fixtures-v1.0.23
  ALBUM_HAVEN_FIXTURE_PROFILE: synthetic-large-library
  ALBUM_HAVEN_FIXTURE_ROOT: D:\a\_temp\album-haven-fixtures-e07fc258e07d4310aceca731f7898470
  ALBUM_HAVEN_MEDIA_ROOT: D:\a\_temp\album-haven-fixtures-e07fc258e07d4310aceca731f7898470\media
  pythonLocation: C:\hostedtoolcache\windows\Python\3.11.9\x64
  PKG_CONFIG_PATH: C:\hostedtoolcache\windows\Python\3.11.9\x64/lib/pkgconfig
  Python_ROOT_DIR: C:\hostedtoolcache\windows\Python\3.11.9\x64
  Python2_ROOT_DIR: C:\hostedtoolcache\windows\Python\3.11.9\x64
  Python3_ROOT_DIR: C:\hostedtoolcache\windows\Python\3.11.9\x64
##[endgroup]
performance matrix: 4 profile runners, 19 targets, 26 cases
##[group]Run $env:PGPASSWORD = $null
$env:PGPASSWORD = $null
$env:PLAYWRIGHT_PYTHON = Join-Path $env:pythonLocation "python.exe"
.\scripts\ci\run-performance-shard.ps1 `
  -Targets "idle-memory,all-artists,artist-family,search-all-artists,utility-rules,selected-artist,search-browse,root-album-browse,app-open-all-artists,rules-focused" `
  -FixtureProfile "synthetic-large-library" `
  -FixtureMode "preloaded-release" `
  -BasePort "4173" `
  -DatabaseSuffixBase "p_35389965541_1_0" `
  -ShardName "synthetic-large-library" `
  -Browser chrome `
  -PerformanceContract ci
shell: C:\Program Files\PowerShell\7\pwsh.EXE -command ". '{0}'"
env:
  ALBUM_HAVEN_EXPECTED_FFMPEG_VERSION: 7.1-essentials_build-www.gyan.dev
  ALBUM_HAVEN_FIXTURE_RELEASE: fixtures-v1.0.23
  ALBUM_HAVEN_FIXTURE_PROFILE: synthetic-large-library
  ALBUM_HAVEN_FIXTURE_ROOT: D:\a\_temp\album-haven-fixtures-e07fc258e07d4310aceca731f7898470
  ALBUM_HAVEN_MEDIA_ROOT: D:\a\_temp\album-haven-fixtures-e07fc258e07d4310aceca731f7898470\media
  pythonLocation: C:\hostedtoolcache\windows\Python\3.11.9\x64
  PKG_CONFIG_PATH: C:\hostedtoolcache\windows\Python\3.11.9\x64/lib/pkgconfig
  Python_ROOT_DIR: C:\hostedtoolcache\windows\Python\3.11.9\x64
  Python2_ROOT_DIR: C:\hostedtoolcache\windows\Python\3.11.9\x64
  Python3_ROOT_DIR: C:\hostedtoolcache\windows\Python\3.11.9\x64
  PLAYWRIGHT_CHROME_EXECUTABLE: C:\hostedtoolcache\windows\setup-chrome\chrome\151.0.7922.138\x64\chrome.exe
##[endgroup]
WARNING: Waiting for service 'postgresql-x64-17 - PostgreSQL Server 17 (postgresql-x64-17)' to start...
BEGIN
DO
CREATE ROLE
CREATE ROLE
CREATE ROLE
COMMIT
CREATE DATABASE
REVOKE
GRANT
GRANT
CREATE SCHEMA
CREATE SCHEMA
CREATE SCHEMA
CREATE SCHEMA
CREATE TABLE
CREATE TABLE
CREATE TABLE
CREATE INDEX
CREATE INDEX
CREATE TABLE
CREATE INDEX
CREATE INDEX
CREATE TABLE
CREATE INDEX
CREATE INDEX
CREATE TABLE
CREATE INDEX
CREATE INDEX
CREATE TABLE
CREATE INDEX
CREATE INDEX
CREATE INDEX
CREATE TABLE
CREATE INDEX
CREATE INDEX
CREATE TABLE
CREATE INDEX
CREATE INDEX
CREATE TABLE
CREATE INDEX
CREATE TABLE
CREATE INDEX
CREATE INDEX
CREATE TABLE
CREATE INDEX
CREATE INDEX
CREATE INDEX
CREATE INDEX
CREATE TABLE
CREATE INDEX
CREATE INDEX
CREATE INDEX
CREATE INDEX
CREATE INDEX
CREATE TABLE
CREATE INDEX
CREATE INDEX
CREATE INDEX
CREATE INDEX
CREATE INDEX
CREATE TABLE
CREATE INDEX
CREATE INDEX
CREATE INDEX
CREATE INDEX
CREATE INDEX
CREATE INDEX
CREATE TABLE
CREATE INDEX
CREATE INDEX
CREATE INDEX
CREATE TABLE
CREATE INDEX
CREATE INDEX
CREATE TABLE
CREATE INDEX
CREATE INDEX
CREATE TABLE
CREATE INDEX
CREATE INDEX
CREATE TABLE
CREATE INDEX
CREATE INDEX
CREATE TABLE
CREATE INDEX
CREATE INDEX
CREATE TABLE
CREATE INDEX
CREATE INDEX
CREATE INDEX
CREATE TABLE
CREATE INDEX
CREATE INDEX
CREATE INDEX
CREATE INDEX
CREATE TABLE
CREATE INDEX
CREATE INDEX
CREATE INDEX
CREATE INDEX
CREATE INDEX
CREATE TABLE
CREATE INDEX
CREATE TABLE
CREATE INDEX
CREATE TABLE
CREATE INDEX
CREATE INDEX
CREATE INDEX
CREATE INDEX
CREATE TABLE
CREATE INDEX
CREATE INDEX
CREATE TABLE
CREATE INDEX
CREATE INDEX
CREATE INDEX
CREATE INDEX
CREATE TABLE
CREATE INDEX
CREATE INDEX
CREATE INDEX
CREATE INDEX
CREATE TABLE
CREATE INDEX
CREATE INDEX
CREATE INDEX
CREATE TABLE
CREATE INDEX
CREATE TABLE
CREATE INDEX
CREATE INDEX
DO
DO
DO
DO
INSERT 0 1
CREATE TABLE
CREATE INDEX
CREATE INDEX
CREATE INDEX
CREATE INDEX
CREATE INDEX
CREATE INDEX
CREATE INDEX
DO
DO
DO
INSERT 0 1
ALTER TABLE
ALTER TABLE
ALTER TABLE
ALTER TABLE
CREATE INDEX
CREATE INDEX
CREATE INDEX
CREATE INDEX
CREATE INDEX
CREATE INDEX
CREATE INDEX
CREATE INDEX
INSERT 0 1
CREATE INDEX
CREATE INDEX
CREATE INDEX
INSERT 0 1
CREATE TABLE
INSERT 0 6
CREATE TABLE
CREATE INDEX
CREATE INDEX
CREATE TABLE
CREATE INDEX
CREATE INDEX
CREATE INDEX
DO
DO
INSERT 0 1
UPDATE 0
psql:D:/a/AlbumHaven/AlbumHaven/migrations/postgres/0006_scope_lastfm_sync_identities.sql:26: NOTICE:  index "lastfm_sessions_account_username_idx" does not exist, skipping
DROP INDEX
CREATE INDEX
psql:D:/a/AlbumHaven/AlbumHaven/migrations/postgres/0006_scope_lastfm_sync_identities.sql:31: NOTICE:  index "pending_scrobbles_source_identity_idx" does not exist, skipping
DROP INDEX
psql:D:/a/AlbumHaven/AlbumHaven/migrations/postgres/0006_scope_lastfm_sync_identities.sql:43: NOTICE:  relation "pending_scrobbles_source_identity_idx" already exists, skipping
CREATE INDEX
psql:D:/a/AlbumHaven/AlbumHaven/migrations/postgres/0006_scope_lastfm_sync_identities.sql:45: NOTICE:  index "scrobble_retry_state_source_identity_idx" does not exist, skipping
DROP INDEX
psql:D:/a/AlbumHaven/AlbumHaven/migrations/postgres/0006_scope_lastfm_sync_identities.sql:59: NOTICE:  relation "scrobble_retry_state_source_identity_idx" already exists, skipping
CREATE INDEX
INSERT 0 1
DROP INDEX
CREATE INDEX
INSERT 0 1
DROP INDEX
CREATE INDEX
INSERT 0 1
CREATE TABLE
CREATE INDEX
CREATE INDEX
DO
INSERT 0 1
CREATE TABLE
CREATE INDEX
CREATE INDEX
CREATE INDEX
CREATE TABLE
CREATE INDEX
CREATE INDEX
CREATE INDEX
DO
INSERT 0 1
CREATE TABLE
CREATE INDEX
CREATE INDEX
CREATE INDEX
DO
INSERT 0 1
CREATE TABLE
CREATE INDEX
CREATE INDEX
CREATE INDEX
DO
INSERT 0 1
CREATE TABLE
CREATE INDEX
CREATE INDEX
CREATE INDEX
DO
INSERT 0 1
UPDATE 0
INSERT 0 1
CREATE TABLE
CREATE INDEX
CREATE INDEX
CREATE INDEX
CREATE INDEX
CREATE INDEX
CREATE INDEX
DO
INSERT 0 1
DO
INSERT 0 1
CREATE TABLE
CREATE INDEX
INSERT 0 1
GRANT
INSERT 0 1
DROP INDEX
CREATE INDEX
UPDATE 0
INSERT 0 1
psql:D:/a/AlbumHaven/AlbumHaven/migrations/postgres/0019_create_local_album_featured_artists.sql:13: NOTICE:  relation "local_album_featured_artists" already exists, skipping
CREATE TABLE
psql:D:/a/AlbumHaven/AlbumHaven/migrations/postgres/0019_create_local_album_featured_artists.sql:16: NOTICE:  relation "local_album_featured_artists_library_id_idx" already exists, skipping
CREATE INDEX
psql:D:/a/AlbumHaven/AlbumHaven/migrations/postgres/0019_create_local_album_featured_artists.sql:19: NOTICE:  relation "local_album_featured_artists_album_id_idx" already exists, skipping
CREATE INDEX
psql:D:/a/AlbumHaven/AlbumHaven/migrations/postgres/0019_create_local_album_featured_artists.sql:22: NOTICE:  relation "local_album_featured_artists_artist_id_idx" already exists, skipping
CREATE INDEX
psql:D:/a/AlbumHaven/AlbumHaven/migrations/postgres/0019_create_local_album_featured_artists.sql:25: NOTICE:  relation "local_album_featured_artists_library_artist_idx" already exists, skipping
CREATE INDEX
psql:D:/a/AlbumHaven/AlbumHaven/migrations/postgres/0019_create_local_album_featured_artists.sql:28: NOTICE:  relation "local_album_featured_artists_identity_idx" already exists, skipping
CREATE INDEX
DO
INSERT 0 1
DO
INSERT 0 1
psql:D:/a/AlbumHaven/AlbumHaven/migrations/postgres/0021_add_problematic_file_generated_projection.sql:1: NOTICE:  index "local_track_files_active_track_projection_idx" does not exist, skipping
DROP INDEX
CREATE FUNCTION
REVOKE
DO
ALTER TABLE
ALTER TABLE
ALTER TABLE
INSERT 0 1
DROP INDEX
CREATE INDEX
DROP INDEX
CREATE INDEX
INSERT 0 1
CREATE FUNCTION
CREATE FUNCTION
CREATE FUNCTION
psql:D:/a/AlbumHaven/AlbumHaven/migrations/postgres/0023_link_local_track_files_to_library_***s.sql:162: NOTICE:  function library.windows_path_key(text) does not exist, skipping
DROP FUNCTION
CREATE FUNCTION
UPDATE 0
UPDATE 0
DO
REVOKE
REVOKE
REVOKE
REVOKE
DO
INSERT 0 1
CREATE EXTENSION
DO
INSERT 0 1
DO
INSERT 0 1
CREATE TABLE
CREATE INDEX
CREATE INDEX
DO
INSERT 0 1
DO
INSERT 0 1
DROP INDEX
CREATE INDEX
INSERT 0 1
psql:D:/a/AlbumHaven/AlbumHaven/migrations/postgres/0029_repair_lastfm_session_conflict_identity.sql:2: NOTICE:  relation "lastfm_sessions_account_username_idx" already exists, skipping
CREATE INDEX
INSERT 0 1
DROP TABLE
INSERT 0 1
CREATE INDEX
INSERT 0 1
DROP INDEX
CREATE INDEX
INSERT 0 1
psql:D:/a/AlbumHaven/AlbumHaven/migrations/postgres/0033_repair_section14_album_identity_corruption.sql:9: NOTICE:  schema "pg_temp" does not exist, skipping
DROP TABLE
CREATE TABLE
INSERT 0 0
INSERT 0 0
DO
SELECT 0
UPDATE 0
INSERT 0 0
DELETE 0
INSERT 0 0
DELETE 0
UPDATE 0
DELETE 0
UPDATE 0
DELETE 0
UPDATE 0
UPDATE 0
DELETE 0
DELETE 0
DELETE 0
DROP TABLE
DROP TABLE
INSERT 0 1
LOCK TABLE
psql:D:/a/AlbumHaven/AlbumHaven/migrations/postgres/0034_reconcile_semantic_local_albums.sql:8: NOTICE:  schema "pg_temp" does not exist, skipping
DROP TABLE
CREATE TABLE
INSERT 0 0
 id 
----
(0 rows)

UPDATE 0
INSERT 0 0
DELETE 0
INSERT 0 0
DELETE 0
UPDATE 0
INSERT 0 0
DELETE 0
INSERT 0 0
DELETE 0
UPDATE 0
UPDATE 0
DELETE 0
DROP TABLE
DO
INSERT 0 1
psql:D:/a/AlbumHaven/AlbumHaven/migrations/postgres/0035_enforce_semantic_local_album_identity.sql:7: NOTICE:  trigger "local_albums_semantic_identity_check" for relation "library.local_albums" does not exist, skipping
DROP TRIGGER
psql:D:/a/AlbumHaven/AlbumHaven/migrations/postgres/0035_enforce_semantic_local_album_identity.sql:9: NOTICE:  trigger "separate_releases_semantic_identity_check" for relation "library.separate_releases" does not exist, skipping
DROP TRIGGER
psql:D:/a/AlbumHaven/AlbumHaven/migrations/postgres/0035_enforce_semantic_local_album_identity.sql:11: NOTICE:  trigger "local_artists_semantic_identity_check" for relation "library.local_artists" does not exist, skipping
DROP TRIGGER
psql:D:/a/AlbumHaven/AlbumHaven/migrations/postgres/0035_enforce_semantic_local_album_identity.sql:13: NOTICE:  trigger "local_albums_semantic_identity_discriminator" for relation "library.local_albums" does not exist, skipping
DROP TRIGGER
psql:D:/a/AlbumHaven/AlbumHaven/migrations/postgres/0035_enforce_semantic_local_album_identity.sql:15: NOTICE:  trigger "separate_releases_semantic_identity_discriminator" for relation "library.separate_releases" does not exist, skipping
psql:D:/a/AlbumHaven/AlbumHaven/migrations/postgres/0035_enforce_semantic_local_album_identity.sql:17: NOTICE:  trigger "separate_releases_semantic_identity_reconciliation" for relation "library.separate_releases" does not exist, skipping
DROP TRIGGER
DROP TRIGGER
psql:D:/a/AlbumHaven/AlbumHaven/migrations/postgres/0035_enforce_semantic_local_album_identity.sql:19: NOTICE:  trigger "local_artists_semantic_identity_discriminator" for relation "library.local_artists" does not exist, skipping
DROP TRIGGER
psql:D:/a/AlbumHaven/AlbumHaven/migrations/postgres/0035_enforce_semantic_local_album_identity.sql:21: NOTICE:  trigger "separate_releases_inventory_publication_lock" for relation "library.separate_releases" does not exist, skipping
DROP TRIGGER
psql:D:/a/AlbumHaven/AlbumHaven/migrations/postgres/0035_enforce_semantic_local_album_identity.sql:23: NOTICE:  trigger "local_artists_inventory_publication_lock" for relation "library.local_artists" does not exist, skipping
DROP TRIGGER
psql:D:/a/AlbumHaven/AlbumHaven/migrations/postgres/0035_enforce_semantic_local_album_identity.sql:24: NOTICE:  function library.enforce_semantic_local_album_identity() does not exist, skipping
DROP FUNCTION
ALTER TABLE
CREATE FUNCTION
CREATE TRIGGER
CREATE TRIGGER
UPDATE 0
CREATE INDEX
CREATE FUNCTION
CREATE TRIGGER
CREATE FUNCTION
CREATE FUNCTION
CREATE TRIGGER
CREATE FUNCTION
CREATE TRIGGER
INSERT 0 1
CREATE INDEX
INSERT 0 1
CREATE INDEX
INSERT 0 1
CREATE INDEX
CREATE INDEX
DROP INDEX
psql:D:/a/AlbumHaven/AlbumHaven/migrations/postgres/0038_add_problematic_required_text_candidate.sql:25: NOTICE:  index "local_track_files_problem_candidate_v2_idx" does not exist, skipping
DROP INDEX
psql:D:/a/AlbumHaven/AlbumHaven/migrations/postgres/0038_add_problematic_required_text_candidate.sql:26: NOTICE:  index "local_track_files_problem_candidate_v3_idx" does not exist, skipping
DROP INDEX
psql:D:/a/AlbumHaven/AlbumHaven/migrations/postgres/0038_add_problematic_required_text_candidate.sql:27: NOTICE:  index "local_track_files_problem_candidate_v4_idx" does not exist, skipping
DROP INDEX
psql:D:/a/AlbumHaven/AlbumHaven/migrations/postgres/0038_add_problematic_required_text_candidate.sql:30: NOTICE:  column "scan_file_required_text_missing_candidate" of relation "local_track_files" does not exist, skipping
ALTER TABLE
INSERT 0 1
DO
INSERT 0 1
DO
INSERT 0 1
psql:D:/a/AlbumHaven/AlbumHaven/migrations/postgres/0041_create_local_album_cover_candidate_snapshots.sql:32: NOTICE:  identifier "local_album_cover_candidate_snapshots_automatic_improvement_revision_check" will be truncated to "local_album_cover_candidate_snapshots_automatic_improvement_rev"
psql:D:/a/AlbumHaven/AlbumHaven/migrations/postgres/0041_create_local_album_cover_candidate_snapshots.sql:32: NOTICE:  identifier "local_album_cover_candidate_snapshots_seen_automatic_improvement_revision_check" will be truncated to "local_album_cover_candidate_snapshots_seen_automatic_improvemen"
CREATE TABLE
UPDATE 0
DO
INSERT 0 1
ALTER TABLE
INSERT 0 1
CREATE TABLE
DO
INSERT 0 1
CREATE TABLE
CREATE INDEX
DO
INSERT 0 1
CREATE INDEX
INSERT 0 1
ALTER TABLE
UPDATE 0
ALTER TABLE
DO
CREATE INDEX
CREATE INDEX
CREATE TABLE
CREATE TABLE
CREATE INDEX
CREATE INDEX
CREATE INDEX
CREATE TABLE
CREATE INDEX
DO
ALTER TABLE
UPDATE 0
UPDATE 0
ALTER TABLE
DO
CREATE INDEX
CREATE TABLE
CREATE INDEX
CREATE INDEX
CREATE INDEX
CREATE TABLE
CREATE INDEX
CREATE INDEX
CREATE INDEX
CREATE INDEX
DO
INSERT 0 1
CREATE TABLE
CREATE INDEX
CREATE INDEX
DO
INSERT 0 1
ALTER TABLE
ALTER TABLE
CREATE TABLE
CREATE INDEX
CREATE INDEX
CREATE INDEX
DO
INSERT 0 1
DELETE 0
CREATE INDEX
INSERT 0 1
CREATE INDEX
INSERT 0 1
CREATE INDEX
INSERT 0 1
CREATE TABLE
CREATE INDEX
CREATE INDEX
CREATE INDEX
CREATE TABLE
CREATE INDEX
ALTER TABLE
CREATE INDEX
ALTER TABLE
ALTER TABLE
DO
INSERT 0 1
CREATE TABLE
DO
INSERT 0 1
ALTER TABLE
DO
INSERT 0 1
CREATE FUNCTION
REVOKE
DO
INSERT 0 1
ALTER TABLE
DO
INSERT 0 1
ALTER TABLE
CREATE FUNCTION
INSERT 0 0
UPDATE 0
DO
REVOKE
DO
INSERT 0 1
ALTER TABLE
DO
INSERT 0 1
ALTER TABLE
DO
INSERT 0 1
CREATE FUNCTION
CREATE FUNCTION
CREATE FUNCTION
ALTER TABLE
UPDATE 0
ALTER TABLE
ALTER TABLE
REVOKE
REVOKE
REVOKE
DO
INSERT 0 1
CREATE FUNCTION
REVOKE
DO
INSERT 0 1
DO
INSERT 0 1
CREATE FUNCTION
REVOKE
DO
INSERT 0 1
DO
INSERT 0 1
CREATE FUNCTION
INSERT 0 1
ALTER TABLE
ALTER TABLE
INSERT 0 1
CREATE INDEX
INSERT 0 1
CREATE TABLE
CREATE INDEX
UPDATE 0
UPDATE 0
INSERT 0 0
UPDATE 0
DO
INSERT 0 1
CREATE TABLE
CREATE TABLE
CREATE INDEX
CREATE INDEX
DO
INSERT 0 1
ALTER TABLE
INSERT 0 1
ALTER TABLE
ALTER TABLE
INSERT 0 1
ALTER TABLE
CREATE INDEX
INSERT 0 1
ALTER TABLE
ALTER TABLE
UPDATE 0
INSERT 0 1
WARNING:  no privileges were granted for "show_limit"
WARNING:  no privileges were granted for "show_trgm"
WARNING:  no privileges were granted for "set_limit"
WARNING:  no privileges were granted for "similarity"
WARNING:  no privileges were granted for "similarity_op"
WARNING:  no privileges were granted for "word_similarity"
WARNING:  no privileges were granted for "word_similarity_op"
WARNING:  no privileges were granted for "word_similarity_commutator_op"
WARNING:  no privileges were granted for "similarity_dist"
WARNING:  no privileges were granted for "word_similarity_dist_op"
WARNING:  no privileges were granted for "word_similarity_dist_commutator_op"
WARNING:  no privileges were granted for "gtrgm_in"
WARNING:  no privileges were granted for "gtrgm_out"
WARNING:  no privileges were granted for "gtrgm_consistent"
WARNING:  no privileges were granted for "gtrgm_distance"
WARNING:  no privileges were granted for "gtrgm_compress"
WARNING:  no privileges were granted for "gtrgm_decompress"
WARNING:  no privileges were granted for "gtrgm_penalty"
WARNING:  no privileges were granted for "gtrgm_picksplit"
WARNING:  no privileges were granted for "gtrgm_union"
WARNING:  no privileges were granted for "gtrgm_same"
WARNING:  no privileges were granted for "gin_extract_value_trgm"
WARNING:  no privileges were granted for "gin_extract_query_trgm"
WARNING:  no privileges were granted for "gin_trgm_consistent"
WARNING:  no privileges were granted for "gin_trgm_triconsistent"
WARNING:  no privileges were granted for "strict_word_similarity"
WARNING:  no privileges were granted for "strict_word_similarity_op"
WARNING:  no privileges were granted for "strict_word_similarity_commutator_op"
WARNING:  no privileges were granted for "strict_word_similarity_dist_op"
WARNING:  no privileges were granted for "strict_word_similarity_dist_commutator_op"
WARNING:  no privileges were granted for "gtrgm_options"
DO
BEGIN
CREATE SCHEMA
CREATE TABLE
INSERT 0 1
UPDATE 1
DELETE 1
 nextval 
---------
       2
(1 row)

ROLLBACK
DO
BEGIN
CREATE TABLE
INSERT 0 1
INSERT 0 1
UPDATE 1
ROLLBACK
DO
 ?column? 
----------
(0 rows)

DO
D:\a\_temp\album-haven-performance-foundations\foundation-version-manifest-performance-idle-memory.json
=== Performance target: idle-memory ===
=== Performance run 1/1 for idle-memory ===
[performance-runner] target=idle-memory | attempt=1 | mode=headless | browser=chrome
Album Haven production E2E app listening on http://127.0.0.1:4173 with 0 artists, 0 albums, 0 tracks, and provider fixtures on http://127.0.0.1:4175

Running 2 tests using 1 worker

[TEST] FTC-OPS-019 production app stays responsive throughout a sustained status and view observation window
  [STEP] Open the production app and wait for the gallery to settle
  [PASS] Open the production app and wait for the gallery to settle (5468 ms)
  [STEP] Probe normal status and Postgres sidebar-view routes throughout the bounded liveness window
  [PASS] Probe normal status and Postgres sidebar-view routes throughout the bounded liveness window (5726 ms)
  ok 1 [idle-memory] › tests\e2e\performance\idleMemory.spec.js:12:1 › FTC-OPS-019 production app stays responsive throughout a sustained status and view observation window (47.6s)
[TEST] FTC-GALLERY-STARTUP-005 idle gallery memory stays under the budget once startup settles
  [STEP] Open All Artists and wait for the gallery to settle
  [PASS] Open All Artists and wait for the gallery to settle (2454 ms)
  [STEP] Scroll to the middle of the gallery and wait for visible covers
  [PASS] Scroll to the middle of the gallery and wait for visible covers (970 ms)
  [STEP] Sample idle memory from the scrolled gallery state
  [PASS] Sample idle memory from the scrolled gallery state (694 ms)
2026-09-18 20:18:23,204 [INFO] music_app: Startup scan-cache hydration completed files=57980 albums=5329
2026-09-18 20:18:25,142 [INFO] music_app: Relation projection startup readiness ready=true rebuilt=true reason=missing_projection builder_version=local-relation-builder-v9 source_row_count=57991 duration_ms=1909.06 source_load=544.09 fingerprint=328.57 pure_build=929.45 family_link_replacement=2.90 snapshot_publication=11.56
2026-09-18 20:19:08,727 [INFO] music_app: {"action": "Index request completed", "album_count": 0, "artist_count": 0, "bootstrap_mode": "fresh_preview", "covers_in_progress": false, "elapsed_ms": 459.97, "hydrate_in_progress": false, "payload_elapsed_ms": 304.27, "query": "", "scan_in_progress": false, "selected_artist": ""}
2026-09-18 20:19:20,076 [INFO] music_app: {"action": "Index request completed", "album_count": 0, "artist_count": 0, "bootstrap_mode": "fresh_preview", "covers_in_progress": false, "elapsed_ms": 413.96, "hydrate_in_progress": false, "payload_elapsed_ms": 373.52, "query": "", "scan_in_progress": false, "selected_artist": ""}
[playwright-wrapper-final-decision] {"wrapperExitCode":0,"attemptReturn":{"exitCode":0,"exitReason":"authoritative-pass"},"fakeDatabaseCleanup":{"status":"completed","error":null,"mode":"lock-only"},"scanAppCleanup":{"status":"not-required","error":null},"isolatedAppCleanup":{"status":"completed","error":null},"tempCleanup":{"status":"completed","error":null,"removedCount":0},"passivePortDiagnostics":[{"port":4173,"status":"completed","error":null,"ownerCount":0},{"port":4175,"status":"completed","error":null,"ownerCount":0}],"finalSummary":{"phase":"run-final","status":"passed","total":2,"completed":2,"failed":0,"skipped":0,"errors":0,"listOnly":false},"exitReason":"authoritative-pass"}
  [STEP] Collect visible album detail targets from the current viewport
  [PASS] Collect visible album detail targets from the current viewport (341 ms)
  [STEP] Cycle album-detail open and close flows while sampling idle-memory drift
    [STEP] Open and close visible album button 16 (cycle 1)
    [PASS] Open and close visible album button 16 (cycle 1) (397 ms)
    [STEP] Collect post-close idle samples for visible album button 16 (cycle 1)
    [PASS] Collect post-close idle samples for visible album button 16 (cycle 1) (735 ms)
    [STEP] Open and close visible album button 17 (cycle 2)
    [PASS] Open and close visible album button 17 (cycle 2) (179 ms)
    [STEP] Collect post-close idle samples for visible album button 17 (cycle 2)
    [PASS] Collect post-close idle samples for visible album button 17 (cycle 2) (731 ms)
  [PASS] Cycle album-detail open and close flows while sampling idle-memory drift (2043 ms)
  [STEP] Summarize the captured memory samples against the configured budget
[idle-memory] peak expected <= 15 MB, actual 9.5 MB (9924248 bytes), source=Runtime.getHeapUsage
[idle-memory] drift expected <= 2 MB, actual 1.2 MB (1218140 bytes)
  [PASS] Summarize the captured memory samples against the configured budget (1 ms)
  [STEP] Assert the peak and drift memory budgets
  [PASS] Assert the peak and drift memory budgets (1 ms)
  ok 2 [idle-memory] › tests\e2e\performance\idleMemory.spec.js:31:1 › FTC-GALLERY-STARTUP-005 idle gallery memory stays under the budget once startup settles (6.7s)[playwright-performance-reporter] flush-complete

[album-haven-playwright-result] {"version":1,"phase":"tests-complete","nonce":"3ebdc9dded6b08b5134d71fc02876c500585af66d01165220a36f888fc8e156d","status":"passed","total":2,"completed":2,"failed":0,"skipped":0,"errors":0}



[album-haven-playwright-result] {"version":1,"phase":"run-final","nonce":"3ebdc9dded6b08b5134d71fc02876c500585af66d01165220a36f888fc8e156d","status":"passed","total":2,"completed":2,"failed":0,"skipped":0,"errors":0}
  2 passed (1.0m)

=== Playwright Summary ===
[✓] idleMemory.spec
  [✓] FTC-OPS-019 production app stays responsive throughout a sustained status and view observation window
  [✓] FTC-GALLERY-STARTUP-005 idle gallery memory stays under the budget once startup settles (6.7s)[playwright-performance-reporter] flush-complete

Overall: 2/2 passed

=== Playwright Summary ===
[✓] idle-memory
  [✓] FTC-OPS-019 production app stays responsive throughout a sustained status and view observation window
  [✓] FTC-GALLERY-STARTUP-005 idle gallery memory stays under the budget once startup settles (6.7s)[playwright-performance-reporter] flush-complete

Overall: 2/2 passed
D:\a\_temp\album-haven-performance-foundations\foundation-version-manifest-performance-all-artists.json
=== Performance target: all-artists ===
=== Performance run 1/1 for all-artists ===
[performance-runner] target=all-artists | attempt=1 | mode=headless | browser=chrome | real_app_port=4181
Album Haven production E2E app listening on http://127.0.0.1:4181 with 0 artists, 0 albums, 0 tracks, and provider fixtures on http://127.0.0.1:4183

Running 1 test using 1 worker

[TEST] All Artists round-trip reports synthetic-data responsiveness and memory timings
  [STEP] Load the real All Artists view and capture startup responsiveness checkpoints
[all-artists-local] Startup preview sidebar count 40 appeared in 92 ms | memory 3.8 MB (4003852 bytes)
[all-artists-local] Full sidebar count 1427 appeared in 457 ms | memory 3.8 MB (4003864 bytes)
[all-artists-local] All artists badge reached 1427 in 459 ms | memory 3.8 MB (4017896 bytes)
[all-artists-local] Initial All Artists first albums ready in 2 ms | memory 3.8 MB (4004860 bytes)
[all-artists-local] Initial All Artists visible covers ready in 3 ms | memory 3.8 MB (4004896 bytes)
  [PASS] Load the real All Artists view and capture startup responsiveness checkpoints (2993 ms)
  [STEP] Wait for the *** view to settle and sample initial idle memory
[all-artists-local] Initial All Artists idle memory 8.5 MB (8931736 bytes)
  [PASS] Wait for the *** view to settle and sample initial idle memory (2298 ms)
  [STEP] Confirm the *** All Artists browse is fully idle before selecting the round-trip artist
  [PASS] Confirm the *** All Artists browse is fully idle before selecting the round-trip artist (4 ms)
  [STEP] Read one visible artist target from the All Artists tree
  [PASS] Read one visible artist target from the All Artists tree (14 ms)
  [STEP] Measure the selected artist tree selection and gallery readiness
[all-artists-local] Artist[10] "3" request lifecycle: selected artist request finished 200 for "3" via postgres_library_browse
[all-artists-local] Artist[10] "3" tree selection visible in 260 ms | memory 7.4 MB (7778428 bytes)
[all-artists-local] Artist[10] "3" gallery ready in 312 ms | memory 7.4 MB (7764936 bytes)
  [PASS] Measure the selected artist tree selection and gallery readiness (691 ms)
  [STEP] Assert the selected-artist round-trip stayed on the Postgres browse seam
  [PASS] Assert the selected-artist round-trip stayed on the Postgres browse seam (111 ms)
  [STEP] Return to All Artists and record responsiveness plus memory after the round-trip
[all-artists-local] All artists selection visible in 80 ms | memory 12.7 MB (13295008 bytes)
[all-artists-local] All artists first albums visible again in 1171 ms | memory 12.7 MB (13295008 bytes)
[all-artists-local] All artists visible covers ready again in 193 ms | memory 12.7 MB (13295008 bytes)
[all-artists-local] All artists idle memory after return 12.7 MB (13295008 bytes)
  [PASS] Return to All Artists and record responsiveness plus memory after the round-trip (2732 ms)
  [STEP] Confirm the returned All Artists browse is fully idle before the deep jump scroll
  [PASS] Confirm the returned All Artists browse is fully idle before the deep jump scroll (2 ms)
  [STEP] Jump deep into the gallery and capture scroll-state checkpoints
[all-artists-local] Jump-scrolled to middle in 382 ms | memory 12.8 MB (13372336 bytes)
[all-artists-local] Visible artists after jump: Synthetic Scale Artist 0720 | Synthetic Scale Artist 0721 | Synthetic Scale Artist 0722 | Synthetic Scale Artist 0723 | Synthetic Scale Artist 0724 | Synthetic Scale Artist 0725
[all-artists-local] Jump scroll position: 365117 / 730065
[all-artists-local] Idle memory right after jump 12.8 MB (13396836 bytes)
[all-artists-local] Visible covers ready after jump in 386 ms | memory 12.8 MB (13397444 bytes)
  [PASS] Jump deep into the gallery and capture scroll-state checkpoints (1055 ms)
  [STEP] Collect visible album-detail targets after the deep scroll
  [PASS] Collect visible album-detail targets after the deep scroll (327 ms)
    [NOTE] Using visible album button index 16 for the modal round-trip
  [STEP] Open one visible album details modal, verify it, and close it cleanly
[all-artists-local] Album details opened in 406 ms | memory 13.0 MB (13598820 bytes)
  [FAIL] Open one visible album details modal, verify it, and close it cleanly :: Cannot read properties of undefined (reading 'total') (501 ms)
  x  1 [synthetic-large-library] › tests\e2e\syntheticLargeLibrary\allArtistsResponsiveness.spec.js:54:3 › FTC-GALLERY-STARTUP-005A synthetic-large responsiveness › All Artists round-trip reports synthetic-data responsiveness and memory timings (12.8s)[playwright-performance-reporter] flush-complete

[album-haven-playwright-result] {"version":1,"phase":"tests-complete","nonce":"9a8c339f219f564cf6d90d310bd4553df2f9ffb096fde658bfb74855ce471d3f","status":"failed","total":1,"completed":1,"failed":1,"skipped":0,"errors":0}



[album-haven-playwright-result] {"version":1,"phase":"run-final","nonce":"9a8c339f219f564cf6d90d310bd4553df2f9ffb096fde658bfb74855ce471d3f","status":"failed","total":1,"completed":1,"failed":1,"skipped":0,"errors":0}

  1) [synthetic-large-library] › tests\e2e\syntheticLargeLibrary\allArtistsResponsiveness.spec.js:54:3 › FTC-GALLERY-STARTUP-005A synthetic-large responsiveness › All Artists round-trip reports synthetic-data responsiveness and memory timings 

    TypeError: Cannot read properties of undefined (reading 'total')

       at ..\actions\trackModalActions.js:213

      211 |       subtitle: String(await this.trackModal.subtitle.textContent() || '').trim(),
      212 |       footer: String(await this.trackModal.footer.textContent() || '').trim(),
    > 213 |       total: String(await this.trackModal.albumTrackTable.total.textContent() || '').trim(),
          |                                                           ^
      214 |       playButtons: await this.trackModal.playButtons.count(),
      215 |       trackRows: await this.trackModal.trackRows.count(),
      216 |       coverLoaded,
        at TrackModalActions.readSummary (D:\a\AlbumHaven\AlbumHaven\tests\e2e\actions\trackModalActions.js:213:59)
        at D:\a\AlbumHaven\AlbumHaven\tests\e2e\syntheticLargeLibrary\allArtistsResponsiveness.spec.js:375:23
        at runStep (D:\a\AlbumHaven\AlbumHaven\tests\e2e\support\baseFixtures.js:146:22)
        at D:\a\AlbumHaven\AlbumHaven\tests\e2e\syntheticLargeLibrary\allArtistsResponsiveness.spec.js:356:9

    attachment #3: step-transcript.txt (text/plain) ────────────────────────────────────────────────
    [TEST] All Artists round-trip reports synthetic-data responsiveness and memory timings
      [STEP] Load the real All Artists view and capture startup responsiveness checkpoints
      [PASS] Load the real All Artists view and capture startup responsiveness checkpoints (2993 ms)
      [STEP] Wait for the *** vi...
    ────────────────────────────────────────────────────────────────────────────────────────────────

    attachment #5: stacktrace.txt (text/plain) ─────────────────────────────────────────────────────
    Error 1
    TypeError: Cannot read properties of undefined (reading 'total')
        at TrackModalActions.readSummary (D:\a\AlbumHaven\AlbumHaven\tests\e2e\actions\trackModalActions.js:213:59)
        at D:\a\AlbumHaven\AlbumHaven\tests\e2e\syntheticLargeLibrary\allArtistsResponsiveness.spec.js:375:23
        at ru...
    ────────────────────────────────────────────────────────────────────────────────────────────────

    attachment #6: runtime-log.txt (text/plain) ────────────────────────────────────────────────────
    No runtime logs captured.
    ────────────────────────────────────────────────────────────────────────────────────────────────

    Error Context: test-results\playwright-performance-targets\all-artists\attempt-1\allArtistsResponsiveness-F-c90ba-siveness-and-memory-timings-synthetic-large-library\error-context.md

    attachment #9: trace (application/zip) ─────────────────────────────────────────────────────────
    test-results\playwright-performance-targets\all-artists\attempt-1\allArtistsResponsiveness-F-c90ba-siveness-and-memory-timings-synthetic-large-library\trace.zip
    Usage:

        npx playwright show-trace test-results\playwright-performance-targets\all-artists\attempt-1\allArtistsResponsiveness-F-c90ba-siveness-and-memory-timings-synthetic-large-library\trace.zip

    ────────────────────────────────────────────────────────────────────────────────────────────────

  1 failed
    [synthetic-large-library] › tests\e2e\syntheticLargeLibrary\allArtistsResponsiveness.spec.js:54:3 › FTC-GALLERY-STARTUP-005A synthetic-large responsiveness › All Artists round-trip reports synthetic-data responsiveness and memory timings 

=== Playwright Summary ===
[x] FTC-GALLERY-STARTUP-005A synthetic-large responsiveness
  [x] All Artists round-trip reports synthetic-data responsiveness and memory timings (12.8s)[playwright-performance-reporter] flush-complete

Overall: 0/1 passed
Failed tests:
- FTC-GALLERY-STARTUP-005A synthetic-large responsiveness > All Artists round-trip reports synthetic-data responsiveness and memory timings (12.8s)[playwright-performance-reporter] flush-complete
2026-09-18 20:19:45,135 [INFO] music_app: Startup scan-cache hydration completed files=57980 albums=5329
2026-09-18 20:19:49,980 [INFO] music_app: {"action": "Index request completed", "album_count": 0, "artist_count": 0, "bootstrap_mode": "fresh_preview", "covers_in_progress": false, "elapsed_ms": 346.37, "hydrate_in_progress": false, "payload_elapsed_ms": 254.99, "query": "", "scan_in_progress": false, "selected_artist": ""}
[playwright-wrapper-failure-latched] {"phase":"tests-complete","status":"failed","total":1,"completed":1,"failed":1,"skipped":0,"errors":0}
[playwright-wrapper-diagnostic] {"reason":"wrapper-child-lifecycle-mismatch","childExitCode":1,"childExitSignal":null,"childCloseCode":1,"childCloseSignal":null,"processError":null,"stopReason":"none","cleanupOutcome":"completed"}
[playwright-wrapper-final-decision] {"wrapperExitCode":1,"attemptReturn":{"exitCode":1,"exitReason":"wrapper-child-lifecycle-mismatch"},"fakeDatabaseCleanup":{"status":"completed","error":null,"mode":"lock-only"},"scanAppCleanup":{"status":"not-required","error":null},"isolatedAppCleanup":{"status":"completed","error":null},"tempCleanup":{"status":"completed","error":null,"removedCount":0},"passivePortDiagnostics":[{"port":4181,"status":"completed","error":null,"ownerCount":0},{"port":4183,"status":"completed","error":null,"ownerCount":0}],"finalSummary":{"phase":"run-final","status":"failed","total":1,"completed":1,"failed":1,"skipped":0,"errors":0,"listOnly":false},"exitReason":"wrapper-child-lifecycle-mismatch"}

=== Playwright Summary ===
[x] All Artists Round Trip
  [x] All Artists round-trip reports synthetic-data responsiveness and memory timings (12.8s)[playwright-performance-reporter] flush-complete

Overall: 0/1 passed
Failed tests:
- All Artists Round Trip > All Artists round-trip reports synthetic-data responsiveness and memory timings (12.8s)[playwright-performance-reporter] flush-complete
D:\a\_temp\album-haven-performance-foundations\foundation-version-manifest-performance-artist-family.json
=== Performance target: artist-family ===
=== Performance run 1/1 for artist-family ===
[performance-runner] target=artist-family | attempt=1 | mode=headless | browser=chrome | real_app_port=4189
Album Haven production E2E app listening on http://127.0.0.1:4189 with 0 artists, 0 albums, 0 tracks, and provider fixtures on http://127.0.0.1:4191

Running 2 tests using 1 worker

[TEST] Neal Morse scrolling keeps each displayed artist heading unique before and after filtering
  [STEP] Load the unfiltered Neal Morse family gallery
  [PASS] Load the unfiltered Neal Morse family gallery (584 ms)
  [STEP] Keep Neal Morse and The Resonance as distinct family tags with one authoritative album owner
  [PASS] Keep Neal Morse and The Resonance as distinct family tags with one authoritative album owner (88 ms)
  [STEP] Keep the family control in its own row, envelope its anchor, and paint artist selection by dragging
  [PASS] Keep the family control in its own row, envelope its anchor, and paint artist selection by dragging (1101 ms)
  [STEP] Find one Resonance heading across the entire virtualized gallery
  [PASS] Find one Resonance heading across the entire virtualized gallery (746 ms)
  [STEP] Keep one Resonance heading after filtering to that artist
  [PASS] Keep one Resonance heading after filtering to that artist (632 ms)
  [STEP] Merge only while Combine similar artists is enabled and restore the distinct section afterward
  [PASS] Merge only while Combine similar artists is enabled and restore the distinct section afterward (927 ms)
  ok 1 [synthetic-large-library] › tests\e2e\syntheticLargeLibrary\artistFamilyResponsiveness.spec.js:44:3 › FTC-SEARCH-NAV-005A synthetic-large artist family responsiveness › Neal Morse scrolling keeps each displayed artist heading unique before and after filtering (9.0s)
[TEST] Neal Morse family search, filters, details, settings, and clear-search flows stay responsive on synthetic data
  [STEP] Let the *** browse finish warming before measuring the Neal Morse search path
  [PASS] Let the *** browse finish warming before measuring the Neal Morse search path (2196 ms)
  [STEP] Select artist 3 and verify its Emerson/Lake family gallery renders from real Postgres data
  [PASS] Select artist 3 and verify its Emerson/Lake family gallery renders from real Postgres data (232 ms)
[artist-family-local] Artist 3 Emerson/Lake family gallery ready in 232 ms | memory 7.1 MB (7459440 bytes)
  [STEP] Assert artist 3 exposes both Emerson/Lake family chips and non-empty gallery groups
  [PASS] Assert artist 3 exposes both Emerson/Lake family chips and non-empty gallery groups (141 ms)
  [STEP] Search for Neal Morse and wait for auto-selection in the filtered tree
  [PASS] Search for Neal Morse and wait for auto-selection in the filtered tree (499 ms)
[artist-family-local] Search auto-selected Neal Morse in the filtered tree in 499 ms | memory 7.4 MB (7734672 bytes)
  [STEP] Capture the Neal Morse runtime snapshot right after search auto-selection
    [NOTE] {"selectedArtist":"Neal Morse","query":"Neal Morse","artistGroupCount":7,"primaryArtistGroupCount":1,"familyArtistGroupCount":6,"relatedArtistCount":6}
  [PASS] Capture the Neal Morse runtime snapshot right after search auto-selection (32 ms)
  [STEP] Wait for the Neal Morse family gallery to render after search
  [PASS] Wait for the Neal Morse family gallery to render after search (5 ms)
[artist-family-local] Search-loaded Neal Morse family gallery ready in 5 ms | memory 7.5 MB (7813136 bytes)
  [STEP] Assert the live Neal Morse family payload came from Postgres and exposed non-empty family context
  [PASS] Assert the live Neal Morse family payload came from Postgres and exposed non-empty family context (34 ms)
  [STEP] Read the filtered-tree artist family labels from the live dataset
  [PASS] Read the filtered-tree artist family labels from the live dataset (5 ms)
  [STEP] Expand Artist Family and verify the live family tags
  [PASS] Expand Artist Family and verify the live family tags (40 ms)
  [STEP] Sample idle memory after the search-loaded Neal Morse family view settles
[artist-family-local] Search-loaded Neal Morse idle memory 7.6 MB (7937416 bytes)
  [PASS] Sample idle memory after the search-loaded Neal Morse family view settles (573 ms)
  [STEP] Filter the family view down to Neal Morse & The Resonance only
  [PASS] Filter the family view down to Neal Morse & The Resonance only (391 ms)
[artist-family-local] Filtered to Neal Morse & The Resonance only in 391 ms | memory 7.7 MB (8115316 bytes)
  [STEP] Add Cosmic Cathedral to the family filter set
  [PASS] Add Cosmic Cathedral to the family filter set (67 ms)
[artist-family-local] Added Cosmic Cathedral to the active family tags in 67 ms | memory 7.8 MB (8188160 bytes)
  [STEP] Add The Neal Morse Band to the family filter set
  [PASS] Add The Neal Morse Band to the family filter set (59 ms)
[artist-family-local] Added The Neal Morse Band to the active family tags in 59 ms | memory 7.8 MB (8197176 bytes)
  [STEP] Remove Neal Morse & The Resonance from the active family filter set
  [PASS] Remove Neal Morse & The Resonance from the active family filter set (63 ms)
[artist-family-local] Removed Neal Morse & The Resonance from the active family tags in 63 ms | memory 7.8 MB (8210944 bytes)
  [STEP] Sample idle memory after the multi-chip family filter state settles
[artist-family-local] Multi-chip family filter idle memory 7.8 MB (8210944 bytes)
  [PASS] Sample idle memory after the multi-chip family filter state settles (556 ms)
  [STEP] Click Cosmic Cathedral in the filtered tree and wait for the selection highlight
  [PASS] Click Cosmic Cathedral in the filtered tree and wait for the selection highlight (40 ms)
[artist-family-local] Filtered tree selected Cosmic Cathedral in 40 ms | memory 7.9 MB (8286212 bytes)
  [STEP] Wait for the Cosmic Cathedral family gallery to render
  [PASS] Wait for the Cosmic Cathedral family gallery to render (391 ms)
[artist-family-local] Cosmic Cathedral family gallery ready from the filtered tree in 391 ms | memory 8.0 MB (8337176 bytes)
  [STEP] Use the primary Cosmic Cathedral family chip to show only its own album section
  [PASS] Use the primary Cosmic Cathedral family chip to show only its own album section (108 ms)
[artist-family-local] Cosmic Cathedral primary-only family view ready in 108 ms | memory 8.0 MB (8365548 bytes)
  [STEP] Open the Cosmic Cathedral album details and wait for the tracklist
  [FAIL] Open the Cosmic Cathedral album details and wait for the tracklist :: Cannot read properties of undefined (reading 'total') (249 ms)
  x  2 [synthetic-large-library] › tests\e2e\syntheticLargeLibrary\artistFamilyResponsiveness.spec.js:196:3 › FTC-SEARCH-NAV-005A synthetic-large artist family responsiveness › Neal Morse family search, filters, details, settings, and clear-search flows stay responsive on synthetic data (7.1s)[playwright-performance-reporter] flush-complete

[album-haven-playwright-result] {"version":1,"phase":"tests-complete","nonce":"03049187ebb5adf46f6137c4789b3799a50b62b7993994709b5720b429689273","status":"failed","total":2,"completed":2,"failed":1,"skipped":0,"errors":0}



[album-haven-playwright-result] {"version":1,"phase":"run-final","nonce":"03049187ebb5adf46f6137c4789b3799a50b62b7993994709b5720b429689273","status":"failed","total":2,"completed":2,"failed":1,"skipped":0,"errors":0}

  1) [synthetic-large-library] › tests\e2e\syntheticLargeLibrary\artistFamilyResponsiveness.spec.js:196:3 › FTC-SEARCH-NAV-005A synthetic-large artist family responsiveness › Neal Morse family search, filters, details, settings, and clear-search flows stay responsive on synthetic data 

    TypeError: Cannot read properties of undefined (reading 'total')

       at ..\actions\trackModalActions.js:213

      211 |       subtitle: String(await this.trackModal.subtitle.textContent() || '').trim(),
      212 |       footer: String(await this.trackModal.footer.textContent() || '').trim(),
    > 213 |       total: String(await this.trackModal.albumTrackTable.total.textContent() || '').trim(),
          |                                                           ^
      214 |       playButtons: await this.trackModal.playButtons.count(),
      215 |       trackRows: await this.trackModal.trackRows.count(),
      216 |       coverLoaded,
        at TrackModalActions.readSummary (D:\a\AlbumHaven\AlbumHaven\tests\e2e\actions\trackModalActions.js:213:59)
        at TrackModalActions.waitForInteractiveSummary (D:\a\AlbumHaven\AlbumHaven\tests\e2e\actions\trackModalActions.js:256:21)
        at D:\a\AlbumHaven\AlbumHaven\tests\e2e\syntheticLargeLibrary\artistFamilyResponsiveness.spec.js:558:11
        at measureActionTime (D:\a\AlbumHaven\AlbumHaven\tests\e2e\helpers\performanceHelpers.js:181:5)
        at runStep (D:\a\AlbumHaven\AlbumHaven\tests\e2e\support\baseFixtures.js:146:22)
        at D:\a\AlbumHaven\AlbumHaven\tests\e2e\syntheticLargeLibrary\artistFamilyResponsiveness.spec.js:552:38

    attachment #2: step-transcript.txt (text/plain) ────────────────────────────────────────────────
    [TEST] Neal Morse family search, filters, details, settings, and clear-search flows stay responsive on synthetic data
      [STEP] Let the *** browse finish warming before measuring the Neal Morse search path
      [PASS] Let the *** browse finish warming before measuring the Neal Morse search path (2196 ...
    ────────────────────────────────────────────────────────────────────────────────────────────────

    attachment #4: stacktrace.txt (text/plain) ─────────────────────────────────────────────────────
    Error 1
    TypeError: Cannot read properties of undefined (reading 'total')
        at TrackModalActions.readSummary (D:\a\AlbumHaven\AlbumHaven\tests\e2e\actions\trackModalActions.js:213:59)
        at TrackModalActions.waitForInteractiveSummary (D:\a\AlbumHaven\AlbumHaven\tests\e2e\actions\trackModalActions....
    ────────────────────────────────────────────────────────────────────────────────────────────────

    attachment #5: runtime-log.txt (text/plain) ────────────────────────────────────────────────────
    No runtime logs captured.
    ────────────────────────────────────────────────────────────────────────────────────────────────

    Error Context: test-results\playwright-performance-targets\artist-family\attempt-1\artistFamilyResponsiveness-84897-esponsive-on-synthetic-data-synthetic-large-library\error-context.md

    attachment #8: trace (application/zip) ─────────────────────────────────────────────────────────
    test-results\playwright-performance-targets\artist-family\attempt-1\artistFamilyResponsiveness-84897-esponsive-on-synthetic-data-synthetic-large-library\trace.zip
    Usage:

        npx playwright show-trace test-results\playwright-performance-targets\artist-family\attempt-1\artistFamilyResponsiveness-84897-esponsive-on-synthetic-data-synthetic-large-library\trace.zip

    ────────────────────────────────────────────────────────────────────────────────────────────────

  1 failed
    [synthetic-large-library] › tests\e2e\syntheticLargeLibrary\artistFamilyResponsiveness.spec.js:196:3 › FTC-SEARCH-NAV-005A synthetic-large artist family responsiveness › Neal Morse family search, filters, details, settings, and clear-search flows stay responsive on synthetic data 
  1 passed (18.2s)

=== Playwright Summary ===
[x] FTC-SEARCH-NAV-005A synthetic-large artist family responsiveness
  [✓] Neal Morse scrolling keeps each displayed artist heading unique before and after filtering
  [x] Neal Morse family search, filters, details, settings, and clear-search flows stay responsive on synthetic data (7.1s)[playwright-performance-reporter] flush-complete

Overall: 1/2 passed
Failed tests:
- FTC-SEARCH-NAV-005A synthetic-large artist family responsiveness > Neal Morse family search, filters, details, settings, and clear-search flows stay responsive on synthetic data (7.1s)[playwright-performance-reporter] flush-complete
2026-09-18 20:20:17,440 [INFO] music_app: Startup scan-cache hydration completed files=57980 albums=5329
2026-09-18 20:20:22,071 [INFO] music_app: {"action": "Index request completed", "album_count": 0, "artist_count": 0, "bootstrap_mode": "fresh_preview", "covers_in_progress": false, "elapsed_ms": 601.46, "hydrate_in_progress": false, "payload_elapsed_ms": 393.86, "query": "", "scan_in_progress": false, "selected_artist": ""}
2026-09-18 20:20:25,025 [INFO] music_app: {"action": "Postgres album search request started", "query": "Neal Morse"}
2026-09-18 20:20:25,220 [INFO] music_app: {"action": "View data request completed", "album_count": 13, "artist_count": 7, "elapsed_ms": 194.71, "query": "Neal Morse", "selected_artist": "Neal Morse"}
2026-09-18 20:20:29,437 [INFO] music_app: {"action": "Index request completed", "album_count": 0, "artist_count": 0, "bootstrap_mode": "fresh_preview", "covers_in_progress": false, "elapsed_ms": 331.76, "hydrate_in_progress": false, "payload_elapsed_ms": 292.42, "query": "", "scan_in_progress": false, "selected_artist": ""}
2026-09-18 20:20:32,735 [INFO] music_app: {"action": "Postgres album search request started", "query": "Neal Morse"}
2026-09-18 20:20:32,917 [INFO] music_app: {"action": "View data request completed", "album_count": 13, "artist_count": 7, "elapsed_ms": 181.45, "query": "Neal Morse", "selected_artist": "Neal Morse"}
[playwright-wrapper-failure-latched] {"phase":"tests-complete","status":"failed","total":2,"completed":2,"failed":1,"skipped":0,"errors":0}
[playwright-wrapper-diagnostic] {"reason":"wrapper-child-lifecycle-mismatch","childExitCode":1,"childExitSignal":null,"childCloseCode":1,"childCloseSignal":null,"processError":null,"stopReason":"none","cleanupOutcome":"completed"}
[playwright-wrapper-final-decision] {"wrapperExitCode":1,"attemptReturn":{"exitCode":1,"exitReason":"wrapper-child-lifecycle-mismatch"},"fakeDatabaseCleanup":{"status":"completed","error":null,"mode":"lock-only"},"scanAppCleanup":{"status":"not-required","error":null},"isolatedAppCleanup":{"status":"completed","error":null},"tempCleanup":{"status":"completed","error":null,"removedCount":0},"passivePortDiagnostics":[{"port":4189,"status":"completed","error":null,"ownerCount":0},{"port":4191,"status":"completed","error":null,"ownerCount":0}],"finalSummary":{"phase":"run-final","status":"failed","total":2,"completed":2,"failed":1,"skipped":0,"errors":0,"listOnly":false},"exitReason":"wrapper-child-lifecycle-mismatch"}

=== Playwright Summary ===
[x] Artist Family Navigation
  [✓] Neal Morse scrolling keeps each displayed artist heading unique before and after filtering
  [x] Neal Morse family search, filters, details, settings, and clear-search flows stay responsive on synthetic data (7.1s)[playwright-performance-reporter] flush-complete

Overall: 1/2 passed
Failed tests:
- Artist Family Navigation > Neal Morse family search, filters, details, settings, and clear-search flows stay responsive on synthetic data (7.1s)[playwright-performance-reporter] flush-complete
D:\a\_temp\album-haven-performance-foundations\foundation-version-manifest-performance-search-all-artists.json
=== Performance target: search-all-artists ===
=== Performance run 1/1 for search-all-artists ===
[performance-runner] target=search-all-artists | attempt=1 | mode=headless | browser=chrome | real_app_port=4197
Album Haven production E2E app listening on http://127.0.0.1:4197 with 0 artists, 0 albums, 0 tracks, and provider fixtures on http://127.0.0.1:4199

Running 3 tests using 1 worker

[TEST] FTC-SEARCH-NAV-005 direct-loads a filtered Ария gallery with the complete Artist Family labels
  [STEP] Open the filtered Ария and Виталий Дубинин URL as a new document
  [PASS] Open the filtered Ария and Виталий Дубинин URL as a new document (2363 ms)
  [STEP] Keep every Ария family label while applying only the requested family filter
  [PASS] Keep every Ария family label while applying only the requested family filter (15 ms)
  ok 1 [synthetic-large-library] › tests\e2e\syntheticLargeLibrary\allArtistsResponsiveness.spec.js:457:3 › FTC-SEARCH-NAV-003A synthetic-large responsiveness › FTC-SEARCH-NAV-005 direct-loads a filtered Ария gallery with the complete Artist Family labels (3.8s)
[TEST] FTC-SEARCH-NAV-026 clears an Ария search after filtering to Виталий Дубинин without remounting the gallery or reducing Artist Family
  [STEP] Search for Ария and filter its family gallery to Виталий Дубинин
  [PASS] Search for Ария and filter its family gallery to Виталий Дубинин (871 ms)
  [STEP] Clear search without changing the filtered gallery or complete Artist Family
  [PASS] Clear search without changing the filtered gallery or complete Artist Family (370 ms)
  [STEP] Unselect Виталий Дубинин without showing a loader or requesting the default Ария gallery again
  [PASS] Unselect Виталий Дубинин without showing a loader or requesting the default Ария gallery again (172 ms)
  ok 2 [synthetic-large-library] › tests\e2e\syntheticLargeLibrary\allArtistsResponsiveness.spec.js:493:3 › FTC-SEARCH-NAV-003A synthetic-large responsiveness › FTC-SEARCH-NAV-026 clears an Ария search after filtering to Виталий Дубинин without remounting the gallery or reducing Artist Family (4.5s)
[TEST] FTC-SEARCH-NAV-003A multi-family search keeps search-scoped All artists and follow-up tree selection responsive on synthetic data
  [STEP] Let the *** browse finish warming before measuring the search path
  [PASS] Let the *** browse finish warming before measuring the search path (1828 ms)
  [STEP] Search for Ария and wait for the filtered tree to auto-select it
  [PASS] Search for Ария and wait for the filtered tree to auto-select it (553 ms)
[search-all-artists-local] Search auto-selected Ария in the filtered tree in 553 ms | memory 6.6 MB (6941236 bytes)
  [STEP] Wait for the Ария gallery, visible covers, and family box after search
  [PASS] Wait for the Ария gallery, visible covers, and family box after search (7 ms)
[search-all-artists-local] Search-loaded Ария gallery ready in 7 ms | memory 6.6 MB (6918228 bytes)
  [STEP] Assert the search-loaded artist view stayed on the Postgres browse seam
  [PASS] Assert the search-loaded artist view stayed on the Postgres browse seam (26 ms)
  [STEP] Verify the filtered tree keeps All artists and the expected live artist names
  [PASS] Verify the filtered tree keeps All artists and the expected live artist names (10 ms)
  [STEP] Expand Artist Family and confirm the expected Ария family members are present
  [PASS] Expand Artist Family and confirm the expected Ария family members are present (57 ms)
  [STEP] Sample idle memory after the search-loaded Ария view settles
[search-all-artists-local] Search-loaded Ария idle memory 6.8 MB (7080548 bytes)
  [PASS] Sample idle memory after the search-loaded Ария view settles (560 ms)
  [STEP] Assert the search-loaded artist family chips stay present
  [PASS] Assert the search-loaded artist family chips stay present (13 ms)
  [STEP] Keep the real Ария featured-track credit visible in Album Details
  [FAIL] Keep the real Ария featured-track credit visible in Album Details :: Cannot read properties of undefined (reading 'total') (262 ms)
  x  3 [synthetic-large-library] › tests\e2e\syntheticLargeLibrary\allArtistsResponsiveness.spec.js:617:3 › FTC-SEARCH-NAV-003A synthetic-large responsiveness › FTC-SEARCH-NAV-003A multi-family search keeps search-scoped All artists and follow-up tree selection responsive on synthetic data (4.6s)[playwright-performance-reporter] flush-complete

[album-haven-playwright-result] {"version":1,"phase":"tests-complete","nonce":"175519d4b7d69e32817e3f233e8f2e8a3c540d1799fbb202df8e6511306be404","status":"failed","total":3,"completed":3,"failed":1,"skipped":0,"errors":0}



[album-haven-playwright-result] {"version":1,"phase":"run-final","nonce":"175519d4b7d69e32817e3f233e8f2e8a3c540d1799fbb202df8e6511306be404","status":"failed","total":3,"completed":3,"failed":1,"skipped":0,"errors":0}

  1) [synthetic-large-library] › tests\e2e\syntheticLargeLibrary\allArtistsResponsiveness.spec.js:617:3 › FTC-SEARCH-NAV-003A synthetic-large responsiveness › FTC-SEARCH-NAV-003A multi-family search keeps search-scoped All artists and follow-up tree selection responsive on synthetic data 

    TypeError: Cannot read properties of undefined (reading 'total')

       at ..\actions\trackModalActions.js:213

      211 |       subtitle: String(await this.trackModal.subtitle.textContent() || '').trim(),
      212 |       footer: String(await this.trackModal.footer.textContent() || '').trim(),
    > 213 |       total: String(await this.trackModal.albumTrackTable.total.textContent() || '').trim(),
          |                                                           ^
      214 |       playButtons: await this.trackModal.playButtons.count(),
      215 |       trackRows: await this.trackModal.trackRows.count(),
      216 |       coverLoaded,
        at TrackModalActions.readSummary (D:\a\AlbumHaven\AlbumHaven\tests\e2e\actions\trackModalActions.js:213:59)
        at TrackModalActions.waitForLoadedSummary (D:\a\AlbumHaven\AlbumHaven\tests\e2e\actions\trackModalActions.js:246:21)
        at D:\a\AlbumHaven\AlbumHaven\tests\e2e\syntheticLargeLibrary\allArtistsResponsiveness.spec.js:725:7
        at runStep (D:\a\AlbumHaven\AlbumHaven\tests\e2e\support\baseFixtures.js:146:22)
        at D:\a\AlbumHaven\AlbumHaven\tests\e2e\syntheticLargeLibrary\allArtistsResponsiveness.spec.js:723:5

    attachment #2: step-transcript.txt (text/plain) ────────────────────────────────────────────────
    [TEST] FTC-SEARCH-NAV-003A multi-family search keeps search-scoped All artists and follow-up tree selection responsive on synthetic data
      [STEP] Let the *** browse finish warming before measuring the search path
      [PASS] Let the *** browse finish warming before measuring the search path (1828 ms)...
    ────────────────────────────────────────────────────────────────────────────────────────────────

    attachment #4: stacktrace.txt (text/plain) ─────────────────────────────────────────────────────
    Error 1
    TypeError: Cannot read properties of undefined (reading 'total')
        at TrackModalActions.readSummary (D:\a\AlbumHaven\AlbumHaven\tests\e2e\actions\trackModalActions.js:213:59)
        at TrackModalActions.waitForLoadedSummary (D:\a\AlbumHaven\AlbumHaven\tests\e2e\actions\trackModalActions.js:24...
    ────────────────────────────────────────────────────────────────────────────────────────────────

    attachment #5: runtime-log.txt (text/plain) ────────────────────────────────────────────────────
    No runtime logs captured.
    ────────────────────────────────────────────────────────────────────────────────────────────────

    Error Context: test-results\playwright-performance-targets\search-all-artists\attempt-1\allArtistsResponsiveness-F-c554c-esponsive-on-synthetic-data-synthetic-large-library\error-context.md

    attachment #8: trace (application/zip) ─────────────────────────────────────────────────────────
    test-results\playwright-performance-targets\search-all-artists\attempt-1\allArtistsResponsiveness-F-c554c-esponsive-on-synthetic-data-synthetic-large-library\trace.zip
    Usage:

        npx playwright show-trace test-results\playwright-performance-targets\search-all-artists\attempt-1\allArtistsResponsiveness-F-c554c-esponsive-on-synthetic-data-synthetic-large-library\trace.zip

    ────────────────────────────────────────────────────────────────────────────────────────────────

  1 failed
    [synthetic-large-library] › tests\e2e\syntheticLargeLibrary\allArtistsResponsiveness.spec.js:617:3 › FTC-SEARCH-NAV-003A synthetic-large responsiveness › FTC-SEARCH-NAV-003A multi-family search keeps search-scoped All artists and follow-up tree selection responsive on synthetic data 
  2 passed (15.5s)

=== Playwright Summary ===
[x] FTC-SEARCH-NAV-003A synthetic-large responsiveness
  [✓] FTC-SEARCH-NAV-005 direct-loads a filtered Ария gallery with the complete Artist Family labels
  [✓] FTC-SEARCH-NAV-026 clears an Ария search after filtering to Виталий Дубинин without remounting the gallery or reducing Artist Family
  [x] FTC-SEARCH-NAV-003A multi-family search keeps search-scoped All artists and follow-up tree selection responsive on synthetic data (4.6s)[playwright-performance-reporter] flush-complete

Overall: 2/3 passed
Failed tests:
- FTC-SEARCH-NAV-003A synthetic-large responsiveness > FTC-SEARCH-NAV-003A multi-family search keeps search-scoped All artists and follow-up tree selection responsive on synthetic data (4.6s)[playwright-performance-reporter] flush-complete
2026-09-18 20:20:53,307 [INFO] music_app: Startup scan-cache hydration completed files=57980 albums=5329
2026-09-18 20:20:58,160 [INFO] music_app: {"action": "Index request completed", "album_count": 0, "artist_count": 0, "bootstrap_mode": "fresh_preview", "covers_in_progress": false, "elapsed_ms": 534.09, "hydrate_in_progress": false, "payload_elapsed_ms": 407.99, "query": "", "scan_in_progress": false, "selected_artist": "\u0410\u0440\u0438\u044f"}
2026-09-18 20:20:59,645 [INFO] music_app: {"action": "Index request completed", "album_count": 0, "artist_count": 0, "bootstrap_mode": "fresh_preview", "covers_in_progress": false, "elapsed_ms": 442.99, "hydrate_in_progress": false, "payload_elapsed_ms": 300.12, "query": "", "scan_in_progress": false, "selected_artist": ""}
2026-09-18 20:21:02,311 [INFO] music_app: {"action": "Postgres album search request started", "query": "\u0410\u0440\u0438\u044f"}
2026-09-18 20:21:02,503 [INFO] music_app: {"action": "View data request completed", "album_count": 6, "artist_count": 5, "elapsed_ms": 191.71, "query": "\u0410\u0440\u0438\u044f", "selected_artist": "\u0410\u0440\u0438\u044f"}
2026-09-18 20:21:04,123 [INFO] music_app: {"action": "Index request completed", "album_count": 0, "artist_count": 0, "bootstrap_mode": "fresh_preview", "covers_in_progress": false, "elapsed_ms": 320.97, "hydrate_in_progress": false, "payload_elapsed_ms": 280.44, "query": "", "scan_in_progress": false, "selected_artist": ""}
2026-09-18 20:21:06,611 [INFO] music_app: {"action": "Postgres album search request started", "query": "\u0410\u0440\u0438\u044f"}
2026-09-18 20:21:06,812 [INFO] music_app: {"action": "View data request completed", "album_count": 6, "artist_count": 5, "elapsed_ms": 200.86, "query": "\u0410\u0440\u0438\u044f", "selected_artist": "\u0410\u0440\u0438\u044f"}
[playwright-wrapper-failure-latched] {"phase":"tests-complete","status":"failed","total":3,"completed":3,"failed":1,"skipped":0,"errors":0}
[playwright-wrapper-diagnostic] {"reason":"wrapper-child-lifecycle-mismatch","childExitCode":1,"childExitSignal":null,"childCloseCode":1,"childCloseSignal":null,"processError":null,"stopReason":"none","cleanupOutcome":"completed"}
[playwright-wrapper-final-decision] {"wrapperExitCode":1,"attemptReturn":{"exitCode":1,"exitReason":"wrapper-child-lifecycle-mismatch"},"fakeDatabaseCleanup":{"status":"completed","error":null,"mode":"lock-only"},"scanAppCleanup":{"status":"not-required","error":null},"isolatedAppCleanup":{"status":"completed","error":null},"tempCleanup":{"status":"completed","error":null,"removedCount":0},"passivePortDiagnostics":[{"port":4197,"status":"completed","error":null,"ownerCount":0},{"port":4199,"status":"completed","error":null,"ownerCount":0}],"finalSummary":{"phase":"run-final","status":"failed","total":3,"completed":3,"failed":1,"skipped":0,"errors":0,"listOnly":false},"exitReason":"wrapper-child-lifecycle-mismatch"}

=== Playwright Summary ===
[x] Search All Artists
  [✓] FTC-SEARCH-NAV-005 direct-loads a filtered Ария gallery with the complete Artist Family labels
  [✓] FTC-SEARCH-NAV-026 clears an Ария search after filtering to Виталий Дубинин without remounting the gallery or reducing Artist Family
  [x] FTC-SEARCH-NAV-003A multi-family search keeps search-scoped All artists and follow-up tree selection responsive on synthetic data (4.6s)[playwright-performance-reporter] flush-complete

Overall: 2/3 passed
Failed tests:
- Search All Artists > FTC-SEARCH-NAV-003A multi-family search keeps search-scoped All artists and follow-up tree selection responsive on synthetic data (4.6s)[playwright-performance-reporter] flush-complete
D:\a\_temp\album-haven-performance-foundations\foundation-version-manifest-performance-utility-rules.json
=== Performance target: utility-rules ===
=== Performance run 1/1 for utility-rules ===
[performance-runner] target=utility-rules | attempt=1 | mode=headless | browser=chrome | real_app_port=4205
Album Haven production E2E app listening on http://127.0.0.1:4205 with 0 artists, 0 albums, 0 tracks, and provider fixtures on http://127.0.0.1:4207

Running 1 test using 1 worker

[TEST] FTC-UTIL-RULES-002 warmed Rules and the other utility tabs stay responsive and render their main information
  [STEP] Warm the *** browse before opening Utilities into Rules
  [PASS] Warm the *** browse before opening Utilities into Rules (2246 ms)
  [STEP] Open Settings and switch directly into Rules
[utility-rules-local] Rules ready after opening Settings in 1594 ms | memory 9.4 MB (9846544 bytes)
  [PASS] Open Settings and switch directly into Rules (1698 ms)
  [STEP] Verify the Rules tab layout and selected rule detail
  [PASS] Verify the Rules tab layout and selected rule detail (59 ms)
  [STEP] Sample idle memory after Rules becomes ready
[utility-rules-local] Rules idle memory after initial load 9.4 MB (9871372 bytes)
  [PASS] Sample idle memory after Rules becomes ready (601 ms)
  [STEP] Open every other utility tab and verify its main information
[utility-rules-local] Loops ready after switching from Rules in 190 ms | memory 9.4 MB (9903380 bytes)
[utility-rules-local] Loops idle memory after ready 9.5 MB (9919408 bytes)
[utility-rules-local] Log History ready after switching from Rules in 293 ms | memory 9.6 MB (10015664 bytes)
  [FAIL] Open every other utility tab and verify its main information :: Expected the Log History tab to show either history entries or its empty state.

expect(received).toBe(expected) // Object.is equality

Expected: true
Received: false (1182 ms)
  x  1 [synthetic-large-library] › tests\e2e\syntheticLargeLibrary\utilitiesResponsiveness.spec.js:21:3 › FTC-UTIL-RULES-002 synthetic-large utilities rules and sibling-tab responsiveness › FTC-UTIL-RULES-002 warmed Rules and the other utility tabs stay responsive and render their main information (9.2s)[playwright-performance-reporter] flush-complete

[album-haven-playwright-result] {"version":1,"phase":"tests-complete","nonce":"75a9fa135ebd322e0cff8b51fec0bf75e8c42e3d96147bd36d019d16b5e28a7f","status":"failed","total":1,"completed":1,"failed":1,"skipped":0,"errors":0}



[album-haven-playwright-result] {"version":1,"phase":"run-final","nonce":"75a9fa135ebd322e0cff8b51fec0bf75e8c42e3d96147bd36d019d16b5e28a7f","status":"failed","total":1,"completed":1,"failed":1,"skipped":0,"errors":0}

  1) [synthetic-large-library] › tests\e2e\syntheticLargeLibrary\utilitiesResponsiveness.spec.js:21:3 › FTC-UTIL-RULES-002 synthetic-large utilities rules and sibling-tab responsiveness › FTC-UTIL-RULES-002 warmed Rules and the other utility tabs stay responsive and render their main information 

    Error: Expected the Log History tab to show either history entries or its empty state.

    expect(received).toBe(expected) // Object.is equality

    Expected: true
    Received: false

      117 |               summary.itemCount > 0 || Boolean(summary.emptyState),
      118 |               'Expected the Log History tab to show either history entries or its empty state.',
    > 119 |             ).toBe(true);
          |               ^
      120 |           },
      121 |         },
      122 |         {
        at Object.assertSummary (D:\a\AlbumHaven\AlbumHaven\tests\e2e\syntheticLargeLibrary\utilitiesResponsiveness.spec.js:119:15)
        at D:\a\AlbumHaven\AlbumHaven\tests\e2e\syntheticLargeLibrary\utilitiesResponsiveness.spec.js:175:20
        at runStep (D:\a\AlbumHaven\AlbumHaven\tests\e2e\support\baseFixtures.js:146:22)
        at D:\a\AlbumHaven\AlbumHaven\tests\e2e\syntheticLargeLibrary\utilitiesResponsiveness.spec.js:90:5

    attachment #2: step-transcript.txt (text/plain) ────────────────────────────────────────────────
    [TEST] FTC-UTIL-RULES-002 warmed Rules and the other utility tabs stay responsive and render their main information
      [STEP] Warm the *** browse before opening Utilities into Rules
2026-09-18 20:21:27,017 [INFO] music_app: Startup scan-cache hydration completed files=57980 albums=5329
2026-09-18 20:21:32,023 [INFO] music_app: {"action": "Index request completed", "album_count": 0, "artist_count": 0, "bootstrap_mode": "fresh_preview", "covers_in_progress": false, "elapsed_ms": 373.74, "hydrate_in_progress": false, "payload_elapsed_ms": 273.76, "query": "", "scan_in_progress": false, "selected_artist": ""}
[playwright-wrapper-failure-latched] {"phase":"tests-complete","status":"failed","total":1,"completed":1,"failed":1,"skipped":0,"errors":0}
[playwright-wrapper-diagnostic] {"reason":"wrapper-child-lifecycle-mismatch","childExitCode":1,"childExitSignal":null,"childCloseCode":1,"childCloseSignal":null,"processError":null,"stopReason":"none","cleanupOutcome":"completed"}
[playwright-wrapper-final-decision] {"wrapperExitCode":1,"attemptReturn":{"exitCode":1,"exitReason":"wrapper-child-lifecycle-mismatch"},"fakeDatabaseCleanup":{"status":"completed","error":null,"mode":"lock-only"},"scanAppCleanup":{"status":"not-required","error":null},"isolatedAppCleanup":{"status":"completed","error":null},"tempCleanup":{"status":"completed","error":null,"removedCount":0},"passivePortDiagnostics":[{"port":4205,"status":"completed","error":null,"ownerCount":0},{"port":4207,"status":"completed","error":null,"ownerCount":0}],"finalSummary":{"phase":"run-final","status":"failed","total":1,"completed":1,"failed":1,"skipped":0,"errors":0,"listOnly":false},"exitReason":"wrapper-child-lifecycle-mismatch"}
      [PASS] Warm the *** browse before opening Utilities into Rules (2246 ms)
      [STEP] Open Settings and switch directly...
    ────────────────────────────────────────────────────────────────────────────────────────────────

    attachment #4: stacktrace.txt (text/plain) ─────────────────────────────────────────────────────
    Error 1
    Error: Expected the Log History tab to show either history entries or its empty state.
    
    expect(received).toBe(expected) // Object.is equality
    
    Expected: true
    Received: false
        at Object.assertSummary (D:\a\AlbumHav...
    ────────────────────────────────────────────────────────────────────────────────────────────────

    attachment #5: runtime-log.txt (text/plain) ────────────────────────────────────────────────────
    [2026-09-18T20:21:36.353Z] console/info: [AlbumHaven][Utilities][Diagnostics] {kind: summary, itemCount: 82, ok: true, status: 200, error: null} @ http://127.0.0.1:4205/static/js/runtime-bundle.js?v=3d7038065bd9cf6aa40b:21817:10
    ────────────────────────────────────────────────────────────────────────────────────────────────

    Error Context: test-results\playwright-performance-targets\utility-rules\attempt-1\utilitiesResponsiveness-FT-1b9f2-nder-their-main-information-synthetic-large-library\error-context.md

    attachment #8: trace (application/zip) ─────────────────────────────────────────────────────────
    test-results\playwright-performance-targets\utility-rules\attempt-1\utilitiesResponsiveness-FT-1b9f2-nder-their-main-information-synthetic-large-library\trace.zip
    Usage:

        npx playwright show-trace test-results\playwright-performance-targets\utility-rules\attempt-1\utilitiesResponsiveness-FT-1b9f2-nder-their-main-information-synthetic-large-library\trace.zip

    ────────────────────────────────────────────────────────────────────────────────────────────────

  1 failed
    [synthetic-large-library] › tests\e2e\syntheticLargeLibrary\utilitiesResponsiveness.spec.js:21:3 › FTC-UTIL-RULES-002 synthetic-large utilities rules and sibling-tab responsiveness › FTC-UTIL-RULES-002 warmed Rules and the other utility tabs stay responsive and render their main information 

=== Playwright Summary ===
[x] FTC-UTIL-RULES-002 synthetic-large utilities rules and sibling-tab responsiveness
  [x] FTC-UTIL-RULES-002 warmed Rules and the other utility tabs stay responsive and render their main information (9.2s)[playwright-performance-reporter] flush-complete

Overall: 0/1 passed
Failed tests:
- FTC-UTIL-RULES-002 synthetic-large utilities rules and sibling-tab responsiveness > FTC-UTIL-RULES-002 warmed Rules and the other utility tabs stay responsive and render their main information (9.2s)[playwright-performance-reporter] flush-complete

=== Playwright Summary ===
[x] Rules Utility
  [x] FTC-UTIL-RULES-002 warmed Rules and the other utility tabs stay responsive and render their main information (9.2s)[playwright-performance-reporter] flush-complete

Overall: 0/1 passed
Failed tests:
- Rules Utility > FTC-UTIL-RULES-002 warmed Rules and the other utility tabs stay responsive and render their main information (9.2s)[playwright-performance-reporter] flush-complete
D:\a\_temp\album-haven-performance-foundations\foundation-version-manifest-performance-selected-artist.json
=== Performance target: selected-artist ===
=== Performance run 1/1 for selected-artist ===
[performance-runner] target=selected-artist | attempt=1 | mode=headless | browser=chrome | real_app_port=4213
Album Haven production E2E app listening on http://127.0.0.1:4213 with 0 artists, 0 albums, 0 tracks, and provider fixtures on http://127.0.0.1:4215

Running 2 tests using 1 worker

[TEST] Selected artist UI reports library_browse telemetry and timing
  [STEP] Warm the real app *** through the visible sidebar and gallery path
  [PASS] Warm the real app *** through the visible sidebar and gallery path (3750 ms)
  [STEP] Select one sidebar artist and wait for the gallery to switch visibly
  [PASS] Select one sidebar artist and wait for the gallery to switch visibly (300 ms)
  [STEP] Assert the selected artist UI came from library_browse with playable track paths
  [PASS] Assert the selected artist UI came from library_browse with playable track paths (10 ms)
  [STEP] Open one selected-artist album details modal and wait for playable tracks
  [FAIL] Open one selected-artist album details modal and wait for playable tracks :: Cannot read properties of undefined (reading 'total') (177 ms)
  x  1 [synthetic-large-library] › tests\e2e\syntheticLargeLibrary\selectedArtist.spec.js:26:3 › FTC-GALLERY-STARTUP-005Q synthetic-large selected-artist browse › Selected artist UI reports library_browse telemetry and timing (6.2s)
[TEST] FTC-ARTIST-FAMILY-004 keeps the IR8 / Sexoturica split release in the Devin Townsend family
  [STEP] Open Devin Townsend through search and the production family projection
  [PASS] Open Devin Townsend through search and the production family projection (4470 ms)
  [STEP] Hydrate the complete known family with every member selected by default
  [PASS] Hydrate the complete known family with every member selected by default (252 ms)
  [STEP] Keep the split release visible under its combined artist heading
  [PASS] Keep the split release visible under its combined artist heading (1773 ms)
  ok 2 [synthetic-large-library] › tests\e2e\syntheticLargeLibrary\selectedArtist.spec.js:158:3 › FTC-GALLERY-STARTUP-005Q synthetic-large selected-artist browse › FTC-ARTIST-FAMILY-004 keeps the IR8 / Sexoturica split release in the Devin Townsend family (7.8s)[playwright-performance-reporter] flush-complete

[album-haven-playwright-result] {"version":1,"phase":"tests-complete","nonce":"da5e430d4a646e5b02853b2680240d774d3e4476c21c71624b81fe2c3db3a04e","status":"failed","total":2,"completed":2,"failed":1,"skipped":0,"errors":0}



[album-haven-playwright-result] {"version":1,"phase":"run-final","nonce":"da5e430d4a646e5b02853b2680240d774d3e4476c21c71624b81fe2c3db3a04e","status":"failed","total":2,"completed":2,"failed":1,"skipped":0,"errors":0}

  1) [synthetic-large-library] › tests\e2e\syntheticLargeLibrary\selectedArtist.spec.js:26:3 › FTC-GALLERY-STARTUP-005Q synthetic-large selected-artist browse › Selected artist UI reports library_browse telemetry and timing 

    TypeError: Cannot read properties of undefined (reading 'total')

       at ..\actions\trackModalActions.js:213

      211 |       subtitle: String(await this.trackModal.subtitle.textContent() || '').trim(),
      212 |       footer: String(await this.trackModal.footer.textContent() || '').trim(),
    > 213 |       total: String(await this.trackModal.albumTrackTable.total.textContent() || '').trim(),
          |                                                           ^
      214 |       playButtons: await this.trackModal.playButtons.count(),
      215 |       trackRows: await this.trackModal.trackRows.count(),
      216 |       coverLoaded,
        at TrackModalActions.readSummary (D:\a\AlbumHaven\AlbumHaven\tests\e2e\actions\trackModalActions.js:213:59)
        at TrackModalActions.waitForLoadedSummary (D:\a\AlbumHaven\AlbumHaven\tests\e2e\actions\trackModalActions.js:246:21)
        at D:\a\AlbumHaven\AlbumHaven\tests\e2e\syntheticLargeLibrary\selectedArtist.spec.js:82:31
        at measureActionTime (D:\a\AlbumHaven\AlbumHaven\tests\e2e\helpers\performanceHelpers.js:181:5)
        at runStep (D:\a\AlbumHaven\AlbumHaven\tests\e2e\support\baseFixtures.js:146:22)
2026-09-18 20:21:56,634 [INFO] music_app: Startup scan-cache hydration completed files=57980 albums=5329
2026-09-18 20:22:01,084 [INFO] music_app: {"action": "Index request completed", "album_count": 0, "artist_count": 0, "bootstrap_mode": "fresh_preview", "covers_in_progress": false, "elapsed_ms": 353.92, "hydrate_in_progress": false, "payload_elapsed_ms": 260.37, "query": "", "scan_in_progress": false, "selected_artist": ""}
2026-09-18 20:22:09,347 [INFO] music_app: {"action": "Index request completed", "album_count": 0, "artist_count": 0, "bootstrap_mode": "fresh_preview", "covers_in_progress": false, "elapsed_ms": 326.96, "hydrate_in_progress": false, "payload_elapsed_ms": 287.31, "query": "", "scan_in_progress": false, "selected_artist": ""}
2026-09-18 20:22:11,964 [INFO] music_app: {"action": "Postgres album search request started", "query": "Devin Townsend"}
2026-09-18 20:22:12,122 [INFO] music_app: {"action": "View data request completed", "album_count": 62, "artist_count": 3, "elapsed_ms": 158.38, "query": "Devin Townsend", "selected_artist": "Devin Townsend"}
[playwright-wrapper-failure-latched] {"phase":"tests-complete","status":"failed","total":2,"completed":2,"failed":1,"skipped":0,"errors":0}
[playwright-wrapper-diagnostic] {"reason":"wrapper-child-lifecycle-mismatch","childExitCode":1,"childExitSignal":null,"childCloseCode":1,"childCloseSignal":null,"processError":null,"stopReason":"none","cleanupOutcome":"completed"}
[playwright-wrapper-final-decision] {"wrapperExitCode":1,"attemptReturn":{"exitCode":1,"exitReason":"wrapper-child-lifecycle-mismatch"},"fakeDatabaseCleanup":{"status":"completed","error":null,"mode":"lock-only"},"scanAppCleanup":{"status":"not-required","error":null},"isolatedAppCleanup":{"status":"completed","error":null},"tempCleanup":{"status":"completed","error":null,"removedCount":0},"passivePortDiagnostics":[{"port":4213,"status":"completed","error":null,"ownerCount":0},{"port":4215,"status":"completed","error":null,"ownerCount":0}],"finalSummary":{"phase":"run-final","status":"failed","total":2,"completed":2,"failed":1,"skipped":0,"errors":0,"listOnly":false},"exitReason":"wrapper-child-lifecycle-mismatch"}
        at D:\a\AlbumHaven\AlbumHaven\tests\e2e\syntheticLargeLibrary\selectedArtist.spec.js:76:32

    attachment #2: step-transcript.txt (text/plain) ────────────────────────────────────────────────
    [TEST] Selected artist UI reports library_browse telemetry and timing
      [STEP] Warm the real app *** through the visible sidebar and gallery path
      [PASS] Warm the real app *** through the visible sidebar and gallery path (3750 ms)
      [STEP] Select one sidebar artist and wait for the gallery to swi...
    ────────────────────────────────────────────────────────────────────────────────────────────────

    attachment #4: stacktrace.txt (text/plain) ─────────────────────────────────────────────────────
    Error 1
    TypeError: Cannot read properties of undefined (reading 'total')
        at TrackModalActions.readSummary (D:\a\AlbumHaven\AlbumHaven\tests\e2e\actions\trackModalActions.js:213:59)
        at TrackModalActions.waitForLoadedSummary (D:\a\AlbumHaven\AlbumHaven\tests\e2e\actions\trackModalActions.js:24...
    ────────────────────────────────────────────────────────────────────────────────────────────────

    attachment #5: runtime-log.txt (text/plain) ────────────────────────────────────────────────────
    No runtime logs captured.
    ────────────────────────────────────────────────────────────────────────────────────────────────

    Error Context: test-results\playwright-performance-targets\selected-artist\attempt-1\selectedArtist-FTC-GALLERY-056c4-browse-telemetry-and-timing-synthetic-large-library\error-context.md

    attachment #8: trace (application/zip) ─────────────────────────────────────────────────────────
    test-results\playwright-performance-targets\selected-artist\attempt-1\selectedArtist-FTC-GALLERY-056c4-browse-telemetry-and-timing-synthetic-large-library\trace.zip
    Usage:

        npx playwright show-trace test-results\playwright-performance-targets\selected-artist\attempt-1\selectedArtist-FTC-GALLERY-056c4-browse-telemetry-and-timing-synthetic-large-library\trace.zip

    ────────────────────────────────────────────────────────────────────────────────────────────────

  1 failed
    [synthetic-large-library] › tests\e2e\syntheticLargeLibrary\selectedArtist.spec.js:26:3 › FTC-GALLERY-STARTUP-005Q synthetic-large selected-artist browse › Selected artist UI reports library_browse telemetry and timing 
  1 passed (18.6s)

=== Playwright Summary ===
[x] FTC-GALLERY-STARTUP-005Q synthetic-large selected-artist browse
  [x] Selected artist UI reports library_browse telemetry and timing
  [✓] FTC-ARTIST-FAMILY-004 keeps the IR8 / Sexoturica split release in the Devin Townsend family (7.8s)[playwright-performance-reporter] flush-complete

Overall: 1/2 passed
Failed tests:
- FTC-GALLERY-STARTUP-005Q synthetic-large selected-artist browse > Selected artist UI reports library_browse telemetry and timing

=== Playwright Summary ===
[x] Selected Artist Browse
  [x] Selected artist UI reports library_browse telemetry and timing
  [✓] FTC-ARTIST-FAMILY-004 keeps the IR8 / Sexoturica split release in the Devin Townsend family (7.8s)[playwright-performance-reporter] flush-complete

Overall: 1/2 passed
Failed tests:
- Selected Artist Browse > Selected artist UI reports library_browse telemetry and timing
D:\a\_temp\album-haven-performance-foundations\foundation-version-manifest-performance-search-browse.json
=== Performance target: search-browse ===
=== Performance run 1/1 for search-browse ===
[performance-runner] target=search-browse | attempt=1 | mode=headless | browser=chrome | real_app_port=4221
Album Haven production E2E app listening on http://127.0.0.1:4221 with 0 artists, 0 albums, 0 tracks, and provider fixtures on http://127.0.0.1:4223

Running 1 test using 1 worker

[TEST] Search UI reports direct library_browse telemetry and timing
  [STEP] Warm the real app *** before exercising the visible search path
  [PASS] Warm the real app *** before exercising the visible search path (3630 ms)
  [STEP] Search from the visible UI and wait for query results
  [PASS] Search from the visible UI and wait for query results (539 ms)
  [STEP] Wait for the filtered gallery and visible covers to settle
  [PASS] Wait for the filtered gallery and visible covers to settle (37 ms)
  [STEP] Assert the search UI came from library_browse with direct matches
  [PASS] Assert the search UI came from library_browse with direct matches (8 ms)
[search-browse-focused-local] Search query ready in 539 ms | memory 6.8 MB (7111824 bytes)
  ok 1 [synthetic-large-library] › tests\e2e\syntheticLargeLibrary\searchBrowse.spec.js:24:3 › FTC-GALLERY-STARTUP-005R synthetic-large direct search browse › Search UI reports direct library_browse telemetry and timing (5.4s)[playwright-performance-reporter] flush-complete

[album-haven-playwright-result] {"version":1,"phase":"tests-complete","nonce":"f5b8c9d16e7a848e1c2c14944189afa9d5dff37c659e5c5b3d2e31914cff7aec","status":"passed","total":1,"completed":1,"failed":0,"skipped":0,"errors":0}



[album-haven-playwright-result] {"version":1,"phase":"run-final","nonce":"f5b8c9d16e7a848e1c2c14944189afa9d5dff37c659e5c5b3d2e31914cff7aec","status":"passed","total":1,"completed":1,"failed":0,"skipped":0,"errors":0}
2026-09-18 20:22:37,983 [INFO] music_app: Startup scan-cache hydration completed files=57980 albums=5329
2026-09-18 20:22:41,926 [INFO] music_app: {"action": "Index request completed", "album_count": 0, "artist_count": 0, "bootstrap_mode": "fresh_preview", "covers_in_progress": false, "elapsed_ms": 360.45, "hydrate_in_progress": false, "payload_elapsed_ms": 267.9, "query": "", "scan_in_progress": false, "selected_artist": ""}
2026-09-18 20:22:44,946 [INFO] music_app: {"action": "Postgres album search request started", "query": "Cosmic Cathedral"}
2026-09-18 20:22:45,129 [INFO] music_app: {"action": "View data request completed", "album_count": 10, "artist_count": 4, "elapsed_ms": 182.58, "query": "Cosmic Cathedral", "selected_artist": "Cosmic Cathedral"}
[playwright-wrapper-final-decision] {"wrapperExitCode":0,"attemptReturn":{"exitCode":0,"exitReason":"authoritative-pass"},"fakeDatabaseCleanup":{"status":"completed","error":null,"mode":"lock-only"},"scanAppCleanup":{"status":"not-required","error":null},"isolatedAppCleanup":{"status":"completed","error":null},"tempCleanup":{"status":"completed","error":null,"removedCount":0},"passivePortDiagnostics":[{"port":4221,"status":"completed","error":null,"ownerCount":0},{"port":4223,"status":"completed","error":null,"ownerCount":0}],"finalSummary":{"phase":"run-final","status":"passed","total":1,"completed":1,"failed":0,"skipped":0,"errors":0,"listOnly":false},"exitReason":"authoritative-pass"}
  1 passed (7.1s)

=== Playwright Summary ===
[✓] FTC-GALLERY-STARTUP-005R synthetic-large direct search browse
  [✓] Search UI reports direct library_browse telemetry and timing (5.4s)[playwright-performance-reporter] flush-complete

Overall: 1/1 passed

=== Playwright Summary ===
[✓] Search Browse
  [✓] Search UI reports direct library_browse telemetry and timing (5.4s)[playwright-performance-reporter] flush-complete

Overall: 1/1 passed
D:\a\_temp\album-haven-performance-foundations\foundation-version-manifest-performance-***-album-browse.json
=== Performance target: ***-album-browse ===
=== Performance run 1/1 for ***-album-browse ===
[performance-runner] target=***-album-browse | attempt=1 | mode=headless | browser=chrome | real_app_port=4229
Album Haven production E2E app listening on http://127.0.0.1:4229 with 0 artists, 0 albums, 0 tracks, and provider fixtures on http://127.0.0.1:4231

Running 1 test using 1 worker

[TEST] Root album browse UI reports library_browse telemetry and timing
  [STEP] Open the real app *** and wait for the All Artists gallery to settle visibly
  [PASS] Open the real app *** and wait for the All Artists gallery to settle visibly (4254 ms)
  [STEP] Assert the visible *** album browse came from library_browse with the full browse payload
  [PASS] Assert the visible *** album browse came from library_browse with the full browse payload (22 ms)
[***-album-browse-focused-local] Root album browse UI ready in 4254 ms | memory 10.1 MB (10626808 bytes)
  ok 1 [synthetic-large-library] › tests\e2e\syntheticLargeLibrary\***AlbumBrowse.spec.js:29:3 › FTC-GALLERY-STARTUP-005S synthetic-large *** album browse UI › Root album browse UI reports library_browse telemetry and timing (6.4s)[playwright-performance-reporter] flush-complete

[album-haven-playwright-result] {"version":1,"phase":"tests-complete","nonce":"795e4fdc3496b6c8e9fd3e49c0a9185f47d1afa599589245808dc434e84bf647","status":"passed","total":1,"completed":1,"failed":0,"skipped":0,"errors":0}



[album-haven-playwright-result] {"version":1,"phase":"run-final","nonce":"795e4fdc3496b6c8e9fd3e49c0a9185f47d1afa599589245808dc434e84bf647","status":"passed","total":1,"completed":1,"failed":0,"skipped":0,"errors":0}
  1 passed (9.3s)

=== Playwright Summary ===
[✓] FTC-GALLERY-STARTUP-005S synthetic-large *** album browse UI
  [✓] Root album browse UI reports library_browse telemetry and timing (6.4s)[playwright-performance-reporter] flush-complete

Overall: 1/1 passed
2026-09-18 20:23:03,819 [INFO] music_app: Startup scan-cache hydration completed files=57980 albums=5329
2026-09-18 20:23:09,278 [INFO] music_app: {"action": "Index request completed", "album_count": 0, "artist_count": 0, "bootstrap_mode": "fresh_preview", "covers_in_progress": false, "elapsed_ms": 385.63, "hydrate_in_progress": false, "payload_elapsed_ms": 286.74, "query": "", "scan_in_progress": false, "selected_artist": ""}
[playwright-wrapper-final-decision] {"wrapperExitCode":0,"attemptReturn":{"exitCode":0,"exitReason":"authoritative-pass"},"fakeDatabaseCleanup":{"status":"completed","error":null,"mode":"lock-only"},"scanAppCleanup":{"status":"not-required","error":null},"isolatedAppCleanup":{"status":"completed","error":null},"tempCleanup":{"status":"completed","error":null,"removedCount":0},"passivePortDiagnostics":[{"port":4229,"status":"completed","error":null,"ownerCount":0},{"port":4231,"status":"completed","error":null,"ownerCount":0}],"finalSummary":{"phase":"run-final","status":"passed","total":1,"completed":1,"failed":0,"skipped":0,"errors":0,"listOnly":false},"exitReason":"authoritative-pass"}

=== Playwright Summary ===
[✓] Root Album Browse
  [✓] Root album browse UI reports library_browse telemetry and timing (6.4s)[playwright-performance-reporter] flush-complete

Overall: 1/1 passed
D:\a\_temp\album-haven-performance-foundations\foundation-version-manifest-performance-app-open-all-artists.json
=== Performance target: app-open-all-artists ===
=== Performance run 1/1 for app-open-all-artists ===
[performance-runner] target=app-open-all-artists | attempt=1 | mode=headless | browser=chrome | real_app_port=4237
Album Haven production E2E app listening on http://127.0.0.1:4237 with 0 artists, 0 albums, 0 tracks, and provider fixtures on http://127.0.0.1:4239

Running 1 test using 1 worker

[TEST] App open renders All Artists UI and explicit full *** browse uses library_browse
  [STEP] Open the real app ***, confirm the startup entry path, and wait for visible All Artists UI readiness
  [PASS] Open the real app ***, confirm the startup entry path, and wait for visible All Artists UI readiness (1188 ms)
  [STEP] Assert the app-open path exposes a valid startup entry path and then hydrates into All Artists
  [PASS] Assert the app-open path exposes a valid startup entry path and then hydrates into All Artists (21 ms)
[app-open-all-artists-focused-local] App-open visible All Artists UI ready in 1188 ms | memory 3.8 MB (3969708 bytes)
  [STEP] Wait for strict full sidebar hydration proof after visible readiness
  [PASS] Wait for strict full sidebar hydration proof after visible readiness (2047 ms)
  [STEP] Assert app-open full sidebar proof came from library_browse
  [PASS] Assert app-open full sidebar proof came from library_browse (4 ms)
[app-open-all-artists-focused-local] App-open full sidebar hydration proof in 449 ms | memory 11.2 MB (11694352 bytes)
[performance-budget] visibleUiReadyMs: TARGET MET: Opening the app on the default route should reach the rendered Postgres sidebar preview, first gallery paint, and decoded same-origin covers within the 2100 ms target plus the owner-approved 400 ms grace. took 1188 ms, at or below the 4600 ms target (hard ceiling 5000 ms).
  ok 1 [synthetic-large-library] › tests\e2e\syntheticLargeLibrary\appOpenAllArtists.spec.js:28:3 › FTC-GALLERY-STARTUP-005T synthetic-large app-open All Artists UI › App open renders All Artists UI and explicit full *** browse uses library_browse (6.5s)[playwright-performance-reporter] flush-complete

[album-haven-playwright-result] {"version":1,"phase":"tests-complete","nonce":"64c99108bce78a759f51d201d8e53d92b4fa92d204c6f92743d7700a195d74a2","status":"passed","total":1,"completed":1,"failed":0,"skipped":0,"errors":0}



[album-haven-playwright-result] {"version":1,"phase":"run-final","nonce":"64c99108bce78a759f51d201d8e53d92b4fa92d204c6f92743d7700a195d74a2","status":"passed","total":1,"completed":1,"failed":0,"skipped":0,"errors":0}
  1 passed (9.9s)

=== Playwright Summary ===
[✓] FTC-GALLERY-STARTUP-005T synthetic-large app-open All Artists UI
  [✓] App open renders All Artists UI and explicit full *** browse uses library_browse (6.5s)[playwright-performance-reporter] flush-complete

Overall: 1/1 passed
2026-09-18 20:23:31,920 [INFO] music_app: Startup scan-cache hydration completed files=57980 albums=5329
2026-09-18 20:23:36,604 [INFO] music_app: {"action": "Index request completed", "album_count": 0, "artist_count": 0, "bootstrap_mode": "fresh_preview", "covers_in_progress": false, "elapsed_ms": 389.97, "hydrate_in_progress": false, "payload_elapsed_ms": 290.27, "query": "", "scan_in_progress": false, "selected_artist": ""}
[playwright-wrapper-final-decision] {"wrapperExitCode":0,"attemptReturn":{"exitCode":0,"exitReason":"authoritative-pass"},"fakeDatabaseCleanup":{"status":"completed","error":null,"mode":"lock-only"},"scanAppCleanup":{"status":"not-required","error":null},"isolatedAppCleanup":{"status":"completed","error":null},"tempCleanup":{"status":"completed","error":null,"removedCount":0},"passivePortDiagnostics":[{"port":4237,"status":"completed","error":null,"ownerCount":0},{"port":4239,"status":"completed","error":null,"ownerCount":0}],"finalSummary":{"phase":"run-final","status":"passed","total":1,"completed":1,"failed":0,"skipped":0,"errors":0,"listOnly":false},"exitReason":"authoritative-pass"}

=== Playwright Summary ===
[✓] App Open All Artists
  [✓] App open renders All Artists UI and explicit full *** browse uses library_browse (6.5s)[playwright-performance-reporter] flush-complete

Overall: 1/1 passed
D:\a\_temp\album-haven-performance-foundations\foundation-version-manifest-performance-rules-focused.json
=== Performance target: rules-focused ===
=== Performance run 1/1 for rules-focused ===
[performance-runner] target=rules-focused | attempt=1 | mode=headless | browser=chrome | real_app_port=4245
Album Haven production E2E app listening on http://127.0.0.1:4245 with 0 artists, 0 albums, 0 tracks, and provider fixtures on http://127.0.0.1:4247

Running 1 test using 1 worker

[TEST] Rules and sibling utility tabs report library_browse telemetry and timing
  [STEP] Warm the real app *** before opening Settings > Rules
  [PASS] Warm the real app *** before opening Settings > Rules (3096 ms)
  [STEP] Open Rules through the visible Settings UI
  [PASS] Open Rules through the visible Settings UI (445 ms)
  [STEP] Assert the Rules UI came from the utility projection
2026-09-18 20:24:01,211 [INFO] music_app: Startup scan-cache hydration completed files=57980 albums=5329
2026-09-18 20:24:06,923 [INFO] music_app: {"action": "Index request completed", "album_count": 0, "artist_count": 0, "bootstrap_mode": "fresh_preview", "covers_in_progress": false, "elapsed_ms": 386.96, "hydrate_in_progress": false, "payload_elapsed_ms": 289.58, "query": "", "scan_in_progress": false, "selected_artist": ""}
[playwright-wrapper-failure-latched] {"phase":"tests-complete","status":"failed","total":1,"completed":1,"failed":1,"skipped":0,"errors":0}
[playwright-wrapper-diagnostic] {"reason":"wrapper-child-lifecycle-mismatch","childExitCode":1,"childExitSignal":null,"childCloseCode":1,"childCloseSignal":null,"processError":null,"stopReason":"none","cleanupOutcome":"completed"}
[playwright-wrapper-final-decision] {"wrapperExitCode":1,"attemptReturn":{"exitCode":1,"exitReason":"wrapper-child-lifecycle-mismatch"},"fakeDatabaseCleanup":{"status":"completed","error":null,"mode":"lock-only"},"scanAppCleanup":{"status":"not-required","error":null},"isolatedAppCleanup":{"status":"completed","error":null},"tempCleanup":{"status":"completed","error":null,"removedCount":0},"passivePortDiagnostics":[{"port":4245,"status":"completed","error":null,"ownerCount":0},{"port":4247,"status":"completed","error":null,"ownerCount":0}],"finalSummary":{"phase":"run-final","status":"failed","total":1,"completed":1,"failed":1,"skipped":0,"errors":0,"listOnly":false},"exitReason":"wrapper-child-lifecycle-mismatch"}
  [PASS] Assert the Rules UI came from the utility projection (26 ms)
  [STEP] Open every other utility tab and verify its main information
[rules-focused-local] Utility Loops ready after switching from Rules in 220 ms | memory 9.4 MB (9901216 bytes)
[rules-focused-local] Utility Log History ready after switching from Rules in 948 ms | memory 9.6 MB (10056240 bytes)
  [FAIL] Open every other utility tab and verify its main information :: Expected the Log History tab to show either history entries or its empty state.

expect(received).toBe(expected) // Object.is equality

Expected: true
Received: false (1302 ms)
  x  1 [synthetic-large-library] › tests\e2e\syntheticLargeLibrary\utilityRules.spec.js:32:3 › FTC-UTIL-RULES-002P synthetic-large utility rules and sibling-tab UI › Rules and sibling utility tabs report library_browse telemetry and timing (8.4s)[playwright-performance-reporter] flush-complete

[album-haven-playwright-result] {"version":1,"phase":"tests-complete","nonce":"ac9d252f5293c9025e093419e641c0b64d676176d31f51f599cde90957fae505","status":"failed","total":1,"completed":1,"failed":1,"skipped":0,"errors":0}



[album-haven-playwright-result] {"version":1,"phase":"run-final","nonce":"ac9d252f5293c9025e093419e641c0b64d676176d31f51f599cde90957fae505","status":"failed","total":1,"completed":1,"failed":1,"skipped":0,"errors":0}

  1) [synthetic-large-library] › tests\e2e\syntheticLargeLibrary\utilityRules.spec.js:32:3 › FTC-UTIL-RULES-002P synthetic-large utility rules and sibling-tab UI › Rules and sibling utility tabs report library_browse telemetry and timing 

    Error: Expected the Log History tab to show either history entries or its empty state.

    expect(received).toBe(expected) // Object.is equality

    Expected: true
    Received: false

      109 |               summary.itemCount > 0 || Boolean(summary.emptyState),
      110 |               'Expected the Log History tab to show either history entries or its empty state.',
    > 111 |             ).toBe(true);
          |               ^
      112 |           },
      113 |         },
      114 |         {
        at Object.assertSummary (D:\a\AlbumHaven\AlbumHaven\tests\e2e\syntheticLargeLibrary\utilityRules.spec.js:111:15)
        at D:\a\AlbumHaven\AlbumHaven\tests\e2e\syntheticLargeLibrary\utilityRules.spec.js:178:20
        at runStep (D:\a\AlbumHaven\AlbumHaven\tests\e2e\support\baseFixtures.js:146:22)
        at D:\a\AlbumHaven\AlbumHaven\tests\e2e\syntheticLargeLibrary\utilityRules.spec.js:86:5

    attachment #2: step-transcript.txt (text/plain) ────────────────────────────────────────────────
    [TEST] Rules and sibling utility tabs report library_browse telemetry and timing
      [STEP] Warm the real app *** before opening Settings > Rules
      [PASS] Warm the real app *** before opening Settings > Rules (3096 ms)
      [STEP] Open Rules through the visible Settings UI
      [PASS] Open Rules through t...
    ────────────────────────────────────────────────────────────────────────────────────────────────

    attachment #4: stacktrace.txt (text/plain) ─────────────────────────────────────────────────────
    Error 1
    Error: Expected the Log History tab to show either history entries or its empty state.
    
    expect(received).toBe(expected) // Object.is equality
    
    Expected: true
    Received: false
        at Object.assertSummary (D:\a\AlbumHav...
    ────────────────────────────────────────────────────────────────────────────────────────────────

    attachment #5: runtime-log.txt (text/plain) ────────────────────────────────────────────────────
    [2026-09-18T20:24:10.015Z] console/info: [AlbumHaven][Utilities][Diagnostics] {kind: summary, itemCount: 82, ok: true, status: 200, error: null} @ http://127.0.0.1:4245/static/js/runtime-bundle.js?v=3d7038065bd9cf6aa40b:21817:10
    ────────────────────────────────────────────────────────────────────────────────────────────────

    Error Context: test-results\playwright-performance-targets\rules-focused\attempt-1\utilityRules-FTC-UTIL-RULE-25de9-browse-telemetry-and-timing-synthetic-large-library\error-context.md

    attachment #8: trace (application/zip) ─────────────────────────────────────────────────────────
    test-results\playwright-performance-targets\rules-focused\attempt-1\utilityRules-FTC-UTIL-RULE-25de9-browse-telemetry-and-timing-synthetic-large-library\trace.zip
    Usage:

        npx playwright show-trace test-results\playwright-performance-targets\rules-focused\attempt-1\utilityRules-FTC-UTIL-RULE-25de9-browse-telemetry-and-timing-synthetic-large-library\trace.zip

    ────────────────────────────────────────────────────────────────────────────────────────────────

  1 failed
    [synthetic-large-library] › tests\e2e\syntheticLargeLibrary\utilityRules.spec.js:32:3 › FTC-UTIL-RULES-002P synthetic-large utility rules and sibling-tab UI › Rules and sibling utility tabs report library_browse telemetry and timing 

=== Playwright Summary ===
[x] FTC-UTIL-RULES-002P synthetic-large utility rules and sibling-tab UI
  [x] Rules and sibling utility tabs report library_browse telemetry and timing (8.4s)[playwright-performance-reporter] flush-complete

Overall: 0/1 passed
Failed tests:
- FTC-UTIL-RULES-002P synthetic-large utility rules and sibling-tab UI > Rules and sibling utility tabs report library_browse telemetry and timing (8.4s)[playwright-performance-reporter] flush-complete

=== Playwright Summary ===
[x] Rules Utility
  [x] Rules and sibling utility tabs report library_browse telemetry and timing (8.4s)[playwright-performance-reporter] flush-complete

Overall: 0/1 passed
Failed tests:
- Rules Utility > Rules and sibling utility tabs report library_browse telemetry and timing (8.4s)[playwright-performance-reporter] flush-complete
 pg_terminate_backend 
----------------------
(0 rows)

DROP DATABASE
DROP ROLE
DROP ROLE
DROP ROLE
Write-Error: D:\a\_temp\3173ed9e-7f06-4e63-88eb-945af10eebde.ps1:4
Line |
   4 |  .\scripts\ci\run-performance-shard.ps1 `
     |  ~~~~~~~~~~~~~~~~~~~~~~~~~~~~~~~~~~~~~~~~
     | Performance shard completed with failed targets: all-artists, artist-family, search-all-artists, utility-rules,
     | selected-artist, rules-focused
##[error]Process completed with exit code 1.
Node 20 is being deprecated. This workflow is running with Node 24 by default. If you need to temporarily use Node 20, you can set the ACTIONS_ALLOW_USE_UNSECURE_NODE_VERSION=true environment variable. For more information see: https://github.blog/changelog/2025-09-19-deprecation-of-node-20-on-github-actions-runners/
##[group]Run actions/upload-artifact@v4
with:
  name: foundation-versions-performance-idle-memory-1
  path: D:\a\_temp\album-haven-performance-foundations\foundation-version-manifest-performance-idle-memory.json
  if-no-files-found: error
  retention-days: 14
  compression-level: 6
  overwrite: false
  include-hidden-files: false
env:
  ALBUM_HAVEN_EXPECTED_FFMPEG_VERSION: 7.1-essentials_build-www.gyan.dev
  ALBUM_HAVEN_FIXTURE_RELEASE: fixtures-v1.0.23
  ALBUM_HAVEN_FIXTURE_PROFILE: synthetic-large-library
  ALBUM_HAVEN_FIXTURE_ROOT: D:\a\_temp\album-haven-fixtures-e07fc258e07d4310aceca731f7898470
  ALBUM_HAVEN_MEDIA_ROOT: D:\a\_temp\album-haven-fixtures-e07fc258e07d4310aceca731f7898470\media
  pythonLocation: C:\hostedtoolcache\windows\Python\3.11.9\x64
  PKG_CONFIG_PATH: C:\hostedtoolcache\windows\Python\3.11.9\x64/lib/pkgconfig
  Python_ROOT_DIR: C:\hostedtoolcache\windows\Python\3.11.9\x64
  Python2_ROOT_DIR: C:\hostedtoolcache\windows\Python\3.11.9\x64
  Python3_ROOT_DIR: C:\hostedtoolcache\windows\Python\3.11.9\x64
  PGPASSFILE: D:\a\_temp\album-haven-postgres-p_35389965541_1_0.pgpass
  ALBUM_HAVEN_CI_DATABASE: album_haven_ci_p_35389965541_1_0
  DATABASE_MIGRATOR_URL: postgresql://album_haven_migrator_p_35389965541_1_0@127.0.0.1/album_haven_ci_p_35389965541_1_0
  DATABASE_APP_URL: postgresql://album_haven_app_p_35389965541_1_0@127.0.0.1/album_haven_ci_p_35389965541_1_0
  DATABASE_READONLY_URL: postgresql://album_haven_readonly_p_35389965541_1_0@127.0.0.1/album_haven_ci_p_35389965541_1_0
  ALBUM_HAVEN_FAKE_E2E_SETUP_DATABASE_URL: postgresql://album_haven_migrator_p_35389965541_1_0@127.0.0.1/album_haven_ci_p_35389965541_1_0
  ALBUM_HAVEN_FAKE_E2E_DATABASE_URL: postgresql://album_haven_app_p_35389965541_1_0@127.0.0.1/album_haven_ci_p_35389965541_1_0
  ALBUM_HAVEN_APP_DATABASE_URL: postgresql://album_haven_app_p_35389965541_1_0@127.0.0.1/album_haven_ci_p_35389965541_1_0
##[endgroup]
(node:6952) [DEP0040] DeprecationWarning: The `punycode` module is deprecated. Please use a userland alternative instead.
(Use `node --trace-deprecation ...` to show where the warning was created)
With the provided path, there will be 1 file uploaded
Artifact name is valid!
Root directory input is valid!
Beginning upload of artifact content to blob storage
(node:6952) [DEP0169] DeprecationWarning: `url.parse()` behavior is not standardized and prone to errors that have security implications. Use the WHATWG URL API instead. CVEs are not issued for `url.parse()` vulnerabilities.
Uploaded bytes 533
Finished uploading artifact content to blob storage!
SHA256 digest of uploaded artifact zip is 4cdf50eee7e4bb27c6ef8e2a78d7ee3b6da788586b7a4e55e06c97727b163604
Finalizing artifact upload
Artifact foundation-versions-performance-idle-memory-1.zip successfully finalized. Artifact ID 10565547641
Artifact foundation-versions-performance-idle-memory-1 has been successfully uploaded! Final size is 533 bytes. Artifact ID is 10565547641
Artifact download URL: https://github.com/idanilovqa/AlbumHaven/actions/runs/35389965541/artifacts/10565547641
Node 20 is being deprecated. This workflow is running with Node 24 by default. If you need to temporarily use Node 20, you can set the ACTIONS_ALLOW_USE_UNSECURE_NODE_VERSION=true environment variable. For more information see: https://github.blog/changelog/2025-09-19-deprecation-of-node-20-on-github-actions-runners/
##[group]Run actions/upload-artifact@v4
with:
  name: performance-result-idle-memory-1
  path: test-results/playwright-performance-targets/idle-memory
  if-no-files-found: error
  retention-days: 14
  compression-level: 6
  overwrite: false
  include-hidden-files: false
env:
  ALBUM_HAVEN_EXPECTED_FFMPEG_VERSION: 7.1-essentials_build-www.gyan.dev
  ALBUM_HAVEN_FIXTURE_RELEASE: fixtures-v1.0.23
  ALBUM_HAVEN_FIXTURE_PROFILE: synthetic-large-library
  ALBUM_HAVEN_FIXTURE_ROOT: D:\a\_temp\album-haven-fixtures-e07fc258e07d4310aceca731f7898470
  ALBUM_HAVEN_MEDIA_ROOT: D:\a\_temp\album-haven-fixtures-e07fc258e07d4310aceca731f7898470\media
  pythonLocation: C:\hostedtoolcache\windows\Python\3.11.9\x64
  PKG_CONFIG_PATH: C:\hostedtoolcache\windows\Python\3.11.9\x64/lib/pkgconfig
  Python_ROOT_DIR: C:\hostedtoolcache\windows\Python\3.11.9\x64
  Python2_ROOT_DIR: C:\hostedtoolcache\windows\Python\3.11.9\x64
  Python3_ROOT_DIR: C:\hostedtoolcache\windows\Python\3.11.9\x64
  PGPASSFILE: D:\a\_temp\album-haven-postgres-p_35389965541_1_0.pgpass
  ALBUM_HAVEN_CI_DATABASE: album_haven_ci_p_35389965541_1_0
  DATABASE_MIGRATOR_URL: postgresql://album_haven_migrator_p_35389965541_1_0@127.0.0.1/album_haven_ci_p_35389965541_1_0
  DATABASE_APP_URL: postgresql://album_haven_app_p_35389965541_1_0@127.0.0.1/album_haven_ci_p_35389965541_1_0
  DATABASE_READONLY_URL: postgresql://album_haven_readonly_p_35389965541_1_0@127.0.0.1/album_haven_ci_p_35389965541_1_0
  ALBUM_HAVEN_FAKE_E2E_SETUP_DATABASE_URL: postgresql://album_haven_migrator_p_35389965541_1_0@127.0.0.1/album_haven_ci_p_35389965541_1_0
  ALBUM_HAVEN_FAKE_E2E_DATABASE_URL: postgresql://album_haven_app_p_35389965541_1_0@127.0.0.1/album_haven_ci_p_35389965541_1_0
  ALBUM_HAVEN_APP_DATABASE_URL: postgresql://album_haven_app_p_35389965541_1_0@127.0.0.1/album_haven_ci_p_35389965541_1_0
##[endgroup]
(node:1604) [DEP0040] DeprecationWarning: The `punycode` module is deprecated. Please use a userland alternative instead.
(Use `node --trace-deprecation ...` to show where the warning was created)
With the provided path, there will be 10 files uploaded
Artifact name is valid!
Root directory input is valid!
Beginning upload of artifact content to blob storage
(node:1604) [DEP0169] DeprecationWarning: `url.parse()` behavior is not standardized and prone to errors that have security implications. Use the WHATWG URL API instead. CVEs are not issued for `url.parse()` vulnerabilities.
Uploaded bytes 48929
Finished uploading artifact content to blob storage!
SHA256 digest of uploaded artifact zip is cd6020c48d644ddc5706098301a68472188125f3d746c13c32a8052ec1695317
Finalizing artifact upload
Artifact performance-result-idle-memory-1.zip successfully finalized. Artifact ID 10565252938
Artifact performance-result-idle-memory-1 has been successfully uploaded! Final size is 48929 bytes. Artifact ID is 10565252938
Artifact download URL: https://github.com/idanilovqa/AlbumHaven/actions/runs/35389965541/artifacts/10565252938
Node 20 is being deprecated. This workflow is running with Node 24 by default. If you need to temporarily use Node 20, you can set the ACTIONS_ALLOW_USE_UNSECURE_NODE_VERSION=true environment variable. For more information see: https://github.blog/changelog/2025-09-19-deprecation-of-node-20-on-github-actions-runners/
##[group]Run actions/upload-artifact@v4
with:
  name: performance-diagnostics-idle-memory-1
  path: test-results/playwright-performance-targets/idle-memory
test-results/playwright-artifacts

  if-no-files-found: error
  retention-days: 7
  compression-level: 6
  overwrite: false
  include-hidden-files: false
env:
  ALBUM_HAVEN_EXPECTED_FFMPEG_VERSION: 7.1-essentials_build-www.gyan.dev
  ALBUM_HAVEN_FIXTURE_RELEASE: fixtures-v1.0.23
  ALBUM_HAVEN_FIXTURE_PROFILE: synthetic-large-library
  ALBUM_HAVEN_FIXTURE_ROOT: D:\a\_temp\album-haven-fixtures-e07fc258e07d4310aceca731f7898470
  ALBUM_HAVEN_MEDIA_ROOT: D:\a\_temp\album-haven-fixtures-e07fc258e07d4310aceca731f7898470\media
  pythonLocation: C:\hostedtoolcache\windows\Python\3.11.9\x64
  PKG_CONFIG_PATH: C:\hostedtoolcache\windows\Python\3.11.9\x64/lib/pkgconfig
  Python_ROOT_DIR: C:\hostedtoolcache\windows\Python\3.11.9\x64
  Python2_ROOT_DIR: C:\hostedtoolcache\windows\Python\3.11.9\x64
  Python3_ROOT_DIR: C:\hostedtoolcache\windows\Python\3.11.9\x64
  PGPASSFILE: D:\a\_temp\album-haven-postgres-p_35389965541_1_0.pgpass
  ALBUM_HAVEN_CI_DATABASE: album_haven_ci_p_35389965541_1_0
  DATABASE_MIGRATOR_URL: postgresql://album_haven_migrator_p_35389965541_1_0@127.0.0.1/album_haven_ci_p_35389965541_1_0
  DATABASE_APP_URL: postgresql://album_haven_app_p_35389965541_1_0@127.0.0.1/album_haven_ci_p_35389965541_1_0
  DATABASE_READONLY_URL: postgresql://album_haven_readonly_p_35389965541_1_0@127.0.0.1/album_haven_ci_p_35389965541_1_0
  ALBUM_HAVEN_FAKE_E2E_SETUP_DATABASE_URL: postgresql://album_haven_migrator_p_35389965541_1_0@127.0.0.1/album_haven_ci_p_35389965541_1_0
  ALBUM_HAVEN_FAKE_E2E_DATABASE_URL: postgresql://album_haven_app_p_35389965541_1_0@127.0.0.1/album_haven_ci_p_35389965541_1_0
  ALBUM_HAVEN_APP_DATABASE_URL: postgresql://album_haven_app_p_35389965541_1_0@127.0.0.1/album_haven_ci_p_35389965541_1_0
##[endgroup]
(node:8968) [DEP0040] DeprecationWarning: The `punycode` module is deprecated. Please use a userland alternative instead.
(Use `node --trace-deprecation ...` to show where the warning was created)
Multiple search paths detected. Calculating the least common ancestor of all paths
The least common ancestor is D:\a\AlbumHaven\AlbumHaven\test-results. This will be the *** directory of the artifact
With the provided path, there will be 10 files uploaded
Artifact name is valid!
Root directory input is valid!
Beginning upload of artifact content to blob storage
(node:8968) [DEP0169] DeprecationWarning: `url.parse()` behavior is not standardized and prone to errors that have security implications. Use the WHATWG URL API instead. CVEs are not issued for `url.parse()` vulnerabilities.
Uploaded bytes 49789
Finished uploading artifact content to blob storage!
SHA256 digest of uploaded artifact zip is 7e1acf0cc2061393c9fb0b443ece6105986e59a1f5b6b9dceac44b00ed9d6610
Finalizing artifact upload
Artifact performance-diagnostics-idle-memory-1.zip successfully finalized. Artifact ID 10565427819
Artifact performance-diagnostics-idle-memory-1 has been successfully uploaded! Final size is 49789 bytes. Artifact ID is 10565427819
Artifact download URL: https://github.com/idanilovqa/AlbumHaven/actions/runs/35389965541/artifacts/10565427819
Node 20 is being deprecated. This workflow is running with Node 24 by default. If you need to temporarily use Node 20, you can set the ACTIONS_ALLOW_USE_UNSECURE_NODE_VERSION=true environment variable. For more information see: https://github.blog/changelog/2025-09-19-deprecation-of-node-20-on-github-actions-runners/
##[group]Run actions/upload-artifact@v4
with:
  name: foundation-versions-performance-all-artists-1
  path: D:\a\_temp\album-haven-performance-foundations\foundation-version-manifest-performance-all-artists.json
  if-no-files-found: error
  retention-days: 14
  compression-level: 6
  overwrite: false
  include-hidden-files: false
env:
  ALBUM_HAVEN_EXPECTED_FFMPEG_VERSION: 7.1-essentials_build-www.gyan.dev
  ALBUM_HAVEN_FIXTURE_RELEASE: fixtures-v1.0.23
  ALBUM_HAVEN_FIXTURE_PROFILE: synthetic-large-library
  ALBUM_HAVEN_FIXTURE_ROOT: D:\a\_temp\album-haven-fixtures-e07fc258e07d4310aceca731f7898470
  ALBUM_HAVEN_MEDIA_ROOT: D:\a\_temp\album-haven-fixtures-e07fc258e07d4310aceca731f7898470\media
  pythonLocation: C:\hostedtoolcache\windows\Python\3.11.9\x64
  PKG_CONFIG_PATH: C:\hostedtoolcache\windows\Python\3.11.9\x64/lib/pkgconfig
  Python_ROOT_DIR: C:\hostedtoolcache\windows\Python\3.11.9\x64
  Python2_ROOT_DIR: C:\hostedtoolcache\windows\Python\3.11.9\x64
  Python3_ROOT_DIR: C:\hostedtoolcache\windows\Python\3.11.9\x64
  PGPASSFILE: D:\a\_temp\album-haven-postgres-p_35389965541_1_0.pgpass
  ALBUM_HAVEN_CI_DATABASE: album_haven_ci_p_35389965541_1_0
  DATABASE_MIGRATOR_URL: postgresql://album_haven_migrator_p_35389965541_1_0@127.0.0.1/album_haven_ci_p_35389965541_1_0
  DATABASE_APP_URL: postgresql://album_haven_app_p_35389965541_1_0@127.0.0.1/album_haven_ci_p_35389965541_1_0
  DATABASE_READONLY_URL: postgresql://album_haven_readonly_p_35389965541_1_0@127.0.0.1/album_haven_ci_p_35389965541_1_0
  ALBUM_HAVEN_FAKE_E2E_SETUP_DATABASE_URL: postgresql://album_haven_migrator_p_35389965541_1_0@127.0.0.1/album_haven_ci_p_35389965541_1_0
  ALBUM_HAVEN_FAKE_E2E_DATABASE_URL: postgresql://album_haven_app_p_35389965541_1_0@127.0.0.1/album_haven_ci_p_35389965541_1_0
  ALBUM_HAVEN_APP_DATABASE_URL: postgresql://album_haven_app_p_35389965541_1_0@127.0.0.1/album_haven_ci_p_35389965541_1_0
##[endgroup]
(node:8) [DEP0040] DeprecationWarning: The `punycode` module is deprecated. Please use a userland alternative instead.
(Use `node --trace-deprecation ...` to show where the warning was created)
With the provided path, there will be 1 file uploaded
Artifact name is valid!
Root directory input is valid!
Beginning upload of artifact content to blob storage
(node:8) [DEP0169] DeprecationWarning: `url.parse()` behavior is not standardized and prone to errors that have security implications. Use the WHATWG URL API instead. CVEs are not issued for `url.parse()` vulnerabilities.
Uploaded bytes 533
Finished uploading artifact content to blob storage!
SHA256 digest of uploaded artifact zip is 9d094d004232dd10cc77e25fca35d1e9bb9d5c48e07e715d4954fc81e38b2e3b
Finalizing artifact upload
Artifact foundation-versions-performance-all-artists-1.zip successfully finalized. Artifact ID 10565462726
Artifact foundation-versions-performance-all-artists-1 has been successfully uploaded! Final size is 533 bytes. Artifact ID is 10565462726
Artifact download URL: https://github.com/idanilovqa/AlbumHaven/actions/runs/35389965541/artifacts/10565462726
Node 20 is being deprecated. This workflow is running with Node 24 by default. If you need to temporarily use Node 20, you can set the ACTIONS_ALLOW_USE_UNSECURE_NODE_VERSION=true environment variable. For more information see: https://github.blog/changelog/2025-09-19-deprecation-of-node-20-on-github-actions-runners/
##[group]Run actions/upload-artifact@v4
with:
  name: performance-result-all-artists-1
  path: test-results/playwright-performance-targets/all-artists
  if-no-files-found: error
  retention-days: 14
  compression-level: 6
  overwrite: false
  include-hidden-files: false
env:
  ALBUM_HAVEN_EXPECTED_FFMPEG_VERSION: 7.1-essentials_build-www.gyan.dev
  ALBUM_HAVEN_FIXTURE_RELEASE: fixtures-v1.0.23
  ALBUM_HAVEN_FIXTURE_PROFILE: synthetic-large-library
  ALBUM_HAVEN_FIXTURE_ROOT: D:\a\_temp\album-haven-fixtures-e07fc258e07d4310aceca731f7898470
  ALBUM_HAVEN_MEDIA_ROOT: D:\a\_temp\album-haven-fixtures-e07fc258e07d4310aceca731f7898470\media
  pythonLocation: C:\hostedtoolcache\windows\Python\3.11.9\x64
  PKG_CONFIG_PATH: C:\hostedtoolcache\windows\Python\3.11.9\x64/lib/pkgconfig
  Python_ROOT_DIR: C:\hostedtoolcache\windows\Python\3.11.9\x64
  Python2_ROOT_DIR: C:\hostedtoolcache\windows\Python\3.11.9\x64
  Python3_ROOT_DIR: C:\hostedtoolcache\windows\Python\3.11.9\x64
  PGPASSFILE: D:\a\_temp\album-haven-postgres-p_35389965541_1_0.pgpass
  ALBUM_HAVEN_CI_DATABASE: album_haven_ci_p_35389965541_1_0
  DATABASE_MIGRATOR_URL: postgresql://album_haven_migrator_p_35389965541_1_0@127.0.0.1/album_haven_ci_p_35389965541_1_0
  DATABASE_APP_URL: postgresql://album_haven_app_p_35389965541_1_0@127.0.0.1/album_haven_ci_p_35389965541_1_0
  DATABASE_READONLY_URL: postgresql://album_haven_readonly_p_35389965541_1_0@127.0.0.1/album_haven_ci_p_35389965541_1_0
  ALBUM_HAVEN_FAKE_E2E_SETUP_DATABASE_URL: postgresql://album_haven_migrator_p_35389965541_1_0@127.0.0.1/album_haven_ci_p_35389965541_1_0
  ALBUM_HAVEN_FAKE_E2E_DATABASE_URL: postgresql://album_haven_app_p_35389965541_1_0@127.0.0.1/album_haven_ci_p_35389965541_1_0
  ALBUM_HAVEN_APP_DATABASE_URL: postgresql://album_haven_app_p_35389965541_1_0@127.0.0.1/album_haven_ci_p_35389965541_1_0
##[endgroup]
(node:1640) [DEP0040] DeprecationWarning: The `punycode` module is deprecated. Please use a userland alternative instead.
(Use `node --trace-deprecation ...` to show where the warning was created)
With the provided path, there will be 20 files uploaded
Artifact name is valid!
Root directory input is valid!
Beginning upload of artifact content to blob storage
(node:1640) [DEP0169] DeprecationWarning: `url.parse()` behavior is not standardized and prone to errors that have security implications. Use the WHATWG URL API instead. CVEs are not issued for `url.parse()` vulnerabilities.
Uploaded bytes 2518809
Finished uploading artifact content to blob storage!
SHA256 digest of uploaded artifact zip is b1ef0848c7b36361cdf1573e223073bd4109b8194e667be75bcb630cd850cabf
Finalizing artifact upload
Artifact performance-result-all-artists-1.zip successfully finalized. Artifact ID 10565487748
Artifact performance-result-all-artists-1 has been successfully uploaded! Final size is 2518809 bytes. Artifact ID is 10565487748
Artifact download URL: https://github.com/idanilovqa/AlbumHaven/actions/runs/35389965541/artifacts/10565487748
Node 20 is being deprecated. This workflow is running with Node 24 by default. If you need to temporarily use Node 20, you can set the ACTIONS_ALLOW_USE_UNSECURE_NODE_VERSION=true environment variable. For more information see: https://github.blog/changelog/2025-09-19-deprecation-of-node-20-on-github-actions-runners/
##[group]Run actions/upload-artifact@v4
with:
  name: performance-diagnostics-all-artists-1
  path: test-results/playwright-performance-targets/all-artists
test-results/playwright-artifacts

  if-no-files-found: error
  retention-days: 7
  compression-level: 6
  overwrite: false
  include-hidden-files: false
env:
  ALBUM_HAVEN_EXPECTED_FFMPEG_VERSION: 7.1-essentials_build-www.gyan.dev
  ALBUM_HAVEN_FIXTURE_RELEASE: fixtures-v1.0.23
  ALBUM_HAVEN_FIXTURE_PROFILE: synthetic-large-library
  ALBUM_HAVEN_FIXTURE_ROOT: D:\a\_temp\album-haven-fixtures-e07fc258e07d4310aceca731f7898470
  ALBUM_HAVEN_MEDIA_ROOT: D:\a\_temp\album-haven-fixtures-e07fc258e07d4310aceca731f7898470\media
  pythonLocation: C:\hostedtoolcache\windows\Python\3.11.9\x64
  PKG_CONFIG_PATH: C:\hostedtoolcache\windows\Python\3.11.9\x64/lib/pkgconfig
  Python_ROOT_DIR: C:\hostedtoolcache\windows\Python\3.11.9\x64
  Python2_ROOT_DIR: C:\hostedtoolcache\windows\Python\3.11.9\x64
  Python3_ROOT_DIR: C:\hostedtoolcache\windows\Python\3.11.9\x64
  PGPASSFILE: D:\a\_temp\album-haven-postgres-p_35389965541_1_0.pgpass
  ALBUM_HAVEN_CI_DATABASE: album_haven_ci_p_35389965541_1_0
  DATABASE_MIGRATOR_URL: postgresql://album_haven_migrator_p_35389965541_1_0@127.0.0.1/album_haven_ci_p_35389965541_1_0
  DATABASE_APP_URL: postgresql://album_haven_app_p_35389965541_1_0@127.0.0.1/album_haven_ci_p_35389965541_1_0
  DATABASE_READONLY_URL: postgresql://album_haven_readonly_p_35389965541_1_0@127.0.0.1/album_haven_ci_p_35389965541_1_0
  ALBUM_HAVEN_FAKE_E2E_SETUP_DATABASE_URL: postgresql://album_haven_migrator_p_35389965541_1_0@127.0.0.1/album_haven_ci_p_35389965541_1_0
  ALBUM_HAVEN_FAKE_E2E_DATABASE_URL: postgresql://album_haven_app_p_35389965541_1_0@127.0.0.1/album_haven_ci_p_35389965541_1_0
  ALBUM_HAVEN_APP_DATABASE_URL: postgresql://album_haven_app_p_35389965541_1_0@127.0.0.1/album_haven_ci_p_35389965541_1_0
##[endgroup]
(node:1328) [DEP0040] DeprecationWarning: The `punycode` module is deprecated. Please use a userland alternative instead.
(Use `node --trace-deprecation ...` to show where the warning was created)
Multiple search paths detected. Calculating the least common ancestor of all paths
The least common ancestor is D:\a\AlbumHaven\AlbumHaven\test-results. This will be the *** directory of the artifact
With the provided path, there will be 20 files uploaded
Artifact name is valid!
Root directory input is valid!
Beginning upload of artifact content to blob storage
(node:1328) [DEP0169] DeprecationWarning: `url.parse()` behavior is not standardized and prone to errors that have security implications. Use the WHATWG URL API instead. CVEs are not issued for `url.parse()` vulnerabilities.
Uploaded bytes 2520529
Finished uploading artifact content to blob storage!
SHA256 digest of uploaded artifact zip is 4bcb1568091622024e673179bd69b28aed36359289dac464ef03d57721c608ff
Finalizing artifact upload
Artifact performance-diagnostics-all-artists-1.zip successfully finalized. Artifact ID 10565352836
Artifact performance-diagnostics-all-artists-1 has been successfully uploaded! Final size is 2520529 bytes. Artifact ID is 10565352836
Artifact download URL: https://github.com/idanilovqa/AlbumHaven/actions/runs/35389965541/artifacts/10565352836
Node 20 is being deprecated. This workflow is running with Node 24 by default. If you need to temporarily use Node 20, you can set the ACTIONS_ALLOW_USE_UNSECURE_NODE_VERSION=true environment variable. For more information see: https://github.blog/changelog/2025-09-19-deprecation-of-node-20-on-github-actions-runners/
##[group]Run actions/upload-artifact@v4
with:
  name: foundation-versions-performance-artist-family-1
  path: D:\a\_temp\album-haven-performance-foundations\foundation-version-manifest-performance-artist-family.json
  if-no-files-found: error
  retention-days: 14
  compression-level: 6
  overwrite: false
  include-hidden-files: false
env:
  ALBUM_HAVEN_EXPECTED_FFMPEG_VERSION: 7.1-essentials_build-www.gyan.dev
  ALBUM_HAVEN_FIXTURE_RELEASE: fixtures-v1.0.23
  ALBUM_HAVEN_FIXTURE_PROFILE: synthetic-large-library
  ALBUM_HAVEN_FIXTURE_ROOT: D:\a\_temp\album-haven-fixtures-e07fc258e07d4310aceca731f7898470
  ALBUM_HAVEN_MEDIA_ROOT: D:\a\_temp\album-haven-fixtures-e07fc258e07d4310aceca731f7898470\media
  pythonLocation: C:\hostedtoolcache\windows\Python\3.11.9\x64
  PKG_CONFIG_PATH: C:\hostedtoolcache\windows\Python\3.11.9\x64/lib/pkgconfig
  Python_ROOT_DIR: C:\hostedtoolcache\windows\Python\3.11.9\x64
  Python2_ROOT_DIR: C:\hostedtoolcache\windows\Python\3.11.9\x64
  Python3_ROOT_DIR: C:\hostedtoolcache\windows\Python\3.11.9\x64
  PGPASSFILE: D:\a\_temp\album-haven-postgres-p_35389965541_1_0.pgpass
  ALBUM_HAVEN_CI_DATABASE: album_haven_ci_p_35389965541_1_0
  DATABASE_MIGRATOR_URL: postgresql://album_haven_migrator_p_35389965541_1_0@127.0.0.1/album_haven_ci_p_35389965541_1_0
  DATABASE_APP_URL: postgresql://album_haven_app_p_35389965541_1_0@127.0.0.1/album_haven_ci_p_35389965541_1_0
  DATABASE_READONLY_URL: postgresql://album_haven_readonly_p_35389965541_1_0@127.0.0.1/album_haven_ci_p_35389965541_1_0
  ALBUM_HAVEN_FAKE_E2E_SETUP_DATABASE_URL: postgresql://album_haven_migrator_p_35389965541_1_0@127.0.0.1/album_haven_ci_p_35389965541_1_0
  ALBUM_HAVEN_FAKE_E2E_DATABASE_URL: postgresql://album_haven_app_p_35389965541_1_0@127.0.0.1/album_haven_ci_p_35389965541_1_0
  ALBUM_HAVEN_APP_DATABASE_URL: postgresql://album_haven_app_p_35389965541_1_0@127.0.0.1/album_haven_ci_p_35389965541_1_0
##[endgroup]
(node:1276) [DEP0040] DeprecationWarning: The `punycode` module is deprecated. Please use a userland alternative instead.
(Use `node --trace-deprecation ...` to show where the warning was created)
With the provided path, there will be 1 file uploaded
Artifact name is valid!
Root directory input is valid!
Beginning upload of artifact content to blob storage
(node:1276) [DEP0169] DeprecationWarning: `url.parse()` behavior is not standardized and prone to errors that have security implications. Use the WHATWG URL API instead. CVEs are not issued for `url.parse()` vulnerabilities.
Uploaded bytes 537
Finished uploading artifact content to blob storage!
SHA256 digest of uploaded artifact zip is bb9e9b44748c77196f8410fbdf31145eda53d6239ba365d627051ef6d1f46a3a
Finalizing artifact upload
Artifact foundation-versions-performance-artist-family-1.zip successfully finalized. Artifact ID 10565188274
Artifact foundation-versions-performance-artist-family-1 has been successfully uploaded! Final size is 537 bytes. Artifact ID is 10565188274
Artifact download URL: https://github.com/idanilovqa/AlbumHaven/actions/runs/35389965541/artifacts/10565188274
Node 20 is being deprecated. This workflow is running with Node 24 by default. If you need to temporarily use Node 20, you can set the ACTIONS_ALLOW_USE_UNSECURE_NODE_VERSION=true environment variable. For more information see: https://github.blog/changelog/2025-09-19-deprecation-of-node-20-on-github-actions-runners/
##[group]Run actions/upload-artifact@v4
with:
  name: performance-result-artist-family-1
  path: test-results/playwright-performance-targets/artist-family
  if-no-files-found: error
  retention-days: 14
  compression-level: 6
  overwrite: false
  include-hidden-files: false
env:
  ALBUM_HAVEN_EXPECTED_FFMPEG_VERSION: 7.1-essentials_build-www.gyan.dev
  ALBUM_HAVEN_FIXTURE_RELEASE: fixtures-v1.0.23
  ALBUM_HAVEN_FIXTURE_PROFILE: synthetic-large-library
  ALBUM_HAVEN_FIXTURE_ROOT: D:\a\_temp\album-haven-fixtures-e07fc258e07d4310aceca731f7898470
  ALBUM_HAVEN_MEDIA_ROOT: D:\a\_temp\album-haven-fixtures-e07fc258e07d4310aceca731f7898470\media
  pythonLocation: C:\hostedtoolcache\windows\Python\3.11.9\x64
  PKG_CONFIG_PATH: C:\hostedtoolcache\windows\Python\3.11.9\x64/lib/pkgconfig
  Python_ROOT_DIR: C:\hostedtoolcache\windows\Python\3.11.9\x64
  Python2_ROOT_DIR: C:\hostedtoolcache\windows\Python\3.11.9\x64
  Python3_ROOT_DIR: C:\hostedtoolcache\windows\Python\3.11.9\x64
  PGPASSFILE: D:\a\_temp\album-haven-postgres-p_35389965541_1_0.pgpass
  ALBUM_HAVEN_CI_DATABASE: album_haven_ci_p_35389965541_1_0
  DATABASE_MIGRATOR_URL: postgresql://album_haven_migrator_p_35389965541_1_0@127.0.0.1/album_haven_ci_p_35389965541_1_0
  DATABASE_APP_URL: postgresql://album_haven_app_p_35389965541_1_0@127.0.0.1/album_haven_ci_p_35389965541_1_0
  DATABASE_READONLY_URL: postgresql://album_haven_readonly_p_35389965541_1_0@127.0.0.1/album_haven_ci_p_35389965541_1_0
  ALBUM_HAVEN_FAKE_E2E_SETUP_DATABASE_URL: postgresql://album_haven_migrator_p_35389965541_1_0@127.0.0.1/album_haven_ci_p_35389965541_1_0
  ALBUM_HAVEN_FAKE_E2E_DATABASE_URL: postgresql://album_haven_app_p_35389965541_1_0@127.0.0.1/album_haven_ci_p_35389965541_1_0
  ALBUM_HAVEN_APP_DATABASE_URL: postgresql://album_haven_app_p_35389965541_1_0@127.0.0.1/album_haven_ci_p_35389965541_1_0
##[endgroup]
(node:8668) [DEP0040] DeprecationWarning: The `punycode` module is deprecated. Please use a userland alternative instead.
(Use `node --trace-deprecation ...` to show where the warning was created)
With the provided path, there will be 19 files uploaded
Artifact name is valid!
Root directory input is valid!
Beginning upload of artifact content to blob storage
(node:8668) [DEP0169] DeprecationWarning: `url.parse()` behavior is not standardized and prone to errors that have security implications. Use the WHATWG URL API instead. CVEs are not issued for `url.parse()` vulnerabilities.
Uploaded bytes 1367112
Finished uploading artifact content to blob storage!
SHA256 digest of uploaded artifact zip is 66382c0381b6f94ba71afcfb5344a0840e2c3552507c673a47bbb70bc944a9f2
Finalizing artifact upload
Artifact performance-result-artist-family-1.zip successfully finalized. Artifact ID 10565492715
Artifact performance-result-artist-family-1 has been successfully uploaded! Final size is 1367112 bytes. Artifact ID is 10565492715
Artifact download URL: https://github.com/idanilovqa/AlbumHaven/actions/runs/35389965541/artifacts/10565492715
Node 20 is being deprecated. This workflow is running with Node 24 by default. If you need to temporarily use Node 20, you can set the ACTIONS_ALLOW_USE_UNSECURE_NODE_VERSION=true environment variable. For more information see: https://github.blog/changelog/2025-09-19-deprecation-of-node-20-on-github-actions-runners/
##[group]Run actions/upload-artifact@v4
with:
  name: performance-diagnostics-artist-family-1
  path: test-results/playwright-performance-targets/artist-family
test-results/playwright-artifacts

  if-no-files-found: error
  retention-days: 7
  compression-level: 6
  overwrite: false
  include-hidden-files: false
env:
  ALBUM_HAVEN_EXPECTED_FFMPEG_VERSION: 7.1-essentials_build-www.gyan.dev
  ALBUM_HAVEN_FIXTURE_RELEASE: fixtures-v1.0.23
  ALBUM_HAVEN_FIXTURE_PROFILE: synthetic-large-library
  ALBUM_HAVEN_FIXTURE_ROOT: D:\a\_temp\album-haven-fixtures-e07fc258e07d4310aceca731f7898470
  ALBUM_HAVEN_MEDIA_ROOT: D:\a\_temp\album-haven-fixtures-e07fc258e07d4310aceca731f7898470\media
  pythonLocation: C:\hostedtoolcache\windows\Python\3.11.9\x64
  PKG_CONFIG_PATH: C:\hostedtoolcache\windows\Python\3.11.9\x64/lib/pkgconfig
  Python_ROOT_DIR: C:\hostedtoolcache\windows\Python\3.11.9\x64
  Python2_ROOT_DIR: C:\hostedtoolcache\windows\Python\3.11.9\x64
  Python3_ROOT_DIR: C:\hostedtoolcache\windows\Python\3.11.9\x64
  PGPASSFILE: D:\a\_temp\album-haven-postgres-p_35389965541_1_0.pgpass
  ALBUM_HAVEN_CI_DATABASE: album_haven_ci_p_35389965541_1_0
  DATABASE_MIGRATOR_URL: postgresql://album_haven_migrator_p_35389965541_1_0@127.0.0.1/album_haven_ci_p_35389965541_1_0
  DATABASE_APP_URL: postgresql://album_haven_app_p_35389965541_1_0@127.0.0.1/album_haven_ci_p_35389965541_1_0
  DATABASE_READONLY_URL: postgresql://album_haven_readonly_p_35389965541_1_0@127.0.0.1/album_haven_ci_p_35389965541_1_0
  ALBUM_HAVEN_FAKE_E2E_SETUP_DATABASE_URL: postgresql://album_haven_migrator_p_35389965541_1_0@127.0.0.1/album_haven_ci_p_35389965541_1_0
  ALBUM_HAVEN_FAKE_E2E_DATABASE_URL: postgresql://album_haven_app_p_35389965541_1_0@127.0.0.1/album_haven_ci_p_35389965541_1_0
  ALBUM_HAVEN_APP_DATABASE_URL: postgresql://album_haven_app_p_35389965541_1_0@127.0.0.1/album_haven_ci_p_35389965541_1_0
##[endgroup]
(node:3884) [DEP0040] DeprecationWarning: The `punycode` module is deprecated. Please use a userland alternative instead.
(Use `node --trace-deprecation ...` to show where the warning was created)
Multiple search paths detected. Calculating the least common ancestor of all paths
The least common ancestor is D:\a\AlbumHaven\AlbumHaven\test-results. This will be the *** directory of the artifact
With the provided path, there will be 19 files uploaded
Artifact name is valid!
Root directory input is valid!
Beginning upload of artifact content to blob storage
(node:3884) [DEP0169] DeprecationWarning: `url.parse()` behavior is not standardized and prone to errors that have security implications. Use the WHATWG URL API instead. CVEs are not issued for `url.parse()` vulnerabilities.
Uploaded bytes 1368822
Finished uploading artifact content to blob storage!
SHA256 digest of uploaded artifact zip is 54abb140c2b738f2edd3f547b6195b1c14de71a92bff57effcc9c184f7911fbf
Finalizing artifact upload
Artifact performance-diagnostics-artist-family-1.zip successfully finalized. Artifact ID 10565647452
Artifact performance-diagnostics-artist-family-1 has been successfully uploaded! Final size is 1368822 bytes. Artifact ID is 10565647452
Artifact download URL: https://github.com/idanilovqa/AlbumHaven/actions/runs/35389965541/artifacts/10565647452
Node 20 is being deprecated. This workflow is running with Node 24 by default. If you need to temporarily use Node 20, you can set the ACTIONS_ALLOW_USE_UNSECURE_NODE_VERSION=true environment variable. For more information see: https://github.blog/changelog/2025-09-19-deprecation-of-node-20-on-github-actions-runners/
##[group]Run actions/upload-artifact@v4
with:
  name: foundation-versions-performance-search-all-artists-1
  path: D:\a\_temp\album-haven-performance-foundations\foundation-version-manifest-performance-search-all-artists.json
  if-no-files-found: error
  retention-days: 14
  compression-level: 6
  overwrite: false
  include-hidden-files: false
env:
  ALBUM_HAVEN_EXPECTED_FFMPEG_VERSION: 7.1-essentials_build-www.gyan.dev
  ALBUM_HAVEN_FIXTURE_RELEASE: fixtures-v1.0.23
  ALBUM_HAVEN_FIXTURE_PROFILE: synthetic-large-library
  ALBUM_HAVEN_FIXTURE_ROOT: D:\a\_temp\album-haven-fixtures-e07fc258e07d4310aceca731f7898470
  ALBUM_HAVEN_MEDIA_ROOT: D:\a\_temp\album-haven-fixtures-e07fc258e07d4310aceca731f7898470\media
  pythonLocation: C:\hostedtoolcache\windows\Python\3.11.9\x64
  PKG_CONFIG_PATH: C:\hostedtoolcache\windows\Python\3.11.9\x64/lib/pkgconfig
  Python_ROOT_DIR: C:\hostedtoolcache\windows\Python\3.11.9\x64
  Python2_ROOT_DIR: C:\hostedtoolcache\windows\Python\3.11.9\x64
  Python3_ROOT_DIR: C:\hostedtoolcache\windows\Python\3.11.9\x64
  PGPASSFILE: D:\a\_temp\album-haven-postgres-p_35389965541_1_0.pgpass
  ALBUM_HAVEN_CI_DATABASE: album_haven_ci_p_35389965541_1_0
  DATABASE_MIGRATOR_URL: postgresql://album_haven_migrator_p_35389965541_1_0@127.0.0.1/album_haven_ci_p_35389965541_1_0
  DATABASE_APP_URL: postgresql://album_haven_app_p_35389965541_1_0@127.0.0.1/album_haven_ci_p_35389965541_1_0
  DATABASE_READONLY_URL: postgresql://album_haven_readonly_p_35389965541_1_0@127.0.0.1/album_haven_ci_p_35389965541_1_0
  ALBUM_HAVEN_FAKE_E2E_SETUP_DATABASE_URL: postgresql://album_haven_migrator_p_35389965541_1_0@127.0.0.1/album_haven_ci_p_35389965541_1_0
  ALBUM_HAVEN_FAKE_E2E_DATABASE_URL: postgresql://album_haven_app_p_35389965541_1_0@127.0.0.1/album_haven_ci_p_35389965541_1_0
  ALBUM_HAVEN_APP_DATABASE_URL: postgresql://album_haven_app_p_35389965541_1_0@127.0.0.1/album_haven_ci_p_35389965541_1_0
##[endgroup]
(node:8956) [DEP0040] DeprecationWarning: The `punycode` module is deprecated. Please use a userland alternative instead.
(Use `node --trace-deprecation ...` to show where the warning was created)
With the provided path, there will be 1 file uploaded
Artifact name is valid!
Root directory input is valid!
Beginning upload of artifact content to blob storage
(node:8956) [DEP0169] DeprecationWarning: `url.parse()` behavior is not standardized and prone to errors that have security implications. Use the WHATWG URL API instead. CVEs are not issued for `url.parse()` vulnerabilities.
Uploaded bytes 547
Finished uploading artifact content to blob storage!
SHA256 digest of uploaded artifact zip is f07500c70eb4a209ea81d50af1115c6293e36d8e75f5e286d342c7cf20230711
Finalizing artifact upload
Artifact foundation-versions-performance-search-all-artists-1.zip successfully finalized. Artifact ID 10565183291
Artifact foundation-versions-performance-search-all-artists-1 has been successfully uploaded! Final size is 547 bytes. Artifact ID is 10565183291
Artifact download URL: https://github.com/idanilovqa/AlbumHaven/actions/runs/35389965541/artifacts/10565183291
Node 20 is being deprecated. This workflow is running with Node 24 by default. If you need to temporarily use Node 20, you can set the ACTIONS_ALLOW_USE_UNSECURE_NODE_VERSION=true environment variable. For more information see: https://github.blog/changelog/2025-09-19-deprecation-of-node-20-on-github-actions-runners/
##[group]Run actions/upload-artifact@v4
with:
  name: performance-result-search-all-artists-1
  path: test-results/playwright-performance-targets/search-all-artists
  if-no-files-found: error
  retention-days: 14
  compression-level: 6
  overwrite: false
  include-hidden-files: false
env:
  ALBUM_HAVEN_EXPECTED_FFMPEG_VERSION: 7.1-essentials_build-www.gyan.dev
  ALBUM_HAVEN_FIXTURE_RELEASE: fixtures-v1.0.23
  ALBUM_HAVEN_FIXTURE_PROFILE: synthetic-large-library
  ALBUM_HAVEN_FIXTURE_ROOT: D:\a\_temp\album-haven-fixtures-e07fc258e07d4310aceca731f7898470
  ALBUM_HAVEN_MEDIA_ROOT: D:\a\_temp\album-haven-fixtures-e07fc258e07d4310aceca731f7898470\media
  pythonLocation: C:\hostedtoolcache\windows\Python\3.11.9\x64
  PKG_CONFIG_PATH: C:\hostedtoolcache\windows\Python\3.11.9\x64/lib/pkgconfig
  Python_ROOT_DIR: C:\hostedtoolcache\windows\Python\3.11.9\x64
  Python2_ROOT_DIR: C:\hostedtoolcache\windows\Python\3.11.9\x64
  Python3_ROOT_DIR: C:\hostedtoolcache\windows\Python\3.11.9\x64
  PGPASSFILE: D:\a\_temp\album-haven-postgres-p_35389965541_1_0.pgpass
  ALBUM_HAVEN_CI_DATABASE: album_haven_ci_p_35389965541_1_0
  DATABASE_MIGRATOR_URL: postgresql://album_haven_migrator_p_35389965541_1_0@127.0.0.1/album_haven_ci_p_35389965541_1_0
  DATABASE_APP_URL: postgresql://album_haven_app_p_35389965541_1_0@127.0.0.1/album_haven_ci_p_35389965541_1_0
  DATABASE_READONLY_URL: postgresql://album_haven_readonly_p_35389965541_1_0@127.0.0.1/album_haven_ci_p_35389965541_1_0
  ALBUM_HAVEN_FAKE_E2E_SETUP_DATABASE_URL: postgresql://album_haven_migrator_p_35389965541_1_0@127.0.0.1/album_haven_ci_p_35389965541_1_0
  ALBUM_HAVEN_FAKE_E2E_DATABASE_URL: postgresql://album_haven_app_p_35389965541_1_0@127.0.0.1/album_haven_ci_p_35389965541_1_0
  ALBUM_HAVEN_APP_DATABASE_URL: postgresql://album_haven_app_p_35389965541_1_0@127.0.0.1/album_haven_ci_p_35389965541_1_0
##[endgroup]
(node:6696) [DEP0040] DeprecationWarning: The `punycode` module is deprecated. Please use a userland alternative instead.
(Use `node --trace-deprecation ...` to show where the warning was created)
With the provided path, there will be 19 files uploaded
Artifact name is valid!
Root directory input is valid!
Beginning upload of artifact content to blob storage
(node:6696) [DEP0169] DeprecationWarning: `url.parse()` behavior is not standardized and prone to errors that have security implications. Use the WHATWG URL API instead. CVEs are not issued for `url.parse()` vulnerabilities.
Uploaded bytes 994042
Finished uploading artifact content to blob storage!
SHA256 digest of uploaded artifact zip is 981263206941783105404494a5cb4f5a96b67872f1085ace3a38403c90f2282e
Finalizing artifact upload
Artifact performance-result-search-all-artists-1.zip successfully finalized. Artifact ID 10565547673
Artifact performance-result-search-all-artists-1 has been successfully uploaded! Final size is 994042 bytes. Artifact ID is 10565547673
Artifact download URL: https://github.com/idanilovqa/AlbumHaven/actions/runs/35389965541/artifacts/10565547673
Node 20 is being deprecated. This workflow is running with Node 24 by default. If you need to temporarily use Node 20, you can set the ACTIONS_ALLOW_USE_UNSECURE_NODE_VERSION=true environment variable. For more information see: https://github.blog/changelog/2025-09-19-deprecation-of-node-20-on-github-actions-runners/
##[group]Run actions/upload-artifact@v4
with:
  name: performance-diagnostics-search-all-artists-1
  path: test-results/playwright-performance-targets/search-all-artists
test-results/playwright-artifacts

  if-no-files-found: error
  retention-days: 7
  compression-level: 6
  overwrite: false
  include-hidden-files: false
env:
  ALBUM_HAVEN_EXPECTED_FFMPEG_VERSION: 7.1-essentials_build-www.gyan.dev
  ALBUM_HAVEN_FIXTURE_RELEASE: fixtures-v1.0.23
  ALBUM_HAVEN_FIXTURE_PROFILE: synthetic-large-library
  ALBUM_HAVEN_FIXTURE_ROOT: D:\a\_temp\album-haven-fixtures-e07fc258e07d4310aceca731f7898470
  ALBUM_HAVEN_MEDIA_ROOT: D:\a\_temp\album-haven-fixtures-e07fc258e07d4310aceca731f7898470\media
  pythonLocation: C:\hostedtoolcache\windows\Python\3.11.9\x64
  PKG_CONFIG_PATH: C:\hostedtoolcache\windows\Python\3.11.9\x64/lib/pkgconfig
  Python_ROOT_DIR: C:\hostedtoolcache\windows\Python\3.11.9\x64
  Python2_ROOT_DIR: C:\hostedtoolcache\windows\Python\3.11.9\x64
  Python3_ROOT_DIR: C:\hostedtoolcache\windows\Python\3.11.9\x64
  PGPASSFILE: D:\a\_temp\album-haven-postgres-p_35389965541_1_0.pgpass
  ALBUM_HAVEN_CI_DATABASE: album_haven_ci_p_35389965541_1_0
  DATABASE_MIGRATOR_URL: postgresql://album_haven_migrator_p_35389965541_1_0@127.0.0.1/album_haven_ci_p_35389965541_1_0
  DATABASE_APP_URL: postgresql://album_haven_app_p_35389965541_1_0@127.0.0.1/album_haven_ci_p_35389965541_1_0
  DATABASE_READONLY_URL: postgresql://album_haven_readonly_p_35389965541_1_0@127.0.0.1/album_haven_ci_p_35389965541_1_0
  ALBUM_HAVEN_FAKE_E2E_SETUP_DATABASE_URL: postgresql://album_haven_migrator_p_35389965541_1_0@127.0.0.1/album_haven_ci_p_35389965541_1_0
  ALBUM_HAVEN_FAKE_E2E_DATABASE_URL: postgresql://album_haven_app_p_35389965541_1_0@127.0.0.1/album_haven_ci_p_35389965541_1_0
  ALBUM_HAVEN_APP_DATABASE_URL: postgresql://album_haven_app_p_35389965541_1_0@127.0.0.1/album_haven_ci_p_35389965541_1_0
##[endgroup]
(node:5128) [DEP0040] DeprecationWarning: The `punycode` module is deprecated. Please use a userland alternative instead.
(Use `node --trace-deprecation ...` to show where the warning was created)
Multiple search paths detected. Calculating the least common ancestor of all paths
The least common ancestor is D:\a\AlbumHaven\AlbumHaven\test-results. This will be the *** directory of the artifact
With the provided path, there will be 19 files uploaded
Artifact name is valid!
Root directory input is valid!
Beginning upload of artifact content to blob storage
(node:5128) [DEP0169] DeprecationWarning: `url.parse()` behavior is not standardized and prone to errors that have security implications. Use the WHATWG URL API instead. CVEs are not issued for `url.parse()` vulnerabilities.
Uploaded bytes 995942
Finished uploading artifact content to blob storage!
SHA256 digest of uploaded artifact zip is b8883fd24cb42cb784006df802455782d9fc32873fd4e238989b1aaf4adc2ccf
Finalizing artifact upload
Artifact performance-diagnostics-search-all-artists-1.zip successfully finalized. Artifact ID 10565188290
Artifact performance-diagnostics-search-all-artists-1 has been successfully uploaded! Final size is 995942 bytes. Artifact ID is 10565188290
Artifact download URL: https://github.com/idanilovqa/AlbumHaven/actions/runs/35389965541/artifacts/10565188290
Node 20 is being deprecated. This workflow is running with Node 24 by default. If you need to temporarily use Node 20, you can set the ACTIONS_ALLOW_USE_UNSECURE_NODE_VERSION=true environment variable. For more information see: https://github.blog/changelog/2025-09-19-deprecation-of-node-20-on-github-actions-runners/
##[group]Run actions/upload-artifact@v4
with:
  name: foundation-versions-performance-utility-rules-1
  path: D:\a\_temp\album-haven-performance-foundations\foundation-version-manifest-performance-utility-rules.json
  if-no-files-found: error
  retention-days: 14
  compression-level: 6
  overwrite: false
  include-hidden-files: false
env:
  ALBUM_HAVEN_EXPECTED_FFMPEG_VERSION: 7.1-essentials_build-www.gyan.dev
  ALBUM_HAVEN_FIXTURE_RELEASE: fixtures-v1.0.23
  ALBUM_HAVEN_FIXTURE_PROFILE: synthetic-large-library
  ALBUM_HAVEN_FIXTURE_ROOT: D:\a\_temp\album-haven-fixtures-e07fc258e07d4310aceca731f7898470
  ALBUM_HAVEN_MEDIA_ROOT: D:\a\_temp\album-haven-fixtures-e07fc258e07d4310aceca731f7898470\media
  pythonLocation: C:\hostedtoolcache\windows\Python\3.11.9\x64
  PKG_CONFIG_PATH: C:\hostedtoolcache\windows\Python\3.11.9\x64/lib/pkgconfig
  Python_ROOT_DIR: C:\hostedtoolcache\windows\Python\3.11.9\x64
  Python2_ROOT_DIR: C:\hostedtoolcache\windows\Python\3.11.9\x64
  Python3_ROOT_DIR: C:\hostedtoolcache\windows\Python\3.11.9\x64
  PGPASSFILE: D:\a\_temp\album-haven-postgres-p_35389965541_1_0.pgpass
  ALBUM_HAVEN_CI_DATABASE: album_haven_ci_p_35389965541_1_0
  DATABASE_MIGRATOR_URL: postgresql://album_haven_migrator_p_35389965541_1_0@127.0.0.1/album_haven_ci_p_35389965541_1_0
  DATABASE_APP_URL: postgresql://album_haven_app_p_35389965541_1_0@127.0.0.1/album_haven_ci_p_35389965541_1_0
  DATABASE_READONLY_URL: postgresql://album_haven_readonly_p_35389965541_1_0@127.0.0.1/album_haven_ci_p_35389965541_1_0
  ALBUM_HAVEN_FAKE_E2E_SETUP_DATABASE_URL: postgresql://album_haven_migrator_p_35389965541_1_0@127.0.0.1/album_haven_ci_p_35389965541_1_0
  ALBUM_HAVEN_FAKE_E2E_DATABASE_URL: postgresql://album_haven_app_p_35389965541_1_0@127.0.0.1/album_haven_ci_p_35389965541_1_0
  ALBUM_HAVEN_APP_DATABASE_URL: postgresql://album_haven_app_p_35389965541_1_0@127.0.0.1/album_haven_ci_p_35389965541_1_0
##[endgroup]
(node:3948) [DEP0040] DeprecationWarning: The `punycode` module is deprecated. Please use a userland alternative instead.
(Use `node --trace-deprecation ...` to show where the warning was created)
With the provided path, there will be 1 file uploaded
Artifact name is valid!
Root directory input is valid!
(node:3948) [DEP0169] DeprecationWarning: `url.parse()` behavior is not standardized and prone to errors that have security implications. Use the WHATWG URL API instead. CVEs are not issued for `url.parse()` vulnerabilities.
Beginning upload of artifact content to blob storage
Uploaded bytes 537
Finished uploading artifact content to blob storage!
SHA256 digest of uploaded artifact zip is 0695caa62f953a883ab9834a19cb2bd335a84bfadcdc95117610e355bc23ae2c
Finalizing artifact upload
Artifact foundation-versions-performance-utility-rules-1.zip successfully finalized. Artifact ID 10565347899
Artifact foundation-versions-performance-utility-rules-1 has been successfully uploaded! Final size is 537 bytes. Artifact ID is 10565347899
Artifact download URL: https://github.com/idanilovqa/AlbumHaven/actions/runs/35389965541/artifacts/10565347899
Node 20 is being deprecated. This workflow is running with Node 24 by default. If you need to temporarily use Node 20, you can set the ACTIONS_ALLOW_USE_UNSECURE_NODE_VERSION=true environment variable. For more information see: https://github.blog/changelog/2025-09-19-deprecation-of-node-20-on-github-actions-runners/
##[group]Run actions/upload-artifact@v4
with:
  name: performance-result-utility-rules-1
  path: test-results/playwright-performance-targets/utility-rules
  if-no-files-found: error
  retention-days: 14
  compression-level: 6
  overwrite: false
  include-hidden-files: false
env:
  ALBUM_HAVEN_EXPECTED_FFMPEG_VERSION: 7.1-essentials_build-www.gyan.dev
  ALBUM_HAVEN_FIXTURE_RELEASE: fixtures-v1.0.23
  ALBUM_HAVEN_FIXTURE_PROFILE: synthetic-large-library
  ALBUM_HAVEN_FIXTURE_ROOT: D:\a\_temp\album-haven-fixtures-e07fc258e07d4310aceca731f7898470
  ALBUM_HAVEN_MEDIA_ROOT: D:\a\_temp\album-haven-fixtures-e07fc258e07d4310aceca731f7898470\media
  pythonLocation: C:\hostedtoolcache\windows\Python\3.11.9\x64
  PKG_CONFIG_PATH: C:\hostedtoolcache\windows\Python\3.11.9\x64/lib/pkgconfig
  Python_ROOT_DIR: C:\hostedtoolcache\windows\Python\3.11.9\x64
  Python2_ROOT_DIR: C:\hostedtoolcache\windows\Python\3.11.9\x64
  Python3_ROOT_DIR: C:\hostedtoolcache\windows\Python\3.11.9\x64
  PGPASSFILE: D:\a\_temp\album-haven-postgres-p_35389965541_1_0.pgpass
  ALBUM_HAVEN_CI_DATABASE: album_haven_ci_p_35389965541_1_0
  DATABASE_MIGRATOR_URL: postgresql://album_haven_migrator_p_35389965541_1_0@127.0.0.1/album_haven_ci_p_35389965541_1_0
  DATABASE_APP_URL: postgresql://album_haven_app_p_35389965541_1_0@127.0.0.1/album_haven_ci_p_35389965541_1_0
  DATABASE_READONLY_URL: postgresql://album_haven_readonly_p_35389965541_1_0@127.0.0.1/album_haven_ci_p_35389965541_1_0
  ALBUM_HAVEN_FAKE_E2E_SETUP_DATABASE_URL: postgresql://album_haven_migrator_p_35389965541_1_0@127.0.0.1/album_haven_ci_p_35389965541_1_0
  ALBUM_HAVEN_FAKE_E2E_DATABASE_URL: postgresql://album_haven_app_p_35389965541_1_0@127.0.0.1/album_haven_ci_p_35389965541_1_0
  ALBUM_HAVEN_APP_DATABASE_URL: postgresql://album_haven_app_p_35389965541_1_0@127.0.0.1/album_haven_ci_p_35389965541_1_0
##[endgroup]
(node:2300) [DEP0040] DeprecationWarning: The `punycode` module is deprecated. Please use a userland alternative instead.
(Use `node --trace-deprecation ...` to show where the warning was created)
With the provided path, there will be 19 files uploaded
Artifact name is valid!
Root directory input is valid!
Beginning upload of artifact content to blob storage
(node:2300) [DEP0169] DeprecationWarning: `url.parse()` behavior is not standardized and prone to errors that have security implications. Use the WHATWG URL API instead. CVEs are not issued for `url.parse()` vulnerabilities.
Uploaded bytes 899113
Finished uploading artifact content to blob storage!
SHA256 digest of uploaded artifact zip is 3174ee5770c30b37a8df5731da82431e93bfa7bf8be8bf4e9cd882eec7e1bf22
Finalizing artifact upload
Artifact performance-result-utility-rules-1.zip successfully finalized. Artifact ID 10565392774
Artifact performance-result-utility-rules-1 has been successfully uploaded! Final size is 899113 bytes. Artifact ID is 10565392774
Artifact download URL: https://github.com/idanilovqa/AlbumHaven/actions/runs/35389965541/artifacts/10565392774
Node 20 is being deprecated. This workflow is running with Node 24 by default. If you need to temporarily use Node 20, you can set the ACTIONS_ALLOW_USE_UNSECURE_NODE_VERSION=true environment variable. For more information see: https://github.blog/changelog/2025-09-19-deprecation-of-node-20-on-github-actions-runners/
##[group]Run actions/upload-artifact@v4
with:
  name: performance-diagnostics-utility-rules-1
  path: test-results/playwright-performance-targets/utility-rules
test-results/playwright-artifacts

  if-no-files-found: error
  retention-days: 7
  compression-level: 6
  overwrite: false
  include-hidden-files: false
env:
  ALBUM_HAVEN_EXPECTED_FFMPEG_VERSION: 7.1-essentials_build-www.gyan.dev
  ALBUM_HAVEN_FIXTURE_RELEASE: fixtures-v1.0.23
  ALBUM_HAVEN_FIXTURE_PROFILE: synthetic-large-library
  ALBUM_HAVEN_FIXTURE_ROOT: D:\a\_temp\album-haven-fixtures-e07fc258e07d4310aceca731f7898470
  ALBUM_HAVEN_MEDIA_ROOT: D:\a\_temp\album-haven-fixtures-e07fc258e07d4310aceca731f7898470\media
  pythonLocation: C:\hostedtoolcache\windows\Python\3.11.9\x64
  PKG_CONFIG_PATH: C:\hostedtoolcache\windows\Python\3.11.9\x64/lib/pkgconfig
  Python_ROOT_DIR: C:\hostedtoolcache\windows\Python\3.11.9\x64
  Python2_ROOT_DIR: C:\hostedtoolcache\windows\Python\3.11.9\x64
  Python3_ROOT_DIR: C:\hostedtoolcache\windows\Python\3.11.9\x64
  PGPASSFILE: D:\a\_temp\album-haven-postgres-p_35389965541_1_0.pgpass
  ALBUM_HAVEN_CI_DATABASE: album_haven_ci_p_35389965541_1_0
  DATABASE_MIGRATOR_URL: postgresql://album_haven_migrator_p_35389965541_1_0@127.0.0.1/album_haven_ci_p_35389965541_1_0
  DATABASE_APP_URL: postgresql://album_haven_app_p_35389965541_1_0@127.0.0.1/album_haven_ci_p_35389965541_1_0
  DATABASE_READONLY_URL: postgresql://album_haven_readonly_p_35389965541_1_0@127.0.0.1/album_haven_ci_p_35389965541_1_0
  ALBUM_HAVEN_FAKE_E2E_SETUP_DATABASE_URL: postgresql://album_haven_migrator_p_35389965541_1_0@127.0.0.1/album_haven_ci_p_35389965541_1_0
  ALBUM_HAVEN_FAKE_E2E_DATABASE_URL: postgresql://album_haven_app_p_35389965541_1_0@127.0.0.1/album_haven_ci_p_35389965541_1_0
  ALBUM_HAVEN_APP_DATABASE_URL: postgresql://album_haven_app_p_35389965541_1_0@127.0.0.1/album_haven_ci_p_35389965541_1_0
##[endgroup]
(node:7648) [DEP0040] DeprecationWarning: The `punycode` module is deprecated. Please use a userland alternative instead.
(Use `node --trace-deprecation ...` to show where the warning was created)
Multiple search paths detected. Calculating the least common ancestor of all paths
The least common ancestor is D:\a\AlbumHaven\AlbumHaven\test-results. This will be the *** directory of the artifact
With the provided path, there will be 19 files uploaded
Artifact name is valid!
Root directory input is valid!
Beginning upload of artifact content to blob storage
(node:7648) [DEP0169] DeprecationWarning: `url.parse()` behavior is not standardized and prone to errors that have security implications. Use the WHATWG URL API instead. CVEs are not issued for `url.parse()` vulnerabilities.
Uploaded bytes 900823
Finished uploading artifact content to blob storage!
SHA256 digest of uploaded artifact zip is a43f42af2449050864d0a9945c09968d12891e3fa15da0971d51e51a40f7a146
Finalizing artifact upload
Artifact performance-diagnostics-utility-rules-1.zip successfully finalized. Artifact ID 10565597657
Artifact performance-diagnostics-utility-rules-1 has been successfully uploaded! Final size is 900823 bytes. Artifact ID is 10565597657
Artifact download URL: https://github.com/idanilovqa/AlbumHaven/actions/runs/35389965541/artifacts/10565597657
Node 20 is being deprecated. This workflow is running with Node 24 by default. If you need to temporarily use Node 20, you can set the ACTIONS_ALLOW_USE_UNSECURE_NODE_VERSION=true environment variable. For more information see: https://github.blog/changelog/2025-09-19-deprecation-of-node-20-on-github-actions-runners/
##[group]Run actions/upload-artifact@v4
with:
  name: foundation-versions-performance-selected-artist-1
  path: D:\a\_temp\album-haven-performance-foundations\foundation-version-manifest-performance-selected-artist.json
  if-no-files-found: error
  retention-days: 14
  compression-level: 6
  overwrite: false
  include-hidden-files: false
env:
  ALBUM_HAVEN_EXPECTED_FFMPEG_VERSION: 7.1-essentials_build-www.gyan.dev
  ALBUM_HAVEN_FIXTURE_RELEASE: fixtures-v1.0.23
  ALBUM_HAVEN_FIXTURE_PROFILE: synthetic-large-library
  ALBUM_HAVEN_FIXTURE_ROOT: D:\a\_temp\album-haven-fixtures-e07fc258e07d4310aceca731f7898470
  ALBUM_HAVEN_MEDIA_ROOT: D:\a\_temp\album-haven-fixtures-e07fc258e07d4310aceca731f7898470\media
  pythonLocation: C:\hostedtoolcache\windows\Python\3.11.9\x64
  PKG_CONFIG_PATH: C:\hostedtoolcache\windows\Python\3.11.9\x64/lib/pkgconfig
  Python_ROOT_DIR: C:\hostedtoolcache\windows\Python\3.11.9\x64
  Python2_ROOT_DIR: C:\hostedtoolcache\windows\Python\3.11.9\x64
  Python3_ROOT_DIR: C:\hostedtoolcache\windows\Python\3.11.9\x64
  PGPASSFILE: D:\a\_temp\album-haven-postgres-p_35389965541_1_0.pgpass
  ALBUM_HAVEN_CI_DATABASE: album_haven_ci_p_35389965541_1_0
  DATABASE_MIGRATOR_URL: postgresql://album_haven_migrator_p_35389965541_1_0@127.0.0.1/album_haven_ci_p_35389965541_1_0
  DATABASE_APP_URL: postgresql://album_haven_app_p_35389965541_1_0@127.0.0.1/album_haven_ci_p_35389965541_1_0
  DATABASE_READONLY_URL: postgresql://album_haven_readonly_p_35389965541_1_0@127.0.0.1/album_haven_ci_p_35389965541_1_0
  ALBUM_HAVEN_FAKE_E2E_SETUP_DATABASE_URL: postgresql://album_haven_migrator_p_35389965541_1_0@127.0.0.1/album_haven_ci_p_35389965541_1_0
  ALBUM_HAVEN_FAKE_E2E_DATABASE_URL: postgresql://album_haven_app_p_35389965541_1_0@127.0.0.1/album_haven_ci_p_35389965541_1_0
  ALBUM_HAVEN_APP_DATABASE_URL: postgresql://album_haven_app_p_35389965541_1_0@127.0.0.1/album_haven_ci_p_35389965541_1_0
##[endgroup]
(node:672) [DEP0040] DeprecationWarning: The `punycode` module is deprecated. Please use a userland alternative instead.
(Use `node --trace-deprecation ...` to show where the warning was created)
With the provided path, there will be 1 file uploaded
Artifact name is valid!
Root directory input is valid!
Beginning upload of artifact content to blob storage
(node:672) [DEP0169] DeprecationWarning: `url.parse()` behavior is not standardized and prone to errors that have security implications. Use the WHATWG URL API instead. CVEs are not issued for `url.parse()` vulnerabilities.
Uploaded bytes 541
Finished uploading artifact content to blob storage!
SHA256 digest of uploaded artifact zip is 327f0cf6f7f6aae64f06de4c84f5f13f439eb21aff8345b90b08286257cfb2cd
Finalizing artifact upload
Artifact foundation-versions-performance-selected-artist-1.zip successfully finalized. Artifact ID 10565203210
Artifact foundation-versions-performance-selected-artist-1 has been successfully uploaded! Final size is 541 bytes. Artifact ID is 10565203210
Artifact download URL: https://github.com/idanilovqa/AlbumHaven/actions/runs/35389965541/artifacts/10565203210
Node 20 is being deprecated. This workflow is running with Node 24 by default. If you need to temporarily use Node 20, you can set the ACTIONS_ALLOW_USE_UNSECURE_NODE_VERSION=true environment variable. For more information see: https://github.blog/changelog/2025-09-19-deprecation-of-node-20-on-github-actions-runners/
##[group]Run actions/upload-artifact@v4
with:
  name: performance-result-selected-artist-1
  path: test-results/playwright-performance-targets/selected-artist
  if-no-files-found: error
  retention-days: 14
  compression-level: 6
  overwrite: false
  include-hidden-files: false
env:
  ALBUM_HAVEN_EXPECTED_FFMPEG_VERSION: 7.1-essentials_build-www.gyan.dev
  ALBUM_HAVEN_FIXTURE_RELEASE: fixtures-v1.0.23
  ALBUM_HAVEN_FIXTURE_PROFILE: synthetic-large-library
  ALBUM_HAVEN_FIXTURE_ROOT: D:\a\_temp\album-haven-fixtures-e07fc258e07d4310aceca731f7898470
  ALBUM_HAVEN_MEDIA_ROOT: D:\a\_temp\album-haven-fixtures-e07fc258e07d4310aceca731f7898470\media
  pythonLocation: C:\hostedtoolcache\windows\Python\3.11.9\x64
  PKG_CONFIG_PATH: C:\hostedtoolcache\windows\Python\3.11.9\x64/lib/pkgconfig
  Python_ROOT_DIR: C:\hostedtoolcache\windows\Python\3.11.9\x64
  Python2_ROOT_DIR: C:\hostedtoolcache\windows\Python\3.11.9\x64
  Python3_ROOT_DIR: C:\hostedtoolcache\windows\Python\3.11.9\x64
  PGPASSFILE: D:\a\_temp\album-haven-postgres-p_35389965541_1_0.pgpass
  ALBUM_HAVEN_CI_DATABASE: album_haven_ci_p_35389965541_1_0
  DATABASE_MIGRATOR_URL: postgresql://album_haven_migrator_p_35389965541_1_0@127.0.0.1/album_haven_ci_p_35389965541_1_0
  DATABASE_APP_URL: postgresql://album_haven_app_p_35389965541_1_0@127.0.0.1/album_haven_ci_p_35389965541_1_0
  DATABASE_READONLY_URL: postgresql://album_haven_readonly_p_35389965541_1_0@127.0.0.1/album_haven_ci_p_35389965541_1_0
  ALBUM_HAVEN_FAKE_E2E_SETUP_DATABASE_URL: postgresql://album_haven_migrator_p_35389965541_1_0@127.0.0.1/album_haven_ci_p_35389965541_1_0
  ALBUM_HAVEN_FAKE_E2E_DATABASE_URL: postgresql://album_haven_app_p_35389965541_1_0@127.0.0.1/album_haven_ci_p_35389965541_1_0
  ALBUM_HAVEN_APP_DATABASE_URL: postgresql://album_haven_app_p_35389965541_1_0@127.0.0.1/album_haven_ci_p_35389965541_1_0
##[endgroup]
(node:4036) [DEP0040] DeprecationWarning: The `punycode` module is deprecated. Please use a userland alternative instead.
(Use `node --trace-deprecation ...` to show where the warning was created)
With the provided path, there will be 19 files uploaded
Artifact name is valid!
Root directory input is valid!
Beginning upload of artifact content to blob storage
(node:4036) [DEP0169] DeprecationWarning: `url.parse()` behavior is not standardized and prone to errors that have security implications. Use the WHATWG URL API instead. CVEs are not issued for `url.parse()` vulnerabilities.
Uploaded bytes 2272167
Finished uploading artifact content to blob storage!
SHA256 digest of uploaded artifact zip is 067767955620789de2086e16a30370935ea1c30d573b21702ca2ccd4fa282b50
Finalizing artifact upload
Artifact performance-result-selected-artist-1.zip successfully finalized. Artifact ID 10565293044
Artifact performance-result-selected-artist-1 has been successfully uploaded! Final size is 2272167 bytes. Artifact ID is 10565293044
Artifact download URL: https://github.com/idanilovqa/AlbumHaven/actions/runs/35389965541/artifacts/10565293044
Node 20 is being deprecated. This workflow is running with Node 24 by default. If you need to temporarily use Node 20, you can set the ACTIONS_ALLOW_USE_UNSECURE_NODE_VERSION=true environment variable. For more information see: https://github.blog/changelog/2025-09-19-deprecation-of-node-20-on-github-actions-runners/
##[group]Run actions/upload-artifact@v4
with:
  name: performance-diagnostics-selected-artist-1
  path: test-results/playwright-performance-targets/selected-artist
test-results/playwright-artifacts

  if-no-files-found: error
  retention-days: 7
  compression-level: 6
  overwrite: false
  include-hidden-files: false
env:
  ALBUM_HAVEN_EXPECTED_FFMPEG_VERSION: 7.1-essentials_build-www.gyan.dev
  ALBUM_HAVEN_FIXTURE_RELEASE: fixtures-v1.0.23
  ALBUM_HAVEN_FIXTURE_PROFILE: synthetic-large-library
  ALBUM_HAVEN_FIXTURE_ROOT: D:\a\_temp\album-haven-fixtures-e07fc258e07d4310aceca731f7898470
  ALBUM_HAVEN_MEDIA_ROOT: D:\a\_temp\album-haven-fixtures-e07fc258e07d4310aceca731f7898470\media
  pythonLocation: C:\hostedtoolcache\windows\Python\3.11.9\x64
  PKG_CONFIG_PATH: C:\hostedtoolcache\windows\Python\3.11.9\x64/lib/pkgconfig
  Python_ROOT_DIR: C:\hostedtoolcache\windows\Python\3.11.9\x64
  Python2_ROOT_DIR: C:\hostedtoolcache\windows\Python\3.11.9\x64
  Python3_ROOT_DIR: C:\hostedtoolcache\windows\Python\3.11.9\x64
  PGPASSFILE: D:\a\_temp\album-haven-postgres-p_35389965541_1_0.pgpass
  ALBUM_HAVEN_CI_DATABASE: album_haven_ci_p_35389965541_1_0
  DATABASE_MIGRATOR_URL: postgresql://album_haven_migrator_p_35389965541_1_0@127.0.0.1/album_haven_ci_p_35389965541_1_0
  DATABASE_APP_URL: postgresql://album_haven_app_p_35389965541_1_0@127.0.0.1/album_haven_ci_p_35389965541_1_0
  DATABASE_READONLY_URL: postgresql://album_haven_readonly_p_35389965541_1_0@127.0.0.1/album_haven_ci_p_35389965541_1_0
  ALBUM_HAVEN_FAKE_E2E_SETUP_DATABASE_URL: postgresql://album_haven_migrator_p_35389965541_1_0@127.0.0.1/album_haven_ci_p_35389965541_1_0
  ALBUM_HAVEN_FAKE_E2E_DATABASE_URL: postgresql://album_haven_app_p_35389965541_1_0@127.0.0.1/album_haven_ci_p_35389965541_1_0
  ALBUM_HAVEN_APP_DATABASE_URL: postgresql://album_haven_app_p_35389965541_1_0@127.0.0.1/album_haven_ci_p_35389965541_1_0
##[endgroup]
(node:7676) [DEP0040] DeprecationWarning: The `punycode` module is deprecated. Please use a userland alternative instead.
(Use `node --trace-deprecation ...` to show where the warning was created)
Multiple search paths detected. Calculating the least common ancestor of all paths
The least common ancestor is D:\a\AlbumHaven\AlbumHaven\test-results. This will be the *** directory of the artifact
With the provided path, there will be 19 files uploaded
Artifact name is valid!
Root directory input is valid!
Beginning upload of artifact content to blob storage
(node:7676) [DEP0169] DeprecationWarning: `url.parse()` behavior is not standardized and prone to errors that have security implications. Use the WHATWG URL API instead. CVEs are not issued for `url.parse()` vulnerabilities.
Uploaded bytes 2273953
Finished uploading artifact content to blob storage!
SHA256 digest of uploaded artifact zip is 5bfc106bb5f51adef0419aa38958e319c0dcb03d6a155c3024596c67d6e85189
Finalizing artifact upload
Artifact performance-diagnostics-selected-artist-1.zip successfully finalized. Artifact ID 10565302914
Artifact performance-diagnostics-selected-artist-1 has been successfully uploaded! Final size is 2273953 bytes. Artifact ID is 10565302914
Artifact download URL: https://github.com/idanilovqa/AlbumHaven/actions/runs/35389965541/artifacts/10565302914
Node 20 is being deprecated. This workflow is running with Node 24 by default. If you need to temporarily use Node 20, you can set the ACTIONS_ALLOW_USE_UNSECURE_NODE_VERSION=true environment variable. For more information see: https://github.blog/changelog/2025-09-19-deprecation-of-node-20-on-github-actions-runners/
##[group]Run actions/upload-artifact@v4
with:
  name: foundation-versions-performance-search-browse-1
  path: D:\a\_temp\album-haven-performance-foundations\foundation-version-manifest-performance-search-browse.json
  if-no-files-found: error
  retention-days: 14
  compression-level: 6
  overwrite: false
  include-hidden-files: false
env:
  ALBUM_HAVEN_EXPECTED_FFMPEG_VERSION: 7.1-essentials_build-www.gyan.dev
  ALBUM_HAVEN_FIXTURE_RELEASE: fixtures-v1.0.23
  ALBUM_HAVEN_FIXTURE_PROFILE: synthetic-large-library
  ALBUM_HAVEN_FIXTURE_ROOT: D:\a\_temp\album-haven-fixtures-e07fc258e07d4310aceca731f7898470
  ALBUM_HAVEN_MEDIA_ROOT: D:\a\_temp\album-haven-fixtures-e07fc258e07d4310aceca731f7898470\media
  pythonLocation: C:\hostedtoolcache\windows\Python\3.11.9\x64
  PKG_CONFIG_PATH: C:\hostedtoolcache\windows\Python\3.11.9\x64/lib/pkgconfig
  Python_ROOT_DIR: C:\hostedtoolcache\windows\Python\3.11.9\x64
  Python2_ROOT_DIR: C:\hostedtoolcache\windows\Python\3.11.9\x64
  Python3_ROOT_DIR: C:\hostedtoolcache\windows\Python\3.11.9\x64
  PGPASSFILE: D:\a\_temp\album-haven-postgres-p_35389965541_1_0.pgpass
  ALBUM_HAVEN_CI_DATABASE: album_haven_ci_p_35389965541_1_0
  DATABASE_MIGRATOR_URL: postgresql://album_haven_migrator_p_35389965541_1_0@127.0.0.1/album_haven_ci_p_35389965541_1_0
  DATABASE_APP_URL: postgresql://album_haven_app_p_35389965541_1_0@127.0.0.1/album_haven_ci_p_35389965541_1_0
  DATABASE_READONLY_URL: postgresql://album_haven_readonly_p_35389965541_1_0@127.0.0.1/album_haven_ci_p_35389965541_1_0
  ALBUM_HAVEN_FAKE_E2E_SETUP_DATABASE_URL: postgresql://album_haven_migrator_p_35389965541_1_0@127.0.0.1/album_haven_ci_p_35389965541_1_0
  ALBUM_HAVEN_FAKE_E2E_DATABASE_URL: postgresql://album_haven_app_p_35389965541_1_0@127.0.0.1/album_haven_ci_p_35389965541_1_0
  ALBUM_HAVEN_APP_DATABASE_URL: postgresql://album_haven_app_p_35389965541_1_0@127.0.0.1/album_haven_ci_p_35389965541_1_0
##[endgroup]
(node:6284) [DEP0040] DeprecationWarning: The `punycode` module is deprecated. Please use a userland alternative instead.
(Use `node --trace-deprecation ...` to show where the warning was created)
With the provided path, there will be 1 file uploaded
Artifact name is valid!
Root directory input is valid!
Beginning upload of artifact content to blob storage
(node:6284) [DEP0169] DeprecationWarning: `url.parse()` behavior is not standardized and prone to errors that have security implications. Use the WHATWG URL API instead. CVEs are not issued for `url.parse()` vulnerabilities.
Uploaded bytes 537
Finished uploading artifact content to blob storage!
SHA256 digest of uploaded artifact zip is 07604197464f55514518dd2a6effdad993c7ae6aea0ac0694c9430a7559cc927
Finalizing artifact upload
Artifact foundation-versions-performance-search-browse-1.zip successfully finalized. Artifact ID 10565307971
Artifact foundation-versions-performance-search-browse-1 has been successfully uploaded! Final size is 537 bytes. Artifact ID is 10565307971
Artifact download URL: https://github.com/idanilovqa/AlbumHaven/actions/runs/35389965541/artifacts/10565307971
Node 20 is being deprecated. This workflow is running with Node 24 by default. If you need to temporarily use Node 20, you can set the ACTIONS_ALLOW_USE_UNSECURE_NODE_VERSION=true environment variable. For more information see: https://github.blog/changelog/2025-09-19-deprecation-of-node-20-on-github-actions-runners/
##[group]Run actions/upload-artifact@v4
with:
  name: performance-result-search-browse-1
  path: test-results/playwright-performance-targets/search-browse
  if-no-files-found: error
  retention-days: 14
  compression-level: 6
  overwrite: false
  include-hidden-files: false
env:
  ALBUM_HAVEN_EXPECTED_FFMPEG_VERSION: 7.1-essentials_build-www.gyan.dev
  ALBUM_HAVEN_FIXTURE_RELEASE: fixtures-v1.0.23
  ALBUM_HAVEN_FIXTURE_PROFILE: synthetic-large-library
  ALBUM_HAVEN_FIXTURE_ROOT: D:\a\_temp\album-haven-fixtures-e07fc258e07d4310aceca731f7898470
  ALBUM_HAVEN_MEDIA_ROOT: D:\a\_temp\album-haven-fixtures-e07fc258e07d4310aceca731f7898470\media
  pythonLocation: C:\hostedtoolcache\windows\Python\3.11.9\x64
  PKG_CONFIG_PATH: C:\hostedtoolcache\windows\Python\3.11.9\x64/lib/pkgconfig
  Python_ROOT_DIR: C:\hostedtoolcache\windows\Python\3.11.9\x64
  Python2_ROOT_DIR: C:\hostedtoolcache\windows\Python\3.11.9\x64
  Python3_ROOT_DIR: C:\hostedtoolcache\windows\Python\3.11.9\x64
  PGPASSFILE: D:\a\_temp\album-haven-postgres-p_35389965541_1_0.pgpass
  ALBUM_HAVEN_CI_DATABASE: album_haven_ci_p_35389965541_1_0
  DATABASE_MIGRATOR_URL: postgresql://album_haven_migrator_p_35389965541_1_0@127.0.0.1/album_haven_ci_p_35389965541_1_0
  DATABASE_APP_URL: postgresql://album_haven_app_p_35389965541_1_0@127.0.0.1/album_haven_ci_p_35389965541_1_0
  DATABASE_READONLY_URL: postgresql://album_haven_readonly_p_35389965541_1_0@127.0.0.1/album_haven_ci_p_35389965541_1_0
  ALBUM_HAVEN_FAKE_E2E_SETUP_DATABASE_URL: postgresql://album_haven_migrator_p_35389965541_1_0@127.0.0.1/album_haven_ci_p_35389965541_1_0
  ALBUM_HAVEN_FAKE_E2E_DATABASE_URL: postgresql://album_haven_app_p_35389965541_1_0@127.0.0.1/album_haven_ci_p_35389965541_1_0
  ALBUM_HAVEN_APP_DATABASE_URL: postgresql://album_haven_app_p_35389965541_1_0@127.0.0.1/album_haven_ci_p_35389965541_1_0
##[endgroup]
(node:7004) [DEP0040] DeprecationWarning: The `punycode` module is deprecated. Please use a userland alternative instead.
(Use `node --trace-deprecation ...` to show where the warning was created)
With the provided path, there will be 10 files uploaded
Artifact name is valid!
Root directory input is valid!
Beginning upload of artifact content to blob storage
(node:7004) [DEP0169] DeprecationWarning: `url.parse()` behavior is not standardized and prone to errors that have security implications. Use the WHATWG URL API instead. CVEs are not issued for `url.parse()` vulnerabilities.
Uploaded bytes 47316
Finished uploading artifact content to blob storage!
SHA256 digest of uploaded artifact zip is 802ef07758a6121bc07b214a532993293d929cb2b5c7555bc7d66c8488494dad
Finalizing artifact upload
Artifact performance-result-search-browse-1.zip successfully finalized. Artifact ID 10565252989
Artifact performance-result-search-browse-1 has been successfully uploaded! Final size is 47316 bytes. Artifact ID is 10565252989
Artifact download URL: https://github.com/idanilovqa/AlbumHaven/actions/runs/35389965541/artifacts/10565252989
Node 20 is being deprecated. This workflow is running with Node 24 by default. If you need to temporarily use Node 20, you can set the ACTIONS_ALLOW_USE_UNSECURE_NODE_VERSION=true environment variable. For more information see: https://github.blog/changelog/2025-09-19-deprecation-of-node-20-on-github-actions-runners/
##[group]Run actions/upload-artifact@v4
with:
  name: performance-diagnostics-search-browse-1
  path: test-results/playwright-performance-targets/search-browse
test-results/playwright-artifacts

  if-no-files-found: error
  retention-days: 7
  compression-level: 6
  overwrite: false
  include-hidden-files: false
env:
  ALBUM_HAVEN_EXPECTED_FFMPEG_VERSION: 7.1-essentials_build-www.gyan.dev
  ALBUM_HAVEN_FIXTURE_RELEASE: fixtures-v1.0.23
  ALBUM_HAVEN_FIXTURE_PROFILE: synthetic-large-library
  ALBUM_HAVEN_FIXTURE_ROOT: D:\a\_temp\album-haven-fixtures-e07fc258e07d4310aceca731f7898470
  ALBUM_HAVEN_MEDIA_ROOT: D:\a\_temp\album-haven-fixtures-e07fc258e07d4310aceca731f7898470\media
  pythonLocation: C:\hostedtoolcache\windows\Python\3.11.9\x64
  PKG_CONFIG_PATH: C:\hostedtoolcache\windows\Python\3.11.9\x64/lib/pkgconfig
  Python_ROOT_DIR: C:\hostedtoolcache\windows\Python\3.11.9\x64
  Python2_ROOT_DIR: C:\hostedtoolcache\windows\Python\3.11.9\x64
  Python3_ROOT_DIR: C:\hostedtoolcache\windows\Python\3.11.9\x64
  PGPASSFILE: D:\a\_temp\album-haven-postgres-p_35389965541_1_0.pgpass
  ALBUM_HAVEN_CI_DATABASE: album_haven_ci_p_35389965541_1_0
  DATABASE_MIGRATOR_URL: postgresql://album_haven_migrator_p_35389965541_1_0@127.0.0.1/album_haven_ci_p_35389965541_1_0
  DATABASE_APP_URL: postgresql://album_haven_app_p_35389965541_1_0@127.0.0.1/album_haven_ci_p_35389965541_1_0
  DATABASE_READONLY_URL: postgresql://album_haven_readonly_p_35389965541_1_0@127.0.0.1/album_haven_ci_p_35389965541_1_0
  ALBUM_HAVEN_FAKE_E2E_SETUP_DATABASE_URL: postgresql://album_haven_migrator_p_35389965541_1_0@127.0.0.1/album_haven_ci_p_35389965541_1_0
  ALBUM_HAVEN_FAKE_E2E_DATABASE_URL: postgresql://album_haven_app_p_35389965541_1_0@127.0.0.1/album_haven_ci_p_35389965541_1_0
  ALBUM_HAVEN_APP_DATABASE_URL: postgresql://album_haven_app_p_35389965541_1_0@127.0.0.1/album_haven_ci_p_35389965541_1_0
##[endgroup]
(node:1652) [DEP0040] DeprecationWarning: The `punycode` module is deprecated. Please use a userland alternative instead.
(Use `node --trace-deprecation ...` to show where the warning was created)
Multiple search paths detected. Calculating the least common ancestor of all paths
The least common ancestor is D:\a\AlbumHaven\AlbumHaven\test-results. This will be the *** directory of the artifact
With the provided path, there will be 10 files uploaded
Artifact name is valid!
Root directory input is valid!
Beginning upload of artifact content to blob storage
(node:1652) [DEP0169] DeprecationWarning: `url.parse()` behavior is not standardized and prone to errors that have security implications. Use the WHATWG URL API instead. CVEs are not issued for `url.parse()` vulnerabilities.
Uploaded bytes 48216
Finished uploading artifact content to blob storage!
SHA256 digest of uploaded artifact zip is f82bbc7626c3e20f247907be5da47c467cf75367f6a538af549f7f27a9251ee3
Finalizing artifact upload
Artifact performance-diagnostics-search-browse-1.zip successfully finalized. Artifact ID 10565597670
Artifact performance-diagnostics-search-browse-1 has been successfully uploaded! Final size is 48216 bytes. Artifact ID is 10565597670
Artifact download URL: https://github.com/idanilovqa/AlbumHaven/actions/runs/35389965541/artifacts/10565597670
Node 20 is being deprecated. This workflow is running with Node 24 by default. If you need to temporarily use Node 20, you can set the ACTIONS_ALLOW_USE_UNSECURE_NODE_VERSION=true environment variable. For more information see: https://github.blog/changelog/2025-09-19-deprecation-of-node-20-on-github-actions-runners/
##[group]Run actions/upload-artifact@v4
with:
  name: foundation-versions-performance-***-album-browse-1
  path: D:\a\_temp\album-haven-performance-foundations\foundation-version-manifest-performance-***-album-browse.json
  if-no-files-found: error
  retention-days: 14
  compression-level: 6
  overwrite: false
  include-hidden-files: false
env:
  ALBUM_HAVEN_EXPECTED_FFMPEG_VERSION: 7.1-essentials_build-www.gyan.dev
  ALBUM_HAVEN_FIXTURE_RELEASE: fixtures-v1.0.23
  ALBUM_HAVEN_FIXTURE_PROFILE: synthetic-large-library
  ALBUM_HAVEN_FIXTURE_ROOT: D:\a\_temp\album-haven-fixtures-e07fc258e07d4310aceca731f7898470
  ALBUM_HAVEN_MEDIA_ROOT: D:\a\_temp\album-haven-fixtures-e07fc258e07d4310aceca731f7898470\media
  pythonLocation: C:\hostedtoolcache\windows\Python\3.11.9\x64
  PKG_CONFIG_PATH: C:\hostedtoolcache\windows\Python\3.11.9\x64/lib/pkgconfig
  Python_ROOT_DIR: C:\hostedtoolcache\windows\Python\3.11.9\x64
  Python2_ROOT_DIR: C:\hostedtoolcache\windows\Python\3.11.9\x64
  Python3_ROOT_DIR: C:\hostedtoolcache\windows\Python\3.11.9\x64
  PGPASSFILE: D:\a\_temp\album-haven-postgres-p_35389965541_1_0.pgpass
  ALBUM_HAVEN_CI_DATABASE: album_haven_ci_p_35389965541_1_0
  DATABASE_MIGRATOR_URL: postgresql://album_haven_migrator_p_35389965541_1_0@127.0.0.1/album_haven_ci_p_35389965541_1_0
  DATABASE_APP_URL: postgresql://album_haven_app_p_35389965541_1_0@127.0.0.1/album_haven_ci_p_35389965541_1_0
  DATABASE_READONLY_URL: postgresql://album_haven_readonly_p_35389965541_1_0@127.0.0.1/album_haven_ci_p_35389965541_1_0
  ALBUM_HAVEN_FAKE_E2E_SETUP_DATABASE_URL: postgresql://album_haven_migrator_p_35389965541_1_0@127.0.0.1/album_haven_ci_p_35389965541_1_0
  ALBUM_HAVEN_FAKE_E2E_DATABASE_URL: postgresql://album_haven_app_p_35389965541_1_0@127.0.0.1/album_haven_ci_p_35389965541_1_0
  ALBUM_HAVEN_APP_DATABASE_URL: postgresql://album_haven_app_p_35389965541_1_0@127.0.0.1/album_haven_ci_p_35389965541_1_0
##[endgroup]
(node:1400) [DEP0040] DeprecationWarning: The `punycode` module is deprecated. Please use a userland alternative instead.
(Use `node --trace-deprecation ...` to show where the warning was created)
With the provided path, there will be 1 file uploaded
Artifact name is valid!
Root directory input is valid!
Beginning upload of artifact content to blob storage
(node:1400) [DEP0169] DeprecationWarning: `url.parse()` behavior is not standardized and prone to errors that have security implications. Use the WHATWG URL API instead. CVEs are not issued for `url.parse()` vulnerabilities.
Uploaded bytes 545
Finished uploading artifact content to blob storage!
SHA256 digest of uploaded artifact zip is d304b7b9de77e5da2a1ca2ab6faaaac71af2bd0233fd5e0487321eaee94bddd0
Finalizing artifact upload
Artifact foundation-versions-performance-***-album-browse-1.zip successfully finalized. Artifact ID 10565482851
Artifact foundation-versions-performance-***-album-browse-1 has been successfully uploaded! Final size is 545 bytes. Artifact ID is 10565482851
Artifact download URL: https://github.com/idanilovqa/AlbumHaven/actions/runs/35389965541/artifacts/10565482851
Node 20 is being deprecated. This workflow is running with Node 24 by default. If you need to temporarily use Node 20, you can set the ACTIONS_ALLOW_USE_UNSECURE_NODE_VERSION=true environment variable. For more information see: https://github.blog/changelog/2025-09-19-deprecation-of-node-20-on-github-actions-runners/
##[group]Run actions/upload-artifact@v4
with:
  name: performance-result-***-album-browse-1
  path: test-results/playwright-performance-targets/***-album-browse
  if-no-files-found: error
  retention-days: 14
  compression-level: 6
  overwrite: false
  include-hidden-files: false
env:
  ALBUM_HAVEN_EXPECTED_FFMPEG_VERSION: 7.1-essentials_build-www.gyan.dev
  ALBUM_HAVEN_FIXTURE_RELEASE: fixtures-v1.0.23
  ALBUM_HAVEN_FIXTURE_PROFILE: synthetic-large-library
  ALBUM_HAVEN_FIXTURE_ROOT: D:\a\_temp\album-haven-fixtures-e07fc258e07d4310aceca731f7898470
  ALBUM_HAVEN_MEDIA_ROOT: D:\a\_temp\album-haven-fixtures-e07fc258e07d4310aceca731f7898470\media
  pythonLocation: C:\hostedtoolcache\windows\Python\3.11.9\x64
  PKG_CONFIG_PATH: C:\hostedtoolcache\windows\Python\3.11.9\x64/lib/pkgconfig
  Python_ROOT_DIR: C:\hostedtoolcache\windows\Python\3.11.9\x64
  Python2_ROOT_DIR: C:\hostedtoolcache\windows\Python\3.11.9\x64
  Python3_ROOT_DIR: C:\hostedtoolcache\windows\Python\3.11.9\x64
  PGPASSFILE: D:\a\_temp\album-haven-postgres-p_35389965541_1_0.pgpass
  ALBUM_HAVEN_CI_DATABASE: album_haven_ci_p_35389965541_1_0
  DATABASE_MIGRATOR_URL: postgresql://album_haven_migrator_p_35389965541_1_0@127.0.0.1/album_haven_ci_p_35389965541_1_0
  DATABASE_APP_URL: postgresql://album_haven_app_p_35389965541_1_0@127.0.0.1/album_haven_ci_p_35389965541_1_0
  DATABASE_READONLY_URL: postgresql://album_haven_readonly_p_35389965541_1_0@127.0.0.1/album_haven_ci_p_35389965541_1_0
  ALBUM_HAVEN_FAKE_E2E_SETUP_DATABASE_URL: postgresql://album_haven_migrator_p_35389965541_1_0@127.0.0.1/album_haven_ci_p_35389965541_1_0
  ALBUM_HAVEN_FAKE_E2E_DATABASE_URL: postgresql://album_haven_app_p_35389965541_1_0@127.0.0.1/album_haven_ci_p_35389965541_1_0
  ALBUM_HAVEN_APP_DATABASE_URL: postgresql://album_haven_app_p_35389965541_1_0@127.0.0.1/album_haven_ci_p_35389965541_1_0
##[endgroup]
(node:8660) [DEP0040] DeprecationWarning: The `punycode` module is deprecated. Please use a userland alternative instead.
(Use `node --trace-deprecation ...` to show where the warning was created)
With the provided path, there will be 10 files uploaded
Artifact name is valid!
Root directory input is valid!
Beginning upload of artifact content to blob storage
(node:8660) [DEP0169] DeprecationWarning: `url.parse()` behavior is not standardized and prone to errors that have security implications. Use the WHATWG URL API instead. CVEs are not issued for `url.parse()` vulnerabilities.
Uploaded bytes 47172
Finished uploading artifact content to blob storage!
SHA256 digest of uploaded artifact zip is d9be65993b8d77259102313127e5ebbbdd42a2d597343ce4837754880f82f241
Finalizing artifact upload
Artifact performance-result-***-album-browse-1.zip successfully finalized. Artifact ID 10565223158
Artifact performance-result-***-album-browse-1 has been successfully uploaded! Final size is 47172 bytes. Artifact ID is 10565223158
Artifact download URL: https://github.com/idanilovqa/AlbumHaven/actions/runs/35389965541/artifacts/10565223158
Node 20 is being deprecated. This workflow is running with Node 24 by default. If you need to temporarily use Node 20, you can set the ACTIONS_ALLOW_USE_UNSECURE_NODE_VERSION=true environment variable. For more information see: https://github.blog/changelog/2025-09-19-deprecation-of-node-20-on-github-actions-runners/
##[group]Run actions/upload-artifact@v4
with:
  name: performance-diagnostics-***-album-browse-1
  path: test-results/playwright-performance-targets/***-album-browse
test-results/playwright-artifacts

  if-no-files-found: error
  retention-days: 7
  compression-level: 6
  overwrite: false
  include-hidden-files: false
env:
  ALBUM_HAVEN_EXPECTED_FFMPEG_VERSION: 7.1-essentials_build-www.gyan.dev
  ALBUM_HAVEN_FIXTURE_RELEASE: fixtures-v1.0.23
  ALBUM_HAVEN_FIXTURE_PROFILE: synthetic-large-library
  ALBUM_HAVEN_FIXTURE_ROOT: D:\a\_temp\album-haven-fixtures-e07fc258e07d4310aceca731f7898470
  ALBUM_HAVEN_MEDIA_ROOT: D:\a\_temp\album-haven-fixtures-e07fc258e07d4310aceca731f7898470\media
  pythonLocation: C:\hostedtoolcache\windows\Python\3.11.9\x64
  PKG_CONFIG_PATH: C:\hostedtoolcache\windows\Python\3.11.9\x64/lib/pkgconfig
  Python_ROOT_DIR: C:\hostedtoolcache\windows\Python\3.11.9\x64
  Python2_ROOT_DIR: C:\hostedtoolcache\windows\Python\3.11.9\x64
  Python3_ROOT_DIR: C:\hostedtoolcache\windows\Python\3.11.9\x64
  PGPASSFILE: D:\a\_temp\album-haven-postgres-p_35389965541_1_0.pgpass
  ALBUM_HAVEN_CI_DATABASE: album_haven_ci_p_35389965541_1_0
  DATABASE_MIGRATOR_URL: postgresql://album_haven_migrator_p_35389965541_1_0@127.0.0.1/album_haven_ci_p_35389965541_1_0
  DATABASE_APP_URL: postgresql://album_haven_app_p_35389965541_1_0@127.0.0.1/album_haven_ci_p_35389965541_1_0
  DATABASE_READONLY_URL: postgresql://album_haven_readonly_p_35389965541_1_0@127.0.0.1/album_haven_ci_p_35389965541_1_0
  ALBUM_HAVEN_FAKE_E2E_SETUP_DATABASE_URL: postgresql://album_haven_migrator_p_35389965541_1_0@127.0.0.1/album_haven_ci_p_35389965541_1_0
  ALBUM_HAVEN_FAKE_E2E_DATABASE_URL: postgresql://album_haven_app_p_35389965541_1_0@127.0.0.1/album_haven_ci_p_35389965541_1_0
  ALBUM_HAVEN_APP_DATABASE_URL: postgresql://album_haven_app_p_35389965541_1_0@127.0.0.1/album_haven_ci_p_35389965541_1_0
##[endgroup]
(node:1164) [DEP0040] DeprecationWarning: The `punycode` module is deprecated. Please use a userland alternative instead.
(Use `node --trace-deprecation ...` to show where the warning was created)
Multiple search paths detected. Calculating the least common ancestor of all paths
The least common ancestor is D:\a\AlbumHaven\AlbumHaven\test-results. This will be the *** directory of the artifact
With the provided path, there will be 10 files uploaded
Artifact name is valid!
Root directory input is valid!
Beginning upload of artifact content to blob storage
(node:1164) [DEP0169] DeprecationWarning: `url.parse()` behavior is not standardized and prone to errors that have security implications. Use the WHATWG URL API instead. CVEs are not issued for `url.parse()` vulnerabilities.
Uploaded bytes 48152
Finished uploading artifact content to blob storage!
SHA256 digest of uploaded artifact zip is a2150bd72d9d660e132d091f452fccff8745b3525a13d332558cb9db037c87a0
Finalizing artifact upload
Artifact performance-diagnostics-***-album-browse-1.zip successfully finalized. Artifact ID 10565293060
Artifact performance-diagnostics-***-album-browse-1 has been successfully uploaded! Final size is 48152 bytes. Artifact ID is 10565293060
Artifact download URL: https://github.com/idanilovqa/AlbumHaven/actions/runs/35389965541/artifacts/10565293060
Node 20 is being deprecated. This workflow is running with Node 24 by default. If you need to temporarily use Node 20, you can set the ACTIONS_ALLOW_USE_UNSECURE_NODE_VERSION=true environment variable. For more information see: https://github.blog/changelog/2025-09-19-deprecation-of-node-20-on-github-actions-runners/
##[group]Run actions/upload-artifact@v4
with:
  name: foundation-versions-performance-app-open-all-artists-1
  path: D:\a\_temp\album-haven-performance-foundations\foundation-version-manifest-performance-app-open-all-artists.json
  if-no-files-found: error
  retention-days: 14
  compression-level: 6
  overwrite: false
  include-hidden-files: false
env:
  ALBUM_HAVEN_EXPECTED_FFMPEG_VERSION: 7.1-essentials_build-www.gyan.dev
  ALBUM_HAVEN_FIXTURE_RELEASE: fixtures-v1.0.23
  ALBUM_HAVEN_FIXTURE_PROFILE: synthetic-large-library
  ALBUM_HAVEN_FIXTURE_ROOT: D:\a\_temp\album-haven-fixtures-e07fc258e07d4310aceca731f7898470
  ALBUM_HAVEN_MEDIA_ROOT: D:\a\_temp\album-haven-fixtures-e07fc258e07d4310aceca731f7898470\media
  pythonLocation: C:\hostedtoolcache\windows\Python\3.11.9\x64
  PKG_CONFIG_PATH: C:\hostedtoolcache\windows\Python\3.11.9\x64/lib/pkgconfig
  Python_ROOT_DIR: C:\hostedtoolcache\windows\Python\3.11.9\x64
  Python2_ROOT_DIR: C:\hostedtoolcache\windows\Python\3.11.9\x64
  Python3_ROOT_DIR: C:\hostedtoolcache\windows\Python\3.11.9\x64
  PGPASSFILE: D:\a\_temp\album-haven-postgres-p_35389965541_1_0.pgpass
  ALBUM_HAVEN_CI_DATABASE: album_haven_ci_p_35389965541_1_0
  DATABASE_MIGRATOR_URL: postgresql://album_haven_migrator_p_35389965541_1_0@127.0.0.1/album_haven_ci_p_35389965541_1_0
  DATABASE_APP_URL: postgresql://album_haven_app_p_35389965541_1_0@127.0.0.1/album_haven_ci_p_35389965541_1_0
  DATABASE_READONLY_URL: postgresql://album_haven_readonly_p_35389965541_1_0@127.0.0.1/album_haven_ci_p_35389965541_1_0
  ALBUM_HAVEN_FAKE_E2E_SETUP_DATABASE_URL: postgresql://album_haven_migrator_p_35389965541_1_0@127.0.0.1/album_haven_ci_p_35389965541_1_0
  ALBUM_HAVEN_FAKE_E2E_DATABASE_URL: postgresql://album_haven_app_p_35389965541_1_0@127.0.0.1/album_haven_ci_p_35389965541_1_0
  ALBUM_HAVEN_APP_DATABASE_URL: postgresql://album_haven_app_p_35389965541_1_0@127.0.0.1/album_haven_ci_p_35389965541_1_0
##[endgroup]
(node:2652) [DEP0040] DeprecationWarning: The `punycode` module is deprecated. Please use a userland alternative instead.
(Use `node --trace-deprecation ...` to show where the warning was created)
With the provided path, there will be 1 file uploaded
Artifact name is valid!
Root directory input is valid!
Beginning upload of artifact content to blob storage
(node:2652) [DEP0169] DeprecationWarning: `url.parse()` behavior is not standardized and prone to errors that have security implications. Use the WHATWG URL API instead. CVEs are not issued for `url.parse()` vulnerabilities.
Uploaded bytes 551
Finished uploading artifact content to blob storage!
SHA256 digest of uploaded artifact zip is 9a3442d2e6a606ce3339be81724ffdb6254d69e997eb8ddf8e09b145bea73dae
Finalizing artifact upload
Artifact foundation-versions-performance-app-open-all-artists-1.zip successfully finalized. Artifact ID 10565322989
Artifact foundation-versions-performance-app-open-all-artists-1 has been successfully uploaded! Final size is 551 bytes. Artifact ID is 10565322989
Artifact download URL: https://github.com/idanilovqa/AlbumHaven/actions/runs/35389965541/artifacts/10565322989
Node 20 is being deprecated. This workflow is running with Node 24 by default. If you need to temporarily use Node 20, you can set the ACTIONS_ALLOW_USE_UNSECURE_NODE_VERSION=true environment variable. For more information see: https://github.blog/changelog/2025-09-19-deprecation-of-node-20-on-github-actions-runners/
##[group]Run actions/upload-artifact@v4
with:
  name: performance-result-app-open-all-artists-1
  path: test-results/playwright-performance-targets/app-open-all-artists
  if-no-files-found: error
  retention-days: 14
  compression-level: 6
  overwrite: false
  include-hidden-files: false
env:
  ALBUM_HAVEN_EXPECTED_FFMPEG_VERSION: 7.1-essentials_build-www.gyan.dev
  ALBUM_HAVEN_FIXTURE_RELEASE: fixtures-v1.0.23
  ALBUM_HAVEN_FIXTURE_PROFILE: synthetic-large-library
  ALBUM_HAVEN_FIXTURE_ROOT: D:\a\_temp\album-haven-fixtures-e07fc258e07d4310aceca731f7898470
  ALBUM_HAVEN_MEDIA_ROOT: D:\a\_temp\album-haven-fixtures-e07fc258e07d4310aceca731f7898470\media
  pythonLocation: C:\hostedtoolcache\windows\Python\3.11.9\x64
  PKG_CONFIG_PATH: C:\hostedtoolcache\windows\Python\3.11.9\x64/lib/pkgconfig
  Python_ROOT_DIR: C:\hostedtoolcache\windows\Python\3.11.9\x64
  Python2_ROOT_DIR: C:\hostedtoolcache\windows\Python\3.11.9\x64
  Python3_ROOT_DIR: C:\hostedtoolcache\windows\Python\3.11.9\x64
  PGPASSFILE: D:\a\_temp\album-haven-postgres-p_35389965541_1_0.pgpass
  ALBUM_HAVEN_CI_DATABASE: album_haven_ci_p_35389965541_1_0
  DATABASE_MIGRATOR_URL: postgresql://album_haven_migrator_p_35389965541_1_0@127.0.0.1/album_haven_ci_p_35389965541_1_0
  DATABASE_APP_URL: postgresql://album_haven_app_p_35389965541_1_0@127.0.0.1/album_haven_ci_p_35389965541_1_0
  DATABASE_READONLY_URL: postgresql://album_haven_readonly_p_35389965541_1_0@127.0.0.1/album_haven_ci_p_35389965541_1_0
  ALBUM_HAVEN_FAKE_E2E_SETUP_DATABASE_URL: postgresql://album_haven_migrator_p_35389965541_1_0@127.0.0.1/album_haven_ci_p_35389965541_1_0
  ALBUM_HAVEN_FAKE_E2E_DATABASE_URL: postgresql://album_haven_app_p_35389965541_1_0@127.0.0.1/album_haven_ci_p_35389965541_1_0
  ALBUM_HAVEN_APP_DATABASE_URL: postgresql://album_haven_app_p_35389965541_1_0@127.0.0.1/album_haven_ci_p_35389965541_1_0
##[endgroup]
(node:6432) [DEP0040] DeprecationWarning: The `punycode` module is deprecated. Please use a userland alternative instead.
(Use `node --trace-deprecation ...` to show where the warning was created)
With the provided path, there will be 10 files uploaded
Artifact name is valid!
Root directory input is valid!
Beginning upload of artifact content to blob storage
(node:6432) [DEP0169] DeprecationWarning: `url.parse()` behavior is not standardized and prone to errors that have security implications. Use the WHATWG URL API instead. CVEs are not issued for `url.parse()` vulnerabilities.
Uploaded bytes 55913
Finished uploading artifact content to blob storage!
SHA256 digest of uploaded artifact zip is b9695b9cb2a398521abe05b20d12442fdef20d4cb63c8c7188df32358d296206
Finalizing artifact upload
Artifact performance-result-app-open-all-artists-1.zip successfully finalized. Artifact ID 10565477767
Artifact performance-result-app-open-all-artists-1 has been successfully uploaded! Final size is 55913 bytes. Artifact ID is 10565477767
Artifact download URL: https://github.com/idanilovqa/AlbumHaven/actions/runs/35389965541/artifacts/10565477767
Node 20 is being deprecated. This workflow is running with Node 24 by default. If you need to temporarily use Node 20, you can set the ACTIONS_ALLOW_USE_UNSECURE_NODE_VERSION=true environment variable. For more information see: https://github.blog/changelog/2025-09-19-deprecation-of-node-20-on-github-actions-runners/
##[group]Run actions/upload-artifact@v4
with:
  name: performance-diagnostics-app-open-all-artists-1
  path: test-results/playwright-performance-targets/app-open-all-artists
test-results/playwright-artifacts

  if-no-files-found: error
  retention-days: 7
  compression-level: 6
  overwrite: false
  include-hidden-files: false
env:
  ALBUM_HAVEN_EXPECTED_FFMPEG_VERSION: 7.1-essentials_build-www.gyan.dev
  ALBUM_HAVEN_FIXTURE_RELEASE: fixtures-v1.0.23
  ALBUM_HAVEN_FIXTURE_PROFILE: synthetic-large-library
  ALBUM_HAVEN_FIXTURE_ROOT: D:\a\_temp\album-haven-fixtures-e07fc258e07d4310aceca731f7898470
  ALBUM_HAVEN_MEDIA_ROOT: D:\a\_temp\album-haven-fixtures-e07fc258e07d4310aceca731f7898470\media
  pythonLocation: C:\hostedtoolcache\windows\Python\3.11.9\x64
  PKG_CONFIG_PATH: C:\hostedtoolcache\windows\Python\3.11.9\x64/lib/pkgconfig
  Python_ROOT_DIR: C:\hostedtoolcache\windows\Python\3.11.9\x64
  Python2_ROOT_DIR: C:\hostedtoolcache\windows\Python\3.11.9\x64
  Python3_ROOT_DIR: C:\hostedtoolcache\windows\Python\3.11.9\x64
  PGPASSFILE: D:\a\_temp\album-haven-postgres-p_35389965541_1_0.pgpass
  ALBUM_HAVEN_CI_DATABASE: album_haven_ci_p_35389965541_1_0
  DATABASE_MIGRATOR_URL: postgresql://album_haven_migrator_p_35389965541_1_0@127.0.0.1/album_haven_ci_p_35389965541_1_0
  DATABASE_APP_URL: postgresql://album_haven_app_p_35389965541_1_0@127.0.0.1/album_haven_ci_p_35389965541_1_0
  DATABASE_READONLY_URL: postgresql://album_haven_readonly_p_35389965541_1_0@127.0.0.1/album_haven_ci_p_35389965541_1_0
  ALBUM_HAVEN_FAKE_E2E_SETUP_DATABASE_URL: postgresql://album_haven_migrator_p_35389965541_1_0@127.0.0.1/album_haven_ci_p_35389965541_1_0
  ALBUM_HAVEN_FAKE_E2E_DATABASE_URL: postgresql://album_haven_app_p_35389965541_1_0@127.0.0.1/album_haven_ci_p_35389965541_1_0
  ALBUM_HAVEN_APP_DATABASE_URL: postgresql://album_haven_app_p_35389965541_1_0@127.0.0.1/album_haven_ci_p_35389965541_1_0
##[endgroup]
(node:5664) [DEP0040] DeprecationWarning: The `punycode` module is deprecated. Please use a userland alternative instead.
(Use `node --trace-deprecation ...` to show where the warning was created)
Multiple search paths detected. Calculating the least common ancestor of all paths
The least common ancestor is D:\a\AlbumHaven\AlbumHaven\test-results. This will be the *** directory of the artifact
With the provided path, there will be 10 files uploaded
Artifact name is valid!
Root directory input is valid!
Beginning upload of artifact content to blob storage
(node:5664) [DEP0169] DeprecationWarning: `url.parse()` behavior is not standardized and prone to errors that have security implications. Use the WHATWG URL API instead. CVEs are not issued for `url.parse()` vulnerabilities.
Uploaded bytes 56953
Finished uploading artifact content to blob storage!
SHA256 digest of uploaded artifact zip is c9d9e5359a87164aad862ce86987e1024ed3aa48a1c62f796857c0acc1477187
Finalizing artifact upload
Artifact performance-diagnostics-app-open-all-artists-1.zip successfully finalized. Artifact ID 10565507836
Artifact performance-diagnostics-app-open-all-artists-1 has been successfully uploaded! Final size is 56953 bytes. Artifact ID is 10565507836
Artifact download URL: https://github.com/idanilovqa/AlbumHaven/actions/runs/35389965541/artifacts/10565507836
Node 20 is being deprecated. This workflow is running with Node 24 by default. If you need to temporarily use Node 20, you can set the ACTIONS_ALLOW_USE_UNSECURE_NODE_VERSION=true environment variable. For more information see: https://github.blog/changelog/2025-09-19-deprecation-of-node-20-on-github-actions-runners/
##[group]Run actions/upload-artifact@v4
with:
  name: foundation-versions-performance-rules-focused-1
  path: D:\a\_temp\album-haven-performance-foundations\foundation-version-manifest-performance-rules-focused.json
  if-no-files-found: error
  retention-days: 14
  compression-level: 6
  overwrite: false
  include-hidden-files: false
env:
  ALBUM_HAVEN_EXPECTED_FFMPEG_VERSION: 7.1-essentials_build-www.gyan.dev
  ALBUM_HAVEN_FIXTURE_RELEASE: fixtures-v1.0.23
  ALBUM_HAVEN_FIXTURE_PROFILE: synthetic-large-library
  ALBUM_HAVEN_FIXTURE_ROOT: D:\a\_temp\album-haven-fixtures-e07fc258e07d4310aceca731f7898470
  ALBUM_HAVEN_MEDIA_ROOT: D:\a\_temp\album-haven-fixtures-e07fc258e07d4310aceca731f7898470\media
  pythonLocation: C:\hostedtoolcache\windows\Python\3.11.9\x64
  PKG_CONFIG_PATH: C:\hostedtoolcache\windows\Python\3.11.9\x64/lib/pkgconfig
  Python_ROOT_DIR: C:\hostedtoolcache\windows\Python\3.11.9\x64
  Python2_ROOT_DIR: C:\hostedtoolcache\windows\Python\3.11.9\x64
  Python3_ROOT_DIR: C:\hostedtoolcache\windows\Python\3.11.9\x64
  PGPASSFILE: D:\a\_temp\album-haven-postgres-p_35389965541_1_0.pgpass
  ALBUM_HAVEN_CI_DATABASE: album_haven_ci_p_35389965541_1_0
  DATABASE_MIGRATOR_URL: postgresql://album_haven_migrator_p_35389965541_1_0@127.0.0.1/album_haven_ci_p_35389965541_1_0
  DATABASE_APP_URL: postgresql://album_haven_app_p_35389965541_1_0@127.0.0.1/album_haven_ci_p_35389965541_1_0
  DATABASE_READONLY_URL: postgresql://album_haven_readonly_p_35389965541_1_0@127.0.0.1/album_haven_ci_p_35389965541_1_0
  ALBUM_HAVEN_FAKE_E2E_SETUP_DATABASE_URL: postgresql://album_haven_migrator_p_35389965541_1_0@127.0.0.1/album_haven_ci_p_35389965541_1_0
  ALBUM_HAVEN_FAKE_E2E_DATABASE_URL: postgresql://album_haven_app_p_35389965541_1_0@127.0.0.1/album_haven_ci_p_35389965541_1_0
  ALBUM_HAVEN_APP_DATABASE_URL: postgresql://album_haven_app_p_35389965541_1_0@127.0.0.1/album_haven_ci_p_35389965541_1_0
##[endgroup]
(node:5804) [DEP0040] DeprecationWarning: The `punycode` module is deprecated. Please use a userland alternative instead.
(Use `node --trace-deprecation ...` to show where the warning was created)
With the provided path, there will be 1 file uploaded
Artifact name is valid!
Root directory input is valid!
Beginning upload of artifact content to blob storage
(node:5804) [DEP0169] DeprecationWarning: `url.parse()` behavior is not standardized and prone to errors that have security implications. Use the WHATWG URL API instead. CVEs are not issued for `url.parse()` vulnerabilities.
Uploaded bytes 537
Finished uploading artifact content to blob storage!
SHA256 digest of uploaded artifact zip is a42d16128bc60bea6a9476232c54c0477b44854dc9eddfc6f18e6cdf05272391
Finalizing artifact upload
Artifact foundation-versions-performance-rules-focused-1.zip successfully finalized. Artifact ID 10565427882
Artifact foundation-versions-performance-rules-focused-1 has been successfully uploaded! Final size is 537 bytes. Artifact ID is 10565427882
Artifact download URL: https://github.com/idanilovqa/AlbumHaven/actions/runs/35389965541/artifacts/10565427882
Node 20 is being deprecated. This workflow is running with Node 24 by default. If you need to temporarily use Node 20, you can set the ACTIONS_ALLOW_USE_UNSECURE_NODE_VERSION=true environment variable. For more information see: https://github.blog/changelog/2025-09-19-deprecation-of-node-20-on-github-actions-runners/
##[group]Run actions/upload-artifact@v4
with:
  name: performance-result-rules-focused-1
  path: test-results/playwright-performance-targets/rules-focused
  if-no-files-found: error
  retention-days: 14
  compression-level: 6
  overwrite: false
  include-hidden-files: false
env:
  ALBUM_HAVEN_EXPECTED_FFMPEG_VERSION: 7.1-essentials_build-www.gyan.dev
  ALBUM_HAVEN_FIXTURE_RELEASE: fixtures-v1.0.23
  ALBUM_HAVEN_FIXTURE_PROFILE: synthetic-large-library
  ALBUM_HAVEN_FIXTURE_ROOT: D:\a\_temp\album-haven-fixtures-e07fc258e07d4310aceca731f7898470
  ALBUM_HAVEN_MEDIA_ROOT: D:\a\_temp\album-haven-fixtures-e07fc258e07d4310aceca731f7898470\media
  pythonLocation: C:\hostedtoolcache\windows\Python\3.11.9\x64
  PKG_CONFIG_PATH: C:\hostedtoolcache\windows\Python\3.11.9\x64/lib/pkgconfig
  Python_ROOT_DIR: C:\hostedtoolcache\windows\Python\3.11.9\x64
  Python2_ROOT_DIR: C:\hostedtoolcache\windows\Python\3.11.9\x64
  Python3_ROOT_DIR: C:\hostedtoolcache\windows\Python\3.11.9\x64
  PGPASSFILE: D:\a\_temp\album-haven-postgres-p_35389965541_1_0.pgpass
  ALBUM_HAVEN_CI_DATABASE: album_haven_ci_p_35389965541_1_0
  DATABASE_MIGRATOR_URL: postgresql://album_haven_migrator_p_35389965541_1_0@127.0.0.1/album_haven_ci_p_35389965541_1_0
  DATABASE_APP_URL: postgresql://album_haven_app_p_35389965541_1_0@127.0.0.1/album_haven_ci_p_35389965541_1_0
  DATABASE_READONLY_URL: postgresql://album_haven_readonly_p_35389965541_1_0@127.0.0.1/album_haven_ci_p_35389965541_1_0
  ALBUM_HAVEN_FAKE_E2E_SETUP_DATABASE_URL: postgresql://album_haven_migrator_p_35389965541_1_0@127.0.0.1/album_haven_ci_p_35389965541_1_0
  ALBUM_HAVEN_FAKE_E2E_DATABASE_URL: postgresql://album_haven_app_p_35389965541_1_0@127.0.0.1/album_haven_ci_p_35389965541_1_0
  ALBUM_HAVEN_APP_DATABASE_URL: postgresql://album_haven_app_p_35389965541_1_0@127.0.0.1/album_haven_ci_p_35389965541_1_0
##[endgroup]
(node:8732) [DEP0040] DeprecationWarning: The `punycode` module is deprecated. Please use a userland alternative instead.
(Use `node --trace-deprecation ...` to show where the warning was created)
With the provided path, there will be 19 files uploaded
Artifact name is valid!
Root directory input is valid!
Beginning upload of artifact content to blob storage
(node:8732) [DEP0169] DeprecationWarning: `url.parse()` behavior is not standardized and prone to errors that have security implications. Use the WHATWG URL API instead. CVEs are not issued for `url.parse()` vulnerabilities.
Uploaded bytes 893933
Finished uploading artifact content to blob storage!
SHA256 digest of uploaded artifact zip is efb7e32c53dc20849e52dfd3a7604c170049b779d032909250beb275f33a1f13
Finalizing artifact upload
Artifact performance-result-rules-focused-1.zip successfully finalized. Artifact ID 10566391807
Artifact performance-result-rules-focused-1 has been successfully uploaded! Final size is 893933 bytes. Artifact ID is 10566391807
Artifact download URL: https://github.com/idanilovqa/AlbumHaven/actions/runs/35389965541/artifacts/10566391807
Node 20 is being deprecated. This workflow is running with Node 24 by default. If you need to temporarily use Node 20, you can set the ACTIONS_ALLOW_USE_UNSECURE_NODE_VERSION=true environment variable. For more information see: https://github.blog/changelog/2025-09-19-deprecation-of-node-20-on-github-actions-runners/
##[group]Run actions/upload-artifact@v4
with:
  name: performance-diagnostics-rules-focused-1
  path: test-results/playwright-performance-targets/rules-focused
test-results/playwright-artifacts

  if-no-files-found: error
  retention-days: 7
  compression-level: 6
  overwrite: false
  include-hidden-files: false
env:
  ALBUM_HAVEN_EXPECTED_FFMPEG_VERSION: 7.1-essentials_build-www.gyan.dev
  ALBUM_HAVEN_FIXTURE_RELEASE: fixtures-v1.0.23
  ALBUM_HAVEN_FIXTURE_PROFILE: synthetic-large-library
  ALBUM_HAVEN_FIXTURE_ROOT: D:\a\_temp\album-haven-fixtures-e07fc258e07d4310aceca731f7898470
  ALBUM_HAVEN_MEDIA_ROOT: D:\a\_temp\album-haven-fixtures-e07fc258e07d4310aceca731f7898470\media
  pythonLocation: C:\hostedtoolcache\windows\Python\3.11.9\x64
  PKG_CONFIG_PATH: C:\hostedtoolcache\windows\Python\3.11.9\x64/lib/pkgconfig
  Python_ROOT_DIR: C:\hostedtoolcache\windows\Python\3.11.9\x64
  Python2_ROOT_DIR: C:\hostedtoolcache\windows\Python\3.11.9\x64
  Python3_ROOT_DIR: C:\hostedtoolcache\windows\Python\3.11.9\x64
  PGPASSFILE: D:\a\_temp\album-haven-postgres-p_35389965541_1_0.pgpass
  ALBUM_HAVEN_CI_DATABASE: album_haven_ci_p_35389965541_1_0
  DATABASE_MIGRATOR_URL: postgresql://album_haven_migrator_p_35389965541_1_0@127.0.0.1/album_haven_ci_p_35389965541_1_0
  DATABASE_APP_URL: postgresql://album_haven_app_p_35389965541_1_0@127.0.0.1/album_haven_ci_p_35389965541_1_0
  DATABASE_READONLY_URL: postgresql://album_haven_readonly_p_35389965541_1_0@127.0.0.1/album_haven_ci_p_35389965541_1_0
  ALBUM_HAVEN_FAKE_E2E_SETUP_DATABASE_URL: postgresql://album_haven_migrator_p_35389965541_1_0@127.0.0.1/album_haven_ci_p_35389965541_1_0
  ALBUM_HAVEN_FAKE_E2E_DATABASE_URL: postgresql://album_haven_app_p_35389965541_1_0@127.0.0.1/album_haven_ci_p_35389965541_1_0
  ALBUM_HAVEN_APP_DATABASE_URL: postgresql://album_haven_app_p_35389965541_1_0@127.0.0.1/album_haven_ci_p_35389965541_1_0
##[endgroup]
(node:7640) [DEP0040] DeprecationWarning: The `punycode` module is deprecated. Please use a userland alternative instead.
(Use `node --trace-deprecation ...` to show where the warning was created)
Multiple search paths detected. Calculating the least common ancestor of all paths
The least common ancestor is D:\a\AlbumHaven\AlbumHaven\test-results. This will be the *** directory of the artifact
With the provided path, there will be 19 files uploaded
Artifact name is valid!
Root directory input is valid!
Beginning upload of artifact content to blob storage
(node:7640) [DEP0169] DeprecationWarning: `url.parse()` behavior is not standardized and prone to errors that have security implications. Use the WHATWG URL API instead. CVEs are not issued for `url.parse()` vulnerabilities.
Uploaded bytes 895643
Finished uploading artifact content to blob storage!
SHA256 digest of uploaded artifact zip is 2e269f7a5193fa2a44dba2a75b64dd07f5d5167045f28440e96b3531e3dbcb4b
Finalizing artifact upload
Artifact performance-diagnostics-rules-focused-1.zip successfully finalized. Artifact ID 10565302944
Artifact performance-diagnostics-rules-focused-1 has been successfully uploaded! Final size is 895643 bytes. Artifact ID is 10565302944
Artifact download URL: https://github.com/idanilovqa/AlbumHaven/actions/runs/35389965541/artifacts/10565302944
Post job cleanup.
[command]"C:\Program Files\Git\bin\git.exe" version
git version 2.55.0.windows.5
Temporarily overriding HOME='D:\a\_temp\3ae75ab4-5521-4b1f-8e5e-cb2ce3a850a6' before making global git config changes
Adding repository directory to the temporary git global config as a safe directory
[command]"C:\Program Files\Git\bin\git.exe" config --global --add safe.directory D:\a\AlbumHaven\AlbumHaven\.trusted-ci
[command]"C:\Program Files\Git\bin\git.exe" config --local --name-only --get-regexp core\.sshCommand
[command]"C:\Program Files\Git\bin\git.exe" submodule foreach --recursive "sh -c \"git config --local --name-only --get-regexp 'core\.sshCommand' && git config --local --unset-all 'core.sshCommand' || :\""
[command]"C:\Program Files\Git\bin\git.exe" config --local --name-only --get-regexp http\.https\:\/\/github\.com\/\.extraheader
[command]"C:\Program Files\Git\bin\git.exe" submodule foreach --recursive "sh -c \"git config --local --name-only --get-regexp 'http\.https\:\/\/github\.com\/\.extraheader' && git config --local --unset-all 'http.https://github.com/.extraheader' || :\""
[command]"C:\Program Files\Git\bin\git.exe" config --local --name-only --get-regexp ^includeIf\.gitdir:
[command]"C:\Program Files\Git\bin\git.exe" submodule foreach --recursive "git config --local --show-origin --name-only --get-regexp remote.origin.url"
Post job cleanup.
[command]"C:\Program Files\Git\bin\git.exe" version
git version 2.55.0.windows.5
Temporarily overriding HOME='D:\a\_temp\752a18e4-35b3-41e7-a479-09a88a5fbe9d' before making global git config changes
Adding repository directory to the temporary git global config as a safe directory
[command]"C:\Program Files\Git\bin\git.exe" config --global --add safe.directory D:\a\AlbumHaven\AlbumHaven
[command]"C:\Program Files\Git\bin\git.exe" config --local --name-only --get-regexp core\.sshCommand
[command]"C:\Program Files\Git\bin\git.exe" submodule foreach --recursive "sh -c \"git config --local --name-only --get-regexp 'core\.sshCommand' && git config --local --unset-all 'core.sshCommand' || :\""
[command]"C:\Program Files\Git\bin\git.exe" config --local --name-only --get-regexp http\.https\:\/\/github\.com\/\.extraheader
[command]"C:\Program Files\Git\bin\git.exe" submodule foreach --recursive "sh -c \"git config --local --name-only --get-regexp 'http\.https\:\/\/github\.com\/\.extraheader' && git config --local --unset-all 'http.https://github.com/.extraheader' || :\""
[command]"C:\Program Files\Git\bin\git.exe" config --local --name-only --get-regexp ^includeIf\.gitdir:
[command]"C:\Program Files\Git\bin\git.exe" submodule foreach --recursive "git config --local --show-origin --name-only --get-regexp remote.origin.url"
Cleaning up orphan processes
##[warning]Node.js 20 is deprecated. The following actions target Node.js 20 but are being forced to run on Node.js 24: actions/setup-node@v4, actions/setup-python@v5, actions/upload-artifact@v4. For more information see: https://github.blog/changelog/2025-09-19-deprecation-of-node-20-on-github-actions-runners/
