2026-09-18T20:10:41.1275065Z Current runner version: '2.337.0'
##[group]Runner Image Provisioner
Hosted Compute Agent
Version: 20260828.587
Commit: abac92662cab4cc7352de4f9f9d2e2419aad9c29
Build Date: 2026-08-28T16:44:25Z
Worker ID: {1c53ebb4-0f1b-4467-8169-3955d3163835}
Azure Region: westus3
##[endgroup]
##[group]Operating System
Microsoft Windows Server 2025
10.0.26100
Datacenter
##[endgroup]
##[group]Runner Image
Image: windows-2025-vs2026
Version: 20260907.229.1
Included Software: https://github.com/actions/runner-images/blob/win25-vs2026/20260907.229/images/windows/Windows2025-VS2026-Readme.md
Image Release: https://github.com/actions/runner-images/releases/tag/win25-vs2026%2F20260907.229
##[endgroup]
##[group]GITHUB_TOKEN Permissions
Contents: read
Metadata: read
##[endgroup]
Secret source: Actions
Cache mode: write
Prepare workflow directory
Prepare all required actions
Getting action download info
Download action repository 'actions/checkout@v5' (SHA:fbc6f3992d24b796d5a048ff273f7fcc4a7b6c09)
Download action repository 'actions/setup-node@v4' (SHA:49933ea5288caeca8642d1e84afbd3f7d6820020)
Download action repository 'actions/setup-python@v5' (SHA:a26af69be951a213d495a4c3e4e4022e16d87065)
Download action repository 'browser-actions/setup-chrome@v2' (SHA:48ad923757ca74d66703209fe939badbdf80f2f4)
Download action repository 'actions/upload-artifact@v4' (SHA:ea165f8d65b6e75b540449e92b4886f43607fa02)
Complete job name: E2E: metadata-mutations
##[group]Run actions/checkout@v5
with:
  fetch-depth: 0
  persist-credentials: false
  repository: idanilovqa/AlbumHaven
  token: ***
  ssh-strict: true
  ssh-user: git
  clean: true
  sparse-checkout-cone-mode: true
  fetch-tags: false
  show-progress: true
  lfs: false
  submodules: false
  set-safe-directory: true
  allow-unsafe-pr-checkout: false
env:
  ALBUM_HAVEN_EXPECTED_FFMPEG_VERSION: 7.1-essentials_build-www.gyan.dev
##[endgroup]
Syncing repository: idanilovqa/AlbumHaven
##[group]Getting Git version info
Working directory is 'D:\a\AlbumHaven\AlbumHaven'
[command]"C:\Program Files\Git\bin\git.exe" version
git version 2.55.0.windows.5
##[endgroup]
Temporarily overriding HOME='D:\a\_temp\6d281f29-0f30-4ff2-8182-252d5ec1b884' before making global git config changes
Adding repository directory to the temporary git global config as a safe directory
[command]"C:\Program Files\Git\bin\git.exe" config --global --add safe.directory D:\a\AlbumHaven\AlbumHaven
Deleting the contents of 'D:\a\AlbumHaven\AlbumHaven'
##[group]Initializing the repository
[command]"C:\Program Files\Git\bin\git.exe" init D:\a\AlbumHaven\AlbumHaven
Initialized empty Git repository in D:/a/AlbumHaven/AlbumHaven/.git/
[command]"C:\Program Files\Git\bin\git.exe" remote add origin https://github.com/idanilovqa/AlbumHaven
##[endgroup]
##[group]Disabling automatic garbage collection
[command]"C:\Program Files\Git\bin\git.exe" config --local gc.auto 0
##[endgroup]
##[group]Setting up auth
[command]"C:\Program Files\Git\bin\git.exe" config --local --name-only --get-regexp core\.sshCommand
[command]"C:\Program Files\Git\bin\git.exe" submodule foreach --recursive "sh -c \"git config --local --name-only --get-regexp 'core\.sshCommand' && git config --local --unset-all 'core.sshCommand' || :\""
[command]"C:\Program Files\Git\bin\git.exe" config --local --name-only --get-regexp http\.https\:\/\/github\.com\/\.extraheader
[command]"C:\Program Files\Git\bin\git.exe" submodule foreach --recursive "sh -c \"git config --local --name-only --get-regexp 'http\.https\:\/\/github\.com\/\.extraheader' && git config --local --unset-all 'http.https://github.com/.extraheader' || :\""
[command]"C:\Program Files\Git\bin\git.exe" config --local --name-only --get-regexp ^includeIf\.gitdir:
[command]"C:\Program Files\Git\bin\git.exe" submodule foreach --recursive "git config --local --show-origin --name-only --get-regexp remote.origin.url"
[command]"C:\Program Files\Git\bin\git.exe" config --local http.https://github.com/.extraheader "AUTHORIZATION: basic ***"
##[endgroup]
##[group]Fetching the repository
[command]"C:\Program Files\Git\bin\git.exe" -c protocol.version=2 fetch --prune --no-recurse-submodules origin +refs/heads/*:refs/remotes/origin/* +refs/tags/*:refs/tags/* +9159e1ee4c9793bd6f1b168ed08cd2698f385f71:refs/remotes/pull/3/merge
From https://github.com/idanilovqa/AlbumHaven
 * [new branch]      2026-08-30-phase-7-local-auth            -> origin/2026-08-30-phase-7-local-auth
 * [new branch]      2026-09-05-gallery-refactor              -> origin/2026-09-05-gallery-refactor
 * [new branch]      2026-09-08-settings-refactor             -> origin/2026-09-08-settings-refactor
 * [new branch]      2026-09-17-pr3-rf456-build               -> origin/2026-09-17-pr3-rf456-build
 * [new branch]      2026-09-18-pr3-ci-diagnostics            -> origin/2026-09-18-pr3-ci-diagnostics
 * [new branch]      2026-09-18-pr3-js-batch                  -> origin/2026-09-18-pr3-js-batch
 * [new branch]      2026-09-18-pr3-python-batch              -> origin/2026-09-18-pr3-python-batch
 * [new branch]      codex/pr1-review-base-2026-09-10         -> origin/codex/pr1-review-base-2026-09-10
 * [new branch]      codex/pr1-review-snapshot-2026-09-10     -> origin/codex/pr1-review-snapshot-2026-09-10
 * [new branch]      main                                     -> origin/main
 * [new tag]         v0.9.41                                  -> v0.9.41
 * [new tag]         v0.9.42                                  -> v0.9.42
 * [new tag]         v0.9.43                                  -> v0.9.43
 * [new tag]         v0.9.44                                  -> v0.9.44
 * [new ref]         9159e1ee4c9793bd6f1b168ed08cd2698f385f71 -> pull/3/merge
##[endgroup]
##[group]Determining the checkout info
##[endgroup]
[command]"C:\Program Files\Git\bin\git.exe" sparse-checkout disable
[command]"C:\Program Files\Git\bin\git.exe" config --local --unset-all extensions.worktreeConfig
##[group]Checking out the ref
[command]"C:\Program Files\Git\bin\git.exe" checkout --progress --force refs/remotes/pull/3/merge
Note: switching to 'refs/remotes/pull/3/merge'.

You are in 'detached HEAD' state. You can look around, make experimental
changes and commit them, and you can discard any commits you make in this
state without impacting any branches by switching back to a branch.

If you want to create a new branch to retain commits you create, you may
do so (now or later) by using -c with the switch command. Example:

  git switch -c <new-branch-name>

Or undo this operation with:

  git switch -

Turn off this advice by setting config variable advice.detachedHead to false

HEAD is now at 9159e1e Merge ea256e48e5b72e1617f01c9954beec3b432e7da2 into 38f740a4e984a25c0d501a7a2166d6ccdc09dcf3
##[endgroup]
[command]"C:\Program Files\Git\bin\git.exe" log -1 --format=%H
9159e1ee4c9793bd6f1b168ed08cd2698f385f71
##[group]Removing auth
[command]"C:\Program Files\Git\bin\git.exe" config --local --name-only --get-regexp core\.sshCommand
[command]"C:\Program Files\Git\bin\git.exe" submodule foreach --recursive "sh -c \"git config --local --name-only --get-regexp 'core\.sshCommand' && git config --local --unset-all 'core.sshCommand' || :\""
[command]"C:\Program Files\Git\bin\git.exe" config --local --name-only --get-regexp http\.https\:\/\/github\.com\/\.extraheader
http.https://github.com/.extraheader
[command]"C:\Program Files\Git\bin\git.exe" config --local --unset-all http.https://github.com/.extraheader
[command]"C:\Program Files\Git\bin\git.exe" submodule foreach --recursive "sh -c \"git config --local --name-only --get-regexp 'http\.https\:\/\/github\.com\/\.extraheader' && git config --local --unset-all 'http.https://github.com/.extraheader' || :\""
[command]"C:\Program Files\Git\bin\git.exe" config --local --name-only --get-regexp ^includeIf\.gitdir:
[command]"C:\Program Files\Git\bin\git.exe" submodule foreach --recursive "git config --local --show-origin --name-only --get-regexp remote.origin.url"
##[endgroup]
##[group]Run actions/checkout@v5
with:
  ref: 38f740a4e984a25c0d501a7a2166d6ccdc09dcf3
  path: .trusted-ci
  persist-credentials: false
  repository: idanilovqa/AlbumHaven
  token: ***
  ssh-strict: true
  ssh-user: git
  clean: true
  sparse-checkout-cone-mode: true
  fetch-depth: 1
  fetch-tags: false
  show-progress: true
  lfs: false
  submodules: false
  set-safe-directory: true
  allow-unsafe-pr-checkout: false
env:
  ALBUM_HAVEN_EXPECTED_FFMPEG_VERSION: 7.1-essentials_build-www.gyan.dev
##[endgroup]
Syncing repository: idanilovqa/AlbumHaven
##[group]Getting Git version info
Working directory is 'D:\a\AlbumHaven\AlbumHaven\.trusted-ci'
[command]"C:\Program Files\Git\bin\git.exe" version
git version 2.55.0.windows.5
##[endgroup]
Temporarily overriding HOME='D:\a\_temp\a5d932a4-310d-44e1-a11b-c680f4b03ca2' before making global git config changes
Adding repository directory to the temporary git global config as a safe directory
[command]"C:\Program Files\Git\bin\git.exe" config --global --add safe.directory D:\a\AlbumHaven\AlbumHaven\.trusted-ci
##[group]Initializing the repository
[command]"C:\Program Files\Git\bin\git.exe" init D:\a\AlbumHaven\AlbumHaven\.trusted-ci
Initialized empty Git repository in D:/a/AlbumHaven/AlbumHaven/.trusted-ci/.git/
[command]"C:\Program Files\Git\bin\git.exe" remote add origin https://github.com/idanilovqa/AlbumHaven
##[endgroup]
##[group]Disabling automatic garbage collection
[command]"C:\Program Files\Git\bin\git.exe" config --local gc.auto 0
##[endgroup]
##[group]Setting up auth
[command]"C:\Program Files\Git\bin\git.exe" config --local --name-only --get-regexp core\.sshCommand
[command]"C:\Program Files\Git\bin\git.exe" submodule foreach --recursive "sh -c \"git config --local --name-only --get-regexp 'core\.sshCommand' && git config --local --unset-all 'core.sshCommand' || :\""
[command]"C:\Program Files\Git\bin\git.exe" config --local --name-only --get-regexp http\.https\:\/\/github\.com\/\.extraheader
[command]"C:\Program Files\Git\bin\git.exe" submodule foreach --recursive "sh -c \"git config --local --name-only --get-regexp 'http\.https\:\/\/github\.com\/\.extraheader' && git config --local --unset-all 'http.https://github.com/.extraheader' || :\""
[command]"C:\Program Files\Git\bin\git.exe" config --local --name-only --get-regexp ^includeIf\.gitdir:
[command]"C:\Program Files\Git\bin\git.exe" submodule foreach --recursive "git config --local --show-origin --name-only --get-regexp remote.origin.url"
[command]"C:\Program Files\Git\bin\git.exe" config --local http.https://github.com/.extraheader "AUTHORIZATION: basic ***"
##[endgroup]
##[group]Fetching the repository
[command]"C:\Program Files\Git\bin\git.exe" -c protocol.version=2 fetch --no-tags --prune --no-recurse-submodules --depth=1 origin 38f740a4e984a25c0d501a7a2166d6ccdc09dcf3
From https://github.com/idanilovqa/AlbumHaven
 * branch            38f740a4e984a25c0d501a7a2166d6ccdc09dcf3 -> FETCH_HEAD
##[endgroup]
##[group]Determining the checkout info
##[endgroup]
[command]"C:\Program Files\Git\bin\git.exe" sparse-checkout disable
[command]"C:\Program Files\Git\bin\git.exe" config --local --unset-all extensions.worktreeConfig
##[group]Checking out the ref
[command]"C:\Program Files\Git\bin\git.exe" checkout --progress --force 38f740a4e984a25c0d501a7a2166d6ccdc09dcf3
Note: switching to '38f740a4e984a25c0d501a7a2166d6ccdc09dcf3'.

You are in 'detached HEAD' state. You can look around, make experimental
changes and commit them, and you can discard any commits you make in this
state without impacting any branches by switching back to a branch.

If you want to create a new branch to retain commits you create, you may
do so (now or later) by using -c with the switch command. Example:

  git switch -c <new-branch-name>

Or undo this operation with:

  git switch -

Turn off this advice by setting config variable advice.detachedHead to false

HEAD is now at 38f740a Merge pull request #2 from idanilovqa/2026-09-05-gallery-refactor
##[endgroup]
[command]"C:\Program Files\Git\bin\git.exe" log -1 --format=%H
38f740a4e984a25c0d501a7a2166d6ccdc09dcf3
##[group]Removing auth
[command]"C:\Program Files\Git\bin\git.exe" config --local --name-only --get-regexp core\.sshCommand
[command]"C:\Program Files\Git\bin\git.exe" submodule foreach --recursive "sh -c \"git config --local --name-only --get-regexp 'core\.sshCommand' && git config --local --unset-all 'core.sshCommand' || :\""
[command]"C:\Program Files\Git\bin\git.exe" config --local --name-only --get-regexp http\.https\:\/\/github\.com\/\.extraheader
http.https://github.com/.extraheader
[command]"C:\Program Files\Git\bin\git.exe" config --local --unset-all http.https://github.com/.extraheader
[command]"C:\Program Files\Git\bin\git.exe" submodule foreach --recursive "sh -c \"git config --local --name-only --get-regexp 'http\.https\:\/\/github\.com\/\.extraheader' && git config --local --unset-all 'http.https://github.com/.extraheader' || :\""
[command]"C:\Program Files\Git\bin\git.exe" config --local --name-only --get-regexp ^includeIf\.gitdir:
[command]"C:\Program Files\Git\bin\git.exe" submodule foreach --recursive "git config --local --show-origin --name-only --get-regexp remote.origin.url"
##[endgroup]
##[group]Run & ".trusted-ci\scripts\ci\fetch-test-fixtures.ps1" `
& ".trusted-ci\scripts\ci\fetch-test-fixtures.ps1" `
  -Release fixtures-v1.0.23 `
  -Profile functional-core `
  -ManifestSha256 e3ad2c100a77af2cb25dca2894dbf2c5e8decbc6925acf54c2749f6d3be000c2
shell: C:\Program Files\PowerShell\7\pwsh.EXE -command ". '{0}'"
env:
  ALBUM_HAVEN_EXPECTED_FFMPEG_VERSION: 7.1-essentials_build-www.gyan.dev
  ALBUM_HAVEN_FIXTURES_TOKEN: ***
##[endgroup]
Node 20 is being deprecated. This workflow is running with Node 24 by default. If you need to temporarily use Node 20, you can set the ACTIONS_ALLOW_USE_UNSECURE_NODE_VERSION=true environment variable. For more information see: https://github.blog/changelog/2025-09-19-deprecation-of-node-20-on-github-actions-runners/
##[group]Run actions/setup-node@v4
with:
  node-version: 22
  cache: npm
  always-auth: false
  check-latest: false
  token: ***
env:
  ALBUM_HAVEN_EXPECTED_FFMPEG_VERSION: 7.1-essentials_build-www.gyan.dev
  ALBUM_HAVEN_FIXTURE_RELEASE: fixtures-v1.0.23
  ALBUM_HAVEN_FIXTURE_PROFILE: functional-core
  ALBUM_HAVEN_FIXTURE_ROOT: D:\a\_temp\album-haven-fixtures-0d6525b6add94b5e82aac65d21e25884
  ALBUM_HAVEN_MEDIA_ROOT: D:\a\_temp\album-haven-fixtures-0d6525b6add94b5e82aac65d21e25884\media
##[endgroup]
Found in cache @ C:\hostedtoolcache\windows\node\22.23.2\x64
(node:5536) [DEP0040] DeprecationWarning: The `punycode` module is deprecated. Please use a userland alternative instead.
(Use `node --trace-deprecation ...` to show where the warning was created)
##[group]Environment details
node: v22.23.2
npm: 10.9.8
yarn: 1.22.22
##[endgroup]
[command]C:\Windows\system32\cmd.exe /D /S /C "C:\hostedtoolcache\windows\node\22.23.2\x64\npm.cmd config get cache"
C:\npm\cache
Cache hit for: node-cache-Windows-x64-npm-26253ee3ceab3d8c9b127fb1ff8b52c4c231c2e05275c7ca052f26b453f7dc92
(node:5536) [DEP0169] DeprecationWarning: `url.parse()` behavior is not standardized and prone to errors that have security implications. Use the WHATWG URL API instead. CVEs are not issued for `url.parse()` vulnerabilities.
Received 3822098 of 3822098 (100.0%), 7.3 MBs/sec
Cache Size: ~4 MB (3822098 B)
[command]"C:\Program Files\Git\usr\bin\tar.exe" -xf D:/a/_temp/b08c58f5-4bc1-4940-8ec0-5c9d43fd4f70/cache.tzst -P -C D:/a/AlbumHaven/AlbumHaven --force-local --use-compress-program "zstd -d"
Cache restored successfully
Cache restored from key: node-cache-Windows-x64-npm-26253ee3ceab3d8c9b127fb1ff8b52c4c231c2e05275c7ca052f26b453f7dc92
Node 20 is being deprecated. This workflow is running with Node 24 by default. If you need to temporarily use Node 20, you can set the ACTIONS_ALLOW_USE_UNSECURE_NODE_VERSION=true environment variable. For more information see: https://github.blog/changelog/2025-09-19-deprecation-of-node-20-on-github-actions-runners/
##[group]Run actions/setup-python@v5
with:
  python-version: 3.11
  cache: pip
  cache-dependency-path: requirements.txt
  check-latest: false
  token: ***
  update-environment: true
  allow-prereleases: false
  freethreaded: false
env:
  ALBUM_HAVEN_EXPECTED_FFMPEG_VERSION: 7.1-essentials_build-www.gyan.dev
  ALBUM_HAVEN_FIXTURE_RELEASE: fixtures-v1.0.23
  ALBUM_HAVEN_FIXTURE_PROFILE: functional-core
  ALBUM_HAVEN_FIXTURE_ROOT: D:\a\_temp\album-haven-fixtures-0d6525b6add94b5e82aac65d21e25884
  ALBUM_HAVEN_MEDIA_ROOT: D:\a\_temp\album-haven-fixtures-0d6525b6add94b5e82aac65d21e25884\media
##[endgroup]
##[group]Installed versions
(node:7496) [DEP0040] DeprecationWarning: The `punycode` module is deprecated. Please use a userland alternative instead.
(Use `node --trace-deprecation ...` to show where the warning was created)
Successfully set up CPython (3.11.9)
##[endgroup]
Cache hit for: setup-python-Windows-x64-python-3.11.9-pip-0c6be4352e523693f41bb557265b0d204a2348bd0887365f0c4493752562bd14
(node:7496) [DEP0169] DeprecationWarning: `url.parse()` behavior is not standardized and prone to errors that have security implications. Use the WHATWG URL API instead. CVEs are not issued for `url.parse()` vulnerabilities.
Received 58149912 of 58149912 (100.0%), 53.5 MBs/sec
Cache Size: ~55 MB (58149912 B)
[command]"C:\Program Files\Git\usr\bin\tar.exe" -xf D:/a/_temp/c894f721-96b9-4f7b-9e55-4ce4fc08010d/cache.tzst -P -C D:/a/AlbumHaven/AlbumHaven --force-local --use-compress-program "zstd -d"
Cache restored successfully
Cache restored from key: setup-python-Windows-x64-python-3.11.9-pip-0c6be4352e523693f41bb557265b0d204a2348bd0887365f0c4493752562bd14
##[group]Run npm ci
npm ci
shell: C:\Program Files\PowerShell\7\pwsh.EXE -command ". '{0}'"
env:
  ALBUM_HAVEN_EXPECTED_FFMPEG_VERSION: 7.1-essentials_build-www.gyan.dev
  ALBUM_HAVEN_FIXTURE_RELEASE: fixtures-v1.0.23
  ALBUM_HAVEN_FIXTURE_PROFILE: functional-core
  ALBUM_HAVEN_FIXTURE_ROOT: D:\a\_temp\album-haven-fixtures-0d6525b6add94b5e82aac65d21e25884
  ALBUM_HAVEN_MEDIA_ROOT: D:\a\_temp\album-haven-fixtures-0d6525b6add94b5e82aac65d21e25884\media
  pythonLocation: C:\hostedtoolcache\windows\Python\3.11.9\x64
  PKG_CONFIG_PATH: C:\hostedtoolcache\windows\Python\3.11.9\x64/lib/pkgconfig
  Python_ROOT_DIR: C:\hostedtoolcache\windows\Python\3.11.9\x64
  Python2_ROOT_DIR: C:\hostedtoolcache\windows\Python\3.11.9\x64
  Python3_ROOT_DIR: C:\hostedtoolcache\windows\Python\3.11.9\x64
##[endgroup]

added 3 packages, and audited 4 packages in 5s

found 0 vulnerabilities
##[group]Run python -m pip install --upgrade pip
python -m pip install --upgrade pip
python -m pip install -r requirements.txt
shell: C:\Program Files\PowerShell\7\pwsh.EXE -command ". '{0}'"
env:
  ALBUM_HAVEN_EXPECTED_FFMPEG_VERSION: 7.1-essentials_build-www.gyan.dev
  ALBUM_HAVEN_FIXTURE_RELEASE: fixtures-v1.0.23
  ALBUM_HAVEN_FIXTURE_PROFILE: functional-core
  ALBUM_HAVEN_FIXTURE_ROOT: D:\a\_temp\album-haven-fixtures-0d6525b6add94b5e82aac65d21e25884
  ALBUM_HAVEN_MEDIA_ROOT: D:\a\_temp\album-haven-fixtures-0d6525b6add94b5e82aac65d21e25884\media
  pythonLocation: C:\hostedtoolcache\windows\Python\3.11.9\x64
  PKG_CONFIG_PATH: C:\hostedtoolcache\windows\Python\3.11.9\x64/lib/pkgconfig
  Python_ROOT_DIR: C:\hostedtoolcache\windows\Python\3.11.9\x64
  Python2_ROOT_DIR: C:\hostedtoolcache\windows\Python\3.11.9\x64
  Python3_ROOT_DIR: C:\hostedtoolcache\windows\Python\3.11.9\x64
##[endgroup]
Requirement already satisfied: pip in C:\hostedtoolcache\windows\Python\3.11.9\x64\Lib\site-packages (26.2.1)
Collecting jinja2 (from -r requirements.txt (line 1))
  Using cached jinja2-3.1.6-py3-none-any.whl.metadata (2.9 kB)
Collecting markupsafe (from -r requirements.txt (line 2))
  Using cached markupsafe-3.0.3-cp311-cp311-win_amd64.whl.metadata (2.8 kB)
Collecting fastapi==0.115.6 (from -r requirements.txt (line 3))
  Using cached fastapi-0.115.6-py3-none-any.whl.metadata (27 kB)
Collecting uvicorn (from -r requirements.txt (line 4))
  Using cached uvicorn-0.53.0-py3-none-any.whl.metadata (6.6 kB)
Collecting websockets (from -r requirements.txt (line 5))
  Using cached websockets-17.1-cp311-cp311-win_amd64.whl.metadata (6.5 kB)
Collecting mutagen (from -r requirements.txt (line 6))
  Using cached mutagen-1.48.1-py3-none-any.whl.metadata (1.8 kB)
Collecting pillow (from -r requirements.txt (line 7))
  Using cached pillow-12.3.0-cp311-cp311-win_amd64.whl.metadata (9.3 kB)
Collecting imageio-ffmpeg==0.6.0 (from -r requirements.txt (line 8))
  Using cached imageio_ffmpeg-0.6.0-py3-none-win_amd64.whl.metadata (1.5 kB)
Collecting ytmusicapi (from -r requirements.txt (line 9))
  Using cached ytmusicapi-1.12.3-py3-none-any.whl.metadata (4.3 kB)
Collecting pytest (from -r requirements.txt (line 10))
  Using cached pytest-9.1.1-py3-none-any.whl.metadata (7.6 kB)
Collecting zstandard (from -r requirements.txt (line 12))
  Using cached zstandard-0.25.0-cp311-cp311-win_amd64.whl.metadata (3.3 kB)
Collecting argon2-cffi (from -r requirements.txt (line 13))
  Using cached argon2_cffi-25.1.0-py3-none-any.whl.metadata (4.1 kB)
Collecting aiosmtplib (from -r requirements.txt (line 14))
  Using cached aiosmtplib-5.1.3-py3-none-any.whl.metadata (3.6 kB)
Collecting cryptography>=42 (from -r requirements.txt (line 15))
  Using cached cryptography-50.0.1-cp311-abi3-win_amd64.whl.metadata (4.3 kB)
Collecting watchdog<7,>=4.0 (from -r requirements.txt (line 16))
  Using cached watchdog-6.0.0-py3-none-win_amd64.whl.metadata (44 kB)
Collecting psycopg[binary] (from -r requirements.txt (line 11))
  Downloading psycopg-3.3.6-py3-none-any.whl.metadata (4.4 kB)
Collecting starlette<0.42.0,>=0.40.0 (from fastapi==0.115.6->-r requirements.txt (line 3))
  Using cached starlette-0.41.3-py3-none-any.whl.metadata (6.0 kB)
Collecting pydantic!=1.8,!=1.8.1,!=2.0.0,!=2.0.1,!=2.1.0,<3.0.0,>=1.7.4 (from fastapi==0.115.6->-r requirements.txt (line 3))
  Using cached pydantic-2.13.5-py3-none-any.whl.metadata (110 kB)
Collecting typing-extensions>=4.8.0 (from fastapi==0.115.6->-r requirements.txt (line 3))
  Using cached typing_extensions-4.16.0-py3-none-any.whl.metadata (3.3 kB)
Collecting annotated-types>=0.6.0 (from pydantic!=1.8,!=1.8.1,!=2.0.0,!=2.0.1,!=2.1.0,<3.0.0,>=1.7.4->fastapi==0.115.6->-r requirements.txt (line 3))
  Using cached annotated_types-0.8.0-py3-none-any.whl.metadata (15 kB)
Collecting pydantic-core==2.46.5 (from pydantic!=1.8,!=1.8.1,!=2.0.0,!=2.0.1,!=2.1.0,<3.0.0,>=1.7.4->fastapi==0.115.6->-r requirements.txt (line 3))
  Using cached pydantic_core-2.46.5-cp311-cp311-win_amd64.whl.metadata (6.7 kB)
Collecting typing-inspection>=0.4.2 (from pydantic!=1.8,!=1.8.1,!=2.0.0,!=2.0.1,!=2.1.0,<3.0.0,>=1.7.4->fastapi==0.115.6->-r requirements.txt (line 3))
  Using cached typing_inspection-0.4.4-py3-none-any.whl.metadata (2.6 kB)
Collecting anyio<5,>=3.4.0 (from starlette<0.42.0,>=0.40.0->fastapi==0.115.6->-r requirements.txt (line 3))
  Using cached anyio-4.15.1-py3-none-any.whl.metadata (4.7 kB)
Collecting idna>=2.8 (from anyio<5,>=3.4.0->starlette<0.42.0,>=0.40.0->fastapi==0.115.6->-r requirements.txt (line 3))
  Using cached idna-3.20-py3-none-any.whl.metadata (7.2 kB)
Collecting click>=7.0 (from uvicorn->-r requirements.txt (line 4))
  Using cached click-8.5.0-py3-none-any.whl.metadata (2.6 kB)
Collecting h11>=0.8 (from uvicorn->-r requirements.txt (line 4))
  Using cached h11-0.16.0-py3-none-any.whl.metadata (8.3 kB)
Collecting requests>=2.22 (from ytmusicapi->-r requirements.txt (line 9))
  Using cached requests-2.34.2-py3-none-any.whl.metadata (4.8 kB)
Collecting colorama>=0.4 (from pytest->-r requirements.txt (line 10))
  Using cached colorama-0.4.6-py2.py3-none-any.whl.metadata (17 kB)
Collecting iniconfig>=1.0.1 (from pytest->-r requirements.txt (line 10))
  Using cached iniconfig-2.3.0-py3-none-any.whl.metadata (2.5 kB)
Collecting packaging>=22 (from pytest->-r requirements.txt (line 10))
  Using cached packaging-26.3-py3-none-any.whl.metadata (3.5 kB)
Collecting pluggy<2,>=1.5 (from pytest->-r requirements.txt (line 10))
  Using cached pluggy-1.6.0-py3-none-any.whl.metadata (4.8 kB)
Collecting pygments>=2.7.2 (from pytest->-r requirements.txt (line 10))
  Using cached pygments-2.21.0-py3-none-any.whl.metadata (2.5 kB)
Collecting tzdata (from psycopg[binary]->-r requirements.txt (line 11))
  Using cached tzdata-2026.4-py2.py3-none-any.whl.metadata (1.4 kB)
Collecting psycopg-binary==3.3.6 (from psycopg[binary]->-r requirements.txt (line 11))
  Downloading psycopg_binary-3.3.6-cp311-cp311-win_amd64.whl.metadata (2.8 kB)
Collecting argon2-cffi-bindings (from argon2-cffi->-r requirements.txt (line 13))
  Using cached argon2_cffi_bindings-26.1.0-cp310-abi3-win_amd64.whl.metadata (7.5 kB)
Collecting cffi>=2.0.0 (from cryptography>=42->-r requirements.txt (line 15))
  Using cached cffi-2.1.1-cp311-cp311-win_amd64.whl.metadata (2.6 kB)
Collecting pycparser (from cffi>=2.0.0->cryptography>=42->-r requirements.txt (line 15))
  Using cached pycparser-3.0-py3-none-any.whl.metadata (8.2 kB)
Collecting charset_normalizer<4,>=2 (from requests>=2.22->ytmusicapi->-r requirements.txt (line 9))
  Using cached charset_normalizer-3.5.1-cp311-cp311-win_amd64.whl.metadata (46 kB)
Collecting urllib3<3,>=1.26 (from requests>=2.22->ytmusicapi->-r requirements.txt (line 9))
  Using cached urllib3-2.8.0-py3-none-any.whl.metadata (7.4 kB)
Collecting certifi>=2023.5.7 (from requests>=2.22->ytmusicapi->-r requirements.txt (line 9))
  Using cached certifi-2026.7.22-py3-none-any.whl.metadata (2.5 kB)
Using cached fastapi-0.115.6-py3-none-any.whl (94 kB)
Using cached imageio_ffmpeg-0.6.0-py3-none-win_amd64.whl (31.2 MB)
Using cached watchdog-6.0.0-py3-none-win_amd64.whl (79 kB)
Using cached pydantic-2.13.5-py3-none-any.whl (472 kB)
Using cached pydantic_core-2.46.5-cp311-cp311-win_amd64.whl (2.0 MB)
Using cached starlette-0.41.3-py3-none-any.whl (73 kB)
Using cached anyio-4.15.1-py3-none-any.whl (132 kB)
Using cached jinja2-3.1.6-py3-none-any.whl (134 kB)
Using cached markupsafe-3.0.3-cp311-cp311-win_amd64.whl (15 kB)
Using cached uvicorn-0.53.0-py3-none-any.whl (87 kB)
Using cached websockets-17.1-cp311-cp311-win_amd64.whl (217 kB)
Using cached mutagen-1.48.1-py3-none-any.whl (195 kB)
Using cached pillow-12.3.0-cp311-cp311-win_amd64.whl (7.2 MB)
Using cached ytmusicapi-1.12.3-py3-none-any.whl (111 kB)
Using cached pytest-9.1.1-py3-none-any.whl (386 kB)
Using cached pluggy-1.6.0-py3-none-any.whl (20 kB)
Downloading psycopg-3.3.6-py3-none-any.whl (215 kB)
Downloading psycopg_binary-3.3.6-cp311-cp311-win_amd64.whl (3.7 MB)
   ---------------------------------------- 3.7/3.7 MB 24.4 MB/s  0:00:00
Using cached zstandard-0.25.0-cp311-cp311-win_amd64.whl (506 kB)
Using cached argon2_cffi-25.1.0-py3-none-any.whl (14 kB)
Using cached aiosmtplib-5.1.3-py3-none-any.whl (30 kB)
Using cached cryptography-50.0.1-cp311-abi3-win_amd64.whl (3.8 MB)
Using cached annotated_types-0.8.0-py3-none-any.whl (13 kB)
Using cached cffi-2.1.1-cp311-cp311-win_amd64.whl (185 kB)
Using cached click-8.5.0-py3-none-any.whl (125 kB)
Using cached colorama-0.4.6-py2.py3-none-any.whl (25 kB)
Using cached h11-0.16.0-py3-none-any.whl (37 kB)
Using cached idna-3.20-py3-none-any.whl (69 kB)
Using cached iniconfig-2.3.0-py3-none-any.whl (7.5 kB)
Using cached packaging-26.3-py3-none-any.whl (129 kB)
Using cached pygments-2.21.0-py3-none-any.whl (1.3 MB)
Using cached requests-2.34.2-py3-none-any.whl (73 kB)
Using cached charset_normalizer-3.5.1-cp311-cp311-win_amd64.whl (206 kB)
Using cached urllib3-2.8.0-py3-none-any.whl (135 kB)
Using cached certifi-2026.7.22-py3-none-any.whl (136 kB)
Using cached typing_extensions-4.16.0-py3-none-any.whl (45 kB)
Using cached typing_inspection-0.4.4-py3-none-any.whl (14 kB)
Using cached argon2_cffi_bindings-26.1.0-cp310-abi3-win_amd64.whl (25 kB)
Using cached pycparser-3.0-py3-none-any.whl (48 kB)
Using cached tzdata-2026.4-py2.py3-none-any.whl (347 kB)
Installing collected packages: zstandard, websockets, watchdog, urllib3, tzdata, typing-extensions, pygments, pycparser, psycopg-binary, pluggy, pillow, packaging, mutagen, markupsafe, iniconfig, imageio-ffmpeg, idna, h11, colorama, click, charset_normalizer, certifi, annotated-types, aiosmtplib, uvicorn, typing-inspection, requests, pytest, pydantic-core, psycopg, jinja2, cffi, anyio, ytmusicapi, starlette, pydantic, cryptography, argon2-cffi-bindings, fastapi, argon2-cffi

Successfully installed aiosmtplib-5.1.3 annotated-types-0.8.0 anyio-4.15.1 argon2-cffi-25.1.0 argon2-cffi-bindings-26.1.0 certifi-2026.7.22 cffi-2.1.1 charset_normalizer-3.5.1 click-8.5.0 colorama-0.4.6 cryptography-50.0.1 fastapi-0.115.6 h11-0.16.0 idna-3.20 imageio-ffmpeg-0.6.0 iniconfig-2.3.0 jinja2-3.1.6 markupsafe-3.0.3 mutagen-1.48.1 packaging-26.3 pillow-12.3.0 pluggy-1.6.0 psycopg-3.3.6 psycopg-binary-3.3.6 pycparser-3.0 pydantic-2.13.5 pydantic-core-2.46.5 pygments-2.21.0 pytest-9.1.1 requests-2.34.2 starlette-0.41.3 typing-extensions-4.16.0 typing-inspection-0.4.4 tzdata-2026.4 urllib3-2.8.0 uvicorn-0.53.0 watchdog-6.0.0 websockets-17.1 ytmusicapi-1.12.3 zstandard-0.25.0
##[group]Run node scripts/ci/resolve-ci-shard.cjs functional metadata-mutations
node scripts/ci/resolve-ci-shard.cjs functional metadata-mutations
shell: C:\Program Files\PowerShell\7\pwsh.EXE -command ". '{0}'"
env:
  ALBUM_HAVEN_EXPECTED_FFMPEG_VERSION: 7.1-essentials_build-www.gyan.dev
  ALBUM_HAVEN_FIXTURE_RELEASE: fixtures-v1.0.23
  ALBUM_HAVEN_FIXTURE_PROFILE: functional-core
  ALBUM_HAVEN_FIXTURE_ROOT: D:\a\_temp\album-haven-fixtures-0d6525b6add94b5e82aac65d21e25884
  ALBUM_HAVEN_MEDIA_ROOT: D:\a\_temp\album-haven-fixtures-0d6525b6add94b5e82aac65d21e25884\media
  pythonLocation: C:\hostedtoolcache\windows\Python\3.11.9\x64
  PKG_CONFIG_PATH: C:\hostedtoolcache\windows\Python\3.11.9\x64/lib/pkgconfig
  Python_ROOT_DIR: C:\hostedtoolcache\windows\Python\3.11.9\x64
  Python2_ROOT_DIR: C:\hostedtoolcache\windows\Python\3.11.9\x64
  Python3_ROOT_DIR: C:\hostedtoolcache\windows\Python\3.11.9\x64
##[endgroup]
##[group]Run browser-actions/setup-chrome@v2
with:
  chrome-version: 151.0.7922.138
  install-dependencies: false
  install-chromedriver: false
  no-sudo: false
env:
  ALBUM_HAVEN_EXPECTED_FFMPEG_VERSION: 7.1-essentials_build-www.gyan.dev
  ALBUM_HAVEN_FIXTURE_RELEASE: fixtures-v1.0.23
  ALBUM_HAVEN_FIXTURE_PROFILE: functional-core
  ALBUM_HAVEN_FIXTURE_ROOT: D:\a\_temp\album-haven-fixtures-0d6525b6add94b5e82aac65d21e25884
  ALBUM_HAVEN_MEDIA_ROOT: D:\a\_temp\album-haven-fixtures-0d6525b6add94b5e82aac65d21e25884\media
  pythonLocation: C:\hostedtoolcache\windows\Python\3.11.9\x64
  PKG_CONFIG_PATH: C:\hostedtoolcache\windows\Python\3.11.9\x64/lib/pkgconfig
  Python_ROOT_DIR: C:\hostedtoolcache\windows\Python\3.11.9\x64
  Python2_ROOT_DIR: C:\hostedtoolcache\windows\Python\3.11.9\x64
  Python3_ROOT_DIR: C:\hostedtoolcache\windows\Python\3.11.9\x64
##[endgroup]
Setup chrome 151.0.7922.138
Attempting to download chrome 151.0.7922.138...
Acquiring chrome 151.0.7922.138 from https://storage.googleapis.com/chrome-for-testing-public/151.0.7922.138/win64/chrome-win64.zip
Installing chrome...
[command]"C:\Program Files\PowerShell\7\pwsh.exe" -NoLogo -NoProfile -NonInteractive -ExecutionPolicy Unrestricted -Command "$ErrorActionPreference = 'Stop' ; try { Add-Type -AssemblyName System.IO.Compression.ZipFile } catch { } ; try { [System.IO.Compression.ZipFile]::ExtractToDirectory('D:\a\_temp\650e434a-9526-4508-bc25-7c0009e67226', 'D:\a\_temp\5a630d59-38c6-4683-b1fb-53df09af1b64', $true) } catch { if (($_.Exception.GetType().FullName -eq 'System.Management.Automation.MethodException') -or ($_.Exception.GetType().FullName -eq 'System.Management.Automation.RuntimeException') ){ Expand-Archive -LiteralPath 'D:\a\_temp\650e434a-9526-4508-bc25-7c0009e67226' -DestinationPath 'D:\a\_temp\5a630d59-38c6-4683-b1fb-53df09af1b64' -Force } else { throw $_ } } ;"
Successfully Installed chrome to C:\hostedtoolcache\windows\setup-chrome\chrome\151.0.7922.138\x64
[command]C:\Windows\System32\WindowsPowerShell\v1.0\powershell.exe -Command "(Get-Item (Get-Command 'C:\hostedtoolcache\windows\setup-chrome\chrome\151.0.7922.138\x64\chrome.exe').Source).VersionInfo.ProductVersion"
151.0.7922.138
Successfully setup chrome 151.0.7922.138
##[group]Run $sourceRoot = [IO.Path]::GetFullPath($env:ALBUM_HAVEN_FIXTURE_ROOT)
$sourceRoot = [IO.Path]::GetFullPath($env:ALBUM_HAVEN_FIXTURE_ROOT)
$workRoot = [IO.Path]::GetFullPath((Join-Path "D:\a\_temp" "album-haven-e2e-functional-fixtures-metadata-mutations"))
$sharedRoot = Join-Path $workRoot "shared"
$runnerTemp = [IO.Path]::GetFullPath("D:\a\_temp")
$relativeWork = [IO.Path]::GetRelativePath($runnerTemp, $workRoot)
if ([string]::IsNullOrWhiteSpace($relativeWork) -or $relativeWork.StartsWith("..") -or [IO.Path]::IsPathRooted($relativeWork)) {
  throw "Functional fixture work root must be a non-root child of RUNNER_TEMP."
}
if (-not (Test-Path -LiteralPath (Join-Path $sourceRoot "manifest.json") -PathType Leaf) -or
    -not (Test-Path -LiteralPath (Join-Path $sourceRoot "database") -PathType Container) -or
    -not (Test-Path -LiteralPath (Join-Path $sourceRoot "media") -PathType Container)) {
  throw "Downloaded functional fixture is incomplete."
}
if (Test-Path -LiteralPath $workRoot) {
  throw "Functional fixture work root must not already exist."
}
New-Item -ItemType Directory -Path $workRoot | Out-Null
Copy-Item -LiteralPath $sourceRoot -Destination $sharedRoot -Recurse
if (-not (Test-Path -LiteralPath (Join-Path $sharedRoot "manifest.json") -PathType Leaf) -or
    -not (Test-Path -LiteralPath (Join-Path $sharedRoot "database") -PathType Container) -or
    -not (Test-Path -LiteralPath (Join-Path $sharedRoot "media") -PathType Container)) {
  throw "Writable functional fixture copy is incomplete."
}
"ALBUM_HAVEN_FUNCTIONAL_FIXTURE_WORK_ROOT=$workRoot" | Out-File -FilePath $env:GITHUB_ENV -Append -Encoding utf8
"ALBUM_HAVEN_FUNCTIONAL_SOURCE_FIXTURE_ROOT=$sourceRoot" | Out-File -FilePath $env:GITHUB_ENV -Append -Encoding utf8
"ALBUM_HAVEN_FIXTURE_ROOT=$sharedRoot" | Out-File -FilePath $env:GITHUB_ENV -Append -Encoding utf8
"ALBUM_HAVEN_MEDIA_ROOT=$(Join-Path $sharedRoot 'media')" | Out-File -FilePath $env:GITHUB_ENV -Append -Encoding utf8
shell: C:\Program Files\PowerShell\7\pwsh.EXE -command ". '{0}'"
env:
  ALBUM_HAVEN_EXPECTED_FFMPEG_VERSION: 7.1-essentials_build-www.gyan.dev
  ALBUM_HAVEN_FIXTURE_RELEASE: fixtures-v1.0.23
  ALBUM_HAVEN_FIXTURE_PROFILE: functional-core
  ALBUM_HAVEN_FIXTURE_ROOT: D:\a\_temp\album-haven-fixtures-0d6525b6add94b5e82aac65d21e25884
  ALBUM_HAVEN_MEDIA_ROOT: D:\a\_temp\album-haven-fixtures-0d6525b6add94b5e82aac65d21e25884\media
  pythonLocation: C:\hostedtoolcache\windows\Python\3.11.9\x64
  PKG_CONFIG_PATH: C:\hostedtoolcache\windows\Python\3.11.9\x64/lib/pkgconfig
  Python_ROOT_DIR: C:\hostedtoolcache\windows\Python\3.11.9\x64
  Python2_ROOT_DIR: C:\hostedtoolcache\windows\Python\3.11.9\x64
  Python3_ROOT_DIR: C:\hostedtoolcache\windows\Python\3.11.9\x64
##[endgroup]
##[group]Run if (-not (Test-Path -LiteralPath ".\scripts\ci\load-fixture-profile.py" -PathType Leaf)) {
if (-not (Test-Path -LiteralPath ".\scripts\ci\load-fixture-profile.py" -PathType Leaf)) {
  throw "scripts/ci/load-fixture-profile.py is required."
}
$env:PLAYWRIGHT_PROVIDER_PORT = ([int]"5400" + 2).ToString()
.\scripts\ci\bootstrap-windows-postgres.ps1 `
  -Mode Provision `
  -ExpectedMajorVersion 17 `
  -Pgbin $env:PGBIN `
  -HostName 127.0.0.1 `
  -DatabaseSuffix "f_35389965541_1_2" `
  -StatePath "D:\a\_temp\album-haven-functional-metadata-mutations.state.json"
shell: C:\Program Files\PowerShell\7\pwsh.EXE -command ". '{0}'"
env:
  ALBUM_HAVEN_EXPECTED_FFMPEG_VERSION: 7.1-essentials_build-www.gyan.dev
  ALBUM_HAVEN_FIXTURE_RELEASE: fixtures-v1.0.23
  ALBUM_HAVEN_FIXTURE_PROFILE: functional-core
  ALBUM_HAVEN_FIXTURE_ROOT: D:\a\_temp\album-haven-e2e-functional-fixtures-metadata-mutations\shared
  ALBUM_HAVEN_MEDIA_ROOT: D:\a\_temp\album-haven-e2e-functional-fixtures-metadata-mutations\shared\media
  pythonLocation: C:\hostedtoolcache\windows\Python\3.11.9\x64
  PKG_CONFIG_PATH: C:\hostedtoolcache\windows\Python\3.11.9\x64/lib/pkgconfig
  Python_ROOT_DIR: C:\hostedtoolcache\windows\Python\3.11.9\x64
  Python2_ROOT_DIR: C:\hostedtoolcache\windows\Python\3.11.9\x64
  Python3_ROOT_DIR: C:\hostedtoolcache\windows\Python\3.11.9\x64
  ALBUM_HAVEN_FUNCTIONAL_FIXTURE_WORK_ROOT: D:\a\_temp\album-haven-e2e-functional-fixtures-metadata-mutations
  ALBUM_HAVEN_FUNCTIONAL_SOURCE_FIXTURE_ROOT: D:\a\_temp\album-haven-fixtures-0d6525b6add94b5e82aac65d21e25884
##[endgroup]
WARNING: Waiting for service 'postgresql-x64-17 - PostgreSQL Server 17 (postgresql-x64-17)' to start...
BEGIN
DO
CREATE ROLE
CREATE ROLE
CREATE ROLE
COMMIT
CREATE DATABASE
REVOKE
GRANT
GRANT
CREATE SCHEMA
CREATE SCHEMA
CREATE SCHEMA
CREATE SCHEMA
CREATE TABLE
CREATE TABLE
CREATE TABLE
CREATE INDEX
CREATE INDEX
CREATE TABLE
CREATE INDEX
CREATE INDEX
CREATE TABLE
CREATE INDEX
CREATE INDEX
CREATE TABLE
CREATE INDEX
CREATE INDEX
CREATE TABLE
CREATE INDEX
CREATE INDEX
CREATE INDEX
CREATE TABLE
CREATE INDEX
CREATE INDEX
CREATE TABLE
CREATE INDEX
CREATE INDEX
CREATE TABLE
CREATE INDEX
CREATE TABLE
CREATE INDEX
CREATE INDEX
CREATE TABLE
CREATE INDEX
CREATE INDEX
CREATE INDEX
CREATE INDEX
CREATE TABLE
CREATE INDEX
CREATE INDEX
CREATE INDEX
CREATE INDEX
CREATE INDEX
CREATE TABLE
CREATE INDEX
CREATE INDEX
CREATE INDEX
CREATE INDEX
CREATE INDEX
CREATE TABLE
CREATE INDEX
CREATE INDEX
CREATE INDEX
CREATE INDEX
CREATE INDEX
CREATE INDEX
CREATE TABLE
CREATE INDEX
CREATE INDEX
CREATE INDEX
CREATE TABLE
CREATE INDEX
CREATE INDEX
CREATE TABLE
CREATE INDEX
CREATE INDEX
CREATE TABLE
CREATE INDEX
CREATE INDEX
CREATE TABLE
CREATE INDEX
CREATE INDEX
CREATE TABLE
CREATE INDEX
CREATE INDEX
CREATE TABLE
CREATE INDEX
CREATE INDEX
CREATE INDEX
CREATE TABLE
CREATE INDEX
CREATE INDEX
CREATE INDEX
CREATE INDEX
CREATE TABLE
CREATE INDEX
CREATE INDEX
CREATE INDEX
CREATE INDEX
CREATE INDEX
CREATE TABLE
CREATE INDEX
CREATE TABLE
CREATE INDEX
CREATE TABLE
CREATE INDEX
CREATE INDEX
CREATE INDEX
CREATE INDEX
CREATE TABLE
CREATE INDEX
CREATE INDEX
CREATE TABLE
CREATE INDEX
CREATE INDEX
CREATE INDEX
CREATE INDEX
CREATE TABLE
CREATE INDEX
CREATE INDEX
CREATE INDEX
CREATE INDEX
CREATE TABLE
CREATE INDEX
CREATE INDEX
CREATE INDEX
CREATE TABLE
CREATE INDEX
CREATE TABLE
CREATE INDEX
CREATE INDEX
DO
DO
DO
DO
INSERT 0 1
CREATE TABLE
CREATE INDEX
CREATE INDEX
CREATE INDEX
CREATE INDEX
CREATE INDEX
CREATE INDEX
CREATE INDEX
DO
DO
DO
INSERT 0 1
ALTER TABLE
ALTER TABLE
ALTER TABLE
ALTER TABLE
CREATE INDEX
CREATE INDEX
CREATE INDEX
CREATE INDEX
CREATE INDEX
CREATE INDEX
CREATE INDEX
CREATE INDEX
INSERT 0 1
CREATE INDEX
CREATE INDEX
CREATE INDEX
INSERT 0 1
CREATE TABLE
INSERT 0 6
CREATE TABLE
CREATE INDEX
CREATE INDEX
CREATE TABLE
CREATE INDEX
CREATE INDEX
CREATE INDEX
DO
DO
INSERT 0 1
UPDATE 0
psql:D:/a/AlbumHaven/AlbumHaven/migrations/postgres/0006_scope_lastfm_sync_identities.sql:26: NOTICE:  index "lastfm_sessions_account_username_idx" does not exist, skipping
DROP INDEX
CREATE INDEX
psql:D:/a/AlbumHaven/AlbumHaven/migrations/postgres/0006_scope_lastfm_sync_identities.sql:31: NOTICE:  index "pending_scrobbles_source_identity_idx" does not exist, skipping
DROP INDEX
psql:D:/a/AlbumHaven/AlbumHaven/migrations/postgres/0006_scope_lastfm_sync_identities.sql:43: NOTICE:  relation "pending_scrobbles_source_identity_idx" already exists, skipping
CREATE INDEX
psql:D:/a/AlbumHaven/AlbumHaven/migrations/postgres/0006_scope_lastfm_sync_identities.sql:45: NOTICE:  index "scrobble_retry_state_source_identity_idx" does not exist, skipping
DROP INDEX
psql:D:/a/AlbumHaven/AlbumHaven/migrations/postgres/0006_scope_lastfm_sync_identities.sql:59: NOTICE:  relation "scrobble_retry_state_source_identity_idx" already exists, skipping
CREATE INDEX
INSERT 0 1
DROP INDEX
CREATE INDEX
INSERT 0 1
DROP INDEX
CREATE INDEX
INSERT 0 1
CREATE TABLE
CREATE INDEX
CREATE INDEX
DO
INSERT 0 1
CREATE TABLE
CREATE INDEX
CREATE INDEX
CREATE INDEX
CREATE TABLE
CREATE INDEX
CREATE INDEX
CREATE INDEX
DO
INSERT 0 1
CREATE TABLE
CREATE INDEX
CREATE INDEX
CREATE INDEX
DO
INSERT 0 1
CREATE TABLE
CREATE INDEX
CREATE INDEX
CREATE INDEX
DO
INSERT 0 1
CREATE TABLE
CREATE INDEX
CREATE INDEX
CREATE INDEX
DO
INSERT 0 1
UPDATE 0
INSERT 0 1
CREATE TABLE
CREATE INDEX
CREATE INDEX
CREATE INDEX
CREATE INDEX
CREATE INDEX
CREATE INDEX
DO
INSERT 0 1
DO
INSERT 0 1
CREATE TABLE
CREATE INDEX
INSERT 0 1
GRANT
INSERT 0 1
DROP INDEX
CREATE INDEX
UPDATE 0
INSERT 0 1
psql:D:/a/AlbumHaven/AlbumHaven/migrations/postgres/0019_create_local_album_featured_artists.sql:13: NOTICE:  relation "local_album_featured_artists" already exists, skipping
CREATE TABLE
psql:D:/a/AlbumHaven/AlbumHaven/migrations/postgres/0019_create_local_album_featured_artists.sql:16: NOTICE:  relation "local_album_featured_artists_library_id_idx" already exists, skipping
CREATE INDEX
psql:D:/a/AlbumHaven/AlbumHaven/migrations/postgres/0019_create_local_album_featured_artists.sql:19: NOTICE:  relation "local_album_featured_artists_album_id_idx" already exists, skipping
CREATE INDEX
psql:D:/a/AlbumHaven/AlbumHaven/migrations/postgres/0019_create_local_album_featured_artists.sql:22: NOTICE:  relation "local_album_featured_artists_artist_id_idx" already exists, skipping
CREATE INDEX
psql:D:/a/AlbumHaven/AlbumHaven/migrations/postgres/0019_create_local_album_featured_artists.sql:25: NOTICE:  relation "local_album_featured_artists_library_artist_idx" already exists, skipping
CREATE INDEX
psql:D:/a/AlbumHaven/AlbumHaven/migrations/postgres/0019_create_local_album_featured_artists.sql:28: NOTICE:  relation "local_album_featured_artists_identity_idx" already exists, skipping
CREATE INDEX
DO
INSERT 0 1
DO
INSERT 0 1
psql:D:/a/AlbumHaven/AlbumHaven/migrations/postgres/0021_add_problematic_file_generated_projection.sql:1: NOTICE:  index "local_track_files_active_track_projection_idx" does not exist, skipping
DROP INDEX
CREATE FUNCTION
REVOKE
DO
ALTER TABLE
ALTER TABLE
ALTER TABLE
INSERT 0 1
DROP INDEX
CREATE INDEX
DROP INDEX
CREATE INDEX
INSERT 0 1
CREATE FUNCTION
CREATE FUNCTION
CREATE FUNCTION
psql:D:/a/AlbumHaven/AlbumHaven/migrations/postgres/0023_link_local_track_files_to_library_***s.sql:162: NOTICE:  function library.windows_path_key(text) does not exist, skipping
DROP FUNCTION
CREATE FUNCTION
UPDATE 0
UPDATE 0
DO
REVOKE
REVOKE
REVOKE
REVOKE
DO
INSERT 0 1
CREATE EXTENSION
DO
INSERT 0 1
DO
INSERT 0 1
CREATE TABLE
CREATE INDEX
CREATE INDEX
DO
INSERT 0 1
DO
INSERT 0 1
DROP INDEX
CREATE INDEX
INSERT 0 1
psql:D:/a/AlbumHaven/AlbumHaven/migrations/postgres/0029_repair_lastfm_session_conflict_identity.sql:2: NOTICE:  relation "lastfm_sessions_account_username_idx" already exists, skipping
CREATE INDEX
INSERT 0 1
DROP TABLE
INSERT 0 1
CREATE INDEX
INSERT 0 1
DROP INDEX
CREATE INDEX
INSERT 0 1
psql:D:/a/AlbumHaven/AlbumHaven/migrations/postgres/0033_repair_section14_album_identity_corruption.sql:9: NOTICE:  schema "pg_temp" does not exist, skipping
DROP TABLE
CREATE TABLE
INSERT 0 0
INSERT 0 0
DO
SELECT 0
UPDATE 0
INSERT 0 0
DELETE 0
INSERT 0 0
DELETE 0
UPDATE 0
DELETE 0
UPDATE 0
DELETE 0
UPDATE 0
UPDATE 0
DELETE 0
DELETE 0
DELETE 0
DROP TABLE
DROP TABLE
INSERT 0 1
LOCK TABLE
psql:D:/a/AlbumHaven/AlbumHaven/migrations/postgres/0034_reconcile_semantic_local_albums.sql:8: NOTICE:  schema "pg_temp" does not exist, skipping
DROP TABLE
CREATE TABLE
INSERT 0 0
 id 
----
(0 rows)

UPDATE 0
INSERT 0 0
DELETE 0
INSERT 0 0
DELETE 0
UPDATE 0
INSERT 0 0
DELETE 0
INSERT 0 0
DELETE 0
UPDATE 0
UPDATE 0
DELETE 0
DROP TABLE
DO
INSERT 0 1
psql:D:/a/AlbumHaven/AlbumHaven/migrations/postgres/0035_enforce_semantic_local_album_identity.sql:7: NOTICE:  trigger "local_albums_semantic_identity_check" for relation "library.local_albums" does not exist, skipping
DROP TRIGGER
psql:D:/a/AlbumHaven/AlbumHaven/migrations/postgres/0035_enforce_semantic_local_album_identity.sql:9: NOTICE:  trigger "separate_releases_semantic_identity_check" for relation "library.separate_releases" does not exist, skipping
DROP TRIGGER
psql:D:/a/AlbumHaven/AlbumHaven/migrations/postgres/0035_enforce_semantic_local_album_identity.sql:11: NOTICE:  trigger "local_artists_semantic_identity_check" for relation "library.local_artists" does not exist, skipping
DROP TRIGGER
psql:D:/a/AlbumHaven/AlbumHaven/migrations/postgres/0035_enforce_semantic_local_album_identity.sql:13: NOTICE:  trigger "local_albums_semantic_identity_discriminator" for relation "library.local_albums" does not exist, skipping
DROP TRIGGER
psql:D:/a/AlbumHaven/AlbumHaven/migrations/postgres/0035_enforce_semantic_local_album_identity.sql:15: NOTICE:  trigger "separate_releases_semantic_identity_discriminator" for relation "library.separate_releases" does not exist, skipping
DROP TRIGGER
psql:D:/a/AlbumHaven/AlbumHaven/migrations/postgres/0035_enforce_semantic_local_album_identity.sql:17: NOTICE:  trigger "separate_releases_semantic_identity_reconciliation" for relation "library.separate_releases" does not exist, skipping
DROP TRIGGER
psql:D:/a/AlbumHaven/AlbumHaven/migrations/postgres/0035_enforce_semantic_local_album_identity.sql:19: NOTICE:  trigger "local_artists_semantic_identity_discriminator" for relation "library.local_artists" does not exist, skipping
DROP TRIGGER
DROP TRIGGER
psql:D:/a/AlbumHaven/AlbumHaven/migrations/postgres/0035_enforce_semantic_local_album_identity.sql:21: NOTICE:  trigger "separate_releases_inventory_publication_lock" for relation "library.separate_releases" does not exist, skipping
psql:D:/a/AlbumHaven/AlbumHaven/migrations/postgres/0035_enforce_semantic_local_album_identity.sql:23: NOTICE:  trigger "local_artists_inventory_publication_lock" for relation "library.local_artists" does not exist, skipping
DROP TRIGGER
psql:D:/a/AlbumHaven/AlbumHaven/migrations/postgres/0035_enforce_semantic_local_album_identity.sql:24: NOTICE:  function library.enforce_semantic_local_album_identity() does not exist, skipping
DROP FUNCTION
ALTER TABLE
CREATE FUNCTION
CREATE TRIGGER
CREATE TRIGGER
UPDATE 0
CREATE INDEX
CREATE FUNCTION
CREATE TRIGGER
CREATE FUNCTION
CREATE FUNCTION
CREATE TRIGGER
CREATE FUNCTION
CREATE TRIGGER
INSERT 0 1
CREATE INDEX
INSERT 0 1
CREATE INDEX
INSERT 0 1
CREATE INDEX
CREATE INDEX
DROP INDEX
psql:D:/a/AlbumHaven/AlbumHaven/migrations/postgres/0038_add_problematic_required_text_candidate.sql:25: NOTICE:  index "local_track_files_problem_candidate_v2_idx" does not exist, skipping
DROP INDEX
psql:D:/a/AlbumHaven/AlbumHaven/migrations/postgres/0038_add_problematic_required_text_candidate.sql:26: NOTICE:  index "local_track_files_problem_candidate_v3_idx" does not exist, skipping
DROP INDEX
psql:D:/a/AlbumHaven/AlbumHaven/migrations/postgres/0038_add_problematic_required_text_candidate.sql:27: NOTICE:  index "local_track_files_problem_candidate_v4_idx" does not exist, skipping
DROP INDEX
psql:D:/a/AlbumHaven/AlbumHaven/migrations/postgres/0038_add_problematic_required_text_candidate.sql:30: NOTICE:  column "scan_file_required_text_missing_candidate" of relation "local_track_files" does not exist, skipping
ALTER TABLE
INSERT 0 1
DO
INSERT 0 1
DO
INSERT 0 1
psql:D:/a/AlbumHaven/AlbumHaven/migrations/postgres/0041_create_local_album_cover_candidate_snapshots.sql:32: NOTICE:  identifier "local_album_cover_candidate_snapshots_automatic_improvement_revision_check" will be truncated to "local_album_cover_candidate_snapshots_automatic_improvement_rev"
psql:D:/a/AlbumHaven/AlbumHaven/migrations/postgres/0041_create_local_album_cover_candidate_snapshots.sql:32: NOTICE:  identifier "local_album_cover_candidate_snapshots_seen_automatic_improvement_revision_check" will be truncated to "local_album_cover_candidate_snapshots_seen_automatic_improvemen"
CREATE TABLE
UPDATE 0
DO
INSERT 0 1
ALTER TABLE
INSERT 0 1
CREATE TABLE
DO
INSERT 0 1
CREATE TABLE
CREATE INDEX
DO
INSERT 0 1
CREATE INDEX
INSERT 0 1
ALTER TABLE
UPDATE 0
ALTER TABLE
DO
CREATE INDEX
CREATE INDEX
CREATE TABLE
CREATE TABLE
CREATE INDEX
CREATE INDEX
CREATE INDEX
CREATE TABLE
CREATE INDEX
DO
ALTER TABLE
UPDATE 0
UPDATE 0
ALTER TABLE
DO
CREATE INDEX
CREATE TABLE
CREATE INDEX
CREATE INDEX
CREATE INDEX
CREATE TABLE
CREATE INDEX
CREATE INDEX
CREATE INDEX
CREATE INDEX
DO
INSERT 0 1
CREATE TABLE
CREATE INDEX
CREATE INDEX
DO
INSERT 0 1
ALTER TABLE
ALTER TABLE
CREATE TABLE
CREATE INDEX
CREATE INDEX
CREATE INDEX
DO
INSERT 0 1
DELETE 0
CREATE INDEX
INSERT 0 1
CREATE INDEX
INSERT 0 1
CREATE INDEX
INSERT 0 1
CREATE TABLE
CREATE INDEX
CREATE INDEX
CREATE INDEX
CREATE TABLE
CREATE INDEX
ALTER TABLE
CREATE INDEX
ALTER TABLE
ALTER TABLE
DO
INSERT 0 1
CREATE TABLE
DO
INSERT 0 1
ALTER TABLE
DO
INSERT 0 1
CREATE FUNCTION
REVOKE
DO
INSERT 0 1
ALTER TABLE
DO
INSERT 0 1
ALTER TABLE
CREATE FUNCTION
INSERT 0 0
UPDATE 0
DO
REVOKE
DO
INSERT 0 1
ALTER TABLE
DO
INSERT 0 1
ALTER TABLE
DO
INSERT 0 1
CREATE FUNCTION
CREATE FUNCTION
CREATE FUNCTION
ALTER TABLE
UPDATE 0
ALTER TABLE
ALTER TABLE
REVOKE
REVOKE
REVOKE
DO
INSERT 0 1
CREATE FUNCTION
REVOKE
DO
INSERT 0 1
DO
INSERT 0 1
CREATE FUNCTION
REVOKE
DO
INSERT 0 1
DO
INSERT 0 1
CREATE FUNCTION
INSERT 0 1
ALTER TABLE
ALTER TABLE
INSERT 0 1
CREATE INDEX
INSERT 0 1
CREATE TABLE
CREATE INDEX
UPDATE 0
UPDATE 0
INSERT 0 0
UPDATE 0
DO
INSERT 0 1
CREATE TABLE
CREATE TABLE
CREATE INDEX
CREATE INDEX
DO
INSERT 0 1
ALTER TABLE
INSERT 0 1
ALTER TABLE
ALTER TABLE
INSERT 0 1
ALTER TABLE
CREATE INDEX
INSERT 0 1
ALTER TABLE
ALTER TABLE
UPDATE 0
INSERT 0 1
WARNING:  no privileges were granted for "show_limit"
WARNING:  no privileges were granted for "show_trgm"
WARNING:  no privileges were granted for "set_limit"
WARNING:  no privileges were granted for "similarity"
WARNING:  no privileges were granted for "similarity_op"
WARNING:  no privileges were granted for "word_similarity"
WARNING:  no privileges were granted for "word_similarity_op"
WARNING:  no privileges were granted for "word_similarity_commutator_op"
WARNING:  no privileges were granted for "similarity_dist"
WARNING:  no privileges were granted for "word_similarity_dist_op"
WARNING:  no privileges were granted for "word_similarity_dist_commutator_op"
WARNING:  no privileges were granted for "gtrgm_in"
WARNING:  no privileges were granted for "gtrgm_out"
WARNING:  no privileges were granted for "gtrgm_consistent"
WARNING:  no privileges were granted for "gtrgm_distance"
WARNING:  no privileges were granted for "gtrgm_compress"
WARNING:  no privileges were granted for "gtrgm_decompress"
WARNING:  no privileges were granted for "gtrgm_penalty"
WARNING:  no privileges were granted for "gtrgm_picksplit"
WARNING:  no privileges were granted for "gtrgm_union"
WARNING:  no privileges were granted for "gtrgm_same"
WARNING:  no privileges were granted for "gin_extract_value_trgm"
WARNING:  no privileges were granted for "gin_extract_query_trgm"
WARNING:  no privileges were granted for "gin_trgm_consistent"
WARNING:  no privileges were granted for "gin_trgm_triconsistent"
WARNING:  no privileges were granted for "strict_word_similarity"
WARNING:  no privileges were granted for "strict_word_similarity_op"
WARNING:  no privileges were granted for "strict_word_similarity_commutator_op"
WARNING:  no privileges were granted for "strict_word_similarity_dist_op"
WARNING:  no privileges were granted for "strict_word_similarity_dist_commutator_op"
WARNING:  no privileges were granted for "gtrgm_options"
DO
BEGIN
CREATE SCHEMA
CREATE TABLE
INSERT 0 1
UPDATE 1
DELETE 1
 nextval 
---------
       2
(1 row)

ROLLBACK
DO
BEGIN
CREATE TABLE
INSERT 0 1
INSERT 0 1
UPDATE 1
ROLLBACK
DO
 ?column? 
----------
(0 rows)

DO
##[group]Run $env:PGPASSWORD = $null
$env:PGPASSWORD = $null
node scripts/ci/write-foundation-version-manifest.cjs --profile=windows --output=D:\a\_temp\foundation-version-manifest-functional-metadata-mutations.json
shell: C:\Program Files\PowerShell\7\pwsh.EXE -command ". '{0}'"
env:
  ALBUM_HAVEN_EXPECTED_FFMPEG_VERSION: 7.1-essentials_build-www.gyan.dev
  ALBUM_HAVEN_FIXTURE_RELEASE: fixtures-v1.0.23
  ALBUM_HAVEN_FIXTURE_PROFILE: functional-core
  ALBUM_HAVEN_FIXTURE_ROOT: D:\a\_temp\album-haven-e2e-functional-fixtures-metadata-mutations\shared
  ALBUM_HAVEN_MEDIA_ROOT: D:\a\_temp\album-haven-e2e-functional-fixtures-metadata-mutations\shared\media
  pythonLocation: C:\hostedtoolcache\windows\Python\3.11.9\x64
  PKG_CONFIG_PATH: C:\hostedtoolcache\windows\Python\3.11.9\x64/lib/pkgconfig
  Python_ROOT_DIR: C:\hostedtoolcache\windows\Python\3.11.9\x64
  Python2_ROOT_DIR: C:\hostedtoolcache\windows\Python\3.11.9\x64
  Python3_ROOT_DIR: C:\hostedtoolcache\windows\Python\3.11.9\x64
  ALBUM_HAVEN_FUNCTIONAL_FIXTURE_WORK_ROOT: D:\a\_temp\album-haven-e2e-functional-fixtures-metadata-mutations
  ALBUM_HAVEN_FUNCTIONAL_SOURCE_FIXTURE_ROOT: D:\a\_temp\album-haven-fixtures-0d6525b6add94b5e82aac65d21e25884
  PGPASSFILE: D:\a\_temp\album-haven-postgres-f_35389965541_1_2.pgpass
  ALBUM_HAVEN_CI_DATABASE: album_haven_ci_f_35389965541_1_2
  DATABASE_MIGRATOR_URL: postgresql://album_haven_migrator_f_35389965541_1_2@127.0.0.1/album_haven_ci_f_35389965541_1_2
  DATABASE_APP_URL: postgresql://album_haven_app_f_35389965541_1_2@127.0.0.1/album_haven_ci_f_35389965541_1_2
  DATABASE_READONLY_URL: postgresql://album_haven_readonly_f_35389965541_1_2@127.0.0.1/album_haven_ci_f_35389965541_1_2
  ALBUM_HAVEN_FAKE_E2E_SETUP_DATABASE_URL: postgresql://album_haven_migrator_f_35389965541_1_2@127.0.0.1/album_haven_ci_f_35389965541_1_2
  ALBUM_HAVEN_FAKE_E2E_DATABASE_URL: postgresql://album_haven_app_f_35389965541_1_2@127.0.0.1/album_haven_ci_f_35389965541_1_2
  ALBUM_HAVEN_APP_DATABASE_URL: postgresql://album_haven_app_f_35389965541_1_2@127.0.0.1/album_haven_ci_f_35389965541_1_2
  PLAYWRIGHT_CHROME_EXECUTABLE: C:\hostedtoolcache\windows\setup-chrome\chrome\151.0.7922.138\x64\chrome.exe
##[endgroup]
D:\a\_temp\foundation-version-manifest-functional-metadata-mutations.json
##[group]Run node scripts/ci/validate-functional-shards.cjs --list
node scripts/ci/validate-functional-shards.cjs --list
shell: C:\Program Files\PowerShell\7\pwsh.EXE -command ". '{0}'"
env:
  ALBUM_HAVEN_EXPECTED_FFMPEG_VERSION: 7.1-essentials_build-www.gyan.dev
  ALBUM_HAVEN_FIXTURE_RELEASE: fixtures-v1.0.23
  ALBUM_HAVEN_FIXTURE_PROFILE: functional-core
  ALBUM_HAVEN_FIXTURE_ROOT: D:\a\_temp\album-haven-e2e-functional-fixtures-metadata-mutations\shared
  ALBUM_HAVEN_MEDIA_ROOT: D:\a\_temp\album-haven-e2e-functional-fixtures-metadata-mutations\shared\media
  pythonLocation: C:\hostedtoolcache\windows\Python\3.11.9\x64
  PKG_CONFIG_PATH: C:\hostedtoolcache\windows\Python\3.11.9\x64/lib/pkgconfig
  Python_ROOT_DIR: C:\hostedtoolcache\windows\Python\3.11.9\x64
  Python2_ROOT_DIR: C:\hostedtoolcache\windows\Python\3.11.9\x64
  Python3_ROOT_DIR: C:\hostedtoolcache\windows\Python\3.11.9\x64
  ALBUM_HAVEN_FUNCTIONAL_FIXTURE_WORK_ROOT: D:\a\_temp\album-haven-e2e-functional-fixtures-metadata-mutations
  ALBUM_HAVEN_FUNCTIONAL_SOURCE_FIXTURE_ROOT: D:\a\_temp\album-haven-fixtures-0d6525b6add94b5e82aac65d21e25884
  PGPASSFILE: D:\a\_temp\album-haven-postgres-f_35389965541_1_2.pgpass
  ALBUM_HAVEN_CI_DATABASE: album_haven_ci_f_35389965541_1_2
  DATABASE_MIGRATOR_URL: postgresql://album_haven_migrator_f_35389965541_1_2@127.0.0.1/album_haven_ci_f_35389965541_1_2
  DATABASE_APP_URL: postgresql://album_haven_app_f_35389965541_1_2@127.0.0.1/album_haven_ci_f_35389965541_1_2
  DATABASE_READONLY_URL: postgresql://album_haven_readonly_f_35389965541_1_2@127.0.0.1/album_haven_ci_f_35389965541_1_2
  ALBUM_HAVEN_FAKE_E2E_SETUP_DATABASE_URL: postgresql://album_haven_migrator_f_35389965541_1_2@127.0.0.1/album_haven_ci_f_35389965541_1_2
  ALBUM_HAVEN_FAKE_E2E_DATABASE_URL: postgresql://album_haven_app_f_35389965541_1_2@127.0.0.1/album_haven_ci_f_35389965541_1_2
  ALBUM_HAVEN_APP_DATABASE_URL: postgresql://album_haven_app_f_35389965541_1_2@127.0.0.1/album_haven_ci_f_35389965541_1_2
##[endgroup]
{"schemaVersion":1,"cases":113,"shards":{"gallery-search-visual":46,"cover-providers":18,"metadata-mutations":13,"playback-utilities":36}}
##[group]Run $env:PGPASSWORD = $null
$env:PGPASSWORD = $null
$env:PLAYWRIGHT_PYTHON = Join-Path $env:pythonLocation "python.exe"
$env:ALBUM_HAVEN_FUNCTIONAL_PORT_BASE = "5400"
$env:ALBUM_HAVEN_FUNCTIONAL_OUTPUT_ROOT = Join-Path "D:\a\_temp" "functional-output-metadata-mutations"
$env:ALBUM_HAVEN_FUNCTIONAL_BLOB_ROOT = Join-Path "D:\a\_temp" "functional-blobs-metadata-mutations"
$arguments = @("--run-shard=metadata-mutations")
if ("full" -eq "focused-e2e") {
  if ("full" -eq "exact") {
    @($env:FOCUSED_CASES_JSON | ConvertFrom-Json) | ForEach-Object { $arguments += "--run-case=$_" }
  } else {
    @($env:FOCUSED_AREAS_JSON | ConvertFrom-Json) | ForEach-Object { $arguments += "--run-area=$_" }
  }
}
node scripts/ci/validate-functional-shards.cjs @arguments
shell: C:\Program Files\PowerShell\7\pwsh.EXE -command ". '{0}'"
env:
  ALBUM_HAVEN_EXPECTED_FFMPEG_VERSION: 7.1-essentials_build-www.gyan.dev
  ALBUM_HAVEN_FIXTURE_RELEASE: fixtures-v1.0.23
  ALBUM_HAVEN_FIXTURE_PROFILE: functional-core
  ALBUM_HAVEN_FIXTURE_ROOT: D:\a\_temp\album-haven-e2e-functional-fixtures-metadata-mutations\shared
  ALBUM_HAVEN_MEDIA_ROOT: D:\a\_temp\album-haven-e2e-functional-fixtures-metadata-mutations\shared\media
  pythonLocation: C:\hostedtoolcache\windows\Python\3.11.9\x64
  PKG_CONFIG_PATH: C:\hostedtoolcache\windows\Python\3.11.9\x64/lib/pkgconfig
  Python_ROOT_DIR: C:\hostedtoolcache\windows\Python\3.11.9\x64
  Python2_ROOT_DIR: C:\hostedtoolcache\windows\Python\3.11.9\x64
  Python3_ROOT_DIR: C:\hostedtoolcache\windows\Python\3.11.9\x64
  ALBUM_HAVEN_FUNCTIONAL_FIXTURE_WORK_ROOT: D:\a\_temp\album-haven-e2e-functional-fixtures-metadata-mutations
  ALBUM_HAVEN_FUNCTIONAL_SOURCE_FIXTURE_ROOT: D:\a\_temp\album-haven-fixtures-0d6525b6add94b5e82aac65d21e25884
  PGPASSFILE: D:\a\_temp\album-haven-postgres-f_35389965541_1_2.pgpass
  ALBUM_HAVEN_CI_DATABASE: album_haven_ci_f_35389965541_1_2
  DATABASE_MIGRATOR_URL: postgresql://album_haven_migrator_f_35389965541_1_2@127.0.0.1/album_haven_ci_f_35389965541_1_2
  DATABASE_APP_URL: postgresql://album_haven_app_f_35389965541_1_2@127.0.0.1/album_haven_ci_f_35389965541_1_2
  DATABASE_READONLY_URL: postgresql://album_haven_readonly_f_35389965541_1_2@127.0.0.1/album_haven_ci_f_35389965541_1_2
  ALBUM_HAVEN_FAKE_E2E_SETUP_DATABASE_URL: postgresql://album_haven_migrator_f_35389965541_1_2@127.0.0.1/album_haven_ci_f_35389965541_1_2
  ALBUM_HAVEN_FAKE_E2E_DATABASE_URL: postgresql://album_haven_app_f_35389965541_1_2@127.0.0.1/album_haven_ci_f_35389965541_1_2
  ALBUM_HAVEN_APP_DATABASE_URL: postgresql://album_haven_app_f_35389965541_1_2@127.0.0.1/album_haven_ci_f_35389965541_1_2
  PLAYWRIGHT_CHROME_EXECUTABLE: C:\hostedtoolcache\windows\setup-chrome\chrome\151.0.7922.138\x64\chrome.exe
  FOCUSED_CASES_JSON: []
  FOCUSED_AREAS_JSON: []
##[endgroup]
Album Haven production E2E app listening on http://127.0.0.1:5400 with 0 artists, 0 albums, 0 tracks, and provider fixtures on http://127.0.0.1:5402
2026-09-18 20:13:23,403 [INFO] music_app: Startup scan-cache hydration completed files=7200 albums=400
2026-09-18 20:13:23,403 [INFO] music_app: Legacy album exclusions migrated albums=1 removed_rules=18 created_rules=1
2026-09-18 20:13:23,838 [INFO] music_app: Relation projection startup readiness ready=true rebuilt=true reason=missing_projection builder_version=local-relation-builder-v9 source_row_count=7438 duration_ms=300.38 source_load=86.92 fingerprint=40.67 pure_build=80.83 family_link_replacement=6.25 snapshot_publication=1.41
2026-09-18 20:13:24,995 [INFO] music_app: {"action": "Index request completed", "album_count": 0, "artist_count": 0, "bootstrap_mode": "fresh_preview", "covers_in_progress": false, "elapsed_ms": 338.75, "hydrate_in_progress": false, "payload_elapsed_ms": 177.43, "query": "", "scan_in_progress": false, "selected_artist": ""}

Running 1 test using 1 worker

2026-09-18 20:13:52,651 [INFO] music_app: {"action": "Index request completed", "album_count": 0, "artist_count": 0, "bootstrap_mode": "fresh_preview", "covers_in_progress": false, "elapsed_ms": 206.22, "hydrate_in_progress": false, "payload_elapsed_ms": 113.39, "query": "", "scan_in_progress": false, "selected_artist": ""}
[TEST] FTC-TAGS-009 restores tracks from distinct temporary albums without duplicate cards
  [STEP] Open the generated split fixture and retain its local cover
2026-09-18 20:13:55,994 [INFO] music_app: {"action": "Index request completed", "album_count": 0, "artist_count": 0, "bootstrap_mode": "fresh_preview", "covers_in_progress": false, "elapsed_ms": 237.02, "hydrate_in_progress": false, "payload_elapsed_ms": 183.58, "query": "", "scan_in_progress": false, "selected_artist": "E2E Rarity Artist"}
  [FAIL] Open the generated split fixture and retain its local cover :: Cannot read properties of undefined (reading 'total') (2530 ms)
  x  1 [functional] › tests\e2e\specs\albumTagRename.spec.js:411:1 › FTC-TAGS-009 restores tracks from distinct temporary albums without duplicate cards @area:tag-edit (3.3s)
[playwright-wrapper-failure-latched] {"phase":"tests-complete","status":"failed","total":1,"completed":1,"failed":1,"skipped":0,"errors":0}
[album-haven-playwright-result] {"version":1,"phase":"tests-complete","nonce":"649e915fdcf3ef4f9b4abda499af8c8227d6b2cd28261f18156fafaef243b7dc","status":"failed","total":1,"completed":1,"failed":1,"skipped":0,"errors":0}



[album-haven-playwright-result] {"version":1,"phase":"run-final","nonce":"649e915fdcf3ef4f9b4abda499af8c8227d6b2cd28261f18156fafaef243b7dc","status":"failed","total":1,"completed":1,"failed":1,"skipped":0,"errors":0}

  1) [functional] › tests\e2e\specs\albumTagRename.spec.js:411:1 › FTC-TAGS-009 restores tracks from distinct temporary albums without duplicate cards @area:tag-edit 

    TypeError: Cannot read properties of undefined (reading 'total')

       at ..\actions\trackModalActions.js:213

      211 |       subtitle: String(await this.trackModal.subtitle.textContent() || '').trim(),
      212 |       footer: String(await this.trackModal.footer.textContent() || '').trim(),
    > 213 |       total: String(await this.trackModal.albumTrackTable.total.textContent() || '').trim(),
          |                                                           ^
      214 |       playButtons: await this.trackModal.playButtons.count(),
      215 |       trackRows: await this.trackModal.trackRows.count(),
      216 |       coverLoaded,
        at TrackModalActions.readSummary (D:\a\AlbumHaven\AlbumHaven\tests\e2e\actions\trackModalActions.js:213:59)
        at TrackModalActions.waitForInteractiveSummary (D:\a\AlbumHaven\AlbumHaven\tests\e2e\actions\trackModalActions.js:256:21)
        at D:\a\AlbumHaven\AlbumHaven\tests\e2e\specs\albumTagRename.spec.js:447:21
        at runStep (D:\a\AlbumHaven\AlbumHaven\tests\e2e\support\baseFixtures.js:146:22)
        at D:\a\AlbumHaven\AlbumHaven\tests\e2e\specs\albumTagRename.spec.js:423:3

    attachment #1: step-transcript.txt (text/plain) ────────────────────────────────────────────────
    [TEST] FTC-TAGS-009 restores tracks from distinct temporary albums without duplicate cards
      [STEP] Open the generated split fixture and retain its local cover
      [FAIL] Open the generated split fixture and retain its local cover :: Cannot read properties of undefined (reading 'total') (2530 ms)
    ────────────────────────────────────────────────────────────────────────────────────────────────

    attachment #3: stacktrace.txt (text/plain) ─────────────────────────────────────────────────────
    Error 1
    TypeError: Cannot read properties of undefined (reading 'total')
        at TrackModalActions.readSummary (D:\a\AlbumHaven\AlbumHaven\tests\e2e\actions\trackModalActions.js:213:59)
        at TrackModalActions.waitForInteractiveSummary (D:\a\AlbumHaven\AlbumHaven\tests\e2e\actions\trackModalActions....
    ────────────────────────────────────────────────────────────────────────────────────────────────

    attachment #4: runtime-log.txt (text/plain) ────────────────────────────────────────────────────
    No runtime logs captured.
    ────────────────────────────────────────────────────────────────────────────────────────────────

    Error Context: ..\..\_temp\functional-output-metadata-mutations\wave-01-01-playwright-config-js\albumTagRename-FTC-TAGS-00-60278-ums-without-duplicate-cards-functional\error-context.md

    attachment #7: trace (application/zip) ─────────────────────────────────────────────────────────
    ..\..\_temp\functional-output-metadata-mutations\wave-01-01-playwright-config-js\albumTagRename-FTC-TAGS-00-60278-ums-without-duplicate-cards-functional\trace.zip
    Usage:

        npx playwright show-trace ..\..\_temp\functional-output-metadata-mutations\wave-01-01-playwright-config-js\albumTagRename-FTC-TAGS-00-60278-ums-without-duplicate-cards-functional\trace.zip

    ────────────────────────────────────────────────────────────────────────────────────────────────

  1 failed
    [functional] › tests\e2e\specs\albumTagRename.spec.js:411:1 › FTC-TAGS-009 restores tracks from distinct temporary albums without duplicate cards @area:tag-edit 

=== Playwright Summary ===
[x] albumTagRename.spec
  [x] FTC-TAGS-009 restores tracks from distinct temporary albums without duplicate cards @area:tag-edit

Overall: 0/1 passed
Failed tests:
- albumTagRename.spec > FTC-TAGS-009 restores tracks from distinct temporary albums without duplicate cards @area:tag-edit
[playwright-wrapper-diagnostic] {"reason":"wrapper-child-lifecycle-mismatch","childExitCode":1,"childExitSignal":null,"childCloseCode":1,"childCloseSignal":null,"processError":null,"stopReason":"none","cleanupOutcome":"completed"}
[playwright-wrapper-final-decision] {"wrapperExitCode":1,"attemptReturn":{"exitCode":1,"exitReason":"wrapper-child-lifecycle-mismatch"},"fakeDatabaseCleanup":{"status":"completed","error":null,"mode":"lock-only"},"scanAppCleanup":{"status":"not-required","error":null},"isolatedAppCleanup":{"status":"completed","error":null},"tempCleanup":{"status":"completed","error":null,"removedCount":1},"passivePortDiagnostics":[{"port":5400,"status":"completed","error":null,"ownerCount":0},{"port":5402,"status":"completed","error":null,"ownerCount":0}],"finalSummary":{"phase":"run-final","status":"failed","total":1,"completed":1,"failed":1,"skipped":0,"errors":0,"listOnly":false},"exitReason":"wrapper-child-lifecycle-mismatch"}
{"restored":0,"removed":0,"unchanged":1497}
Album Haven production E2E app listening on http://127.0.0.1:5400 with 0 artists, 0 albums, 0 tracks, and provider fixtures on http://127.0.0.1:5402
2026-09-18 20:14:36,986 [INFO] music_app: Startup scan-cache hydration completed files=7200 albums=400
2026-09-18 20:14:36,986 [INFO] music_app: Legacy album exclusions migrated albums=1 removed_rules=18 created_rules=1
2026-09-18 20:14:37,594 [INFO] music_app: Relation projection startup readiness ready=true rebuilt=true reason=missing_projection builder_version=local-relation-builder-v9 source_row_count=7438 duration_ms=439.27 source_load=85.14 fingerprint=41.01 pure_build=88.94 family_link_replacement=7.72 snapshot_publication=2.79
2026-09-18 20:14:38,898 [INFO] music_app: {"action": "Index request completed", "album_count": 0, "artist_count": 0, "bootstrap_mode": "fresh_preview", "covers_in_progress": false, "elapsed_ms": 426.74, "hydrate_in_progress": false, "payload_elapsed_ms": 189.06, "query": "", "scan_in_progress": false, "selected_artist": ""}

Running 2 tests using 1 worker

2026-09-18 20:15:09,183 [INFO] music_app: {"action": "Index request completed", "album_count": 0, "artist_count": 0, "bootstrap_mode": "fresh_preview", "covers_in_progress": false, "elapsed_ms": 209.39, "hydrate_in_progress": false, "payload_elapsed_ms": 116.03, "query": "", "scan_in_progress": false, "selected_artist": ""}
[TEST] FTC-TAGS-022 derives Start at from filename then deterministic editor position
  [STEP] Use a leading filename number for one natural-order consecutive range
2026-09-18 20:15:11,846 [INFO] music_app: {"action": "Index request completed", "album_count": 0, "artist_count": 0, "bootstrap_mode": "fresh_preview", "covers_in_progress": false, "elapsed_ms": 211.47, "hydrate_in_progress": false, "payload_elapsed_ms": 110.2, "query": "", "scan_in_progress": false, "selected_artist": ""}
  [FAIL] Use a leading filename number for one natural-order consecutive range :: Cannot read properties of undefined (reading 'total') (8620 ms)
  x  1 [functional] › tests\e2e\specs\tagEditorAutoNumber.spec.js:45:1 › FTC-TAGS-022 derives Start at from filename then deterministic editor position @area:tag-edit (9.8s)
2026-09-18 20:15:25,042 [INFO] music_app: {"action": "Index request completed", "album_count": 0, "artist_count": 0, "bootstrap_mode": "fresh_preview", "covers_in_progress": false, "elapsed_ms": 201.47, "hydrate_in_progress": false, "payload_elapsed_ms": 110.09, "query": "", "scan_in_progress": false, "selected_artist": ""}
[TEST] FTC-TAGS-016 tag editor backdrop closes only when no tag changes are pending
  [STEP] Open Edit Tags from the generated album details fixture
2026-09-18 20:15:27,560 [INFO] music_app: {"action": "Index request completed", "album_count": 0, "artist_count": 0, "bootstrap_mode": "fresh_preview", "covers_in_progress": false, "elapsed_ms": 349.71, "hydrate_in_progress": false, "payload_elapsed_ms": 186.63, "query": "", "scan_in_progress": false, "selected_artist": "E2E Rarity Artist"}
  [FAIL] Open Edit Tags from the generated album details fixture :: Cannot read properties of undefined (reading 'total') (2034 ms)
[playwright-wrapper-failure-latched] {"phase":"tests-complete","status":"failed","total":2,"completed":2,"failed":2,"skipped":0,"errors":0}
  x  2 [functional] › tests\e2e\specs\tagEditorBackdrop.spec.js:10:1 › FTC-TAGS-016 tag editor backdrop closes only when no tag changes are pending @area:tag-edit (2.8s)
[album-haven-playwright-result] {"version":1,"phase":"tests-complete","nonce":"9e3b5f8e004b7304bf354dd2c2b3a17f009d3845b252ea6055007427d31cccd5","status":"failed","total":2,"completed":2,"failed":2,"skipped":0,"errors":0}



[album-haven-playwright-result] {"version":1,"phase":"run-final","nonce":"9e3b5f8e004b7304bf354dd2c2b3a17f009d3845b252ea6055007427d31cccd5","status":"failed","total":2,"completed":2,"failed":2,"skipped":0,"errors":0}

  1) [functional] › tests\e2e\specs\tagEditorAutoNumber.spec.js:45:1 › FTC-TAGS-022 derives Start at from filename then deterministic editor position @area:tag-edit 

    TypeError: Cannot read properties of undefined (reading 'total')

       at ..\actions\trackModalActions.js:213

      211 |       subtitle: String(await this.trackModal.subtitle.textContent() || '').trim(),
      212 |       footer: String(await this.trackModal.footer.textContent() || '').trim(),
    > 213 |       total: String(await this.trackModal.albumTrackTable.total.textContent() || '').trim(),
          |                                                           ^
      214 |       playButtons: await this.trackModal.playButtons.count(),
      215 |       trackRows: await this.trackModal.trackRows.count(),
      216 |       coverLoaded,
        at TrackModalActions.readSummary (D:\a\AlbumHaven\AlbumHaven\tests\e2e\actions\trackModalActions.js:213:59)
        at TrackModalActions.waitForInteractiveSummary (D:\a\AlbumHaven\AlbumHaven\tests\e2e\actions\trackModalActions.js:256:21)
        at TagEditorActions.openForAlbum (D:\a\AlbumHaven\AlbumHaven\tests\e2e\actions\tagEditorActions.js:28:5)
        at D:\a\AlbumHaven\AlbumHaven\tests\e2e\specs\tagEditorAutoNumber.spec.js:57:5
        at runStep (D:\a\AlbumHaven\AlbumHaven\tests\e2e\support\baseFixtures.js:146:22)
        at D:\a\AlbumHaven\AlbumHaven\tests\e2e\specs\tagEditorAutoNumber.spec.js:54:3

    attachment #1: step-transcript.txt (text/plain) ────────────────────────────────────────────────
    [TEST] FTC-TAGS-022 derives Start at from filename then deterministic editor position
      [STEP] Use a leading filename number for one natural-order consecutive range
      [FAIL] Use a leading filename number for one natural-order consecutive range :: Cannot read properties of undefined (reading 'total')...
    ────────────────────────────────────────────────────────────────────────────────────────────────

    attachment #3: stacktrace.txt (text/plain) ─────────────────────────────────────────────────────
    Error 1
    TypeError: Cannot read properties of undefined (reading 'total')
        at TrackModalActions.readSummary (D:\a\AlbumHaven\AlbumHaven\tests\e2e\actions\trackModalActions.js:213:59)
        at TrackModalActions.waitForInteractiveSummary (D:\a\AlbumHaven\AlbumHaven\tests\e2e\actions\trackModalActions....
    ────────────────────────────────────────────────────────────────────────────────────────────────

    attachment #4: runtime-log.txt (text/plain) ────────────────────────────────────────────────────
    [2026-09-18T20:15:19.580Z] requestfailed/net::ERR_ABORTED: GET http://127.0.0.1:5400/cover?path=D%3A%5Ca%5C_temp%5Calbum-haven-e2e-functional-fixtures-metadata-mutations%5Cshared%5Cmedia%5CE2E%20Rarity%20Artist%5CSparse%20Genre%20Edit%20Fixture%5Ccover.png&size=480&v=process-226c029c24c70812c4b4e3b2...
    ────────────────────────────────────────────────────────────────────────────────────────────────

    Error Context: ..\..\_temp\functional-output-metadata-mutations\wave-01-02-playwright-config-js\tagEditorAutoNumber-FTC-TA-ea42c-terministic-editor-position-functional\error-context.md

    attachment #7: trace (application/zip) ─────────────────────────────────────────────────────────
    ..\..\_temp\functional-output-metadata-mutations\wave-01-02-playwright-config-js\tagEditorAutoNumber-FTC-TA-ea42c-terministic-editor-position-functional\trace.zip
    Usage:

        npx playwright show-trace ..\..\_temp\functional-output-metadata-mutations\wave-01-02-playwright-config-js\tagEditorAutoNumber-FTC-TA-ea42c-terministic-editor-position-functional\trace.zip

    ────────────────────────────────────────────────────────────────────────────────────────────────

  2) [functional] › tests\e2e\specs\tagEditorBackdrop.spec.js:10:1 › FTC-TAGS-016 tag editor backdrop closes only when no tag changes are pending @area:tag-edit 

    TypeError: Cannot read properties of undefined (reading 'total')

       at ..\actions\trackModalActions.js:213

      211 |       subtitle: String(await this.trackModal.subtitle.textContent() || '').trim(),
      212 |       footer: String(await this.trackModal.footer.textContent() || '').trim(),
    > 213 |       total: String(await this.trackModal.albumTrackTable.total.textContent() || '').trim(),
          |                                                           ^
      214 |       playButtons: await this.trackModal.playButtons.count(),
      215 |       trackRows: await this.trackModal.trackRows.count(),
      216 |       coverLoaded,
        at TrackModalActions.readSummary (D:\a\AlbumHaven\AlbumHaven\tests\e2e\actions\trackModalActions.js:213:59)
        at TrackModalActions.waitForInteractiveSummary (D:\a\AlbumHaven\AlbumHaven\tests\e2e\actions\trackModalActions.js:256:21)
        at D:\a\AlbumHaven\AlbumHaven\tests\e2e\specs\tagEditorBackdrop.spec.js:26:5
        at runStep (D:\a\AlbumHaven\AlbumHaven\tests\e2e\support\baseFixtures.js:146:22)
        at D:\a\AlbumHaven\AlbumHaven\tests\e2e\specs\tagEditorBackdrop.spec.js:17:3

    attachment #1: step-transcript.txt (text/plain) ────────────────────────────────────────────────
    [TEST] FTC-TAGS-016 tag editor backdrop closes only when no tag changes are pending
      [STEP] Open Edit Tags from the generated album details fixture
      [FAIL] Open Edit Tags from the generated album details fixture :: Cannot read properties of undefined (reading 'total') (2034 ms)
    ────────────────────────────────────────────────────────────────────────────────────────────────

    attachment #3: stacktrace.txt (text/plain) ─────────────────────────────────────────────────────
    Error 1
    TypeError: Cannot read properties of undefined (reading 'total')
        at TrackModalActions.readSummary (D:\a\AlbumHaven\AlbumHaven\tests\e2e\actions\trackModalActions.js:213:59)
        at TrackModalActions.waitForInteractiveSummary (D:\a\AlbumHaven\AlbumHaven\tests\e2e\actions\trackModalActions....
    ────────────────────────────────────────────────────────────────────────────────────────────────

    attachment #4: runtime-log.txt (text/plain) ────────────────────────────────────────────────────
    No runtime logs captured.
    ────────────────────────────────────────────────────────────────────────────────────────────────

    Error Context: ..\..\_temp\functional-output-metadata-mutations\wave-01-02-playwright-config-js\tagEditorBackdrop-FTC-TAGS-1f8ed--no-tag-changes-are-pending-functional\error-context.md

    attachment #7: trace (application/zip) ─────────────────────────────────────────────────────────
    ..\..\_temp\functional-output-metadata-mutations\wave-01-02-playwright-config-js\tagEditorBackdrop-FTC-TAGS-1f8ed--no-tag-changes-are-pending-functional\trace.zip
    Usage:

        npx playwright show-trace ..\..\_temp\functional-output-metadata-mutations\wave-01-02-playwright-config-js\tagEditorBackdrop-FTC-TAGS-1f8ed--no-tag-changes-are-pending-functional\trace.zip

    ────────────────────────────────────────────────────────────────────────────────────────────────

  2 failed
    [functional] › tests\e2e\specs\tagEditorAutoNumber.spec.js:45:1 › FTC-TAGS-022 derives Start at from filename then deterministic editor position @area:tag-edit 
    [functional] › tests\e2e\specs\tagEditorBackdrop.spec.js:10:1 › FTC-TAGS-016 tag editor backdrop closes only when no tag changes are pending @area:tag-edit 

=== Playwright Summary ===
[x] tagEditorAutoNumber.spec
  [x] FTC-TAGS-022 derives Start at from filename then deterministic editor position @area:tag-edit
[x] tagEditorBackdrop.spec
  [x] FTC-TAGS-016 tag editor backdrop closes only when no tag changes are pending @area:tag-edit

Overall: 0/2 passed
Failed tests:
- tagEditorAutoNumber.spec > FTC-TAGS-022 derives Start at from filename then deterministic editor position @area:tag-edit
- tagEditorBackdrop.spec > FTC-TAGS-016 tag editor backdrop closes only when no tag changes are pending @area:tag-edit
[playwright-wrapper-diagnostic] {"reason":"wrapper-child-lifecycle-mismatch","childExitCode":1,"childExitSignal":null,"childCloseCode":1,"childCloseSignal":null,"processError":null,"stopReason":"none","cleanupOutcome":"completed"}
[playwright-wrapper-final-decision] {"wrapperExitCode":1,"attemptReturn":{"exitCode":1,"exitReason":"wrapper-child-lifecycle-mismatch"},"fakeDatabaseCleanup":{"status":"completed","error":null,"mode":"lock-only"},"scanAppCleanup":{"status":"not-required","error":null},"isolatedAppCleanup":{"status":"completed","error":null},"tempCleanup":{"status":"completed","error":null,"removedCount":1},"passivePortDiagnostics":[{"port":5400,"status":"completed","error":null,"ownerCount":0},{"port":5402,"status":"completed","error":null,"ownerCount":0}],"finalSummary":{"phase":"run-final","status":"failed","total":2,"completed":2,"failed":2,"skipped":0,"errors":0,"listOnly":false},"exitReason":"wrapper-child-lifecycle-mismatch"}
{"restored":0,"removed":0,"unchanged":1497}
Album Haven production E2E app listening on http://127.0.0.1:5400 with 0 artists, 0 albums, 0 tracks, and provider fixtures on http://127.0.0.1:5402
2026-09-18 20:15:58,672 [INFO] music_app: Startup scan-cache hydration completed files=7200 albums=400
2026-09-18 20:15:58,672 [INFO] music_app: Legacy album exclusions migrated albums=1 removed_rules=18 created_rules=1
2026-09-18 20:15:59,118 [INFO] music_app: Relation projection startup readiness ready=true rebuilt=true reason=missing_projection builder_version=local-relation-builder-v9 source_row_count=7438 duration_ms=414.58 source_load=90.69 fingerprint=40.70 pure_build=85.93 family_link_replacement=6.81 snapshot_publication=1.44
2026-09-18 20:16:00,244 [INFO] music_app: {"action": "Index request completed", "album_count": 0, "artist_count": 0, "bootstrap_mode": "fresh_preview", "covers_in_progress": false, "elapsed_ms": 444.78, "hydrate_in_progress": false, "payload_elapsed_ms": 280.38, "query": "", "scan_in_progress": false, "selected_artist": ""}

Running 1 test using 1 worker

2026-09-18 20:16:29,173 [INFO] music_app: {"action": "Index request completed", "album_count": 0, "artist_count": 0, "bootstrap_mode": "fresh_preview", "covers_in_progress": false, "elapsed_ms": 214.36, "hydrate_in_progress": false, "payload_elapsed_ms": 109.95, "query": "", "scan_in_progress": false, "selected_artist": ""}
[TEST] FTC-TAGS-008 completes an album rename before reporting the save task complete
  [STEP] Open the generated MP3 album from its selected-artist gallery
2026-09-18 20:16:31,701 [INFO] music_app: {"action": "Index request completed", "album_count": 0, "artist_count": 0, "bootstrap_mode": "fresh_preview", "covers_in_progress": false, "elapsed_ms": 354.73, "hydrate_in_progress": false, "payload_elapsed_ms": 194.64, "query": "", "scan_in_progress": false, "selected_artist": "E2E Rarity Artist"}
  [FAIL] Open the generated MP3 album from its selected-artist gallery :: Cannot read properties of undefined (reading 'total') (2199 ms)
[playwright-wrapper-failure-latched] {"phase":"tests-complete","status":"failed","total":1,"completed":1,"failed":1,"skipped":0,"errors":0}
  x  1 [functional] › tests\e2e\specs\albumTagRename.spec.js:44:1 › FTC-TAGS-008 completes an album rename before reporting the save task complete @area:tag-edit (3.0s)
[album-haven-playwright-result] {"version":1,"phase":"tests-complete","nonce":"0a7e9bc856d63d774c1977224741e9eff56c9e1d45d31ebaeccdb6caad9437e8","status":"failed","total":1,"completed":1,"failed":1,"skipped":0,"errors":0}



[album-haven-playwright-result] {"version":1,"phase":"run-final","nonce":"0a7e9bc856d63d774c1977224741e9eff56c9e1d45d31ebaeccdb6caad9437e8","status":"failed","total":1,"completed":1,"failed":1,"skipped":0,"errors":0}

  1) [functional] › tests\e2e\specs\albumTagRename.spec.js:44:1 › FTC-TAGS-008 completes an album rename before reporting the save task complete @area:tag-edit 

    TypeError: Cannot read properties of undefined (reading 'total')

       at ..\actions\trackModalActions.js:213

      211 |       subtitle: String(await this.trackModal.subtitle.textContent() || '').trim(),
      212 |       footer: String(await this.trackModal.footer.textContent() || '').trim(),
    > 213 |       total: String(await this.trackModal.albumTrackTable.total.textContent() || '').trim(),
          |                                                           ^
      214 |       playButtons: await this.trackModal.playButtons.count(),
      215 |       trackRows: await this.trackModal.trackRows.count(),
      216 |       coverLoaded,
        at TrackModalActions.readSummary (D:\a\AlbumHaven\AlbumHaven\tests\e2e\actions\trackModalActions.js:213:59)
        at TrackModalActions.waitForInteractiveSummary (D:\a\AlbumHaven\AlbumHaven\tests\e2e\actions\trackModalActions.js:256:21)
        at D:\a\AlbumHaven\AlbumHaven\tests\e2e\specs\albumTagRename.spec.js:62:21
        at runStep (D:\a\AlbumHaven\AlbumHaven\tests\e2e\support\baseFixtures.js:146:22)
        at D:\a\AlbumHaven\AlbumHaven\tests\e2e\specs\albumTagRename.spec.js:53:3

    attachment #1: step-transcript.txt (text/plain) ────────────────────────────────────────────────
    [TEST] FTC-TAGS-008 completes an album rename before reporting the save task complete
      [STEP] Open the generated MP3 album from its selected-artist gallery
      [FAIL] Open the generated MP3 album from its selected-artist gallery :: Cannot read properties of undefined (reading 'total') (2199 ms)
    ────────────────────────────────────────────────────────────────────────────────────────────────

    attachment #3: stacktrace.txt (text/plain) ─────────────────────────────────────────────────────
    Error 1
    TypeError: Cannot read properties of undefined (reading 'total')
        at TrackModalActions.readSummary (D:\a\AlbumHaven\AlbumHaven\tests\e2e\actions\trackModalActions.js:213:59)
        at TrackModalActions.waitForInteractiveSummary (D:\a\AlbumHaven\AlbumHaven\tests\e2e\actions\trackModalActions....
    ────────────────────────────────────────────────────────────────────────────────────────────────

    attachment #4: runtime-log.txt (text/plain) ────────────────────────────────────────────────────
    No runtime logs captured.
    ────────────────────────────────────────────────────────────────────────────────────────────────

    Error Context: ..\..\_temp\functional-output-metadata-mutations\wave-01-03-playwright-config-js\albumTagRename-FTC-TAGS-00-c76c5-ting-the-save-task-complete-functional\error-context.md

    attachment #7: trace (application/zip) ─────────────────────────────────────────────────────────
    ..\..\_temp\functional-output-metadata-mutations\wave-01-03-playwright-config-js\albumTagRename-FTC-TAGS-00-c76c5-ting-the-save-task-complete-functional\trace.zip
    Usage:

        npx playwright show-trace ..\..\_temp\functional-output-metadata-mutations\wave-01-03-playwright-config-js\albumTagRename-FTC-TAGS-00-c76c5-ting-the-save-task-complete-functional\trace.zip

    ────────────────────────────────────────────────────────────────────────────────────────────────

  1 failed
    [functional] › tests\e2e\specs\albumTagRename.spec.js:44:1 › FTC-TAGS-008 completes an album rename before reporting the save task complete @area:tag-edit 

=== Playwright Summary ===
[x] albumTagRename.spec
  [x] FTC-TAGS-008 completes an album rename before reporting the save task complete @area:tag-edit

Overall: 0/1 passed
Failed tests:
- albumTagRename.spec > FTC-TAGS-008 completes an album rename before reporting the save task complete @area:tag-edit
[playwright-wrapper-diagnostic] {"reason":"wrapper-child-lifecycle-mismatch","childExitCode":1,"childExitSignal":null,"childCloseCode":1,"childCloseSignal":null,"processError":null,"stopReason":"none","cleanupOutcome":"completed"}
[playwright-wrapper-final-decision] {"wrapperExitCode":1,"attemptReturn":{"exitCode":1,"exitReason":"wrapper-child-lifecycle-mismatch"},"fakeDatabaseCleanup":{"status":"completed","error":null,"mode":"lock-only"},"scanAppCleanup":{"status":"not-required","error":null},"isolatedAppCleanup":{"status":"completed","error":null},"tempCleanup":{"status":"completed","error":null,"removedCount":1},"passivePortDiagnostics":[{"port":5400,"status":"completed","error":null,"ownerCount":0},{"port":5402,"status":"completed","error":null,"ownerCount":0}],"finalSummary":{"phase":"run-final","status":"failed","total":1,"completed":1,"failed":1,"skipped":0,"errors":0,"listOnly":false},"exitReason":"wrapper-child-lifecycle-mismatch"}
{"restored":0,"removed":0,"unchanged":1497}
Album Haven production E2E app listening on http://127.0.0.1:5400 with 0 artists, 0 albums, 0 tracks, and provider fixtures on http://127.0.0.1:5402
2026-09-18 20:17:00,293 [INFO] music_app: Startup scan-cache hydration completed files=7200 albums=400
2026-09-18 20:17:00,293 [INFO] music_app: Legacy album exclusions migrated albums=1 removed_rules=18 created_rules=1
2026-09-18 20:17:00,675 [INFO] music_app: Relation projection startup readiness ready=true rebuilt=true reason=missing_projection builder_version=local-relation-builder-v9 source_row_count=7438 duration_ms=350.29 source_load=101.93 fingerprint=71.22 pure_build=88.05 family_link_replacement=5.36 snapshot_publication=1.32
2026-09-18 20:17:01,803 [INFO] music_app: {"action": "Index request completed", "album_count": 0, "artist_count": 0, "bootstrap_mode": "fresh_preview", "covers_in_progress": false, "elapsed_ms": 351.68, "hydrate_in_progress": false, "payload_elapsed_ms": 176.1, "query": "", "scan_in_progress": false, "selected_artist": ""}

Running 1 test using 1 worker

2026-09-18 20:17:28,437 [INFO] music_app: {"action": "Index request completed", "album_count": 0, "artist_count": 0, "bootstrap_mode": "fresh_preview", "covers_in_progress": false, "elapsed_ms": 288.1, "hydrate_in_progress": false, "payload_elapsed_ms": 96.61, "query": "", "scan_in_progress": false, "selected_artist": ""}
[TEST] FTC-TAGS-008 keeps an accepted terminal failure readable without false success
  [STEP] Open the generated two-track failure-control album
2026-09-18 20:17:31,214 [INFO] music_app: {"action": "Index request completed", "album_count": 0, "artist_count": 0, "bootstrap_mode": "fresh_preview", "covers_in_progress": false, "elapsed_ms": 223.78, "hydrate_in_progress": false, "payload_elapsed_ms": 160.92, "query": "", "scan_in_progress": false, "selected_artist": "E2E Rarity Artist"}
  [FAIL] Open the generated two-track failure-control album :: Cannot read properties of undefined (reading 'total') (2169 ms)
[playwright-wrapper-failure-latched] {"phase":"tests-complete","status":"failed","total":1,"completed":1,"failed":1,"skipped":0,"errors":0}
  x  1 [functional] › tests\e2e\specs\albumTagRename.spec.js:335:1 › FTC-TAGS-008 keeps an accepted terminal failure readable without false success @area:tag-edit (2.8s)
[album-haven-playwright-result] {"version":1,"phase":"tests-complete","nonce":"7b355c84fd6ab123670f897a708eaa54c351efe886cb36939f842ced118b3717","status":"failed","total":1,"completed":1,"failed":1,"skipped":0,"errors":0}



[album-haven-playwright-result] {"version":1,"phase":"run-final","nonce":"7b355c84fd6ab123670f897a708eaa54c351efe886cb36939f842ced118b3717","status":"failed","total":1,"completed":1,"failed":1,"skipped":0,"errors":0}

  1) [functional] › tests\e2e\specs\albumTagRename.spec.js:335:1 › FTC-TAGS-008 keeps an accepted terminal failure readable without false success @area:tag-edit 

    TypeError: Cannot read properties of undefined (reading 'total')

       at ..\actions\trackModalActions.js:213

      211 |       subtitle: String(await this.trackModal.subtitle.textContent() || '').trim(),
      212 |       footer: String(await this.trackModal.footer.textContent() || '').trim(),
    > 213 |       total: String(await this.trackModal.albumTrackTable.total.textContent() || '').trim(),
          |                                                           ^
      214 |       playButtons: await this.trackModal.playButtons.count(),
      215 |       trackRows: await this.trackModal.trackRows.count(),
      216 |       coverLoaded,
        at TrackModalActions.readSummary (D:\a\AlbumHaven\AlbumHaven\tests\e2e\actions\trackModalActions.js:213:59)
        at TrackModalActions.waitForExactAlbumDetails (D:\a\AlbumHaven\AlbumHaven\tests\e2e\actions\trackModalActions.js:394:5)
        at D:\a\AlbumHaven\AlbumHaven\tests\e2e\specs\albumTagRename.spec.js:352:5
        at runStep (D:\a\AlbumHaven\AlbumHaven\tests\e2e\support\baseFixtures.js:146:22)
        at D:\a\AlbumHaven\AlbumHaven\tests\e2e\specs\albumTagRename.spec.js:344:3

    attachment #1: step-transcript.txt (text/plain) ────────────────────────────────────────────────
    [TEST] FTC-TAGS-008 keeps an accepted terminal failure readable without false success
      [STEP] Open the generated two-track failure-control album
      [FAIL] Open the generated two-track failure-control album :: Cannot read properties of undefined (reading 'total') (2169 ms)
    ────────────────────────────────────────────────────────────────────────────────────────────────

    attachment #3: stacktrace.txt (text/plain) ─────────────────────────────────────────────────────
    Error 1
    TypeError: Cannot read properties of undefined (reading 'total')
        at TrackModalActions.readSummary (D:\a\AlbumHaven\AlbumHaven\tests\e2e\actions\trackModalActions.js:213:59)
        at TrackModalActions.waitForExactAlbumDetails (D:\a\AlbumHaven\AlbumHaven\tests\e2e\actions\trackModalActions.j...
    ────────────────────────────────────────────────────────────────────────────────────────────────

    attachment #4: runtime-log.txt (text/plain) ────────────────────────────────────────────────────
    No runtime logs captured.
    ────────────────────────────────────────────────────────────────────────────────────────────────

    Error Context: ..\..\_temp\functional-output-metadata-mutations\wave-01-04-playwright-config-js\albumTagRename-FTC-TAGS-00-18ae6-dable-without-false-success-functional\error-context.md

    attachment #7: trace (application/zip) ─────────────────────────────────────────────────────────
    ..\..\_temp\functional-output-metadata-mutations\wave-01-04-playwright-config-js\albumTagRename-FTC-TAGS-00-18ae6-dable-without-false-success-functional\trace.zip
    Usage:

        npx playwright show-trace ..\..\_temp\functional-output-metadata-mutations\wave-01-04-playwright-config-js\albumTagRename-FTC-TAGS-00-18ae6-dable-without-false-success-functional\trace.zip

    ────────────────────────────────────────────────────────────────────────────────────────────────

  1 failed
    [functional] › tests\e2e\specs\albumTagRename.spec.js:335:1 › FTC-TAGS-008 keeps an accepted terminal failure readable without false success @area:tag-edit 

=== Playwright Summary ===
[x] albumTagRename.spec
  [x] FTC-TAGS-008 keeps an accepted terminal failure readable without false success @area:tag-edit

Overall: 0/1 passed
Failed tests:
- albumTagRename.spec > FTC-TAGS-008 keeps an accepted terminal failure readable without false success @area:tag-edit
[playwright-wrapper-diagnostic] {"reason":"wrapper-child-lifecycle-mismatch","childExitCode":1,"childExitSignal":null,"childCloseCode":1,"childCloseSignal":null,"processError":null,"stopReason":"none","cleanupOutcome":"completed"}
[playwright-wrapper-final-decision] {"wrapperExitCode":1,"attemptReturn":{"exitCode":1,"exitReason":"wrapper-child-lifecycle-mismatch"},"fakeDatabaseCleanup":{"status":"completed","error":null,"mode":"lock-only"},"scanAppCleanup":{"status":"not-required","error":null},"isolatedAppCleanup":{"status":"completed","error":null},"tempCleanup":{"status":"completed","error":null,"removedCount":1},"passivePortDiagnostics":[{"port":5400,"status":"completed","error":null,"ownerCount":0},{"port":5402,"status":"completed","error":null,"ownerCount":0}],"finalSummary":{"phase":"run-final","status":"failed","total":1,"completed":1,"failed":1,"skipped":0,"errors":0,"listOnly":false},"exitReason":"wrapper-child-lifecycle-mismatch"}
{"restored":0,"removed":0,"unchanged":1497}
Album Haven production E2E app listening on http://127.0.0.1:5400 with 0 artists, 0 albums, 0 tracks, and provider fixtures on http://127.0.0.1:5402
2026-09-18 20:18:00,406 [INFO] music_app: Startup scan-cache hydration completed files=7200 albums=400
2026-09-18 20:18:00,407 [INFO] music_app: Legacy album exclusions migrated albums=1 removed_rules=18 created_rules=1
2026-09-18 20:18:00,835 [INFO] music_app: Relation projection startup readiness ready=true rebuilt=true reason=missing_projection builder_version=local-relation-builder-v9 source_row_count=7438 duration_ms=300.15 source_load=83.71 fingerprint=41.38 pure_build=84.03 family_link_replacement=5.76 snapshot_publication=1.35
2026-09-18 20:18:02,005 [INFO] music_app: {"action": "Index request completed", "album_count": 0, "artist_count": 0, "bootstrap_mode": "fresh_preview", "covers_in_progress": false, "elapsed_ms": 358.03, "hydrate_in_progress": false, "payload_elapsed_ms": 198.85, "query": "", "scan_in_progress": false, "selected_artist": ""}

Running 1 test using 1 worker

2026-09-18 20:18:39,633 [INFO] music_app: {"action": "Index request completed", "album_count": 0, "artist_count": 0, "bootstrap_mode": "fresh_preview", "covers_in_progress": false, "elapsed_ms": 249.89, "hydrate_in_progress": false, "payload_elapsed_ms": 129.53, "query": "", "scan_in_progress": false, "selected_artist": ""}
[TEST] FTC-TAGS-011 keeps a track-name-only edit on one retained album card
  [STEP] Open the generated album and select one physical file
2026-09-18 20:18:43,294 [INFO] music_app: {"action": "Index request completed", "album_count": 0, "artist_count": 0, "bootstrap_mode": "fresh_preview", "covers_in_progress": false, "elapsed_ms": 280.55, "hydrate_in_progress": false, "payload_elapsed_ms": 92.01, "query": "", "scan_in_progress": false, "selected_artist": ""}
  [FAIL] Open the generated album and select one physical file :: Cannot read properties of undefined (reading 'total') (10473 ms)
  x  1 [functional] › tests\e2e\specs\sparseTagEditReconciliation.spec.js:41:1 › FTC-TAGS-011 keeps a track-name-only edit on one retained album card @area:tag-edit (11.7s)
[playwright-wrapper-failure-latched] {"phase":"tests-complete","status":"failed","total":1,"completed":1,"failed":1,"skipped":0,"errors":0}
[album-haven-playwright-result] {"version":1,"phase":"tests-complete","nonce":"5b75fb81a3fa45566b155334b2543b1a0a4b96ac13939608f15c4c8bc4e6b390","status":"failed","total":1,"completed":1,"failed":1,"skipped":0,"errors":0}



[album-haven-playwright-result] {"version":1,"phase":"run-final","nonce":"5b75fb81a3fa45566b155334b2543b1a0a4b96ac13939608f15c4c8bc4e6b390","status":"failed","total":1,"completed":1,"failed":1,"skipped":0,"errors":0}

  1) [functional] › tests\e2e\specs\sparseTagEditReconciliation.spec.js:41:1 › FTC-TAGS-011 keeps a track-name-only edit on one retained album card @area:tag-edit 

    TypeError: Cannot read properties of undefined (reading 'total')

       at ..\actions\trackModalActions.js:213

      211 |       subtitle: String(await this.trackModal.subtitle.textContent() || '').trim(),
      212 |       footer: String(await this.trackModal.footer.textContent() || '').trim(),
    > 213 |       total: String(await this.trackModal.albumTrackTable.total.textContent() || '').trim(),
          |                                                           ^
      214 |       playButtons: await this.trackModal.playButtons.count(),
      215 |       trackRows: await this.trackModal.trackRows.count(),
      216 |       coverLoaded,
        at TrackModalActions.readSummary (D:\a\AlbumHaven\AlbumHaven\tests\e2e\actions\trackModalActions.js:213:59)
        at TrackModalActions.waitForInteractiveSummary (D:\a\AlbumHaven\AlbumHaven\tests\e2e\actions\trackModalActions.js:256:21)
        at D:\a\AlbumHaven\AlbumHaven\tests\e2e\helpers\sparseTagEditScenario.js:109:13
        at runStep (D:\a\AlbumHaven\AlbumHaven\tests\e2e\support\baseFixtures.js:146:22)
        at runSparseTagEditScenario (D:\a\AlbumHaven\AlbumHaven\tests\e2e\helpers\sparseTagEditScenario.js:88:3)
        at D:\a\AlbumHaven\AlbumHaven\tests\e2e\specs\sparseTagEditReconciliation.spec.js:49:3

    attachment #1: step-transcript.txt (text/plain) ────────────────────────────────────────────────
    [TEST] FTC-TAGS-011 keeps a track-name-only edit on one retained album card
      [STEP] Open the generated album and select one physical file
      [FAIL] Open the generated album and select one physical file :: Cannot read properties of undefined (reading 'total') (10473 ms)
    ────────────────────────────────────────────────────────────────────────────────────────────────

    attachment #3: stacktrace.txt (text/plain) ─────────────────────────────────────────────────────
    Error 1
    TypeError: Cannot read properties of undefined (reading 'total')
        at TrackModalActions.readSummary (D:\a\AlbumHaven\AlbumHaven\tests\e2e\actions\trackModalActions.js:213:59)
        at TrackModalActions.waitForInteractiveSummary (D:\a\AlbumHaven\AlbumHaven\tests\e2e\actions\trackModalActions....
    ────────────────────────────────────────────────────────────────────────────────────────────────

    attachment #4: runtime-log.txt (text/plain) ────────────────────────────────────────────────────
    [2026-09-18T20:18:51.751Z] requestfailed/net::ERR_ABORTED: GET http://127.0.0.1:5400/cover?path=D%3A%5Ca%5C_temp%5Calbum-haven-e2e-functional-fixtures-metadata-mutations%5Cshared%5Cmedia%5CE2E%20Rarity%20Artist%5CAuto%20Number%20Selected%20Fixture%5Ccover.png&size=480&v=process-a58f78bef0c7be3984819...
    ────────────────────────────────────────────────────────────────────────────────────────────────

    Error Context: ..\..\_temp\functional-output-metadata-mutations\wave-01-05-playwright-config-js\sparseTagEditReconciliatio-5915c--on-one-retained-album-card-functional\error-context.md

    attachment #7: trace (application/zip) ─────────────────────────────────────────────────────────
    ..\..\_temp\functional-output-metadata-mutations\wave-01-05-playwright-config-js\sparseTagEditReconciliatio-5915c--on-one-retained-album-card-functional\trace.zip
    Usage:

        npx playwright show-trace ..\..\_temp\functional-output-metadata-mutations\wave-01-05-playwright-config-js\sparseTagEditReconciliatio-5915c--on-one-retained-album-card-functional\trace.zip

    ────────────────────────────────────────────────────────────────────────────────────────────────

  1 failed
    [functional] › tests\e2e\specs\sparseTagEditReconciliation.spec.js:41:1 › FTC-TAGS-011 keeps a track-name-only edit on one retained album card @area:tag-edit 

=== Playwright Summary ===
[x] sparseTagEditReconciliation.spec
  [x] FTC-TAGS-011 keeps a track-name-only edit on one retained album card @area:tag-edit

Overall: 0/1 passed
Failed tests:
- sparseTagEditReconciliation.spec > FTC-TAGS-011 keeps a track-name-only edit on one retained album card @area:tag-edit
[playwright-wrapper-diagnostic] {"reason":"wrapper-child-lifecycle-mismatch","childExitCode":1,"childExitSignal":null,"childCloseCode":1,"childCloseSignal":null,"processError":null,"stopReason":"none","cleanupOutcome":"completed"}
[playwright-wrapper-final-decision] {"wrapperExitCode":1,"attemptReturn":{"exitCode":1,"exitReason":"wrapper-child-lifecycle-mismatch"},"fakeDatabaseCleanup":{"status":"completed","error":null,"mode":"lock-only"},"scanAppCleanup":{"status":"not-required","error":null},"isolatedAppCleanup":{"status":"completed","error":null},"tempCleanup":{"status":"completed","error":null,"removedCount":1},"passivePortDiagnostics":[{"port":5400,"status":"completed","error":null,"ownerCount":0},{"port":5402,"status":"completed","error":null,"ownerCount":0}],"finalSummary":{"phase":"run-final","status":"failed","total":1,"completed":1,"failed":1,"skipped":0,"errors":0,"listOnly":false},"exitReason":"wrapper-child-lifecycle-mismatch"}
{"restored":0,"removed":0,"unchanged":1497}
Album Haven production E2E app listening on http://127.0.0.1:5400 with 0 artists, 0 albums, 0 tracks, and provider fixtures on http://127.0.0.1:5402
2026-09-18 20:19:26,119 [INFO] music_app: Startup scan-cache hydration completed files=7200 albums=400
2026-09-18 20:19:26,119 [INFO] music_app: Legacy album exclusions migrated albums=1 removed_rules=18 created_rules=1
2026-09-18 20:19:26,536 [INFO] music_app: Relation projection startup readiness ready=true rebuilt=true reason=missing_projection builder_version=local-relation-builder-v9 source_row_count=7438 duration_ms=345.60 source_load=89.52 fingerprint=50.81 pure_build=113.08 family_link_replacement=6.52 snapshot_publication=1.49
2026-09-18 20:19:27,902 [INFO] music_app: {"action": "Index request completed", "album_count": 0, "artist_count": 0, "bootstrap_mode": "fresh_preview", "covers_in_progress": false, "elapsed_ms": 298.47, "hydrate_in_progress": false, "payload_elapsed_ms": 144.74, "query": "", "scan_in_progress": false, "selected_artist": ""}

Running 1 test using 1 worker

2026-09-18 20:20:00,639 [INFO] music_app: {"action": "Index request completed", "album_count": 0, "artist_count": 0, "bootstrap_mode": "fresh_preview", "covers_in_progress": false, "elapsed_ms": 192.01, "hydrate_in_progress": false, "payload_elapsed_ms": 104.73, "query": "", "scan_in_progress": false, "selected_artist": ""}
[TEST] FTC-TAGS-012 carries Genre through selected Postgres payloads and edits only TCON
  [STEP] Open the generated album and select one physical file
2026-09-18 20:20:03,052 [INFO] music_app: {"action": "Index request completed", "album_count": 0, "artist_count": 0, "bootstrap_mode": "fresh_preview", "covers_in_progress": false, "elapsed_ms": 194.87, "hydrate_in_progress": false, "payload_elapsed_ms": 104.3, "query": "", "scan_in_progress": false, "selected_artist": ""}
  [FAIL] Open the generated album and select one physical file :: Cannot read properties of undefined (reading 'total') (7597 ms)
  x  1 [functional] › tests\e2e\specs\sparseTagEditReconciliation.spec.js:76:1 › FTC-TAGS-012 carries Genre through selected Postgres payloads and edits only TCON @area:tag-edit (8.8s)
[playwright-wrapper-failure-latched] {"phase":"tests-complete","status":"failed","total":1,"completed":1,"failed":1,"skipped":0,"errors":0}
[album-haven-playwright-result] {"version":1,"phase":"tests-complete","nonce":"f6426e2f0425c220b885dd2621a6287e5d9f72760a5c49b848c895ad4a8c6a56","status":"failed","total":1,"completed":1,"failed":1,"skipped":0,"errors":0}



[album-haven-playwright-result] {"version":1,"phase":"run-final","nonce":"f6426e2f0425c220b885dd2621a6287e5d9f72760a5c49b848c895ad4a8c6a56","status":"failed","total":1,"completed":1,"failed":1,"skipped":0,"errors":0}

  1) [functional] › tests\e2e\specs\sparseTagEditReconciliation.spec.js:76:1 › FTC-TAGS-012 carries Genre through selected Postgres payloads and edits only TCON @area:tag-edit 

    TypeError: Cannot read properties of undefined (reading 'total')

       at ..\actions\trackModalActions.js:213

      211 |       subtitle: String(await this.trackModal.subtitle.textContent() || '').trim(),
      212 |       footer: String(await this.trackModal.footer.textContent() || '').trim(),
    > 213 |       total: String(await this.trackModal.albumTrackTable.total.textContent() || '').trim(),
          |                                                           ^
      214 |       playButtons: await this.trackModal.playButtons.count(),
      215 |       trackRows: await this.trackModal.trackRows.count(),
      216 |       coverLoaded,
        at TrackModalActions.readSummary (D:\a\AlbumHaven\AlbumHaven\tests\e2e\actions\trackModalActions.js:213:59)
        at TrackModalActions.waitForInteractiveSummary (D:\a\AlbumHaven\AlbumHaven\tests\e2e\actions\trackModalActions.js:256:21)
        at D:\a\AlbumHaven\AlbumHaven\tests\e2e\helpers\sparseTagEditScenario.js:109:13
        at runStep (D:\a\AlbumHaven\AlbumHaven\tests\e2e\support\baseFixtures.js:146:22)
        at runSparseTagEditScenario (D:\a\AlbumHaven\AlbumHaven\tests\e2e\helpers\sparseTagEditScenario.js:88:3)
        at D:\a\AlbumHaven\AlbumHaven\tests\e2e\specs\sparseTagEditReconciliation.spec.js:84:3

    attachment #1: step-transcript.txt (text/plain) ────────────────────────────────────────────────
    [TEST] FTC-TAGS-012 carries Genre through selected Postgres payloads and edits only TCON
      [STEP] Open the generated album and select one physical file
      [FAIL] Open the generated album and select one physical file :: Cannot read properties of undefined (reading 'total') (7597 ms)
    ────────────────────────────────────────────────────────────────────────────────────────────────

    attachment #3: stacktrace.txt (text/plain) ─────────────────────────────────────────────────────
    Error 1
    TypeError: Cannot read properties of undefined (reading 'total')
        at TrackModalActions.readSummary (D:\a\AlbumHaven\AlbumHaven\tests\e2e\actions\trackModalActions.js:213:59)
        at TrackModalActions.waitForInteractiveSummary (D:\a\AlbumHaven\AlbumHaven\tests\e2e\actions\trackModalActions....
    ────────────────────────────────────────────────────────────────────────────────────────────────

    attachment #4: runtime-log.txt (text/plain) ────────────────────────────────────────────────────
    [2026-09-18T20:20:09.842Z] requestfailed/net::ERR_ABORTED: GET http://127.0.0.1:5400/cover?path=D%3A%5Ca%5C_temp%5Calbum-haven-e2e-functional-fixtures-metadata-mutations%5Cshared%5Cmedia%5CProgressive%20Projects%5CControl%20Signal%20Family%5CControl%20Signal%20Lead%20_%20Control%20Signal%20Partner%5...
    ────────────────────────────────────────────────────────────────────────────────────────────────

    Error Context: ..\..\_temp\functional-output-metadata-mutations\wave-01-06-playwright-config-js\sparseTagEditReconciliatio-ad6ef-ayloads-and-edits-only-TCON-functional\error-context.md

    attachment #7: trace (application/zip) ─────────────────────────────────────────────────────────
    ..\..\_temp\functional-output-metadata-mutations\wave-01-06-playwright-config-js\sparseTagEditReconciliatio-ad6ef-ayloads-and-edits-only-TCON-functional\trace.zip
    Usage:

        npx playwright show-trace ..\..\_temp\functional-output-metadata-mutations\wave-01-06-playwright-config-js\sparseTagEditReconciliatio-ad6ef-ayloads-and-edits-only-TCON-functional\trace.zip

    ────────────────────────────────────────────────────────────────────────────────────────────────

  1 failed
    [functional] › tests\e2e\specs\sparseTagEditReconciliation.spec.js:76:1 › FTC-TAGS-012 carries Genre through selected Postgres payloads and edits only TCON @area:tag-edit 

=== Playwright Summary ===
[x] sparseTagEditReconciliation.spec
  [x] FTC-TAGS-012 carries Genre through selected Postgres payloads and edits only TCON @area:tag-edit

Overall: 0/1 passed
Failed tests:
[playwright-wrapper-diagnostic] {"reason":"wrapper-child-lifecycle-mismatch","childExitCode":1,"childExitSignal":null,"childCloseCode":1,"childCloseSignal":null,"processError":null,"stopReason":"none","cleanupOutcome":"completed"}
- sparseTagEditReconciliation.spec > FTC-TAGS-012 carries Genre through selected Postgres payloads and edits only TCON @area:tag-edit
[playwright-wrapper-final-decision] {"wrapperExitCode":1,"attemptReturn":{"exitCode":1,"exitReason":"wrapper-child-lifecycle-mismatch"},"fakeDatabaseCleanup":{"status":"completed","error":null,"mode":"lock-only"},"scanAppCleanup":{"status":"not-required","error":null},"isolatedAppCleanup":{"status":"completed","error":null},"tempCleanup":{"status":"completed","error":null,"removedCount":1},"passivePortDiagnostics":[{"port":5400,"status":"completed","error":null,"ownerCount":0},{"port":5402,"status":"completed","error":null,"ownerCount":0}],"finalSummary":{"phase":"run-final","status":"failed","total":1,"completed":1,"failed":1,"skipped":0,"errors":0,"listOnly":false},"exitReason":"wrapper-child-lifecycle-mismatch"}
{"restored":0,"removed":0,"unchanged":1497}
Album Haven production E2E app listening on http://127.0.0.1:5400 with 0 artists, 0 albums, 0 tracks, and provider fixtures on http://127.0.0.1:5402
2026-09-18 20:20:38,544 [INFO] music_app: Startup scan-cache hydration completed files=7200 albums=400
2026-09-18 20:20:38,544 [INFO] music_app: Legacy album exclusions migrated albums=1 removed_rules=18 created_rules=1
2026-09-18 20:20:38,891 [INFO] music_app: Relation projection startup readiness ready=true rebuilt=true reason=missing_projection builder_version=local-relation-builder-v9 source_row_count=7438 duration_ms=315.80 source_load=88.70 fingerprint=43.84 pure_build=86.18 family_link_replacement=6.14 snapshot_publication=2.29
2026-09-18 20:20:39,901 [INFO] music_app: {"action": "Index request completed", "album_count": 0, "artist_count": 0, "bootstrap_mode": "fresh_preview", "covers_in_progress": false, "elapsed_ms": 345.14, "hydrate_in_progress": false, "payload_elapsed_ms": 179.43, "query": "", "scan_in_progress": false, "selected_artist": ""}

Running 1 test using 1 worker

2026-09-18 20:21:11,075 [INFO] music_app: {"action": "Index request completed", "album_count": 0, "artist_count": 0, "bootstrap_mode": "fresh_preview", "covers_in_progress": false, "elapsed_ms": 202.76, "hydrate_in_progress": false, "payload_elapsed_ms": 109.37, "query": "", "scan_in_progress": false, "selected_artist": ""}
[TEST] FTC-ALBUM-TASTE-013 keeps app ratings authoritative while import and scan seed missing ratings
  [STEP] Render absent and invalid ratings as ten empty stars in hydrated album cards
2026-09-18 20:21:13,616 [INFO] music_app: {"action": "Index request completed", "album_count": 0, "artist_count": 0, "bootstrap_mode": "fresh_preview", "covers_in_progress": false, "elapsed_ms": 217.0, "hydrate_in_progress": false, "payload_elapsed_ms": 111.84, "query": "", "scan_in_progress": false, "selected_artist": ""}
2026-09-18 20:21:15,830 [INFO] music_app: {"action": "Postgres album search request started", "query": "Rating Absent"}
2026-09-18 20:21:15,945 [INFO] music_app: {"action": "View data request completed", "album_count": 1, "artist_count": 1, "elapsed_ms": 115.49, "query": "Rating Absent", "selected_artist": "Album Rating Contract"}
2026-09-18 20:21:16,444 [INFO] music_app: {"action": "Postgres album search request started", "query": "Rating Malformed"}
2026-09-18 20:21:16,568 [INFO] music_app: {"action": "View data request completed", "album_count": 1, "artist_count": 1, "elapsed_ms": 124.59, "query": "Rating Malformed", "selected_artist": "Album Rating Contract"}
2026-09-18 20:21:17,025 [INFO] music_app: {"action": "Postgres album search request started", "query": "Rating Zero"}
2026-09-18 20:21:17,118 [INFO] music_app: {"action": "View data request completed", "album_count": 1, "artist_count": 1, "elapsed_ms": 93.36, "query": "Rating Zero", "selected_artist": "Album Rating Contract"}
2026-09-18 20:21:17,571 [INFO] music_app: {"action": "Postgres album search request started", "query": "Rating Out Of Range"}
2026-09-18 20:21:17,670 [INFO] music_app: {"action": "View data request completed", "album_count": 1, "artist_count": 1, "elapsed_ms": 98.37, "query": "Rating Out Of Range", "selected_artist": "Album Rating Contract"}
  [PASS] Render absent and invalid ratings as ten empty stars in hydrated album cards (4707 ms)
  [STEP] Prefer the numeric app rating and honor an explicitly cleared app rating
2026-09-18 20:21:18,154 [INFO] music_app: {"action": "Postgres album search request started", "query": "Rating Numeric Authority"}
2026-09-18 20:21:18,252 [INFO] music_app: {"action": "View data request completed", "album_count": 1, "artist_count": 1, "elapsed_ms": 96.17, "query": "Rating Numeric Authority", "selected_artist": "Album Rating Contract"}
2026-09-18 20:21:18,779 [INFO] music_app: {"action": "Postgres album search request started", "query": "Rating Cleared Authority"}
2026-09-18 20:21:18,891 [INFO] music_app: {"action": "View data request completed", "album_count": 1, "artist_count": 1, "elapsed_ms": 113.57, "query": "Rating Cleared Authority", "selected_artist": "Album Rating Contract"}
  [PASS] Prefer the numeric app rating and honor an explicitly cleared app rating (1201 ms)
  [STEP] Keep the import candidate rendered without an app rating before import
2026-09-18 20:21:19,344 [INFO] music_app: {"action": "Postgres album search request started", "query": "Rating Import Candidate"}
2026-09-18 20:21:19,445 [INFO] music_app: {"action": "View data request completed", "album_count": 1, "artist_count": 1, "elapsed_ms": 101.57, "query": "Rating Import Candidate", "selected_artist": "Album Rating Contract"}
  [PASS] Keep the import candidate rendered without an app rating before import (563 ms)
  [STEP] Import the missing tag rating and refresh the already-rendered card
  [PASS] Import the missing tag rating and refresh the already-rendered card (2255 ms)
  [STEP] Repeat the explicit import without creating a duplicate authority row
  [PASS] Repeat the explicit import without creating a duplicate authority row (742 ms)
  [STEP] Keep the existing app rating visible while the incremental scan is active
2026-09-18 20:21:22,892 [INFO] music_app: {"action": "Postgres album search request started", "query": "Rating Cleared Authority"}
2026-09-18 20:21:22,978 [INFO] music_app: {"action": "View data request completed", "album_count": 1, "artist_count": 1, "elapsed_ms": 84.6, "query": "Rating Cleared Authority", "selected_artist": "Album Rating Contract"}
2026-09-18 20:21:23,377 [WARNING] music_app: refresh_api: payload keys=['full_rescan']
2026-09-18 20:21:23,413 [INFO] music_app: {"action": "Library indexing started", "force": true}
2026-09-18 20:21:23,556 [INFO] music_app: {"action": "Postgres album search request started", "query": "Rating Numeric Authority"}
2026-09-18 20:21:23,660 [INFO] music_app: {"action": "View data request completed", "album_count": 1, "artist_count": 1, "elapsed_ms": 104.11, "query": "Rating Numeric Authority", "selected_artist": "Album Rating Contract"}
2026-09-18 20:21:27,146 [INFO] music_app: {"action": "Library indexing completed", "album_count": 63, "file_count": 1090}
2026-09-18 20:21:27,148 [INFO] music_app: {"action": "Cover art refresh queued after indexing", "added_album_count": 1}
2026-09-18 20:21:27,340 [VERBOSE] music_app: Cover jobs built total_folders=64 queued=64 skipped=0 skipped_samples=[]
  [PASS] Keep the existing app rating visible while the incremental scan is active (4567 ms)
  [STEP] Open the newly discovered tagged MP3 after the scan completes
2026-09-18 20:21:27,342 [VERBOSE] music_app: Cover refresh background job selection queued=16 user_owned=1 scan_generation=1 file_cache_entries=1090
2026-09-18 20:21:27,342 [VERBOSE] music_app: Cover fetch queue item index=1 total=16 artist='Generated Problem Fixture' album='Comfortably Numb Sidebar Fixture 01' year=2023 folder='D:\\a\\_temp\\album-haven-e2e-functional-fixtures-metadata-mutations\\shared\\media\\Generated Problem Fixture\\Comfortably Numb Sidebar Fixture 01' track_count=18 force_search=False
2026-09-18 20:21:27,344 [VERBOSE] music_app: Cover fetch queue item index=2 total=16 artist='Generated Problem Fixture' album='Comfortably Numb Sidebar Fixture 02' year=2023 folder='D:\\a\\_temp\\album-haven-e2e-functional-fixtures-metadata-mutations\\shared\\media\\Generated Problem Fixture\\Comfortably Numb Sidebar Fixture 02' track_count=18 force_search=False
2026-09-18 20:21:27,344 [VERBOSE] music_app: Cover fetch queue item index=3 total=16 artist='Generated Problem Fixture' album='Comfortably Numb Sidebar Fixture 03' year=2023 folder='D:\\a\\_temp\\album-haven-e2e-functional-fixtures-metadata-mutations\\shared\\media\\Generated Problem Fixture\\Comfortably Numb Sidebar Fixture 03' track_count=18 force_search=False
2026-09-18 20:21:27,344 [VERBOSE] music_app: Cover fetch queue item index=4 total=16 artist='Generated Problem Fixture' album='Comfortably Numb Sidebar Fixture 04' year=2023 folder='D:\\a\\_temp\\album-haven-e2e-functional-fixtures-metadata-mutations\\shared\\media\\Generated Problem Fixture\\Comfortably Numb Sidebar Fixture 04' track_count=18 force_search=False
2026-09-18 20:21:27,344 [VERBOSE] music_app: Cover fetch queue item index=5 total=16 artist='Generated Problem Fixture' album='Comfortably Numb Sidebar Fixture 05' year=2023 folder='D:\\a\\_temp\\album-haven-e2e-functional-fixtures-metadata-mutations\\shared\\media\\Generated Problem Fixture\\Comfortably Numb Sidebar Fixture 05' track_count=18 force_search=False
2026-09-18 20:21:27,344 [VERBOSE] music_app: Cover fetch queue item index=6 total=16 artist='Generated Problem Fixture' album='Comfortably Numb Sidebar Fixture 06' year=2023 folder='D:\\a\\_temp\\album-haven-e2e-functional-fixtures-metadata-mutations\\shared\\media\\Generated Problem Fixture\\Comfortably Numb Sidebar Fixture 06' track_count=18 force_search=False
2026-09-18 20:21:27,344 [VERBOSE] music_app: Cover fetch queue item index=7 total=16 artist='Generated Problem Fixture' album='Comfortably Numb Sidebar Fixture 07' year=2023 folder='D:\\a\\_temp\\album-haven-e2e-functional-fixtures-metadata-mutations\\shared\\media\\Generated Problem Fixture\\Comfortably Numb Sidebar Fixture 07' track_count=18 force_search=False
2026-09-18 20:21:27,344 [VERBOSE] music_app: Cover fetch queue item index=8 total=16 artist='Generated Problem Fixture' album='Comfortably Numb Sidebar Fixture 08' year=2023 folder='D:\\a\\_temp\\album-haven-e2e-functional-fixtures-metadata-mutations\\shared\\media\\Generated Problem Fixture\\Comfortably Numb Sidebar Fixture 08' track_count=18 force_search=False
2026-09-18 20:21:27,344 [VERBOSE] music_app: Cover fetch queue item index=9 total=16 artist='Generated Problem Fixture' album='Encoding And Missing Metadata' year=None folder='D:\\a\\_temp\\album-haven-e2e-functional-fixtures-metadata-mutations\\shared\\media\\Generated Problem Fixture\\Encoding And Missing Metadata' track_count=18 force_search=False
2026-09-18 20:21:27,344 [VERBOSE] music_app: Cover fetch queue item index=10 total=16 artist='Mastodon' album='Crack The Skye Fixture 07' year=2009 folder='D:\\a\\_temp\\album-haven-e2e-functional-fixtures-metadata-mutations\\shared\\media\\Mastodon\\Crack The Skye Fixture 07' track_count=18 force_search=False
2026-09-18 20:21:27,344 [VERBOSE] music_app: Cover fetch queue item index=11 total=16 artist='Mastodon' album='Crack The Skye Fixture 08' year=2009 folder='D:\\a\\_temp\\album-haven-e2e-functional-fixtures-metadata-mutations\\shared\\media\\Mastodon\\Crack The Skye Fixture 08' track_count=18 force_search=False
2026-09-18 20:21:27,346 [VERBOSE] music_app: Cover fetch queue item index=12 total=16 artist='Mastodon' album='Crack The Skye Fixture 09' year=2009 folder='D:\\a\\_temp\\album-haven-e2e-functional-fixtures-metadata-mutations\\shared\\media\\Mastodon\\Crack The Skye Fixture 09' track_count=18 force_search=False
2026-09-18 20:21:27,346 [VERBOSE] music_app: Cover fetch queue item index=13 total=16 artist='Mastodon' album='Crack The Skye Fixture 10' year=2009 folder='D:\\a\\_temp\\album-haven-e2e-functional-fixtures-metadata-mutations\\shared\\media\\Mastodon\\Crack The Skye Fixture 10' track_count=18 force_search=False
2026-09-18 20:21:27,346 [VERBOSE] music_app: Cover fetch queue item index=14 total=16 artist='Neal Morse' album='Neal Morse Plays Pink Floyd' year=2023 folder='D:\\a\\_temp\\album-haven-e2e-functional-fixtures-metadata-mutations\\shared\\media\\Progressive Projects\\Morse Family\\Neal Morse\\Neal Morse Plays Pink Floyd' track_count=18 force_search=False
2026-09-18 20:21:27,346 [VERBOSE] music_app: Cover fetch queue item index=15 total=16 artist='Various Artists' album='Mulan' year=1998 folder='D:\\a\\_temp\\album-haven-e2e-functional-fixtures-metadata-mutations\\shared\\media\\Various Artists\\Mulan' track_count=14 force_search=False
2026-09-18 20:21:27,346 [VERBOSE] music_app: Cover fetch queue item index=16 total=16 artist='\u0414\u0414\u0422' album='\u0421\u0442\u0443\u0434\u0438\u0439\u043d\u044b\u0435 \u0437\u0430\u043f\u0438\u0441\u0438' year=1990 folder='D:\\a\\_temp\\album-haven-e2e-functional-fixtures-metadata-mutations\\shared\\media\\\u0414\u0414\u0422\\\u0421\u0442\u0443\u0434\u0438\u0439\u043d\u044b\u0435 \u0437\u0430\u043f\u0438\u0441\u0438' track_count=16 force_search=False
2026-09-18 20:21:27,591 [INFO] music_app: {"action": "Postgres album search request started", "query": "Rating Scan Discovery"}
2026-09-18 20:21:28,283 [INFO] music_app: {"action": "View data request completed", "album_count": 1, "artist_count": 1, "elapsed_ms": 691.32, "query": "Rating Scan Discovery", "selected_artist": "Album Rating Contract"}
2026-09-18 20:21:28,496 [VERBOSE] music_app.services.cover_provider_http: Cover HTTP success service=apple context=search:Generated Problem Fixture Comfortably Numb Sidebar Fixture 01 2023 status=200 url=http://127.0.0.1:5402/itunes/search?term=Generated+Problem+Fixture+Comfortably+Numb+Sidebar+Fixture+01+2023&entity=album&limit=20 bytes=33
2026-09-18 20:21:28,496 [VERBOSE] music_app.services.cover_refresh_provider: Apple raw search results query='Generated Problem Fixture Comfortably Numb Sidebar Fixture 01 2023' artist='Generated Problem Fixture' album='Comfortably Numb Sidebar Fixture 01' year=2023 results=[]
2026-09-18 20:21:28,496 [VERBOSE] music_app.services.cover_refresh_provider: Apple search results query='Generated Problem Fixture Comfortably Numb Sidebar Fixture 01 2023' count=0 top=[]
2026-09-18 20:21:28,496 [INFO] music_app.services.cover_refresh_provider: {"action": "Apple cover miss", "album": "Comfortably Numb Sidebar Fixture 01", "artist": "Generated Problem Fixture", "query_mode": "artist+album+year:native", "raw_result_count": 0, "raw_results_summary": [], "top_candidates": [], "year": 2023}
2026-09-18 20:21:28,590 [VERBOSE] music_app.services.cover_provider_http: Cover HTTP success service=apple context=search:Generated Problem Fixture Comfortably Numb Sidebar Fixture 03 2023 status=200 url=http://127.0.0.1:5402/itunes/search?term=Generated+Problem+Fixture+Comfortably+Numb+Sidebar+Fixture+03+2023&entity=album&limit=20 bytes=33
2026-09-18 20:21:28,590 [VERBOSE] music_app.services.cover_refresh_provider: Apple raw search results query='Generated Problem Fixture Comfortably Numb Sidebar Fixture 03 2023' artist='Generated Problem Fixture' album='Comfortably Numb Sidebar Fixture 03' year=2023 results=[]
2026-09-18 20:21:28,590 [VERBOSE] music_app.services.cover_refresh_provider: Apple search results query='Generated Problem Fixture Comfortably Numb Sidebar Fixture 03 2023' count=0 top=[]
2026-09-18 20:21:28,590 [INFO] music_app.services.cover_refresh_provider: {"action": "Apple cover miss", "album": "Comfortably Numb Sidebar Fixture 03", "artist": "Generated Problem Fixture", "query_mode": "artist+album+year:native", "raw_result_count": 0, "raw_results_summary": [], "top_candidates": [], "year": 2023}
2026-09-18 20:21:29,285 [VERBOSE] music_app.services.cover_provider_http: Cover HTTP success service=apple context=search:Generated Problem Fixture Comfortably Numb Sidebar Fixture 04 2023 status=200 url=http://127.0.0.1:5402/itunes/search?term=Generated+Problem+Fixture+Comfortably+Numb+Sidebar+Fixture+04+2023&entity=album&limit=20 bytes=33
2026-09-18 20:21:29,285 [VERBOSE] music_app.services.cover_refresh_provider: Apple raw search results query='Generated Problem Fixture Comfortably Numb Sidebar Fixture 04 2023' artist='Generated Problem Fixture' album='Comfortably Numb Sidebar Fixture 04' year=2023 results=[]
  [PASS] Open the newly discovered tagged MP3 after the scan completes (2007 ms)
2026-09-18 20:21:29,285 [VERBOSE] music_app.services.cover_refresh_provider: Apple search results query='Generated Problem Fixture Comfortably Numb Sidebar Fixture 04 2023' count=0 top=[]
  [STEP] Keep numeric and cleared authorities unchanged after the regular scan
2026-09-18 20:21:29,285 [INFO] music_app.services.cover_refresh_provider: {"action": "Apple cover miss", "album": "Comfortably Numb Sidebar Fixture 04", "artist": "Generated Problem Fixture", "query_mode": "artist+album+year:native", "raw_result_count": 0, "raw_results_summary": [], "top_candidates": [], "year": 2023}
2026-09-18 20:21:29,582 [VERBOSE] music_app.services.cover_provider_http: Cover HTTP success service=apple context=search:Generated Problem Fixture Comfortably Numb Sidebar Fixture 02 2023 status=200 url=http://127.0.0.1:5402/itunes/search?term=Generated+Problem+Fixture+Comfortably+Numb+Sidebar+Fixture+02+2023&entity=album&limit=20 bytes=33
2026-09-18 20:21:29,582 [VERBOSE] music_app.services.cover_refresh_provider: Apple raw search results query='Generated Problem Fixture Comfortably Numb Sidebar Fixture 02 2023' artist='Generated Problem Fixture' album='Comfortably Numb Sidebar Fixture 02' year=2023 results=[]
2026-09-18 20:21:29,582 [VERBOSE] music_app.services.cover_refresh_provider: Apple search results query='Generated Problem Fixture Comfortably Numb Sidebar Fixture 02 2023' count=0 top=[]
2026-09-18 20:21:29,582 [INFO] music_app.services.cover_refresh_provider: {"action": "Apple cover miss", "album": "Comfortably Numb Sidebar Fixture 02", "artist": "Generated Problem Fixture", "query_mode": "artist+album+year:native", "raw_result_count": 0, "raw_results_summary": [], "top_candidates": [], "year": 2023}
2026-09-18 20:21:29,608 [INFO] music_app: {"action": "Postgres album search request started", "query": "Rating Numeric Authority"}
2026-09-18 20:21:29,776 [VERBOSE] music_app.services.cover_provider_http: Cover HTTP success service=apple context=artist-id-search:Generated Problem Fixture status=200 url=http://127.0.0.1:5402/itunes/search?term=Generated+Problem+Fixture&entity=musicArtist&limit=10 bytes=33
2026-09-18 20:21:29,777 [INFO] music_app.services.cover_refresh_provider: {"action": "Apple artist lookup results", "album": "Comfortably Numb Sidebar Fixture 01", "artist": "Generated Problem Fixture", "query_artist": "Generated Problem Fixture", "result_count": 0, "top_results": []}
2026-09-18 20:21:29,973 [VERBOSE] music_app.services.cover_provider_http: Cover HTTP success service=apple context=artist-id-search:Generated Problem Fixture status=200 url=http://127.0.0.1:5402/itunes/search?term=Generated+Problem+Fixture&entity=musicArtist&limit=10 bytes=33
2026-09-18 20:21:29,973 [INFO] music_app.services.cover_refresh_provider: {"action": "Apple artist lookup results", "album": "Comfortably Numb Sidebar Fixture 03", "artist": "Generated Problem Fixture", "query_artist": "Generated Problem Fixture", "result_count": 0, "top_results": []}
2026-09-18 20:21:29,974 [VERBOSE] music_app.services.cover_provider_http: Cover HTTP success service=apple context=artist-id-search:Generated Problem Fixture status=200 url=http://127.0.0.1:5402/itunes/search?term=Generated+Problem+Fixture&entity=musicArtist&limit=10 bytes=33
2026-09-18 20:21:29,975 [INFO] music_app.services.cover_refresh_provider: {"action": "Apple artist lookup results", "album": "Comfortably Numb Sidebar Fixture 04", "artist": "Generated Problem Fixture", "query_artist": "Generated Problem Fixture", "result_count": 0, "top_results": []}
2026-09-18 20:21:30,149 [INFO] music_app: {"action": "View data request completed", "album_count": 1, "artist_count": 1, "elapsed_ms": 541.24, "query": "Rating Numeric Authority", "selected_artist": "Album Rating Contract"}
2026-09-18 20:21:30,239 [VERBOSE] music_app.services.cover_provider_http: Cover HTTP success service=apple context=artist-id-search:Generated Problem Fixture status=200 url=http://127.0.0.1:5402/itunes/search?term=Generated+Problem+Fixture&entity=musicArtist&limit=10 bytes=33
2026-09-18 20:21:30,240 [INFO] music_app.services.cover_refresh_provider: {"action": "Apple artist lookup results", "album": "Comfortably Numb Sidebar Fixture 02", "artist": "Generated Problem Fixture", "query_artist": "Generated Problem Fixture", "result_count": 0, "top_results": []}
2026-09-18 20:21:30,508 [VERBOSE] music_app.services.cover_provider_http: Cover HTTP success service=apple context=search:Generated Problem Fixture Comfortably Numb Sidebar Fixture 01 status=200 url=http://127.0.0.1:5402/itunes/search?term=Generated+Problem+Fixture+Comfortably+Numb+Sidebar+Fixture+01&entity=album&limit=20 bytes=33
2026-09-18 20:21:30,508 [VERBOSE] music_app.services.cover_refresh_provider: Apple raw search results query='Generated Problem Fixture Comfortably Numb Sidebar Fixture 01' artist='Generated Problem Fixture' album='Comfortably Numb Sidebar Fixture 01' year=2023 results=[]
2026-09-18 20:21:30,508 [VERBOSE] music_app.services.cover_refresh_provider: Apple search results query='Generated Problem Fixture Comfortably Numb Sidebar Fixture 01' count=0 top=[]
2026-09-18 20:21:30,508 [INFO] music_app.services.cover_refresh_provider: {"action": "Apple cover miss", "album": "Comfortably Numb Sidebar Fixture 01", "artist": "Generated Problem Fixture", "query_mode": "artist+album:native", "raw_result_count": 0, "raw_results_summary": [], "top_candidates": [], "year": 2023}
2026-09-18 20:21:30,772 [VERBOSE] music_app.services.cover_provider_http: Cover HTTP success service=apple context=search:Generated Problem Fixture Comfortably Numb Sidebar Fixture 03 status=200 url=http://127.0.0.1:5402/itunes/search?term=Generated+Problem+Fixture+Comfortably+Numb+Sidebar+Fixture+03&entity=album&limit=20 bytes=33
2026-09-18 20:21:30,772 [VERBOSE] music_app.services.cover_refresh_provider: Apple raw search results query='Generated Problem Fixture Comfortably Numb Sidebar Fixture 03' artist='Generated Problem Fixture' album='Comfortably Numb Sidebar Fixture 03' year=2023 results=[]
2026-09-18 20:21:30,772 [VERBOSE] music_app.services.cover_refresh_provider: Apple search results query='Generated Problem Fixture Comfortably Numb Sidebar Fixture 03' count=0 top=[]
2026-09-18 20:21:30,774 [INFO] music_app.services.cover_refresh_provider: {"action": "Apple cover miss", "album": "Comfortably Numb Sidebar Fixture 03", "artist": "Generated Problem Fixture", "query_mode": "artist+album:native", "raw_result_count": 0, "raw_results_summary": [], "top_candidates": [], "year": 2023}
2026-09-18 20:21:30,852 [VERBOSE] music_app.services.cover_provider_http: Cover HTTP success service=apple context=search:Generated Problem Fixture Comfortably Numb Sidebar Fixture 04 status=200 url=http://127.0.0.1:5402/itunes/search?term=Generated+Problem+Fixture+Comfortably+Numb+Sidebar+Fixture+04&entity=album&limit=20 bytes=33
2026-09-18 20:21:30,852 [VERBOSE] music_app.services.cover_refresh_provider: Apple raw search results query='Generated Problem Fixture Comfortably Numb Sidebar Fixture 04' artist='Generated Problem Fixture' album='Comfortably Numb Sidebar Fixture 04' year=2023 results=[]
2026-09-18 20:21:30,853 [VERBOSE] music_app.services.cover_refresh_provider: Apple search results query='Generated Problem Fixture Comfortably Numb Sidebar Fixture 04' count=0 top=[]
2026-09-18 20:21:30,853 [INFO] music_app.services.cover_refresh_provider: {"action": "Apple cover miss", "album": "Comfortably Numb Sidebar Fixture 04", "artist": "Generated Problem Fixture", "query_mode": "artist+album:native", "raw_result_count": 0, "raw_results_summary": [], "top_candidates": [], "year": 2023}
2026-09-18 20:21:30,993 [VERBOSE] music_app.services.cover_provider_http: Cover HTTP success service=apple context=artist-id-search:Generated Problem Fixture status=200 url=http://127.0.0.1:5402/itunes/search?term=Generated+Problem+Fixture&entity=musicArtist&limit=10 bytes=33
2026-09-18 20:21:30,993 [INFO] music_app.services.cover_refresh_provider: {"action": "Apple artist lookup results", "album": "Comfortably Numb Sidebar Fixture 01", "artist": "Generated Problem Fixture", "query_artist": "Generated Problem Fixture", "result_count": 0, "top_results": []}
2026-09-18 20:21:30,995 [VERBOSE] music_app: Cover fetch processed artist='Generated Problem Fixture' album='Comfortably Numb Sidebar Fixture 01' folder='D:\\a\\_temp\\album-haven-e2e-functional-fixtures-metadata-mutations\\shared\\media\\Generated Problem Fixture\\Comfortably Numb Sidebar Fixture 01' downloaded=False has_cover=False
2026-09-18 20:21:30,996 [WARNING] music_app: {"action": "Cover art update failed", "album": "Comfortably Numb Sidebar Fixture 01", "artist": "Generated Problem Fixture", "elapsed_ms": 3644.78, "folder": "D:\\a\\_temp\\album-haven-e2e-functional-fixtures-metadata-mutations\\shared\\media\\Generated Problem Fixture\\Comfortably Numb Sidebar Fixture 01", "force_search": false, "reason": "remote_search_returned_no_candidate", "resolver_trace": [{"apple_http_trace": [{"context": "search:Generated Problem Fixture Comfortably Numb Sidebar Fixture 01 2023", "elapsed_ms": 1145.12, "status": "success:200"}, {"context": "artist-id-search:Generated Problem Fixture", "elapsed_ms": 1279.56, "status": "success:200"}, {"context": "search:Generated Problem Fixture Comfortably Numb Sidebar Fixture 01", "elapsed_ms": 731.05, "status": "success:200"}, {"context": "artist-id-search:Generated Problem Fixture", "elapsed_ms": 484.65, "status": "success:200"}], "elapsed_ms": 3642.95, "resolver": "_search_apple", "status": "no_candidate"}], "status": "missing_cover_art"}
2026-09-18 20:21:31,069 [VERBOSE] music_app.services.cover_provider_http: Cover HTTP success service=apple context=search:Generated Problem Fixture Comfortably Numb Sidebar Fixture 02 status=200 url=http://127.0.0.1:5402/itunes/search?term=Generated+Problem+Fixture+Comfortably+Numb+Sidebar+Fixture+02&entity=album&limit=20 bytes=33
2026-09-18 20:21:31,070 [VERBOSE] music_app.services.cover_refresh_provider: Apple raw search results query='Generated Problem Fixture Comfortably Numb Sidebar Fixture 02' artist='Generated Problem Fixture' album='Comfortably Numb Sidebar Fixture 02' year=2023 results=[]
2026-09-18 20:21:31,070 [VERBOSE] music_app.services.cover_refresh_provider: Apple search results query='Generated Problem Fixture Comfortably Numb Sidebar Fixture 02' count=0 top=[]
2026-09-18 20:21:31,070 [INFO] music_app.services.cover_refresh_provider: {"action": "Apple cover miss", "album": "Comfortably Numb Sidebar Fixture 02", "artist": "Generated Problem Fixture", "query_mode": "artist+album:native", "raw_result_count": 0, "raw_results_summary": [], "top_candidates": [], "year": 2023}
2026-09-18 20:21:31,326 [INFO] music_app: {"action": "Postgres album search request started", "query": "Rating Cleared Authority"}
2026-09-18 20:21:31,528 [VERBOSE] music_app.services.cover_provider_http: Cover HTTP success service=apple context=artist-id-search:Generated Problem Fixture status=200 url=http://127.0.0.1:5402/itunes/search?term=Generated+Problem+Fixture&entity=musicArtist&limit=10 bytes=33
2026-09-18 20:21:31,528 [INFO] music_app.services.cover_refresh_provider: {"action": "Apple artist lookup results", "album": "Comfortably Numb Sidebar Fixture 03", "artist": "Generated Problem Fixture", "query_artist": "Generated Problem Fixture", "result_count": 0, "top_results": []}
2026-09-18 20:21:31,530 [VERBOSE] music_app: Cover fetch processed artist='Generated Problem Fixture' album='Comfortably Numb Sidebar Fixture 03' folder='D:\\a\\_temp\\album-haven-e2e-functional-fixtures-metadata-mutations\\shared\\media\\Generated Problem Fixture\\Comfortably Numb Sidebar Fixture 03' downloaded=False has_cover=False
2026-09-18 20:21:31,530 [WARNING] music_app: {"action": "Cover art update failed", "album": "Comfortably Numb Sidebar Fixture 03", "artist": "Generated Problem Fixture", "elapsed_ms": 4109.04, "folder": "D:\\a\\_temp\\album-haven-e2e-functional-fixtures-metadata-mutations\\shared\\media\\Generated Problem Fixture\\Comfortably Numb Sidebar Fixture 03", "force_search": false, "reason": "remote_search_returned_no_candidate", "resolver_trace": [{"apple_http_trace": [{"context": "search:Generated Problem Fixture Comfortably Numb Sidebar Fixture 03 2023", "elapsed_ms": 1168.61, "status": "success:200"}, {"context": "artist-id-search:Generated Problem Fixture", "elapsed_ms": 1381.93, "status": "success:200"}, {"context": "search:Generated Problem Fixture Comfortably Numb Sidebar Fixture 03", "elapsed_ms": 799.59, "status": "success:200"}, {"context": "artist-id-search:Generated Problem Fixture", "elapsed_ms": 755.49, "status": "success:200"}], "elapsed_ms": 4108.04, "resolver": "_search_apple", "status": "no_candidate"}], "status": "missing_cover_art"}
2026-09-18 20:21:31,635 [VERBOSE] music_app.services.cover_provider_http: Cover HTTP success service=apple context=artist-id-search:Generated Problem Fixture status=200 url=http://127.0.0.1:5402/itunes/search?term=Generated+Problem+Fixture&entity=musicArtist&limit=10 bytes=33
2026-09-18 20:21:31,635 [INFO] music_app.services.cover_refresh_provider: {"action": "Apple artist lookup results", "album": "Comfortably Numb Sidebar Fixture 04", "artist": "Generated Problem Fixture", "query_artist": "Generated Problem Fixture", "result_count": 0, "top_results": []}
2026-09-18 20:21:31,644 [VERBOSE] music_app: Cover fetch processed artist='Generated Problem Fixture' album='Comfortably Numb Sidebar Fixture 04' folder='D:\\a\\_temp\\album-haven-e2e-functional-fixtures-metadata-mutations\\shared\\media\\Generated Problem Fixture\\Comfortably Numb Sidebar Fixture 04' downloaded=False has_cover=False
2026-09-18 20:21:31,644 [WARNING] music_app: {"action": "Cover art update failed", "album": "Comfortably Numb Sidebar Fixture 04", "artist": "Generated Problem Fixture", "elapsed_ms": 3976.88, "folder": "D:\\a\\_temp\\album-haven-e2e-functional-fixtures-metadata-mutations\\shared\\media\\Generated Problem Fixture\\Comfortably Numb Sidebar Fixture 04", "force_search": false, "reason": "remote_search_returned_no_candidate", "resolver_trace": [{"apple_http_trace": [{"context": "search:Generated Problem Fixture Comfortably Numb Sidebar Fixture 04 2023", "elapsed_ms": 1625.72, "status": "success:200"}, {"context": "artist-id-search:Generated Problem Fixture", "elapsed_ms": 687.83, "status": "success:200"}, {"context": "search:Generated Problem Fixture Comfortably Numb Sidebar Fixture 04", "elapsed_ms": 877.31, "status": "success:200"}, {"context": "artist-id-search:Generated Problem Fixture", "elapsed_ms": 782.32, "status": "success:200"}], "elapsed_ms": 3975.69, "resolver": "_search_apple", "status": "no_candidate"}], "status": "missing_cover_art"}
2026-09-18 20:21:31,768 [VERBOSE] music_app.services.cover_provider_http: Cover HTTP success service=apple context=search:Generated Problem Fixture Comfortably Numb Sidebar Fixture 05 2023 status=200 url=http://127.0.0.1:5402/itunes/search?term=Generated+Problem+Fixture+Comfortably+Numb+Sidebar+Fixture+05+2023&entity=album&limit=20 bytes=33
2026-09-18 20:21:31,768 [VERBOSE] music_app.services.cover_refresh_provider: Apple raw search results query='Generated Problem Fixture Comfortably Numb Sidebar Fixture 05 2023' artist='Generated Problem Fixture' album='Comfortably Numb Sidebar Fixture 05' year=2023 results=[]
2026-09-18 20:21:31,768 [VERBOSE] music_app.services.cover_refresh_provider: Apple search results query='Generated Problem Fixture Comfortably Numb Sidebar Fixture 05 2023' count=0 top=[]
2026-09-18 20:21:31,768 [INFO] music_app.services.cover_refresh_provider: {"action": "Apple cover miss", "album": "Comfortably Numb Sidebar Fixture 05", "artist": "Generated Problem Fixture", "query_mode": "artist+album+year:native", "raw_result_count": 0, "raw_results_summary": [], "top_candidates": [], "year": 2023}
2026-09-18 20:21:31,773 [VERBOSE] music_app.services.cover_provider_http: Cover HTTP success service=apple context=artist-id-search:Generated Problem Fixture status=200 url=http://127.0.0.1:5402/itunes/search?term=Generated+Problem+Fixture&entity=musicArtist&limit=10 bytes=33
2026-09-18 20:21:31,775 [INFO] music_app.services.cover_refresh_provider: {"action": "Apple artist lookup results", "album": "Comfortably Numb Sidebar Fixture 02", "artist": "Generated Problem Fixture", "query_artist": "Generated Problem Fixture", "result_count": 0, "top_results": []}
2026-09-18 20:21:31,801 [VERBOSE] music_app: Cover fetch processed artist='Generated Problem Fixture' album='Comfortably Numb Sidebar Fixture 02' folder='D:\\a\\_temp\\album-haven-e2e-functional-fixtures-metadata-mutations\\shared\\media\\Generated Problem Fixture\\Comfortably Numb Sidebar Fixture 02' downloaded=False has_cover=False
2026-09-18 20:21:31,802 [WARNING] music_app: {"action": "Cover art update failed", "album": "Comfortably Numb Sidebar Fixture 02", "artist": "Generated Problem Fixture", "elapsed_ms": 4420.8, "folder": "D:\\a\\_temp\\album-haven-e2e-functional-fixtures-metadata-mutations\\shared\\media\\Generated Problem Fixture\\Comfortably Numb Sidebar Fixture 02", "force_search": false, "reason": "remote_search_returned_no_candidate", "resolver_trace": [{"apple_http_trace": [{"context": "search:Generated Problem Fixture Comfortably Numb Sidebar Fixture 02 2023", "elapsed_ms": 2174.34, "status": "success:200"}, {"context": "artist-id-search:Generated Problem Fixture", "elapsed_ms": 657.24, "status": "success:200"}, {"context": "search:Generated Problem Fixture Comfortably Numb Sidebar Fixture 02", "elapsed_ms": 828.85, "status": "success:200"}, {"context": "artist-id-search:Generated Problem Fixture", "elapsed_ms": 704.57, "status": "success:200"}], "elapsed_ms": 4367.42, "resolver": "_search_apple", "status": "no_candidate"}], "status": "missing_cover_art"}
2026-09-18 20:21:31,899 [INFO] music_app: {"action": "View data request completed", "album_count": 1, "artist_count": 1, "elapsed_ms": 573.6, "query": "Rating Cleared Authority", "selected_artist": "Album Rating Contract"}
2026-09-18 20:21:32,285 [VERBOSE] music_app.services.cover_provider_http: Cover HTTP success service=apple context=search:Generated Problem Fixture Comfortably Numb Sidebar Fixture 06 2023 status=200 url=http://127.0.0.1:5402/itunes/search?term=Generated+Problem+Fixture+Comfortably+Numb+Sidebar+Fixture+06+2023&entity=album&limit=20 bytes=33
2026-09-18 20:21:32,285 [VERBOSE] music_app.services.cover_refresh_provider: Apple raw search results query='Generated Problem Fixture Comfortably Numb Sidebar Fixture 06 2023' artist='Generated Problem Fixture' album='Comfortably Numb Sidebar Fixture 06' year=2023 results=[]
2026-09-18 20:21:32,285 [VERBOSE] music_app.services.cover_refresh_provider: Apple search results query='Generated Problem Fixture Comfortably Numb Sidebar Fixture 06 2023' count=0 top=[]
2026-09-18 20:21:32,285 [INFO] music_app.services.cover_refresh_provider: {"action": "Apple cover miss", "album": "Comfortably Numb Sidebar Fixture 06", "artist": "Generated Problem Fixture", "query_mode": "artist+album+year:native", "raw_result_count": 0, "raw_results_summary": [], "top_candidates": [], "year": 2023}
2026-09-18 20:21:32,287 [VERBOSE] music_app.services.cover_provider_http: Cover HTTP success service=apple context=search:Generated Problem Fixture Comfortably Numb Sidebar Fixture 07 2023 status=200 url=http://127.0.0.1:5402/itunes/search?term=Generated+Problem+Fixture+Comfortably+Numb+Sidebar+Fixture+07+2023&entity=album&limit=20 bytes=33
2026-09-18 20:21:32,287 [VERBOSE] music_app.services.cover_refresh_provider: Apple raw search results query='Generated Problem Fixture Comfortably Numb Sidebar Fixture 07 2023' artist='Generated Problem Fixture' album='Comfortably Numb Sidebar Fixture 07' year=2023 results=[]
2026-09-18 20:21:32,287 [VERBOSE] music_app.services.cover_refresh_provider: Apple search results query='Generated Problem Fixture Comfortably Numb Sidebar Fixture 07 2023' count=0 top=[]
2026-09-18 20:21:32,287 [INFO] music_app.services.cover_refresh_provider: {"action": "Apple cover miss", "album": "Comfortably Numb Sidebar Fixture 07", "artist": "Generated Problem Fixture", "query_mode": "artist+album+year:native", "raw_result_count": 0, "raw_results_summary": [], "top_candidates": [], "year": 2023}
2026-09-18 20:21:32,469 [VERBOSE] music_app.services.cover_provider_http: Cover HTTP success service=apple context=artist-id-search:Generated Problem Fixture status=200 url=http://127.0.0.1:5402/itunes/search?term=Generated+Problem+Fixture&entity=musicArtist&limit=10 bytes=33
2026-09-18 20:21:32,469 [INFO] music_app.services.cover_refresh_provider: {"action": "Apple artist lookup results", "album": "Comfortably Numb Sidebar Fixture 05", "artist": "Generated Problem Fixture", "query_artist": "Generated Problem Fixture", "result_count": 0, "top_results": []}
2026-09-18 20:21:32,559 [VERBOSE] music_app.services.cover_provider_http: Cover HTTP success service=apple context=search:Generated Problem Fixture Comfortably Numb Sidebar Fixture 08 2023 status=200 url=http://127.0.0.1:5402/itunes/search?term=Generated+Problem+Fixture+Comfortably+Numb+Sidebar+Fixture+08+2023&entity=album&limit=20 bytes=33
2026-09-18 20:21:32,560 [VERBOSE] music_app.services.cover_refresh_provider: Apple raw search results query='Generated Problem Fixture Comfortably Numb Sidebar Fixture 08 2023' artist='Generated Problem Fixture' album='Comfortably Numb Sidebar Fixture 08' year=2023 results=[]
2026-09-18 20:21:32,560 [VERBOSE] music_app.services.cover_refresh_provider: Apple search results query='Generated Problem Fixture Comfortably Numb Sidebar Fixture 08 2023' count=0 top=[]
  [PASS] Keep numeric and cleared authorities unchanged after the regular scan (3285 ms)
2026-09-18 20:21:32,560 [INFO] music_app.services.cover_refresh_provider: {"action": "Apple cover miss", "album": "Comfortably Numb Sidebar Fixture 08", "artist": "Generated Problem Fixture", "query_mode": "artist+album+year:native", "raw_result_count": 0, "raw_results_summary": [], "top_candidates": [], "year": 2023}
  ok 1 [functional] › tests\e2e\specs\albumRatings.spec.js:30:1 › FTC-ALBUM-TASTE-013 keeps app ratings authoritative while import and scan seed missing ratings @area:album-details (19.6s)
[album-haven-playwright-result] {"version":1,"phase":"tests-complete","nonce":"c9cad4ea738a26e1f132566708b1e586b419f0b14572318d8c2475db7d937250","status":"passed","total":1,"completed":1,"failed":0,"skipped":0,"errors":0}

2026-09-18 20:21:32,792 [VERBOSE] music_app.services.cover_provider_http: Cover HTTP success service=apple context=artist-id-search:Generated Problem Fixture status=200 url=http://127.0.0.1:5402/itunes/search?term=Generated+Problem+Fixture&entity=musicArtist&limit=10 bytes=33
2026-09-18 20:21:32,792 [INFO] music_app.services.cover_refresh_provider: {"action": "Apple artist lookup results", "album": "Comfortably Numb Sidebar Fixture 06", "artist": "Generated Problem Fixture", "query_artist": "Generated Problem Fixture", "result_count": 0, "top_results": []}
2026-09-18 20:21:32,794 [VERBOSE] music_app.services.cover_provider_http: Cover HTTP success service=apple context=artist-id-search:Generated Problem Fixture status=200 url=http://127.0.0.1:5402/itunes/search?term=Generated+Problem+Fixture&entity=musicArtist&limit=10 bytes=33
2026-09-18 20:21:32,794 [INFO] music_app.services.cover_refresh_provider: {"action": "Apple artist lookup results", "album": "Comfortably Numb Sidebar Fixture 07", "artist": "Generated Problem Fixture", "query_artist": "Generated Problem Fixture", "result_count": 0, "top_results": []}
2026-09-18 20:21:32,893 [VERBOSE] music_app.services.cover_provider_http: Cover HTTP success service=apple context=search:Generated Problem Fixture Comfortably Numb Sidebar Fixture 05 status=200 url=http://127.0.0.1:5402/itunes/search?term=Generated+Problem+Fixture+Comfortably+Numb+Sidebar+Fixture+05&entity=album&limit=20 bytes=33
2026-09-18 20:21:32,893 [VERBOSE] music_app.services.cover_refresh_provider: Apple raw search results query='Generated Problem Fixture Comfortably Numb Sidebar Fixture 05' artist='Generated Problem Fixture' album='Comfortably Numb Sidebar Fixture 05' year=2023 results=[]
2026-09-18 20:21:32,893 [VERBOSE] music_app.services.cover_refresh_provider: Apple search results query='Generated Problem Fixture Comfortably Numb Sidebar Fixture 05' count=0 top=[]
2026-09-18 20:21:32,893 [INFO] music_app.services.cover_refresh_provider: {"action": "Apple cover miss", "album": "Comfortably Numb Sidebar Fixture 05", "artist": "Generated Problem Fixture", "query_mode": "artist+album:native", "raw_result_count": 0, "raw_results_summary": [], "top_candidates": [], "year": 2023}
2026-09-18 20:21:33,024 [VERBOSE] music_app.services.cover_provider_http: Cover HTTP success service=apple context=artist-id-search:Generated Problem Fixture status=200 url=http://127.0.0.1:5402/itunes/search?term=Generated+Problem+Fixture&entity=musicArtist&limit=10 bytes=33
2026-09-18 20:21:33,024 [INFO] music_app.services.cover_refresh_provider: {"action": "Apple artist lookup results", "album": "Comfortably Numb Sidebar Fixture 08", "artist": "Generated Problem Fixture", "query_artist": "Generated Problem Fixture", "result_count": 0, "top_results": []}
2026-09-18 20:21:33,221 [VERBOSE] music_app.services.cover_provider_http: Cover HTTP success service=apple context=search:Generated Problem Fixture Comfortably Numb Sidebar Fixture 07 status=200 url=http://127.0.0.1:5402/itunes/search?term=Generated+Problem+Fixture+Comfortably+Numb+Sidebar+Fixture+07&entity=album&limit=20 bytes=33
2026-09-18 20:21:33,221 [VERBOSE] music_app.services.cover_refresh_provider: Apple raw search results query='Generated Problem Fixture Comfortably Numb Sidebar Fixture 07' artist='Generated Problem Fixture' album='Comfortably Numb Sidebar Fixture 07' year=2023 results=[]
2026-09-18 20:21:33,221 [VERBOSE] music_app.services.cover_refresh_provider: Apple search results query='Generated Problem Fixture Comfortably Numb Sidebar Fixture 07' count=0 top=[]
2026-09-18 20:21:33,221 [INFO] music_app.services.cover_refresh_provider: {"action": "Apple cover miss", "album": "Comfortably Numb Sidebar Fixture 07", "artist": "Generated Problem Fixture", "query_mode": "artist+album:native", "raw_result_count": 0, "raw_results_summary": [], "top_candidates": [], "year": 2023}
2026-09-18 20:21:33,247 [VERBOSE] music_app.services.cover_provider_http: Cover HTTP success service=apple context=search:Generated Problem Fixture Comfortably Numb Sidebar Fixture 06 status=200 url=http://127.0.0.1:5402/itunes/search?term=Generated+Problem+Fixture+Comfortably+Numb+Sidebar+Fixture+06&entity=album&limit=20 bytes=33
2026-09-18 20:21:33,248 [VERBOSE] music_app.services.cover_refresh_provider: Apple raw search results query='Generated Problem Fixture Comfortably Numb Sidebar Fixture 06' artist='Generated Problem Fixture' album='Comfortably Numb Sidebar Fixture 06' year=2023 results=[]
2026-09-18 20:21:33,248 [VERBOSE] music_app.services.cover_refresh_provider: Apple search results query='Generated Problem Fixture Comfortably Numb Sidebar Fixture 06' count=0 top=[]
2026-09-18 20:21:33,248 [INFO] music_app.services.cover_refresh_provider: {"action": "Apple cover miss", "album": "Comfortably Numb Sidebar Fixture 06", "artist": "Generated Problem Fixture", "query_mode": "artist+album:native", "raw_result_count": 0, "raw_results_summary": [], "top_candidates": [], "year": 2023}
2026-09-18 20:21:33,363 [VERBOSE] music_app.services.cover_provider_http: Cover HTTP success service=apple context=artist-id-search:Generated Problem Fixture status=200 url=http://127.0.0.1:5402/itunes/search?term=Generated+Problem+Fixture&entity=musicArtist&limit=10 bytes=33
2026-09-18 20:21:33,363 [INFO] music_app.services.cover_refresh_provider: {"action": "Apple artist lookup results", "album": "Comfortably Numb Sidebar Fixture 05", "artist": "Generated Problem Fixture", "query_artist": "Generated Problem Fixture", "result_count": 0, "top_results": []}
2026-09-18 20:21:33,363 [VERBOSE] music_app: Cover fetch processed artist='Generated Problem Fixture' album='Comfortably Numb Sidebar Fixture 05' folder='D:\\a\\_temp\\album-haven-e2e-functional-fixtures-metadata-mutations\\shared\\media\\Generated Problem Fixture\\Comfortably Numb Sidebar Fixture 05' downloaded=False has_cover=False
2026-09-18 20:21:33,363 [WARNING] music_app: {"action": "Cover art update failed", "album": "Comfortably Numb Sidebar Fixture 05", "artist": "Generated Problem Fixture", "elapsed_ms": 2369.1, "folder": "D:\\a\\_temp\\album-haven-e2e-functional-fixtures-metadata-mutations\\shared\\media\\Generated Problem Fixture\\Comfortably Numb Sidebar Fixture 05", "force_search": false, "reason": "remote_search_returned_no_candidate", "resolver_trace": [{"apple_http_trace": [{"context": "search:Generated Problem Fixture Comfortably Numb Sidebar Fixture 05 2023", "elapsed_ms": 770.44, "status": "success:200"}, {"context": "artist-id-search:Generated Problem Fixture", "elapsed_ms": 700.74, "status": "success:200"}, {"context": "search:Generated Problem Fixture Comfortably Numb Sidebar Fixture 05", "elapsed_ms": 422.52, "status": "success:200"}, {"context": "artist-id-search:Generated Problem Fixture", "elapsed_ms": 469.99, "status": "success:200"}], "elapsed_ms": 2365.7, "resolver": "_search_apple", "status": "no_candidate"}], "status": "missing_cover_art"}
2026-09-18 20:21:33,465 [VERBOSE] music_app.services.cover_provider_http: Cover HTTP success service=apple context=search:Generated Problem Fixture Comfortably Numb Sidebar Fixture 08 status=200 url=http://127.0.0.1:5402/itunes/search?term=Generated+Problem+Fixture+Comfortably+Numb+Sidebar+Fixture+08&entity=album&limit=20 bytes=33
2026-09-18 20:21:33,465 [VERBOSE] music_app.services.cover_refresh_provider: Apple raw search results query='Generated Problem Fixture Comfortably Numb Sidebar Fixture 08' artist='Generated Problem Fixture' album='Comfortably Numb Sidebar Fixture 08' year=2023 results=[]
2026-09-18 20:21:33,465 [VERBOSE] music_app.services.cover_refresh_provider: Apple search results query='Generated Problem Fixture Comfortably Numb Sidebar Fixture 08' count=0 top=[]
2026-09-18 20:21:33,465 [INFO] music_app.services.cover_refresh_provider: {"action": "Apple cover miss", "album": "Comfortably Numb Sidebar Fixture 08", "artist": "Generated Problem Fixture", "query_mode": "artist+album:native", "raw_result_count": 0, "raw_results_summary": [], "top_candidates": [], "year": 2023}
2026-09-18 20:21:33,624 [VERBOSE] music_app.services.cover_provider_http: Cover HTTP success service=apple context=artist-id-search:Generated Problem Fixture status=200 url=http://127.0.0.1:5402/itunes/search?term=Generated+Problem+Fixture&entity=musicArtist&limit=10 bytes=33
2026-09-18 20:21:33,624 [INFO] music_app.services.cover_refresh_provider: {"action": "Apple artist lookup results", "album": "Comfortably Numb Sidebar Fixture 07", "artist": "Generated Problem Fixture", "query_artist": "Generated Problem Fixture", "result_count": 0, "top_results": []}
2026-09-18 20:21:33,625 [VERBOSE] music_app: Cover fetch processed artist='Generated Problem Fixture' album='Comfortably Numb Sidebar Fixture 07' folder='D:\\a\\_temp\\album-haven-e2e-functional-fixtures-metadata-mutations\\shared\\media\\Generated Problem Fixture\\Comfortably Numb Sidebar Fixture 07' downloaded=False has_cover=False
2026-09-18 20:21:33,625 [WARNING] music_app: {"action": "Cover art update failed", "album": "Comfortably Numb Sidebar Fixture 07", "artist": "Generated Problem Fixture", "elapsed_ms": 1988.45, "folder": "D:\\a\\_temp\\album-haven-e2e-functional-fixtures-metadata-mutations\\shared\\media\\Generated Problem Fixture\\Comfortably Numb Sidebar Fixture 07", "force_search": false, "reason": "remote_search_returned_no_candidate", "resolver_trace": [{"apple_http_trace": [{"context": "search:Generated Problem Fixture Comfortably Numb Sidebar Fixture 07 2023", "elapsed_ms": 649.38, "status": "success:200"}, {"context": "artist-id-search:Generated Problem Fixture", "elapsed_ms": 506.99, "status": "success:200"}, {"context": "search:Generated Problem Fixture Comfortably Numb Sidebar Fixture 07", "elapsed_ms": 425.31, "status": "success:200"}, {"context": "artist-id-search:Generated Problem Fixture", "elapsed_ms": 403.07, "status": "success:200"}], "elapsed_ms": 1986.69, "resolver": "_search_apple", "status": "no_candidate"}], "status": "missing_cover_art"}
2026-09-18 20:21:33,713 [VERBOSE] music_app.services.cover_provider_http: Cover HTTP success service=apple context=artist-id-search:Generated Problem Fixture status=200 url=http://127.0.0.1:5402/itunes/search?term=Generated+Problem+Fixture&entity=musicArtist&limit=10 bytes=33
2026-09-18 20:21:33,714 [INFO] music_app.services.cover_refresh_provider: {"action": "Apple artist lookup results", "album": "Comfortably Numb Sidebar Fixture 06", "artist": "Generated Problem Fixture", "query_artist": "Generated Problem Fixture", "result_count": 0, "top_results": []}
2026-09-18 20:21:33,714 [VERBOSE] music_app: Cover fetch processed artist='Generated Problem Fixture' album='Comfortably Numb Sidebar Fixture 06' folder='D:\\a\\_temp\\album-haven-e2e-functional-fixtures-metadata-mutations\\shared\\media\\Generated Problem Fixture\\Comfortably Numb Sidebar Fixture 06' downloaded=False has_cover=False
2026-09-18 20:21:33,714 [WARNING] music_app: {"action": "Cover art update failed", "album": "Comfortably Numb Sidebar Fixture 06", "artist": "Generated Problem Fixture", "elapsed_ms": 2184.22, "folder": "D:\\a\\_temp\\album-haven-e2e-functional-fixtures-metadata-mutations\\shared\\media\\Generated Problem Fixture\\Comfortably Numb Sidebar Fixture 06", "force_search": false, "reason": "remote_search_returned_no_candidate", "resolver_trace": [{"apple_http_trace": [{"context": "search:Generated Problem Fixture Comfortably Numb Sidebar Fixture 06 2023", "elapsed_ms": 753.35, "status": "success:200"}, {"context": "artist-id-search:Generated Problem Fixture", "elapsed_ms": 505.66, "status": "success:200"}, {"context": "search:Generated Problem Fixture Comfortably Numb Sidebar Fixture 06", "elapsed_ms": 455.05, "status": "success:200"}, {"context": "artist-id-search:Generated Problem Fixture", "elapsed_ms": 465.17, "status": "success:200"}], "elapsed_ms": 2182.49, "resolver": "_search_apple", "status": "no_candidate"}], "status": "missing_cover_art"}
2026-09-18 20:21:33,832 [VERBOSE] music_app.services.cover_provider_http: Cover HTTP success service=apple context=search:Generated Problem Fixture Encoding And Missing Metadata status=200 url=http://127.0.0.1:5402/itunes/search?term=Generated+Problem+Fixture+Encoding+And+Missing+Metadata&entity=album&limit=20 bytes=33
2026-09-18 20:21:33,832 [VERBOSE] music_app.services.cover_refresh_provider: Apple raw search results query='Generated Problem Fixture Encoding And Missing Metadata' artist='Generated Problem Fixture' album='Encoding And Missing Metadata' year=None results=[]
2026-09-18 20:21:33,832 [VERBOSE] music_app.services.cover_refresh_provider: Apple search results query='Generated Problem Fixture Encoding And Missing Metadata' count=0 top=[]
2026-09-18 20:21:33,832 [INFO] music_app.services.cover_refresh_provider: {"action": "Apple cover miss", "album": "Encoding And Missing Metadata", "artist": "Generated Problem Fixture", "query_mode": "artist+album:native", "raw_result_count": 0, "raw_results_summary": [], "top_candidates": [], "year": ""}
2026-09-18 20:21:33,856 [VERBOSE] music_app.services.cover_provider_http: Cover HTTP success service=apple context=artist-id-search:Generated Problem Fixture status=200 url=http://127.0.0.1:5402/itunes/search?term=Generated+Problem+Fixture&entity=musicArtist&limit=10 bytes=33
2026-09-18 20:21:33,857 [INFO] music_app.services.cover_refresh_provider: {"action": "Apple artist lookup results", "album": "Comfortably Numb Sidebar Fixture 08", "artist": "Generated Problem Fixture", "query_artist": "Generated Problem Fixture", "result_count": 0, "top_results": []}
2026-09-18 20:21:33,858 [VERBOSE] music_app: Cover fetch processed artist='Generated Problem Fixture' album='Comfortably Numb Sidebar Fixture 08' folder='D:\\a\\_temp\\album-haven-e2e-functional-fixtures-metadata-mutations\\shared\\media\\Generated Problem Fixture\\Comfortably Numb Sidebar Fixture 08' downloaded=False has_cover=False
2026-09-18 20:21:33,859 [WARNING] music_app: {"action": "Cover art update failed", "album": "Comfortably Numb Sidebar Fixture 08", "artist": "Generated Problem Fixture", "elapsed_ms": 2081.97, "folder": "D:\\a\\_temp\\album-haven-e2e-functional-fixtures-metadata-mutations\\shared\\media\\Generated Problem Fixture\\Comfortably Numb Sidebar Fixture 08", "force_search": false, "reason": "remote_search_returned_no_candidate", "resolver_trace": [{"apple_http_trace": [{"context": "search:Generated Problem Fixture Comfortably Numb Sidebar Fixture 08 2023", "elapsed_ms": 783.94, "status": "success:200"}, {"context": "artist-id-search:Generated Problem Fixture", "elapsed_ms": 463.69, "status": "success:200"}, {"context": "search:Generated Problem Fixture Comfortably Numb Sidebar Fixture 08", "elapsed_ms": 440.4, "status": "success:200"}, {"context": "artist-id-search:Generated Problem Fixture", "elapsed_ms": 391.03, "status": "success:200"}], "elapsed_ms": 2080.87, "resolver": "_search_apple", "status": "no_candidate"}], "status": "missing_cover_art"}
2026-09-18 20:21:34,017 [VERBOSE] music_app.services.cover_provider_http: Cover HTTP success service=apple context=search:Mastodon Crack The Skye Fixture 07 2009 status=200 url=http://127.0.0.1:5402/itunes/search?term=Mastodon+Crack+The+Skye+Fixture+07+2009&entity=album&limit=20 bytes=33
2026-09-18 20:21:34,017 [VERBOSE] music_app.services.cover_refresh_provider: Apple raw search results query='Mastodon Crack The Skye Fixture 07 2009' artist='Mastodon' album='Crack The Skye Fixture 07' year=2009 results=[]
2026-09-18 20:21:34,017 [VERBOSE] music_app.services.cover_refresh_provider: Apple search results query='Mastodon Crack The Skye Fixture 07 2009' count=0 top=[]
2026-09-18 20:21:34,017 [INFO] music_app.services.cover_refresh_provider: {"action": "Apple cover miss", "album": "Crack The Skye Fixture 07", "artist": "Mastodon", "query_mode": "artist+album+year:native", "raw_result_count": 0, "raw_results_summary": [], "top_candidates": [], "year": 2009}
2026-09-18 20:21:34,145 [VERBOSE] music_app.services.cover_provider_http: Cover HTTP success service=apple context=search:Mastodon Crack The Skye Fixture 08 2009 status=200 url=http://127.0.0.1:5402/itunes/search?term=Mastodon+Crack+The+Skye+Fixture+08+2009&entity=album&limit=20 bytes=33
2026-09-18 20:21:34,145 [VERBOSE] music_app.services.cover_refresh_provider: Apple raw search results query='Mastodon Crack The Skye Fixture 08 2009' artist='Mastodon' album='Crack The Skye Fixture 08' year=2009 results=[]
2026-09-18 20:21:34,145 [VERBOSE] music_app.services.cover_refresh_provider: Apple search results query='Mastodon Crack The Skye Fixture 08 2009' count=0 top=[]
2026-09-18 20:21:34,145 [INFO] music_app.services.cover_refresh_provider: {"action": "Apple cover miss", "album": "Crack The Skye Fixture 08", "artist": "Mastodon", "query_mode": "artist+album+year:native", "raw_result_count": 0, "raw_results_summary": [], "top_candidates": [], "year": 2009}
2026-09-18 20:21:34,236 [VERBOSE] music_app.services.cover_provider_http: Cover HTTP success service=apple context=artist-id-search:Generated Problem Fixture status=200 url=http://127.0.0.1:5402/itunes/search?term=Generated+Problem+Fixture&entity=musicArtist&limit=10 bytes=33
2026-09-18 20:21:34,236 [INFO] music_app.services.cover_refresh_provider: {"action": "Apple artist lookup results", "album": "Encoding And Missing Metadata", "artist": "Generated Problem Fixture", "query_artist": "Generated Problem Fixture", "result_count": 0, "top_results": []}
2026-09-18 20:21:34,238 [VERBOSE] music_app: Cover fetch processed artist='Generated Problem Fixture' album='Encoding And Missing Metadata' folder='D:\\a\\_temp\\album-haven-e2e-functional-fixtures-metadata-mutations\\shared\\media\\Generated Problem Fixture\\Encoding And Missing Metadata' downloaded=False has_cover=False
2026-09-18 20:21:34,238 [WARNING] music_app: {"action": "Cover art update failed", "album": "Encoding And Missing Metadata", "artist": "Generated Problem Fixture", "elapsed_ms": 872.66, "folder": "D:\\a\\_temp\\album-haven-e2e-functional-fixtures-metadata-mutations\\shared\\media\\Generated Problem Fixture\\Encoding And Missing Metadata", "force_search": false, "reason": "remote_search_returned_no_candidate", "resolver_trace": [{"apple_http_trace": [{"context": "search:Generated Problem Fixture Encoding And Missing Metadata", "elapsed_ms": 467.33, "status": "success:200"}, {"context": "artist-id-search:Generated Problem Fixture", "elapsed_ms": 402.19, "status": "success:200"}], "elapsed_ms": 870.42, "resolver": "_search_apple", "status": "no_candidate"}], "status": "missing_cover_art"}
2026-09-18 20:21:34,300 [VERBOSE] music_app.services.cover_provider_http: Cover HTTP success service=apple context=search:Mastodon Crack The Skye Fixture 09 2009 status=200 url=http://127.0.0.1:5402/itunes/search?term=Mastodon+Crack+The+Skye+Fixture+09+2009&entity=album&limit=20 bytes=33
2026-09-18 20:21:34,300 [VERBOSE] music_app.services.cover_refresh_provider: Apple raw search results query='Mastodon Crack The Skye Fixture 09 2009' artist='Mastodon' album='Crack The Skye Fixture 09' year=2009 results=[]
2026-09-18 20:21:34,300 [VERBOSE] music_app.services.cover_refresh_provider: Apple search results query='Mastodon Crack The Skye Fixture 09 2009' count=0 top=[]
2026-09-18 20:21:34,300 [INFO] music_app.services.cover_refresh_provider: {"action": "Apple cover miss", "album": "Crack The Skye Fixture 09", "artist": "Mastodon", "query_mode": "artist+album+year:native", "raw_result_count": 0, "raw_results_summary": [], "top_candidates": [], "year": 2009}
2026-09-18 20:21:34,405 [VERBOSE] music_app.services.cover_provider_http: Cover HTTP success service=apple context=artist-id-search:Mastodon status=200 url=http://127.0.0.1:5402/itunes/search?term=Mastodon&entity=musicArtist&limit=10 bytes=33
2026-09-18 20:21:34,405 [INFO] music_app.services.cover_refresh_provider: {"action": "Apple artist lookup results", "album": "Crack The Skye Fixture 07", "artist": "Mastodon", "query_artist": "Mastodon", "result_count": 0, "top_results": []}
2026-09-18 20:21:34,533 [VERBOSE] music_app.services.cover_provider_http: Cover HTTP success service=apple context=artist-id-search:Mastodon status=200 url=http://127.0.0.1:5402/itunes/search?term=Mastodon&entity=musicArtist&limit=10 bytes=33
2026-09-18 20:21:34,533 [INFO] music_app.services.cover_refresh_provider: {"action": "Apple artist lookup results", "album": "Crack The Skye Fixture 08", "artist": "Mastodon", "query_artist": "Mastodon", "result_count": 0, "top_results": []}
2026-09-18 20:21:34,664 [VERBOSE] music_app.services.cover_provider_http: Cover HTTP success service=apple context=search:Mastodon Crack The Skye Fixture 10 2009 status=200 url=http://127.0.0.1:5402/itunes/search?term=Mastodon+Crack+The+Skye+Fixture+10+2009&entity=album&limit=20 bytes=33
2026-09-18 20:21:34,664 [VERBOSE] music_app.services.cover_refresh_provider: Apple raw search results query='Mastodon Crack The Skye Fixture 10 2009' artist='Mastodon' album='Crack The Skye Fixture 10' year=2009 results=[]
2026-09-18 20:21:34,664 [VERBOSE] music_app.services.cover_refresh_provider: Apple search results query='Mastodon Crack The Skye Fixture 10 2009' count=0 top=[]
2026-09-18 20:21:34,664 [INFO] music_app.services.cover_refresh_provider: {"action": "Apple cover miss", "album": "Crack The Skye Fixture 10", "artist": "Mastodon", "query_mode": "artist+album+year:native", "raw_result_count": 0, "raw_results_summary": [], "top_candidates": [], "year": 2009}
2026-09-18 20:21:34,691 [VERBOSE] music_app.services.cover_provider_http: Cover HTTP success service=apple context=artist-id-search:Mastodon status=200 url=http://127.0.0.1:5402/itunes/search?term=Mastodon&entity=musicArtist&limit=10 bytes=33
2026-09-18 20:21:34,691 [INFO] music_app.services.cover_refresh_provider: {"action": "Apple artist lookup results", "album": "Crack The Skye Fixture 09", "artist": "Mastodon", "query_artist": "Mastodon", "result_count": 0, "top_results": []}
2026-09-18 20:21:34,821 [VERBOSE] music_app.services.cover_provider_http: Cover HTTP success service=apple context=search:Mastodon Crack The Skye Fixture 07 status=200 url=http://127.0.0.1:5402/itunes/search?term=Mastodon+Crack+The+Skye+Fixture+07&entity=album&limit=20 bytes=33
2026-09-18 20:21:34,821 [VERBOSE] music_app.services.cover_refresh_provider: Apple raw search results query='Mastodon Crack The Skye Fixture 07' artist='Mastodon' album='Crack The Skye Fixture 07' year=2009 results=[]
2026-09-18 20:21:34,821 [VERBOSE] music_app.services.cover_refresh_provider: Apple search results query='Mastodon Crack The Skye Fixture 07' count=0 top=[]
2026-09-18 20:21:34,821 [INFO] music_app.services.cover_refresh_provider: {"action": "Apple cover miss", "album": "Crack The Skye Fixture 07", "artist": "Mastodon", "query_mode": "artist+album:native", "raw_result_count": 0, "raw_results_summary": [], "top_candidates": [], "year": 2009}
2026-09-18 20:21:34,914 [VERBOSE] music_app.services.cover_provider_http: Cover HTTP success service=apple context=search:Mastodon Crack The Skye Fixture 08 status=200 url=http://127.0.0.1:5402/itunes/search?term=Mastodon+Crack+The+Skye+Fixture+08&entity=album&limit=20 bytes=33
2026-09-18 20:21:34,914 [VERBOSE] music_app.services.cover_refresh_provider: Apple raw search results query='Mastodon Crack The Skye Fixture 08' artist='Mastodon' album='Crack The Skye Fixture 08' year=2009 results=[]
2026-09-18 20:21:34,914 [VERBOSE] music_app.services.cover_refresh_provider: Apple search results query='Mastodon Crack The Skye Fixture 08' count=0 top=[]
2026-09-18 20:21:34,914 [INFO] music_app.services.cover_refresh_provider: {"action": "Apple cover miss", "album": "Crack The Skye Fixture 08", "artist": "Mastodon", "query_mode": "artist+album:native", "raw_result_count": 0, "raw_results_summary": [], "top_candidates": [], "year": 2009}
2026-09-18 20:21:35,063 [VERBOSE] music_app.services.cover_provider_http: Cover HTTP success service=apple context=artist-id-search:Mastodon status=200 url=http://127.0.0.1:5402/itunes/search?term=Mastodon&entity=musicArtist&limit=10 bytes=33
2026-09-18 20:21:35,063 [INFO] music_app.services.cover_refresh_provider: {"action": "Apple artist lookup results", "album": "Crack The Skye Fixture 10", "artist": "Mastodon", "query_artist": "Mastodon", "result_count": 0, "top_results": []}
2026-09-18 20:21:35,089 [VERBOSE] music_app.services.cover_provider_http: Cover HTTP success service=apple context=search:Mastodon Crack The Skye Fixture 09 status=200 url=http://127.0.0.1:5402/itunes/search?term=Mastodon+Crack+The+Skye+Fixture+09&entity=album&limit=20 bytes=33
2026-09-18 20:21:35,089 [VERBOSE] music_app.services.cover_refresh_provider: Apple raw search results query='Mastodon Crack The Skye Fixture 09' artist='Mastodon' album='Crack The Skye Fixture 09' year=2009 results=[]
2026-09-18 20:21:35,089 [VERBOSE] music_app.services.cover_refresh_provider: Apple search results query='Mastodon Crack The Skye Fixture 09' count=0 top=[]
2026-09-18 20:21:35,089 [INFO] music_app.services.cover_refresh_provider: {"action": "Apple cover miss", "album": "Crack The Skye Fixture 09", "artist": "Mastodon", "query_mode": "artist+album:native", "raw_result_count": 0, "raw_results_summary": [], "top_candidates": [], "year": 2009}
2026-09-18 20:21:35,228 [VERBOSE] music_app.services.cover_provider_http: Cover HTTP success service=apple context=artist-id-search:Mastodon status=200 url=http://127.0.0.1:5402/itunes/search?term=Mastodon&entity=musicArtist&limit=10 bytes=33
2026-09-18 20:21:35,228 [INFO] music_app.services.cover_refresh_provider: {"action": "Apple artist lookup results", "album": "Crack The Skye Fixture 07", "artist": "Mastodon", "query_artist": "Mastodon", "result_count": 0, "top_results": []}
2026-09-18 20:21:35,230 [VERBOSE] music_app: Cover fetch processed artist='Mastodon' album='Crack The Skye Fixture 07' folder='D:\\a\\_temp\\album-haven-e2e-functional-fixtures-metadata-mutations\\shared\\media\\Mastodon\\Crack The Skye Fixture 07' downloaded=False has_cover=False
2026-09-18 20:21:35,230 [WARNING] music_app: {"action": "Cover art update failed", "album": "Crack The Skye Fixture 07", "artist": "Mastodon", "elapsed_ms": 1604.11, "folder": "D:\\a\\_temp\\album-haven-e2e-functional-fixtures-metadata-mutations\\shared\\media\\Mastodon\\Crack The Skye Fixture 07", "force_search": false, "reason": "remote_search_returned_no_candidate", "resolver_trace": [{"apple_http_trace": [{"context": "search:Mastodon Crack The Skye Fixture 07 2009", "elapsed_ms": 391.12, "status": "success:200"}, {"context": "artist-id-search:Mastodon", "elapsed_ms": 388.65, "status": "success:200"}, {"context": "search:Mastodon Crack The Skye Fixture 07", "elapsed_ms": 415.69, "status": "success:200"}, {"context": "artist-id-search:Mastodon", "elapsed_ms": 405.45, "status": "success:200"}], "elapsed_ms": 1602.88, "resolver": "_search_apple", "status": "no_candidate"}], "status": "missing_cover_art"}
2026-09-18 20:21:35,329 [VERBOSE] music_app.services.cover_provider_http: Cover HTTP success service=apple context=artist-id-search:Mastodon status=200 url=http://127.0.0.1:5402/itunes/search?term=Mastodon&entity=musicArtist&limit=10 bytes=33
2026-09-18 20:21:35,329 [INFO] music_app.services.cover_refresh_provider: {"action": "Apple artist lookup results", "album": "Crack The Skye Fixture 08", "artist": "Mastodon", "query_artist": "Mastodon", "result_count": 0, "top_results": []}
2026-09-18 20:21:35,331 [VERBOSE] music_app: Cover fetch processed artist='Mastodon' album='Crack The Skye Fixture 08' folder='D:\\a\\_temp\\album-haven-e2e-functional-fixtures-metadata-mutations\\shared\\media\\Mastodon\\Crack The Skye Fixture 08' downloaded=False has_cover=False
2026-09-18 20:21:35,331 [WARNING] music_app: {"action": "Cover art update failed", "album": "Crack The Skye Fixture 08", "artist": "Mastodon", "elapsed_ms": 1616.1, "folder": "D:\\a\\_temp\\album-haven-e2e-functional-fixtures-metadata-mutations\\shared\\media\\Mastodon\\Crack The Skye Fixture 08", "force_search": false, "reason": "remote_search_returned_no_candidate", "resolver_trace": [{"apple_http_trace": [{"context": "search:Mastodon Crack The Skye Fixture 08 2009", "elapsed_ms": 430.2, "status": "success:200"}, {"context": "artist-id-search:Mastodon", "elapsed_ms": 386.9, "status": "success:200"}, {"context": "search:Mastodon Crack The Skye Fixture 08", "elapsed_ms": 380.39, "status": "success:200"}, {"context": "artist-id-search:Mastodon", "elapsed_ms": 414.93, "status": "success:200"}], "elapsed_ms": 1614.62, "resolver": "_search_apple", "status": "no_candidate"}], "status": "missing_cover_art"}
2026-09-18 20:21:35,511 [VERBOSE] music_app.services.cover_provider_http: Cover HTTP success service=apple context=artist-id-search:Mastodon status=200 url=http://127.0.0.1:5402/itunes/search?term=Mastodon&entity=musicArtist&limit=10 bytes=33
2026-09-18 20:21:35,513 [INFO] music_app.services.cover_refresh_provider: {"action": "Apple artist lookup results", "album": "Crack The Skye Fixture 09", "artist": "Mastodon", "query_artist": "Mastodon", "result_count": 0, "top_results": []}
2026-09-18 20:21:35,513 [VERBOSE] music_app: Cover fetch processed artist='Mastodon' album='Crack The Skye Fixture 09' folder='D:\\a\\_temp\\album-haven-e2e-functional-fixtures-metadata-mutations\\shared\\media\\Mastodon\\Crack The Skye Fixture 09' downloaded=False has_cover=True
2026-09-18 20:21:35,515 [VERBOSE] music_app.services.cover_provider_http: Cover HTTP success service=apple context=search:Mastodon Crack The Skye Fixture 10 status=200 url=http://127.0.0.1:5402/itunes/search?term=Mastodon+Crack+The+Skye+Fixture+10&entity=album&limit=20 bytes=33
2026-09-18 20:21:35,515 [VERBOSE] music_app.services.cover_refresh_provider: Apple raw search results query='Mastodon Crack The Skye Fixture 10' artist='Mastodon' album='Crack The Skye Fixture 10' year=2009 results=[]
2026-09-18 20:21:35,515 [VERBOSE] music_app.services.cover_refresh_provider: Apple search results query='Mastodon Crack The Skye Fixture 10' count=0 top=[]
2026-09-18 20:21:35,515 [INFO] music_app.services.cover_refresh_provider: {"action": "Apple cover miss", "album": "Crack The Skye Fixture 10", "artist": "Mastodon", "query_mode": "artist+album:native", "raw_result_count": 0, "raw_results_summary": [], "top_candidates": [], "year": 2009}


[album-haven-playwright-result] {"version":1,"phase":"run-final","nonce":"c9cad4ea738a26e1f132566708b1e586b419f0b14572318d8c2475db7d937250","status":"passed","total":1,"completed":1,"failed":0,"skipped":0,"errors":0}
  1 passed (29.3s)
2026-09-18 20:21:35,636 [VERBOSE] music_app.services.cover_provider_http: Cover HTTP success service=apple context=search:Neal Morse Neal Morse Plays Pink Floyd 2023 status=200 url=http://127.0.0.1:5402/itunes/search?term=Neal+Morse+Neal+Morse+Plays+Pink+Floyd+2023&entity=album&limit=20 bytes=33
2026-09-18 20:21:35,638 [VERBOSE] music_app.services.cover_refresh_provider: Apple raw search results query='Neal Morse Neal Morse Plays Pink Floyd 2023' artist='Neal Morse' album='Neal Morse Plays Pink Floyd' year=2023 results=[]
2026-09-18 20:21:35,638 [VERBOSE] music_app.services.cover_refresh_provider: Apple search results query='Neal Morse Neal Morse Plays Pink Floyd 2023' count=0 top=[]
2026-09-18 20:21:35,638 [INFO] music_app.services.cover_refresh_provider: {"action": "Apple cover miss", "album": "Neal Morse Plays Pink Floyd", "artist": "Neal Morse", "query_mode": "artist+album+year:native", "raw_result_count": 0, "raw_results_summary": [], "top_candidates": [], "year": 2023}
2026-09-18 20:21:35,794 [VERBOSE] music_app.services.cover_provider_http: Cover HTTP success service=apple context=search:Various Artists Mulan 1998 status=200 url=http://127.0.0.1:5402/itunes/search?term=Various+Artists+Mulan+1998&entity=album&limit=20 bytes=33
2026-09-18 20:21:35,794 [VERBOSE] music_app.services.cover_refresh_provider: Apple raw search results query='Various Artists Mulan 1998' artist='Various Artists' album='Mulan' year=1998 results=[]
2026-09-18 20:21:35,794 [VERBOSE] music_app.services.cover_refresh_provider: Apple search results query='Various Artists Mulan 1998' count=0 top=[]
2026-09-18 20:21:35,794 [INFO] music_app.services.cover_refresh_provider: {"action": "Apple cover miss", "album": "Mulan", "artist": "Various Artists", "query_mode": "artist+album+year:native", "raw_result_count": 0, "raw_results_summary": [], "top_candidates": [], "year": 1998}
2026-09-18 20:21:35,959 [VERBOSE] music_app.services.cover_provider_http: Cover HTTP success service=apple context=search:\u0414\u0414\u0422 \u0421\u0442\u0443\u0434\u0438\u0439\u043d\u044b\u0435 \u0437\u0430\u043f\u0438\u0441\u0438 1990 status=200 url=http://127.0.0.1:5402/itunes/search?term=%D0%94%D0%94%D0%A2+%D0%A1%D1%82%D1%83%D0%B4%D0%B8%D0%B9%D0%BD%D1%8B%D0%B5+%D0%B7%D0%B0%D0%BF%D0%B8%D1%81%D0%B8+1990&entity=album&limit=20 bytes=33
2026-09-18 20:21:35,959 [VERBOSE] music_app.services.cover_refresh_provider: Apple raw search results query='\u0414\u0414\u0422 \u0421\u0442\u0443\u0434\u0438\u0439\u043d\u044b\u0435 \u0437\u0430\u043f\u0438\u0441\u0438 1990' artist='\u0414\u0414\u0422' album='\u0421\u0442\u0443\u0434\u0438\u0439\u043d\u044b\u0435 \u0437\u0430\u043f\u0438\u0441\u0438' year=1990 results=[]
2026-09-18 20:21:35,959 [VERBOSE] music_app.services.cover_refresh_provider: Apple search results query='\u0414\u0414\u0422 \u0421\u0442\u0443\u0434\u0438\u0439\u043d\u044b\u0435 \u0437\u0430\u043f\u0438\u0441\u0438 1990' count=0 top=[]
2026-09-18 20:21:35,959 [INFO] music_app.services.cover_refresh_provider: {"action": "Apple cover miss", "album": "\u0421\u0442\u0443\u0434\u0438\u0439\u043d\u044b\u0435 \u0437\u0430\u043f\u0438\u0441\u0438", "artist": "\u0414\u0414\u0422", "query_mode": "artist+album+year:native", "raw_result_count": 0, "raw_results_summary": [], "top_candidates": [], "year": 1990}
2026-09-18 20:21:35,965 [VERBOSE] music_app.services.cover_provider_http: Cover HTTP success service=apple context=artist-id-search:Mastodon status=200 url=http://127.0.0.1:5402/itunes/search?term=Mastodon&entity=musicArtist&limit=10 bytes=33
2026-09-18 20:21:35,965 [INFO] music_app.services.cover_refresh_provider: {"action": "Apple artist lookup results", "album": "Crack The Skye Fixture 10", "artist": "Mastodon", "query_artist": "Mastodon", "result_count": 0, "top_results": []}
2026-09-18 20:21:35,967 [VERBOSE] music_app: Cover fetch processed artist='Mastodon' album='Crack The Skye Fixture 10' folder='D:\\a\\_temp\\album-haven-e2e-functional-fixtures-metadata-mutations\\shared\\media\\Mastodon\\Crack The Skye Fixture 10' downloaded=False has_cover=True
2026-09-18 20:21:36,066 [VERBOSE] music_app.services.cover_provider_http: Cover HTTP success service=apple context=artist-id-search:Neal Morse status=200 url=http://127.0.0.1:5402/itunes/search?term=Neal+Morse&entity=musicArtist&limit=10 bytes=33
2026-09-18 20:21:36,066 [INFO] music_app.services.cover_refresh_provider: {"action": "Apple artist lookup results", "album": "Neal Morse Plays Pink Floyd", "artist": "Neal Morse", "query_artist": "Neal Morse", "result_count": 0, "top_results": []}
2026-09-18 20:21:36,153 [VERBOSE] music_app.services.cover_provider_http: Cover HTTP success service=apple context=artist-id-search:Various Artists status=200 url=http://127.0.0.1:5402/itunes/search?term=Various+Artists&entity=musicArtist&limit=10 bytes=33
2026-09-18 20:21:36,153 [INFO] music_app.services.cover_refresh_provider: {"action": "Apple artist lookup results", "album": "Mulan", "artist": "Various Artists", "query_artist": "Various Artists", "result_count": 0, "top_results": []}
2026-09-18 20:21:36,322 [VERBOSE] music_app.services.cover_provider_http: Cover HTTP success service=apple context=artist-id-search:\u0414\u0414\u0422 status=200 url=http://127.0.0.1:5402/itunes/search?term=%D0%94%D0%94%D0%A2&entity=musicArtist&limit=10 bytes=33
2026-09-18 20:21:36,322 [INFO] music_app.services.cover_refresh_provider: {"action": "Apple artist lookup results", "album": "\u0421\u0442\u0443\u0434\u0438\u0439\u043d\u044b\u0435 \u0437\u0430\u043f\u0438\u0441\u0438", "artist": "\u0414\u0414\u0422", "query_artist": "\u0414\u0414\u0422", "result_count": 0, "top_results": []}
2026-09-18 20:21:36,436 [VERBOSE] music_app.services.cover_provider_http: Cover HTTP success service=apple context=search:Neal Morse Neal Morse Plays Pink Floyd status=200 url=http://127.0.0.1:5402/itunes/search?term=Neal+Morse+Neal+Morse+Plays+Pink+Floyd&entity=album&limit=20 bytes=33
2026-09-18 20:21:36,436 [VERBOSE] music_app.services.cover_refresh_provider: Apple raw search results query='Neal Morse Neal Morse Plays Pink Floyd' artist='Neal Morse' album='Neal Morse Plays Pink Floyd' year=2023 results=[]
2026-09-18 20:21:36,436 [VERBOSE] music_app.services.cover_refresh_provider: Apple search results query='Neal Morse Neal Morse Plays Pink Floyd' count=0 top=[]
2026-09-18 20:21:36,436 [INFO] music_app.services.cover_refresh_provider: {"action": "Apple cover miss", "album": "Neal Morse Plays Pink Floyd", "artist": "Neal Morse", "query_mode": "artist+album:native", "raw_result_count": 0, "raw_results_summary": [], "top_candidates": [], "year": 2023}
2026-09-18 20:21:36,500 [VERBOSE] music_app.services.cover_provider_http: Cover HTTP success service=apple context=search:Various Artists Mulan status=200 url=http://127.0.0.1:5402/itunes/search?term=Various+Artists+Mulan&entity=album&limit=20 bytes=33
2026-09-18 20:21:36,500 [VERBOSE] music_app.services.cover_refresh_provider: Apple raw search results query='Various Artists Mulan' artist='Various Artists' album='Mulan' year=1998 results=[]
2026-09-18 20:21:36,500 [VERBOSE] music_app.services.cover_refresh_provider: Apple search results query='Various Artists Mulan' count=0 top=[]
2026-09-18 20:21:36,500 [INFO] music_app.services.cover_refresh_provider: {"action": "Apple cover miss", "album": "Mulan", "artist": "Various Artists", "query_mode": "artist+album:native", "raw_result_count": 0, "raw_results_summary": [], "top_candidates": [], "year": 1998}

=== Playwright Summary ===
[✓] albumRatings.spec
  [✓] FTC-ALBUM-TASTE-013 keeps app ratings authoritative while import and scan seed missing ratings @area:album-details

Overall: 1/1 passed
2026-09-18 20:21:36,676 [VERBOSE] music_app.services.cover_provider_http: Cover HTTP success service=apple context=search:\u0414\u0414\u0422 \u0421\u0442\u0443\u0434\u0438\u0439\u043d\u044b\u0435 \u0437\u0430\u043f\u0438\u0441\u0438 status=200 url=http://127.0.0.1:5402/itunes/search?term=%D0%94%D0%94%D0%A2+%D0%A1%D1%82%D1%83%D0%B4%D0%B8%D0%B9%D0%BD%D1%8B%D0%B5+%D0%B7%D0%B0%D0%BF%D0%B8%D1%81%D0%B8&entity=album&limit=20 bytes=33
2026-09-18 20:21:36,676 [VERBOSE] music_app.services.cover_refresh_provider: Apple raw search results query='\u0414\u0414\u0422 \u0421\u0442\u0443\u0434\u0438\u0439\u043d\u044b\u0435 \u0437\u0430\u043f\u0438\u0441\u0438' artist='\u0414\u0414\u0422' album='\u0421\u0442\u0443\u0434\u0438\u0439\u043d\u044b\u0435 \u0437\u0430\u043f\u0438\u0441\u0438' year=1990 results=[]
2026-09-18 20:21:36,676 [VERBOSE] music_app.services.cover_refresh_provider: Apple search results query='\u0414\u0414\u0422 \u0421\u0442\u0443\u0434\u0438\u0439\u043d\u044b\u0435 \u0437\u0430\u043f\u0438\u0441\u0438' count=0 top=[]
2026-09-18 20:21:36,676 [INFO] music_app.services.cover_refresh_provider: {"action": "Apple cover miss", "album": "\u0421\u0442\u0443\u0434\u0438\u0439\u043d\u044b\u0435 \u0437\u0430\u043f\u0438\u0441\u0438", "artist": "\u0414\u0414\u0422", "query_mode": "artist+album:native", "raw_result_count": 0, "raw_results_summary": [], "top_candidates": [], "year": 1990}
2026-09-18 20:21:36,818 [VERBOSE] music_app.services.cover_provider_http: Cover HTTP success service=apple context=artist-id-search:Neal Morse status=200 url=http://127.0.0.1:5402/itunes/search?term=Neal+Morse&entity=musicArtist&limit=10 bytes=33
2026-09-18 20:21:36,818 [INFO] music_app.services.cover_refresh_provider: {"action": "Apple artist lookup results", "album": "Neal Morse Plays Pink Floyd", "artist": "Neal Morse", "query_artist": "Neal Morse", "result_count": 0, "top_results": []}
2026-09-18 20:21:36,818 [VERBOSE] music_app: Cover fetch processed artist='Neal Morse' album='Neal Morse Plays Pink Floyd' folder='D:\\a\\_temp\\album-haven-e2e-functional-fixtures-metadata-mutations\\shared\\media\\Progressive Projects\\Morse Family\\Neal Morse\\Neal Morse Plays Pink Floyd' downloaded=False has_cover=False
2026-09-18 20:21:36,818 [WARNING] music_app: {"action": "Cover art update failed", "album": "Neal Morse Plays Pink Floyd", "artist": "Neal Morse", "elapsed_ms": 1589.83, "folder": "D:\\a\\_temp\\album-haven-e2e-functional-fixtures-metadata-mutations\\shared\\media\\Progressive Projects\\Morse Family\\Neal Morse\\Neal Morse Plays Pink Floyd", "force_search": false, "reason": "remote_search_returned_no_candidate", "resolver_trace": [{"apple_http_trace": [{"context": "search:Neal Morse Neal Morse Plays Pink Floyd 2023", "elapsed_ms": 407.78, "status": "success:200"}, {"context": "artist-id-search:Neal Morse", "elapsed_ms": 427.99, "status": "success:200"}, {"context": "search:Neal Morse Neal Morse Plays Pink Floyd", "elapsed_ms": 370.92, "status": "success:200"}, {"context": "artist-id-search:Neal Morse", "elapsed_ms": 380.32, "status": "success:200"}], "elapsed_ms": 1588.87, "resolver": "_search_apple", "status": "no_candidate"}], "status": "missing_cover_art"}
2026-09-18 20:21:36,852 [VERBOSE] music_app.services.cover_provider_http: Cover HTTP success service=apple context=artist-id-search:Various Artists status=200 url=http://127.0.0.1:5402/itunes/search?term=Various+Artists&entity=musicArtist&limit=10 bytes=33
2026-09-18 20:21:36,852 [INFO] music_app.services.cover_refresh_provider: {"action": "Apple artist lookup results", "album": "Mulan", "artist": "Various Artists", "query_artist": "Various Artists", "result_count": 0, "top_results": []}
2026-09-18 20:21:36,852 [VERBOSE] music_app: Cover fetch processed artist='Various Artists' album='Mulan' folder='D:\\a\\_temp\\album-haven-e2e-functional-fixtures-metadata-mutations\\shared\\media\\Various Artists\\Mulan' downloaded=False has_cover=False
2026-09-18 20:21:36,852 [WARNING] music_app: {"action": "Cover art update failed", "album": "Mulan", "artist": "Various Artists", "elapsed_ms": 1522.55, "folder": "D:\\a\\_temp\\album-haven-e2e-functional-fixtures-metadata-mutations\\shared\\media\\Various Artists\\Mulan", "force_search": false, "reason": "remote_search_returned_no_candidate", "resolver_trace": [{"apple_http_trace": [{"context": "search:Various Artists Mulan 1998", "elapsed_ms": 462.26, "status": "success:200"}, {"context": "artist-id-search:Various Artists", "elapsed_ms": 357.43, "status": "success:200"}, {"context": "search:Various Artists Mulan", "elapsed_ms": 347.02, "status": "success:200"}, {"context": "artist-id-search:Various Artists", "elapsed_ms": 351.09, "status": "success:200"}], "elapsed_ms": 1519.6, "resolver": "_search_apple", "status": "no_candidate"}], "status": "missing_cover_art"}
2026-09-18 20:21:36,926 [VERBOSE] music_app.services.cover_provider_http: Cover HTTP success service=apple context=artist-id-search:\u0414\u0414\u0422 status=200 url=http://127.0.0.1:5402/itunes/search?term=%D0%94%D0%94%D0%A2&entity=musicArtist&limit=10 bytes=33
2026-09-18 20:21:36,926 [INFO] music_app.services.cover_refresh_provider: {"action": "Apple artist lookup results", "album": "\u0421\u0442\u0443\u0434\u0438\u0439\u043d\u044b\u0435 \u0437\u0430\u043f\u0438\u0441\u0438", "artist": "\u0414\u0414\u0422", "query_artist": "\u0414\u0414\u0422", "result_count": 0, "top_results": []}
2026-09-18 20:21:37,080 [VERBOSE] music_app.services.cover_provider_http: Cover HTTP success service=apple context=search:DDT Studiynye zapisi 1990 status=200 url=http://127.0.0.1:5402/itunes/search?term=DDT+Studiynye+zapisi+1990&entity=album&limit=20 bytes=33
2026-09-18 20:21:37,080 [VERBOSE] music_app.services.cover_refresh_provider: Apple raw search results query='DDT Studiynye zapisi 1990' artist='\u0414\u0414\u0422' album='\u0421\u0442\u0443\u0434\u0438\u0439\u043d\u044b\u0435 \u0437\u0430\u043f\u0438\u0441\u0438' year=1990 results=[]
2026-09-18 20:21:37,080 [VERBOSE] music_app.services.cover_refresh_provider: Apple search results query='DDT Studiynye zapisi 1990' count=0 top=[]
2026-09-18 20:21:37,080 [INFO] music_app.services.cover_refresh_provider: {"action": "Apple cover miss", "album": "\u0421\u0442\u0443\u0434\u0438\u0439\u043d\u044b\u0435 \u0437\u0430\u043f\u0438\u0441\u0438", "artist": "\u0414\u0414\u0422", "query_mode": "artist+album+year:translit", "raw_result_count": 0, "raw_results_summary": [], "top_candidates": [], "year": 1990}
2026-09-18 20:21:37,215 [VERBOSE] music_app.services.cover_provider_http: Cover HTTP success service=apple context=artist-id-search:DDT status=200 url=http://127.0.0.1:5402/itunes/search?term=DDT&entity=musicArtist&limit=10 bytes=33
2026-09-18 20:21:37,215 [INFO] music_app.services.cover_refresh_provider: {"action": "Apple artist lookup results", "album": "\u0421\u0442\u0443\u0434\u0438\u0439\u043d\u044b\u0435 \u0437\u0430\u043f\u0438\u0441\u0438", "artist": "\u0414\u0414\u0422", "query_artist": "DDT", "result_count": 0, "top_results": []}
2026-09-18 20:21:37,358 [VERBOSE] music_app.services.cover_provider_http: Cover HTTP success service=apple context=search:DDT Studiynye zapisi status=200 url=http://127.0.0.1:5402/itunes/search?term=DDT+Studiynye+zapisi&entity=album&limit=20 bytes=33
2026-09-18 20:21:37,358 [VERBOSE] music_app.services.cover_refresh_provider: Apple raw search results query='DDT Studiynye zapisi' artist='\u0414\u0414\u0422' album='\u0421\u0442\u0443\u0434\u0438\u0439\u043d\u044b\u0435 \u0437\u0430\u043f\u0438\u0441\u0438' year=1990 results=[]
2026-09-18 20:21:37,358 [VERBOSE] music_app.services.cover_refresh_provider: Apple search results query='DDT Studiynye zapisi' count=0 top=[]
2026-09-18 20:21:37,358 [INFO] music_app.services.cover_refresh_provider: {"action": "Apple cover miss", "album": "\u0421\u0442\u0443\u0434\u0438\u0439\u043d\u044b\u0435 \u0437\u0430\u043f\u0438\u0441\u0438", "artist": "\u0414\u0414\u0422", "query_mode": "artist+album:translit", "raw_result_count": 0, "raw_results_summary": [], "top_candidates": [], "year": 1990}
2026-09-18 20:21:37,477 [VERBOSE] music_app.services.cover_provider_http: Cover HTTP success service=apple context=artist-id-search:DDT status=200 url=http://127.0.0.1:5402/itunes/search?term=DDT&entity=musicArtist&limit=10 bytes=33
2026-09-18 20:21:37,477 [INFO] music_app.services.cover_refresh_provider: {"action": "Apple artist lookup results", "album": "\u0421\u0442\u0443\u0434\u0438\u0439\u043d\u044b\u0435 \u0437\u0430\u043f\u0438\u0441\u0438", "artist": "\u0414\u0414\u0422", "query_artist": "DDT", "result_count": 0, "top_results": []}
2026-09-18 20:21:37,477 [VERBOSE] music_app: Cover fetch processed artist='\u0414\u0414\u0422' album='\u0421\u0442\u0443\u0434\u0438\u0439\u043d\u044b\u0435 \u0437\u0430\u043f\u0438\u0441\u0438' folder='D:\\a\\_temp\\album-haven-e2e-functional-fixtures-metadata-mutations\\shared\\media\\\u0414\u0414\u0422\\\u0421\u0442\u0443\u0434\u0438\u0439\u043d\u044b\u0435 \u0437\u0430\u043f\u0438\u0441\u0438' downloaded=False has_cover=False
2026-09-18 20:21:37,477 [WARNING] music_app: {"action": "Cover art update failed", "album": "\u0421\u0442\u0443\u0434\u0438\u0439\u043d\u044b\u0435 \u0437\u0430\u043f\u0438\u0441\u0438", "artist": "\u0414\u0414\u0422", "elapsed_ms": 1964.09, "folder": "D:\\a\\_temp\\album-haven-e2e-functional-fixtures-metadata-mutations\\shared\\media\\\u0414\u0414\u0422\\\u0421\u0442\u0443\u0434\u0438\u0439\u043d\u044b\u0435 \u0437\u0430\u043f\u0438\u0441\u0438", "force_search": false, "reason": "remote_search_returned_no_candidate", "resolver_trace": [{"apple_http_trace": [{"context": "search:\u0414\u0414\u0422 \u0421\u0442\u0443\u0434\u0438\u0439\u043d\u044b\u0435 \u0437\u0430\u043f\u0438\u0441\u0438 1990", "elapsed_ms": 442.01, "status": "success:200"}, {"context": "artist-id-search:\u0414\u0414\u0422", "elapsed_ms": 361.49, "status": "success:200"}, {"context": "search:\u0414\u0414\u0422 \u0421\u0442\u0443\u0434\u0438\u0439\u043d\u044b\u0435 \u0437\u0430\u043f\u0438\u0441\u0438", "elapsed_ms": 354.29, "status": "success:200"}, {"context": "artist-id-search:\u0414\u0414\u0422", "elapsed_ms": 249.44, "status": "success:200"}, {"context": "search:DDT Studiynye zapisi 1990", "elapsed_ms": 154.25, "status": "success:200"}, {"context": "artist-id-search:DDT", "elapsed_ms": 134.55, "status": "success:200"}, {"context": "search:DDT Studiynye zapisi", "elapsed_ms": 142.23, "status": "success:200"}, {"context": "artist-id-search:DDT", "elapsed_ms": 117.78, "status": "success:200"}], "elapsed_ms": 1959.88, "resolver": "_search_apple", "status": "no_candidate"}], "status": "missing_cover_art"}
2026-09-18 20:21:37,479 [INFO] music_app: {"action": "Cover art update completed", "album_count": 16, "downloaded": 0, "downloaded_paths": [], "failed": 14, "files": [], "mode": "background", "not_found": 14, "not_touched": 2, "processed": 16, "skipped": 2}
[playwright-wrapper-final-decision] {"wrapperExitCode":0,"attemptReturn":{"exitCode":0,"exitReason":"authoritative-pass"},"fakeDatabaseCleanup":{"status":"completed","error":null,"mode":"lock-only"},"scanAppCleanup":{"status":"not-required","error":null},"isolatedAppCleanup":{"status":"completed","error":null},"tempCleanup":{"status":"completed","error":null,"removedCount":1},"passivePortDiagnostics":[{"port":5400,"status":"completed","error":null,"ownerCount":0},{"port":5402,"status":"completed","error":null,"ownerCount":0}],"finalSummary":{"phase":"run-final","status":"passed","total":1,"completed":1,"failed":0,"skipped":0,"errors":0,"listOnly":false},"exitReason":"authoritative-pass"}
{"restored":0,"removed":0,"unchanged":1497}
Album Haven production E2E app listening on http://127.0.0.1:5400 with 0 artists, 0 albums, 0 tracks, and provider fixtures on http://127.0.0.1:5402
2026-09-18 20:22:01,944 [INFO] music_app: Startup scan-cache hydration completed files=7200 albums=400
2026-09-18 20:22:01,944 [INFO] music_app: Legacy album exclusions migrated albums=1 removed_rules=18 created_rules=1
2026-09-18 20:22:02,274 [INFO] music_app: Relation projection startup readiness ready=true rebuilt=true reason=missing_projection builder_version=local-relation-builder-v9 source_row_count=7438 duration_ms=297.59 source_load=84.78 fingerprint=36.32 pure_build=82.36 family_link_replacement=5.66 snapshot_publication=1.28
2026-09-18 20:22:03,380 [INFO] music_app: {"action": "Index request completed", "album_count": 0, "artist_count": 0, "bootstrap_mode": "fresh_preview", "covers_in_progress": false, "elapsed_ms": 370.66, "hydrate_in_progress": false, "payload_elapsed_ms": 197.85, "query": "", "scan_in_progress": false, "selected_artist": ""}

Running 1 test using 1 worker

2026-09-18 20:22:35,619 [INFO] music_app: {"action": "Index request completed", "album_count": 0, "artist_count": 0, "bootstrap_mode": "fresh_preview", "covers_in_progress": false, "elapsed_ms": 206.24, "hydrate_in_progress": false, "payload_elapsed_ms": 117.46, "query": "", "scan_in_progress": false, "selected_artist": ""}
[TEST] FTC-TAGS-010 keeps an album-only edit sparse and retains its optimistic split
  [STEP] Open the generated album and select one physical file
2026-09-18 20:22:38,008 [INFO] music_app: {"action": "Index request completed", "album_count": 0, "artist_count": 0, "bootstrap_mode": "fresh_preview", "covers_in_progress": false, "elapsed_ms": 199.8, "hydrate_in_progress": false, "payload_elapsed_ms": 105.05, "query": "", "scan_in_progress": false, "selected_artist": ""}
  [FAIL] Open the generated album and select one physical file :: Cannot read properties of undefined (reading 'total') (8217 ms)
  x  1 [functional] › tests\e2e\specs\sparseTagEditReconciliation.spec.js:4:1 › FTC-TAGS-010 keeps an album-only edit sparse and retains its optimistic split @area:tag-edit (9.2s)
[playwright-wrapper-failure-latched] {"phase":"tests-complete","status":"failed","total":1,"completed":1,"failed":1,"skipped":0,"errors":0}
[album-haven-playwright-result] {"version":1,"phase":"tests-complete","nonce":"8ac78ffa317246963f7b8dd1619ceb4676df0c08ffab002970968af122357474","status":"failed","total":1,"completed":1,"failed":1,"skipped":0,"errors":0}



[album-haven-playwright-result] {"version":1,"phase":"run-final","nonce":"8ac78ffa317246963f7b8dd1619ceb4676df0c08ffab002970968af122357474","status":"failed","total":1,"completed":1,"failed":1,"skipped":0,"errors":0}

  1) [functional] › tests\e2e\specs\sparseTagEditReconciliation.spec.js:4:1 › FTC-TAGS-010 keeps an album-only edit sparse and retains its optimistic split @area:tag-edit 

    TypeError: Cannot read properties of undefined (reading 'total')

       at ..\actions\trackModalActions.js:213

      211 |       subtitle: String(await this.trackModal.subtitle.textContent() || '').trim(),
      212 |       footer: String(await this.trackModal.footer.textContent() || '').trim(),
    > 213 |       total: String(await this.trackModal.albumTrackTable.total.textContent() || '').trim(),
          |                                                           ^
      214 |       playButtons: await this.trackModal.playButtons.count(),
      215 |       trackRows: await this.trackModal.trackRows.count(),
      216 |       coverLoaded,
        at TrackModalActions.readSummary (D:\a\AlbumHaven\AlbumHaven\tests\e2e\actions\trackModalActions.js:213:59)
        at TrackModalActions.waitForInteractiveSummary (D:\a\AlbumHaven\AlbumHaven\tests\e2e\actions\trackModalActions.js:256:21)
        at D:\a\AlbumHaven\AlbumHaven\tests\e2e\helpers\sparseTagEditScenario.js:109:13
        at runStep (D:\a\AlbumHaven\AlbumHaven\tests\e2e\support\baseFixtures.js:146:22)
        at runSparseTagEditScenario (D:\a\AlbumHaven\AlbumHaven\tests\e2e\helpers\sparseTagEditScenario.js:88:3)
        at D:\a\AlbumHaven\AlbumHaven\tests\e2e\specs\sparseTagEditReconciliation.spec.js:12:3

    attachment #1: step-transcript.txt (text/plain) ────────────────────────────────────────────────
    [TEST] FTC-TAGS-010 keeps an album-only edit sparse and retains its optimistic split
      [STEP] Open the generated album and select one physical file
      [FAIL] Open the generated album and select one physical file :: Cannot read properties of undefined (reading 'total') (8217 ms)
    ────────────────────────────────────────────────────────────────────────────────────────────────

    attachment #3: stacktrace.txt (text/plain) ─────────────────────────────────────────────────────
    Error 1
    TypeError: Cannot read properties of undefined (reading 'total')
        at TrackModalActions.readSummary (D:\a\AlbumHaven\AlbumHaven\tests\e2e\actions\trackModalActions.js:213:59)
        at TrackModalActions.waitForInteractiveSummary (D:\a\AlbumHaven\AlbumHaven\tests\e2e\actions\trackModalActions....
    ────────────────────────────────────────────────────────────────────────────────────────────────

    attachment #4: runtime-log.txt (text/plain) ────────────────────────────────────────────────────
    [2026-09-18T20:22:45.360Z] requestfailed/net::ERR_ABORTED: GET http://127.0.0.1:5400/cover?path=D%3A%5Ca%5C_temp%5Calbum-haven-e2e-functional-fixtures-metadata-mutations%5Cshared%5Cmedia%5CE2E%20Rarity%20Artist%5CAuto%20Number%20Selected%20Fixture%5Ccover.png&size=480&v=process-7f6744f2ca1997a318c29...
    ────────────────────────────────────────────────────────────────────────────────────────────────

    Error Context: ..\..\_temp\functional-output-metadata-mutations\wave-03-08-playwright-config-js\sparseTagEditReconciliatio-64d43-etains-its-optimistic-split-functional\error-context.md

    attachment #7: trace (application/zip) ─────────────────────────────────────────────────────────
    ..\..\_temp\functional-output-metadata-mutations\wave-03-08-playwright-config-js\sparseTagEditReconciliatio-64d43-etains-its-optimistic-split-functional\trace.zip
    Usage:

        npx playwright show-trace ..\..\_temp\functional-output-metadata-mutations\wave-03-08-playwright-config-js\sparseTagEditReconciliatio-64d43-etains-its-optimistic-split-functional\trace.zip

    ────────────────────────────────────────────────────────────────────────────────────────────────

  1 failed
    [functional] › tests\e2e\specs\sparseTagEditReconciliation.spec.js:4:1 › FTC-TAGS-010 keeps an album-only edit sparse and retains its optimistic split @area:tag-edit 

=== Playwright Summary ===
[x] sparseTagEditReconciliation.spec
  [x] FTC-TAGS-010 keeps an album-only edit sparse and retains its optimistic split @area:tag-edit

Overall: 0/1 passed
Failed tests:
- sparseTagEditReconciliation.spec > FTC-TAGS-010 keeps an album-only edit sparse and retains its optimistic split @area:tag-edit
[playwright-wrapper-diagnostic] {"reason":"wrapper-child-lifecycle-mismatch","childExitCode":1,"childExitSignal":null,"childCloseCode":1,"childCloseSignal":null,"processError":null,"stopReason":"none","cleanupOutcome":"completed"}
[playwright-wrapper-final-decision] {"wrapperExitCode":1,"attemptReturn":{"exitCode":1,"exitReason":"wrapper-child-lifecycle-mismatch"},"fakeDatabaseCleanup":{"status":"completed","error":null,"mode":"lock-only"},"scanAppCleanup":{"status":"not-required","error":null},"isolatedAppCleanup":{"status":"completed","error":null},"tempCleanup":{"status":"completed","error":null,"removedCount":1},"passivePortDiagnostics":[{"port":5400,"status":"completed","error":null,"ownerCount":0},{"port":5402,"status":"completed","error":null,"ownerCount":0}],"finalSummary":{"phase":"run-final","status":"failed","total":1,"completed":1,"failed":1,"skipped":0,"errors":0,"listOnly":false},"exitReason":"wrapper-child-lifecycle-mismatch"}
{"restored":0,"removed":0,"unchanged":1497}
Album Haven production E2E app listening on http://127.0.0.1:5400 with 0 artists, 0 albums, 0 tracks, and provider fixtures on http://127.0.0.1:5402
2026-09-18 20:23:14,501 [INFO] music_app: Startup scan-cache hydration completed files=7200 albums=400
2026-09-18 20:23:14,503 [INFO] music_app: Legacy album exclusions migrated albums=1 removed_rules=18 created_rules=1
2026-09-18 20:23:14,846 [INFO] music_app: Relation projection startup readiness ready=true rebuilt=true reason=missing_projection builder_version=local-relation-builder-v9 source_row_count=7438 duration_ms=311.50 source_load=87.94 fingerprint=45.58 pure_build=85.66 family_link_replacement=5.96 snapshot_publication=1.32
2026-09-18 20:23:15,940 [INFO] music_app: {"action": "Index request completed", "album_count": 0, "artist_count": 0, "bootstrap_mode": "fresh_preview", "covers_in_progress": false, "elapsed_ms": 440.58, "hydrate_in_progress": false, "payload_elapsed_ms": 273.74, "query": "", "scan_in_progress": false, "selected_artist": ""}

Running 1 test using 1 worker

2026-09-18 20:23:43,880 [INFO] music_app: {"action": "Index request completed", "album_count": 0, "artist_count": 0, "bootstrap_mode": "fresh_preview", "covers_in_progress": false, "elapsed_ms": 197.52, "hydrate_in_progress": false, "payload_elapsed_ms": 109.24, "query": "", "scan_in_progress": false, "selected_artist": ""}
[TEST] FTC-TAGS-008 returns one terminal saved response after optimistic rename persistence
  [STEP] Open the generated album and hold only structural persistence
2026-09-18 20:23:46,355 [INFO] music_app: {"action": "Index request completed", "album_count": 0, "artist_count": 0, "bootstrap_mode": "fresh_preview", "covers_in_progress": false, "elapsed_ms": 253.03, "hydrate_in_progress": false, "payload_elapsed_ms": 189.64, "query": "", "scan_in_progress": false, "selected_artist": "E2E Rarity Artist"}
  [FAIL] Open the generated album and hold only structural persistence :: Cannot read properties of undefined (reading 'total') (1927 ms)
[playwright-wrapper-failure-latched] {"phase":"tests-complete","status":"failed","total":1,"completed":1,"failed":1,"skipped":0,"errors":0}
  x  1 [functional] › tests\e2e\specs\albumTagRename.spec.js:227:1 › FTC-TAGS-008 returns one terminal saved response after optimistic rename persistence @area:tag-edit (2.7s)
[album-haven-playwright-result] {"version":1,"phase":"tests-complete","nonce":"cbe63e634df7b50089147c56cbdea24149a443b389fbff828db512c2fbb8a4ee","status":"failed","total":1,"completed":1,"failed":1,"skipped":0,"errors":0}



[album-haven-playwright-result] {"version":1,"phase":"run-final","nonce":"cbe63e634df7b50089147c56cbdea24149a443b389fbff828db512c2fbb8a4ee","status":"failed","total":1,"completed":1,"failed":1,"skipped":0,"errors":0}

  1) [functional] › tests\e2e\specs\albumTagRename.spec.js:227:1 › FTC-TAGS-008 returns one terminal saved response after optimistic rename persistence @area:tag-edit 

    TypeError: Cannot read properties of undefined (reading 'total')

       at ..\actions\trackModalActions.js:213

      211 |       subtitle: String(await this.trackModal.subtitle.textContent() || '').trim(),
      212 |       footer: String(await this.trackModal.footer.textContent() || '').trim(),
    > 213 |       total: String(await this.trackModal.albumTrackTable.total.textContent() || '').trim(),
          |                                                           ^
      214 |       playButtons: await this.trackModal.playButtons.count(),
      215 |       trackRows: await this.trackModal.trackRows.count(),
      216 |       coverLoaded,
        at TrackModalActions.readSummary (D:\a\AlbumHaven\AlbumHaven\tests\e2e\actions\trackModalActions.js:213:59)
        at TrackModalActions.waitForExactAlbumDetails (D:\a\AlbumHaven\AlbumHaven\tests\e2e\actions\trackModalActions.js:394:5)
        at D:\a\AlbumHaven\AlbumHaven\tests\e2e\specs\albumTagRename.spec.js:245:7
        at runStep (D:\a\AlbumHaven\AlbumHaven\tests\e2e\support\baseFixtures.js:146:22)
        at D:\a\AlbumHaven\AlbumHaven\tests\e2e\specs\albumTagRename.spec.js:237:5

    attachment #1: step-transcript.txt (text/plain) ────────────────────────────────────────────────
    [TEST] FTC-TAGS-008 returns one terminal saved response after optimistic rename persistence
      [STEP] Open the generated album and hold only structural persistence
      [FAIL] Open the generated album and hold only structural persistence :: Cannot read properties of undefined (reading 'total') (1927 ms)
    ────────────────────────────────────────────────────────────────────────────────────────────────

    attachment #3: stacktrace.txt (text/plain) ─────────────────────────────────────────────────────
    Error 1
    TypeError: Cannot read properties of undefined (reading 'total')
        at TrackModalActions.readSummary (D:\a\AlbumHaven\AlbumHaven\tests\e2e\actions\trackModalActions.js:213:59)
        at TrackModalActions.waitForExactAlbumDetails (D:\a\AlbumHaven\AlbumHaven\tests\e2e\actions\trackModalActions.j...
    ────────────────────────────────────────────────────────────────────────────────────────────────

    attachment #4: runtime-log.txt (text/plain) ────────────────────────────────────────────────────
    No runtime logs captured.
    ────────────────────────────────────────────────────────────────────────────────────────────────

    Error Context: ..\..\_temp\functional-output-metadata-mutations\wave-03-09-playwright-config-js\albumTagRename-FTC-TAGS-00-f3b46-timistic-rename-persistence-functional\error-context.md

    attachment #7: trace (application/zip) ─────────────────────────────────────────────────────────
    ..\..\_temp\functional-output-metadata-mutations\wave-03-09-playwright-config-js\albumTagRename-FTC-TAGS-00-f3b46-timistic-rename-persistence-functional\trace.zip
    Usage:

        npx playwright show-trace ..\..\_temp\functional-output-metadata-mutations\wave-03-09-playwright-config-js\albumTagRename-FTC-TAGS-00-f3b46-timistic-rename-persistence-functional\trace.zip

    ────────────────────────────────────────────────────────────────────────────────────────────────

  1 failed
    [functional] › tests\e2e\specs\albumTagRename.spec.js:227:1 › FTC-TAGS-008 returns one terminal saved response after optimistic rename persistence @area:tag-edit 
[playwright-wrapper-diagnostic] {"reason":"wrapper-child-lifecycle-mismatch","childExitCode":1,"childExitSignal":null,"childCloseCode":1,"childCloseSignal":null,"processError":null,"stopReason":"none","cleanupOutcome":"completed"}

=== Playwright Summary ===
[x] albumTagRename.spec
  [x] FTC-TAGS-008 returns one terminal saved response after optimistic rename persistence @area:tag-edit

Overall: 0/1 passed
Failed tests:
- albumTagRename.spec > FTC-TAGS-008 returns one terminal saved response after optimistic rename persistence @area:tag-edit
[playwright-wrapper-final-decision] {"wrapperExitCode":1,"attemptReturn":{"exitCode":1,"exitReason":"wrapper-child-lifecycle-mismatch"},"fakeDatabaseCleanup":{"status":"completed","error":null,"mode":"lock-only"},"scanAppCleanup":{"status":"not-required","error":null},"isolatedAppCleanup":{"status":"completed","error":null},"tempCleanup":{"status":"completed","error":null,"removedCount":1},"passivePortDiagnostics":[{"port":5400,"status":"completed","error":null,"ownerCount":0},{"port":5402,"status":"completed","error":null,"ownerCount":0}],"finalSummary":{"phase":"run-final","status":"failed","total":1,"completed":1,"failed":1,"skipped":0,"errors":0,"listOnly":false},"exitReason":"wrapper-child-lifecycle-mismatch"}
{"restored":0,"removed":0,"unchanged":1497}
Album Haven production E2E app listening on http://127.0.0.1:5400 with 0 artists, 0 albums, 0 tracks, and provider fixtures on http://127.0.0.1:5402
2026-09-18 20:24:15,360 [INFO] music_app: Startup scan-cache hydration completed files=7200 albums=400
2026-09-18 20:24:15,360 [INFO] music_app: Legacy album exclusions migrated albums=1 removed_rules=18 created_rules=1
2026-09-18 20:24:15,808 [INFO] music_app: Relation projection startup readiness ready=true rebuilt=true reason=missing_projection builder_version=local-relation-builder-v9 source_row_count=7438 duration_ms=412.54 source_load=86.91 fingerprint=41.56 pure_build=86.84 family_link_replacement=6.16 snapshot_publication=1.65
2026-09-18 20:24:16,857 [INFO] music_app: {"action": "Index request completed", "album_count": 0, "artist_count": 0, "bootstrap_mode": "fresh_preview", "covers_in_progress": false, "elapsed_ms": 358.09, "hydrate_in_progress": false, "payload_elapsed_ms": 181.05, "query": "", "scan_in_progress": false, "selected_artist": ""}

Running 1 test using 1 worker

2026-09-18 20:24:42,855 [INFO] music_app: {"action": "Index request completed", "album_count": 0, "artist_count": 0, "bootstrap_mode": "fresh_preview", "covers_in_progress": false, "elapsed_ms": 189.9, "hydrate_in_progress": false, "payload_elapsed_ms": 104.28, "query": "", "scan_in_progress": false, "selected_artist": ""}
[TEST] FTC-TAGS-015 / FTC-UTIL-PROBLEMS-012 keeps one stable destination through five selected-track moves and restores
  [STEP] Open the source album and verify its exact track order
2026-09-18 20:24:45,411 [INFO] music_app: {"action": "Index request completed", "album_count": 0, "artist_count": 0, "bootstrap_mode": "fresh_preview", "covers_in_progress": false, "elapsed_ms": 345.55, "hydrate_in_progress": false, "payload_elapsed_ms": 183.95, "query": "", "scan_in_progress": false, "selected_artist": "E2E Rarity Artist"}
  [FAIL] Open the source album and verify its exact track order :: Cannot read properties of undefined (reading 'total') (2676 ms)
[playwright-wrapper-failure-latched] {"phase":"tests-complete","status":"failed","total":1,"completed":1,"failed":1,"skipped":0,"errors":0}
  x  1 [functional] › tests\e2e\specs\albumTagRename.spec.js:844:1 › FTC-TAGS-015 / FTC-UTIL-PROBLEMS-012 keeps one stable destination through five selected-track moves and restores @area:problematic-files (3.5s)
[album-haven-playwright-result] {"version":1,"phase":"tests-complete","nonce":"c326d6da0d7b265eecf71b990cba832e0ab194f93c0cb71d763f323fc7c719d1","status":"failed","total":1,"completed":1,"failed":1,"skipped":0,"errors":0}



[album-haven-playwright-result] {"version":1,"phase":"run-final","nonce":"c326d6da0d7b265eecf71b990cba832e0ab194f93c0cb71d763f323fc7c719d1","status":"failed","total":1,"completed":1,"failed":1,"skipped":0,"errors":0}

  1) [functional] › tests\e2e\specs\albumTagRename.spec.js:844:1 › FTC-TAGS-015 / FTC-UTIL-PROBLEMS-012 keeps one stable destination through five selected-track moves and restores @area:problematic-files 

    TypeError: Cannot read properties of undefined (reading 'total')

       at ..\actions\trackModalActions.js:213

      211 |       subtitle: String(await this.trackModal.subtitle.textContent() || '').trim(),
      212 |       footer: String(await this.trackModal.footer.textContent() || '').trim(),
    > 213 |       total: String(await this.trackModal.albumTrackTable.total.textContent() || '').trim(),
          |                                                           ^
      214 |       playButtons: await this.trackModal.playButtons.count(),
      215 |       trackRows: await this.trackModal.trackRows.count(),
      216 |       coverLoaded,
        at TrackModalActions.readSummary (D:\a\AlbumHaven\AlbumHaven\tests\e2e\actions\trackModalActions.js:213:59)
        at TrackModalActions.waitForExactAlbumDetails (D:\a\AlbumHaven\AlbumHaven\tests\e2e\actions\trackModalActions.js:394:5)
        at D:\a\AlbumHaven\AlbumHaven\tests\e2e\specs\albumTagRename.spec.js:904:5
        at runStep (D:\a\AlbumHaven\AlbumHaven\tests\e2e\support\baseFixtures.js:146:22)
        at D:\a\AlbumHaven\AlbumHaven\tests\e2e\specs\albumTagRename.spec.js:896:3

    attachment #1: step-transcript.txt (text/plain) ────────────────────────────────────────────────
    [TEST] FTC-TAGS-015 / FTC-UTIL-PROBLEMS-012 keeps one stable destination through five selected-track moves and restores
      [STEP] Open the source album and verify its exact track order
      [FAIL] Open the source album and verify its exact track order :: Cannot read properties of undefined (reading 'tot...
    ────────────────────────────────────────────────────────────────────────────────────────────────

    attachment #3: stacktrace.txt (text/plain) ─────────────────────────────────────────────────────
    Error 1
    TypeError: Cannot read properties of undefined (reading 'total')
        at TrackModalActions.readSummary (D:\a\AlbumHaven\AlbumHaven\tests\e2e\actions\trackModalActions.js:213:59)
        at TrackModalActions.waitForExactAlbumDetails (D:\a\AlbumHaven\AlbumHaven\tests\e2e\actions\trackModalActions.j...
    ────────────────────────────────────────────────────────────────────────────────────────────────

    attachment #4: runtime-log.txt (text/plain) ────────────────────────────────────────────────────
    No runtime logs captured.
    ────────────────────────────────────────────────────────────────────────────────────────────────

    Error Context: ..\..\_temp\functional-output-metadata-mutations\wave-03-10-playwright-config-js\albumTagRename-FTC-TAGS-01-ffefc-ed-track-moves-and-restores-functional\error-context.md

    attachment #7: trace (application/zip) ─────────────────────────────────────────────────────────
    ..\..\_temp\functional-output-metadata-mutations\wave-03-10-playwright-config-js\albumTagRename-FTC-TAGS-01-ffefc-ed-track-moves-and-restores-functional\trace.zip
    Usage:

        npx playwright show-trace ..\..\_temp\functional-output-metadata-mutations\wave-03-10-playwright-config-js\albumTagRename-FTC-TAGS-01-ffefc-ed-track-moves-and-restores-functional\trace.zip

    ────────────────────────────────────────────────────────────────────────────────────────────────

  1 failed
    [functional] › tests\e2e\specs\albumTagRename.spec.js:844:1 › FTC-TAGS-015 / FTC-UTIL-PROBLEMS-012 keeps one stable destination through five selected-track moves and restores @area:problematic-files 

[playwright-wrapper-diagnostic] {"reason":"wrapper-child-lifecycle-mismatch","childExitCode":1,"childExitSignal":null,"childCloseCode":1,"childCloseSignal":null,"processError":null,"stopReason":"none","cleanupOutcome":"completed"}
=== Playwright Summary ===
[x] albumTagRename.spec
  [x] FTC-TAGS-015 / FTC-UTIL-PROBLEMS-012 keeps one stable destination through five selected-track moves and restores @area:problematic-files

Overall: 0/1 passed
Failed tests:
- albumTagRename.spec > FTC-TAGS-015 / FTC-UTIL-PROBLEMS-012 keeps one stable destination through five selected-track moves and restores @area:problematic-files
[playwright-wrapper-final-decision] {"wrapperExitCode":1,"attemptReturn":{"exitCode":1,"exitReason":"wrapper-child-lifecycle-mismatch"},"fakeDatabaseCleanup":{"status":"completed","error":null,"mode":"lock-only"},"scanAppCleanup":{"status":"not-required","error":null},"isolatedAppCleanup":{"status":"completed","error":null},"tempCleanup":{"status":"completed","error":null,"removedCount":1},"passivePortDiagnostics":[{"port":5400,"status":"completed","error":null,"ownerCount":0},{"port":5402,"status":"completed","error":null,"ownerCount":0}],"finalSummary":{"phase":"run-final","status":"failed","total":1,"completed":1,"failed":1,"skipped":0,"errors":0,"listOnly":false},"exitReason":"wrapper-child-lifecycle-mismatch"}
{"restored":0,"removed":0,"unchanged":1497}
Album Haven production E2E app listening on http://127.0.0.1:5400 with 0 artists, 0 albums, 0 tracks, and provider fixtures on http://127.0.0.1:5402
2026-09-18 20:25:15,234 [INFO] music_app: Startup scan-cache hydration completed files=7200 albums=400
2026-09-18 20:25:15,234 [INFO] music_app: Legacy album exclusions migrated albums=1 removed_rules=18 created_rules=1
2026-09-18 20:25:15,663 [INFO] music_app: Relation projection startup readiness ready=true rebuilt=true reason=missing_projection builder_version=local-relation-builder-v9 source_row_count=7438 duration_ms=400.31 source_load=85.38 fingerprint=38.65 pure_build=80.63 family_link_replacement=5.54 snapshot_publication=1.29
2026-09-18 20:25:16,626 [INFO] music_app: {"action": "Index request completed", "album_count": 0, "artist_count": 0, "bootstrap_mode": "fresh_preview", "covers_in_progress": false, "elapsed_ms": 322.01, "hydrate_in_progress": false, "payload_elapsed_ms": 168.06, "query": "", "scan_in_progress": false, "selected_artist": ""}

Running 1 test using 1 worker

2026-09-18 20:25:43,344 [INFO] music_app: {"action": "Index request completed", "album_count": 0, "artist_count": 0, "bootstrap_mode": "fresh_preview", "covers_in_progress": false, "elapsed_ms": 392.53, "hydrate_in_progress": false, "payload_elapsed_ms": 209.84, "query": "", "scan_in_progress": false, "selected_artist": ""}
[TEST] FTC-TAGS-022 restarts one consecutive selection for each disc
  [STEP] Create a second disc through the production tag-save path
2026-09-18 20:25:46,052 [INFO] music_app: {"action": "Index request completed", "album_count": 0, "artist_count": 0, "bootstrap_mode": "fresh_preview", "covers_in_progress": false, "elapsed_ms": 198.0, "hydrate_in_progress": false, "payload_elapsed_ms": 108.92, "query": "", "scan_in_progress": false, "selected_artist": ""}
  [FAIL] Create a second disc through the production tag-save path :: Cannot read properties of undefined (reading 'total') (8392 ms)
  x  1 [functional] › tests\e2e\specs\tagEditorAutoNumber.spec.js:109:1 › FTC-TAGS-022 restarts one consecutive selection for each disc @area:tag-edit (9.5s)
[album-haven-playwright-result] {"version":1,"phase":"tests-complete","nonce":"c4369179da5e9c687a277f314c244f48ab276e191cba7dfcedc9412e285d24d9","status":"failed","total":1,"completed":1,"failed":1,"skipped":0,"errors":0}
[playwright-wrapper-failure-latched] {"phase":"tests-complete","status":"failed","total":1,"completed":1,"failed":1,"skipped":0,"errors":0}



[album-haven-playwright-result] {"version":1,"phase":"run-final","nonce":"c4369179da5e9c687a277f314c244f48ab276e191cba7dfcedc9412e285d24d9","status":"failed","total":1,"completed":1,"failed":1,"skipped":0,"errors":0}

  1) [functional] › tests\e2e\specs\tagEditorAutoNumber.spec.js:109:1 › FTC-TAGS-022 restarts one consecutive selection for each disc @area:tag-edit 

    TypeError: Cannot read properties of undefined (reading 'total')

       at ..\actions\trackModalActions.js:213

      211 |       subtitle: String(await this.trackModal.subtitle.textContent() || '').trim(),
      212 |       footer: String(await this.trackModal.footer.textContent() || '').trim(),
    > 213 |       total: String(await this.trackModal.albumTrackTable.total.textContent() || '').trim(),
          |                                                           ^
      214 |       playButtons: await this.trackModal.playButtons.count(),
      215 |       trackRows: await this.trackModal.trackRows.count(),
      216 |       coverLoaded,
        at TrackModalActions.readSummary (D:\a\AlbumHaven\AlbumHaven\tests\e2e\actions\trackModalActions.js:213:59)
        at TrackModalActions.waitForInteractiveSummary (D:\a\AlbumHaven\AlbumHaven\tests\e2e\actions\trackModalActions.js:256:21)
        at TagEditorActions.openForAlbum (D:\a\AlbumHaven\AlbumHaven\tests\e2e\actions\tagEditorActions.js:28:5)
        at D:\a\AlbumHaven\AlbumHaven\tests\e2e\specs\tagEditorAutoNumber.spec.js:120:5
        at runStep (D:\a\AlbumHaven\AlbumHaven\tests\e2e\support\baseFixtures.js:146:22)
        at D:\a\AlbumHaven\AlbumHaven\tests\e2e\specs\tagEditorAutoNumber.spec.js:117:3

    attachment #1: step-transcript.txt (text/plain) ────────────────────────────────────────────────
    [TEST] FTC-TAGS-022 restarts one consecutive selection for each disc
      [STEP] Create a second disc through the production tag-save path
      [FAIL] Create a second disc through the production tag-save path :: Cannot read properties of undefined (reading 'total') (8392 ms)
    ────────────────────────────────────────────────────────────────────────────────────────────────

    attachment #3: stacktrace.txt (text/plain) ─────────────────────────────────────────────────────
    Error 1
    TypeError: Cannot read properties of undefined (reading 'total')
        at TrackModalActions.readSummary (D:\a\AlbumHaven\AlbumHaven\tests\e2e\actions\trackModalActions.js:213:59)
        at TrackModalActions.waitForInteractiveSummary (D:\a\AlbumHaven\AlbumHaven\tests\e2e\actions\trackModalActions....
    ────────────────────────────────────────────────────────────────────────────────────────────────

    attachment #4: runtime-log.txt (text/plain) ────────────────────────────────────────────────────
    [2026-09-18T20:25:53.486Z] requestfailed/net::ERR_ABORTED: GET http://127.0.0.1:5400/cover?path=D%3A%5Ca%5C_temp%5Calbum-haven-e2e-functional-fixtures-metadata-mutations%5Cshared%5Cmedia%5CE2E%20Rarity%20Artist%5CSparse%20Genre%20Edit%20Fixture%5Ccover.png&size=480&v=process-a0d6fcb642b0dc865386a772...
    ────────────────────────────────────────────────────────────────────────────────────────────────

    Error Context: ..\..\_temp\functional-output-metadata-mutations\wave-03-11-playwright-config-js\tagEditorAutoNumber-FTC-TA-f7ef6-ive-selection-for-each-disc-functional\error-context.md

    attachment #7: trace (application/zip) ─────────────────────────────────────────────────────────
    ..\..\_temp\functional-output-metadata-mutations\wave-03-11-playwright-config-js\tagEditorAutoNumber-FTC-TA-f7ef6-ive-selection-for-each-disc-functional\trace.zip
    Usage:

        npx playwright show-trace ..\..\_temp\functional-output-metadata-mutations\wave-03-11-playwright-config-js\tagEditorAutoNumber-FTC-TA-f7ef6-ive-selection-for-each-disc-functional\trace.zip

    ────────────────────────────────────────────────────────────────────────────────────────────────

  1 failed
    [functional] › tests\e2e\specs\tagEditorAutoNumber.spec.js:109:1 › FTC-TAGS-022 restarts one consecutive selection for each disc @area:tag-edit 

=== Playwright Summary ===
[x] tagEditorAutoNumber.spec
  [x] FTC-TAGS-022 restarts one consecutive selection for each disc @area:tag-edit

Overall: 0/1 passed
Failed tests:
- tagEditorAutoNumber.spec > FTC-TAGS-022 restarts one consecutive selection for each disc @area:tag-edit
[playwright-wrapper-diagnostic] {"reason":"wrapper-child-lifecycle-mismatch","childExitCode":1,"childExitSignal":null,"childCloseCode":1,"childCloseSignal":null,"processError":null,"stopReason":"none","cleanupOutcome":"completed"}
[playwright-wrapper-final-decision] {"wrapperExitCode":1,"attemptReturn":{"exitCode":1,"exitReason":"wrapper-child-lifecycle-mismatch"},"fakeDatabaseCleanup":{"status":"completed","error":null,"mode":"lock-only"},"scanAppCleanup":{"status":"not-required","error":null},"isolatedAppCleanup":{"status":"completed","error":null},"tempCleanup":{"status":"completed","error":null,"removedCount":1},"passivePortDiagnostics":[{"port":5400,"status":"completed","error":null,"ownerCount":0},{"port":5402,"status":"completed","error":null,"ownerCount":0}],"finalSummary":{"phase":"run-final","status":"failed","total":1,"completed":1,"failed":1,"skipped":0,"errors":0,"listOnly":false},"exitReason":"wrapper-child-lifecycle-mismatch"}
{"restored":0,"removed":0,"unchanged":1497}
Album Haven production E2E app listening on http://127.0.0.1:5400 with 0 artists, 0 albums, 0 tracks, and provider fixtures on http://127.0.0.1:5402
2026-09-18 20:26:22,842 [INFO] music_app: Startup scan-cache hydration completed files=7200 albums=400
2026-09-18 20:26:22,842 [INFO] music_app: Legacy album exclusions migrated albums=1 removed_rules=18 created_rules=1
2026-09-18 20:26:23,183 [INFO] music_app: Relation projection startup readiness ready=true rebuilt=true reason=missing_projection builder_version=local-relation-builder-v9 source_row_count=7438 duration_ms=308.44 source_load=85.73 fingerprint=42.30 pure_build=83.97 family_link_replacement=5.86 snapshot_publication=1.39
2026-09-18 20:26:24,193 [INFO] music_app: {"action": "Index request completed", "album_count": 0, "artist_count": 0, "bootstrap_mode": "fresh_preview", "covers_in_progress": false, "elapsed_ms": 346.91, "hydrate_in_progress": false, "payload_elapsed_ms": 178.66, "query": "", "scan_in_progress": false, "selected_artist": ""}

Running 1 test using 1 worker

2026-09-18 20:26:52,176 [INFO] music_app: {"action": "Index request completed", "album_count": 0, "artist_count": 0, "bootstrap_mode": "fresh_preview", "covers_in_progress": false, "elapsed_ms": 202.39, "hydrate_in_progress": false, "payload_elapsed_ms": 111.63, "query": "", "scan_in_progress": false, "selected_artist": ""}
[TEST] FTC-TAGS-013 keeps a year-only edit sparse and retains its optimistic split
  [STEP] Open the generated album and select one physical file
2026-09-18 20:26:54,750 [INFO] music_app: {"action": "Index request completed", "album_count": 0, "artist_count": 0, "bootstrap_mode": "fresh_preview", "covers_in_progress": false, "elapsed_ms": 276.93, "hydrate_in_progress": false, "payload_elapsed_ms": 190.27, "query": "", "scan_in_progress": false, "selected_artist": ""}
  [FAIL] Open the generated album and select one physical file :: Cannot read properties of undefined (reading 'total') (8205 ms)
  x  1 [functional] › tests\e2e\specs\sparseTagEditReconciliation.spec.js:110:1 › FTC-TAGS-013 keeps a year-only edit sparse and retains its optimistic split @area:tag-edit (9.4s)
[playwright-wrapper-failure-latched] {"phase":"tests-complete","status":"failed","total":1,"completed":1,"failed":1,"skipped":0,"errors":0}
[album-haven-playwright-result] {"version":1,"phase":"tests-complete","nonce":"cadc3959ff2c6229b491c291f4d76379367224e78e4b9eabd055d7a564353c63","status":"failed","total":1,"completed":1,"failed":1,"skipped":0,"errors":0}



[album-haven-playwright-result] {"version":1,"phase":"run-final","nonce":"cadc3959ff2c6229b491c291f4d76379367224e78e4b9eabd055d7a564353c63","status":"failed","total":1,"completed":1,"failed":1,"skipped":0,"errors":0}

  1) [functional] › tests\e2e\specs\sparseTagEditReconciliation.spec.js:110:1 › FTC-TAGS-013 keeps a year-only edit sparse and retains its optimistic split @area:tag-edit 

    TypeError: Cannot read properties of undefined (reading 'total')

       at ..\actions\trackModalActions.js:213

      211 |       subtitle: String(await this.trackModal.subtitle.textContent() || '').trim(),
      212 |       footer: String(await this.trackModal.footer.textContent() || '').trim(),
    > 213 |       total: String(await this.trackModal.albumTrackTable.total.textContent() || '').trim(),
          |                                                           ^
      214 |       playButtons: await this.trackModal.playButtons.count(),
      215 |       trackRows: await this.trackModal.trackRows.count(),
      216 |       coverLoaded,
        at TrackModalActions.readSummary (D:\a\AlbumHaven\AlbumHaven\tests\e2e\actions\trackModalActions.js:213:59)
        at TrackModalActions.waitForInteractiveSummary (D:\a\AlbumHaven\AlbumHaven\tests\e2e\actions\trackModalActions.js:256:21)
        at D:\a\AlbumHaven\AlbumHaven\tests\e2e\helpers\sparseTagEditScenario.js:109:13
        at runStep (D:\a\AlbumHaven\AlbumHaven\tests\e2e\support\baseFixtures.js:146:22)
        at runSparseTagEditScenario (D:\a\AlbumHaven\AlbumHaven\tests\e2e\helpers\sparseTagEditScenario.js:88:3)
        at D:\a\AlbumHaven\AlbumHaven\tests\e2e\specs\sparseTagEditReconciliation.spec.js:119:3

    attachment #1: step-transcript.txt (text/plain) ────────────────────────────────────────────────
    [TEST] FTC-TAGS-013 keeps a year-only edit sparse and retains its optimistic split
      [STEP] Open the generated album and select one physical file
      [FAIL] Open the generated album and select one physical file :: Cannot read properties of undefined (reading 'total') (8205 ms)
    ────────────────────────────────────────────────────────────────────────────────────────────────

    attachment #3: stacktrace.txt (text/plain) ─────────────────────────────────────────────────────
    Error 1
    TypeError: Cannot read properties of undefined (reading 'total')
        at TrackModalActions.readSummary (D:\a\AlbumHaven\AlbumHaven\tests\e2e\actions\trackModalActions.js:213:59)
        at TrackModalActions.waitForInteractiveSummary (D:\a\AlbumHaven\AlbumHaven\tests\e2e\actions\trackModalActions....
    ────────────────────────────────────────────────────────────────────────────────────────────────

    attachment #4: runtime-log.txt (text/plain) ────────────────────────────────────────────────────
    [2026-09-18T20:27:01.926Z] requestfailed/net::ERR_ABORTED: GET http://127.0.0.1:5400/cover?path=D%3A%5Ca%5C_temp%5Calbum-haven-e2e-functional-fixtures-metadata-mutations%5Cshared%5Cmedia%5CProgressive%20Projects%5CControl%20Signal%20Family%5CControl%20Signal%20Partner%5CFunctional%20Fixture%20Album%...
    ────────────────────────────────────────────────────────────────────────────────────────────────

    Error Context: ..\..\_temp\functional-output-metadata-mutations\wave-03-12-playwright-config-js\sparseTagEditReconciliatio-10a63-etains-its-optimistic-split-functional\error-context.md

    attachment #7: trace (application/zip) ─────────────────────────────────────────────────────────
    ..\..\_temp\functional-output-metadata-mutations\wave-03-12-playwright-config-js\sparseTagEditReconciliatio-10a63-etains-its-optimistic-split-functional\trace.zip
    Usage:

        npx playwright show-trace ..\..\_temp\functional-output-metadata-mutations\wave-03-12-playwright-config-js\sparseTagEditReconciliatio-10a63-etains-its-optimistic-split-functional\trace.zip

    ────────────────────────────────────────────────────────────────────────────────────────────────

  1 failed
    [functional] › tests\e2e\specs\sparseTagEditReconciliation.spec.js:110:1 › FTC-TAGS-013 keeps a year-only edit sparse and retains its optimistic split @area:tag-edit 

=== Playwright Summary ===
[x] sparseTagEditReconciliation.spec
  [x] FTC-TAGS-013 keeps a year-only edit sparse and retains its optimistic split @area:tag-edit

Overall: 0/1 passed
Failed tests:
- sparseTagEditReconciliation.spec > FTC-TAGS-013 keeps a year-only edit sparse and retains its optimistic split @area:tag-edit
[playwright-wrapper-diagnostic] {"reason":"wrapper-child-lifecycle-mismatch","childExitCode":1,"childExitSignal":null,"childCloseCode":1,"childCloseSignal":null,"processError":null,"stopReason":"none","cleanupOutcome":"completed"}
[playwright-wrapper-final-decision] {"wrapperExitCode":1,"attemptReturn":{"exitCode":1,"exitReason":"wrapper-child-lifecycle-mismatch"},"fakeDatabaseCleanup":{"status":"completed","error":null,"mode":"lock-only"},"scanAppCleanup":{"status":"not-required","error":null},"isolatedAppCleanup":{"status":"completed","error":null},"tempCleanup":{"status":"completed","error":null,"removedCount":1},"passivePortDiagnostics":[{"port":5400,"status":"completed","error":null,"ownerCount":0},{"port":5402,"status":"completed","error":null,"ownerCount":0}],"finalSummary":{"phase":"run-final","status":"failed","total":1,"completed":1,"failed":1,"skipped":0,"errors":0,"listOnly":false},"exitReason":"wrapper-child-lifecycle-mismatch"}
{"restored":0,"removed":0,"unchanged":1497}
{"files":1497}
##[error]Process completed with exit code 1.
##[group]Run $statePath = "D:\a\_temp\album-haven-functional-metadata-mutations.state.json"
$statePath = "D:\a\_temp\album-haven-functional-metadata-mutations.state.json"
if (Test-Path -LiteralPath $statePath -PathType Leaf) {
  .\scripts\ci\bootstrap-windows-postgres.ps1 `
    -Mode Teardown `
    -ExpectedMajorVersion 17 `
    -Pgbin $env:PGBIN `
    -HostName 127.0.0.1 `
    -DatabaseSuffix "f_35389965541_1_2" `
    -StatePath "D:\a\_temp\album-haven-functional-metadata-mutations.state.json"
}
shell: C:\Program Files\PowerShell\7\pwsh.EXE -command ". '{0}'"
env:
  ALBUM_HAVEN_EXPECTED_FFMPEG_VERSION: 7.1-essentials_build-www.gyan.dev
  ALBUM_HAVEN_FIXTURE_RELEASE: fixtures-v1.0.23
  ALBUM_HAVEN_FIXTURE_PROFILE: functional-core
  ALBUM_HAVEN_FIXTURE_ROOT: D:\a\_temp\album-haven-e2e-functional-fixtures-metadata-mutations\shared
  ALBUM_HAVEN_MEDIA_ROOT: D:\a\_temp\album-haven-e2e-functional-fixtures-metadata-mutations\shared\media
  pythonLocation: C:\hostedtoolcache\windows\Python\3.11.9\x64
  PKG_CONFIG_PATH: C:\hostedtoolcache\windows\Python\3.11.9\x64/lib/pkgconfig
  Python_ROOT_DIR: C:\hostedtoolcache\windows\Python\3.11.9\x64
  Python2_ROOT_DIR: C:\hostedtoolcache\windows\Python\3.11.9\x64
  Python3_ROOT_DIR: C:\hostedtoolcache\windows\Python\3.11.9\x64
  ALBUM_HAVEN_FUNCTIONAL_FIXTURE_WORK_ROOT: D:\a\_temp\album-haven-e2e-functional-fixtures-metadata-mutations
  ALBUM_HAVEN_FUNCTIONAL_SOURCE_FIXTURE_ROOT: D:\a\_temp\album-haven-fixtures-0d6525b6add94b5e82aac65d21e25884
  PGPASSFILE: D:\a\_temp\album-haven-postgres-f_35389965541_1_2.pgpass
  ALBUM_HAVEN_CI_DATABASE: album_haven_ci_f_35389965541_1_2
  DATABASE_MIGRATOR_URL: postgresql://album_haven_migrator_f_35389965541_1_2@127.0.0.1/album_haven_ci_f_35389965541_1_2
  DATABASE_APP_URL: postgresql://album_haven_app_f_35389965541_1_2@127.0.0.1/album_haven_ci_f_35389965541_1_2
  DATABASE_READONLY_URL: postgresql://album_haven_readonly_f_35389965541_1_2@127.0.0.1/album_haven_ci_f_35389965541_1_2
  ALBUM_HAVEN_FAKE_E2E_SETUP_DATABASE_URL: postgresql://album_haven_migrator_f_35389965541_1_2@127.0.0.1/album_haven_ci_f_35389965541_1_2
  ALBUM_HAVEN_FAKE_E2E_DATABASE_URL: postgresql://album_haven_app_f_35389965541_1_2@127.0.0.1/album_haven_ci_f_35389965541_1_2
  ALBUM_HAVEN_APP_DATABASE_URL: postgresql://album_haven_app_f_35389965541_1_2@127.0.0.1/album_haven_ci_f_35389965541_1_2
##[endgroup]
 pg_terminate_backend 
----------------------
(0 rows)

DROP DATABASE
DROP ROLE
DROP ROLE
DROP ROLE
Node 20 is being deprecated. This workflow is running with Node 24 by default. If you need to temporarily use Node 20, you can set the ACTIONS_ALLOW_USE_UNSECURE_NODE_VERSION=true environment variable. For more information see: https://github.blog/changelog/2025-09-19-deprecation-of-node-20-on-github-actions-runners/
##[group]Run actions/upload-artifact@v4
with:
  name: foundation-versions-functional-metadata-mutations-1
  path: D:\a\_temp\foundation-version-manifest-functional-metadata-mutations.json
  if-no-files-found: error
  retention-days: 14
  compression-level: 6
  overwrite: false
  include-hidden-files: false
env:
  ALBUM_HAVEN_EXPECTED_FFMPEG_VERSION: 7.1-essentials_build-www.gyan.dev
  ALBUM_HAVEN_FIXTURE_RELEASE: fixtures-v1.0.23
  ALBUM_HAVEN_FIXTURE_PROFILE: functional-core
  ALBUM_HAVEN_FIXTURE_ROOT: D:\a\_temp\album-haven-e2e-functional-fixtures-metadata-mutations\shared
  ALBUM_HAVEN_MEDIA_ROOT: D:\a\_temp\album-haven-e2e-functional-fixtures-metadata-mutations\shared\media
  pythonLocation: C:\hostedtoolcache\windows\Python\3.11.9\x64
  PKG_CONFIG_PATH: C:\hostedtoolcache\windows\Python\3.11.9\x64/lib/pkgconfig
  Python_ROOT_DIR: C:\hostedtoolcache\windows\Python\3.11.9\x64
  Python2_ROOT_DIR: C:\hostedtoolcache\windows\Python\3.11.9\x64
  Python3_ROOT_DIR: C:\hostedtoolcache\windows\Python\3.11.9\x64
  ALBUM_HAVEN_FUNCTIONAL_FIXTURE_WORK_ROOT: D:\a\_temp\album-haven-e2e-functional-fixtures-metadata-mutations
  ALBUM_HAVEN_FUNCTIONAL_SOURCE_FIXTURE_ROOT: D:\a\_temp\album-haven-fixtures-0d6525b6add94b5e82aac65d21e25884
  PGPASSFILE: D:\a\_temp\album-haven-postgres-f_35389965541_1_2.pgpass
  ALBUM_HAVEN_CI_DATABASE: album_haven_ci_f_35389965541_1_2
  DATABASE_MIGRATOR_URL: postgresql://album_haven_migrator_f_35389965541_1_2@127.0.0.1/album_haven_ci_f_35389965541_1_2
  DATABASE_APP_URL: postgresql://album_haven_app_f_35389965541_1_2@127.0.0.1/album_haven_ci_f_35389965541_1_2
  DATABASE_READONLY_URL: postgresql://album_haven_readonly_f_35389965541_1_2@127.0.0.1/album_haven_ci_f_35389965541_1_2
  ALBUM_HAVEN_FAKE_E2E_SETUP_DATABASE_URL: postgresql://album_haven_migrator_f_35389965541_1_2@127.0.0.1/album_haven_ci_f_35389965541_1_2
  ALBUM_HAVEN_FAKE_E2E_DATABASE_URL: postgresql://album_haven_app_f_35389965541_1_2@127.0.0.1/album_haven_ci_f_35389965541_1_2
  ALBUM_HAVEN_APP_DATABASE_URL: postgresql://album_haven_app_f_35389965541_1_2@127.0.0.1/album_haven_ci_f_35389965541_1_2
##[endgroup]
(node:3844) [DEP0040] DeprecationWarning: The `punycode` module is deprecated. Please use a userland alternative instead.
(Use `node --trace-deprecation ...` to show where the warning was created)
With the provided path, there will be 1 file uploaded
Artifact name is valid!
Root directory input is valid!
Beginning upload of artifact content to blob storage
(node:3844) [DEP0169] DeprecationWarning: `url.parse()` behavior is not standardized and prone to errors that have security implications. Use the WHATWG URL API instead. CVEs are not issued for `url.parse()` vulnerabilities.
Uploaded bytes 545
Finished uploading artifact content to blob storage!
SHA256 digest of uploaded artifact zip is d405f5baebc2af5cccfd92c309b4c6b9bc900b0feb3b8dae7182c054860c2653
Finalizing artifact upload
Artifact foundation-versions-functional-metadata-mutations-1.zip successfully finalized. Artifact ID 10565778581
Artifact foundation-versions-functional-metadata-mutations-1 has been successfully uploaded! Final size is 545 bytes. Artifact ID is 10565778581
Artifact download URL: https://github.com/idanilovqa/AlbumHaven/actions/runs/35389965541/artifacts/10565778581
Node 20 is being deprecated. This workflow is running with Node 24 by default. If you need to temporarily use Node 20, you can set the ACTIONS_ALLOW_USE_UNSECURE_NODE_VERSION=true environment variable. For more information see: https://github.blog/changelog/2025-09-19-deprecation-of-node-20-on-github-actions-runners/
##[group]Run actions/upload-artifact@v4
with:
  name: functional-blob-metadata-mutations-1
  path: D:\a\_temp\functional-blobs-metadata-mutations
  if-no-files-found: error
  retention-days: 14
  compression-level: 6
  overwrite: false
  include-hidden-files: false
env:
  ALBUM_HAVEN_EXPECTED_FFMPEG_VERSION: 7.1-essentials_build-www.gyan.dev
  ALBUM_HAVEN_FIXTURE_RELEASE: fixtures-v1.0.23
  ALBUM_HAVEN_FIXTURE_PROFILE: functional-core
  ALBUM_HAVEN_FIXTURE_ROOT: D:\a\_temp\album-haven-e2e-functional-fixtures-metadata-mutations\shared
  ALBUM_HAVEN_MEDIA_ROOT: D:\a\_temp\album-haven-e2e-functional-fixtures-metadata-mutations\shared\media
  pythonLocation: C:\hostedtoolcache\windows\Python\3.11.9\x64
  PKG_CONFIG_PATH: C:\hostedtoolcache\windows\Python\3.11.9\x64/lib/pkgconfig
  Python_ROOT_DIR: C:\hostedtoolcache\windows\Python\3.11.9\x64
  Python2_ROOT_DIR: C:\hostedtoolcache\windows\Python\3.11.9\x64
  Python3_ROOT_DIR: C:\hostedtoolcache\windows\Python\3.11.9\x64
  ALBUM_HAVEN_FUNCTIONAL_FIXTURE_WORK_ROOT: D:\a\_temp\album-haven-e2e-functional-fixtures-metadata-mutations
  ALBUM_HAVEN_FUNCTIONAL_SOURCE_FIXTURE_ROOT: D:\a\_temp\album-haven-fixtures-0d6525b6add94b5e82aac65d21e25884
  PGPASSFILE: D:\a\_temp\album-haven-postgres-f_35389965541_1_2.pgpass
  ALBUM_HAVEN_CI_DATABASE: album_haven_ci_f_35389965541_1_2
  DATABASE_MIGRATOR_URL: postgresql://album_haven_migrator_f_35389965541_1_2@127.0.0.1/album_haven_ci_f_35389965541_1_2
  DATABASE_APP_URL: postgresql://album_haven_app_f_35389965541_1_2@127.0.0.1/album_haven_ci_f_35389965541_1_2
  DATABASE_READONLY_URL: postgresql://album_haven_readonly_f_35389965541_1_2@127.0.0.1/album_haven_ci_f_35389965541_1_2
  ALBUM_HAVEN_FAKE_E2E_SETUP_DATABASE_URL: postgresql://album_haven_migrator_f_35389965541_1_2@127.0.0.1/album_haven_ci_f_35389965541_1_2
  ALBUM_HAVEN_FAKE_E2E_DATABASE_URL: postgresql://album_haven_app_f_35389965541_1_2@127.0.0.1/album_haven_ci_f_35389965541_1_2
  ALBUM_HAVEN_APP_DATABASE_URL: postgresql://album_haven_app_f_35389965541_1_2@127.0.0.1/album_haven_ci_f_35389965541_1_2
##[endgroup]
(node:2480) [DEP0040] DeprecationWarning: The `punycode` module is deprecated. Please use a userland alternative instead.
(Use `node --trace-deprecation ...` to show where the warning was created)
With the provided path, there will be 12 files uploaded
Artifact name is valid!
Root directory input is valid!
Beginning upload of artifact content to blob storage
(node:2480) [DEP0169] DeprecationWarning: `url.parse()` behavior is not standardized and prone to errors that have security implications. Use the WHATWG URL API instead. CVEs are not issued for `url.parse()` vulnerabilities.
Uploaded bytes 8388608
Uploaded bytes 16777216
Uploaded bytes 25165824
Uploaded bytes 33554432
Uploaded bytes 41943040
Uploaded bytes 50331648
Uploaded bytes 58720256
Uploaded bytes 67108864
Uploaded bytes 75497472
Uploaded bytes 83886080
Uploaded bytes 92274688
Uploaded bytes 100663296
Uploaded bytes 108284914
Finished uploading artifact content to blob storage!
SHA256 digest of uploaded artifact zip is dbdf35f80d5b5e4013e1972508a887369e10ab11aad6348044b81d06fdd90b47
Finalizing artifact upload
Artifact functional-blob-metadata-mutations-1.zip successfully finalized. Artifact ID 10565958251
Artifact functional-blob-metadata-mutations-1 has been successfully uploaded! Final size is 108284914 bytes. Artifact ID is 10565958251
Artifact download URL: https://github.com/idanilovqa/AlbumHaven/actions/runs/35389965541/artifacts/10565958251
Node 20 is being deprecated. This workflow is running with Node 24 by default. If you need to temporarily use Node 20, you can set the ACTIONS_ALLOW_USE_UNSECURE_NODE_VERSION=true environment variable. For more information see: https://github.blog/changelog/2025-09-19-deprecation-of-node-20-on-github-actions-runners/
##[group]Run actions/upload-artifact@v4
with:
  name: functional-debug-metadata-mutations-1
  path: D:\a\_temp\functional-output-metadata-mutations
  if-no-files-found: error
  retention-days: 7
  compression-level: 6
  overwrite: false
  include-hidden-files: false
env:
  ALBUM_HAVEN_EXPECTED_FFMPEG_VERSION: 7.1-essentials_build-www.gyan.dev
  ALBUM_HAVEN_FIXTURE_RELEASE: fixtures-v1.0.23
  ALBUM_HAVEN_FIXTURE_PROFILE: functional-core
  ALBUM_HAVEN_FIXTURE_ROOT: D:\a\_temp\album-haven-e2e-functional-fixtures-metadata-mutations\shared
  ALBUM_HAVEN_MEDIA_ROOT: D:\a\_temp\album-haven-e2e-functional-fixtures-metadata-mutations\shared\media
  pythonLocation: C:\hostedtoolcache\windows\Python\3.11.9\x64
  PKG_CONFIG_PATH: C:\hostedtoolcache\windows\Python\3.11.9\x64/lib/pkgconfig
  Python_ROOT_DIR: C:\hostedtoolcache\windows\Python\3.11.9\x64
  Python2_ROOT_DIR: C:\hostedtoolcache\windows\Python\3.11.9\x64
  Python3_ROOT_DIR: C:\hostedtoolcache\windows\Python\3.11.9\x64
  ALBUM_HAVEN_FUNCTIONAL_FIXTURE_WORK_ROOT: D:\a\_temp\album-haven-e2e-functional-fixtures-metadata-mutations
  ALBUM_HAVEN_FUNCTIONAL_SOURCE_FIXTURE_ROOT: D:\a\_temp\album-haven-fixtures-0d6525b6add94b5e82aac65d21e25884
  PGPASSFILE: D:\a\_temp\album-haven-postgres-f_35389965541_1_2.pgpass
  ALBUM_HAVEN_CI_DATABASE: album_haven_ci_f_35389965541_1_2
  DATABASE_MIGRATOR_URL: postgresql://album_haven_migrator_f_35389965541_1_2@127.0.0.1/album_haven_ci_f_35389965541_1_2
  DATABASE_APP_URL: postgresql://album_haven_app_f_35389965541_1_2@127.0.0.1/album_haven_ci_f_35389965541_1_2
  DATABASE_READONLY_URL: postgresql://album_haven_readonly_f_35389965541_1_2@127.0.0.1/album_haven_ci_f_35389965541_1_2
  ALBUM_HAVEN_FAKE_E2E_SETUP_DATABASE_URL: postgresql://album_haven_migrator_f_35389965541_1_2@127.0.0.1/album_haven_ci_f_35389965541_1_2
  ALBUM_HAVEN_FAKE_E2E_DATABASE_URL: postgresql://album_haven_app_f_35389965541_1_2@127.0.0.1/album_haven_ci_f_35389965541_1_2
  ALBUM_HAVEN_APP_DATABASE_URL: postgresql://album_haven_app_f_35389965541_1_2@127.0.0.1/album_haven_ci_f_35389965541_1_2
##[endgroup]
(node:7024) [DEP0040] DeprecationWarning: The `punycode` module is deprecated. Please use a userland alternative instead.
(Use `node --trace-deprecation ...` to show where the warning was created)
With the provided path, there will be 24 files uploaded
Artifact name is valid!
Root directory input is valid!
Beginning upload of artifact content to blob storage
(node:7024) [DEP0169] DeprecationWarning: `url.parse()` behavior is not standardized and prone to errors that have security implications. Use the WHATWG URL API instead. CVEs are not issued for `url.parse()` vulnerabilities.
Uploaded bytes 8388608
Uploaded bytes 16777216
Uploaded bytes 25165824
Uploaded bytes 33554432
Uploaded bytes 41943040
Uploaded bytes 50331648
Uploaded bytes 58720256
Uploaded bytes 67108864
Uploaded bytes 75497472
Uploaded bytes 83886080
Uploaded bytes 92274688
Uploaded bytes 100663296
Uploaded bytes 105172334
Finished uploading artifact content to blob storage!
SHA256 digest of uploaded artifact zip is 8c7a2b8d453f0aabe44b424d56ac2126d92b8e573bf6f62ab3ebe29b5a292c02
Finalizing artifact upload
Artifact functional-debug-metadata-mutations-1.zip successfully finalized. Artifact ID 10566247985
Artifact functional-debug-metadata-mutations-1 has been successfully uploaded! Final size is 105172334 bytes. Artifact ID is 10566247985
Artifact download URL: https://github.com/idanilovqa/AlbumHaven/actions/runs/35389965541/artifacts/10566247985
Post job cleanup.
[command]"C:\Program Files\Git\bin\git.exe" version
git version 2.55.0.windows.5
Temporarily overriding HOME='D:\a\_temp\bf226ea7-fc1f-4698-a024-5de26251e34e' before making global git config changes
Adding repository directory to the temporary git global config as a safe directory
[command]"C:\Program Files\Git\bin\git.exe" config --global --add safe.directory D:\a\AlbumHaven\AlbumHaven\.trusted-ci
[command]"C:\Program Files\Git\bin\git.exe" config --local --name-only --get-regexp core\.sshCommand
[command]"C:\Program Files\Git\bin\git.exe" submodule foreach --recursive "sh -c \"git config --local --name-only --get-regexp 'core\.sshCommand' && git config --local --unset-all 'core.sshCommand' || :\""
[command]"C:\Program Files\Git\bin\git.exe" config --local --name-only --get-regexp http\.https\:\/\/github\.com\/\.extraheader
[command]"C:\Program Files\Git\bin\git.exe" submodule foreach --recursive "sh -c \"git config --local --name-only --get-regexp 'http\.https\:\/\/github\.com\/\.extraheader' && git config --local --unset-all 'http.https://github.com/.extraheader' || :\""
[command]"C:\Program Files\Git\bin\git.exe" config --local --name-only --get-regexp ^includeIf\.gitdir:
[command]"C:\Program Files\Git\bin\git.exe" submodule foreach --recursive "git config --local --show-origin --name-only --get-regexp remote.origin.url"
Post job cleanup.
[command]"C:\Program Files\Git\bin\git.exe" version
git version 2.55.0.windows.5
Temporarily overriding HOME='D:\a\_temp\5e5f1847-5d70-461f-893e-9ac256c736ef' before making global git config changes
Adding repository directory to the temporary git global config as a safe directory
[command]"C:\Program Files\Git\bin\git.exe" config --global --add safe.directory D:\a\AlbumHaven\AlbumHaven
[command]"C:\Program Files\Git\bin\git.exe" config --local --name-only --get-regexp core\.sshCommand
[command]"C:\Program Files\Git\bin\git.exe" submodule foreach --recursive "sh -c \"git config --local --name-only --get-regexp 'core\.sshCommand' && git config --local --unset-all 'core.sshCommand' || :\""
[command]"C:\Program Files\Git\bin\git.exe" config --local --name-only --get-regexp http\.https\:\/\/github\.com\/\.extraheader
[command]"C:\Program Files\Git\bin\git.exe" submodule foreach --recursive "sh -c \"git config --local --name-only --get-regexp 'http\.https\:\/\/github\.com\/\.extraheader' && git config --local --unset-all 'http.https://github.com/.extraheader' || :\""
[command]"C:\Program Files\Git\bin\git.exe" config --local --name-only --get-regexp ^includeIf\.gitdir:
[command]"C:\Program Files\Git\bin\git.exe" submodule foreach --recursive "git config --local --show-origin --name-only --get-regexp remote.origin.url"
Cleaning up orphan processes
##[warning]Node.js 20 is deprecated. The following actions target Node.js 20 but are being forced to run on Node.js 24: actions/setup-node@v4, actions/setup-python@v5, actions/upload-artifact@v4. For more information see: https://github.blog/changelog/2025-09-19-deprecation-of-node-20-on-github-actions-runners/
