2026-09-18T20:10:40.6593536Z Current runner version: '2.337.0'
##[group]Runner Image Provisioner
Hosted Compute Agent
Version: 20260828.587
Commit: abac92662cab4cc7352de4f9f9d2e2419aad9c29
Build Date: 2026-08-28T16:44:25Z
Worker ID: {ec2689b3-92d1-4c4a-b74c-84e9ba7252b1}
Azure Region: eastus
##[endgroup]
##[group]Operating System
Microsoft Windows Server 2025
10.0.26100
Datacenter
##[endgroup]
##[group]Runner Image
Image: windows-2025-vs2026
Version: 20260907.229.1
Included Software: https://github.com/actions/runner-images/blob/win25-vs2026/20260907.229/images/windows/Windows2025-VS2026-Readme.md
Image Release: https://github.com/actions/runner-images/releases/tag/win25-vs2026%2F20260907.229
##[endgroup]
##[group]GITHUB_TOKEN Permissions
Contents: read
Metadata: read
##[endgroup]
Secret source: Actions
Cache mode: write
Prepare workflow directory
Prepare all required actions
Getting action download info
Download action repository 'actions/checkout@v5' (SHA:fbc6f3992d24b796d5a048ff273f7fcc4a7b6c09)
Download action repository 'actions/setup-node@v4' (SHA:49933ea5288caeca8642d1e84afbd3f7d6820020)
Download action repository 'actions/setup-python@v5' (SHA:a26af69be951a213d495a4c3e4e4022e16d87065)
Download action repository 'browser-actions/setup-chrome@v2' (SHA:48ad923757ca74d66703209fe939badbdf80f2f4)
Download action repository 'actions/upload-artifact@v4' (SHA:ea165f8d65b6e75b540449e92b4886f43607fa02)
Complete job name: E2E: gallery-search-visual
##[group]Run actions/checkout@v5
with:
  fetch-depth: 0
  persist-credentials: false
  repository: idanilovqa/AlbumHaven
  token: ***
  ssh-strict: true
  ssh-user: git
  clean: true
  sparse-checkout-cone-mode: true
  fetch-tags: false
  show-progress: true
  lfs: false
  submodules: false
  set-safe-directory: true
  allow-unsafe-pr-checkout: false
env:
  ALBUM_HAVEN_EXPECTED_FFMPEG_VERSION: 7.1-essentials_build-www.gyan.dev
##[endgroup]
Syncing repository: idanilovqa/AlbumHaven
##[group]Getting Git version info
Working directory is 'D:\a\AlbumHaven\AlbumHaven'
[command]"C:\Program Files\Git\bin\git.exe" version
git version 2.55.0.windows.5
##[endgroup]
Temporarily overriding HOME='D:\a\_temp\bbff20d0-354b-4788-a423-8c929a800234' before making global git config changes
Adding repository directory to the temporary git global config as a safe directory
[command]"C:\Program Files\Git\bin\git.exe" config --global --add safe.directory D:\a\AlbumHaven\AlbumHaven
Deleting the contents of 'D:\a\AlbumHaven\AlbumHaven'
##[group]Initializing the repository
[command]"C:\Program Files\Git\bin\git.exe" init D:\a\AlbumHaven\AlbumHaven
Initialized empty Git repository in D:/a/AlbumHaven/AlbumHaven/.git/
[command]"C:\Program Files\Git\bin\git.exe" remote add origin https://github.com/idanilovqa/AlbumHaven
##[endgroup]
##[group]Disabling automatic garbage collection
[command]"C:\Program Files\Git\bin\git.exe" config --local gc.auto 0
##[endgroup]
##[group]Setting up auth
[command]"C:\Program Files\Git\bin\git.exe" config --local --name-only --get-regexp core\.sshCommand
[command]"C:\Program Files\Git\bin\git.exe" submodule foreach --recursive "sh -c \"git config --local --name-only --get-regexp 'core\.sshCommand' && git config --local --unset-all 'core.sshCommand' || :\""
[command]"C:\Program Files\Git\bin\git.exe" config --local --name-only --get-regexp http\.https\:\/\/github\.com\/\.extraheader
[command]"C:\Program Files\Git\bin\git.exe" submodule foreach --recursive "sh -c \"git config --local --name-only --get-regexp 'http\.https\:\/\/github\.com\/\.extraheader' && git config --local --unset-all 'http.https://github.com/.extraheader' || :\""
[command]"C:\Program Files\Git\bin\git.exe" config --local --name-only --get-regexp ^includeIf\.gitdir:
[command]"C:\Program Files\Git\bin\git.exe" submodule foreach --recursive "git config --local --show-origin --name-only --get-regexp remote.origin.url"
[command]"C:\Program Files\Git\bin\git.exe" config --local http.https://github.com/.extraheader "AUTHORIZATION: basic ***"
##[endgroup]
##[group]Fetching the repository
[command]"C:\Program Files\Git\bin\git.exe" -c protocol.version=2 fetch --prune --no-recurse-submodules origin +refs/heads/*:refs/remotes/origin/* +refs/tags/*:refs/tags/* +9159e1ee4c9793bd6f1b168ed08cd2698f385f71:refs/remotes/pull/3/merge
From https://github.com/idanilovqa/AlbumHaven
 * [new branch]      2026-08-30-phase-7-local-auth            -> origin/2026-08-30-phase-7-local-auth
 * [new branch]      2026-09-05-gallery-refactor              -> origin/2026-09-05-gallery-refactor
 * [new branch]      2026-09-08-settings-refactor             -> origin/2026-09-08-settings-refactor
 * [new branch]      2026-09-17-pr3-rf456-build               -> origin/2026-09-17-pr3-rf456-build
 * [new branch]      2026-09-18-pr3-ci-diagnostics            -> origin/2026-09-18-pr3-ci-diagnostics
 * [new branch]      2026-09-18-pr3-js-batch                  -> origin/2026-09-18-pr3-js-batch
 * [new branch]      2026-09-18-pr3-python-batch              -> origin/2026-09-18-pr3-python-batch
 * [new branch]      codex/pr1-review-base-2026-09-10         -> origin/codex/pr1-review-base-2026-09-10
 * [new branch]      codex/pr1-review-snapshot-2026-09-10     -> origin/codex/pr1-review-snapshot-2026-09-10
 * [new branch]      main                                     -> origin/main
 * [new tag]         v0.9.41                                  -> v0.9.41
 * [new tag]         v0.9.42                                  -> v0.9.42
 * [new tag]         v0.9.43                                  -> v0.9.43
 * [new tag]         v0.9.44                                  -> v0.9.44
 * [new ref]         9159e1ee4c9793bd6f1b168ed08cd2698f385f71 -> pull/3/merge
##[endgroup]
##[group]Determining the checkout info
##[endgroup]
[command]"C:\Program Files\Git\bin\git.exe" sparse-checkout disable
[command]"C:\Program Files\Git\bin\git.exe" config --local --unset-all extensions.worktreeConfig
##[group]Checking out the ref
[command]"C:\Program Files\Git\bin\git.exe" checkout --progress --force refs/remotes/pull/3/merge
Note: switching to 'refs/remotes/pull/3/merge'.

You are in 'detached HEAD' state. You can look around, make experimental
changes and commit them, and you can discard any commits you make in this
state without impacting any branches by switching back to a branch.

If you want to create a new branch to retain commits you create, you may
do so (now or later) by using -c with the switch command. Example:

  git switch -c <new-branch-name>

Or undo this operation with:

  git switch -

Turn off this advice by setting config variable advice.detachedHead to false

HEAD is now at 9159e1e Merge ea256e48e5b72e1617f01c9954beec3b432e7da2 into 38f740a4e984a25c0d501a7a2166d6ccdc09dcf3
##[endgroup]
[command]"C:\Program Files\Git\bin\git.exe" log -1 --format=%H
9159e1ee4c9793bd6f1b168ed08cd2698f385f71
##[group]Removing auth
[command]"C:\Program Files\Git\bin\git.exe" config --local --name-only --get-regexp core\.sshCommand
[command]"C:\Program Files\Git\bin\git.exe" submodule foreach --recursive "sh -c \"git config --local --name-only --get-regexp 'core\.sshCommand' && git config --local --unset-all 'core.sshCommand' || :\""
[command]"C:\Program Files\Git\bin\git.exe" config --local --name-only --get-regexp http\.https\:\/\/github\.com\/\.extraheader
http.https://github.com/.extraheader
[command]"C:\Program Files\Git\bin\git.exe" config --local --unset-all http.https://github.com/.extraheader
[command]"C:\Program Files\Git\bin\git.exe" submodule foreach --recursive "sh -c \"git config --local --name-only --get-regexp 'http\.https\:\/\/github\.com\/\.extraheader' && git config --local --unset-all 'http.https://github.com/.extraheader' || :\""
[command]"C:\Program Files\Git\bin\git.exe" config --local --name-only --get-regexp ^includeIf\.gitdir:
[command]"C:\Program Files\Git\bin\git.exe" submodule foreach --recursive "git config --local --show-origin --name-only --get-regexp remote.origin.url"
##[endgroup]
##[group]Run actions/checkout@v5
with:
  ref: 38f740a4e984a25c0d501a7a2166d6ccdc09dcf3
  path: .trusted-ci
  persist-credentials: false
  repository: idanilovqa/AlbumHaven
  token: ***
  ssh-strict: true
  ssh-user: git
  clean: true
  sparse-checkout-cone-mode: true
  fetch-depth: 1
  fetch-tags: false
  show-progress: true
  lfs: false
  submodules: false
  set-safe-directory: true
  allow-unsafe-pr-checkout: false
env:
  ALBUM_HAVEN_EXPECTED_FFMPEG_VERSION: 7.1-essentials_build-www.gyan.dev
##[endgroup]
Syncing repository: idanilovqa/AlbumHaven
##[group]Getting Git version info
Working directory is 'D:\a\AlbumHaven\AlbumHaven\.trusted-ci'
[command]"C:\Program Files\Git\bin\git.exe" version
git version 2.55.0.windows.5
##[endgroup]
Temporarily overriding HOME='D:\a\_temp\88ab6a8c-4a34-46bc-9c08-1e5e8a0e56f6' before making global git config changes
Adding repository directory to the temporary git global config as a safe directory
[command]"C:\Program Files\Git\bin\git.exe" config --global --add safe.directory D:\a\AlbumHaven\AlbumHaven\.trusted-ci
##[group]Initializing the repository
[command]"C:\Program Files\Git\bin\git.exe" init D:\a\AlbumHaven\AlbumHaven\.trusted-ci
Initialized empty Git repository in D:/a/AlbumHaven/AlbumHaven/.trusted-ci/.git/
[command]"C:\Program Files\Git\bin\git.exe" remote add origin https://github.com/idanilovqa/AlbumHaven
##[endgroup]
##[group]Disabling automatic garbage collection
[command]"C:\Program Files\Git\bin\git.exe" config --local gc.auto 0
##[endgroup]
##[group]Setting up auth
[command]"C:\Program Files\Git\bin\git.exe" config --local --name-only --get-regexp core\.sshCommand
[command]"C:\Program Files\Git\bin\git.exe" submodule foreach --recursive "sh -c \"git config --local --name-only --get-regexp 'core\.sshCommand' && git config --local --unset-all 'core.sshCommand' || :\""
[command]"C:\Program Files\Git\bin\git.exe" config --local --name-only --get-regexp http\.https\:\/\/github\.com\/\.extraheader
[command]"C:\Program Files\Git\bin\git.exe" submodule foreach --recursive "sh -c \"git config --local --name-only --get-regexp 'http\.https\:\/\/github\.com\/\.extraheader' && git config --local --unset-all 'http.https://github.com/.extraheader' || :\""
[command]"C:\Program Files\Git\bin\git.exe" config --local --name-only --get-regexp ^includeIf\.gitdir:
[command]"C:\Program Files\Git\bin\git.exe" submodule foreach --recursive "git config --local --show-origin --name-only --get-regexp remote.origin.url"
[command]"C:\Program Files\Git\bin\git.exe" config --local http.https://github.com/.extraheader "AUTHORIZATION: basic ***"
##[endgroup]
##[group]Fetching the repository
[command]"C:\Program Files\Git\bin\git.exe" -c protocol.version=2 fetch --no-tags --prune --no-recurse-submodules --depth=1 origin 38f740a4e984a25c0d501a7a2166d6ccdc09dcf3
From https://github.com/idanilovqa/AlbumHaven
 * branch            38f740a4e984a25c0d501a7a2166d6ccdc09dcf3 -> FETCH_HEAD
##[endgroup]
##[group]Determining the checkout info
##[endgroup]
[command]"C:\Program Files\Git\bin\git.exe" sparse-checkout disable
[command]"C:\Program Files\Git\bin\git.exe" config --local --unset-all extensions.worktreeConfig
##[group]Checking out the ref
[command]"C:\Program Files\Git\bin\git.exe" checkout --progress --force 38f740a4e984a25c0d501a7a2166d6ccdc09dcf3
Note: switching to '38f740a4e984a25c0d501a7a2166d6ccdc09dcf3'.

You are in 'detached HEAD' state. You can look around, make experimental
changes and commit them, and you can discard any commits you make in this
state without impacting any branches by switching back to a branch.

If you want to create a new branch to retain commits you create, you may
do so (now or later) by using -c with the switch command. Example:

  git switch -c <new-branch-name>

Or undo this operation with:

  git switch -

Turn off this advice by setting config variable advice.detachedHead to false

HEAD is now at 38f740a Merge pull request #2 from idanilovqa/2026-09-05-gallery-refactor
##[endgroup]
[command]"C:\Program Files\Git\bin\git.exe" log -1 --format=%H
38f740a4e984a25c0d501a7a2166d6ccdc09dcf3
##[group]Removing auth
[command]"C:\Program Files\Git\bin\git.exe" config --local --name-only --get-regexp core\.sshCommand
[command]"C:\Program Files\Git\bin\git.exe" submodule foreach --recursive "sh -c \"git config --local --name-only --get-regexp 'core\.sshCommand' && git config --local --unset-all 'core.sshCommand' || :\""
[command]"C:\Program Files\Git\bin\git.exe" config --local --name-only --get-regexp http\.https\:\/\/github\.com\/\.extraheader
http.https://github.com/.extraheader
[command]"C:\Program Files\Git\bin\git.exe" config --local --unset-all http.https://github.com/.extraheader
[command]"C:\Program Files\Git\bin\git.exe" submodule foreach --recursive "sh -c \"git config --local --name-only --get-regexp 'http\.https\:\/\/github\.com\/\.extraheader' && git config --local --unset-all 'http.https://github.com/.extraheader' || :\""
[command]"C:\Program Files\Git\bin\git.exe" config --local --name-only --get-regexp ^includeIf\.gitdir:
[command]"C:\Program Files\Git\bin\git.exe" submodule foreach --recursive "git config --local --show-origin --name-only --get-regexp remote.origin.url"
##[endgroup]
##[group]Run & ".trusted-ci\scripts\ci\fetch-test-fixtures.ps1" `
& ".trusted-ci\scripts\ci\fetch-test-fixtures.ps1" `
  -Release fixtures-v1.0.23 `
  -Profile functional-core `
  -ManifestSha256 e3ad2c100a77af2cb25dca2894dbf2c5e8decbc6925acf54c2749f6d3be000c2
shell: C:\Program Files\PowerShell\7\pwsh.EXE -command ". '{0}'"
env:
  ALBUM_HAVEN_EXPECTED_FFMPEG_VERSION: 7.1-essentials_build-www.gyan.dev
  ALBUM_HAVEN_FIXTURES_TOKEN: ***
##[endgroup]
Node 20 is being deprecated. This workflow is running with Node 24 by default. If you need to temporarily use Node 20, you can set the ACTIONS_ALLOW_USE_UNSECURE_NODE_VERSION=true environment variable. For more information see: https://github.blog/changelog/2025-09-19-deprecation-of-node-20-on-github-actions-runners/
##[group]Run actions/setup-node@v4
with:
  node-version: 22
  cache: npm
  always-auth: false
  check-latest: false
  token: ***
env:
  ALBUM_HAVEN_EXPECTED_FFMPEG_VERSION: 7.1-essentials_build-www.gyan.dev
  ALBUM_HAVEN_FIXTURE_RELEASE: fixtures-v1.0.23
  ALBUM_HAVEN_FIXTURE_PROFILE: functional-core
  ALBUM_HAVEN_FIXTURE_ROOT: D:\a\_temp\album-haven-fixtures-5bf08c52229644b887944fe84aa56c80
  ALBUM_HAVEN_MEDIA_ROOT: D:\a\_temp\album-haven-fixtures-5bf08c52229644b887944fe84aa56c80\media
##[endgroup]
Found in cache @ C:\hostedtoolcache\windows\node\22.23.2\x64
(node:4720) [DEP0040] DeprecationWarning: The `punycode` module is deprecated. Please use a userland alternative instead.
(Use `node --trace-deprecation ...` to show where the warning was created)
##[group]Environment details
node: v22.23.2
npm: 10.9.8
yarn: 1.22.22
##[endgroup]
[command]C:\Windows\system32\cmd.exe /D /S /C "C:\hostedtoolcache\windows\node\22.23.2\x64\npm.cmd config get cache"
C:\npm\cache
Cache hit for: node-cache-Windows-x64-npm-26253ee3ceab3d8c9b127fb1ff8b52c4c231c2e05275c7ca052f26b453f7dc92
(node:4720) [DEP0169] DeprecationWarning: `url.parse()` behavior is not standardized and prone to errors that have security implications. Use the WHATWG URL API instead. CVEs are not issued for `url.parse()` vulnerabilities.
Received 3822098 of 3822098 (100.0%), 29.9 MBs/sec
Cache Size: ~4 MB (3822098 B)
[command]"C:\Program Files\Git\usr\bin\tar.exe" -xf D:/a/_temp/15bdf313-64ad-4ea5-ade2-8f4b67662dc7/cache.tzst -P -C D:/a/AlbumHaven/AlbumHaven --force-local --use-compress-program "zstd -d"
Cache restored successfully
Cache restored from key: node-cache-Windows-x64-npm-26253ee3ceab3d8c9b127fb1ff8b52c4c231c2e05275c7ca052f26b453f7dc92
Node 20 is being deprecated. This workflow is running with Node 24 by default. If you need to temporarily use Node 20, you can set the ACTIONS_ALLOW_USE_UNSECURE_NODE_VERSION=true environment variable. For more information see: https://github.blog/changelog/2025-09-19-deprecation-of-node-20-on-github-actions-runners/
##[group]Run actions/setup-python@v5
with:
  python-version: 3.11
  cache: pip
  cache-dependency-path: requirements.txt
  check-latest: false
  token: ***
  update-environment: true
  allow-prereleases: false
  freethreaded: false
env:
  ALBUM_HAVEN_EXPECTED_FFMPEG_VERSION: 7.1-essentials_build-www.gyan.dev
  ALBUM_HAVEN_FIXTURE_RELEASE: fixtures-v1.0.23
  ALBUM_HAVEN_FIXTURE_PROFILE: functional-core
  ALBUM_HAVEN_FIXTURE_ROOT: D:\a\_temp\album-haven-fixtures-5bf08c52229644b887944fe84aa56c80
  ALBUM_HAVEN_MEDIA_ROOT: D:\a\_temp\album-haven-fixtures-5bf08c52229644b887944fe84aa56c80\media
##[endgroup]
##[group]Installed versions
(node:4132) [DEP0040] DeprecationWarning: The `punycode` module is deprecated. Please use a userland alternative instead.
(Use `node --trace-deprecation ...` to show where the warning was created)
Successfully set up CPython (3.11.9)
##[endgroup]
Cache hit for: setup-python-Windows-x64-python-3.11.9-pip-0c6be4352e523693f41bb557265b0d204a2348bd0887365f0c4493752562bd14
(node:4132) [DEP0169] DeprecationWarning: `url.parse()` behavior is not standardized and prone to errors that have security implications. Use the WHATWG URL API instead. CVEs are not issued for `url.parse()` vulnerabilities.
Received 58149912 of 58149912 (100.0%), 123.2 MBs/sec
Cache Size: ~55 MB (58149912 B)
[command]"C:\Program Files\Git\usr\bin\tar.exe" -xf D:/a/_temp/18341db1-fb88-450d-9bb9-12a208e4790a/cache.tzst -P -C D:/a/AlbumHaven/AlbumHaven --force-local --use-compress-program "zstd -d"
Cache restored successfully
Cache restored from key: setup-python-Windows-x64-python-3.11.9-pip-0c6be4352e523693f41bb557265b0d204a2348bd0887365f0c4493752562bd14
##[group]Run npm ci
npm ci
shell: C:\Program Files\PowerShell\7\pwsh.EXE -command ". '{0}'"
env:
  ALBUM_HAVEN_EXPECTED_FFMPEG_VERSION: 7.1-essentials_build-www.gyan.dev
  ALBUM_HAVEN_FIXTURE_RELEASE: fixtures-v1.0.23
  ALBUM_HAVEN_FIXTURE_PROFILE: functional-core
  ALBUM_HAVEN_FIXTURE_ROOT: D:\a\_temp\album-haven-fixtures-5bf08c52229644b887944fe84aa56c80
  ALBUM_HAVEN_MEDIA_ROOT: D:\a\_temp\album-haven-fixtures-5bf08c52229644b887944fe84aa56c80\media
  pythonLocation: C:\hostedtoolcache\windows\Python\3.11.9\x64
  PKG_CONFIG_PATH: C:\hostedtoolcache\windows\Python\3.11.9\x64/lib/pkgconfig
  Python_ROOT_DIR: C:\hostedtoolcache\windows\Python\3.11.9\x64
  Python2_ROOT_DIR: C:\hostedtoolcache\windows\Python\3.11.9\x64
  Python3_ROOT_DIR: C:\hostedtoolcache\windows\Python\3.11.9\x64
##[endgroup]

added 3 packages, and audited 4 packages in 2s

found 0 vulnerabilities
##[group]Run python -m pip install --upgrade pip
python -m pip install --upgrade pip
python -m pip install -r requirements.txt
shell: C:\Program Files\PowerShell\7\pwsh.EXE -command ". '{0}'"
env:
  ALBUM_HAVEN_EXPECTED_FFMPEG_VERSION: 7.1-essentials_build-www.gyan.dev
  ALBUM_HAVEN_FIXTURE_RELEASE: fixtures-v1.0.23
  ALBUM_HAVEN_FIXTURE_PROFILE: functional-core
  ALBUM_HAVEN_FIXTURE_ROOT: D:\a\_temp\album-haven-fixtures-5bf08c52229644b887944fe84aa56c80
  ALBUM_HAVEN_MEDIA_ROOT: D:\a\_temp\album-haven-fixtures-5bf08c52229644b887944fe84aa56c80\media
  pythonLocation: C:\hostedtoolcache\windows\Python\3.11.9\x64
  PKG_CONFIG_PATH: C:\hostedtoolcache\windows\Python\3.11.9\x64/lib/pkgconfig
  Python_ROOT_DIR: C:\hostedtoolcache\windows\Python\3.11.9\x64
  Python2_ROOT_DIR: C:\hostedtoolcache\windows\Python\3.11.9\x64
  Python3_ROOT_DIR: C:\hostedtoolcache\windows\Python\3.11.9\x64
##[endgroup]
Requirement already satisfied: pip in C:\hostedtoolcache\windows\Python\3.11.9\x64\Lib\site-packages (26.2.1)
Collecting jinja2 (from -r requirements.txt (line 1))
  Using cached jinja2-3.1.6-py3-none-any.whl.metadata (2.9 kB)
Collecting markupsafe (from -r requirements.txt (line 2))
  Using cached markupsafe-3.0.3-cp311-cp311-win_amd64.whl.metadata (2.8 kB)
Collecting fastapi==0.115.6 (from -r requirements.txt (line 3))
  Using cached fastapi-0.115.6-py3-none-any.whl.metadata (27 kB)
Collecting uvicorn (from -r requirements.txt (line 4))
  Using cached uvicorn-0.53.0-py3-none-any.whl.metadata (6.6 kB)
Collecting websockets (from -r requirements.txt (line 5))
  Using cached websockets-17.1-cp311-cp311-win_amd64.whl.metadata (6.5 kB)
Collecting mutagen (from -r requirements.txt (line 6))
  Using cached mutagen-1.48.1-py3-none-any.whl.metadata (1.8 kB)
Collecting pillow (from -r requirements.txt (line 7))
  Using cached pillow-12.3.0-cp311-cp311-win_amd64.whl.metadata (9.3 kB)
Collecting imageio-ffmpeg==0.6.0 (from -r requirements.txt (line 8))
  Using cached imageio_ffmpeg-0.6.0-py3-none-win_amd64.whl.metadata (1.5 kB)
Collecting ytmusicapi (from -r requirements.txt (line 9))
  Using cached ytmusicapi-1.12.3-py3-none-any.whl.metadata (4.3 kB)
Collecting pytest (from -r requirements.txt (line 10))
  Using cached pytest-9.1.1-py3-none-any.whl.metadata (7.6 kB)
Collecting zstandard (from -r requirements.txt (line 12))
  Using cached zstandard-0.25.0-cp311-cp311-win_amd64.whl.metadata (3.3 kB)
Collecting argon2-cffi (from -r requirements.txt (line 13))
  Using cached argon2_cffi-25.1.0-py3-none-any.whl.metadata (4.1 kB)
Collecting aiosmtplib (from -r requirements.txt (line 14))
  Using cached aiosmtplib-5.1.3-py3-none-any.whl.metadata (3.6 kB)
Collecting cryptography>=42 (from -r requirements.txt (line 15))
  Using cached cryptography-50.0.1-cp311-abi3-win_amd64.whl.metadata (4.3 kB)
Collecting watchdog<7,>=4.0 (from -r requirements.txt (line 16))
  Using cached watchdog-6.0.0-py3-none-win_amd64.whl.metadata (44 kB)
Collecting psycopg[binary] (from -r requirements.txt (line 11))
  Downloading psycopg-3.3.6-py3-none-any.whl.metadata (4.4 kB)
Collecting starlette<0.42.0,>=0.40.0 (from fastapi==0.115.6->-r requirements.txt (line 3))
  Using cached starlette-0.41.3-py3-none-any.whl.metadata (6.0 kB)
Collecting pydantic!=1.8,!=1.8.1,!=2.0.0,!=2.0.1,!=2.1.0,<3.0.0,>=1.7.4 (from fastapi==0.115.6->-r requirements.txt (line 3))
  Using cached pydantic-2.13.5-py3-none-any.whl.metadata (110 kB)
Collecting typing-extensions>=4.8.0 (from fastapi==0.115.6->-r requirements.txt (line 3))
  Using cached typing_extensions-4.16.0-py3-none-any.whl.metadata (3.3 kB)
Collecting annotated-types>=0.6.0 (from pydantic!=1.8,!=1.8.1,!=2.0.0,!=2.0.1,!=2.1.0,<3.0.0,>=1.7.4->fastapi==0.115.6->-r requirements.txt (line 3))
  Using cached annotated_types-0.8.0-py3-none-any.whl.metadata (15 kB)
Collecting pydantic-core==2.46.5 (from pydantic!=1.8,!=1.8.1,!=2.0.0,!=2.0.1,!=2.1.0,<3.0.0,>=1.7.4->fastapi==0.115.6->-r requirements.txt (line 3))
  Using cached pydantic_core-2.46.5-cp311-cp311-win_amd64.whl.metadata (6.7 kB)
Collecting typing-inspection>=0.4.2 (from pydantic!=1.8,!=1.8.1,!=2.0.0,!=2.0.1,!=2.1.0,<3.0.0,>=1.7.4->fastapi==0.115.6->-r requirements.txt (line 3))
  Using cached typing_inspection-0.4.4-py3-none-any.whl.metadata (2.6 kB)
Collecting anyio<5,>=3.4.0 (from starlette<0.42.0,>=0.40.0->fastapi==0.115.6->-r requirements.txt (line 3))
  Using cached anyio-4.15.1-py3-none-any.whl.metadata (4.7 kB)
Collecting idna>=2.8 (from anyio<5,>=3.4.0->starlette<0.42.0,>=0.40.0->fastapi==0.115.6->-r requirements.txt (line 3))
  Using cached idna-3.20-py3-none-any.whl.metadata (7.2 kB)
Collecting click>=7.0 (from uvicorn->-r requirements.txt (line 4))
  Using cached click-8.5.0-py3-none-any.whl.metadata (2.6 kB)
Collecting h11>=0.8 (from uvicorn->-r requirements.txt (line 4))
  Using cached h11-0.16.0-py3-none-any.whl.metadata (8.3 kB)
Collecting requests>=2.22 (from ytmusicapi->-r requirements.txt (line 9))
  Using cached requests-2.34.2-py3-none-any.whl.metadata (4.8 kB)
Collecting colorama>=0.4 (from pytest->-r requirements.txt (line 10))
  Using cached colorama-0.4.6-py2.py3-none-any.whl.metadata (17 kB)
Collecting iniconfig>=1.0.1 (from pytest->-r requirements.txt (line 10))
  Using cached iniconfig-2.3.0-py3-none-any.whl.metadata (2.5 kB)
Collecting packaging>=22 (from pytest->-r requirements.txt (line 10))
  Using cached packaging-26.3-py3-none-any.whl.metadata (3.5 kB)
Collecting pluggy<2,>=1.5 (from pytest->-r requirements.txt (line 10))
  Using cached pluggy-1.6.0-py3-none-any.whl.metadata (4.8 kB)
Collecting pygments>=2.7.2 (from pytest->-r requirements.txt (line 10))
  Using cached pygments-2.21.0-py3-none-any.whl.metadata (2.5 kB)
Collecting tzdata (from psycopg[binary]->-r requirements.txt (line 11))
  Using cached tzdata-2026.4-py2.py3-none-any.whl.metadata (1.4 kB)
Collecting psycopg-binary==3.3.6 (from psycopg[binary]->-r requirements.txt (line 11))
  Downloading psycopg_binary-3.3.6-cp311-cp311-win_amd64.whl.metadata (2.8 kB)
Collecting argon2-cffi-bindings (from argon2-cffi->-r requirements.txt (line 13))
  Using cached argon2_cffi_bindings-26.1.0-cp310-abi3-win_amd64.whl.metadata (7.5 kB)
Collecting cffi>=2.0.0 (from cryptography>=42->-r requirements.txt (line 15))
  Using cached cffi-2.1.1-cp311-cp311-win_amd64.whl.metadata (2.6 kB)
Collecting pycparser (from cffi>=2.0.0->cryptography>=42->-r requirements.txt (line 15))
  Using cached pycparser-3.0-py3-none-any.whl.metadata (8.2 kB)
Collecting charset_normalizer<4,>=2 (from requests>=2.22->ytmusicapi->-r requirements.txt (line 9))
  Using cached charset_normalizer-3.5.1-cp311-cp311-win_amd64.whl.metadata (46 kB)
Collecting urllib3<3,>=1.26 (from requests>=2.22->ytmusicapi->-r requirements.txt (line 9))
  Using cached urllib3-2.8.0-py3-none-any.whl.metadata (7.4 kB)
Collecting certifi>=2023.5.7 (from requests>=2.22->ytmusicapi->-r requirements.txt (line 9))
  Using cached certifi-2026.7.22-py3-none-any.whl.metadata (2.5 kB)
Using cached fastapi-0.115.6-py3-none-any.whl (94 kB)
Using cached imageio_ffmpeg-0.6.0-py3-none-win_amd64.whl (31.2 MB)
Using cached watchdog-6.0.0-py3-none-win_amd64.whl (79 kB)
Using cached pydantic-2.13.5-py3-none-any.whl (472 kB)
Using cached pydantic_core-2.46.5-cp311-cp311-win_amd64.whl (2.0 MB)
Using cached starlette-0.41.3-py3-none-any.whl (73 kB)
Using cached anyio-4.15.1-py3-none-any.whl (132 kB)
Using cached jinja2-3.1.6-py3-none-any.whl (134 kB)
Using cached markupsafe-3.0.3-cp311-cp311-win_amd64.whl (15 kB)
Using cached uvicorn-0.53.0-py3-none-any.whl (87 kB)
Using cached websockets-17.1-cp311-cp311-win_amd64.whl (217 kB)
Using cached mutagen-1.48.1-py3-none-any.whl (195 kB)
Using cached pillow-12.3.0-cp311-cp311-win_amd64.whl (7.2 MB)
Using cached ytmusicapi-1.12.3-py3-none-any.whl (111 kB)
Using cached pytest-9.1.1-py3-none-any.whl (386 kB)
Using cached pluggy-1.6.0-py3-none-any.whl (20 kB)
Downloading psycopg-3.3.6-py3-none-any.whl (215 kB)
Downloading psycopg_binary-3.3.6-cp311-cp311-win_amd64.whl (3.7 MB)
   ---------------------------------------- 3.7/3.7 MB 55.1 MB/s  0:00:00
Using cached zstandard-0.25.0-cp311-cp311-win_amd64.whl (506 kB)
Using cached argon2_cffi-25.1.0-py3-none-any.whl (14 kB)
Using cached aiosmtplib-5.1.3-py3-none-any.whl (30 kB)
Using cached cryptography-50.0.1-cp311-abi3-win_amd64.whl (3.8 MB)
Using cached annotated_types-0.8.0-py3-none-any.whl (13 kB)
Using cached cffi-2.1.1-cp311-cp311-win_amd64.whl (185 kB)
Using cached click-8.5.0-py3-none-any.whl (125 kB)
Using cached colorama-0.4.6-py2.py3-none-any.whl (25 kB)
Using cached h11-0.16.0-py3-none-any.whl (37 kB)
Using cached idna-3.20-py3-none-any.whl (69 kB)
Using cached iniconfig-2.3.0-py3-none-any.whl (7.5 kB)
Using cached packaging-26.3-py3-none-any.whl (129 kB)
Using cached pygments-2.21.0-py3-none-any.whl (1.3 MB)
Using cached requests-2.34.2-py3-none-any.whl (73 kB)
Using cached charset_normalizer-3.5.1-cp311-cp311-win_amd64.whl (206 kB)
Using cached urllib3-2.8.0-py3-none-any.whl (135 kB)
Using cached certifi-2026.7.22-py3-none-any.whl (136 kB)
Using cached typing_extensions-4.16.0-py3-none-any.whl (45 kB)
Using cached typing_inspection-0.4.4-py3-none-any.whl (14 kB)
Using cached argon2_cffi_bindings-26.1.0-cp310-abi3-win_amd64.whl (25 kB)
Using cached pycparser-3.0-py3-none-any.whl (48 kB)
Using cached tzdata-2026.4-py2.py3-none-any.whl (347 kB)
Installing collected packages: zstandard, websockets, watchdog, urllib3, tzdata, typing-extensions, pygments, pycparser, psycopg-binary, pluggy, pillow, packaging, mutagen, markupsafe, iniconfig, imageio-ffmpeg, idna, h11, colorama, click, charset_normalizer, certifi, annotated-types, aiosmtplib, uvicorn, typing-inspection, requests, pytest, pydantic-core, psycopg, jinja2, cffi, anyio, ytmusicapi, starlette, pydantic, cryptography, argon2-cffi-bindings, fastapi, argon2-cffi

Successfully installed aiosmtplib-5.1.3 annotated-types-0.8.0 anyio-4.15.1 argon2-cffi-25.1.0 argon2-cffi-bindings-26.1.0 certifi-2026.7.22 cffi-2.1.1 charset_normalizer-3.5.1 click-8.5.0 colorama-0.4.6 cryptography-50.0.1 fastapi-0.115.6 h11-0.16.0 idna-3.20 imageio-ffmpeg-0.6.0 iniconfig-2.3.0 jinja2-3.1.6 markupsafe-3.0.3 mutagen-1.48.1 packaging-26.3 pillow-12.3.0 pluggy-1.6.0 psycopg-3.3.6 psycopg-binary-3.3.6 pycparser-3.0 pydantic-2.13.5 pydantic-core-2.46.5 pygments-2.21.0 pytest-9.1.1 requests-2.34.2 starlette-0.41.3 typing-extensions-4.16.0 typing-inspection-0.4.4 tzdata-2026.4 urllib3-2.8.0 uvicorn-0.53.0 watchdog-6.0.0 websockets-17.1 ytmusicapi-1.12.3 zstandard-0.25.0
##[group]Run node scripts/ci/resolve-ci-shard.cjs functional gallery-search-visual
node scripts/ci/resolve-ci-shard.cjs functional gallery-search-visual
shell: C:\Program Files\PowerShell\7\pwsh.EXE -command ". '{0}'"
env:
  ALBUM_HAVEN_EXPECTED_FFMPEG_VERSION: 7.1-essentials_build-www.gyan.dev
  ALBUM_HAVEN_FIXTURE_RELEASE: fixtures-v1.0.23
  ALBUM_HAVEN_FIXTURE_PROFILE: functional-core
  ALBUM_HAVEN_FIXTURE_ROOT: D:\a\_temp\album-haven-fixtures-5bf08c52229644b887944fe84aa56c80
  ALBUM_HAVEN_MEDIA_ROOT: D:\a\_temp\album-haven-fixtures-5bf08c52229644b887944fe84aa56c80\media
  pythonLocation: C:\hostedtoolcache\windows\Python\3.11.9\x64
  PKG_CONFIG_PATH: C:\hostedtoolcache\windows\Python\3.11.9\x64/lib/pkgconfig
  Python_ROOT_DIR: C:\hostedtoolcache\windows\Python\3.11.9\x64
  Python2_ROOT_DIR: C:\hostedtoolcache\windows\Python\3.11.9\x64
  Python3_ROOT_DIR: C:\hostedtoolcache\windows\Python\3.11.9\x64
##[endgroup]
##[group]Run browser-actions/setup-chrome@v2
with:
  chrome-version: 151.0.7922.138
  install-dependencies: false
  install-chromedriver: false
  no-sudo: false
env:
  ALBUM_HAVEN_EXPECTED_FFMPEG_VERSION: 7.1-essentials_build-www.gyan.dev
  ALBUM_HAVEN_FIXTURE_RELEASE: fixtures-v1.0.23
  ALBUM_HAVEN_FIXTURE_PROFILE: functional-core
  ALBUM_HAVEN_FIXTURE_ROOT: D:\a\_temp\album-haven-fixtures-5bf08c52229644b887944fe84aa56c80
  ALBUM_HAVEN_MEDIA_ROOT: D:\a\_temp\album-haven-fixtures-5bf08c52229644b887944fe84aa56c80\media
  pythonLocation: C:\hostedtoolcache\windows\Python\3.11.9\x64
  PKG_CONFIG_PATH: C:\hostedtoolcache\windows\Python\3.11.9\x64/lib/pkgconfig
  Python_ROOT_DIR: C:\hostedtoolcache\windows\Python\3.11.9\x64
  Python2_ROOT_DIR: C:\hostedtoolcache\windows\Python\3.11.9\x64
  Python3_ROOT_DIR: C:\hostedtoolcache\windows\Python\3.11.9\x64
##[endgroup]
Setup chrome 151.0.7922.138
Attempting to download chrome 151.0.7922.138...
Acquiring chrome 151.0.7922.138 from https://storage.googleapis.com/chrome-for-testing-public/151.0.7922.138/win64/chrome-win64.zip
Installing chrome...
[command]"C:\Program Files\PowerShell\7\pwsh.exe" -NoLogo -NoProfile -NonInteractive -ExecutionPolicy Unrestricted -Command "$ErrorActionPreference = 'Stop' ; try { Add-Type -AssemblyName System.IO.Compression.ZipFile } catch { } ; try { [System.IO.Compression.ZipFile]::ExtractToDirectory('D:\a\_temp\5e372e4c-b9f2-4f34-8eff-b4f3bd88f145', 'D:\a\_temp\35d314eb-8582-4217-a900-b209ee688432', $true) } catch { if (($_.Exception.GetType().FullName -eq 'System.Management.Automation.MethodException') -or ($_.Exception.GetType().FullName -eq 'System.Management.Automation.RuntimeException') ){ Expand-Archive -LiteralPath 'D:\a\_temp\5e372e4c-b9f2-4f34-8eff-b4f3bd88f145' -DestinationPath 'D:\a\_temp\35d314eb-8582-4217-a900-b209ee688432' -Force } else { throw $_ } } ;"
Successfully Installed chrome to C:\hostedtoolcache\windows\setup-chrome\chrome\151.0.7922.138\x64
[command]C:\Windows\System32\WindowsPowerShell\v1.0\powershell.exe -Command "(Get-Item (Get-Command 'C:\hostedtoolcache\windows\setup-chrome\chrome\151.0.7922.138\x64\chrome.exe').Source).VersionInfo.ProductVersion"
151.0.7922.138
Successfully setup chrome 151.0.7922.138
##[group]Run $sourceRoot = [IO.Path]::GetFullPath($env:ALBUM_HAVEN_FIXTURE_ROOT)
$sourceRoot = [IO.Path]::GetFullPath($env:ALBUM_HAVEN_FIXTURE_ROOT)
$workRoot = [IO.Path]::GetFullPath((Join-Path "D:\a\_temp" "album-haven-e2e-functional-fixtures-gallery-search-visual"))
$sharedRoot = Join-Path $workRoot "shared"
$runnerTemp = [IO.Path]::GetFullPath("D:\a\_temp")
$relativeWork = [IO.Path]::GetRelativePath($runnerTemp, $workRoot)
if ([string]::IsNullOrWhiteSpace($relativeWork) -or $relativeWork.StartsWith("..") -or [IO.Path]::IsPathRooted($relativeWork)) {
  throw "Functional fixture work root must be a non-root child of RUNNER_TEMP."
}
if (-not (Test-Path -LiteralPath (Join-Path $sourceRoot "manifest.json") -PathType Leaf) -or
    -not (Test-Path -LiteralPath (Join-Path $sourceRoot "database") -PathType Container) -or
    -not (Test-Path -LiteralPath (Join-Path $sourceRoot "media") -PathType Container)) {
  throw "Downloaded functional fixture is incomplete."
}
if (Test-Path -LiteralPath $workRoot) {
  throw "Functional fixture work root must not already exist."
}
New-Item -ItemType Directory -Path $workRoot | Out-Null
Copy-Item -LiteralPath $sourceRoot -Destination $sharedRoot -Recurse
if (-not (Test-Path -LiteralPath (Join-Path $sharedRoot "manifest.json") -PathType Leaf) -or
    -not (Test-Path -LiteralPath (Join-Path $sharedRoot "database") -PathType Container) -or
    -not (Test-Path -LiteralPath (Join-Path $sharedRoot "media") -PathType Container)) {
  throw "Writable functional fixture copy is incomplete."
}
"ALBUM_HAVEN_FUNCTIONAL_FIXTURE_WORK_ROOT=$workRoot" | Out-File -FilePath $env:GITHUB_ENV -Append -Encoding utf8
"ALBUM_HAVEN_FUNCTIONAL_SOURCE_FIXTURE_ROOT=$sourceRoot" | Out-File -FilePath $env:GITHUB_ENV -Append -Encoding utf8
"ALBUM_HAVEN_FIXTURE_ROOT=$sharedRoot" | Out-File -FilePath $env:GITHUB_ENV -Append -Encoding utf8
"ALBUM_HAVEN_MEDIA_ROOT=$(Join-Path $sharedRoot 'media')" | Out-File -FilePath $env:GITHUB_ENV -Append -Encoding utf8
shell: C:\Program Files\PowerShell\7\pwsh.EXE -command ". '{0}'"
env:
  ALBUM_HAVEN_EXPECTED_FFMPEG_VERSION: 7.1-essentials_build-www.gyan.dev
  ALBUM_HAVEN_FIXTURE_RELEASE: fixtures-v1.0.23
  ALBUM_HAVEN_FIXTURE_PROFILE: functional-core
  ALBUM_HAVEN_FIXTURE_ROOT: D:\a\_temp\album-haven-fixtures-5bf08c52229644b887944fe84aa56c80
  ALBUM_HAVEN_MEDIA_ROOT: D:\a\_temp\album-haven-fixtures-5bf08c52229644b887944fe84aa56c80\media
  pythonLocation: C:\hostedtoolcache\windows\Python\3.11.9\x64
  PKG_CONFIG_PATH: C:\hostedtoolcache\windows\Python\3.11.9\x64/lib/pkgconfig
  Python_ROOT_DIR: C:\hostedtoolcache\windows\Python\3.11.9\x64
  Python2_ROOT_DIR: C:\hostedtoolcache\windows\Python\3.11.9\x64
  Python3_ROOT_DIR: C:\hostedtoolcache\windows\Python\3.11.9\x64
##[endgroup]
##[group]Run if (-not (Test-Path -LiteralPath ".\scripts\ci\load-fixture-profile.py" -PathType Leaf)) {
if (-not (Test-Path -LiteralPath ".\scripts\ci\load-fixture-profile.py" -PathType Leaf)) {
  throw "scripts/ci/load-fixture-profile.py is required."
}
$env:PLAYWRIGHT_PROVIDER_PORT = ([int]"5200" + 2).ToString()
.\scripts\ci\bootstrap-windows-postgres.ps1 `
  -Mode Provision `
  -ExpectedMajorVersion 17 `
  -Pgbin $env:PGBIN `
  -HostName 127.0.0.1 `
  -DatabaseSuffix "f_35389965541_1_0" `
  -StatePath "D:\a\_temp\album-haven-functional-gallery-search-visual.state.json"
shell: C:\Program Files\PowerShell\7\pwsh.EXE -command ". '{0}'"
env:
  ALBUM_HAVEN_EXPECTED_FFMPEG_VERSION: 7.1-essentials_build-www.gyan.dev
  ALBUM_HAVEN_FIXTURE_RELEASE: fixtures-v1.0.23
  ALBUM_HAVEN_FIXTURE_PROFILE: functional-core
  ALBUM_HAVEN_FIXTURE_ROOT: D:\a\_temp\album-haven-e2e-functional-fixtures-gallery-search-visual\shared
  ALBUM_HAVEN_MEDIA_ROOT: D:\a\_temp\album-haven-e2e-functional-fixtures-gallery-search-visual\shared\media
  pythonLocation: C:\hostedtoolcache\windows\Python\3.11.9\x64
  PKG_CONFIG_PATH: C:\hostedtoolcache\windows\Python\3.11.9\x64/lib/pkgconfig
  Python_ROOT_DIR: C:\hostedtoolcache\windows\Python\3.11.9\x64
  Python2_ROOT_DIR: C:\hostedtoolcache\windows\Python\3.11.9\x64
  Python3_ROOT_DIR: C:\hostedtoolcache\windows\Python\3.11.9\x64
  ALBUM_HAVEN_FUNCTIONAL_FIXTURE_WORK_ROOT: D:\a\_temp\album-haven-e2e-functional-fixtures-gallery-search-visual
  ALBUM_HAVEN_FUNCTIONAL_SOURCE_FIXTURE_ROOT: D:\a\_temp\album-haven-fixtures-5bf08c52229644b887944fe84aa56c80
##[endgroup]
BEGIN
DO
CREATE ROLE
CREATE ROLE
CREATE ROLE
COMMIT
CREATE DATABASE
REVOKE
GRANT
GRANT
CREATE SCHEMA
CREATE SCHEMA
CREATE SCHEMA
CREATE SCHEMA
CREATE TABLE
CREATE TABLE
CREATE TABLE
CREATE INDEX
CREATE INDEX
CREATE TABLE
CREATE INDEX
CREATE INDEX
CREATE TABLE
CREATE INDEX
CREATE INDEX
CREATE TABLE
CREATE INDEX
CREATE INDEX
CREATE TABLE
CREATE INDEX
CREATE INDEX
CREATE INDEX
CREATE TABLE
CREATE INDEX
CREATE INDEX
CREATE TABLE
CREATE INDEX
CREATE INDEX
CREATE TABLE
CREATE INDEX
CREATE TABLE
CREATE INDEX
CREATE INDEX
CREATE TABLE
CREATE INDEX
CREATE INDEX
CREATE INDEX
CREATE INDEX
CREATE TABLE
CREATE INDEX
CREATE INDEX
CREATE INDEX
CREATE INDEX
CREATE INDEX
CREATE TABLE
CREATE INDEX
CREATE INDEX
CREATE INDEX
CREATE INDEX
CREATE INDEX
CREATE TABLE
CREATE INDEX
CREATE INDEX
CREATE INDEX
CREATE INDEX
CREATE INDEX
CREATE INDEX
CREATE TABLE
CREATE INDEX
CREATE INDEX
CREATE INDEX
CREATE TABLE
CREATE INDEX
CREATE INDEX
CREATE TABLE
CREATE INDEX
CREATE INDEX
CREATE TABLE
CREATE INDEX
CREATE INDEX
CREATE TABLE
CREATE INDEX
CREATE INDEX
CREATE TABLE
CREATE INDEX
CREATE INDEX
CREATE TABLE
CREATE INDEX
CREATE INDEX
CREATE INDEX
CREATE TABLE
CREATE INDEX
CREATE INDEX
CREATE INDEX
CREATE INDEX
CREATE TABLE
CREATE INDEX
CREATE INDEX
CREATE INDEX
CREATE INDEX
CREATE INDEX
CREATE TABLE
CREATE INDEX
CREATE TABLE
CREATE INDEX
CREATE TABLE
CREATE INDEX
CREATE INDEX
CREATE INDEX
CREATE INDEX
CREATE TABLE
CREATE INDEX
CREATE INDEX
CREATE TABLE
CREATE INDEX
CREATE INDEX
CREATE INDEX
CREATE INDEX
CREATE TABLE
CREATE INDEX
CREATE INDEX
CREATE INDEX
CREATE INDEX
CREATE TABLE
CREATE INDEX
CREATE INDEX
CREATE INDEX
CREATE TABLE
CREATE INDEX
CREATE TABLE
CREATE INDEX
CREATE INDEX
DO
DO
DO
DO
INSERT 0 1
CREATE TABLE
CREATE INDEX
CREATE INDEX
CREATE INDEX
CREATE INDEX
CREATE INDEX
CREATE INDEX
CREATE INDEX
DO
DO
DO
INSERT 0 1
ALTER TABLE
ALTER TABLE
ALTER TABLE
ALTER TABLE
CREATE INDEX
CREATE INDEX
CREATE INDEX
CREATE INDEX
CREATE INDEX
CREATE INDEX
CREATE INDEX
CREATE INDEX
INSERT 0 1
CREATE INDEX
CREATE INDEX
CREATE INDEX
INSERT 0 1
CREATE TABLE
INSERT 0 6
CREATE TABLE
CREATE INDEX
CREATE INDEX
CREATE TABLE
CREATE INDEX
CREATE INDEX
CREATE INDEX
DO
DO
INSERT 0 1
UPDATE 0
psql:D:/a/AlbumHaven/AlbumHaven/migrations/postgres/0006_scope_lastfm_sync_identities.sql:26: NOTICE:  index "lastfm_sessions_account_username_idx" does not exist, skipping
DROP INDEX
CREATE INDEX
psql:D:/a/AlbumHaven/AlbumHaven/migrations/postgres/0006_scope_lastfm_sync_identities.sql:31: NOTICE:  index "pending_scrobbles_source_identity_idx" does not exist, skipping
DROP INDEX
psql:D:/a/AlbumHaven/AlbumHaven/migrations/postgres/0006_scope_lastfm_sync_identities.sql:43: NOTICE:  relation "pending_scrobbles_source_identity_idx" already exists, skipping
CREATE INDEX
psql:D:/a/AlbumHaven/AlbumHaven/migrations/postgres/0006_scope_lastfm_sync_identities.sql:45: NOTICE:  index "scrobble_retry_state_source_identity_idx" does not exist, skipping
DROP INDEX
psql:D:/a/AlbumHaven/AlbumHaven/migrations/postgres/0006_scope_lastfm_sync_identities.sql:59: NOTICE:  relation "scrobble_retry_state_source_identity_idx" already exists, skipping
CREATE INDEX
INSERT 0 1
DROP INDEX
CREATE INDEX
INSERT 0 1
DROP INDEX
CREATE INDEX
INSERT 0 1
CREATE TABLE
CREATE INDEX
CREATE INDEX
DO
INSERT 0 1
CREATE TABLE
CREATE INDEX
CREATE INDEX
CREATE INDEX
CREATE TABLE
CREATE INDEX
CREATE INDEX
CREATE INDEX
DO
INSERT 0 1
CREATE TABLE
CREATE INDEX
CREATE INDEX
CREATE INDEX
DO
INSERT 0 1
CREATE TABLE
CREATE INDEX
CREATE INDEX
CREATE INDEX
DO
INSERT 0 1
CREATE TABLE
CREATE INDEX
CREATE INDEX
CREATE INDEX
DO
INSERT 0 1
UPDATE 0
INSERT 0 1
CREATE TABLE
CREATE INDEX
CREATE INDEX
CREATE INDEX
CREATE INDEX
CREATE INDEX
CREATE INDEX
DO
INSERT 0 1
DO
INSERT 0 1
CREATE TABLE
CREATE INDEX
INSERT 0 1
GRANT
INSERT 0 1
DROP INDEX
CREATE INDEX
UPDATE 0
INSERT 0 1
psql:D:/a/AlbumHaven/AlbumHaven/migrations/postgres/0019_create_local_album_featured_artists.sql:13: NOTICE:  relation "local_album_featured_artists" already exists, skipping
CREATE TABLE
psql:D:/a/AlbumHaven/AlbumHaven/migrations/postgres/0019_create_local_album_featured_artists.sql:16: NOTICE:  relation "local_album_featured_artists_library_id_idx" already exists, skipping
CREATE INDEX
psql:D:/a/AlbumHaven/AlbumHaven/migrations/postgres/0019_create_local_album_featured_artists.sql:19: NOTICE:  relation "local_album_featured_artists_album_id_idx" already exists, skipping
CREATE INDEX
psql:D:/a/AlbumHaven/AlbumHaven/migrations/postgres/0019_create_local_album_featured_artists.sql:22: NOTICE:  relation "local_album_featured_artists_artist_id_idx" already exists, skipping
CREATE INDEX
psql:D:/a/AlbumHaven/AlbumHaven/migrations/postgres/0019_create_local_album_featured_artists.sql:25: NOTICE:  relation "local_album_featured_artists_library_artist_idx" already exists, skipping
CREATE INDEX
psql:D:/a/AlbumHaven/AlbumHaven/migrations/postgres/0019_create_local_album_featured_artists.sql:28: NOTICE:  relation "local_album_featured_artists_identity_idx" already exists, skipping
CREATE INDEX
DO
INSERT 0 1
DO
INSERT 0 1
psql:D:/a/AlbumHaven/AlbumHaven/migrations/postgres/0021_add_problematic_file_generated_projection.sql:1: NOTICE:  index "local_track_files_active_track_projection_idx" does not exist, skipping
DROP INDEX
CREATE FUNCTION
REVOKE
DO
ALTER TABLE
ALTER TABLE
ALTER TABLE
INSERT 0 1
DROP INDEX
CREATE INDEX
DROP INDEX
CREATE INDEX
INSERT 0 1
CREATE FUNCTION
CREATE FUNCTION
CREATE FUNCTION
psql:D:/a/AlbumHaven/AlbumHaven/migrations/postgres/0023_link_local_track_files_to_library_***s.sql:162: NOTICE:  function library.windows_path_key(text) does not exist, skipping
DROP FUNCTION
CREATE FUNCTION
UPDATE 0
UPDATE 0
DO
REVOKE
REVOKE
REVOKE
REVOKE
DO
INSERT 0 1
CREATE EXTENSION
DO
INSERT 0 1
DO
INSERT 0 1
CREATE TABLE
CREATE INDEX
CREATE INDEX
DO
INSERT 0 1
DO
INSERT 0 1
DROP INDEX
CREATE INDEX
INSERT 0 1
psql:D:/a/AlbumHaven/AlbumHaven/migrations/postgres/0029_repair_lastfm_session_conflict_identity.sql:2: NOTICE:  relation "lastfm_sessions_account_username_idx" already exists, skipping
CREATE INDEX
INSERT 0 1
DROP TABLE
INSERT 0 1
CREATE INDEX
INSERT 0 1
DROP INDEX
CREATE INDEX
INSERT 0 1
psql:D:/a/AlbumHaven/AlbumHaven/migrations/postgres/0033_repair_section14_album_identity_corruption.sql:9: NOTICE:  schema "pg_temp" does not exist, skipping
DROP TABLE
CREATE TABLE
INSERT 0 0
INSERT 0 0
DO
SELECT 0
UPDATE 0
INSERT 0 0
DELETE 0
INSERT 0 0
DELETE 0
UPDATE 0
DELETE 0
UPDATE 0
DELETE 0
UPDATE 0
UPDATE 0
DELETE 0
DELETE 0
DELETE 0
DROP TABLE
DROP TABLE
INSERT 0 1
LOCK TABLE
psql:D:/a/AlbumHaven/AlbumHaven/migrations/postgres/0034_reconcile_semantic_local_albums.sql:8: NOTICE:  schema "pg_temp" does not exist, skipping
DROP TABLE
CREATE TABLE
INSERT 0 0
 id 
----
(0 rows)

UPDATE 0
INSERT 0 0
DELETE 0
INSERT 0 0
DELETE 0
UPDATE 0
INSERT 0 0
DELETE 0
INSERT 0 0
DELETE 0
UPDATE 0
UPDATE 0
DELETE 0
DROP TABLE
DO
INSERT 0 1
psql:D:/a/AlbumHaven/AlbumHaven/migrations/postgres/0035_enforce_semantic_local_album_identity.sql:7: NOTICE:  trigger "local_albums_semantic_identity_check" for relation "library.local_albums" does not exist, skipping
DROP TRIGGER
psql:D:/a/AlbumHaven/AlbumHaven/migrations/postgres/0035_enforce_semantic_local_album_identity.sql:9: NOTICE:  trigger "separate_releases_semantic_identity_check" for relation "library.separate_releases" does not exist, skipping
DROP TRIGGER
psql:D:/a/AlbumHaven/AlbumHaven/migrations/postgres/0035_enforce_semantic_local_album_identity.sql:11: NOTICE:  trigger "local_artists_semantic_identity_check" for relation "library.local_artists" does not exist, skipping
psql:D:/a/AlbumHaven/AlbumHaven/migrations/postgres/0035_enforce_semantic_local_album_identity.sql:13: NOTICE:  trigger "local_albums_semantic_identity_discriminator" for relation "library.local_albums" does not exist, skipping
DROP TRIGGER
DROP TRIGGER
psql:D:/a/AlbumHaven/AlbumHaven/migrations/postgres/0035_enforce_semantic_local_album_identity.sql:15: NOTICE:  trigger "separate_releases_semantic_identity_discriminator" for relation "library.separate_releases" does not exist, skipping
psql:D:/a/AlbumHaven/AlbumHaven/migrations/postgres/0035_enforce_semantic_local_album_identity.sql:17: NOTICE:  trigger "separate_releases_semantic_identity_reconciliation" for relation "library.separate_releases" does not exist, skipping
DROP TRIGGER
DROP TRIGGER
psql:D:/a/AlbumHaven/AlbumHaven/migrations/postgres/0035_enforce_semantic_local_album_identity.sql:19: NOTICE:  trigger "local_artists_semantic_identity_discriminator" for relation "library.local_artists" does not exist, skipping
psql:D:/a/AlbumHaven/AlbumHaven/migrations/postgres/0035_enforce_semantic_local_album_identity.sql:21: NOTICE:  trigger "separate_releases_inventory_publication_lock" for relation "library.separate_releases" does not exist, skipping
psql:D:/a/AlbumHaven/AlbumHaven/migrations/postgres/0035_enforce_semantic_local_album_identity.sql:23: NOTICE:  trigger "local_artists_inventory_publication_lock" for relation "library.local_artists" does not exist, skipping
DROP TRIGGER
DROP TRIGGER
DROP TRIGGER
psql:D:/a/AlbumHaven/AlbumHaven/migrations/postgres/0035_enforce_semantic_local_album_identity.sql:24: NOTICE:  function library.enforce_semantic_local_album_identity() does not exist, skipping
DROP FUNCTION
ALTER TABLE
CREATE FUNCTION
CREATE TRIGGER
CREATE TRIGGER
UPDATE 0
CREATE INDEX
CREATE FUNCTION
CREATE TRIGGER
CREATE FUNCTION
CREATE FUNCTION
CREATE TRIGGER
CREATE FUNCTION
CREATE TRIGGER
INSERT 0 1
CREATE INDEX
INSERT 0 1
CREATE INDEX
INSERT 0 1
CREATE INDEX
CREATE INDEX
DROP INDEX
psql:D:/a/AlbumHaven/AlbumHaven/migrations/postgres/0038_add_problematic_required_text_candidate.sql:25: NOTICE:  index "local_track_files_problem_candidate_v2_idx" does not exist, skipping
psql:D:/a/AlbumHaven/AlbumHaven/migrations/postgres/0038_add_problematic_required_text_candidate.sql:26: NOTICE:  index "local_track_files_problem_candidate_v3_idx" does not exist, skipping
DROP INDEX
DROP INDEX
psql:D:/a/AlbumHaven/AlbumHaven/migrations/postgres/0038_add_problematic_required_text_candidate.sql:27: NOTICE:  index "local_track_files_problem_candidate_v4_idx" does not exist, skipping
DROP INDEX
psql:D:/a/AlbumHaven/AlbumHaven/migrations/postgres/0038_add_problematic_required_text_candidate.sql:30: NOTICE:  column "scan_file_required_text_missing_candidate" of relation "local_track_files" does not exist, skipping
ALTER TABLE
INSERT 0 1
DO
INSERT 0 1
DO
INSERT 0 1
psql:D:/a/AlbumHaven/AlbumHaven/migrations/postgres/0041_create_local_album_cover_candidate_snapshots.sql:32: NOTICE:  identifier "local_album_cover_candidate_snapshots_automatic_improvement_revision_check" will be truncated to "local_album_cover_candidate_snapshots_automatic_improvement_rev"
psql:D:/a/AlbumHaven/AlbumHaven/migrations/postgres/0041_create_local_album_cover_candidate_snapshots.sql:32: NOTICE:  identifier "local_album_cover_candidate_snapshots_seen_automatic_improvement_revision_check" will be truncated to "local_album_cover_candidate_snapshots_seen_automatic_improvemen"
CREATE TABLE
UPDATE 0
DO
INSERT 0 1
ALTER TABLE
INSERT 0 1
CREATE TABLE
DO
INSERT 0 1
CREATE TABLE
CREATE INDEX
DO
INSERT 0 1
CREATE INDEX
INSERT 0 1
ALTER TABLE
UPDATE 0
ALTER TABLE
DO
CREATE INDEX
CREATE INDEX
CREATE TABLE
CREATE TABLE
CREATE INDEX
CREATE INDEX
CREATE INDEX
CREATE TABLE
CREATE INDEX
DO
ALTER TABLE
UPDATE 0
UPDATE 0
ALTER TABLE
DO
CREATE INDEX
CREATE TABLE
CREATE INDEX
CREATE INDEX
CREATE INDEX
CREATE TABLE
CREATE INDEX
CREATE INDEX
CREATE INDEX
CREATE INDEX
DO
INSERT 0 1
CREATE TABLE
CREATE INDEX
CREATE INDEX
DO
INSERT 0 1
ALTER TABLE
ALTER TABLE
CREATE TABLE
CREATE INDEX
CREATE INDEX
CREATE INDEX
DO
INSERT 0 1
DELETE 0
CREATE INDEX
INSERT 0 1
CREATE INDEX
INSERT 0 1
CREATE INDEX
INSERT 0 1
CREATE TABLE
CREATE INDEX
CREATE INDEX
CREATE INDEX
CREATE TABLE
CREATE INDEX
ALTER TABLE
CREATE INDEX
ALTER TABLE
ALTER TABLE
DO
INSERT 0 1
CREATE TABLE
DO
INSERT 0 1
ALTER TABLE
DO
INSERT 0 1
CREATE FUNCTION
REVOKE
DO
INSERT 0 1
ALTER TABLE
DO
INSERT 0 1
ALTER TABLE
CREATE FUNCTION
INSERT 0 0
UPDATE 0
DO
REVOKE
DO
INSERT 0 1
ALTER TABLE
DO
INSERT 0 1
ALTER TABLE
DO
INSERT 0 1
CREATE FUNCTION
CREATE FUNCTION
CREATE FUNCTION
ALTER TABLE
UPDATE 0
ALTER TABLE
ALTER TABLE
REVOKE
REVOKE
REVOKE
DO
INSERT 0 1
CREATE FUNCTION
REVOKE
DO
INSERT 0 1
DO
INSERT 0 1
CREATE FUNCTION
REVOKE
DO
INSERT 0 1
DO
INSERT 0 1
CREATE FUNCTION
INSERT 0 1
ALTER TABLE
ALTER TABLE
INSERT 0 1
CREATE INDEX
INSERT 0 1
CREATE TABLE
CREATE INDEX
UPDATE 0
UPDATE 0
INSERT 0 0
UPDATE 0
DO
INSERT 0 1
CREATE TABLE
CREATE TABLE
CREATE INDEX
CREATE INDEX
DO
INSERT 0 1
ALTER TABLE
INSERT 0 1
ALTER TABLE
ALTER TABLE
INSERT 0 1
ALTER TABLE
CREATE INDEX
INSERT 0 1
ALTER TABLE
ALTER TABLE
UPDATE 0
INSERT 0 1
WARNING:  no privileges were granted for "show_limit"
WARNING:  no privileges were granted for "show_trgm"
WARNING:  no privileges were granted for "set_limit"
WARNING:  no privileges were granted for "similarity"
WARNING:  no privileges were granted for "similarity_op"
WARNING:  no privileges were granted for "word_similarity"
WARNING:  no privileges were granted for "word_similarity_op"
WARNING:  no privileges were granted for "word_similarity_commutator_op"
WARNING:  no privileges were granted for "similarity_dist"
WARNING:  no privileges were granted for "word_similarity_dist_op"
WARNING:  no privileges were granted for "word_similarity_dist_commutator_op"
WARNING:  no privileges were granted for "gtrgm_in"
WARNING:  no privileges were granted for "gtrgm_out"
WARNING:  no privileges were granted for "gtrgm_consistent"
WARNING:  no privileges were granted for "gtrgm_distance"
WARNING:  no privileges were granted for "gtrgm_compress"
WARNING:  no privileges were granted for "gtrgm_decompress"
WARNING:  no privileges were granted for "gtrgm_penalty"
WARNING:  no privileges were granted for "gtrgm_picksplit"
WARNING:  no privileges were granted for "gtrgm_union"
WARNING:  no privileges were granted for "gtrgm_same"
WARNING:  no privileges were granted for "gin_extract_value_trgm"
WARNING:  no privileges were granted for "gin_extract_query_trgm"
WARNING:  no privileges were granted for "gin_trgm_consistent"
WARNING:  no privileges were granted for "gin_trgm_triconsistent"
WARNING:  no privileges were granted for "strict_word_similarity"
WARNING:  no privileges were granted for "strict_word_similarity_op"
WARNING:  no privileges were granted for "strict_word_similarity_commutator_op"
WARNING:  no privileges were granted for "strict_word_similarity_dist_op"
WARNING:  no privileges were granted for "strict_word_similarity_dist_commutator_op"
WARNING:  no privileges were granted for "gtrgm_options"
DO
BEGIN
CREATE SCHEMA
CREATE TABLE
INSERT 0 1
UPDATE 1
DELETE 1
 nextval 
---------
       2
(1 row)

ROLLBACK
DO
BEGIN
CREATE TABLE
INSERT 0 1
INSERT 0 1
UPDATE 1
ROLLBACK
DO
 ?column? 
----------
(0 rows)

DO
##[group]Run $env:PGPASSWORD = $null
$env:PGPASSWORD = $null
node scripts/ci/write-foundation-version-manifest.cjs --profile=windows --output=D:\a\_temp\foundation-version-manifest-functional-gallery-search-visual.json
shell: C:\Program Files\PowerShell\7\pwsh.EXE -command ". '{0}'"
env:
  ALBUM_HAVEN_EXPECTED_FFMPEG_VERSION: 7.1-essentials_build-www.gyan.dev
  ALBUM_HAVEN_FIXTURE_RELEASE: fixtures-v1.0.23
  ALBUM_HAVEN_FIXTURE_PROFILE: functional-core
  ALBUM_HAVEN_FIXTURE_ROOT: D:\a\_temp\album-haven-e2e-functional-fixtures-gallery-search-visual\shared
  ALBUM_HAVEN_MEDIA_ROOT: D:\a\_temp\album-haven-e2e-functional-fixtures-gallery-search-visual\shared\media
  pythonLocation: C:\hostedtoolcache\windows\Python\3.11.9\x64
  PKG_CONFIG_PATH: C:\hostedtoolcache\windows\Python\3.11.9\x64/lib/pkgconfig
  Python_ROOT_DIR: C:\hostedtoolcache\windows\Python\3.11.9\x64
  Python2_ROOT_DIR: C:\hostedtoolcache\windows\Python\3.11.9\x64
  Python3_ROOT_DIR: C:\hostedtoolcache\windows\Python\3.11.9\x64
  ALBUM_HAVEN_FUNCTIONAL_FIXTURE_WORK_ROOT: D:\a\_temp\album-haven-e2e-functional-fixtures-gallery-search-visual
  ALBUM_HAVEN_FUNCTIONAL_SOURCE_FIXTURE_ROOT: D:\a\_temp\album-haven-fixtures-5bf08c52229644b887944fe84aa56c80
  PGPASSFILE: D:\a\_temp\album-haven-postgres-f_35389965541_1_0.pgpass
  ALBUM_HAVEN_CI_DATABASE: album_haven_ci_f_35389965541_1_0
  DATABASE_MIGRATOR_URL: postgresql://album_haven_migrator_f_35389965541_1_0@127.0.0.1/album_haven_ci_f_35389965541_1_0
  DATABASE_APP_URL: postgresql://album_haven_app_f_35389965541_1_0@127.0.0.1/album_haven_ci_f_35389965541_1_0
  DATABASE_READONLY_URL: postgresql://album_haven_readonly_f_35389965541_1_0@127.0.0.1/album_haven_ci_f_35389965541_1_0
  ALBUM_HAVEN_FAKE_E2E_SETUP_DATABASE_URL: postgresql://album_haven_migrator_f_35389965541_1_0@127.0.0.1/album_haven_ci_f_35389965541_1_0
  ALBUM_HAVEN_FAKE_E2E_DATABASE_URL: postgresql://album_haven_app_f_35389965541_1_0@127.0.0.1/album_haven_ci_f_35389965541_1_0
  ALBUM_HAVEN_APP_DATABASE_URL: postgresql://album_haven_app_f_35389965541_1_0@127.0.0.1/album_haven_ci_f_35389965541_1_0
  PLAYWRIGHT_CHROME_EXECUTABLE: C:\hostedtoolcache\windows\setup-chrome\chrome\151.0.7922.138\x64\chrome.exe
##[endgroup]
D:\a\_temp\foundation-version-manifest-functional-gallery-search-visual.json
##[group]Run node scripts/ci/validate-functional-shards.cjs --list
node scripts/ci/validate-functional-shards.cjs --list
shell: C:\Program Files\PowerShell\7\pwsh.EXE -command ". '{0}'"
env:
  ALBUM_HAVEN_EXPECTED_FFMPEG_VERSION: 7.1-essentials_build-www.gyan.dev
  ALBUM_HAVEN_FIXTURE_RELEASE: fixtures-v1.0.23
  ALBUM_HAVEN_FIXTURE_PROFILE: functional-core
  ALBUM_HAVEN_FIXTURE_ROOT: D:\a\_temp\album-haven-e2e-functional-fixtures-gallery-search-visual\shared
  ALBUM_HAVEN_MEDIA_ROOT: D:\a\_temp\album-haven-e2e-functional-fixtures-gallery-search-visual\shared\media
  pythonLocation: C:\hostedtoolcache\windows\Python\3.11.9\x64
  PKG_CONFIG_PATH: C:\hostedtoolcache\windows\Python\3.11.9\x64/lib/pkgconfig
  Python_ROOT_DIR: C:\hostedtoolcache\windows\Python\3.11.9\x64
  Python2_ROOT_DIR: C:\hostedtoolcache\windows\Python\3.11.9\x64
  Python3_ROOT_DIR: C:\hostedtoolcache\windows\Python\3.11.9\x64
  ALBUM_HAVEN_FUNCTIONAL_FIXTURE_WORK_ROOT: D:\a\_temp\album-haven-e2e-functional-fixtures-gallery-search-visual
  ALBUM_HAVEN_FUNCTIONAL_SOURCE_FIXTURE_ROOT: D:\a\_temp\album-haven-fixtures-5bf08c52229644b887944fe84aa56c80
  PGPASSFILE: D:\a\_temp\album-haven-postgres-f_35389965541_1_0.pgpass
  ALBUM_HAVEN_CI_DATABASE: album_haven_ci_f_35389965541_1_0
  DATABASE_MIGRATOR_URL: postgresql://album_haven_migrator_f_35389965541_1_0@127.0.0.1/album_haven_ci_f_35389965541_1_0
  DATABASE_APP_URL: postgresql://album_haven_app_f_35389965541_1_0@127.0.0.1/album_haven_ci_f_35389965541_1_0
  DATABASE_READONLY_URL: postgresql://album_haven_readonly_f_35389965541_1_0@127.0.0.1/album_haven_ci_f_35389965541_1_0
  ALBUM_HAVEN_FAKE_E2E_SETUP_DATABASE_URL: postgresql://album_haven_migrator_f_35389965541_1_0@127.0.0.1/album_haven_ci_f_35389965541_1_0
  ALBUM_HAVEN_FAKE_E2E_DATABASE_URL: postgresql://album_haven_app_f_35389965541_1_0@127.0.0.1/album_haven_ci_f_35389965541_1_0
  ALBUM_HAVEN_APP_DATABASE_URL: postgresql://album_haven_app_f_35389965541_1_0@127.0.0.1/album_haven_ci_f_35389965541_1_0
##[endgroup]
{"schemaVersion":1,"cases":113,"shards":{"gallery-search-visual":46,"cover-providers":18,"metadata-mutations":13,"playback-utilities":36}}
##[group]Run $env:PGPASSWORD = $null
$env:PGPASSWORD = $null
$env:PLAYWRIGHT_PYTHON = Join-Path $env:pythonLocation "python.exe"
$env:ALBUM_HAVEN_FUNCTIONAL_PORT_BASE = "5200"
$env:ALBUM_HAVEN_FUNCTIONAL_OUTPUT_ROOT = Join-Path "D:\a\_temp" "functional-output-gallery-search-visual"
$env:ALBUM_HAVEN_FUNCTIONAL_BLOB_ROOT = Join-Path "D:\a\_temp" "functional-blobs-gallery-search-visual"
$arguments = @("--run-shard=gallery-search-visual")
if ("full" -eq "focused-e2e") {
  if ("full" -eq "exact") {
    @($env:FOCUSED_CASES_JSON | ConvertFrom-Json) | ForEach-Object { $arguments += "--run-case=$_" }
  } else {
    @($env:FOCUSED_AREAS_JSON | ConvertFrom-Json) | ForEach-Object { $arguments += "--run-area=$_" }
  }
}
node scripts/ci/validate-functional-shards.cjs @arguments
shell: C:\Program Files\PowerShell\7\pwsh.EXE -command ". '{0}'"
env:
  ALBUM_HAVEN_EXPECTED_FFMPEG_VERSION: 7.1-essentials_build-www.gyan.dev
  ALBUM_HAVEN_FIXTURE_RELEASE: fixtures-v1.0.23
  ALBUM_HAVEN_FIXTURE_PROFILE: functional-core
  ALBUM_HAVEN_FIXTURE_ROOT: D:\a\_temp\album-haven-e2e-functional-fixtures-gallery-search-visual\shared
  ALBUM_HAVEN_MEDIA_ROOT: D:\a\_temp\album-haven-e2e-functional-fixtures-gallery-search-visual\shared\media
  pythonLocation: C:\hostedtoolcache\windows\Python\3.11.9\x64
  PKG_CONFIG_PATH: C:\hostedtoolcache\windows\Python\3.11.9\x64/lib/pkgconfig
  Python_ROOT_DIR: C:\hostedtoolcache\windows\Python\3.11.9\x64
  Python2_ROOT_DIR: C:\hostedtoolcache\windows\Python\3.11.9\x64
  Python3_ROOT_DIR: C:\hostedtoolcache\windows\Python\3.11.9\x64
  ALBUM_HAVEN_FUNCTIONAL_FIXTURE_WORK_ROOT: D:\a\_temp\album-haven-e2e-functional-fixtures-gallery-search-visual
  ALBUM_HAVEN_FUNCTIONAL_SOURCE_FIXTURE_ROOT: D:\a\_temp\album-haven-fixtures-5bf08c52229644b887944fe84aa56c80
  PGPASSFILE: D:\a\_temp\album-haven-postgres-f_35389965541_1_0.pgpass
  ALBUM_HAVEN_CI_DATABASE: album_haven_ci_f_35389965541_1_0
  DATABASE_MIGRATOR_URL: postgresql://album_haven_migrator_f_35389965541_1_0@127.0.0.1/album_haven_ci_f_35389965541_1_0
  DATABASE_APP_URL: postgresql://album_haven_app_f_35389965541_1_0@127.0.0.1/album_haven_ci_f_35389965541_1_0
  DATABASE_READONLY_URL: postgresql://album_haven_readonly_f_35389965541_1_0@127.0.0.1/album_haven_ci_f_35389965541_1_0
  ALBUM_HAVEN_FAKE_E2E_SETUP_DATABASE_URL: postgresql://album_haven_migrator_f_35389965541_1_0@127.0.0.1/album_haven_ci_f_35389965541_1_0
  ALBUM_HAVEN_FAKE_E2E_DATABASE_URL: postgresql://album_haven_app_f_35389965541_1_0@127.0.0.1/album_haven_ci_f_35389965541_1_0
  ALBUM_HAVEN_APP_DATABASE_URL: postgresql://album_haven_app_f_35389965541_1_0@127.0.0.1/album_haven_ci_f_35389965541_1_0
  PLAYWRIGHT_CHROME_EXECUTABLE: C:\hostedtoolcache\windows\setup-chrome\chrome\151.0.7922.138\x64\chrome.exe
  FOCUSED_CASES_JSON: []
  FOCUSED_AREAS_JSON: []
##[endgroup]
Album Haven production E2E app listening on http://127.0.0.1:5200 with 0 artists, 0 albums, 0 tracks, and provider fixtures on http://127.0.0.1:5202
2026-09-18 20:13:04,347 [INFO] music_app: Startup scan-cache hydration completed files=7200 albums=400
2026-09-18 20:13:04,347 [INFO] music_app: Legacy album exclusions migrated albums=1 removed_rules=18 created_rules=1
2026-09-18 20:13:04,838 [INFO] music_app: Relation projection startup readiness ready=true rebuilt=true reason=missing_projection builder_version=local-relation-builder-v9 source_row_count=7438 duration_ms=454.11 source_load=138.79 fingerprint=58.62 pure_build=144.67 family_link_replacement=7.55 snapshot_publication=1.83
2026-09-18 20:13:06,009 [INFO] music_app: {"action": "Index request completed", "album_count": 0, "artist_count": 0, "bootstrap_mode": "fresh_preview", "covers_in_progress": false, "elapsed_ms": 405.54, "hydrate_in_progress": false, "payload_elapsed_ms": 161.95, "query": "", "scan_in_progress": false, "selected_artist": ""}

Running 4 tests using 1 worker

2026-09-18 20:13:32,938 [INFO] music_app: {"action": "Index request completed", "album_count": 0, "artist_count": 0, "bootstrap_mode": "fresh_preview", "covers_in_progress": false, "elapsed_ms": 269.23, "hydrate_in_progress": false, "payload_elapsed_ms": 148.35, "query": "", "scan_in_progress": false, "selected_artist": ""}
[TEST] FTC-SEARCH-NAV-020 resolves punctuation-credit aliases through startup and keeps both raw credits
  [STEP] Open the normal Postgres-backed library after startup rebuilt the missing projection
2026-09-18 20:13:36,055 [INFO] music_app: {"action": "Index request completed", "album_count": 0, "artist_count": 0, "bootstrap_mode": "fresh_preview", "covers_in_progress": false, "elapsed_ms": 257.56, "hydrate_in_progress": false, "payload_elapsed_ms": 148.76, "query": "", "scan_in_progress": false, "selected_artist": ""}
  [PASS] Open the normal Postgres-backed library after startup rebuilt the missing projection (2910 ms)
  [STEP] Reach the canonical scope through the exact unpunctuated credit
2026-09-18 20:13:38,905 [INFO] music_app: {"action": "Postgres album search request started", "query": "Morse Portnoy George"}
2026-09-18 20:13:39,105 [INFO] music_app: {"action": "View data request completed", "album_count": 40, "artist_count": 4, "elapsed_ms": 202.12, "query": "Morse Portnoy George", "selected_artist": "Morse Portnoy George"}
  [PASS] Reach the canonical scope through the exact unpunctuated credit (1431 ms)
  [STEP] Reach the same canonical scope through the exact punctuation alias
2026-09-18 20:13:40,221 [INFO] music_app: {"action": "Postgres album search request started", "query": "Morse, Portnoy & George"}
2026-09-18 20:13:40,449 [INFO] music_app: {"action": "View data request completed", "album_count": 40, "artist_count": 4, "elapsed_ms": 227.44, "query": "Morse, Portnoy & George", "selected_artist": "Morse Portnoy George"}
  [PASS] Reach the same canonical scope through the exact punctuation alias (1168 ms)
  [STEP] Open the canonical artist directly from the production sidebar
  [PASS] Open the canonical artist directly from the production sidebar (818 ms)
  [STEP] Exercise the existing Artist Family chip semantics without losing either source credit
  [PASS] Exercise the existing Artist Family chip semantics without losing either source credit (2747 ms)
  [STEP] Reset the deep gallery viewport when the family tree selects a different artist
2026-09-18 20:13:44,915 [INFO] music_app: {"action": "Postgres album search request started", "query": "Morse Portnoy George"}
2026-09-18 20:13:45,140 [INFO] music_app: {"action": "View data request completed", "album_count": 40, "artist_count": 4, "elapsed_ms": 225.89, "query": "Morse Portnoy George", "selected_artist": "Morse Portnoy George"}
  [PASS] Reset the deep gallery viewport when the family tree selects a different artist (1780 ms)
  [STEP] Keep both source credits under the canonical *** grouping
2026-09-18 20:13:46,827 [INFO] music_app: {"action": "Index request completed", "album_count": 0, "artist_count": 0, "bootstrap_mode": "fresh_preview", "covers_in_progress": false, "elapsed_ms": 229.82, "hydrate_in_progress": false, "payload_elapsed_ms": 127.41, "query": "", "scan_in_progress": false, "selected_artist": ""}
  [PASS] Keep both source credits under the canonical *** grouping (3518 ms)
  ok 1 [functional] › tests\e2e\specs\artistAliasParity.spec.js:21:1 › FTC-SEARCH-NAV-020 resolves punctuation-credit aliases through startup and keeps both raw credits @area:gallery-search (14.7s)
[TEST] FTC-SEARCH-NAV-021 keeps empty normalized artist keys isolated
  [STEP] Open the normal library and verify startup projection readiness
2026-09-18 20:13:50,728 [INFO] music_app: {"action": "Index request completed", "album_count": 0, "artist_count": 0, "bootstrap_mode": "fresh_preview", "covers_in_progress": false, "elapsed_ms": 323.37, "hydrate_in_progress": false, "payload_elapsed_ms": 216.85, "query": "", "scan_in_progress": false, "selected_artist": ""}
  [PASS] Open the normal library and verify startup projection readiness (2748 ms)
  [STEP] Open only the exact 東京事変 artist identity
2026-09-18 20:13:53,252 [INFO] music_app: {"action": "Postgres album search request started", "query": "\u6771\u4eac\u4e8b\u5909"}
2026-09-18 20:13:53,396 [INFO] music_app: {"action": "View data request completed", "album_count": 1, "artist_count": 1, "elapsed_ms": 143.42, "query": "\u6771\u4eac\u4e8b\u5909", "selected_artist": "\u6771\u4eac\u4e8b\u5909"}
  [PASS] Open only the exact 東京事変 artist identity (882 ms)
  [STEP] Open only the exact Борис artist identity
2026-09-18 20:13:54,050 [INFO] music_app: {"action": "Postgres album search request started", "query": "\u0411\u043e\u0440\u0438\u0441"}
2026-09-18 20:13:54,182 [INFO] music_app: {"action": "View data request completed", "album_count": 1, "artist_count": 1, "elapsed_ms": 131.35, "query": "\u0411\u043e\u0440\u0438\u0441", "selected_artist": "\u0411\u043e\u0440\u0438\u0441"}
  [PASS] Open only the exact Борис artist identity (548 ms)
  [STEP] Open only the exact !!! artist identity
2026-09-18 20:13:54,599 [INFO] music_app: {"action": "Postgres album search request started", "query": "!!!"}
2026-09-18 20:13:54,825 [INFO] music_app: {"action": "View data request completed", "album_count": 1, "artist_count": 1, "elapsed_ms": 224.96, "query": "!!!", "selected_artist": "!!!"}
  [PASS] Open only the exact !!! artist identity (681 ms)
  [STEP] Open only the exact *** artist identity
2026-09-18 20:13:55,282 [INFO] music_app: {"action": "Postgres album search request started", "query": "***"}
2026-09-18 20:13:55,506 [INFO] music_app: {"action": "View data request completed", "album_count": 1, "artist_count": 1, "elapsed_ms": 223.0, "query": "***", "selected_artist": "***"}
  [PASS] Open only the exact *** artist identity (699 ms)
  ok 2 [functional] › tests\e2e\specs\artistAliasParity.spec.js:158:1 › FTC-SEARCH-NAV-021 keeps empty normalized artist keys isolated @area:gallery-search (5.8s)
[TEST] FTC-SEARCH-NAV-022 starts with a collapsed scan identity and browses its repeated-space artist family
  [STEP] Open the production app after lifespan rebuilt the relation projection
2026-09-18 20:13:56,487 [INFO] music_app: {"action": "Index request completed", "album_count": 0, "artist_count": 0, "bootstrap_mode": "fresh_preview", "covers_in_progress": false, "elapsed_ms": 277.17, "hydrate_in_progress": false, "payload_elapsed_ms": 153.29, "query": "", "scan_in_progress": false, "selected_artist": ""}
  [PASS] Open the production app after lifespan rebuilt the relation projection (2816 ms)
  [STEP] Search by the collapsed scan identity and retain the stored display credit
2026-09-18 20:13:59,114 [INFO] music_app: {"action": "Postgres album search request started", "query": "Signal Family Lead"}
2026-09-18 20:13:59,299 [INFO] music_app: {"action": "View data request completed", "album_count": 2, "artist_count": 2, "elapsed_ms": 184.4, "query": "Signal Family Lead", "selected_artist": "Signal  Family Lead"}
  [PASS] Search by the collapsed scan identity and retain the stored display credit (765 ms)
  [STEP] Browse the folder-derived relation through Artist Family controls
  [PASS] Browse the folder-derived relation through Artist Family controls (389 ms)
  ok 3 [functional] › tests\e2e\specs\artistAliasParity.spec.js:189:1 › FTC-SEARCH-NAV-022 starts with a collapsed scan identity and browses its repeated-space artist family @area:gallery-search (4.2s)
[TEST] FTC-ARTIST-FAMILY-015 excludes compilation track credits from family relations while keeping ordinary shared releases related
  [STEP] Open the production app after startup builds the Postgres relation projection
2026-09-18 20:14:00,780 [INFO] music_app: {"action": "Index request completed", "album_count": 0, "artist_count": 0, "bootstrap_mode": "fresh_preview", "covers_in_progress": false, "elapsed_ms": 265.78, "hydrate_in_progress": false, "payload_elapsed_ms": 153.42, "query": "", "scan_in_progress": false, "selected_artist": ""}
  [PASS] Open the production app after startup builds the Postgres relation projection (2855 ms)
  [STEP] Select one compilation member without inheriting the other member as family
  [PASS] Select one compilation member without inheriting the other member as family (991 ms)
  [STEP] Open the second compilation member through the normal sidebar
  [PASS] Open the second compilation member through the normal sidebar (1049 ms)
  [STEP] Keep a separate non-compilation shared release in Artist Family
  [PASS] Keep a separate non-compilation shared release in Artist Family (2560 ms)
  [STEP] Exclude Soundtracks and OST folder evidence
  [PASS] Exclude Soundtracks and OST folder evidence (890 ms)
  [STEP] Require every emitted family pill to resolve a contributing album
  [PASS] Require every emitted family pill to resolve a contributing album (2831 ms)
  ok 4 [functional] › tests\e2e\specs\artistCompilationFamily.spec.js:180:1 › FTC-ARTIST-FAMILY-015 excludes compilation track credits from family relations while keeping ordinary shared releases related @area:gallery-search (11.4s)
[album-haven-playwright-result] {"version":1,"phase":"tests-complete","nonce":"e4f5dce390f602a94c8ecf79e19aeaa3bb5a14a628f55673465d161005e17a9e","status":"passed","total":4,"completed":4,"failed":0,"skipped":0,"errors":0}



[album-haven-playwright-result] {"version":1,"phase":"run-final","nonce":"e4f5dce390f602a94c8ecf79e19aeaa3bb5a14a628f55673465d161005e17a9e","status":"passed","total":4,"completed":4,"failed":0,"skipped":0,"errors":0}
  4 passed (43.7s)

=== Playwright Summary ===
[✓] artistAliasParity.spec
  [✓] FTC-SEARCH-NAV-020 resolves punctuation-credit aliases through startup and keeps both raw credits @area:gallery-search
  [✓] FTC-SEARCH-NAV-021 keeps empty normalized artist keys isolated @area:gallery-search
  [✓] FTC-SEARCH-NAV-022 starts with a collapsed scan identity and browses its repeated-space artist family @area:gallery-search
[✓] artistCompilationFamily.spec
  [✓] FTC-ARTIST-FAMILY-015 excludes compilation track credits from family relations while keeping ordinary shared releases related @area:gallery-search

Overall: 4/4 passed
[playwright-wrapper-final-decision] {"wrapperExitCode":0,"attemptReturn":{"exitCode":0,"exitReason":"authoritative-pass"},"fakeDatabaseCleanup":{"status":"completed","error":null,"mode":"lock-only"},"scanAppCleanup":{"status":"not-required","error":null},"isolatedAppCleanup":{"status":"completed","error":null},"tempCleanup":{"status":"completed","error":null,"removedCount":1},"passivePortDiagnostics":[{"port":5200,"status":"completed","error":null,"ownerCount":0},{"port":5202,"status":"completed","error":null,"ownerCount":0}],"finalSummary":{"phase":"run-final","status":"passed","total":4,"completed":4,"failed":0,"skipped":0,"errors":0,"listOnly":false},"exitReason":"authoritative-pass"}
{"restored":0,"removed":0,"unchanged":1497}
Album Haven production E2E app listening on http://127.0.0.1:5200 with 0 artists, 0 albums, 0 tracks, and provider fixtures on http://127.0.0.1:5202
2026-09-18 20:14:41,833 [INFO] music_app: Startup scan-cache hydration completed files=7200 albums=400
2026-09-18 20:14:41,833 [INFO] music_app: Legacy album exclusions migrated albums=1 removed_rules=18 created_rules=1
2026-09-18 20:14:42,426 [INFO] music_app: Relation projection startup readiness ready=true rebuilt=true reason=missing_projection builder_version=local-relation-builder-v9 source_row_count=7438 duration_ms=556.87 source_load=138.83 fingerprint=57.66 pure_build=145.99 family_link_replacement=7.83 snapshot_publication=1.74
2026-09-18 20:14:43,656 [INFO] music_app: {"action": "Index request completed", "album_count": 0, "artist_count": 0, "bootstrap_mode": "fresh_preview", "covers_in_progress": false, "elapsed_ms": 499.9, "hydrate_in_progress": false, "payload_elapsed_ms": 266.01, "query": "", "scan_in_progress": false, "selected_artist": ""}

Running 26 tests using 1 worker

2026-09-18 20:15:10,504 [INFO] music_app: {"action": "Index request completed", "album_count": 0, "artist_count": 0, "bootstrap_mode": "fresh_preview", "covers_in_progress": false, "elapsed_ms": 361.1, "hydrate_in_progress": false, "payload_elapsed_ms": 149.73, "query": "", "scan_in_progress": false, "selected_artist": ""}
[TEST] FTC-ALBUM-TRACK-CREDITS-001 shows clean titles and per-track credits on a Various Artists release
  [STEP] Find the persisted Various Artists fixture through normal album search
2026-09-18 20:15:13,661 [INFO] music_app: {"action": "Index request completed", "album_count": 0, "artist_count": 0, "bootstrap_mode": "fresh_preview", "covers_in_progress": false, "elapsed_ms": 345.91, "hydrate_in_progress": false, "payload_elapsed_ms": 243.1, "query": "", "scan_in_progress": false, "selected_artist": ""}
2026-09-18 20:15:16,209 [INFO] music_app: {"action": "Postgres album search request started", "query": "Featured Signal Collection"}
2026-09-18 20:15:16,354 [INFO] music_app: {"action": "View data request completed", "album_count": 1, "artist_count": 1, "elapsed_ms": 145.73, "query": "Featured Signal Collection", "selected_artist": "Various Artists"}
  [PASS] Find the persisted Various Artists fixture through normal album search (3381 ms)
  [STEP] Open album details and verify the server-owned track-row presentation
  [FAIL] Open album details and verify the server-owned track-row presentation :: Cannot read properties of undefined (reading 'total') (527 ms)
  x   1 [functional] › tests\e2e\specs\albumTrackCredits.spec.js:78:1 › FTC-ALBUM-TRACK-CREDITS-001 shows clean titles and per-track credits on a Various Artists release @area:album-details (4.8s)
2026-09-18 20:15:21,082 [INFO] music_app: {"action": "Index request completed", "album_count": 0, "artist_count": 0, "bootstrap_mode": "fresh_preview", "covers_in_progress": false, "elapsed_ms": 267.05, "hydrate_in_progress": false, "payload_elapsed_ms": 154.7, "query": "", "scan_in_progress": false, "selected_artist": ""}
[TEST] FTC-ALBUM-TRACK-CREDITS-002 shows each normalized album-header artist once
  [STEP] Find the Postgres album whose stored display credit repeats artists
2026-09-18 20:15:24,062 [INFO] music_app: {"action": "Index request completed", "album_count": 0, "artist_count": 0, "bootstrap_mode": "fresh_preview", "covers_in_progress": false, "elapsed_ms": 260.44, "hydrate_in_progress": false, "payload_elapsed_ms": 149.68, "query": "", "scan_in_progress": false, "selected_artist": ""}
2026-09-18 20:15:26,588 [INFO] music_app: {"action": "Postgres album search request started", "query": "Snow White And The Seven Dwarfs"}
2026-09-18 20:15:26,728 [INFO] music_app: {"action": "View data request completed", "album_count": 1, "artist_count": 1, "elapsed_ms": 140.6, "query": "Snow White And The Seven Dwarfs", "selected_artist": "Frank Churchill / Leigh Harline / Larry Morey"}
  [PASS] Find the Postgres album whose stored display credit repeats artists (3307 ms)
  [STEP] Open Album Details without repeating the album credit on each track
  [FAIL] Open Album Details without repeating the album credit on each track :: Cannot read properties of undefined (reading 'total') (533 ms)
  x   2 [functional] › tests\e2e\specs\albumTrackCredits.spec.js:269:1 › FTC-ALBUM-TRACK-CREDITS-002 shows each normalized album-header artist once @area:album-details (4.7s)
2026-09-18 20:15:31,621 [INFO] music_app: {"action": "Index request completed", "album_count": 0, "artist_count": 0, "bootstrap_mode": "fresh_preview", "covers_in_progress": false, "elapsed_ms": 314.6, "hydrate_in_progress": false, "payload_elapsed_ms": 151.46, "query": "", "scan_in_progress": false, "selected_artist": ""}
[TEST] FTC-ALBUM-DETAILS-017 orders missing track numbers by natural filename
  [STEP] Open the generated missing-track-number album through normal search
2026-09-18 20:15:34,736 [INFO] music_app: {"action": "Index request completed", "album_count": 0, "artist_count": 0, "bootstrap_mode": "fresh_preview", "covers_in_progress": false, "elapsed_ms": 244.2, "hydrate_in_progress": false, "payload_elapsed_ms": 140.18, "query": "", "scan_in_progress": false, "selected_artist": ""}
2026-09-18 20:15:37,386 [INFO] music_app: {"action": "Postgres album search request started", "query": "Natural Filename Order Fixture"}
2026-09-18 20:15:37,522 [INFO] music_app: {"action": "View data request completed", "album_count": 1, "artist_count": 1, "elapsed_ms": 136.1, "query": "Natural Filename Order Fixture", "selected_artist": "E2E Rarity Artist"}
  [PASS] Open the generated missing-track-number album through normal search (3614 ms)
  [STEP] Verify natural filename order when positive track numbers are absent
  [FAIL] Verify natural filename order when positive track numbers are absent :: Cannot read properties of undefined (reading 'total') (452 ms)
  x   3 [functional] › tests\e2e\specs\albumTrackCredits.spec.js:298:1 › FTC-ALBUM-DETAILS-017 orders missing track numbers by natural filename @area:album-details (4.9s)
2026-09-18 20:15:42,585 [INFO] music_app: {"action": "Index request completed", "album_count": 0, "artist_count": 0, "bootstrap_mode": "fresh_preview", "covers_in_progress": false, "elapsed_ms": 275.44, "hydrate_in_progress": false, "payload_elapsed_ms": 151.04, "query": "", "scan_in_progress": false, "selected_artist": ""}
[TEST] FTC-ALBUM-DETAILS-005 shows bonus duration only for an explicit bonus-disc label
  [STEP] Open a mixed album with an explicit raw bonus-disc label
2026-09-18 20:15:47,763 [INFO] music_app: {"action": "Index request completed", "album_count": 0, "artist_count": 0, "bootstrap_mode": "fresh_preview", "covers_in_progress": false, "elapsed_ms": 332.56, "hydrate_in_progress": false, "payload_elapsed_ms": 131.99, "query": "", "scan_in_progress": false, "selected_artist": ""}
2026-09-18 20:15:50,549 [INFO] music_app: {"action": "Postgres album search request started", "query": "Explicit Disc Label Control"}
2026-09-18 20:15:50,684 [INFO] music_app: {"action": "View data request completed", "album_count": 1, "artist_count": 1, "elapsed_ms": 135.26, "query": "Explicit Disc Label Control", "selected_artist": "Various Artists"}
  [FAIL] Open a mixed album with an explicit raw bonus-disc label :: Cannot read properties of undefined (reading 'total') (6274 ms)
  x   4 [functional] › tests\e2e\specs\albumTrackCredits.spec.js:327:1 › FTC-ALBUM-DETAILS-005 shows bonus duration only for an explicit bonus-disc label @area:album-details (7.2s)
2026-09-18 20:15:55,645 [INFO] music_app: {"action": "Index request completed", "album_count": 0, "artist_count": 0, "bootstrap_mode": "fresh_preview", "covers_in_progress": false, "elapsed_ms": 284.42, "hydrate_in_progress": false, "payload_elapsed_ms": 151.22, "query": "", "scan_in_progress": false, "selected_artist": ""}
[TEST] FTC-ALBUM-DETAILS-005 ignores bonus-like album and path words
  [STEP] Open an ordinary album whose title and path contain bonus-like words
2026-09-18 20:15:58,687 [INFO] music_app: {"action": "Index request completed", "album_count": 0, "artist_count": 0, "bootstrap_mode": "fresh_preview", "covers_in_progress": false, "elapsed_ms": 276.74, "hydrate_in_progress": false, "payload_elapsed_ms": 164.82, "query": "", "scan_in_progress": false, "selected_artist": ""}
2026-09-18 20:16:01,418 [INFO] music_app: {"action": "Postgres album search request started", "query": "Rarity Outtakes Archive"}
2026-09-18 20:16:01,566 [INFO] music_app: {"action": "View data request completed", "album_count": 1, "artist_count": 1, "elapsed_ms": 147.52, "query": "Rarity Outtakes Archive", "selected_artist": "Various Artists"}
  [FAIL] Open an ordinary album whose title and path contain bonus-like words :: Cannot read properties of undefined (reading 'total') (4115 ms)
  x   5 [functional] › tests\e2e\specs\albumTrackCredits.spec.js:355:1 › FTC-ALBUM-DETAILS-005 ignores bonus-like album and path words @area:album-details (5.0s)
2026-09-18 20:16:06,707 [INFO] music_app: {"action": "Index request completed", "album_count": 0, "artist_count": 0, "bootstrap_mode": "fresh_preview", "covers_in_progress": false, "elapsed_ms": 351.43, "hydrate_in_progress": false, "payload_elapsed_ms": 229.24, "query": "", "scan_in_progress": false, "selected_artist": ""}
[TEST] FTC-ALBUM-DETAILS-005 infers CD1 beside an ordinary numeric CD2
  [STEP] Open a numeric two-disc album whose first tracks omit disc tags
2026-09-18 20:16:09,755 [INFO] music_app: {"action": "Index request completed", "album_count": 0, "artist_count": 0, "bootstrap_mode": "fresh_preview", "covers_in_progress": false, "elapsed_ms": 272.19, "hydrate_in_progress": false, "payload_elapsed_ms": 162.85, "query": "", "scan_in_progress": false, "selected_artist": ""}
2026-09-18 20:16:12,553 [INFO] music_app: {"action": "Postgres album search request started", "query": "Ordinary Numeric Disc Control"}
2026-09-18 20:16:12,693 [INFO] music_app: {"action": "View data request completed", "album_count": 1, "artist_count": 1, "elapsed_ms": 138.69, "query": "Ordinary Numeric Disc Control", "selected_artist": "Various Artists"}
  [FAIL] Open a numeric two-disc album whose first tracks omit disc tags :: Cannot read properties of undefined (reading 'total') (4120 ms)
  x   6 [functional] › tests\e2e\specs\albumTrackCredits.spec.js:382:1 › FTC-ALBUM-DETAILS-005 infers CD1 beside an ordinary numeric CD2 @area:album-details (5.0s)
2026-09-18 20:16:17,482 [INFO] music_app: {"action": "Index request completed", "album_count": 0, "artist_count": 0, "bootstrap_mode": "fresh_preview", "covers_in_progress": false, "elapsed_ms": 287.02, "hydrate_in_progress": false, "payload_elapsed_ms": 165.66, "query": "", "scan_in_progress": false, "selected_artist": ""}
[TEST] FTC-ARTIST-FAMILY-016 reuses complete virtualized family data for no-query member navigation
  [STEP] Open the complete unfiltered ordinary family with viewport virtualization
2026-09-18 20:16:20,528 [INFO] music_app: {"action": "Index request completed", "album_count": 0, "artist_count": 0, "bootstrap_mode": "fresh_preview", "covers_in_progress": false, "elapsed_ms": 346.48, "hydrate_in_progress": false, "payload_elapsed_ms": 241.48, "query": "", "scan_in_progress": false, "selected_artist": ""}
  [PASS] Open the complete unfiltered ordinary family with viewport virtualization (3960 ms)
  [STEP] Promote another family member locally without a loading transition
  [PASS] Promote another family member locally without a loading transition (470 ms)
  [STEP] Keep the rearranged primary and virtualized family albums reachable
  [PASS] Keep the rearranged primary and virtualized family albums reachable (2164 ms)
  ok  7 [functional] › tests\e2e\specs\artistCompilationFamily.spec.js:287:1 › FTC-ARTIST-FAMILY-016 reuses complete virtualized family data for no-query member navigation @area:gallery-search (6.9s)
[TEST] FTC-ARTIST-FAMILY-014 deduplicates the Snow White display credit without changing its click identity
  [STEP] Open the production app against the isolated Postgres library
2026-09-18 20:16:27,286 [INFO] music_app: {"action": "Index request completed", "album_count": 0, "artist_count": 0, "bootstrap_mode": "fresh_preview", "covers_in_progress": false, "elapsed_ms": 271.4, "hydrate_in_progress": false, "payload_elapsed_ms": 153.45, "query": "", "scan_in_progress": false, "selected_artist": ""}
  [PASS] Open the production app against the isolated Postgres library (2690 ms)
  [STEP] Select the merged composite artist row through its clean tree label
2026-09-18 20:16:29,837 [INFO] music_app: {"action": "Postgres album search request started", "query": "Snow White And The Seven Dwarfs"}
2026-09-18 20:16:29,972 [INFO] music_app: {"action": "View data request completed", "album_count": 1, "artist_count": 1, "elapsed_ms": 136.05, "query": "Snow White And The Seven Dwarfs", "selected_artist": "Frank Churchill / Leigh Harline / Larry Morey"}
  [PASS] Select the merged composite artist row through its clean tree label (791 ms)
  [STEP] Verify the deduplicated display credit and normalized durable album key
  [PASS] Verify the deduplicated display credit and normalized durable album key (135 ms)
  [STEP] Open the album through its visible title and retain the legitimate composite identity
  [FAIL] Open the album through its visible title and retain the legitimate composite identity :: Cannot read properties of undefined (reading 'total') (533 ms)
  x   8 [functional] › tests\e2e\specs\artistCompositeCredits.spec.js:10:1 › FTC-ARTIST-FAMILY-014 deduplicates the Snow White display credit without changing its click identity @area:gallery-search (5.0s)
2026-09-18 20:16:35,178 [INFO] music_app: {"action": "Index request completed", "album_count": 0, "artist_count": 0, "bootstrap_mode": "fresh_preview", "covers_in_progress": false, "elapsed_ms": 365.52, "hydrate_in_progress": false, "payload_elapsed_ms": 156.78, "query": "", "scan_in_progress": false, "selected_artist": ""}
[TEST] FTC-GALLERY-030 counts each Mulan soundtrack track once across artist credits
  [STEP] Unfiltered gallery counts each soundtrack track once
2026-09-18 20:16:38,131 [INFO] music_app: {"action": "Index request completed", "album_count": 0, "artist_count": 0, "bootstrap_mode": "fresh_preview", "covers_in_progress": false, "elapsed_ms": 265.12, "hydrate_in_progress": false, "payload_elapsed_ms": 158.68, "query": "", "scan_in_progress": false, "selected_artist": ""}
  [PASS] Unfiltered gallery counts each soundtrack track once (5432 ms)
  [STEP] Search the multi-artist soundtrack and count its duration once
2026-09-18 20:16:43,709 [INFO] music_app: {"action": "Index request completed", "album_count": 0, "artist_count": 0, "bootstrap_mode": "fresh_preview", "covers_in_progress": false, "elapsed_ms": 383.46, "hydrate_in_progress": false, "payload_elapsed_ms": 255.28, "query": "", "scan_in_progress": false, "selected_artist": ""}
2026-09-18 20:16:45,805 [INFO] music_app: {"action": "Postgres album search request started", "query": "Mulan"}
2026-09-18 20:16:45,940 [INFO] music_app: {"action": "View data request completed", "album_count": 1, "artist_count": 9, "elapsed_ms": 133.97, "query": "Mulan", "selected_artist": "U.D.O."}
  [PASS] Search the multi-artist soundtrack and count its duration once (3024 ms)
  [STEP] Album Details independently shows 14 tracks totaling 56m 18s
  [FAIL] Album Details independently shows 14 tracks totaling 56m 18s :: Cannot read properties of undefined (reading 'total') (450 ms)
  x   9 [functional] › tests\e2e\specs\gallerySoundtrackDuration.spec.js:9:1 › FTC-GALLERY-030 counts each Mulan soundtrack track once across artist credits @area:gallery-search (10.1s)
2026-09-18 20:16:52,362 [INFO] music_app: {"action": "Index request completed", "album_count": 0, "artist_count": 0, "bootstrap_mode": "fresh_preview", "covers_in_progress": false, "elapsed_ms": 238.59, "hydrate_in_progress": false, "payload_elapsed_ms": 132.83, "query": "", "scan_in_progress": false, "selected_artist": ""}
[TEST] FTC-SEARCH-NAV-027 keeps canonical positive card counts on direct load and reload
  [STEP] Direct-load and reload the selected-artist gallery in a fresh browser
2026-09-18 20:16:55,919 [INFO] music_app: {"action": "Index request completed", "album_count": 0, "artist_count": 0, "bootstrap_mode": "fresh_preview", "covers_in_progress": false, "elapsed_ms": 673.02, "hydrate_in_progress": false, "payload_elapsed_ms": 379.44, "query": "", "scan_in_progress": false, "selected_artist": "\u0414\u0414\u0422"}
2026-09-18 20:17:03,861 [INFO] music_app: {"action": "Index request completed", "album_count": 0, "artist_count": 0, "bootstrap_mode": "fresh_preview", "covers_in_progress": false, "elapsed_ms": 501.71, "hydrate_in_progress": false, "payload_elapsed_ms": 304.98, "query": "", "scan_in_progress": false, "selected_artist": "\u0414\u0414\u0422"}
  [FAIL] Direct-load and reload the selected-artist gallery in a fresh browser :: Cannot read properties of undefined (reading 'total') (13115 ms)
  x  10 [functional] › tests\e2e\specs\searchTreeCorrectness.spec.js:46:1 › FTC-SEARCH-NAV-027 keeps canonical positive card counts on direct load and reload @area:gallery-search (14.3s)
2026-09-18 20:17:12,864 [INFO] music_app: {"action": "Index request completed", "album_count": 0, "artist_count": 0, "bootstrap_mode": "fresh_preview", "covers_in_progress": false, "elapsed_ms": 268.69, "hydrate_in_progress": false, "payload_elapsed_ms": 154.6, "query": "", "scan_in_progress": false, "selected_artist": ""}
[TEST] FTC-SEARCH-NAV-028 limits a content-matched family artist while keeping an artist-name match complete
  [STEP] Capture the complete Transatlantic artist-name gallery
2026-09-18 20:17:16,075 [INFO] music_app: {"action": "Index request completed", "album_count": 0, "artist_count": 0, "bootstrap_mode": "fresh_preview", "covers_in_progress": false, "elapsed_ms": 467.14, "hydrate_in_progress": false, "payload_elapsed_ms": 370.38, "query": "", "scan_in_progress": false, "selected_artist": "Transatlantic"}
  [PASS] Capture the complete Transatlantic artist-name gallery (2377 ms)
  [STEP] Search for Transatlantic from Neal Morse
2026-09-18 20:17:18,566 [INFO] music_app: {"action": "Index request completed", "album_count": 0, "artist_count": 0, "bootstrap_mode": "fresh_preview", "covers_in_progress": false, "elapsed_ms": 574.74, "hydrate_in_progress": false, "payload_elapsed_ms": 454.26, "query": "", "scan_in_progress": false, "selected_artist": "Neal Morse"}
2026-09-18 20:17:20,058 [INFO] music_app: {"action": "Postgres album search request started", "query": "transatlantic"}
2026-09-18 20:17:20,246 [INFO] music_app: {"action": "View data request completed", "album_count": 40, "artist_count": 4, "elapsed_ms": 188.26, "query": "transatlantic", "selected_artist": "Transatlantic"}
  [PASS] Search for Transatlantic from Neal Morse (2742 ms)
  [STEP] Selecting a different primary artist clears search and restores its complete gallery
  [FAIL] Selecting a different primary artist clears search and restores its complete gallery :: Timed out after 30000 ms waiting for settled search query "". Observed state: {"activeLoader":false,"activeRuntimeRequestId":3,"activeRuntimeRequestUrl":"","activeRequestCount":0,"canonicalQuery":"transatlantic","canonicalApplied":true,"canonicalSurface":"albums","inputQuery":"transatlantic","latestFullRequestUrl":"http://127.0.0.1:5200/view-data?surface=albums&q=transatlantic&artist=Neal+Morse&gallery_scope=all&category=main_library&category=new_arrivals&category=hoard&omit_sidebar=1","loaderStatus":"","loaderTitle":"","locationQuery":"transatlantic","pendingPayloadReadCount":0,"runtimeBusy":false,"runtimeViewStateRevision":1,"settledEmpty":false,"startupHydrating":false} (30194 ms)
  x  11 [functional] › tests\e2e\specs\searchTreeCorrectness.spec.js:179:1 › FTC-SEARCH-NAV-028 limits a content-matched family artist while keeping an artist-name match complete @area:gallery-search (36.3s)
2026-09-18 20:18:00,310 [INFO] music_app: {"action": "Index request completed", "album_count": 0, "artist_count": 0, "bootstrap_mode": "fresh_preview", "covers_in_progress": false, "elapsed_ms": 370.09, "hydrate_in_progress": false, "payload_elapsed_ms": 209.09, "query": "", "scan_in_progress": false, "selected_artist": ""}
[TEST] FTC-SEARCH-NAV-026 clears Neal Morse search without remounting the selected gallery or family filters and restores the full tree
  [STEP] Capture the complete pre-search artist tree
2026-09-18 20:18:04,071 [INFO] music_app: {"action": "Index request completed", "album_count": 0, "artist_count": 0, "bootstrap_mode": "fresh_preview", "covers_in_progress": false, "elapsed_ms": 314.21, "hydrate_in_progress": false, "payload_elapsed_ms": 179.92, "query": "", "scan_in_progress": false, "selected_artist": ""}
  [PASS] Capture the complete pre-search artist tree (3294 ms)
  [STEP] Search for Neal Morse and retain its automatic strongest-match selection
2026-09-18 20:18:07,361 [INFO] music_app: {"action": "Postgres album search request started", "query": "Neal Morse"}
2026-09-18 20:18:07,649 [INFO] music_app: {"action": "View data request completed", "album_count": 50, "artist_count": 5, "elapsed_ms": 287.69, "query": "Neal Morse", "selected_artist": "Neal Morse"}
  [PASS] Search for Neal Morse and retain its automatic strongest-match selection (2145 ms)
  [STEP] Clear with the search control while preserving the mounted gallery and family filters
  [PASS] Clear with the search control while preserving the mounted gallery and family filters (1873 ms)
  ok 12 [functional] › tests\e2e\specs\searchTreeCorrectness.spec.js:283:1 › FTC-SEARCH-NAV-026 clears Neal Morse search without remounting the selected gallery or family filters and restores the full tree @area:gallery-search (7.7s)
[TEST] FTC-SEARCH-NAV-002, FTC-SEARCH-NAV-003, and FTC-SEARCH-NAV-026 keep one-family search narrow, alphabetical, and selected through full-tree restoration
  [STEP] Open the canonical *** and capture its complete artist context
2026-09-18 20:18:11,835 [INFO] music_app: {"action": "Index request completed", "album_count": 0, "artist_count": 0, "bootstrap_mode": "fresh_preview", "covers_in_progress": false, "elapsed_ms": 346.76, "hydrate_in_progress": false, "payload_elapsed_ms": 199.12, "query": "", "scan_in_progress": false, "selected_artist": ""}
2026-09-18 20:18:14,886 [INFO] music_app: {"action": "Postgres album search request started", "query": "The Neal Morse Band"}
  [PASS] Open the canonical *** and capture its complete artist context (3216 ms)
2026-09-18 20:18:15,078 [INFO] music_app: {"action": "View data request completed", "album_count": 40, "artist_count": 4, "elapsed_ms": 191.17, "query": "The Neal Morse Band", "selected_artist": "The Neal Morse Band"}
  [STEP] Search for one exact artist inside one family
  [PASS] Search for one exact artist inside one family (952 ms)
  [STEP] Keep the best match and its gallery selected without showing a misleading All artists row
  [PASS] Keep the best match and its gallery selected without showing a misleading All artists row (178 ms)
  [STEP] Display the one-family search tree alphabetically instead of relevance order
  [PASS] Display the one-family search tree alphabetically instead of relevance order (83 ms)
  [STEP] Clear the query while retaining the best-match selection and gallery in the restored full tree
2026-09-18 20:18:18,261 [INFO] music_app: {"action": "Postgres album search request started", "query": "The Neal Morse Band"}
  [PASS] Clear the query while retaining the best-match selection and gallery in the restored full tree (2137 ms)
2026-09-18 20:18:18,451 [INFO] music_app: {"action": "View data request completed", "album_count": 40, "artist_count": 4, "elapsed_ms": 190.85, "query": "The Neal Morse Band", "selected_artist": "The Neal Morse Band"}
  [STEP] Repeat the search and explicitly select a different artist from the filtered tree
  [PASS] Repeat the search and explicitly select a different artist from the filtered tree (1486 ms)
  [STEP] Reapply the same committed query with Enter and reselect its best match
2026-09-18 20:18:19,602 [INFO] music_app: {"action": "Postgres album search request started", "query": "The Neal Morse Band"}
2026-09-18 20:18:19,791 [INFO] music_app: {"action": "View data request completed", "album_count": 40, "artist_count": 4, "elapsed_ms": 188.78, "query": "The Neal Morse Band", "selected_artist": "The Neal Morse Band"}
  [PASS] Reapply the same committed query with Enter and reselect its best match (786 ms)
  [STEP] Reapply the same committed query with Apply and reselect its best match
2026-09-18 20:18:20,660 [INFO] music_app: {"action": "Postgres album search request started", "query": "The Neal Morse Band"}
2026-09-18 20:18:20,854 [INFO] music_app: {"action": "View data request completed", "album_count": 40, "artist_count": 4, "elapsed_ms": 194.3, "query": "The Neal Morse Band", "selected_artist": "The Neal Morse Band"}
  [PASS] Reapply the same committed query with Apply and reselect its best match (1057 ms)
  [STEP] Restore the manual family selection before validating clear-search retention
  [PASS] Restore the manual family selection before validating clear-search retention (124 ms)
  [STEP] Clear the query while retaining the manually selected artist and gallery in the restored full tree
  [PASS] Clear the query while retaining the manually selected artist and gallery in the restored full tree (857 ms)
  [STEP] Settle a no-match search with no artist selection
2026-09-18 20:18:22,465 [INFO] music_app: {"action": "Postgres album search request started", "query": "Album Haven deterministic no-match 7f4c29"}
2026-09-18 20:18:22,649 [INFO] music_app: {"action": "View data request completed", "album_count": 0, "artist_count": 0, "elapsed_ms": 184.01, "query": "Album Haven deterministic no-match 7f4c29", "selected_artist": ""}
  [PASS] Settle a no-match search with no artist selection (660 ms)
  [STEP] Clear the no-selection search naturally and restore the nonempty canonical *** at its top
  [PASS] Clear the no-selection search naturally and restore the nonempty canonical *** at its top (1430 ms)
  ok 13 [functional] › tests\e2e\specs\searchTreeCorrectness.spec.js:364:1 › FTC-SEARCH-NAV-002, FTC-SEARCH-NAV-003, and FTC-SEARCH-NAV-026 keep one-family search narrow, alphabetical, and selected through full-tree restoration @area:gallery-search (13.3s)
[TEST] FTC-SEARCH-NAV-026 keeps a cold direct-loaded selected gallery mounted through natural search clear
  [STEP] Direct-load the selected family without first warming the *** browse cache
2026-09-18 20:18:25,051 [INFO] music_app: {"action": "Index request completed", "album_count": 0, "artist_count": 0, "bootstrap_mode": "full_view", "covers_in_progress": false, "elapsed_ms": 227.95, "hydrate_in_progress": false, "payload_elapsed_ms": 169.81, "query": "Signal Family Lead", "scan_in_progress": false, "selected_artist": "Signal  Family Lead"}
  [PASS] Direct-load the selected family without first warming the *** browse cache (1548 ms)
  [STEP] Clear naturally while one ***-sidebar request preserves the mounted gallery
  [PASS] Clear naturally while one ***-sidebar request preserves the mounted gallery (1109 ms)
  ok 14 [functional] › tests\e2e\specs\searchTreeCorrectness.spec.js:605:1 › FTC-SEARCH-NAV-026 keeps a cold direct-loaded selected gallery mounted through natural search clear @area:gallery-search (2.9s)
[TEST] FTC-SEARCH-NAV-003 direct query links hydrate the same one-family tree as visible search
  [STEP] Capture the full *** tree and the filtered Neal Morse tree produced by visible search
2026-09-18 20:18:27,862 [INFO] music_app: {"action": "Index request completed", "album_count": 0, "artist_count": 0, "bootstrap_mode": "shell_only", "covers_in_progress": false, "elapsed_ms": 111.26, "hydrate_in_progress": false, "payload_elapsed_ms": 0.0, "query": "", "scan_in_progress": false, "selected_artist": ""}
2026-09-18 20:18:29,923 [INFO] music_app: {"action": "Postgres album search request started", "query": "neal morse"}
2026-09-18 20:18:30,172 [INFO] music_app: {"action": "View data request completed", "album_count": 50, "artist_count": 5, "elapsed_ms": 249.34, "query": "neal morse", "selected_artist": "Neal Morse"}
  [PASS] Capture the full *** tree and the filtered Neal Morse tree produced by visible search (3700 ms)
  [STEP] Open the selected-artist link without q and retain the full *** tree
2026-09-18 20:18:32,058 [INFO] music_app: {"action": "Index request completed", "album_count": 0, "artist_count": 0, "bootstrap_mode": "fresh_preview", "covers_in_progress": false, "elapsed_ms": 574.78, "hydrate_in_progress": false, "payload_elapsed_ms": 441.14, "query": "", "scan_in_progress": false, "selected_artist": "Neal Morse"}
  [PASS] Open the selected-artist link without q and retain the full *** tree (3473 ms)
  [STEP] Open the equivalent query link as a new document
2026-09-18 20:18:35,388 [INFO] music_app: {"action": "Index request completed", "album_count": 0, "artist_count": 0, "bootstrap_mode": "full_view", "covers_in_progress": false, "elapsed_ms": 350.28, "hydrate_in_progress": false, "payload_elapsed_ms": 240.73, "query": "neal morse", "scan_in_progress": false, "selected_artist": "Neal Morse"}
  [PASS] Open the equivalent query link as a new document (1718 ms)
  [STEP] Hydrate the exact manual-search family tree without a misleading All artists row
  [PASS] Hydrate the exact manual-search family tree without a misleading All artists row (213 ms)
  ok 15 [functional] › tests\e2e\specs\searchTreeCorrectness.spec.js:676:1 › FTC-SEARCH-NAV-003 direct query links hydrate the same one-family tree as visible search @area:gallery-search (9.4s)
[TEST] FTC-SEARCH-NAV-004A keeps a clicked related-family artist selected as the primary artist
  [STEP] Open the Neal Morse family search with Neal Morse as the initial primary artist
2026-09-18 20:18:37,370 [INFO] music_app: {"action": "Index request completed", "album_count": 0, "artist_count": 0, "bootstrap_mode": "shell_only", "covers_in_progress": false, "elapsed_ms": 106.55, "hydrate_in_progress": false, "payload_elapsed_ms": 0.0, "query": "", "scan_in_progress": false, "selected_artist": ""}
2026-09-18 20:18:39,235 [INFO] music_app: {"action": "Postgres album search request started", "query": "neal morse"}
2026-09-18 20:18:39,491 [INFO] music_app: {"action": "View data request completed", "album_count": 50, "artist_count": 5, "elapsed_ms": 254.88, "query": "neal morse", "selected_artist": "Neal Morse"}
  [PASS] Open the Neal Morse family search with Neal Morse as the initial primary artist (3435 ms)
  [STEP] Make the clicked Resonance row the selected primary artist instead of reverting to Neal Morse
  [PASS] Make the clicked Resonance row the selected primary artist instead of reverting to Neal Morse (561 ms)
  [STEP] Keep Resonance primary after server-authoritative reload hydration
2026-09-18 20:18:41,653 [INFO] music_app: {"action": "Index request completed", "album_count": 0, "artist_count": 0, "bootstrap_mode": "full_view", "covers_in_progress": false, "elapsed_ms": 369.59, "hydrate_in_progress": false, "payload_elapsed_ms": 249.23, "query": "neal morse", "scan_in_progress": false, "selected_artist": "Neal Morse & The Resonance"}
  [PASS] Keep Resonance primary after server-authoritative reload hydration (2601 ms)
  ok 16 [functional] › tests\e2e\specs\searchTreeCorrectness.spec.js:750:1 › FTC-SEARCH-NAV-004A keeps a clicked related-family artist selected as the primary artist @area:gallery-search (6.9s)
[TEST] FTC-SEARCH-NAV-004A and FTC-SEARCH-NAV-007A (BUG-06) hide stale Artist Family content while an unrelated artist selection loads
  [STEP] Open a Neal-family artist through the production sidebar
2026-09-18 20:18:44,536 [INFO] music_app: {"action": "Index request completed", "album_count": 0, "artist_count": 0, "bootstrap_mode": "fresh_preview", "covers_in_progress": false, "elapsed_ms": 332.48, "hydrate_in_progress": false, "payload_elapsed_ms": 198.58, "query": "", "scan_in_progress": false, "selected_artist": ""}
  [PASS] Open a Neal-family artist through the production sidebar (4278 ms)
2026-09-18 20:18:48,665 [INFO] music_app: {"action": "Postgres album search request started", "query": "Album Haven Last.fm Fixture"}
  [STEP] Hide the mounted Neal-family panel immediately when a different search commits
2026-09-18 20:18:48,816 [INFO] music_app: {"action": "View data request completed", "album_count": 1, "artist_count": 1, "elapsed_ms": 150.03, "query": "Album Haven Last.fm Fixture", "selected_artist": "Album Haven Last.fm Fixture"}
  [PASS] Hide the mounted Neal-family panel immediately when a different search commits (770 ms)
  [STEP] Restore the Neal-family starting point for the sidebar-navigation contract
2026-09-18 20:18:49,478 [INFO] music_app: {"action": "Index request completed", "album_count": 0, "artist_count": 0, "bootstrap_mode": "fresh_preview", "covers_in_progress": false, "elapsed_ms": 278.62, "hydrate_in_progress": false, "payload_elapsed_ms": 155.52, "query": "", "scan_in_progress": false, "selected_artist": ""}
  [PASS] Restore the Neal-family starting point for the sidebar-navigation contract (3700 ms)
  [STEP] Hide the Neal-family panel immediately when an unrelated artist starts loading
  [PASS] Hide the Neal-family panel immediately when an unrelated artist starts loading (219 ms)
  [STEP] Settle on the unrelated artist without restoring the stale family panel
  [PASS] Settle on the unrelated artist without restoring the stale family panel (260 ms)
  ok 17 [functional] › tests\e2e\specs\searchTreeCorrectness.spec.js:815:1 › FTC-SEARCH-NAV-004A and FTC-SEARCH-NAV-007A (BUG-06) hide stale Artist Family content while an unrelated artist selection loads @area:gallery-search (9.5s)
[TEST] FTC-SEARCH-NAV-003 accepts a new search from direct-loaded state and clearing restores the full tree while retaining selection
  [STEP] Capture the unfiltered main-library tree and All artists count
2026-09-18 20:18:53,859 [INFO] music_app: {"action": "Index request completed", "album_count": 0, "artist_count": 0, "bootstrap_mode": "shell_only", "covers_in_progress": false, "elapsed_ms": 106.44, "hydrate_in_progress": false, "payload_elapsed_ms": 0.0, "query": "", "scan_in_progress": false, "selected_artist": ""}
  [PASS] Capture the unfiltered main-library tree and All artists count (1663 ms)
  [STEP] Direct-load query, artist, and category state and capture its selected gallery
2026-09-18 20:18:55,800 [INFO] music_app: {"action": "Index request completed", "album_count": 0, "artist_count": 0, "bootstrap_mode": "full_view", "covers_in_progress": false, "elapsed_ms": 410.9, "hydrate_in_progress": false, "payload_elapsed_ms": 269.62, "query": "Signal Family Lead", "scan_in_progress": false, "selected_artist": "Signal  Family Lead"}
  [PASS] Direct-load query, artist, and category state and capture its selected gallery (1140 ms)
  [STEP] Clear the direct-loaded query while retaining its artist and gallery in the restored full tree
  [PASS] Clear the direct-loaded query while retaining its artist and gallery in the restored full tree (533 ms)
  [STEP] Commit a different search after clearing the direct-loaded state and capture its selected gallery
2026-09-18 20:18:57,086 [INFO] music_app: {"action": "Postgres album search request started", "query": "The Neal Morse Band"}
2026-09-18 20:18:57,260 [INFO] music_app: {"action": "View data request completed", "album_count": 40, "artist_count": 4, "elapsed_ms": 173.58, "query": "The Neal Morse Band", "selected_artist": "The Neal Morse Band"}
  [PASS] Commit a different search after clearing the direct-loaded state and capture its selected gallery (839 ms)
  [STEP] Clear search and restore the full tree and count while retaining the current artist gallery
  [PASS] Clear search and restore the full tree and count while retaining the current artist gallery (605 ms)
  ok 18 [functional] › tests\e2e\specs\searchTreeCorrectness.spec.js:871:1 › FTC-SEARCH-NAV-003 accepts a new search from direct-loaded state and clearing restores the full tree while retaining selection @area:gallery-search (5.1s)
[TEST] FTC-SEARCH-NAV-025 keeps committed searches in an app-owned keyboard and mouse popover
  [STEP] Commit two searches without browser-native autocomplete
2026-09-18 20:18:59,060 [INFO] music_app: {"action": "Index request completed", "album_count": 0, "artist_count": 0, "bootstrap_mode": "fresh_preview", "covers_in_progress": false, "elapsed_ms": 277.27, "hydrate_in_progress": false, "payload_elapsed_ms": 158.27, "query": "", "scan_in_progress": false, "selected_artist": ""}
2026-09-18 20:19:01,718 [INFO] music_app: {"action": "Postgres album search request started", "query": "The Neal Morse Band"}
2026-09-18 20:19:01,887 [INFO] music_app: {"action": "View data request completed", "album_count": 40, "artist_count": 4, "elapsed_ms": 167.68, "query": "The Neal Morse Band", "selected_artist": "The Neal Morse Band"}
2026-09-18 20:19:02,510 [INFO] music_app: {"action": "Postgres album search request started", "query": "Joseph"}
2026-09-18 20:19:02,683 [INFO] music_app: {"action": "View data request completed", "album_count": 41, "artist_count": 5, "elapsed_ms": 174.16, "query": "Joseph", "selected_artist": "Neal Morse"}
  [PASS] Commit two searches without browser-native autocomplete (4457 ms)
  [STEP] Reload the same tab and restore both session-scoped searches
2026-09-18 20:19:03,500 [INFO] music_app: {"action": "Index request completed", "album_count": 0, "artist_count": 0, "bootstrap_mode": "full_view", "covers_in_progress": false, "elapsed_ms": 240.16, "hydrate_in_progress": false, "payload_elapsed_ms": 172.29, "query": "Joseph", "scan_in_progress": false, "selected_artist": "Neal Morse"}
  [PASS] Reload the same tab and restore both session-scoped searches (988 ms)
  [STEP] Show committed searches newest first and select the older query with the mouse
2026-09-18 20:19:04,377 [INFO] music_app: {"action": "Postgres album search request started", "query": "The Neal Morse Band"}
2026-09-18 20:19:04,569 [INFO] music_app: {"action": "View data request completed", "album_count": 40, "artist_count": 4, "elapsed_ms": 192.23, "query": "The Neal Morse Band", "selected_artist": "The Neal Morse Band"}
  [PASS] Show committed searches newest first and select the older query with the mouse (828 ms)
  [STEP] Select Joseph with two ArrowDown presses and Enter
2026-09-18 20:19:05,530 [INFO] music_app: {"action": "Postgres album search request started", "query": "Joseph"}
2026-09-18 20:19:05,710 [INFO] music_app: {"action": "View data request completed", "album_count": 41, "artist_count": 5, "elapsed_ms": 179.82, "query": "Joseph", "selected_artist": "Neal Morse"}
  [PASS] Select Joseph with two ArrowDown presses and Enter (1243 ms)
  [STEP] Dismiss the popover with Enter, Tab, focus loss, and an outside click
  [PASS] Dismiss the popover with Enter, Tab, focus loss, and an outside click (1240 ms)
  ok 19 [functional] › tests\e2e\specs\searchTreeCorrectness.spec.js:969:1 › FTC-SEARCH-NAV-025 keeps committed searches in an app-owned keyboard and mouse popover @area:gallery-search (9.0s)
[TEST] FTC-SEARCH-NAV-025 persists only an explicitly submitted completed query after debounced prefixes
  [STEP] Settle slow typed prefixes before explicitly submitting the completed query
2026-09-18 20:19:08,194 [INFO] music_app: {"action": "Index request completed", "album_count": 0, "artist_count": 0, "bootstrap_mode": "fresh_preview", "covers_in_progress": false, "elapsed_ms": 316.9, "hydrate_in_progress": false, "payload_elapsed_ms": 174.36, "query": "", "scan_in_progress": false, "selected_artist": ""}
2026-09-18 20:19:11,678 [INFO] music_app: {"action": "Postgres album search request started", "query": "J"}
2026-09-18 20:19:11,951 [INFO] music_app: {"action": "View data request completed", "album_count": 41, "artist_count": 6, "elapsed_ms": 273.4, "query": "J", "selected_artist": "Neal Morse"}
2026-09-18 20:19:12,864 [INFO] music_app: {"action": "Postgres album search request started", "query": "Jo"}
2026-09-18 20:19:13,127 [INFO] music_app: {"action": "View data request completed", "album_count": 41, "artist_count": 6, "elapsed_ms": 262.97, "query": "Jo", "selected_artist": "Neal Morse"}
2026-09-18 20:19:13,805 [INFO] music_app: {"action": "Postgres album search request started", "query": "Jos"}
2026-09-18 20:19:13,975 [INFO] music_app: {"action": "View data request completed", "album_count": 41, "artist_count": 5, "elapsed_ms": 170.95, "query": "Jos", "selected_artist": "Neal Morse"}
2026-09-18 20:19:14,846 [INFO] music_app: {"action": "Postgres album search request started", "query": "Jose"}
2026-09-18 20:19:15,022 [INFO] music_app: {"action": "View data request completed", "album_count": 41, "artist_count": 5, "elapsed_ms": 176.94, "query": "Jose", "selected_artist": "Neal Morse"}
2026-09-18 20:19:15,672 [INFO] music_app: {"action": "Postgres album search request started", "query": "Joseph"}
2026-09-18 20:19:15,833 [INFO] music_app: {"action": "View data request completed", "album_count": 41, "artist_count": 5, "elapsed_ms": 161.11, "query": "Joseph", "selected_artist": "Neal Morse"}
  [PASS] Settle slow typed prefixes before explicitly submitting the completed query (8621 ms)
  [STEP] Keep only the explicit completed query in recent searches
  [PASS] Keep only the explicit completed query in recent searches (117 ms)
  ok 20 [functional] › tests\e2e\specs\searchTreeCorrectness.spec.js:1030:1 › FTC-SEARCH-NAV-025 persists only an explicitly submitted completed query after debounced prefixes @area:gallery-search (9.0s)
[TEST] FTC-SEARCH-NAV-025 aligns the desktop recent-search popover below the search input
  [STEP] Start with no recent searches in the fresh browser context
2026-09-18 20:19:17,223 [INFO] music_app: {"action": "Index request completed", "album_count": 0, "artist_count": 0, "bootstrap_mode": "fresh_preview", "covers_in_progress": false, "elapsed_ms": 253.9, "hydrate_in_progress": false, "payload_elapsed_ms": 145.72, "query": "", "scan_in_progress": false, "selected_artist": ""}
  [PASS] Start with no recent searches in the fresh browser context (2954 ms)
  [STEP] Open one committed recent search at desktop width
2026-09-18 20:19:19,937 [INFO] music_app: {"action": "Postgres album search request started", "query": "The Neal Morse Band"}
2026-09-18 20:19:20,104 [INFO] music_app: {"action": "View data request completed", "album_count": 40, "artist_count": 4, "elapsed_ms": 167.03, "query": "The Neal Morse Band", "selected_artist": "The Neal Morse Band"}
  [PASS] Open one committed recent search at desktop width (976 ms)
  [STEP] Keep the popover aligned, unclipped, and visually stable
  [PASS] Keep the popover aligned, unclipped, and visually stable (158 ms)
  ok 21 [functional] › tests\e2e\specs\searchTreeCorrectness.spec.js:1053:1 › FTC-SEARCH-NAV-025 aligns the desktop recent-search popover below the search input @area:gallery-search (4.4s)
2026-09-18 20:19:21,562 [INFO] music_app: {"action": "Index request completed", "album_count": 0, "artist_count": 0, "bootstrap_mode": "fresh_preview", "covers_in_progress": false, "elapsed_ms": 276.46, "hydrate_in_progress": false, "payload_elapsed_ms": 161.97, "query": "", "scan_in_progress": false, "selected_artist": ""}
  ok 22 [functional] › tests\e2e\specs\settingsRefactorShell.spec.js:31:1 › FTC-SETTINGS-S01 six tabs preserve keyboard wrapping and joined Close hit testing @area:settings (5.7s)
2026-09-18 20:19:27,334 [INFO] music_app: {"action": "Index request completed", "album_count": 0, "artist_count": 0, "bootstrap_mode": "fresh_preview", "covers_in_progress": false, "elapsed_ms": 261.24, "hydrate_in_progress": false, "payload_elapsed_ms": 144.56, "query": "", "scan_in_progress": false, "selected_artist": ""}
2026-09-18 20:19:30,034 [ERROR] asyncio: Exception in callback _ProactorBasePipeTransport._call_connection_lost(None)
handle: <Handle _ProactorBasePipeTransport._call_connection_lost(None)>
Traceback (most recent call last):
  File "C:\hostedtoolcache\windows\Python\3.11.9\x64\Lib\asyncio\events.py", line 84, in _run
    self._context.run(self._callback, *self._args)
  File "C:\hostedtoolcache\windows\Python\3.11.9\x64\Lib\asyncio\proactor_events.py", line 165, in _call_connection_lost
    self._sock.shutdown(socket.SHUT_RDWR)
ConnectionResetError: [WinError 10054] An existing connection was forcibly closed by the remote host
  ok 23 [functional] › tests\e2e\specs\settingsRefactorShell.spec.js:63:1 › FTC-SETTINGS-S02 combined search and Filters retain selection and keyboard anchor focus @area:settings (5.1s)
2026-09-18 20:19:32,399 [INFO] music_app: {"action": "Index request completed", "album_count": 0, "artist_count": 0, "bootstrap_mode": "fresh_preview", "covers_in_progress": false, "elapsed_ms": 279.28, "hydrate_in_progress": false, "payload_elapsed_ms": 150.68, "query": "", "scan_in_progress": false, "selected_artist": ""}
  ok 24 [functional] › tests\e2e\specs\settingsRefactorShell.spec.js:101:1 › FTC-SETTINGS-S03 deep Problems selection retains the mounted tree scroll and focused row @area:settings (4.5s)
2026-09-18 20:19:36,958 [INFO] music_app: {"action": "Index request completed", "album_count": 0, "artist_count": 0, "bootstrap_mode": "fresh_preview", "covers_in_progress": false, "elapsed_ms": 274.19, "hydrate_in_progress": false, "payload_elapsed_ms": 152.72, "query": "", "scan_in_progress": false, "selected_artist": ""}
  ok 25 [functional] › tests\e2e\specs\settingsRefactorShell.spec.js:128:1 › FTC-SETTINGS-S04 ready and missing Problems artwork preserve selection through the real lightbox lifecycle @area:settings (5.3s)
2026-09-18 20:19:42,314 [INFO] music_app: {"action": "Index request completed", "album_count": 0, "artist_count": 0, "bootstrap_mode": "fresh_preview", "covers_in_progress": false, "elapsed_ms": 278.69, "hydrate_in_progress": false, "payload_elapsed_ms": 160.3, "query": "", "scan_in_progress": false, "selected_artist": ""}
[playwright-wrapper-failure-latched] {"phase":"tests-complete","status":"failed","total":26,"completed":26,"failed":10,"skipped":0,"errors":0}
  ok 26 [functional] › tests\e2e\specs\settingsRefactorShell.spec.js:157:1 › FTC-SETTINGS-S05 an open Filters surface remains inside Settings after narrow resize and reopen @area:settings (5.4s)
[album-haven-playwright-result] {"version":1,"phase":"tests-complete","nonce":"5d17451685df9f1b272e56cc2ee5570a880dbfacdaafcfd0fa448084c46dd4cc","status":"failed","total":26,"completed":26,"failed":10,"skipped":0,"errors":0}



[album-haven-playwright-result] {"version":1,"phase":"run-final","nonce":"5d17451685df9f1b272e56cc2ee5570a880dbfacdaafcfd0fa448084c46dd4cc","status":"failed","total":26,"completed":26,"failed":10,"skipped":0,"errors":0}

  1) [functional] › tests\e2e\specs\albumTrackCredits.spec.js:78:1 › FTC-ALBUM-TRACK-CREDITS-001 shows clean titles and per-track credits on a Various Artists release @area:album-details 

    TypeError: Cannot read properties of undefined (reading 'total')

       at ..\actions\trackModalActions.js:213

      211 |       subtitle: String(await this.trackModal.subtitle.textContent() || '').trim(),
      212 |       footer: String(await this.trackModal.footer.textContent() || '').trim(),
    > 213 |       total: String(await this.trackModal.albumTrackTable.total.textContent() || '').trim(),
          |                                                           ^
      214 |       playButtons: await this.trackModal.playButtons.count(),
      215 |       trackRows: await this.trackModal.trackRows.count(),
      216 |       coverLoaded,
        at TrackModalActions.readSummary (D:\a\AlbumHaven\AlbumHaven\tests\e2e\actions\trackModalActions.js:213:59)
        at TrackModalActions.waitForLoadedSummary (D:\a\AlbumHaven\AlbumHaven\tests\e2e\actions\trackModalActions.js:246:21)
        at D:\a\AlbumHaven\AlbumHaven\tests\e2e\specs\albumTrackCredits.spec.js:97:21
        at runStep (D:\a\AlbumHaven\AlbumHaven\tests\e2e\support\baseFixtures.js:146:22)
        at D:\a\AlbumHaven\AlbumHaven\tests\e2e\specs\albumTrackCredits.spec.js:95:3

    attachment #1: step-transcript.txt (text/plain) ────────────────────────────────────────────────
    [TEST] FTC-ALBUM-TRACK-CREDITS-001 shows clean titles and per-track credits on a Various Artists release
      [STEP] Find the persisted Various Artists fixture through normal album search
      [PASS] Find the persisted Various Artists fixture through normal album search (3381 ms)
      [STEP] Open album detai...
    ────────────────────────────────────────────────────────────────────────────────────────────────

    attachment #3: stacktrace.txt (text/plain) ─────────────────────────────────────────────────────
    Error 1
    TypeError: Cannot read properties of undefined (reading 'total')
        at TrackModalActions.readSummary (D:\a\AlbumHaven\AlbumHaven\tests\e2e\actions\trackModalActions.js:213:59)
        at TrackModalActions.waitForLoadedSummary (D:\a\AlbumHaven\AlbumHaven\tests\e2e\actions\trackModalActions.js:24...
    ────────────────────────────────────────────────────────────────────────────────────────────────

    attachment #4: runtime-log.txt (text/plain) ────────────────────────────────────────────────────
    [2026-09-18T20:15:16.080Z] requestfailed/net::ERR_ABORTED: GET http://127.0.0.1:5200/cover?path=D%3A%5Ca%5C_temp%5Calbum-haven-e2e-functional-fixtures-gallery-search-visual%5Cshared%5Cmedia%5C!!!%5CThree%20Bangs%5Ccover.png&size=480&v=process-2211fd259abfaae9ea9ab2eb83707754
    [2026-09-18T20:15:16.080...
    ────────────────────────────────────────────────────────────────────────────────────────────────

    Error Context: ..\..\_temp\functional-output-gallery-search-visual\wave-01-02-playwright-config-js\albumTrackCredits-FTC-ALBU-7411f-n-a-Various-Artists-release-functional\error-context.md

    attachment #7: trace (application/zip) ─────────────────────────────────────────────────────────
    ..\..\_temp\functional-output-gallery-search-visual\wave-01-02-playwright-config-js\albumTrackCredits-FTC-ALBU-7411f-n-a-Various-Artists-release-functional\trace.zip
    Usage:

        npx playwright show-trace ..\..\_temp\functional-output-gallery-search-visual\wave-01-02-playwright-config-js\albumTrackCredits-FTC-ALBU-7411f-n-a-Various-Artists-release-functional\trace.zip

    ────────────────────────────────────────────────────────────────────────────────────────────────

  2) [functional] › tests\e2e\specs\albumTrackCredits.spec.js:269:1 › FTC-ALBUM-TRACK-CREDITS-002 shows each normalized album-header artist once @area:album-details 

    TypeError: Cannot read properties of undefined (reading 'total')

       at ..\actions\trackModalActions.js:213

      211 |       subtitle: String(await this.trackModal.subtitle.textContent() || '').trim(),
      212 |       footer: String(await this.trackModal.footer.textContent() || '').trim(),
    > 213 |       total: String(await this.trackModal.albumTrackTable.total.textContent() || '').trim(),
          |                                                           ^
      214 |       playButtons: await this.trackModal.playButtons.count(),
      215 |       trackRows: await this.trackModal.trackRows.count(),
      216 |       coverLoaded,
        at TrackModalActions.readSummary (D:\a\AlbumHaven\AlbumHaven\tests\e2e\actions\trackModalActions.js:213:59)
        at TrackModalActions.waitForLoadedSummary (D:\a\AlbumHaven\AlbumHaven\tests\e2e\actions\trackModalActions.js:246:21)
        at D:\a\AlbumHaven\AlbumHaven\tests\e2e\specs\albumTrackCredits.spec.js:285:21
        at runStep (D:\a\AlbumHaven\AlbumHaven\tests\e2e\support\baseFixtures.js:146:22)
        at D:\a\AlbumHaven\AlbumHaven\tests\e2e\specs\albumTrackCredits.spec.js:283:3

    attachment #1: step-transcript.txt (text/plain) ────────────────────────────────────────────────
    [TEST] FTC-ALBUM-TRACK-CREDITS-002 shows each normalized album-header artist once
      [STEP] Find the Postgres album whose stored display credit repeats artists
      [PASS] Find the Postgres album whose stored display credit repeats artists (3307 ms)
      [STEP] Open Album Details without repeating the albu...
    ────────────────────────────────────────────────────────────────────────────────────────────────

    attachment #3: stacktrace.txt (text/plain) ─────────────────────────────────────────────────────
    Error 1
    TypeError: Cannot read properties of undefined (reading 'total')
        at TrackModalActions.readSummary (D:\a\AlbumHaven\AlbumHaven\tests\e2e\actions\trackModalActions.js:213:59)
        at TrackModalActions.waitForLoadedSummary (D:\a\AlbumHaven\AlbumHaven\tests\e2e\actions\trackModalActions.js:24...
    ────────────────────────────────────────────────────────────────────────────────────────────────

    attachment #4: runtime-log.txt (text/plain) ────────────────────────────────────────────────────
    [2026-09-18T20:15:26.457Z] requestfailed/net::ERR_ABORTED: GET http://127.0.0.1:5200/cover?path=D%3A%5Ca%5C_temp%5Calbum-haven-e2e-functional-fixtures-gallery-search-visual%5Cshared%5Cmedia%5C!!!%5CThree%20Bangs%5Ccover.png&size=480&v=process-2211fd259abfaae9ea9ab2eb83707754
    [2026-09-18T20:15:26.457...
    ────────────────────────────────────────────────────────────────────────────────────────────────

    Error Context: ..\..\_temp\functional-output-gallery-search-visual\wave-01-02-playwright-config-js\albumTrackCredits-FTC-ALBU-be578-ed-album-header-artist-once-functional\error-context.md

    attachment #7: trace (application/zip) ─────────────────────────────────────────────────────────
    ..\..\_temp\functional-output-gallery-search-visual\wave-01-02-playwright-config-js\albumTrackCredits-FTC-ALBU-be578-ed-album-header-artist-once-functional\trace.zip
    Usage:

        npx playwright show-trace ..\..\_temp\functional-output-gallery-search-visual\wave-01-02-playwright-config-js\albumTrackCredits-FTC-ALBU-be578-ed-album-header-artist-once-functional\trace.zip

    ────────────────────────────────────────────────────────────────────────────────────────────────

  3) [functional] › tests\e2e\specs\albumTrackCredits.spec.js:298:1 › FTC-ALBUM-DETAILS-017 orders missing track numbers by natural filename @area:album-details 

    TypeError: Cannot read properties of undefined (reading 'total')

       at ..\actions\trackModalActions.js:213

      211 |       subtitle: String(await this.trackModal.subtitle.textContent() || '').trim(),
      212 |       footer: String(await this.trackModal.footer.textContent() || '').trim(),
    > 213 |       total: String(await this.trackModal.albumTrackTable.total.textContent() || '').trim(),
          |                                                           ^
      214 |       playButtons: await this.trackModal.playButtons.count(),
      215 |       trackRows: await this.trackModal.trackRows.count(),
      216 |       coverLoaded,
        at TrackModalActions.readSummary (D:\a\AlbumHaven\AlbumHaven\tests\e2e\actions\trackModalActions.js:213:59)
        at TrackModalActions.waitForLoadedSummary (D:\a\AlbumHaven\AlbumHaven\tests\e2e\actions\trackModalActions.js:246:21)
        at D:\a\AlbumHaven\AlbumHaven\tests\e2e\specs\albumTrackCredits.spec.js:316:21
        at runStep (D:\a\AlbumHaven\AlbumHaven\tests\e2e\support\baseFixtures.js:146:22)
        at D:\a\AlbumHaven\AlbumHaven\tests\e2e\specs\albumTrackCredits.spec.js:315:3

    attachment #1: step-transcript.txt (text/plain) ────────────────────────────────────────────────
    [TEST] FTC-ALBUM-DETAILS-017 orders missing track numbers by natural filename
      [STEP] Open the generated missing-track-number album through normal search
      [PASS] Open the generated missing-track-number album through normal search (3614 ms)
      [STEP] Verify natural filename order when positive track...
    ────────────────────────────────────────────────────────────────────────────────────────────────

    attachment #3: stacktrace.txt (text/plain) ─────────────────────────────────────────────────────
    Error 1
    TypeError: Cannot read properties of undefined (reading 'total')
        at TrackModalActions.readSummary (D:\a\AlbumHaven\AlbumHaven\tests\e2e\actions\trackModalActions.js:213:59)
        at TrackModalActions.waitForLoadedSummary (D:\a\AlbumHaven\AlbumHaven\tests\e2e\actions\trackModalActions.js:24...
    ────────────────────────────────────────────────────────────────────────────────────────────────

    attachment #4: runtime-log.txt (text/plain) ────────────────────────────────────────────────────
    [2026-09-18T20:15:37.259Z] requestfailed/net::ERR_ABORTED: GET http://127.0.0.1:5200/cover?path=D%3A%5Ca%5C_temp%5Calbum-haven-e2e-functional-fixtures-gallery-search-visual%5Cshared%5Cmedia%5C!!!%5CThree%20Bangs%5Ccover.png&size=480&v=process-2211fd259abfaae9ea9ab2eb83707754
    [2026-09-18T20:15:37.259...
    ────────────────────────────────────────────────────────────────────────────────────────────────

    Error Context: ..\..\_temp\functional-output-gallery-search-visual\wave-01-02-playwright-config-js\albumTrackCredits-FTC-ALBU-9480d-numbers-by-natural-filename-functional\error-context.md

    attachment #7: trace (application/zip) ─────────────────────────────────────────────────────────
    ..\..\_temp\functional-output-gallery-search-visual\wave-01-02-playwright-config-js\albumTrackCredits-FTC-ALBU-9480d-numbers-by-natural-filename-functional\trace.zip
    Usage:

        npx playwright show-trace ..\..\_temp\functional-output-gallery-search-visual\wave-01-02-playwright-config-js\albumTrackCredits-FTC-ALBU-9480d-numbers-by-natural-filename-functional\trace.zip

    ────────────────────────────────────────────────────────────────────────────────────────────────

  4) [functional] › tests\e2e\specs\albumTrackCredits.spec.js:327:1 › FTC-ALBUM-DETAILS-005 shows bonus duration only for an explicit bonus-disc label @area:album-details 

    TypeError: Cannot read properties of undefined (reading 'total')

       at ..\actions\trackModalActions.js:213

      211 |       subtitle: String(await this.trackModal.subtitle.textContent() || '').trim(),
      212 |       footer: String(await this.trackModal.footer.textContent() || '').trim(),
    > 213 |       total: String(await this.trackModal.albumTrackTable.total.textContent() || '').trim(),
          |                                                           ^
      214 |       playButtons: await this.trackModal.playButtons.count(),
      215 |       trackRows: await this.trackModal.trackRows.count(),
      216 |       coverLoaded,
        at TrackModalActions.readSummary (D:\a\AlbumHaven\AlbumHaven\tests\e2e\actions\trackModalActions.js:213:59)
        at TrackModalActions.waitForLoadedSummary (D:\a\AlbumHaven\AlbumHaven\tests\e2e\actions\trackModalActions.js:246:21)
        at D:\a\AlbumHaven\AlbumHaven\tests\e2e\specs\albumTrackCredits.spec.js:340:5
        at runStep (D:\a\AlbumHaven\AlbumHaven\tests\e2e\support\baseFixtures.js:146:22)
        at D:\a\AlbumHaven\AlbumHaven\tests\e2e\specs\albumTrackCredits.spec.js:333:3

    attachment #1: step-transcript.txt (text/plain) ────────────────────────────────────────────────
    [TEST] FTC-ALBUM-DETAILS-005 shows bonus duration only for an explicit bonus-disc label
      [STEP] Open a mixed album with an explicit raw bonus-disc label
      [FAIL] Open a mixed album with an explicit raw bonus-disc label :: Cannot read properties of undefined (reading 'total') (6274 ms)
    ────────────────────────────────────────────────────────────────────────────────────────────────

    attachment #3: stacktrace.txt (text/plain) ─────────────────────────────────────────────────────
    Error 1
    TypeError: Cannot read properties of undefined (reading 'total')
        at TrackModalActions.readSummary (D:\a\AlbumHaven\AlbumHaven\tests\e2e\actions\trackModalActions.js:213:59)
        at TrackModalActions.waitForLoadedSummary (D:\a\AlbumHaven\AlbumHaven\tests\e2e\actions\trackModalActions.js:24...
    ────────────────────────────────────────────────────────────────────────────────────────────────

    attachment #4: runtime-log.txt (text/plain) ────────────────────────────────────────────────────
    [2026-09-18T20:15:50.397Z] requestfailed/net::ERR_ABORTED: GET http://127.0.0.1:5200/cover?path=D%3A%5Ca%5C_temp%5Calbum-haven-e2e-functional-fixtures-gallery-search-visual%5Cshared%5Cmedia%5C!!!%5CThree%20Bangs%5Ccover.png&size=480&v=process-2211fd259abfaae9ea9ab2eb83707754
    [2026-09-18T20:15:50.397...
    ────────────────────────────────────────────────────────────────────────────────────────────────

    Error Context: ..\..\_temp\functional-output-gallery-search-visual\wave-01-02-playwright-config-js\albumTrackCredits-FTC-ALBU-cd3ea-n-explicit-bonus-disc-label-functional\error-context.md

    attachment #7: trace (application/zip) ─────────────────────────────────────────────────────────
    ..\..\_temp\functional-output-gallery-search-visual\wave-01-02-playwright-config-js\albumTrackCredits-FTC-ALBU-cd3ea-n-explicit-bonus-disc-label-functional\trace.zip
    Usage:

        npx playwright show-trace ..\..\_temp\functional-output-gallery-search-visual\wave-01-02-playwright-config-js\albumTrackCredits-FTC-ALBU-cd3ea-n-explicit-bonus-disc-label-functional\trace.zip

    ────────────────────────────────────────────────────────────────────────────────────────────────

  5) [functional] › tests\e2e\specs\albumTrackCredits.spec.js:355:1 › FTC-ALBUM-DETAILS-005 ignores bonus-like album and path words @area:album-details 

    TypeError: Cannot read properties of undefined (reading 'total')

       at ..\actions\trackModalActions.js:213

      211 |       subtitle: String(await this.trackModal.subtitle.textContent() || '').trim(),
      212 |       footer: String(await this.trackModal.footer.textContent() || '').trim(),
    > 213 |       total: String(await this.trackModal.albumTrackTable.total.textContent() || '').trim(),
          |                                                           ^
      214 |       playButtons: await this.trackModal.playButtons.count(),
      215 |       trackRows: await this.trackModal.trackRows.count(),
      216 |       coverLoaded,
        at TrackModalActions.readSummary (D:\a\AlbumHaven\AlbumHaven\tests\e2e\actions\trackModalActions.js:213:59)
        at TrackModalActions.waitForLoadedSummary (D:\a\AlbumHaven\AlbumHaven\tests\e2e\actions\trackModalActions.js:246:21)
        at D:\a\AlbumHaven\AlbumHaven\tests\e2e\specs\albumTrackCredits.spec.js:368:5
        at runStep (D:\a\AlbumHaven\AlbumHaven\tests\e2e\support\baseFixtures.js:146:22)
        at D:\a\AlbumHaven\AlbumHaven\tests\e2e\specs\albumTrackCredits.spec.js:361:3

    attachment #1: step-transcript.txt (text/plain) ────────────────────────────────────────────────
    [TEST] FTC-ALBUM-DETAILS-005 ignores bonus-like album and path words
      [STEP] Open an ordinary album whose title and path contain bonus-like words
      [FAIL] Open an ordinary album whose title and path contain bonus-like words :: Cannot read properties of undefined (reading 'total') (4115 ms)
    ────────────────────────────────────────────────────────────────────────────────────────────────

    attachment #3: stacktrace.txt (text/plain) ─────────────────────────────────────────────────────
    Error 1
    TypeError: Cannot read properties of undefined (reading 'total')
        at TrackModalActions.readSummary (D:\a\AlbumHaven\AlbumHaven\tests\e2e\actions\trackModalActions.js:213:59)
        at TrackModalActions.waitForLoadedSummary (D:\a\AlbumHaven\AlbumHaven\tests\e2e\actions\trackModalActions.js:24...
    ────────────────────────────────────────────────────────────────────────────────────────────────

    attachment #4: runtime-log.txt (text/plain) ────────────────────────────────────────────────────
    [2026-09-18T20:16:01.291Z] requestfailed/net::ERR_ABORTED: GET http://127.0.0.1:5200/cover?path=D%3A%5Ca%5C_temp%5Calbum-haven-e2e-functional-fixtures-gallery-search-visual%5Cshared%5Cmedia%5C!!!%5CThree%20Bangs%5Ccover.png&size=480&v=process-2211fd259abfaae9ea9ab2eb83707754
    [2026-09-18T20:16:01.291...
    ────────────────────────────────────────────────────────────────────────────────────────────────

    Error Context: ..\..\_temp\functional-output-gallery-search-visual\wave-01-02-playwright-config-js\albumTrackCredits-FTC-ALBU-a9c0d-s-like-album-and-path-words-functional\error-context.md

    attachment #7: trace (application/zip) ─────────────────────────────────────────────────────────
    ..\..\_temp\functional-output-gallery-search-visual\wave-01-02-playwright-config-js\albumTrackCredits-FTC-ALBU-a9c0d-s-like-album-and-path-words-functional\trace.zip
    Usage:

        npx playwright show-trace ..\..\_temp\functional-output-gallery-search-visual\wave-01-02-playwright-config-js\albumTrackCredits-FTC-ALBU-a9c0d-s-like-album-and-path-words-functional\trace.zip

    ────────────────────────────────────────────────────────────────────────────────────────────────

  6) [functional] › tests\e2e\specs\albumTrackCredits.spec.js:382:1 › FTC-ALBUM-DETAILS-005 infers CD1 beside an ordinary numeric CD2 @area:album-details 

    TypeError: Cannot read properties of undefined (reading 'total')

       at ..\actions\trackModalActions.js:213

      211 |       subtitle: String(await this.trackModal.subtitle.textContent() || '').trim(),
      212 |       footer: String(await this.trackModal.footer.textContent() || '').trim(),
    > 213 |       total: String(await this.trackModal.albumTrackTable.total.textContent() || '').trim(),
          |                                                           ^
      214 |       playButtons: await this.trackModal.playButtons.count(),
      215 |       trackRows: await this.trackModal.trackRows.count(),
      216 |       coverLoaded,
        at TrackModalActions.readSummary (D:\a\AlbumHaven\AlbumHaven\tests\e2e\actions\trackModalActions.js:213:59)
        at TrackModalActions.waitForLoadedSummary (D:\a\AlbumHaven\AlbumHaven\tests\e2e\actions\trackModalActions.js:246:21)
        at D:\a\AlbumHaven\AlbumHaven\tests\e2e\specs\albumTrackCredits.spec.js:398:5
        at runStep (D:\a\AlbumHaven\AlbumHaven\tests\e2e\support\baseFixtures.js:146:22)
        at D:\a\AlbumHaven\AlbumHaven\tests\e2e\specs\albumTrackCredits.spec.js:388:3

    attachment #1: step-transcript.txt (text/plain) ────────────────────────────────────────────────
    [TEST] FTC-ALBUM-DETAILS-005 infers CD1 beside an ordinary numeric CD2
      [STEP] Open a numeric two-disc album whose first tracks omit disc tags
      [FAIL] Open a numeric two-disc album whose first tracks omit disc tags :: Cannot read properties of undefined (reading 'total') (4120 ms)
    ────────────────────────────────────────────────────────────────────────────────────────────────

    attachment #3: stacktrace.txt (text/plain) ─────────────────────────────────────────────────────
    Error 1
    TypeError: Cannot read properties of undefined (reading 'total')
        at TrackModalActions.readSummary (D:\a\AlbumHaven\AlbumHaven\tests\e2e\actions\trackModalActions.js:213:59)
        at TrackModalActions.waitForLoadedSummary (D:\a\AlbumHaven\AlbumHaven\tests\e2e\actions\trackModalActions.js:24...
    ────────────────────────────────────────────────────────────────────────────────────────────────

    attachment #4: runtime-log.txt (text/plain) ────────────────────────────────────────────────────
    [2026-09-18T20:16:12.431Z] requestfailed/net::ERR_ABORTED: GET http://127.0.0.1:5200/cover?path=D%3A%5Ca%5C_temp%5Calbum-haven-e2e-functional-fixtures-gallery-search-visual%5Cshared%5Cmedia%5C!!!%5CThree%20Bangs%5Ccover.png&size=480&v=process-2211fd259abfaae9ea9ab2eb83707754
    [2026-09-18T20:16:12.431...
    ────────────────────────────────────────────────────────────────────────────────────────────────

    Error Context: ..\..\_temp\functional-output-gallery-search-visual\wave-01-02-playwright-config-js\albumTrackCredits-FTC-ALBU-84295-ide-an-ordinary-numeric-CD2-functional\error-context.md

    attachment #7: trace (application/zip) ─────────────────────────────────────────────────────────
    ..\..\_temp\functional-output-gallery-search-visual\wave-01-02-playwright-config-js\albumTrackCredits-FTC-ALBU-84295-ide-an-ordinary-numeric-CD2-functional\trace.zip
    Usage:

        npx playwright show-trace ..\..\_temp\functional-output-gallery-search-visual\wave-01-02-playwright-config-js\albumTrackCredits-FTC-ALBU-84295-ide-an-ordinary-numeric-CD2-functional\trace.zip

    ────────────────────────────────────────────────────────────────────────────────────────────────

  7) [functional] › tests\e2e\specs\artistCompositeCredits.spec.js:10:1 › FTC-ARTIST-FAMILY-014 deduplicates the Snow White display credit without changing its click identity @area:gallery-search 

    TypeError: Cannot read properties of undefined (reading 'total')

       at ..\actions\trackModalActions.js:213

      211 |       subtitle: String(await this.trackModal.subtitle.textContent() || '').trim(),
      212 |       footer: String(await this.trackModal.footer.textContent() || '').trim(),
    > 213 |       total: String(await this.trackModal.albumTrackTable.total.textContent() || '').trim(),
          |                                                           ^
      214 |       playButtons: await this.trackModal.playButtons.count(),
      215 |       trackRows: await this.trackModal.trackRows.count(),
      216 |       coverLoaded,
        at TrackModalActions.readSummary (D:\a\AlbumHaven\AlbumHaven\tests\e2e\actions\trackModalActions.js:213:59)
        at TrackModalActions.waitForInteractiveSummary (D:\a\AlbumHaven\AlbumHaven\tests\e2e\actions\trackModalActions.js:256:21)
        at D:\a\AlbumHaven\AlbumHaven\tests\e2e\specs\artistCompositeCredits.spec.js:71:21
        at runStep (D:\a\AlbumHaven\AlbumHaven\tests\e2e\support\baseFixtures.js:146:22)
        at D:\a\AlbumHaven\AlbumHaven\tests\e2e\specs\artistCompositeCredits.spec.js:69:3

    attachment #1: step-transcript.txt (text/plain) ────────────────────────────────────────────────
    [TEST] FTC-ARTIST-FAMILY-014 deduplicates the Snow White display credit without changing its click identity
      [STEP] Open the production app against the isolated Postgres library
      [PASS] Open the production app against the isolated Postgres library (2690 ms)
      [STEP] Select the merged composite art...
    ────────────────────────────────────────────────────────────────────────────────────────────────

    attachment #3: stacktrace.txt (text/plain) ─────────────────────────────────────────────────────
    Error 1
    TypeError: Cannot read properties of undefined (reading 'total')
        at TrackModalActions.readSummary (D:\a\AlbumHaven\AlbumHaven\tests\e2e\actions\trackModalActions.js:213:59)
        at TrackModalActions.waitForInteractiveSummary (D:\a\AlbumHaven\AlbumHaven\tests\e2e\actions\trackModalActions....
    ────────────────────────────────────────────────────────────────────────────────────────────────

    attachment #4: runtime-log.txt (text/plain) ────────────────────────────────────────────────────
    [2026-09-18T20:16:29.689Z] requestfailed/net::ERR_ABORTED: GET http://127.0.0.1:5200/cover?path=D%3A%5Ca%5C_temp%5Calbum-haven-e2e-functional-fixtures-gallery-search-visual%5Cshared%5Cmedia%5C!!!%5CThree%20Bangs%5Ccover.png&size=480&v=process-2211fd259abfaae9ea9ab2eb83707754
    [2026-09-18T20:16:29.689...
    ────────────────────────────────────────────────────────────────────────────────────────────────

    Error Context: ..\..\_temp\functional-output-gallery-search-visual\wave-01-02-playwright-config-js\artistCompositeCredits-FTC-e66c2-changing-its-click-identity-functional\error-context.md

    attachment #7: trace (application/zip) ─────────────────────────────────────────────────────────
    ..\..\_temp\functional-output-gallery-search-visual\wave-01-02-playwright-config-js\artistCompositeCredits-FTC-e66c2-changing-its-click-identity-functional\trace.zip
    Usage:

        npx playwright show-trace ..\..\_temp\functional-output-gallery-search-visual\wave-01-02-playwright-config-js\artistCompositeCredits-FTC-e66c2-changing-its-click-identity-functional\trace.zip

    ────────────────────────────────────────────────────────────────────────────────────────────────

  8) [functional] › tests\e2e\specs\gallerySoundtrackDuration.spec.js:9:1 › FTC-GALLERY-030 counts each Mulan soundtrack track once across artist credits @area:gallery-search 

    TypeError: Cannot read properties of undefined (reading 'total')

      39 |     await expect(trackModalActions.trackModal.dialog).toBeVisible();
      40 |     await expect(trackModalActions.trackModal.trackRows).toHaveCount(14);
    > 41 |     await expect(trackModalActions.trackModal.albumTrackTable.total).toHaveText('Total Length: 56m 18s');
         |                                                               ^
      42 |     await trackModalActions.trackModal.closeButton.click();
      43 |   });
      44 |
        at D:\a\AlbumHaven\AlbumHaven\tests\e2e\specs\gallerySoundtrackDuration.spec.js:41:63
        at runStep (D:\a\AlbumHaven\AlbumHaven\tests\e2e\support\baseFixtures.js:146:22)
        at D:\a\AlbumHaven\AlbumHaven\tests\e2e\specs\gallerySoundtrackDuration.spec.js:37:3

    attachment #1: step-transcript.txt (text/plain) ────────────────────────────────────────────────
    [TEST] FTC-GALLERY-030 counts each Mulan soundtrack track once across artist credits
      [STEP] Unfiltered gallery counts each soundtrack track once
      [PASS] Unfiltered gallery counts each soundtrack track once (5432 ms)
      [STEP] Search the multi-artist soundtrack and count its duration once
      [PASS] ...
    ────────────────────────────────────────────────────────────────────────────────────────────────

    attachment #3: stacktrace.txt (text/plain) ─────────────────────────────────────────────────────
    Error 1
    TypeError: Cannot read properties of undefined (reading 'total')
        at D:\a\AlbumHaven\AlbumHaven\tests\e2e\specs\gallerySoundtrackDuration.spec.js:41:63
        at runStep (D:\a\AlbumHaven\AlbumHaven\tests\e2e\support\baseFixtures.js:146:22)
        at D:\a\AlbumHaven\AlbumHaven\tests\e2e\specs\ga...
    ────────────────────────────────────────────────────────────────────────────────────────────────

    attachment #4: runtime-log.txt (text/plain) ────────────────────────────────────────────────────
    [2026-09-18T20:16:43.736Z] requestfailed/net::ERR_ABORTED: GET http://127.0.0.1:5200/cover?path=D%3A%5Ca%5C_temp%5Calbum-haven-e2e-functional-fixtures-gallery-search-visual%5Cshared%5Cmedia%5CCompilation%20Signal%20Lead%20_%20Compilation%20Signal%20Guest%5CFunctional%20Fixture%20Album%20376%5Ccover....
    ────────────────────────────────────────────────────────────────────────────────────────────────

    Error Context: ..\..\_temp\functional-output-gallery-search-visual\wave-01-02-playwright-config-js\gallerySoundtrackDuration--c8a15--once-across-artist-credits-functional\error-context.md

    attachment #7: trace (application/zip) ─────────────────────────────────────────────────────────
    ..\..\_temp\functional-output-gallery-search-visual\wave-01-02-playwright-config-js\gallerySoundtrackDuration--c8a15--once-across-artist-credits-functional\trace.zip
    Usage:

        npx playwright show-trace ..\..\_temp\functional-output-gallery-search-visual\wave-01-02-playwright-config-js\gallerySoundtrackDuration--c8a15--once-across-artist-credits-functional\trace.zip

    ────────────────────────────────────────────────────────────────────────────────────────────────

  9) [functional] › tests\e2e\specs\searchTreeCorrectness.spec.js:46:1 › FTC-SEARCH-NAV-027 keeps canonical positive card counts on direct load and reload @area:gallery-search 

    TypeError: Cannot read properties of undefined (reading 'total')

       at ..\actions\trackModalActions.js:213

      211 |       subtitle: String(await this.trackModal.subtitle.textContent() || '').trim(),
      212 |       footer: String(await this.trackModal.footer.textContent() || '').trim(),
    > 213 |       total: String(await this.trackModal.albumTrackTable.total.textContent() || '').trim(),
          |                                                           ^
      214 |       playButtons: await this.trackModal.playButtons.count(),
      215 |       trackRows: await this.trackModal.trackRows.count(),
      216 |       coverLoaded,
        at TrackModalActions.readSummary (D:\a\AlbumHaven\AlbumHaven\tests\e2e\actions\trackModalActions.js:213:59)
        at TrackModalActions.waitForInteractiveSummary (D:\a\AlbumHaven\AlbumHaven\tests\e2e\actions\trackModalActions.js:256:21)
        at D:\a\AlbumHaven\AlbumHaven\tests\e2e\specs\searchTreeCorrectness.spec.js:116:10
        at runStep (D:\a\AlbumHaven\AlbumHaven\tests\e2e\support\baseFixtures.js:146:22)
        at D:\a\AlbumHaven\AlbumHaven\tests\e2e\specs\searchTreeCorrectness.spec.js:66:5

    attachment #1: step-transcript.txt (text/plain) ────────────────────────────────────────────────
    [TEST] FTC-SEARCH-NAV-027 keeps canonical positive card counts on direct load and reload
      [STEP] Direct-load and reload the selected-artist gallery in a fresh browser
      [FAIL] Direct-load and reload the selected-artist gallery in a fresh browser :: Cannot read properties of undefined (reading 'tota...
    ────────────────────────────────────────────────────────────────────────────────────────────────

    attachment #3: stacktrace.txt (text/plain) ─────────────────────────────────────────────────────
    Error 1
    TypeError: Cannot read properties of undefined (reading 'total')
        at TrackModalActions.readSummary (D:\a\AlbumHaven\AlbumHaven\tests\e2e\actions\trackModalActions.js:213:59)
        at TrackModalActions.waitForInteractiveSummary (D:\a\AlbumHaven\AlbumHaven\tests\e2e\actions\trackModalActions....
    ────────────────────────────────────────────────────────────────────────────────────────────────

    attachment #4: runtime-log.txt (text/plain) ────────────────────────────────────────────────────
    No runtime logs captured.
    ────────────────────────────────────────────────────────────────────────────────────────────────

    Error Context: ..\..\_temp\functional-output-gallery-search-visual\wave-01-02-playwright-config-js\searchTreeCorrectness-FTC--9dd1f-s-on-direct-load-and-reload-functional\error-context.md

    attachment #7: trace (application/zip) ─────────────────────────────────────────────────────────
    ..\..\_temp\functional-output-gallery-search-visual\wave-01-02-playwright-config-js\searchTreeCorrectness-FTC--9dd1f-s-on-direct-load-and-reload-functional\trace.zip
    Usage:

        npx playwright show-trace ..\..\_temp\functional-output-gallery-search-visual\wave-01-02-playwright-config-js\searchTreeCorrectness-FTC--9dd1f-s-on-direct-load-and-reload-functional\trace.zip

    ────────────────────────────────────────────────────────────────────────────────────────────────

  10) [functional] › tests\e2e\specs\searchTreeCorrectness.spec.js:179:1 › FTC-SEARCH-NAV-028 limits a content-matched family artist while keeping an artist-name match complete @area:gallery-search 

    Error: Timed out after 30000 ms waiting for settled search query "". Observed state: {"activeLoader":false,"activeRuntimeRequestId":3,"activeRuntimeRequestUrl":"","activeRequestCount":0,"canonicalQuery":"transatlantic","canonicalApplied":true,"canonicalSurface":"albums","inputQuery":"transatlantic","latestFullRequestUrl":"http://127.0.0.1:5200/view-data?surface=albums&q=transatlantic&artist=Neal+Morse&gallery_scope=all&category=main_library&category=new_arrivals&category=hoard&omit_sidebar=1","loaderStatus":"","loaderTitle":"","locationQuery":"transatlantic","pendingPayloadReadCount":0,"runtimeBusy":false,"runtimeViewStateRevision":1,"settledEmpty":false,"startupHydrating":false}

       at ..\poms\searchToolbar.js:919

      917 |       await new Promise((resolve) => setTimeout(resolve, 25));
      918 |     }
    > 919 |     throw new Error(
          |           ^
      920 |       `Timed out after ${timeout} ms waiting for settled search query "${expected}". `
      921 |       + `Observed state: ${JSON.stringify(lastObservedState)}`,
      922 |     );
        at SearchToolbar.waitForQuerySettled (D:\a\AlbumHaven\AlbumHaven\tests\e2e\poms\searchToolbar.js:919:11)
        at SearchToolbarActions.waitForQuery (D:\a\AlbumHaven\AlbumHaven\tests\e2e\actions\searchToolbarActions.js:122:5)
        at D:\a\AlbumHaven\AlbumHaven\tests\e2e\specs\searchTreeCorrectness.spec.js:217:5
        at runStep (D:\a\AlbumHaven\AlbumHaven\tests\e2e\support\baseFixtures.js:146:22)
        at D:\a\AlbumHaven\AlbumHaven\tests\e2e\specs\searchTreeCorrectness.spec.js:215:3

    attachment #1: step-transcript.txt (text/plain) ────────────────────────────────────────────────
    [TEST] FTC-SEARCH-NAV-028 limits a content-matched family artist while keeping an artist-name match complete
      [STEP] Capture the complete Transatlantic artist-name gallery
      [PASS] Capture the complete Transatlantic artist-name gallery (2377 ms)
      [STEP] Search for Transatlantic from Neal Morse
      [...
    ────────────────────────────────────────────────────────────────────────────────────────────────

    attachment #3: stacktrace.txt (text/plain) ─────────────────────────────────────────────────────
    Error 1
    Error: Timed out after 30000 ms waiting for settled search query "". Observed state: {"activeLoader":false,"activeRuntimeRequestId":3,"activeRuntimeRequestUrl":"","activeRequestCount":0,"canonicalQuery":"transatlantic","canonicalApplied":true,"canonicalSurface":"albums","inputQuery":"transat...
    ────────────────────────────────────────────────────────────────────────────────────────────────

    attachment #4: runtime-log.txt (text/plain) ────────────────────────────────────────────────────
    [2026-09-18T20:17:18.588Z] requestfailed/net::ERR_ABORTED: GET http://127.0.0.1:5200/cover?path=D%3A%5Ca%5C_temp%5Calbum-haven-e2e-functional-fixtures-gallery-search-visual%5Cshared%5Cmedia%5CProgressive%20Projects%5CMorse%20Family%5CNeal%20Morse%5CFunctional%20Fixture%20Album%20144%5Ccover.png&size...
    ────────────────────────────────────────────────────────────────────────────────────────────────

    Error Context: ..\..\_temp\functional-output-gallery-search-visual\wave-01-02-playwright-config-js\searchTreeCorrectness-FTC--b7198--artist-name-match-complete-functional\error-context.md

    attachment #7: trace (application/zip) ─────────────────────────────────────────────────────────
    ..\..\_temp\functional-output-gallery-search-visual\wave-01-02-playwright-config-js\searchTreeCorrectness-FTC--b7198--artist-name-match-complete-functional\trace.zip
    Usage:

        npx playwright show-trace ..\..\_temp\functional-output-gallery-search-visual\wave-01-02-playwright-config-js\searchTreeCorrectness-FTC--b7198--artist-name-match-complete-functional\trace.zip

    ────────────────────────────────────────────────────────────────────────────────────────────────

  10 failed
    [functional] › tests\e2e\specs\albumTrackCredits.spec.js:78:1 › FTC-ALBUM-TRACK-CREDITS-001 shows clean titles and per-track credits on a Various Artists release @area:album-details 
    [functional] › tests\e2e\specs\albumTrackCredits.spec.js:269:1 › FTC-ALBUM-TRACK-CREDITS-002 shows each normalized album-header artist once @area:album-details 
    [functional] › tests\e2e\specs\albumTrackCredits.spec.js:298:1 › FTC-ALBUM-DETAILS-017 orders missing track numbers by natural filename @area:album-details 
    [functional] › tests\e2e\specs\albumTrackCredits.spec.js:327:1 › FTC-ALBUM-DETAILS-005 shows bonus duration only for an explicit bonus-disc label @area:album-details 
    [functional] › tests\e2e\specs\albumTrackCredits.spec.js:355:1 › FTC-ALBUM-DETAILS-005 ignores bonus-like album and path words @area:album-details 
    [functional] › tests\e2e\specs\albumTrackCredits.spec.js:382:1 › FTC-ALBUM-DETAILS-005 infers CD1 beside an ordinary numeric CD2 @area:album-details 
    [functional] › tests\e2e\specs\artistCompositeCredits.spec.js:10:1 › FTC-ARTIST-FAMILY-014 deduplicates the Snow White display credit without changing its click identity @area:gallery-search 
    [functional] › tests\e2e\specs\gallerySoundtrackDuration.spec.js:9:1 › FTC-GALLERY-030 counts each Mulan soundtrack track once across artist credits @area:gallery-search 
    [functional] › tests\e2e\specs\searchTreeCorrectness.spec.js:46:1 › FTC-SEARCH-NAV-027 keeps canonical positive card counts on direct load and reload @area:gallery-search 
    [functional] › tests\e2e\specs\searchTreeCorrectness.spec.js:179:1 › FTC-SEARCH-NAV-028 limits a content-matched family artist while keeping an artist-name match complete @area:gallery-search 
  16 passed (4.7m)

=== Playwright Summary ===
[x] albumTrackCredits.spec
  [x] FTC-ALBUM-TRACK-CREDITS-001 shows clean titles and per-track credits on a Various Artists release @area:album-details
  [x] FTC-ALBUM-TRACK-CREDITS-002 shows each normalized album-header artist once @area:album-details
  [x] FTC-ALBUM-DETAILS-017 orders missing track numbers by natural filename @area:album-details
  [x] FTC-ALBUM-DETAILS-005 shows bonus duration only for an explicit bonus-disc label @area:album-details
  [x] FTC-ALBUM-DETAILS-005 ignores bonus-like album and path words @area:album-details
  [x] FTC-ALBUM-DETAILS-005 infers CD1 beside an ordinary numeric CD2 @area:album-details
[✓] artistCompilationFamily.spec
  [✓] FTC-ARTIST-FAMILY-016 reuses complete virtualized family data for no-query member navigation @area:gallery-search
[x] artistCompositeCredits.spec
  [x] FTC-ARTIST-FAMILY-014 deduplicates the Snow White display credit without changing its click identity @area:gallery-search
[x] gallerySoundtrackDuration.spec
  [x] FTC-GALLERY-030 counts each Mulan soundtrack track once across artist credits @area:gallery-search
[x] searchTreeCorrectness.spec
  [x] FTC-SEARCH-NAV-027 keeps canonical positive card counts on direct load and reload @area:gallery-search
  [x] FTC-SEARCH-NAV-028 limits a content-matched family artist while keeping an artist-name match complete @area:gallery-search
  [✓] FTC-SEARCH-NAV-026 clears Neal Morse search without remounting the selected gallery or family filters and restores the full tree @area:gallery-search
  [✓] FTC-SEARCH-NAV-002, FTC-SEARCH-NAV-003, and FTC-SEARCH-NAV-026 keep one-family search narrow, alphabetical, and selected through full-tree restoration @area:gallery-search
  [✓] FTC-SEARCH-NAV-026 keeps a cold direct-loaded selected gallery mounted through natural search clear @area:gallery-search
  [✓] FTC-SEARCH-NAV-003 direct query links hydrate the same one-family tree as visible search @area:gallery-search
  [✓] FTC-SEARCH-NAV-004A keeps a clicked related-family artist selected as the primary artist @area:gallery-search
  [✓] FTC-SEARCH-NAV-004A and FTC-SEARCH-NAV-007A (BUG-06) hide stale Artist Family content while an unrelated artist selection loads @area:gallery-search
  [✓] FTC-SEARCH-NAV-003 accepts a new search from direct-loaded state and clearing restores the full tree while retaining selection @area:gallery-search
  [✓] FTC-SEARCH-NAV-025 keeps committed searches in an app-owned keyboard and mouse popover @area:gallery-search
  [✓] FTC-SEARCH-NAV-025 persists only an explicitly submitted completed query after debounced prefixes @area:gallery-search
  [✓] FTC-SEARCH-NAV-025 aligns the desktop recent-search popover below the search input @area:gallery-search
[✓] settingsRefactorShell.spec
  [✓] FTC-SETTINGS-S01 six tabs preserve keyboard wrapping and joined Close hit testing @area:settings
  [✓] FTC-SETTINGS-S02 combined search and Filters retain selection and keyboard anchor focus @area:settings
  [✓] FTC-SETTINGS-S03 deep Problems selection retains the mounted tree scroll and focused row @area:settings
  [✓] FTC-SETTINGS-S04 ready and missing Problems artwork preserve selection through the real lightbox lifecycle @area:settings
  [✓] FTC-SETTINGS-S05 an open Filters surface remains inside Settings after narrow resize and reopen @area:settings

Overall: 16/26 passed
Failed tests:
- albumTrackCredits.spec > FTC-ALBUM-TRACK-CREDITS-001 shows clean titles and per-track credits on a Various Artists release @area:album-details
- albumTrackCredits.spec > FTC-ALBUM-TRACK-CREDITS-002 shows each normalized album-header artist once @area:album-details
- albumTrackCredits.spec > FTC-ALBUM-DETAILS-017 orders missing track numbers by natural filename @area:album-details
- albumTrackCredits.spec > FTC-ALBUM-DETAILS-005 shows bonus duration only for an explicit bonus-disc label @area:album-details
- albumTrackCredits.spec > FTC-ALBUM-DETAILS-005 ignores bonus-like album and path words @area:album-details
- albumTrackCredits.spec > FTC-ALBUM-DETAILS-005 infers CD1 beside an ordinary numeric CD2 @area:album-details
- artistCompositeCredits.spec > FTC-ARTIST-FAMILY-014 deduplicates the Snow White display credit without changing its click identity @area:gallery-search
- gallerySoundtrackDuration.spec > FTC-GALLERY-030 counts each Mulan soundtrack track once across artist credits @area:gallery-search
- searchTreeCorrectness.spec > FTC-SEARCH-NAV-027 keeps canonical positive card counts on direct load and reload @area:gallery-search
- searchTreeCorrectness.spec > FTC-SEARCH-NAV-028 limits a content-matched family artist while keeping an artist-name match complete @area:gallery-search
[playwright-wrapper-diagnostic] {"reason":"wrapper-child-lifecycle-mismatch","childExitCode":1,"childExitSignal":null,"childCloseCode":1,"childCloseSignal":null,"processError":null,"stopReason":"none","cleanupOutcome":"completed"}
[playwright-wrapper-final-decision] {"wrapperExitCode":1,"attemptReturn":{"exitCode":1,"exitReason":"wrapper-child-lifecycle-mismatch"},"fakeDatabaseCleanup":{"status":"completed","error":null,"mode":"lock-only"},"scanAppCleanup":{"status":"not-required","error":null},"isolatedAppCleanup":{"status":"completed","error":null},"tempCleanup":{"status":"completed","error":null,"removedCount":1},"passivePortDiagnostics":[{"port":5200,"status":"completed","error":null,"ownerCount":0},{"port":5202,"status":"completed","error":null,"ownerCount":0}],"finalSummary":{"phase":"run-final","status":"failed","total":26,"completed":26,"failed":10,"skipped":0,"errors":0,"listOnly":false},"exitReason":"wrapper-child-lifecycle-mismatch"}
{"restored":0,"removed":0,"unchanged":1497}
Album Haven production E2E app listening on http://127.0.0.1:5200 with 0 artists, 0 albums, 0 tracks, and provider fixtures on http://127.0.0.1:5202
2026-09-18 20:20:19,837 [INFO] music_app: Startup scan-cache hydration completed files=7200 albums=400
2026-09-18 20:20:19,838 [INFO] music_app: Legacy album exclusions migrated albums=1 removed_rules=18 created_rules=1
2026-09-18 20:20:20,340 [INFO] music_app: Relation projection startup readiness ready=true rebuilt=true reason=missing_projection builder_version=local-relation-builder-v9 source_row_count=7438 duration_ms=465.65 source_load=143.11 fingerprint=58.97 pure_build=151.09 family_link_replacement=7.98 snapshot_publication=1.71
2026-09-18 20:20:21,610 [INFO] music_app: {"action": "Index request completed", "album_count": 0, "artist_count": 0, "bootstrap_mode": "fresh_preview", "covers_in_progress": false, "elapsed_ms": 405.82, "hydrate_in_progress": false, "payload_elapsed_ms": 173.65, "query": "", "scan_in_progress": false, "selected_artist": ""}

Running 1 test using 1 worker

2026-09-18 20:20:50,879 [INFO] music_app: {"action": "Index request completed", "album_count": 0, "artist_count": 0, "bootstrap_mode": "fresh_preview", "covers_in_progress": false, "elapsed_ms": 295.36, "hydrate_in_progress": false, "payload_elapsed_ms": 161.14, "query": "", "scan_in_progress": false, "selected_artist": ""}
[TEST] FTC-TAGS-021 and FTC-ALBUM-DETAILS-018 consolidate one logical release
  [STEP] Set the reported release year on the complete source album
2026-09-18 20:20:54,209 [INFO] music_app: {"action": "Index request completed", "album_count": 0, "artist_count": 0, "bootstrap_mode": "fresh_preview", "covers_in_progress": false, "elapsed_ms": 558.46, "hydrate_in_progress": false, "payload_elapsed_ms": 353.56, "query": "", "scan_in_progress": false, "selected_artist": "\u0414\u0414\u0422"}
  [FAIL] Set the reported release year on the complete source album :: Cannot read properties of undefined (reading 'total') (4546 ms)
Album Haven production E2E app listening on http://127.0.0.1:5200 with 0 artists, 0 albums, 0 tracks, and provider fixtures on http://127.0.0.1:5202
2026-09-18 20:21:04,836 [INFO] music_app: Startup scan-cache hydration completed files=7200 albums=400
2026-09-18 20:21:05,338 [INFO] music_app: Relation projection startup readiness ready=true rebuilt=true reason=missing_readiness_metadata builder_version=local-relation-builder-v9 source_row_count=7438 duration_ms=459.09 source_load=139.35 fingerprint=61.09 pure_build=149.28 family_link_replacement=5.95 snapshot_publication=2.03
2026-09-18 20:21:06,779 [INFO] music_app: {"action": "Index request completed", "album_count": 0, "artist_count": 0, "bootstrap_mode": "fresh_preview", "covers_in_progress": false, "elapsed_ms": 575.37, "hydrate_in_progress": false, "payload_elapsed_ms": 251.6, "query": "", "scan_in_progress": false, "selected_artist": ""}
[playwright-wrapper-failure-latched] {"phase":"tests-complete","status":"failed","total":1,"completed":1,"failed":1,"skipped":0,"errors":0}
  x  1 [functional] › tests\e2e\specs\albumIdentityConsolidation.spec.js:51:1 › FTC-TAGS-021 and FTC-ALBUM-DETAILS-018 consolidate one logical release @area:tag-edit (31.5s)
[album-haven-playwright-result] {"version":1,"phase":"tests-complete","nonce":"35411a2da27a1ca8cb8b2ef319fed6bd5f7ded89adbf6fe8b36b109a5f9611f3","status":"failed","total":1,"completed":1,"failed":1,"skipped":0,"errors":0}



[album-haven-playwright-result] {"version":1,"phase":"run-final","nonce":"35411a2da27a1ca8cb8b2ef319fed6bd5f7ded89adbf6fe8b36b109a5f9611f3","status":"failed","total":1,"completed":1,"failed":1,"skipped":0,"errors":0}

  1) [functional] › tests\e2e\specs\albumIdentityConsolidation.spec.js:51:1 › FTC-TAGS-021 and FTC-ALBUM-DETAILS-018 consolidate one logical release @area:tag-edit 

    TypeError: Cannot read properties of undefined (reading 'total')

       at ..\actions\trackModalActions.js:213

      211 |       subtitle: String(await this.trackModal.subtitle.textContent() || '').trim(),
      212 |       footer: String(await this.trackModal.footer.textContent() || '').trim(),
    > 213 |       total: String(await this.trackModal.albumTrackTable.total.textContent() || '').trim(),
          |                                                           ^
      214 |       playButtons: await this.trackModal.playButtons.count(),
      215 |       trackRows: await this.trackModal.trackRows.count(),
      216 |       coverLoaded,
        at TrackModalActions.readSummary (D:\a\AlbumHaven\AlbumHaven\tests\e2e\actions\trackModalActions.js:213:59)
        at TrackModalActions.waitForInteractiveSummary (D:\a\AlbumHaven\AlbumHaven\tests\e2e\actions\trackModalActions.js:256:21)
        at TagEditorActions.openForAlbum (D:\a\AlbumHaven\AlbumHaven\tests\e2e\actions\tagEditorActions.js:28:5)
        at D:\a\AlbumHaven\AlbumHaven\tests\e2e\specs\albumIdentityConsolidation.spec.js:66:5
        at runStep (D:\a\AlbumHaven\AlbumHaven\tests\e2e\support\baseFixtures.js:146:22)
        at D:\a\AlbumHaven\AlbumHaven\tests\e2e\specs\albumIdentityConsolidation.spec.js:63:3

    attachment #1: step-transcript.txt (text/plain) ────────────────────────────────────────────────
    [TEST] FTC-TAGS-021 and FTC-ALBUM-DETAILS-018 consolidate one logical release
      [STEP] Set the reported release year on the complete source album
      [FAIL] Set the reported release year on the complete source album :: Cannot read properties of undefined (reading 'total') (4546 ms)
    ────────────────────────────────────────────────────────────────────────────────────────────────

    attachment #3: stacktrace.txt (text/plain) ─────────────────────────────────────────────────────
    Error 1
    TypeError: Cannot read properties of undefined (reading 'total')
        at TrackModalActions.readSummary (D:\a\AlbumHaven\AlbumHaven\tests\e2e\actions\trackModalActions.js:213:59)
        at TrackModalActions.waitForInteractiveSummary (D:\a\AlbumHaven\AlbumHaven\tests\e2e\actions\trackModalActions....
    ────────────────────────────────────────────────────────────────────────────────────────────────

    attachment #4: runtime-log.txt (text/plain) ────────────────────────────────────────────────────
    [2026-09-18T20:20:57.273Z] requestfailed/net::ERR_ABORTED: GET http://127.0.0.1:5200/cover?path=D%3A%5Ca%5C_temp%5Calbum-haven-e2e-functional-fixtures-gallery-search-visual%5Cshared%5Cmedia%5C%D0%94%D0%94%D0%A2%5C%D0%93%D0%B0%D0%BB%D1%8F%20%D1%85%D0%BE%D0%B4%D0%B8%5Ccover.png&size=480&v=process-709d...
    ────────────────────────────────────────────────────────────────────────────────────────────────

    Error Context: ..\..\_temp\functional-output-gallery-search-visual\wave-01-03-playwright-config-js\albumIdentityConsolidation-84626-olidate-one-logical-release-functional\error-context.md

    attachment #7: trace (application/zip) ─────────────────────────────────────────────────────────
    ..\..\_temp\functional-output-gallery-search-visual\wave-01-03-playwright-config-js\albumIdentityConsolidation-84626-olidate-one-logical-release-functional\trace.zip
    Usage:

        npx playwright show-trace ..\..\_temp\functional-output-gallery-search-visual\wave-01-03-playwright-config-js\albumIdentityConsolidation-84626-olidate-one-logical-release-functional\trace.zip

    ────────────────────────────────────────────────────────────────────────────────────────────────

  1 failed
    [functional] › tests\e2e\specs\albumIdentityConsolidation.spec.js:51:1 › FTC-TAGS-021 and FTC-ALBUM-DETAILS-018 consolidate one logical release @area:tag-edit 

=== Playwright Summary ===
[x] albumIdentityConsolidation.spec
  [x] FTC-TAGS-021 and FTC-ALBUM-DETAILS-018 consolidate one logical release @area:tag-edit

Overall: 0/1 passed
Failed tests:
- albumIdentityConsolidation.spec > FTC-TAGS-021 and FTC-ALBUM-DETAILS-018 consolidate one logical release @area:tag-edit
[playwright-wrapper-diagnostic] {"reason":"wrapper-child-lifecycle-mismatch","childExitCode":1,"childExitSignal":null,"childCloseCode":1,"childCloseSignal":null,"processError":null,"stopReason":"none","cleanupOutcome":"completed"}
[playwright-wrapper-final-decision] {"wrapperExitCode":1,"attemptReturn":{"exitCode":1,"exitReason":"wrapper-child-lifecycle-mismatch"},"fakeDatabaseCleanup":{"status":"completed","error":null,"mode":"lock-only"},"scanAppCleanup":{"status":"not-required","error":null},"isolatedAppCleanup":{"status":"completed","error":null},"tempCleanup":{"status":"completed","error":null,"removedCount":1},"passivePortDiagnostics":[{"port":5200,"status":"completed","error":null,"ownerCount":0},{"port":5202,"status":"completed","error":null,"ownerCount":0}],"finalSummary":{"phase":"run-final","status":"failed","total":1,"completed":1,"failed":1,"skipped":0,"errors":0,"listOnly":false},"exitReason":"wrapper-child-lifecycle-mismatch"}
{"restored":16,"removed":0,"unchanged":1481}
Album Haven production E2E app listening on http://127.0.0.1:5200 with 0 artists, 0 albums, 0 tracks, and provider fixtures on http://127.0.0.1:5202
2026-09-18 20:21:54,809 [INFO] music_app: Startup scan-cache hydration completed files=7200 albums=400
2026-09-18 20:21:54,809 [INFO] music_app: Legacy album exclusions migrated albums=1 removed_rules=18 created_rules=1
2026-09-18 20:21:55,319 [INFO] music_app: Relation projection startup readiness ready=true rebuilt=true reason=missing_projection builder_version=local-relation-builder-v9 source_row_count=7438 duration_ms=473.71 source_load=148.61 fingerprint=66.36 pure_build=149.57 family_link_replacement=7.57 snapshot_publication=1.77
2026-09-18 20:21:56,530 [INFO] music_app: {"action": "Index request completed", "album_count": 0, "artist_count": 0, "bootstrap_mode": "fresh_preview", "covers_in_progress": false, "elapsed_ms": 427.45, "hydrate_in_progress": false, "payload_elapsed_ms": 183.62, "query": "", "scan_in_progress": false, "selected_artist": ""}

Running 1 test using 1 worker

2026-09-18 20:22:23,571 [INFO] music_app: {"action": "Index request completed", "album_count": 0, "artist_count": 0, "bootstrap_mode": "fresh_preview", "covers_in_progress": false, "elapsed_ms": 256.51, "hydrate_in_progress": false, "payload_elapsed_ms": 149.5, "query": "", "scan_in_progress": false, "selected_artist": ""}
[TEST] FTC-UTIL-PROBLEMS-013 shows one logical album with exact scoped reasons and tracks
  [STEP] Prepare the consolidated release year
2026-09-18 20:22:26,980 [INFO] music_app: {"action": "Index request completed", "album_count": 0, "artist_count": 0, "bootstrap_mode": "fresh_preview", "covers_in_progress": false, "elapsed_ms": 532.31, "hydrate_in_progress": false, "payload_elapsed_ms": 337.84, "query": "", "scan_in_progress": false, "selected_artist": "\u0414\u0414\u0422"}
  [FAIL] Prepare the consolidated release year :: Cannot read properties of undefined (reading 'total') (6403 ms)
Album Haven production E2E app listening on http://127.0.0.1:5200 with 0 artists, 0 albums, 0 tracks, and provider fixtures on http://127.0.0.1:5202
2026-09-18 20:22:39,842 [INFO] music_app: Startup scan-cache hydration completed files=7200 albums=400
2026-09-18 20:22:40,349 [INFO] music_app: Relation projection startup readiness ready=true rebuilt=true reason=missing_readiness_metadata builder_version=local-relation-builder-v9 source_row_count=7438 duration_ms=467.30 source_load=135.18 fingerprint=59.03 pure_build=161.53 family_link_replacement=6.63 snapshot_publication=2.13
2026-09-18 20:22:41,621 [INFO] music_app: {"action": "Index request completed", "album_count": 0, "artist_count": 0, "bootstrap_mode": "fresh_preview", "covers_in_progress": false, "elapsed_ms": 441.42, "hydrate_in_progress": false, "payload_elapsed_ms": 159.63, "query": "", "scan_in_progress": false, "selected_artist": ""}
[playwright-wrapper-failure-latched] {"phase":"tests-complete","status":"failed","total":1,"completed":1,"failed":1,"skipped":0,"errors":0}
  x  1 [functional] › tests\e2e\specs\albumIdentityConsolidation.spec.js:258:1 › FTC-UTIL-PROBLEMS-013 shows one logical album with exact scoped reasons and tracks @area:problematic-files (34.2s)
[album-haven-playwright-result] {"version":1,"phase":"tests-complete","nonce":"019fbac86a3947688553429e8732e327a212e0f8293cc96fb58c0d83ecdff3e7","status":"failed","total":1,"completed":1,"failed":1,"skipped":0,"errors":0}



[album-haven-playwright-result] {"version":1,"phase":"run-final","nonce":"019fbac86a3947688553429e8732e327a212e0f8293cc96fb58c0d83ecdff3e7","status":"failed","total":1,"completed":1,"failed":1,"skipped":0,"errors":0}

  1) [functional] › tests\e2e\specs\albumIdentityConsolidation.spec.js:258:1 › FTC-UTIL-PROBLEMS-013 shows one logical album with exact scoped reasons and tracks @area:problematic-files 

    TypeError: Cannot read properties of undefined (reading 'total')

       at ..\actions\trackModalActions.js:213

      211 |       subtitle: String(await this.trackModal.subtitle.textContent() || '').trim(),
      212 |       footer: String(await this.trackModal.footer.textContent() || '').trim(),
    > 213 |       total: String(await this.trackModal.albumTrackTable.total.textContent() || '').trim(),
          |                                                           ^
      214 |       playButtons: await this.trackModal.playButtons.count(),
      215 |       trackRows: await this.trackModal.trackRows.count(),
      216 |       coverLoaded,
        at TrackModalActions.readSummary (D:\a\AlbumHaven\AlbumHaven\tests\e2e\actions\trackModalActions.js:213:59)
        at TrackModalActions.waitForInteractiveSummary (D:\a\AlbumHaven\AlbumHaven\tests\e2e\actions\trackModalActions.js:256:21)
        at TagEditorActions.openForAlbum (D:\a\AlbumHaven\AlbumHaven\tests\e2e\actions\tagEditorActions.js:28:5)
        at D:\a\AlbumHaven\AlbumHaven\tests\e2e\actions\albumIdentityProblemSetupActions.js:18:5
        at runStep (D:\a\AlbumHaven\AlbumHaven\tests\e2e\support\baseFixtures.js:146:22)
        at prepareConsolidatedProblematicRelease (D:\a\AlbumHaven\AlbumHaven\tests\e2e\actions\albumIdentityProblemSetupActions.js:15:3)
        at D:\a\AlbumHaven\AlbumHaven\tests\e2e\specs\albumIdentityConsolidation.spec.js:268:3

    attachment #1: step-transcript.txt (text/plain) ────────────────────────────────────────────────
    [TEST] FTC-UTIL-PROBLEMS-013 shows one logical album with exact scoped reasons and tracks
      [STEP] Prepare the consolidated release year
      [FAIL] Prepare the consolidated release year :: Cannot read properties of undefined (reading 'total') (6403 ms)
    ────────────────────────────────────────────────────────────────────────────────────────────────

    attachment #3: stacktrace.txt (text/plain) ─────────────────────────────────────────────────────
    Error 1
    TypeError: Cannot read properties of undefined (reading 'total')
        at TrackModalActions.readSummary (D:\a\AlbumHaven\AlbumHaven\tests\e2e\actions\trackModalActions.js:213:59)
        at TrackModalActions.waitForInteractiveSummary (D:\a\AlbumHaven\AlbumHaven\tests\e2e\actions\trackModalActions....
    ────────────────────────────────────────────────────────────────────────────────────────────────

    attachment #4: runtime-log.txt (text/plain) ────────────────────────────────────────────────────
    [2026-09-18T20:22:31.789Z] requestfailed/net::ERR_ABORTED: GET http://127.0.0.1:5200/cover?path=D%3A%5Ca%5C_temp%5Calbum-haven-e2e-functional-fixtures-gallery-search-visual%5Cshared%5Cmedia%5C%D0%94%D0%94%D0%A2%5C%D0%A1%D0%BE%D0%BB%D1%8C%D0%BD%D0%B8%D0%BA%5Ccover.png&size=480&v=process-86bdeadd799da...
    ────────────────────────────────────────────────────────────────────────────────────────────────

    Error Context: ..\..\_temp\functional-output-gallery-search-visual\wave-01-04-playwright-config-js\albumIdentityConsolidation-5a4fe-t-scoped-reasons-and-tracks-functional\error-context.md

    attachment #7: trace (application/zip) ─────────────────────────────────────────────────────────
    ..\..\_temp\functional-output-gallery-search-visual\wave-01-04-playwright-config-js\albumIdentityConsolidation-5a4fe-t-scoped-reasons-and-tracks-functional\trace.zip
    Usage:

        npx playwright show-trace ..\..\_temp\functional-output-gallery-search-visual\wave-01-04-playwright-config-js\albumIdentityConsolidation-5a4fe-t-scoped-reasons-and-tracks-functional\trace.zip

    ────────────────────────────────────────────────────────────────────────────────────────────────

  1 failed
    [functional] › tests\e2e\specs\albumIdentityConsolidation.spec.js:258:1 › FTC-UTIL-PROBLEMS-013 shows one logical album with exact scoped reasons and tracks @area:problematic-files 

=== Playwright Summary ===
[x] albumIdentityConsolidation.spec
  [x] FTC-UTIL-PROBLEMS-013 shows one logical album with exact scoped reasons and tracks @area:problematic-files

Overall: 0/1 passed
Failed tests:
- albumIdentityConsolidation.spec > FTC-UTIL-PROBLEMS-013 shows one logical album with exact scoped reasons and tracks @area:problematic-files
[playwright-wrapper-diagnostic] {"reason":"wrapper-child-lifecycle-mismatch","childExitCode":1,"childExitSignal":null,"childCloseCode":1,"childCloseSignal":null,"processError":null,"stopReason":"none","cleanupOutcome":"completed"}
[playwright-wrapper-final-decision] {"wrapperExitCode":1,"attemptReturn":{"exitCode":1,"exitReason":"wrapper-child-lifecycle-mismatch"},"fakeDatabaseCleanup":{"status":"completed","error":null,"mode":"lock-only"},"scanAppCleanup":{"status":"not-required","error":null},"isolatedAppCleanup":{"status":"completed","error":null},"tempCleanup":{"status":"completed","error":null,"removedCount":1},"passivePortDiagnostics":[{"port":5200,"status":"completed","error":null,"ownerCount":0},{"port":5202,"status":"completed","error":null,"ownerCount":0}],"finalSummary":{"phase":"run-final","status":"failed","total":1,"completed":1,"failed":1,"skipped":0,"errors":0,"listOnly":false},"exitReason":"wrapper-child-lifecycle-mismatch"}
{"restored":16,"removed":0,"unchanged":1481}
Album Haven production E2E app listening on http://127.0.0.1:5200 with 0 artists, 0 albums, 0 tracks, and provider fixtures on http://127.0.0.1:5202
2026-09-18 20:23:30,729 [INFO] music_app: Startup scan-cache hydration completed files=7200 albums=400
2026-09-18 20:23:30,729 [INFO] music_app: Legacy album exclusions migrated albums=1 removed_rules=18 created_rules=1
2026-09-18 20:23:31,248 [INFO] music_app: Relation projection startup readiness ready=true rebuilt=true reason=missing_projection builder_version=local-relation-builder-v9 source_row_count=7438 duration_ms=478.77 source_load=151.92 fingerprint=60.96 pure_build=154.49 family_link_replacement=7.89 snapshot_publication=1.63
2026-09-18 20:23:32,498 [INFO] music_app: {"action": "Index request completed", "album_count": 0, "artist_count": 0, "bootstrap_mode": "fresh_preview", "covers_in_progress": false, "elapsed_ms": 421.36, "hydrate_in_progress": false, "payload_elapsed_ms": 169.69, "query": "", "scan_in_progress": false, "selected_artist": ""}

Running 1 test using 1 worker

2026-09-18 20:24:02,804 [INFO] music_app: {"action": "Index request completed", "album_count": 0, "artist_count": 0, "bootstrap_mode": "fresh_preview", "covers_in_progress": false, "elapsed_ms": 274.85, "hydrate_in_progress": false, "payload_elapsed_ms": 158.87, "query": "", "scan_in_progress": false, "selected_artist": ""}
[TEST] FTC-UTIL-PROBLEMS-007 preserves the selected list during mutation and removes stale identity
  [STEP] Prepare the consolidated release year
2026-09-18 20:24:06,079 [INFO] music_app: {"action": "Index request completed", "album_count": 0, "artist_count": 0, "bootstrap_mode": "fresh_preview", "covers_in_progress": false, "elapsed_ms": 574.34, "hydrate_in_progress": false, "payload_elapsed_ms": 360.54, "query": "", "scan_in_progress": false, "selected_artist": "\u0414\u0414\u0422"}
  [FAIL] Prepare the consolidated release year :: Cannot read properties of undefined (reading 'total') (4787 ms)
Album Haven production E2E app listening on http://127.0.0.1:5200 with 0 artists, 0 albums, 0 tracks, and provider fixtures on http://127.0.0.1:5202
2026-09-18 20:24:17,182 [INFO] music_app: Startup scan-cache hydration completed files=7200 albums=400
2026-09-18 20:24:17,900 [INFO] music_app: Relation projection startup readiness ready=true rebuilt=true reason=missing_readiness_metadata builder_version=local-relation-builder-v9 source_row_count=7438 duration_ms=578.93 source_load=136.47 fingerprint=78.57 pure_build=149.88 family_link_replacement=5.94 snapshot_publication=2.34
2026-09-18 20:24:19,229 [INFO] music_app: {"action": "Index request completed", "album_count": 0, "artist_count": 0, "bootstrap_mode": "fresh_preview", "covers_in_progress": false, "elapsed_ms": 403.65, "hydrate_in_progress": false, "payload_elapsed_ms": 129.29, "query": "", "scan_in_progress": false, "selected_artist": ""}
[playwright-wrapper-failure-latched] {"phase":"tests-complete","status":"failed","total":1,"completed":1,"failed":1,"skipped":0,"errors":0}
  x  1 [functional] › tests\e2e\specs\albumIdentityConsolidation.spec.js:331:1 › FTC-UTIL-PROBLEMS-007 preserves the selected list during mutation and removes stale identity @area:problematic-files @area:tag-edit (32.6s)
[album-haven-playwright-result] {"version":1,"phase":"tests-complete","nonce":"6f313411b6d43f19cf9e0cf3445fcce0eee88004a5984f1fa6340fc26d8feee7","status":"failed","total":1,"completed":1,"failed":1,"skipped":0,"errors":0}



[album-haven-playwright-result] {"version":1,"phase":"run-final","nonce":"6f313411b6d43f19cf9e0cf3445fcce0eee88004a5984f1fa6340fc26d8feee7","status":"failed","total":1,"completed":1,"failed":1,"skipped":0,"errors":0}

  1) [functional] › tests\e2e\specs\albumIdentityConsolidation.spec.js:331:1 › FTC-UTIL-PROBLEMS-007 preserves the selected list during mutation and removes stale identity @area:problematic-files @area:tag-edit 

    TypeError: Cannot read properties of undefined (reading 'total')

       at ..\actions\trackModalActions.js:213

      211 |       subtitle: String(await this.trackModal.subtitle.textContent() || '').trim(),
      212 |       footer: String(await this.trackModal.footer.textContent() || '').trim(),
    > 213 |       total: String(await this.trackModal.albumTrackTable.total.textContent() || '').trim(),
          |                                                           ^
      214 |       playButtons: await this.trackModal.playButtons.count(),
      215 |       trackRows: await this.trackModal.trackRows.count(),
      216 |       coverLoaded,
        at TrackModalActions.readSummary (D:\a\AlbumHaven\AlbumHaven\tests\e2e\actions\trackModalActions.js:213:59)
        at TrackModalActions.waitForInteractiveSummary (D:\a\AlbumHaven\AlbumHaven\tests\e2e\actions\trackModalActions.js:256:21)
        at TagEditorActions.openForAlbum (D:\a\AlbumHaven\AlbumHaven\tests\e2e\actions\tagEditorActions.js:28:5)
        at D:\a\AlbumHaven\AlbumHaven\tests\e2e\actions\albumIdentityProblemSetupActions.js:18:5
        at runStep (D:\a\AlbumHaven\AlbumHaven\tests\e2e\support\baseFixtures.js:146:22)
        at prepareConsolidatedProblematicRelease (D:\a\AlbumHaven\AlbumHaven\tests\e2e\actions\albumIdentityProblemSetupActions.js:15:3)
        at D:\a\AlbumHaven\AlbumHaven\tests\e2e\specs\albumIdentityConsolidation.spec.js:342:3

    attachment #1: step-transcript.txt (text/plain) ────────────────────────────────────────────────
    [TEST] FTC-UTIL-PROBLEMS-007 preserves the selected list during mutation and removes stale identity
      [STEP] Prepare the consolidated release year
      [FAIL] Prepare the consolidated release year :: Cannot read properties of undefined (reading 'total') (4787 ms)
    ────────────────────────────────────────────────────────────────────────────────────────────────

    attachment #3: stacktrace.txt (text/plain) ─────────────────────────────────────────────────────
    Error 1
    TypeError: Cannot read properties of undefined (reading 'total')
        at TrackModalActions.readSummary (D:\a\AlbumHaven\AlbumHaven\tests\e2e\actions\trackModalActions.js:213:59)
        at TrackModalActions.waitForInteractiveSummary (D:\a\AlbumHaven\AlbumHaven\tests\e2e\actions\trackModalActions....
    ────────────────────────────────────────────────────────────────────────────────────────────────

    attachment #4: runtime-log.txt (text/plain) ────────────────────────────────────────────────────
    [2026-09-18T20:24:09.247Z] requestfailed/net::ERR_ABORTED: GET http://127.0.0.1:5200/cover?path=D%3A%5Ca%5C_temp%5Calbum-haven-e2e-functional-fixtures-gallery-search-visual%5Cshared%5Cmedia%5C%D0%94%D0%94%D0%A2%5C%D0%98%D0%BD%D0%B0%D1%87%D0%B5%5Ccover.png&size=480&v=process-f3e7d8efd8c1bf41993645f57...
    ────────────────────────────────────────────────────────────────────────────────────────────────

    Error Context: ..\..\_temp\functional-output-gallery-search-visual\wave-01-05-playwright-config-js\albumIdentityConsolidation-a7471--and-removes-stale-identity-functional\error-context.md

    attachment #7: trace (application/zip) ─────────────────────────────────────────────────────────
    ..\..\_temp\functional-output-gallery-search-visual\wave-01-05-playwright-config-js\albumIdentityConsolidation-a7471--and-removes-stale-identity-functional\trace.zip
    Usage:

        npx playwright show-trace ..\..\_temp\functional-output-gallery-search-visual\wave-01-05-playwright-config-js\albumIdentityConsolidation-a7471--and-removes-stale-identity-functional\trace.zip

    ────────────────────────────────────────────────────────────────────────────────────────────────

  1 failed
    [functional] › tests\e2e\specs\albumIdentityConsolidation.spec.js:331:1 › FTC-UTIL-PROBLEMS-007 preserves the selected list during mutation and removes stale identity @area:problematic-files @area:tag-edit 

=== Playwright Summary ===
[x] albumIdentityConsolidation.spec
  [x] FTC-UTIL-PROBLEMS-007 preserves the selected list during mutation and removes stale identity @area:problematic-files @area:tag-edit

Overall: 0/1 passed
[playwright-wrapper-diagnostic] {"reason":"wrapper-child-lifecycle-mismatch","childExitCode":1,"childExitSignal":null,"childCloseCode":1,"childCloseSignal":null,"processError":null,"stopReason":"none","cleanupOutcome":"completed"}
Failed tests:
- albumIdentityConsolidation.spec > FTC-UTIL-PROBLEMS-007 preserves the selected list during mutation and removes stale identity @area:problematic-files @area:tag-edit
[playwright-wrapper-final-decision] {"wrapperExitCode":1,"attemptReturn":{"exitCode":1,"exitReason":"wrapper-child-lifecycle-mismatch"},"fakeDatabaseCleanup":{"status":"completed","error":null,"mode":"lock-only"},"scanAppCleanup":{"status":"not-required","error":null},"isolatedAppCleanup":{"status":"completed","error":null},"tempCleanup":{"status":"completed","error":null,"removedCount":1},"passivePortDiagnostics":[{"port":5200,"status":"completed","error":null,"ownerCount":0},{"port":5202,"status":"completed","error":null,"ownerCount":0}],"finalSummary":{"phase":"run-final","status":"failed","total":1,"completed":1,"failed":1,"skipped":0,"errors":0,"listOnly":false},"exitReason":"wrapper-child-lifecycle-mismatch"}
{"restored":16,"removed":0,"unchanged":1481}
Album Haven production E2E app listening on http://127.0.0.1:5200 with 0 artists, 0 albums, 0 tracks, and provider fixtures on http://127.0.0.1:5202
2026-09-18 20:25:07,733 [INFO] music_app: Startup scan-cache hydration completed files=7200 albums=400
2026-09-18 20:25:07,733 [INFO] music_app: Legacy album exclusions migrated albums=1 removed_rules=18 created_rules=1
2026-09-18 20:25:08,439 [INFO] music_app: Relation projection startup readiness ready=true rebuilt=true reason=missing_projection builder_version=local-relation-builder-v9 source_row_count=7438 duration_ms=667.77 source_load=139.52 fingerprint=67.18 pure_build=152.67 family_link_replacement=7.52 snapshot_publication=1.70
2026-09-18 20:25:09,591 [INFO] music_app: {"action": "Index request completed", "album_count": 0, "artist_count": 0, "bootstrap_mode": "fresh_preview", "covers_in_progress": false, "elapsed_ms": 414.48, "hydrate_in_progress": false, "payload_elapsed_ms": 178.57, "query": "", "scan_in_progress": false, "selected_artist": ""}

Running 1 test using 1 worker

2026-09-18 20:25:38,043 [INFO] music_app: {"action": "Index request completed", "album_count": 0, "artist_count": 0, "bootstrap_mode": "fresh_preview", "covers_in_progress": false, "elapsed_ms": 297.73, "hydrate_in_progress": false, "payload_elapsed_ms": 170.49, "query": "", "scan_in_progress": false, "selected_artist": ""}
[TEST] FTC-ALBUM-DETAILS-006 preserves mixed credits through an optimistic album-only split
  [STEP] Stage one album-only split through the visible Edit Tags controls
2026-09-18 20:25:41,247 [INFO] music_app: {"action": "Index request completed", "album_count": 0, "artist_count": 0, "bootstrap_mode": "fresh_preview", "covers_in_progress": false, "elapsed_ms": 299.76, "hydrate_in_progress": false, "payload_elapsed_ms": 162.12, "query": "", "scan_in_progress": false, "selected_artist": ""}
2026-09-18 20:25:44,075 [INFO] music_app: {"action": "Postgres album search request started", "query": "Featured Signal Collection"}
2026-09-18 20:25:44,221 [INFO] music_app: {"action": "View data request completed", "album_count": 1, "artist_count": 1, "elapsed_ms": 145.04, "query": "Featured Signal Collection", "selected_artist": "Various Artists"}
  [FAIL] Stage one album-only split through the visible Edit Tags controls :: Cannot read properties of undefined (reading 'total') (4388 ms)
[playwright-wrapper-failure-latched] {"phase":"tests-complete","status":"failed","total":1,"completed":1,"failed":1,"skipped":0,"errors":0}
  x  1 [functional] › tests\e2e\specs\albumTrackCredits.spec.js:132:1 › FTC-ALBUM-DETAILS-006 preserves mixed credits through an optimistic album-only split @area:album-details (5.3s)
[album-haven-playwright-result] {"version":1,"phase":"tests-complete","nonce":"1d9c46eebae4a12ebd6bc1c339290ac1ed3110caf359c1f7f5472ab19d53b780","status":"failed","total":1,"completed":1,"failed":1,"skipped":0,"errors":0}



[album-haven-playwright-result] {"version":1,"phase":"run-final","nonce":"1d9c46eebae4a12ebd6bc1c339290ac1ed3110caf359c1f7f5472ab19d53b780","status":"failed","total":1,"completed":1,"failed":1,"skipped":0,"errors":0}

  1) [functional] › tests\e2e\specs\albumTrackCredits.spec.js:132:1 › FTC-ALBUM-DETAILS-006 preserves mixed credits through an optimistic album-only split @area:album-details 

    TypeError: Cannot read properties of undefined (reading 'total')

       at ..\actions\trackModalActions.js:213

      211 |       subtitle: String(await this.trackModal.subtitle.textContent() || '').trim(),
      212 |       footer: String(await this.trackModal.footer.textContent() || '').trim(),
    > 213 |       total: String(await this.trackModal.albumTrackTable.total.textContent() || '').trim(),
          |                                                           ^
      214 |       playButtons: await this.trackModal.playButtons.count(),
      215 |       trackRows: await this.trackModal.trackRows.count(),
      216 |       coverLoaded,
        at TrackModalActions.readSummary (D:\a\AlbumHaven\AlbumHaven\tests\e2e\actions\trackModalActions.js:213:59)
        at TrackModalActions.waitForLoadedSummary (D:\a\AlbumHaven\AlbumHaven\tests\e2e\actions\trackModalActions.js:246:21)
        at D:\a\AlbumHaven\AlbumHaven\tests\e2e\specs\albumTrackCredits.spec.js:173:7
        at runStep (D:\a\AlbumHaven\AlbumHaven\tests\e2e\support\baseFixtures.js:146:22)
        at D:\a\AlbumHaven\AlbumHaven\tests\e2e\specs\albumTrackCredits.spec.js:166:5

    attachment #1: step-transcript.txt (text/plain) ────────────────────────────────────────────────
    [TEST] FTC-ALBUM-DETAILS-006 preserves mixed credits through an optimistic album-only split
      [STEP] Stage one album-only split through the visible Edit Tags controls
      [FAIL] Stage one album-only split through the visible Edit Tags controls :: Cannot read properties of undefined (reading 'total') (...
    ────────────────────────────────────────────────────────────────────────────────────────────────

    attachment #3: stacktrace.txt (text/plain) ─────────────────────────────────────────────────────
    Error 1
    TypeError: Cannot read properties of undefined (reading 'total')
        at TrackModalActions.readSummary (D:\a\AlbumHaven\AlbumHaven\tests\e2e\actions\trackModalActions.js:213:59)
        at TrackModalActions.waitForLoadedSummary (D:\a\AlbumHaven\AlbumHaven\tests\e2e\actions\trackModalActions.js:24...
    ────────────────────────────────────────────────────────────────────────────────────────────────

    attachment #4: runtime-log.txt (text/plain) ────────────────────────────────────────────────────
    [2026-09-18T20:25:43.965Z] requestfailed/net::ERR_ABORTED: GET http://127.0.0.1:5200/cover?path=D%3A%5Ca%5C_temp%5Calbum-haven-e2e-functional-fixtures-gallery-search-visual%5Cshared%5Cmedia%5C!!!%5CThree%20Bangs%5Ccover.png&size=480&v=process-c51e8a6c32e6f5b084b7b37a4af6687b
    [2026-09-18T20:25:43.972...
    ────────────────────────────────────────────────────────────────────────────────────────────────

    Error Context: ..\..\_temp\functional-output-gallery-search-visual\wave-01-06-playwright-config-js\albumTrackCredits-FTC-ALBU-81363-optimistic-album-only-split-functional\error-context.md

    attachment #7: trace (application/zip) ─────────────────────────────────────────────────────────
    ..\..\_temp\functional-output-gallery-search-visual\wave-01-06-playwright-config-js\albumTrackCredits-FTC-ALBU-81363-optimistic-album-only-split-functional\trace.zip
    Usage:

        npx playwright show-trace ..\..\_temp\functional-output-gallery-search-visual\wave-01-06-playwright-config-js\albumTrackCredits-FTC-ALBU-81363-optimistic-album-only-split-functional\trace.zip

    ────────────────────────────────────────────────────────────────────────────────────────────────

  1 failed
    [functional] › tests\e2e\specs\albumTrackCredits.spec.js:132:1 › FTC-ALBUM-DETAILS-006 preserves mixed credits through an optimistic album-only split @area:album-details 

=== Playwright Summary ===
[playwright-wrapper-diagnostic] {"reason":"wrapper-child-lifecycle-mismatch","childExitCode":1,"childExitSignal":null,"childCloseCode":1,"childCloseSignal":null,"processError":null,"stopReason":"none","cleanupOutcome":"completed"}
[x] albumTrackCredits.spec
  [x] FTC-ALBUM-DETAILS-006 preserves mixed credits through an optimistic album-only split @area:album-details

Overall: 0/1 passed
Failed tests:
- albumTrackCredits.spec > FTC-ALBUM-DETAILS-006 preserves mixed credits through an optimistic album-only split @area:album-details
[playwright-wrapper-final-decision] {"wrapperExitCode":1,"attemptReturn":{"exitCode":1,"exitReason":"wrapper-child-lifecycle-mismatch"},"fakeDatabaseCleanup":{"status":"completed","error":null,"mode":"lock-only"},"scanAppCleanup":{"status":"not-required","error":null},"isolatedAppCleanup":{"status":"completed","error":null},"tempCleanup":{"status":"completed","error":null,"removedCount":1},"passivePortDiagnostics":[{"port":5200,"status":"completed","error":null,"ownerCount":0},{"port":5202,"status":"completed","error":null,"ownerCount":0}],"finalSummary":{"phase":"run-final","status":"failed","total":1,"completed":1,"failed":1,"skipped":0,"errors":0,"listOnly":false},"exitReason":"wrapper-child-lifecycle-mismatch"}
{"restored":0,"removed":0,"unchanged":1497}
Album Haven production E2E app listening on http://127.0.0.1:5200 with 0 artists, 0 albums, 0 tracks, and provider fixtures on http://127.0.0.1:5202
2026-09-18 20:26:19,417 [INFO] music_app: Startup scan-cache hydration completed files=7200 albums=400
2026-09-18 20:26:19,417 [INFO] music_app: Legacy album exclusions migrated albums=1 removed_rules=18 created_rules=1
2026-09-18 20:26:20,022 [INFO] music_app: Relation projection startup readiness ready=true rebuilt=true reason=missing_projection builder_version=local-relation-builder-v9 source_row_count=7438 duration_ms=463.91 source_load=142.95 fingerprint=61.98 pure_build=148.83 family_link_replacement=7.60 snapshot_publication=1.69
2026-09-18 20:26:21,455 [INFO] music_app: {"action": "Index request completed", "album_count": 0, "artist_count": 0, "bootstrap_mode": "fresh_preview", "covers_in_progress": false, "elapsed_ms": 525.83, "hydrate_in_progress": false, "payload_elapsed_ms": 185.43, "query": "", "scan_in_progress": false, "selected_artist": ""}

Running 1 test using 1 worker

2026-09-18 20:26:48,930 [INFO] music_app: {"action": "Index request completed", "album_count": 0, "artist_count": 0, "bootstrap_mode": "fresh_preview", "covers_in_progress": false, "elapsed_ms": 315.97, "hydrate_in_progress": false, "payload_elapsed_ms": 174.54, "query": "", "scan_in_progress": false, "selected_artist": ""}
[TEST] FTC-PLAYER-012 reopens a Various Artists album from player artwork after playing a credited track
  [STEP] Start the Solo Voice track from the generated Various Artists album
2026-09-18 20:26:52,118 [INFO] music_app: {"action": "Index request completed", "album_count": 0, "artist_count": 0, "bootstrap_mode": "fresh_preview", "covers_in_progress": false, "elapsed_ms": 257.11, "hydrate_in_progress": false, "payload_elapsed_ms": 147.15, "query": "", "scan_in_progress": false, "selected_artist": ""}
2026-09-18 20:26:54,840 [INFO] music_app: {"action": "Postgres album search request started", "query": "Featured Signal Collection"}
2026-09-18 20:26:54,984 [INFO] music_app: {"action": "View data request completed", "album_count": 1, "artist_count": 1, "elapsed_ms": 144.29, "query": "Featured Signal Collection", "selected_artist": "Various Artists"}
  [FAIL] Start the Solo Voice track from the generated Various Artists album :: Cannot read properties of undefined (reading 'total') (4225 ms)
  x  1 [functional] › tests\e2e\specs\albumTrackCredits.spec.js:219:1 › FTC-PLAYER-012 reopens a Various Artists album from player artwork after playing a credited track @area:playback (5.1s)
[playwright-wrapper-failure-latched] {"phase":"tests-complete","status":"failed","total":1,"completed":1,"failed":1,"skipped":0,"errors":0}
[album-haven-playwright-result] {"version":1,"phase":"tests-complete","nonce":"7e786f0e93483cc35cb186fac834de3c1e8d3aa79a369db2fc9bb913fb314acc","status":"failed","total":1,"completed":1,"failed":1,"skipped":0,"errors":0}



[album-haven-playwright-result] {"version":1,"phase":"run-final","nonce":"7e786f0e93483cc35cb186fac834de3c1e8d3aa79a369db2fc9bb913fb314acc","status":"failed","total":1,"completed":1,"failed":1,"skipped":0,"errors":0}

  1) [functional] › tests\e2e\specs\albumTrackCredits.spec.js:219:1 › FTC-PLAYER-012 reopens a Various Artists album from player artwork after playing a credited track @area:playback 

    TypeError: Cannot read properties of undefined (reading 'total')

       at ..\actions\trackModalActions.js:213

      211 |       subtitle: String(await this.trackModal.subtitle.textContent() || '').trim(),
      212 |       footer: String(await this.trackModal.footer.textContent() || '').trim(),
    > 213 |       total: String(await this.trackModal.albumTrackTable.total.textContent() || '').trim(),
          |                                                           ^
      214 |       playButtons: await this.trackModal.playButtons.count(),
      215 |       trackRows: await this.trackModal.trackRows.count(),
      216 |       coverLoaded,
        at TrackModalActions.readSummary (D:\a\AlbumHaven\AlbumHaven\tests\e2e\actions\trackModalActions.js:213:59)
        at TrackModalActions.waitForLoadedSummary (D:\a\AlbumHaven\AlbumHaven\tests\e2e\actions\trackModalActions.js:246:21)
        at D:\a\AlbumHaven\AlbumHaven\tests\e2e\specs\albumTrackCredits.spec.js:237:21
        at runStep (D:\a\AlbumHaven\AlbumHaven\tests\e2e\support\baseFixtures.js:146:22)
        at D:\a\AlbumHaven\AlbumHaven\tests\e2e\specs\albumTrackCredits.spec.js:229:3

    attachment #1: step-transcript.txt (text/plain) ────────────────────────────────────────────────
    [TEST] FTC-PLAYER-012 reopens a Various Artists album from player artwork after playing a credited track
      [STEP] Start the Solo Voice track from the generated Various Artists album
      [FAIL] Start the Solo Voice track from the generated Various Artists album :: Cannot read properties of undefined (r...
    ────────────────────────────────────────────────────────────────────────────────────────────────

    attachment #3: stacktrace.txt (text/plain) ─────────────────────────────────────────────────────
    Error 1
    TypeError: Cannot read properties of undefined (reading 'total')
        at TrackModalActions.readSummary (D:\a\AlbumHaven\AlbumHaven\tests\e2e\actions\trackModalActions.js:213:59)
        at TrackModalActions.waitForLoadedSummary (D:\a\AlbumHaven\AlbumHaven\tests\e2e\actions\trackModalActions.js:24...
    ────────────────────────────────────────────────────────────────────────────────────────────────

    attachment #4: runtime-log.txt (text/plain) ────────────────────────────────────────────────────
    [2026-09-18T20:26:54.728Z] requestfailed/net::ERR_ABORTED: GET http://127.0.0.1:5200/cover?path=D%3A%5Ca%5C_temp%5Calbum-haven-e2e-functional-fixtures-gallery-search-visual%5Cshared%5Cmedia%5C_%5CThree%20Stars%5Ccover.png&size=480&v=process-69f2018b31e96f5ae7acc891844fbe5e
    [2026-09-18T20:26:54.729Z]...
    ────────────────────────────────────────────────────────────────────────────────────────────────

    Error Context: ..\..\_temp\functional-output-gallery-search-visual\wave-01-07-playwright-config-js\albumTrackCredits-FTC-PLAY-e1d96-er-playing-a-credited-track-functional\error-context.md

    attachment #7: trace (application/zip) ─────────────────────────────────────────────────────────
    ..\..\_temp\functional-output-gallery-search-visual\wave-01-07-playwright-config-js\albumTrackCredits-FTC-PLAY-e1d96-er-playing-a-credited-track-functional\trace.zip
    Usage:

        npx playwright show-trace ..\..\_temp\functional-output-gallery-search-visual\wave-01-07-playwright-config-js\albumTrackCredits-FTC-PLAY-e1d96-er-playing-a-credited-track-functional\trace.zip

    ────────────────────────────────────────────────────────────────────────────────────────────────

  1 failed
    [functional] › tests\e2e\specs\albumTrackCredits.spec.js:219:1 › FTC-PLAYER-012 reopens a Various Artists album from player artwork after playing a credited track @area:playback 

=== Playwright Summary ===
[playwright-wrapper-diagnostic] {"reason":"wrapper-child-lifecycle-mismatch","childExitCode":1,"childExitSignal":null,"childCloseCode":1,"childCloseSignal":null,"processError":null,"stopReason":"none","cleanupOutcome":"completed"}
[x] albumTrackCredits.spec
  [x] FTC-PLAYER-012 reopens a Various Artists album from player artwork after playing a credited track @area:playback

Overall: 0/1 passed
Failed tests:
- albumTrackCredits.spec > FTC-PLAYER-012 reopens a Various Artists album from player artwork after playing a credited track @area:playback
[playwright-wrapper-final-decision] {"wrapperExitCode":1,"attemptReturn":{"exitCode":1,"exitReason":"wrapper-child-lifecycle-mismatch"},"fakeDatabaseCleanup":{"status":"completed","error":null,"mode":"lock-only"},"scanAppCleanup":{"status":"not-required","error":null},"isolatedAppCleanup":{"status":"completed","error":null},"tempCleanup":{"status":"completed","error":null,"removedCount":1},"passivePortDiagnostics":[{"port":5200,"status":"completed","error":null,"ownerCount":0},{"port":5202,"status":"completed","error":null,"ownerCount":0}],"finalSummary":{"phase":"run-final","status":"failed","total":1,"completed":1,"failed":1,"skipped":0,"errors":0,"listOnly":false},"exitReason":"wrapper-child-lifecycle-mismatch"}
{"restored":0,"removed":0,"unchanged":1497}
Album Haven production E2E app listening on http://127.0.0.1:5200 with 0 artists, 0 albums, 0 tracks, and provider fixtures on http://127.0.0.1:5202
2026-09-18 20:27:29,200 [INFO] music_app: Startup scan-cache hydration completed files=7200 albums=400
2026-09-18 20:27:29,200 [INFO] music_app: Legacy album exclusions migrated albums=1 removed_rules=18 created_rules=1
2026-09-18 20:27:29,691 [INFO] music_app: Relation projection startup readiness ready=true rebuilt=true reason=missing_projection builder_version=local-relation-builder-v9 source_row_count=7438 duration_ms=455.99 source_load=137.02 fingerprint=60.66 pure_build=148.57 family_link_replacement=7.52 snapshot_publication=1.64
2026-09-18 20:27:30,812 [INFO] music_app: {"action": "Index request completed", "album_count": 0, "artist_count": 0, "bootstrap_mode": "fresh_preview", "covers_in_progress": false, "elapsed_ms": 422.73, "hydrate_in_progress": false, "payload_elapsed_ms": 189.24, "query": "", "scan_in_progress": false, "selected_artist": ""}

Running 1 test using 1 worker

2026-09-18 20:27:58,599 [INFO] music_app: {"action": "Index request completed", "album_count": 0, "artist_count": 0, "bootstrap_mode": "fresh_preview", "covers_in_progress": false, "elapsed_ms": 289.88, "hydrate_in_progress": false, "payload_elapsed_ms": 169.06, "query": "", "scan_in_progress": false, "selected_artist": ""}
[TEST] FTC-TAGS-015 preserves the surrounding DDT gallery through five Ремиксы rerenders
  [STEP] Open the ten-track Ремиксы fixture among the surrounding DDT album cards
2026-09-18 20:28:02,043 [INFO] music_app: {"action": "Index request completed", "album_count": 0, "artist_count": 0, "bootstrap_mode": "fresh_preview", "covers_in_progress": false, "elapsed_ms": 603.91, "hydrate_in_progress": false, "payload_elapsed_ms": 394.55, "query": "", "scan_in_progress": false, "selected_artist": "\u0414\u0414\u0422"}
  [FAIL] Open the ten-track Ремиксы fixture among the surrounding DDT album cards :: Cannot read properties of undefined (reading 'total') (7945 ms)
[playwright-wrapper-failure-latched] {"phase":"tests-complete","status":"failed","total":1,"completed":1,"failed":1,"skipped":0,"errors":0}
  x  1 [functional] › tests\e2e\specs\ddtRemixesRenderer.spec.js:30:1 › FTC-TAGS-015 preserves the surrounding DDT gallery through five Ремиксы rerenders @area:tag-edit (9.5s)
[album-haven-playwright-result] {"version":1,"phase":"tests-complete","nonce":"d2dc7ac2c7cd806c702e4cca26aefc69a4266b399dda1beaf559987336e07d0d","status":"failed","total":1,"completed":1,"failed":1,"skipped":0,"errors":0}



[album-haven-playwright-result] {"version":1,"phase":"run-final","nonce":"d2dc7ac2c7cd806c702e4cca26aefc69a4266b399dda1beaf559987336e07d0d","status":"failed","total":1,"completed":1,"failed":1,"skipped":0,"errors":0}

  1) [functional] › tests\e2e\specs\ddtRemixesRenderer.spec.js:30:1 › FTC-TAGS-015 preserves the surrounding DDT gallery through five Ремиксы rerenders @area:tag-edit 

    TypeError: Cannot read properties of undefined (reading 'total')

       at ..\actions\trackModalActions.js:213

      211 |       subtitle: String(await this.trackModal.subtitle.textContent() || '').trim(),
      212 |       footer: String(await this.trackModal.footer.textContent() || '').trim(),
    > 213 |       total: String(await this.trackModal.albumTrackTable.total.textContent() || '').trim(),
          |                                                           ^
      214 |       playButtons: await this.trackModal.playButtons.count(),
      215 |       trackRows: await this.trackModal.trackRows.count(),
      216 |       coverLoaded,
        at TrackModalActions.readSummary (D:\a\AlbumHaven\AlbumHaven\tests\e2e\actions\trackModalActions.js:213:59)
        at TrackModalActions.waitForExactAlbumDetails (D:\a\AlbumHaven\AlbumHaven\tests\e2e\actions\trackModalActions.js:394:5)
        at verifyAlbum (D:\a\AlbumHaven\AlbumHaven\tests\e2e\specs\ddtRemixesRenderer.spec.js:55:5)
        at D:\a\AlbumHaven\AlbumHaven\tests\e2e\specs\ddtRemixesRenderer.spec.js:71:7
        at runStep (D:\a\AlbumHaven\AlbumHaven\tests\e2e\support\baseFixtures.js:146:22)
        at D:\a\AlbumHaven\AlbumHaven\tests\e2e\specs\ddtRemixesRenderer.spec.js:66:3

    attachment #1: step-transcript.txt (text/plain) ────────────────────────────────────────────────
    [TEST] FTC-TAGS-015 preserves the surrounding DDT gallery through five Ремиксы rerenders
      [STEP] Open the ten-track Ремиксы fixture among the surrounding DDT album cards
      [FAIL] Open the ten-track Ремиксы fixture among the surrounding DDT album cards :: Cannot read properties of undefined (reading...
    ────────────────────────────────────────────────────────────────────────────────────────────────

    attachment #3: stacktrace.txt (text/plain) ─────────────────────────────────────────────────────
    Error 1
    TypeError: Cannot read properties of undefined (reading 'total')
        at TrackModalActions.readSummary (D:\a\AlbumHaven\AlbumHaven\tests\e2e\actions\trackModalActions.js:213:59)
        at TrackModalActions.waitForExactAlbumDetails (D:\a\AlbumHaven\AlbumHaven\tests\e2e\actions\trackModalActions.j...
    ────────────────────────────────────────────────────────────────────────────────────────────────

    attachment #4: runtime-log.txt (text/plain) ────────────────────────────────────────────────────
    [2026-09-18T20:28:05.512Z] requestfailed/net::ERR_ABORTED: GET http://127.0.0.1:5200/cover?path=D%3A%5Ca%5C_temp%5Calbum-haven-e2e-functional-fixtures-gallery-search-visual%5Cshared%5Cmedia%5C%D0%94%D0%94%D0%A2%5C%D0%9F%D1%80%D0%BE%D0%BF%D0%B0%D0%B2%D1%88%D0%B8%D0%B9%20%D0%B1%D0%B5%D0%B7%20%D0%B2%D0...
    ────────────────────────────────────────────────────────────────────────────────────────────────

    Error Context: ..\..\_temp\functional-output-gallery-search-visual\wave-01-08-playwright-config-js\ddtRemixesRenderer-FTC-TAG-5f317-ough-five-Ремиксы-rerenders-functional\error-context.md

    attachment #7: trace (application/zip) ─────────────────────────────────────────────────────────
    ..\..\_temp\functional-output-gallery-search-visual\wave-01-08-playwright-config-js\ddtRemixesRenderer-FTC-TAG-5f317-ough-five-Ремиксы-rerenders-functional\trace.zip
    Usage:

        npx playwright show-trace ..\..\_temp\functional-output-gallery-search-visual\wave-01-08-playwright-config-js\ddtRemixesRenderer-FTC-TAG-5f317-ough-five-Ремиксы-rerenders-functional\trace.zip

    ────────────────────────────────────────────────────────────────────────────────────────────────

  1 failed
    [functional] › tests\e2e\specs\ddtRemixesRenderer.spec.js:30:1 › FTC-TAGS-015 preserves the surrounding DDT gallery through five Ремиксы rerenders @area:tag-edit 

=== Playwright Summary ===
[x] ddtRemixesRenderer.spec
[playwright-wrapper-diagnostic] {"reason":"wrapper-child-lifecycle-mismatch","childExitCode":1,"childExitSignal":null,"childCloseCode":1,"childCloseSignal":null,"processError":null,"stopReason":"none","cleanupOutcome":"completed"}
  [x] FTC-TAGS-015 preserves the surrounding DDT gallery through five Ремиксы rerenders @area:tag-edit

Overall: 0/1 passed
Failed tests:
- ddtRemixesRenderer.spec > FTC-TAGS-015 preserves the surrounding DDT gallery through five Ремиксы rerenders @area:tag-edit
[playwright-wrapper-final-decision] {"wrapperExitCode":1,"attemptReturn":{"exitCode":1,"exitReason":"wrapper-child-lifecycle-mismatch"},"fakeDatabaseCleanup":{"status":"completed","error":null,"mode":"lock-only"},"scanAppCleanup":{"status":"not-required","error":null},"isolatedAppCleanup":{"status":"completed","error":null},"tempCleanup":{"status":"completed","error":null,"removedCount":1},"passivePortDiagnostics":[{"port":5200,"status":"completed","error":null,"ownerCount":0},{"port":5202,"status":"completed","error":null,"ownerCount":0}],"finalSummary":{"phase":"run-final","status":"failed","total":1,"completed":1,"failed":1,"skipped":0,"errors":0,"listOnly":false},"exitReason":"wrapper-child-lifecycle-mismatch"}
{"restored":0,"removed":0,"unchanged":1497}
Album Haven production E2E app listening on http://127.0.0.1:5200 with 0 artists, 0 albums, 0 tracks, and provider fixtures on http://127.0.0.1:5202
2026-09-18 20:28:43,087 [INFO] music_app: Startup scan-cache hydration completed files=7200 albums=400
2026-09-18 20:28:43,087 [INFO] music_app: Legacy album exclusions migrated albums=1 removed_rules=18 created_rules=1
2026-09-18 20:28:43,652 [INFO] music_app: Relation projection startup readiness ready=true rebuilt=true reason=missing_projection builder_version=local-relation-builder-v9 source_row_count=7438 duration_ms=520.16 source_load=157.04 fingerprint=61.45 pure_build=160.36 family_link_replacement=7.67 snapshot_publication=1.85
2026-09-18 20:28:45,070 [INFO] music_app: {"action": "Index request completed", "album_count": 0, "artist_count": 0, "bootstrap_mode": "fresh_preview", "covers_in_progress": false, "elapsed_ms": 588.16, "hydrate_in_progress": false, "payload_elapsed_ms": 288.72, "query": "", "scan_in_progress": false, "selected_artist": ""}

Running 1 test using 1 worker

2026-09-18 20:29:14,482 [INFO] music_app: {"action": "Index request completed", "album_count": 0, "artist_count": 0, "bootstrap_mode": "fresh_preview", "covers_in_progress": false, "elapsed_ms": 268.37, "hydrate_in_progress": false, "payload_elapsed_ms": 145.92, "query": "", "scan_in_progress": false, "selected_artist": ""}
[TEST] FTC-PLAYER-010 keeps player artwork decoded and limits its full-art view to the active album
  [STEP] Open the known Joseph release and start playback through its real track control
2026-09-18 20:29:17,570 [INFO] music_app: {"action": "Index request completed", "album_count": 0, "artist_count": 0, "bootstrap_mode": "fresh_preview", "covers_in_progress": false, "elapsed_ms": 369.99, "hydrate_in_progress": false, "payload_elapsed_ms": 164.09, "query": "", "scan_in_progress": false, "selected_artist": ""}
2026-09-18 20:29:20,450 [INFO] music_app: {"action": "Postgres album search request started", "query": "Joseph"}
2026-09-18 20:29:20,637 [INFO] music_app: {"action": "View data request completed", "album_count": 41, "artist_count": 5, "elapsed_ms": 186.04, "query": "Joseph", "selected_artist": "Neal Morse"}
  [FAIL] Open the known Joseph release and start playback through its real track control :: Cannot read properties of undefined (reading 'total') (4946 ms)
  x  1 [functional] › tests\e2e\specs\galleryCoverStability.spec.js:234:1 › FTC-PLAYER-010 keeps player artwork decoded and limits its full-art view to the active album @area:playback (6.6s)
[playwright-wrapper-failure-latched] {"phase":"tests-complete","status":"failed","total":1,"completed":1,"failed":1,"skipped":0,"errors":0}
[album-haven-playwright-result] {"version":1,"phase":"tests-complete","nonce":"ec1d17e00d22d381ce5bcbcdc863389adaf87ac215380c4b4a98c8c66c8708ec","status":"failed","total":1,"completed":1,"failed":1,"skipped":0,"errors":0}



[album-haven-playwright-result] {"version":1,"phase":"run-final","nonce":"ec1d17e00d22d381ce5bcbcdc863389adaf87ac215380c4b4a98c8c66c8708ec","status":"failed","total":1,"completed":1,"failed":1,"skipped":0,"errors":0}

  1) [functional] › tests\e2e\specs\galleryCoverStability.spec.js:234:1 › FTC-PLAYER-010 keeps player artwork decoded and limits its full-art view to the active album @area:playback 

    TypeError: Cannot read properties of undefined (reading 'total')

       at ..\actions\trackModalActions.js:213

      211 |       subtitle: String(await this.trackModal.subtitle.textContent() || '').trim(),
      212 |       footer: String(await this.trackModal.footer.textContent() || '').trim(),
    > 213 |       total: String(await this.trackModal.albumTrackTable.total.textContent() || '').trim(),
          |                                                           ^
      214 |       playButtons: await this.trackModal.playButtons.count(),
      215 |       trackRows: await this.trackModal.trackRows.count(),
      216 |       coverLoaded,
        at TrackModalActions.readSummary (D:\a\AlbumHaven\AlbumHaven\tests\e2e\actions\trackModalActions.js:213:59)
        at TrackModalActions.waitForLoadedSummary (D:\a\AlbumHaven\AlbumHaven\tests\e2e\actions\trackModalActions.js:246:21)
        at D:\a\AlbumHaven\AlbumHaven\tests\e2e\specs\galleryCoverStability.spec.js:254:21
        at runStep (D:\a\AlbumHaven\AlbumHaven\tests\e2e\support\baseFixtures.js:146:22)
        at D:\a\AlbumHaven\AlbumHaven\tests\e2e\specs\galleryCoverStability.spec.js:247:3

    attachment #1: step-transcript.txt (text/plain) ────────────────────────────────────────────────
    [TEST] FTC-PLAYER-010 keeps player artwork decoded and limits its full-art view to the active album
      [STEP] Open the known Joseph release and start playback through its real track control
      [FAIL] Open the known Joseph release and start playback through its real track control :: Cannot read propert...
    ────────────────────────────────────────────────────────────────────────────────────────────────

    attachment #3: stacktrace.txt (text/plain) ─────────────────────────────────────────────────────
    Error 1
    TypeError: Cannot read properties of undefined (reading 'total')
        at TrackModalActions.readSummary (D:\a\AlbumHaven\AlbumHaven\tests\e2e\actions\trackModalActions.js:213:59)
        at TrackModalActions.waitForLoadedSummary (D:\a\AlbumHaven\AlbumHaven\tests\e2e\actions\trackModalActions.js:24...
    ────────────────────────────────────────────────────────────────────────────────────────────────

    attachment #4: runtime-log.txt (text/plain) ────────────────────────────────────────────────────
    [2026-09-18T20:29:20.332Z] requestfailed/net::ERR_ABORTED: GET http://127.0.0.1:5200/cover?path=D%3A%5Ca%5C_temp%5Calbum-haven-e2e-functional-fixtures-gallery-search-visual%5Cshared%5Cmedia%5C!!!%5CThree%20Bangs%5Ccover.png&size=480&v=process-29bc751a083c452fdcbc2d4577d9facc
    [2026-09-18T20:29:20.333...
    ────────────────────────────────────────────────────────────────────────────────────────────────

    Error Context: ..\..\_temp\functional-output-gallery-search-visual\wave-01-09-playwright-config-js\galleryCoverStability-FTC--60071-rt-view-to-the-active-album-functional\error-context.md

    attachment #7: trace (application/zip) ─────────────────────────────────────────────────────────
    ..\..\_temp\functional-output-gallery-search-visual\wave-01-09-playwright-config-js\galleryCoverStability-FTC--60071-rt-view-to-the-active-album-functional\trace.zip
    Usage:

        npx playwright show-trace ..\..\_temp\functional-output-gallery-search-visual\wave-01-09-playwright-config-js\galleryCoverStability-FTC--60071-rt-view-to-the-active-album-functional\trace.zip

    ────────────────────────────────────────────────────────────────────────────────────────────────

  1 failed
    [functional] › tests\e2e\specs\galleryCoverStability.spec.js:234:1 › FTC-PLAYER-010 keeps player artwork decoded and limits its full-art view to the active album @area:playback 

=== Playwright Summary ===
[x] galleryCoverStability.spec
  [x] FTC-PLAYER-010 keeps player artwork decoded and limits its full-art view to the active album @area:playback

Overall: 0/1 passed
Failed tests:
- galleryCoverStability.spec > FTC-PLAYER-010 keeps player artwork decoded and limits its full-art view to the active album @area:playback
[playwright-wrapper-diagnostic] {"reason":"wrapper-child-lifecycle-mismatch","childExitCode":1,"childExitSignal":null,"childCloseCode":1,"childCloseSignal":null,"processError":null,"stopReason":"none","cleanupOutcome":"completed"}
[playwright-wrapper-final-decision] {"wrapperExitCode":1,"attemptReturn":{"exitCode":1,"exitReason":"wrapper-child-lifecycle-mismatch"},"fakeDatabaseCleanup":{"status":"completed","error":null,"mode":"lock-only"},"scanAppCleanup":{"status":"not-required","error":null},"isolatedAppCleanup":{"status":"completed","error":null},"tempCleanup":{"status":"completed","error":null,"removedCount":1},"passivePortDiagnostics":[{"port":5200,"status":"completed","error":null,"ownerCount":0},{"port":5202,"status":"completed","error":null,"ownerCount":0}],"finalSummary":{"phase":"run-final","status":"failed","total":1,"completed":1,"failed":1,"skipped":0,"errors":0,"listOnly":false},"exitReason":"wrapper-child-lifecycle-mismatch"}
{"restored":0,"removed":0,"unchanged":1497}
Album Haven production E2E app listening on http://127.0.0.1:5200 with 0 artists, 0 albums, 0 tracks, and provider fixtures on http://127.0.0.1:5202
2026-09-18 20:29:56,919 [INFO] music_app: Startup scan-cache hydration completed files=7200 albums=400
2026-09-18 20:29:56,919 [INFO] music_app: Legacy album exclusions migrated albums=1 removed_rules=18 created_rules=1
2026-09-18 20:29:57,457 [INFO] music_app: Relation projection startup readiness ready=true rebuilt=true reason=missing_projection builder_version=local-relation-builder-v9 source_row_count=7438 duration_ms=494.42 source_load=147.27 fingerprint=58.86 pure_build=164.35 family_link_replacement=10.00 snapshot_publication=1.75
2026-09-18 20:29:58,834 [INFO] music_app: {"action": "Index request completed", "album_count": 0, "artist_count": 0, "bootstrap_mode": "fresh_preview", "covers_in_progress": false, "elapsed_ms": 482.33, "hydrate_in_progress": false, "payload_elapsed_ms": 171.75, "query": "", "scan_in_progress": false, "selected_artist": ""}

Running 1 test using 1 worker

2026-09-18 20:30:24,979 [INFO] music_app: {"action": "Index request completed", "album_count": 0, "artist_count": 0, "bootstrap_mode": "fresh_preview", "covers_in_progress": false, "elapsed_ms": 361.48, "hydrate_in_progress": false, "payload_elapsed_ms": 155.22, "query": "", "scan_in_progress": false, "selected_artist": ""}
[TEST] FTC-GALLERY-031 preserves startup totals, search suggestions, covers and hover-year interactions
  [STEP] Server first paint shows known totals before any JavaScript hydration
2026-09-18 20:30:28,029 [INFO] music_app: {"action": "Index request completed", "album_count": 0, "artist_count": 0, "bootstrap_mode": "fresh_preview", "covers_in_progress": false, "elapsed_ms": 393.51, "hydrate_in_progress": false, "payload_elapsed_ms": 173.58, "query": "", "scan_in_progress": false, "selected_artist": ""}
  [PASS] Server first paint shows known totals before any JavaScript hydration (2163 ms)
  [STEP] Artist Family is hidden at *** and closes when returning from a selected artist
  [PASS] Artist Family is hidden at *** and closes when returning from a selected artist (2088 ms)
  [STEP] A search paints usable covers without switching artists
2026-09-18 20:30:32,963 [INFO] music_app: {"action": "Postgres album search request started", "query": "Neal Morse"}
2026-09-18 20:30:33,201 [INFO] music_app: {"action": "View data request completed", "album_count": 50, "artist_count": 5, "elapsed_ms": 238.86, "query": "Neal Morse", "selected_artist": "Neal Morse"}
  [PASS] A search paints usable covers without switching artists (1012 ms)
  [STEP] Search history opens by click and after clearing, with a flat neutral hover
2026-09-18 20:30:34,368 [INFO] music_app: {"action": "Postgres album search request started", "query": "Neal"}
2026-09-18 20:30:34,414 [INFO] music_app: {"action": "Postgres album search request started", "query": "Neal Morse"}
2026-09-18 20:30:34,611 [INFO] music_app: {"action": "View data request completed", "album_count": 50, "artist_count": 5, "elapsed_ms": 243.04, "query": "Neal", "selected_artist": "Neal Morse"}
2026-09-18 20:30:34,680 [INFO] music_app: {"action": "View data request completed", "album_count": 50, "artist_count": 5, "elapsed_ms": 266.31, "query": "Neal Morse", "selected_artist": "Neal Morse"}
  [PASS] Search history opens by click and after clearing, with a flat neutral hover (1151 ms)
  [STEP] Year appears only on No info hover with white text, black stroke and blue gap tips
  [PASS] Year appears only on No info hover with white text, black stroke and blue gap tips (1895 ms)
  [STEP] Info text has visible selection during drag and cannot select gallery cards
  [PASS] Info text has visible selection during drag and cannot select gallery cards (1803 ms)
  ok 1 [functional] › tests\e2e\specs\galleryInteractionRegressions.spec.js:12:1 › FTC-GALLERY-031 preserves startup totals, search suggestions, covers and hover-year interactions @area:gallery-search (11.5s)
[album-haven-playwright-result] {"version":1,"phase":"tests-complete","nonce":"be5a458e2fc4685d635134198084a2c0cc5e2a1226788807462ca4781d292422","status":"passed","total":1,"completed":1,"failed":0,"skipped":0,"errors":0}



[album-haven-playwright-result] {"version":1,"phase":"run-final","nonce":"be5a458e2fc4685d635134198084a2c0cc5e2a1226788807462ca4781d292422","status":"passed","total":1,"completed":1,"failed":0,"skipped":0,"errors":0}
  1 passed (17.7s)

=== Playwright Summary ===
[✓] galleryInteractionRegressions.spec
  [✓] FTC-GALLERY-031 preserves startup totals, search suggestions, covers and hover-year interactions @area:gallery-search

Overall: 1/1 passed
[playwright-wrapper-final-decision] {"wrapperExitCode":0,"attemptReturn":{"exitCode":0,"exitReason":"authoritative-pass"},"fakeDatabaseCleanup":{"status":"completed","error":null,"mode":"lock-only"},"scanAppCleanup":{"status":"not-required","error":null},"isolatedAppCleanup":{"status":"completed","error":null},"tempCleanup":{"status":"completed","error":null,"removedCount":1},"passivePortDiagnostics":[{"port":5200,"status":"completed","error":null,"ownerCount":0},{"port":5202,"status":"completed","error":null,"ownerCount":0}],"finalSummary":{"phase":"run-final","status":"passed","total":1,"completed":1,"failed":0,"skipped":0,"errors":0,"listOnly":false},"exitReason":"authoritative-pass"}
{"restored":0,"removed":0,"unchanged":1497}
Album Haven production E2E app listening on http://127.0.0.1:5200 with 0 artists, 0 albums, 0 tracks, and provider fixtures on http://127.0.0.1:5202
2026-09-18 20:31:08,020 [INFO] music_app: Startup scan-cache hydration completed files=7200 albums=400
2026-09-18 20:31:08,020 [INFO] music_app: Legacy album exclusions migrated albums=1 removed_rules=18 created_rules=1
2026-09-18 20:31:08,613 [INFO] music_app: Relation projection startup readiness ready=true rebuilt=true reason=missing_projection builder_version=local-relation-builder-v9 source_row_count=7438 duration_ms=544.85 source_load=158.60 fingerprint=61.48 pure_build=186.87 family_link_replacement=9.44 snapshot_publication=1.70
2026-09-18 20:31:09,853 [INFO] music_app: {"action": "Index request completed", "album_count": 0, "artist_count": 0, "bootstrap_mode": "fresh_preview", "covers_in_progress": false, "elapsed_ms": 500.52, "hydrate_in_progress": false, "payload_elapsed_ms": 205.01, "query": "", "scan_in_progress": false, "selected_artist": ""}

Running 1 test using 1 worker

2026-09-18 20:31:40,237 [INFO] music_app: {"action": "Index request completed", "album_count": 0, "artist_count": 0, "bootstrap_mode": "fresh_preview", "covers_in_progress": false, "elapsed_ms": 270.28, "hydrate_in_progress": false, "payload_elapsed_ms": 150.33, "query": "", "scan_in_progress": false, "selected_artist": ""}
[TEST] FTC-GALLERY-032 hydrates version tracks and preserves table playback, selection and fixed modal identity
2026-09-18 20:31:43,339 [INFO] music_app: {"action": "Index request completed", "album_count": 0, "artist_count": 0, "bootstrap_mode": "fresh_preview", "covers_in_progress": false, "elapsed_ms": 240.11, "hydrate_in_progress": false, "payload_elapsed_ms": 136.8, "query": "", "scan_in_progress": false, "selected_artist": ""}
2026-09-18 20:31:45,947 [INFO] music_app: {"action": "Postgres album search request started", "query": "Various Artists"}
2026-09-18 20:31:46,103 [INFO] music_app: {"action": "View data request completed", "album_count": 29, "artist_count": 9, "elapsed_ms": 156.63, "query": "Various Artists", "selected_artist": "Various Artists"}
  [STEP] Preview version switching fetches full track details on first opening
  [PASS] Preview version switching fetches full track details on first opening (969 ms)
  [STEP] Number swaps to animated Play on any row hover, with aligned header and hand cursor
  [PASS] Number swaps to animated Play on any row hover, with aligned header and hand cursor (186 ms)
  [STEP] Double-click plays without a word highlight; dragging still selects copyable text
  [PASS] Double-click plays without a word highlight; dragging still selects copyable text (2077 ms)
  [STEP] Only the table scrolls; header and art stay fixed
  [PASS] Only the table scrolls; header and art stay fixed (438 ms)
  ok 1 [functional] › tests\e2e\specs\galleryInteractionRegressions.spec.js:113:1 › FTC-GALLERY-032 hydrates version tracks and preserves table playback, selection and fixed modal identity @area:album-details (9.4s)
[album-haven-playwright-result] {"version":1,"phase":"tests-complete","nonce":"d34145e110297550323b9b2afe189ba90c1920d5fb119a5d5ee3653312fd79a5","status":"passed","total":1,"completed":1,"failed":0,"skipped":0,"errors":0}



[album-haven-playwright-result] {"version":1,"phase":"run-final","nonce":"d34145e110297550323b9b2afe189ba90c1920d5fb119a5d5ee3653312fd79a5","status":"passed","total":1,"completed":1,"failed":0,"skipped":0,"errors":0}
  1 passed (15.8s)

=== Playwright Summary ===
[✓] galleryInteractionRegressions.spec
  [✓] FTC-GALLERY-032 hydrates version tracks and preserves table playback, selection and fixed modal identity @area:album-details

Overall: 1/1 passed
[playwright-wrapper-final-decision] {"wrapperExitCode":0,"attemptReturn":{"exitCode":0,"exitReason":"authoritative-pass"},"fakeDatabaseCleanup":{"status":"completed","error":null,"mode":"lock-only"},"scanAppCleanup":{"status":"not-required","error":null},"isolatedAppCleanup":{"status":"completed","error":null},"tempCleanup":{"status":"completed","error":null,"removedCount":1},"passivePortDiagnostics":[{"port":5200,"status":"completed","error":null,"ownerCount":0},{"port":5202,"status":"completed","error":null,"ownerCount":0}],"finalSummary":{"phase":"run-final","status":"passed","total":1,"completed":1,"failed":0,"skipped":0,"errors":0,"listOnly":false},"exitReason":"authoritative-pass"}
{"restored":0,"removed":0,"unchanged":1497}
Album Haven production E2E app listening on http://127.0.0.1:5200 with 0 artists, 0 albums, 0 tracks, and provider fixtures on http://127.0.0.1:5202
2026-09-18 20:32:21,643 [INFO] music_app: Startup scan-cache hydration completed files=7200 albums=400
2026-09-18 20:32:21,644 [INFO] music_app: Legacy album exclusions migrated albums=1 removed_rules=18 created_rules=1
2026-09-18 20:32:22,189 [INFO] music_app: Relation projection startup readiness ready=true rebuilt=true reason=missing_projection builder_version=local-relation-builder-v9 source_row_count=7438 duration_ms=503.50 source_load=154.72 fingerprint=71.50 pure_build=160.76 family_link_replacement=7.90 snapshot_publication=1.76
2026-09-18 20:32:23,479 [INFO] music_app: {"action": "Index request completed", "album_count": 0, "artist_count": 0, "bootstrap_mode": "fresh_preview", "covers_in_progress": false, "elapsed_ms": 470.82, "hydrate_in_progress": false, "payload_elapsed_ms": 209.12, "query": "", "scan_in_progress": false, "selected_artist": ""}

Running 1 test using 1 worker

2026-09-18 20:32:57,193 [INFO] music_app: {"action": "Index request completed", "album_count": 0, "artist_count": 0, "bootstrap_mode": "fresh_preview", "covers_in_progress": false, "elapsed_ms": 275.38, "hydrate_in_progress": false, "payload_elapsed_ms": 152.74, "query": "", "scan_in_progress": false, "selected_artist": ""}
[TEST] FTC-GALLERY-033 acknowledges warning alerts without hiding Scan health and resurfaces new warnings
2026-09-18 20:33:00,456 [INFO] music_app: {"action": "Index request completed", "album_count": 0, "artist_count": 0, "bootstrap_mode": "fresh_preview", "covers_in_progress": false, "elapsed_ms": 332.32, "hydrate_in_progress": false, "payload_elapsed_ms": 227.23, "query": "", "scan_in_progress": false, "selected_artist": ""}
  [STEP] A warning icon opens the alert while Library stays green
  [PASS] A warning icon opens the alert while Library stays green (724 ms)
  [STEP] Dismiss survives reload but keeps the warning on Library/Scan
2026-09-18 20:33:04,517 [INFO] music_app: {"action": "Index request completed", "album_count": 0, "artist_count": 0, "bootstrap_mode": "fresh_preview", "covers_in_progress": false, "elapsed_ms": 245.18, "hydrate_in_progress": false, "payload_elapsed_ms": 135.45, "query": "", "scan_in_progress": false, "selected_artist": ""}
  [PASS] Dismiss survives reload but keeps the warning on Library/Scan (3701 ms)
  [STEP] A distinct same-clock event resurfaces without an intervening healthy response
2026-09-18 20:33:10,325 [INFO] music_app: {"action": "Index request completed", "album_count": 0, "artist_count": 0, "bootstrap_mode": "fresh_preview", "covers_in_progress": false, "elapsed_ms": 318.92, "hydrate_in_progress": false, "payload_elapsed_ms": 200.9, "query": "", "scan_in_progress": false, "selected_artist": ""}
  [PASS] A distinct same-clock event resurfaces without an intervening healthy response (5659 ms)
  [STEP] A new detection resurfaces the icon; resolving health removes the Scan notice
2026-09-18 20:33:13,427 [INFO] music_app: {"action": "Index request completed", "album_count": 0, "artist_count": 0, "bootstrap_mode": "fresh_preview", "covers_in_progress": false, "elapsed_ms": 269.32, "hydrate_in_progress": false, "payload_elapsed_ms": 150.6, "query": "", "scan_in_progress": false, "selected_artist": ""}
2026-09-18 20:33:15,938 [INFO] music_app: {"action": "Index request completed", "album_count": 0, "artist_count": 0, "bootstrap_mode": "fresh_preview", "covers_in_progress": false, "elapsed_ms": 265.13, "hydrate_in_progress": false, "payload_elapsed_ms": 135.66, "query": "", "scan_in_progress": false, "selected_artist": ""}
  [PASS] A new detection resurfaces the icon; resolving health removes the Scan notice (5260 ms)
  ok 1 [functional] › tests\e2e\specs\galleryInteractionRegressions.spec.js:199:1 › FTC-GALLERY-033 acknowledges warning alerts without hiding Scan health and resurfaces new warnings @area:gallery-search (18.9s)
[album-haven-playwright-result] {"version":1,"phase":"tests-complete","nonce":"114a1f82853e1d3863397c91873239b55e911d101112edca4a0598a67fed4f9f","status":"passed","total":1,"completed":1,"failed":0,"skipped":0,"errors":0}



[album-haven-playwright-result] {"version":1,"phase":"run-final","nonce":"114a1f82853e1d3863397c91873239b55e911d101112edca4a0598a67fed4f9f","status":"passed","total":1,"completed":1,"failed":0,"skipped":0,"errors":0}
  1 passed (26.3s)

=== Playwright Summary ===
[✓] galleryInteractionRegressions.spec
  [✓] FTC-GALLERY-033 acknowledges warning alerts without hiding Scan health and resurfaces new warnings @area:gallery-search

Overall: 1/1 passed
[playwright-wrapper-final-decision] {"wrapperExitCode":0,"attemptReturn":{"exitCode":0,"exitReason":"authoritative-pass"},"fakeDatabaseCleanup":{"status":"completed","error":null,"mode":"lock-only"},"scanAppCleanup":{"status":"not-required","error":null},"isolatedAppCleanup":{"status":"completed","error":null},"tempCleanup":{"status":"completed","error":null,"removedCount":1},"passivePortDiagnostics":[{"port":5200,"status":"completed","error":null,"ownerCount":0},{"port":5202,"status":"completed","error":null,"ownerCount":0}],"finalSummary":{"phase":"run-final","status":"passed","total":1,"completed":1,"failed":0,"skipped":0,"errors":0,"listOnly":false},"exitReason":"authoritative-pass"}
{"restored":0,"removed":0,"unchanged":1497}
Album Haven production E2E app listening on http://127.0.0.1:5200 with 0 artists, 0 albums, 0 tracks, and provider fixtures on http://127.0.0.1:5202
2026-09-18 20:33:49,201 [INFO] music_app: Startup scan-cache hydration completed files=7200 albums=400
2026-09-18 20:33:49,201 [INFO] music_app: Legacy album exclusions migrated albums=1 removed_rules=18 created_rules=1
2026-09-18 20:33:49,741 [INFO] music_app: Relation projection startup readiness ready=true rebuilt=true reason=missing_projection builder_version=local-relation-builder-v9 source_row_count=7438 duration_ms=501.36 source_load=167.64 fingerprint=60.41 pure_build=155.98 family_link_replacement=7.65 snapshot_publication=1.68
2026-09-18 20:33:50,954 [INFO] music_app: {"action": "Index request completed", "album_count": 0, "artist_count": 0, "bootstrap_mode": "fresh_preview", "covers_in_progress": false, "elapsed_ms": 477.79, "hydrate_in_progress": false, "payload_elapsed_ms": 195.84, "query": "", "scan_in_progress": false, "selected_artist": ""}

Running 1 test using 1 worker

2026-09-18 20:34:21,789 [INFO] music_app: {"action": "Index request completed", "album_count": 0, "artist_count": 0, "bootstrap_mode": "fresh_preview", "covers_in_progress": false, "elapsed_ms": 309.04, "hydrate_in_progress": false, "payload_elapsed_ms": 181.79, "query": "", "scan_in_progress": false, "selected_artist": ""}
[TEST] FTC-COVERS-014 keeps a decoded gallery cover stable across real gallery interactions
  [STEP] Find Neal Morse through normal search and record Joseph's stable cover identity
2026-09-18 20:34:25,297 [INFO] music_app: {"action": "Index request completed", "album_count": 0, "artist_count": 0, "bootstrap_mode": "fresh_preview", "covers_in_progress": false, "elapsed_ms": 308.46, "hydrate_in_progress": false, "payload_elapsed_ms": 184.17, "query": "", "scan_in_progress": false, "selected_artist": ""}
2026-09-18 20:34:28,579 [INFO] music_app: {"action": "Postgres album search request started", "query": "Joseph"}
2026-09-18 20:34:28,768 [INFO] music_app: {"action": "View data request completed", "album_count": 41, "artist_count": 5, "elapsed_ms": 187.17, "query": "Joseph", "selected_artist": "Neal Morse"}
    [NOTE] TARGET MET: Visible Joseph cover took 956 ms, at or below the 1000 ms target (hard ceiling 1200 ms).
  [PASS] Find Neal Morse through normal search and record Joseph's stable cover identity (5489 ms)
  [STEP] Traverse more than 48 decoded production cards so Joseph leaves the bounded DOM-node cache
  [PASS] Traverse more than 48 decoded production cards so Joseph leaves the bounded DOM-node cache (7954 ms)
  [STEP] Return to the evicted Joseph card without a second production cover request
2026-09-18 20:34:38,546 [INFO] music_app: {"action": "Postgres album search request started", "query": "Joseph"}
2026-09-18 20:34:38,724 [INFO] music_app: {"action": "View data request completed", "album_count": 41, "artist_count": 5, "elapsed_ms": 178.15, "query": "Joseph", "selected_artist": "Neal Morse"}
  [PASS] Return to the evicted Joseph card without a second production cover request (2075 ms)
  [STEP] Finish selected-family background caching before down/back and family filtering
  [PASS] Finish selected-family background caching before down/back and family filtering (2134 ms)
  [STEP] Open and close album details without re-requesting or blanking the gallery cover
  [FAIL] Open and close album details without re-requesting or blanking the gallery cover :: Cannot read properties of undefined (reading 'total') (581 ms)
[playwright-wrapper-failure-latched] {"phase":"tests-complete","status":"failed","total":1,"completed":1,"failed":1,"skipped":0,"errors":0}
  x  1 [functional] › tests\e2e\specs\galleryCoverStability.spec.js:23:1 › FTC-COVERS-014 keeps a decoded gallery cover stable across real gallery interactions @area:cover-providers (19.8s)
[album-haven-playwright-result] {"version":1,"phase":"tests-complete","nonce":"8935c7f429d6bdbcda2cbdf54a436215bf9e2ea63ed0000c3170de7e89c4b625","status":"failed","total":1,"completed":1,"failed":1,"skipped":0,"errors":0}



[album-haven-playwright-result] {"version":1,"phase":"run-final","nonce":"8935c7f429d6bdbcda2cbdf54a436215bf9e2ea63ed0000c3170de7e89c4b625","status":"failed","total":1,"completed":1,"failed":1,"skipped":0,"errors":0}

  1) [functional] › tests\e2e\specs\galleryCoverStability.spec.js:23:1 › FTC-COVERS-014 keeps a decoded gallery cover stable across real gallery interactions @area:cover-providers 

    TypeError: Cannot read properties of undefined (reading 'total')

       at ..\actions\trackModalActions.js:213

      211 |       subtitle: String(await this.trackModal.subtitle.textContent() || '').trim(),
      212 |       footer: String(await this.trackModal.footer.textContent() || '').trim(),
    > 213 |       total: String(await this.trackModal.albumTrackTable.total.textContent() || '').trim(),
          |                                                           ^
      214 |       playButtons: await this.trackModal.playButtons.count(),
      215 |       trackRows: await this.trackModal.trackRows.count(),
      216 |       coverLoaded,
        at TrackModalActions.readSummary (D:\a\AlbumHaven\AlbumHaven\tests\e2e\actions\trackModalActions.js:213:59)
        at TrackModalActions.waitForLoadedSummary (D:\a\AlbumHaven\AlbumHaven\tests\e2e\actions\trackModalActions.js:246:21)
        at D:\a\AlbumHaven\AlbumHaven\tests\e2e\specs\galleryCoverStability.spec.js:137:5
        at runStep (D:\a\AlbumHaven\AlbumHaven\tests\e2e\support\baseFixtures.js:146:22)
        at D:\a\AlbumHaven\AlbumHaven\tests\e2e\specs\galleryCoverStability.spec.js:135:3

    attachment #1: step-transcript.txt (text/plain) ────────────────────────────────────────────────
    [TEST] FTC-COVERS-014 keeps a decoded gallery cover stable across real gallery interactions
      [STEP] Find Neal Morse through normal search and record Joseph's stable cover identity
        [NOTE] TARGET MET: Visible Joseph cover took 956 ms, at or below the 1000 ms target (hard ceiling 1200 ms).
      [PASS...
    ────────────────────────────────────────────────────────────────────────────────────────────────

    attachment #3: stacktrace.txt (text/plain) ─────────────────────────────────────────────────────
    Error 1
    TypeError: Cannot read properties of undefined (reading 'total')
        at TrackModalActions.readSummary (D:\a\AlbumHaven\AlbumHaven\tests\e2e\actions\trackModalActions.js:213:59)
        at TrackModalActions.waitForLoadedSummary (D:\a\AlbumHaven\AlbumHaven\tests\e2e\actions\trackModalActions.js:24...
    ────────────────────────────────────────────────────────────────────────────────────────────────

    attachment #4: runtime-log.txt (text/plain) ────────────────────────────────────────────────────
    [2026-09-18T20:34:28.263Z] requestfailed/net::ERR_ABORTED: GET http://127.0.0.1:5200/cover?path=D%3A%5Ca%5C_temp%5Calbum-haven-e2e-functional-fixtures-gallery-search-visual%5Cshared%5Cmedia%5C!!!%5CThree%20Bangs%5Ccover.png&size=480&v=process-2550ec2c49a7278ca227068a55828c23
    [2026-09-18T20:34:28.289...
    ────────────────────────────────────────────────────────────────────────────────────────────────

    Error Context: ..\..\_temp\functional-output-gallery-search-visual\wave-01-13-playwright-config-js\galleryCoverStability-FTC--1b0c2-s-real-gallery-interactions-functional\error-context.md

    attachment #7: trace (application/zip) ─────────────────────────────────────────────────────────
    ..\..\_temp\functional-output-gallery-search-visual\wave-01-13-playwright-config-js\galleryCoverStability-FTC--1b0c2-s-real-gallery-interactions-functional\trace.zip
    Usage:

        npx playwright show-trace ..\..\_temp\functional-output-gallery-search-visual\wave-01-13-playwright-config-js\galleryCoverStability-FTC--1b0c2-s-real-gallery-interactions-functional\trace.zip

    ────────────────────────────────────────────────────────────────────────────────────────────────

  1 failed
    [functional] › tests\e2e\specs\galleryCoverStability.spec.js:23:1 › FTC-COVERS-014 keeps a decoded gallery cover stable across real gallery interactions @area:cover-providers 

=== Playwright Summary ===
[playwright-wrapper-diagnostic] {"reason":"wrapper-child-lifecycle-mismatch","childExitCode":1,"childExitSignal":null,"childCloseCode":1,"childCloseSignal":null,"processError":null,"stopReason":"none","cleanupOutcome":"completed"}
[x] galleryCoverStability.spec
  [x] FTC-COVERS-014 keeps a decoded gallery cover stable across real gallery interactions @area:cover-providers

Overall: 0/1 passed
Failed tests:
- galleryCoverStability.spec > FTC-COVERS-014 keeps a decoded gallery cover stable across real gallery interactions @area:cover-providers
[playwright-wrapper-final-decision] {"wrapperExitCode":1,"attemptReturn":{"exitCode":1,"exitReason":"wrapper-child-lifecycle-mismatch"},"fakeDatabaseCleanup":{"status":"completed","error":null,"mode":"lock-only"},"scanAppCleanup":{"status":"not-required","error":null},"isolatedAppCleanup":{"status":"completed","error":null},"tempCleanup":{"status":"completed","error":null,"removedCount":1},"passivePortDiagnostics":[{"port":5200,"status":"completed","error":null,"ownerCount":0},{"port":5202,"status":"completed","error":null,"ownerCount":0}],"finalSummary":{"phase":"run-final","status":"failed","total":1,"completed":1,"failed":1,"skipped":0,"errors":0,"listOnly":false},"exitReason":"wrapper-child-lifecycle-mismatch"}
{"restored":0,"removed":0,"unchanged":1497}
Album Haven production E2E app listening on http://127.0.0.1:5200 with 0 artists, 0 albums, 0 tracks, and provider fixtures on http://127.0.0.1:5202
2026-09-18 20:35:15,954 [INFO] music_app: Startup scan-cache hydration completed files=7200 albums=400
2026-09-18 20:35:15,954 [INFO] music_app: Legacy album exclusions migrated albums=1 removed_rules=18 created_rules=1
2026-09-18 20:35:16,448 [INFO] music_app: Relation projection startup readiness ready=true rebuilt=true reason=missing_projection builder_version=local-relation-builder-v9 source_row_count=7438 duration_ms=459.06 source_load=144.38 fingerprint=58.84 pure_build=147.10 family_link_replacement=7.51 snapshot_publication=1.77
2026-09-18 20:35:17,698 [INFO] music_app: {"action": "Index request completed", "album_count": 0, "artist_count": 0, "bootstrap_mode": "fresh_preview", "covers_in_progress": false, "elapsed_ms": 408.16, "hydrate_in_progress": false, "payload_elapsed_ms": 174.92, "query": "", "scan_in_progress": false, "selected_artist": ""}

Running 1 test using 1 worker

2026-09-18 20:35:48,730 [INFO] music_app: {"action": "Index request completed", "album_count": 0, "artist_count": 0, "bootstrap_mode": "fresh_preview", "covers_in_progress": false, "elapsed_ms": 319.14, "hydrate_in_progress": false, "payload_elapsed_ms": 186.0, "query": "", "scan_in_progress": false, "selected_artist": ""}
[TEST] FTC-COVERS-015 shows the exact Joseph 2023 cover decoded in the card, modal, and fullscreen lightbox
  [STEP] Find the exact Neal Morse Joseph album through normal search
2026-09-18 20:35:52,225 [INFO] music_app: {"action": "Index request completed", "album_count": 0, "artist_count": 0, "bootstrap_mode": "fresh_preview", "covers_in_progress": false, "elapsed_ms": 395.67, "hydrate_in_progress": false, "payload_elapsed_ms": 268.79, "query": "", "scan_in_progress": false, "selected_artist": ""}
2026-09-18 20:35:55,191 [INFO] music_app: {"action": "Postgres album search request started", "query": "Joseph"}
2026-09-18 20:35:55,412 [INFO] music_app: {"action": "View data request completed", "album_count": 41, "artist_count": 5, "elapsed_ms": 220.09, "query": "Joseph", "selected_artist": "Neal Morse"}
  [PASS] Find the exact Neal Morse Joseph album through normal search (5250 ms)
  [STEP] Open its normal album modal and verify the decoded non-placeholder cover
  [FAIL] Open its normal album modal and verify the decoded non-placeholder cover :: Cannot read properties of undefined (reading 'total') (1178 ms)
[playwright-wrapper-failure-latched] {"phase":"tests-complete","status":"failed","total":1,"completed":1,"failed":1,"skipped":0,"errors":0}
  x  1 [functional] › tests\e2e\specs\galleryCoverStability.spec.js:153:1 › FTC-COVERS-015 shows the exact Joseph 2023 cover decoded in the card, modal, and fullscreen lightbox @area:cover-providers (8.2s)
[album-haven-playwright-result] {"version":1,"phase":"tests-complete","nonce":"4b89fde341862a7b78e9c83e0b25156a54e6d99485a2f33494bd770555872b38","status":"failed","total":1,"completed":1,"failed":1,"skipped":0,"errors":0}



[album-haven-playwright-result] {"version":1,"phase":"run-final","nonce":"4b89fde341862a7b78e9c83e0b25156a54e6d99485a2f33494bd770555872b38","status":"failed","total":1,"completed":1,"failed":1,"skipped":0,"errors":0}

  1) [functional] › tests\e2e\specs\galleryCoverStability.spec.js:153:1 › FTC-COVERS-015 shows the exact Joseph 2023 cover decoded in the card, modal, and fullscreen lightbox @area:cover-providers 

    TypeError: Cannot read properties of undefined (reading 'total')

       at ..\actions\trackModalActions.js:213

      211 |       subtitle: String(await this.trackModal.subtitle.textContent() || '').trim(),
      212 |       footer: String(await this.trackModal.footer.textContent() || '').trim(),
    > 213 |       total: String(await this.trackModal.albumTrackTable.total.textContent() || '').trim(),
          |                                                           ^
      214 |       playButtons: await this.trackModal.playButtons.count(),
      215 |       trackRows: await this.trackModal.trackRows.count(),
      216 |       coverLoaded,
        at TrackModalActions.readSummary (D:\a\AlbumHaven\AlbumHaven\tests\e2e\actions\trackModalActions.js:213:59)
        at TrackModalActions.waitForLoadedSummary (D:\a\AlbumHaven\AlbumHaven\tests\e2e\actions\trackModalActions.js:246:21)
        at D:\a\AlbumHaven\AlbumHaven\tests\e2e\specs\galleryCoverStability.spec.js:176:21
        at runStep (D:\a\AlbumHaven\AlbumHaven\tests\e2e\support\baseFixtures.js:146:22)
        at D:\a\AlbumHaven\AlbumHaven\tests\e2e\specs\galleryCoverStability.spec.js:174:3

    attachment #1: step-transcript.txt (text/plain) ────────────────────────────────────────────────
    [TEST] FTC-COVERS-015 shows the exact Joseph 2023 cover decoded in the card, modal, and fullscreen lightbox
      [STEP] Find the exact Neal Morse Joseph album through normal search
      [PASS] Find the exact Neal Morse Joseph album through normal search (5250 ms)
      [STEP] Open its normal album modal and v...
    ────────────────────────────────────────────────────────────────────────────────────────────────

    attachment #3: stacktrace.txt (text/plain) ─────────────────────────────────────────────────────
    Error 1
    TypeError: Cannot read properties of undefined (reading 'total')
        at TrackModalActions.readSummary (D:\a\AlbumHaven\AlbumHaven\tests\e2e\actions\trackModalActions.js:213:59)
        at TrackModalActions.waitForLoadedSummary (D:\a\AlbumHaven\AlbumHaven\tests\e2e\actions\trackModalActions.js:24...
    ────────────────────────────────────────────────────────────────────────────────────────────────

    attachment #4: runtime-log.txt (text/plain) ────────────────────────────────────────────────────
    [2026-09-18T20:35:54.996Z] requestfailed/net::ERR_ABORTED: GET http://127.0.0.1:5200/cover?path=D%3A%5Ca%5C_temp%5Calbum-haven-e2e-functional-fixtures-gallery-search-visual%5Cshared%5Cmedia%5C!!!%5CThree%20Bangs%5Ccover.png&size=480&v=process-c1b76aba378fec35cdc0336cedd7fbb6
    [2026-09-18T20:35:54.997...
    ────────────────────────────────────────────────────────────────────────────────────────────────

    Error Context: ..\..\_temp\functional-output-gallery-search-visual\wave-01-14-playwright-config-js\galleryCoverStability-FTC--eb851-dal-and-fullscreen-lightbox-functional\error-context.md

    attachment #7: trace (application/zip) ─────────────────────────────────────────────────────────
    ..\..\_temp\functional-output-gallery-search-visual\wave-01-14-playwright-config-js\galleryCoverStability-FTC--eb851-dal-and-fullscreen-lightbox-functional\trace.zip
    Usage:

        npx playwright show-trace ..\..\_temp\functional-output-gallery-search-visual\wave-01-14-playwright-config-js\galleryCoverStability-FTC--eb851-dal-and-fullscreen-lightbox-functional\trace.zip

    ────────────────────────────────────────────────────────────────────────────────────────────────

  1 failed
    [functional] › tests\e2e\specs\galleryCoverStability.spec.js:153:1 › FTC-COVERS-015 shows the exact Joseph 2023 cover decoded in the card, modal, and fullscreen lightbox @area:cover-providers 

=== Playwright Summary ===
[playwright-wrapper-diagnostic] {"reason":"wrapper-child-lifecycle-mismatch","childExitCode":1,"childExitSignal":null,"childCloseCode":1,"childCloseSignal":null,"processError":null,"stopReason":"none","cleanupOutcome":"completed"}
[x] galleryCoverStability.spec
  [x] FTC-COVERS-015 shows the exact Joseph 2023 cover decoded in the card, modal, and fullscreen lightbox @area:cover-providers

Overall: 0/1 passed
Failed tests:
- galleryCoverStability.spec > FTC-COVERS-015 shows the exact Joseph 2023 cover decoded in the card, modal, and fullscreen lightbox @area:cover-providers
[playwright-wrapper-final-decision] {"wrapperExitCode":1,"attemptReturn":{"exitCode":1,"exitReason":"wrapper-child-lifecycle-mismatch"},"fakeDatabaseCleanup":{"status":"completed","error":null,"mode":"lock-only"},"scanAppCleanup":{"status":"not-required","error":null},"isolatedAppCleanup":{"status":"completed","error":null},"tempCleanup":{"status":"completed","error":null,"removedCount":1},"passivePortDiagnostics":[{"port":5200,"status":"completed","error":null,"ownerCount":0},{"port":5202,"status":"completed","error":null,"ownerCount":0}],"finalSummary":{"phase":"run-final","status":"failed","total":1,"completed":1,"failed":1,"skipped":0,"errors":0,"listOnly":false},"exitReason":"wrapper-child-lifecycle-mismatch"}
{"restored":0,"removed":0,"unchanged":1497}
Album Haven production E2E app listening on http://127.0.0.1:5200 with 0 artists, 0 albums, 0 tracks, and provider fixtures on http://127.0.0.1:5202
2026-09-18 20:36:31,092 [INFO] music_app: Startup scan-cache hydration completed files=7200 albums=400
2026-09-18 20:36:31,092 [INFO] music_app: Legacy album exclusions migrated albums=1 removed_rules=18 created_rules=1
2026-09-18 20:36:31,593 [INFO] music_app: Relation projection startup readiness ready=true rebuilt=true reason=missing_projection builder_version=local-relation-builder-v9 source_row_count=7438 duration_ms=457.58 source_load=137.05 fingerprint=59.99 pure_build=150.36 family_link_replacement=7.26 snapshot_publication=1.65
2026-09-18 20:36:32,944 [INFO] music_app: {"action": "Index request completed", "album_count": 0, "artist_count": 0, "bootstrap_mode": "fresh_preview", "covers_in_progress": false, "elapsed_ms": 518.16, "hydrate_in_progress": false, "payload_elapsed_ms": 275.11, "query": "", "scan_in_progress": false, "selected_artist": ""}

Running 1 test using 1 worker

2026-09-18 20:36:58,894 [INFO] music_app: {"action": "Index request completed", "album_count": 0, "artist_count": 0, "bootstrap_mode": "fresh_preview", "covers_in_progress": false, "elapsed_ms": 269.72, "hydrate_in_progress": false, "payload_elapsed_ms": 154.62, "query": "", "scan_in_progress": false, "selected_artist": ""}
[TEST] FTC-SEARCH-NAV-002 keeps every projected family artist in the tree for a non-exact best match
  [STEP] Search without the leading article and auto-select The Flower Kings
2026-09-18 20:37:01,862 [INFO] music_app: {"action": "Index request completed", "album_count": 0, "artist_count": 0, "bootstrap_mode": "fresh_preview", "covers_in_progress": false, "elapsed_ms": 265.87, "hydrate_in_progress": false, "payload_elapsed_ms": 159.04, "query": "", "scan_in_progress": false, "selected_artist": ""}
2026-09-18 20:37:05,041 [INFO] music_app: {"action": "Postgres album search request started", "query": "flower kings"}
2026-09-18 20:37:05,196 [INFO] music_app: {"action": "View data request completed", "album_count": 30, "artist_count": 3, "elapsed_ms": 154.98, "query": "flower kings", "selected_artist": "The Flower Kings"}
  [PASS] Search without the leading article and auto-select The Flower Kings (4230 ms)
  [STEP] Render the complete projected family tree in stable order
  [PASS] Render the complete projected family tree in stable order (150 ms)
  [STEP] Keep the selected gallery and Artist Family context aligned with the complete tree
  [PASS] Keep the selected gallery and Artist Family context aligned with the complete tree (382 ms)
  ok 1 [functional] › tests\e2e\specs\searchTreeCorrectness.spec.js:123:1 › FTC-SEARCH-NAV-002 keeps every projected family artist in the tree for a non-exact best match @area:gallery-search (5.1s)
[album-haven-playwright-result] {"version":1,"phase":"tests-complete","nonce":"c8319176d30f8a39049cb5aa9ece5c4e0ebd19c67abe3df68c51db0daa74d3af","status":"passed","total":1,"completed":1,"failed":0,"skipped":0,"errors":0}



[album-haven-playwright-result] {"version":1,"phase":"run-final","nonce":"c8319176d30f8a39049cb5aa9ece5c4e0ebd19c67abe3df68c51db0daa74d3af","status":"passed","total":1,"completed":1,"failed":0,"skipped":0,"errors":0}
  1 passed (11.4s)

=== Playwright Summary ===
[✓] searchTreeCorrectness.spec
  [✓] FTC-SEARCH-NAV-002 keeps every projected family artist in the tree for a non-exact best match @area:gallery-search

Overall: 1/1 passed
[playwright-wrapper-final-decision] {"wrapperExitCode":0,"attemptReturn":{"exitCode":0,"exitReason":"authoritative-pass"},"fakeDatabaseCleanup":{"status":"completed","error":null,"mode":"lock-only"},"scanAppCleanup":{"status":"not-required","error":null},"isolatedAppCleanup":{"status":"completed","error":null},"tempCleanup":{"status":"completed","error":null,"removedCount":1},"passivePortDiagnostics":[{"port":5200,"status":"completed","error":null,"ownerCount":0},{"port":5202,"status":"completed","error":null,"ownerCount":0}],"finalSummary":{"phase":"run-final","status":"passed","total":1,"completed":1,"failed":0,"skipped":0,"errors":0,"listOnly":false},"exitReason":"authoritative-pass"}
{"restored":0,"removed":0,"unchanged":1497}
Album Haven production E2E app listening on http://127.0.0.1:5200 with 0 artists, 0 albums, 0 tracks, and provider fixtures on http://127.0.0.1:5202
2026-09-18 20:37:37,512 [INFO] music_app: Startup scan-cache hydration completed files=7200 albums=400
2026-09-18 20:37:37,512 [INFO] music_app: Legacy album exclusions migrated albums=1 removed_rules=18 created_rules=1
2026-09-18 20:37:38,059 [INFO] music_app: Relation projection startup readiness ready=true rebuilt=true reason=missing_projection builder_version=local-relation-builder-v9 source_row_count=7438 duration_ms=507.52 source_load=148.03 fingerprint=68.40 pure_build=168.16 family_link_replacement=7.73 snapshot_publication=2.32
2026-09-18 20:37:39,274 [INFO] music_app: {"action": "Index request completed", "album_count": 0, "artist_count": 0, "bootstrap_mode": "fresh_preview", "covers_in_progress": false, "elapsed_ms": 441.63, "hydrate_in_progress": false, "payload_elapsed_ms": 172.07, "query": "", "scan_in_progress": false, "selected_artist": ""}

Running 1 test using 1 worker

2026-09-18 20:38:09,370 [INFO] music_app: {"action": "Index request completed", "album_count": 0, "artist_count": 0, "bootstrap_mode": "fresh_preview", "covers_in_progress": false, "elapsed_ms": 360.1, "hydrate_in_progress": false, "payload_elapsed_ms": 213.16, "query": "", "scan_in_progress": false, "selected_artist": ""}
[TEST] FTC-ALBUM-DETAILS-021 and FTC-ARTIST-FAMILY-019 and FTC-NON-ALBUM-015 preserve featured credits and exclude guest and Interview albums from family galleries
  [STEP] Edit three owned generated credits through the shared tag editor
2026-09-18 20:38:12,771 [INFO] music_app: {"action": "Index request completed", "album_count": 0, "artist_count": 0, "bootstrap_mode": "fresh_preview", "covers_in_progress": false, "elapsed_ms": 327.09, "hydrate_in_progress": false, "payload_elapsed_ms": 201.18, "query": "", "scan_in_progress": false, "selected_artist": ""}
2026-09-18 20:38:15,684 [INFO] music_app: {"action": "Postgres album search request started", "query": "Control Lead Solo"}
2026-09-18 20:38:15,896 [INFO] music_app: {"action": "View data request completed", "album_count": 21, "artist_count": 3, "elapsed_ms": 211.88, "query": "Control Lead Solo", "selected_artist": "Control Signal Lead"}
  [FAIL] Edit three owned generated credits through the shared tag editor :: Cannot read properties of undefined (reading 'total') (5310 ms)
[playwright-wrapper-failure-latched] {"phase":"tests-complete","status":"failed","total":1,"completed":1,"failed":1,"skipped":0,"errors":0}
  x  1 [functional] › tests\e2e\specs\artistCompilationFamily.spec.js:23:1 › FTC-ALBUM-DETAILS-021 and FTC-ARTIST-FAMILY-019 and FTC-NON-ALBUM-015 preserve featured credits and exclude guest and Interview albums from family galleries @area:gallery-search (7.1s)
[album-haven-playwright-result] {"version":1,"phase":"tests-complete","nonce":"090883f83cab3a774e375ad12f55fb4a261eca3aa2c834a74cc3509bd2b1cf22","status":"failed","total":1,"completed":1,"failed":1,"skipped":0,"errors":0}



[album-haven-playwright-result] {"version":1,"phase":"run-final","nonce":"090883f83cab3a774e375ad12f55fb4a261eca3aa2c834a74cc3509bd2b1cf22","status":"failed","total":1,"completed":1,"failed":1,"skipped":0,"errors":0}

  1) [functional] › tests\e2e\specs\artistCompilationFamily.spec.js:23:1 › FTC-ALBUM-DETAILS-021 and FTC-ARTIST-FAMILY-019 and FTC-NON-ALBUM-015 preserve featured credits and exclude guest and Interview albums from family galleries @area:gallery-search 

    TypeError: Cannot read properties of undefined (reading 'total')

       at ..\actions\trackModalActions.js:213

      211 |       subtitle: String(await this.trackModal.subtitle.textContent() || '').trim(),
      212 |       footer: String(await this.trackModal.footer.textContent() || '').trim(),
    > 213 |       total: String(await this.trackModal.albumTrackTable.total.textContent() || '').trim(),
          |                                                           ^
      214 |       playButtons: await this.trackModal.playButtons.count(),
      215 |       trackRows: await this.trackModal.trackRows.count(),
      216 |       coverLoaded,
        at TrackModalActions.readSummary (D:\a\AlbumHaven\AlbumHaven\tests\e2e\actions\trackModalActions.js:213:59)
        at TrackModalActions.waitForInteractiveSummary (D:\a\AlbumHaven\AlbumHaven\tests\e2e\actions\trackModalActions.js:256:21)
        at GalleryActions.openSearchedAlbumDetails (D:\a\AlbumHaven\AlbumHaven\tests\e2e\actions\galleryActions.js:1740:5)
        at D:\a\AlbumHaven\AlbumHaven\tests\e2e\specs\artistCompilationFamily.spec.js:38:7
        at runStep (D:\a\AlbumHaven\AlbumHaven\tests\e2e\support\baseFixtures.js:146:22)
        at D:\a\AlbumHaven\AlbumHaven\tests\e2e\specs\artistCompilationFamily.spec.js:37:5

    attachment #1: step-transcript.txt (text/plain) ────────────────────────────────────────────────
    [TEST] FTC-ALBUM-DETAILS-021 and FTC-ARTIST-FAMILY-019 and FTC-NON-ALBUM-015 preserve featured credits and exclude guest and Interview albums from family galleries
      [STEP] Edit three owned generated credits through the shared tag editor
      [FAIL] Edit three owned generated credits through the shared...
    ────────────────────────────────────────────────────────────────────────────────────────────────

    attachment #3: stacktrace.txt (text/plain) ─────────────────────────────────────────────────────
    Error 1
    TypeError: Cannot read properties of undefined (reading 'total')
        at TrackModalActions.readSummary (D:\a\AlbumHaven\AlbumHaven\tests\e2e\actions\trackModalActions.js:213:59)
        at TrackModalActions.waitForInteractiveSummary (D:\a\AlbumHaven\AlbumHaven\tests\e2e\actions\trackModalActions....
    ────────────────────────────────────────────────────────────────────────────────────────────────

    attachment #4: runtime-log.txt (text/plain) ────────────────────────────────────────────────────
    [2026-09-18T20:38:15.469Z] requestfailed/net::ERR_ABORTED: GET http://127.0.0.1:5200/cover?path=D%3A%5Ca%5C_temp%5Calbum-haven-e2e-functional-fixtures-gallery-search-visual%5Cshared%5Cmedia%5C!!!%5CThree%20Bangs%5Ccover.png&size=480&v=process-6e895b0a70451c25a9c56b46c3028c44
    [2026-09-18T20:38:15.469...
    ────────────────────────────────────────────────────────────────────────────────────────────────

    Error Context: ..\..\_temp\functional-output-gallery-search-visual\wave-02-16-playwright-config-js\artistCompilationFamily-FT-c5dfa-lbums-from-family-galleries-functional\error-context.md

    attachment #7: trace (application/zip) ─────────────────────────────────────────────────────────
    ..\..\_temp\functional-output-gallery-search-visual\wave-02-16-playwright-config-js\artistCompilationFamily-FT-c5dfa-lbums-from-family-galleries-functional\trace.zip
    Usage:

        npx playwright show-trace ..\..\_temp\functional-output-gallery-search-visual\wave-02-16-playwright-config-js\artistCompilationFamily-FT-c5dfa-lbums-from-family-galleries-functional\trace.zip

    ────────────────────────────────────────────────────────────────────────────────────────────────

  1 failed
    [functional] › tests\e2e\specs\artistCompilationFamily.spec.js:23:1 › FTC-ALBUM-DETAILS-021 and FTC-ARTIST-FAMILY-019 and FTC-NON-ALBUM-015 preserve featured credits and exclude guest and Interview albums from family galleries @area:gallery-search 

=== Playwright Summary ===
[x] artistCompilationFamily.spec
  [x] FTC-ALBUM-DETAILS-021 and FTC-ARTIST-FAMILY-019 and FTC-NON-ALBUM-015 preserve featured credits and exclude guest and Interview albums from family galleries @area:gallery-search

Overall: 0/1 passed
Failed tests:
- artistCompilationFamily.spec > FTC-ALBUM-DETAILS-021 and FTC-ARTIST-FAMILY-019 and FTC-NON-ALBUM-015 preserve featured credits and exclude guest and Interview albums from family galleries @area:gallery-search
[playwright-wrapper-diagnostic] {"reason":"wrapper-child-lifecycle-mismatch","childExitCode":1,"childExitSignal":null,"childCloseCode":1,"childCloseSignal":null,"processError":null,"stopReason":"none","cleanupOutcome":"completed"}
[playwright-wrapper-final-decision] {"wrapperExitCode":1,"attemptReturn":{"exitCode":1,"exitReason":"wrapper-child-lifecycle-mismatch"},"fakeDatabaseCleanup":{"status":"completed","error":null,"mode":"lock-only"},"scanAppCleanup":{"status":"not-required","error":null},"isolatedAppCleanup":{"status":"completed","error":null},"tempCleanup":{"status":"completed","error":null,"removedCount":1},"passivePortDiagnostics":[{"port":5200,"status":"completed","error":null,"ownerCount":0},{"port":5202,"status":"completed","error":null,"ownerCount":0}],"finalSummary":{"phase":"run-final","status":"failed","total":1,"completed":1,"failed":1,"skipped":0,"errors":0,"listOnly":false},"exitReason":"wrapper-child-lifecycle-mismatch"}
{"restored":0,"removed":0,"unchanged":1497}
Album Haven production E2E app listening on http://127.0.0.1:5200 with 0 artists, 0 albums, 0 tracks, and provider fixtures on http://127.0.0.1:5202
2026-09-18 20:38:50,596 [INFO] music_app: Startup scan-cache hydration completed files=7200 albums=400
2026-09-18 20:38:50,598 [INFO] music_app: Legacy album exclusions migrated albums=1 removed_rules=18 created_rules=1
2026-09-18 20:38:51,145 [INFO] music_app: Relation projection startup readiness ready=true rebuilt=true reason=missing_projection builder_version=local-relation-builder-v9 source_row_count=7438 duration_ms=499.93 source_load=147.46 fingerprint=57.79 pure_build=166.83 family_link_replacement=10.44 snapshot_publication=2.21
2026-09-18 20:38:52,437 [INFO] music_app: {"action": "Index request completed", "album_count": 0, "artist_count": 0, "bootstrap_mode": "fresh_preview", "covers_in_progress": false, "elapsed_ms": 457.14, "hydrate_in_progress": false, "payload_elapsed_ms": 172.57, "query": "", "scan_in_progress": false, "selected_artist": ""}

Running 1 test using 1 worker

2026-09-18 20:39:22,109 [INFO] music_app: {"action": "Index request completed", "album_count": 0, "artist_count": 0, "bootstrap_mode": "fresh_preview", "covers_in_progress": false, "elapsed_ms": 276.14, "hydrate_in_progress": false, "payload_elapsed_ms": 160.21, "query": "", "scan_in_progress": false, "selected_artist": ""}
[TEST] FTC-MOBILE-WEB-007 keeps ratings on one line while narrower galleries preserve selected card scale
  [STEP] Open the real Postgres gallery at an explicit 125 percent card scale
2026-09-18 20:39:25,088 [INFO] music_app: {"action": "Index request completed", "album_count": 0, "artist_count": 0, "bootstrap_mode": "shell_only", "covers_in_progress": false, "elapsed_ms": 75.02, "hydrate_in_progress": false, "payload_elapsed_ms": 0.0, "query": "", "scan_in_progress": false, "selected_artist": ""}
2026-09-18 20:39:28,238 [INFO] music_app: {"action": "Postgres album search request started", "query": "Album Rating Contract"}
2026-09-18 20:39:28,426 [INFO] music_app: {"action": "View data request completed", "album_count": 7, "artist_count": 1, "elapsed_ms": 188.78, "query": "Album Rating Contract", "selected_artist": "Album Rating Contract"}
  [PASS] Open the real Postgres gallery at an explicit 125 percent card scale (4195 ms)
  [STEP] Record the wide gallery density, rating geometry, and visible screenshot
  [PASS] Record the wide gallery density, rating geometry, and visible screenshot (395 ms)
  [STEP] Narrow the same production view and record its settled layout and screenshot
  [PASS] Narrow the same production view and record its settled layout and screenshot (547 ms)
  [STEP] Distribute available width evenly without wrapping ratings
  [PASS] Distribute available width evenly without wrapping ratings (19 ms)
  [STEP] Apply the Paper palette to an exact projected coverless album card
2026-09-18 20:39:30,104 [INFO] music_app: {"action": "Postgres album search request started", "query": "\u0414\u0414\u0422"}
2026-09-18 20:39:30,268 [INFO] music_app: {"action": "View data request completed", "album_count": 60, "artist_count": 1, "elapsed_ms": 163.19, "query": "\u0414\u0414\u0422", "selected_artist": "\u0414\u0414\u0422"}
  [PASS] Apply the Paper palette to an exact projected coverless album card (2558 ms)
  [STEP] Render the partly visible next row in cover-only view
2026-09-18 20:39:33,479 [INFO] music_app: {"action": "Index request completed", "album_count": 0, "artist_count": 0, "bootstrap_mode": "fresh_preview", "covers_in_progress": false, "elapsed_ms": 561.43, "hydrate_in_progress": false, "payload_elapsed_ms": 420.07, "query": "", "scan_in_progress": false, "selected_artist": "Neal Morse"}
  [PASS] Render the partly visible next row in cover-only view (3418 ms)
Album Haven production E2E app listening on http://127.0.0.1:5200 with 0 artists, 0 albums, 0 tracks, and provider fixtures on http://127.0.0.1:5202
2026-09-18 20:39:41,818 [INFO] music_app: Startup scan-cache hydration completed files=7200 albums=400
2026-09-18 20:39:43,103 [INFO] music_app: {"action": "Index request completed", "album_count": 0, "artist_count": 0, "bootstrap_mode": "fresh_preview", "covers_in_progress": false, "elapsed_ms": 441.81, "hydrate_in_progress": false, "payload_elapsed_ms": 128.21, "query": "", "scan_in_progress": false, "selected_artist": ""}
  ok 1 [functional] › tests\e2e\specs\responsiveGallery.spec.js:28:1 › FTC-MOBILE-WEB-007 keeps ratings on one line while narrower galleries preserve selected card scale @area:responsive-visual (35.4s)
[album-haven-playwright-result] {"version":1,"phase":"tests-complete","nonce":"ae91c6e7748317374095c1a55d03fab80e662f12eb621fbf9a95c675d8562160","status":"passed","total":1,"completed":1,"failed":0,"skipped":0,"errors":0}



[album-haven-playwright-result] {"version":1,"phase":"run-final","nonce":"ae91c6e7748317374095c1a55d03fab80e662f12eb621fbf9a95c675d8562160","status":"passed","total":1,"completed":1,"failed":0,"skipped":0,"errors":0}
  1 passed (41.9s)

=== Playwright Summary ===
[✓] responsiveGallery.spec
  [✓] FTC-MOBILE-WEB-007 keeps ratings on one line while narrower galleries preserve selected card scale @area:responsive-visual

Overall: 1/1 passed
[playwright-wrapper-final-decision] {"wrapperExitCode":0,"attemptReturn":{"exitCode":0,"exitReason":"authoritative-pass"},"fakeDatabaseCleanup":{"status":"completed","error":null,"mode":"lock-only"},"scanAppCleanup":{"status":"not-required","error":null},"isolatedAppCleanup":{"status":"completed","error":null},"tempCleanup":{"status":"completed","error":null,"removedCount":1},"passivePortDiagnostics":[{"port":5200,"status":"completed","error":null,"ownerCount":0},{"port":5202,"status":"completed","error":null,"ownerCount":0}],"finalSummary":{"phase":"run-final","status":"passed","total":1,"completed":1,"failed":0,"skipped":0,"errors":0,"listOnly":false},"exitReason":"authoritative-pass"}
{"restored":0,"removed":0,"unchanged":1497}
Album Haven production E2E app listening on http://127.0.0.1:5200 with 0 artists, 0 albums, 0 tracks, and provider fixtures on http://127.0.0.1:5202
2026-09-18 20:40:29,071 [INFO] music_app: Startup scan-cache hydration completed files=7200 albums=400
2026-09-18 20:40:29,072 [INFO] music_app: Legacy album exclusions migrated albums=1 removed_rules=18 created_rules=1
2026-09-18 20:40:29,574 [INFO] music_app: Relation projection startup readiness ready=true rebuilt=true reason=missing_projection builder_version=local-relation-builder-v9 source_row_count=7438 duration_ms=461.90 source_load=140.45 fingerprint=58.11 pure_build=144.90 family_link_replacement=9.55 snapshot_publication=2.08
2026-09-18 20:40:30,837 [INFO] music_app: {"action": "Index request completed", "album_count": 0, "artist_count": 0, "bootstrap_mode": "fresh_preview", "covers_in_progress": false, "elapsed_ms": 417.46, "hydrate_in_progress": false, "payload_elapsed_ms": 179.4, "query": "", "scan_in_progress": false, "selected_artist": ""}

Running 1 test using 1 worker

2026-09-18 20:40:59,852 [INFO] music_app: {"action": "Index request completed", "album_count": 0, "artist_count": 0, "bootstrap_mode": "fresh_preview", "covers_in_progress": false, "elapsed_ms": 313.15, "hydrate_in_progress": false, "payload_elapsed_ms": 182.56, "query": "", "scan_in_progress": false, "selected_artist": ""}
Album Haven production E2E app listening on http://127.0.0.1:5200 with 0 artists, 0 albums, 0 tracks, and provider fixtures on http://127.0.0.1:5202
2026-09-18 20:41:09,486 [INFO] music_app: Startup scan-cache hydration completed files=7200 albums=400
2026-09-18 20:41:10,038 [INFO] music_app: Relation projection startup readiness ready=true rebuilt=true reason=missing_readiness_metadata builder_version=local-relation-builder-v9 source_row_count=7438 duration_ms=509.89 source_load=153.75 fingerprint=78.99 pure_build=156.49 family_link_replacement=7.96 snapshot_publication=2.68
2026-09-18 20:41:11,299 [INFO] music_app: {"action": "Index request completed", "album_count": 0, "artist_count": 0, "bootstrap_mode": "fresh_preview", "covers_in_progress": false, "elapsed_ms": 447.23, "hydrate_in_progress": false, "payload_elapsed_ms": 142.33, "query": "", "scan_in_progress": false, "selected_artist": ""}
[TEST] FTC-TAGS-020 keeps the 60-album DDT gallery stable through Studio Records splits and restores
  [STEP] Open the 16-track Studio Records fixture after Publication
2026-09-18 20:41:31,721 [INFO] music_app: {"action": "Index request completed", "album_count": 0, "artist_count": 0, "bootstrap_mode": "fresh_preview", "covers_in_progress": false, "elapsed_ms": 272.48, "hydrate_in_progress": false, "payload_elapsed_ms": 141.15, "query": "", "scan_in_progress": false, "selected_artist": ""}
2026-09-18 20:41:34,627 [INFO] music_app: {"action": "Postgres album search request started", "query": "\u0414\u0414\u0422"}
2026-09-18 20:41:34,795 [INFO] music_app: {"action": "View data request completed", "album_count": 60, "artist_count": 1, "elapsed_ms": 167.48, "query": "\u0414\u0414\u0422", "selected_artist": "\u0414\u0414\u0422"}
  [FAIL] Open the 16-track Studio Records fixture after Publication :: Cannot read properties of undefined (reading 'total') (7520 ms)
Album Haven production E2E app listening on http://127.0.0.1:5200 with 0 artists, 0 albums, 0 tracks, and provider fixtures on http://127.0.0.1:5202
2026-09-18 20:41:46,619 [INFO] music_app: Startup scan-cache hydration completed files=7200 albums=400
2026-09-18 20:41:47,132 [INFO] music_app: Relation projection startup readiness ready=true rebuilt=true reason=missing_readiness_metadata builder_version=local-relation-builder-v9 source_row_count=7438 duration_ms=471.75 source_load=149.54 fingerprint=57.45 pure_build=144.75 family_link_replacement=6.06 snapshot_publication=1.45
2026-09-18 20:41:48,413 [INFO] music_app: {"action": "Index request completed", "album_count": 0, "artist_count": 0, "bootstrap_mode": "fresh_preview", "covers_in_progress": false, "elapsed_ms": 492.03, "hydrate_in_progress": false, "payload_elapsed_ms": 132.95, "query": "", "scan_in_progress": false, "selected_artist": ""}
[playwright-wrapper-failure-latched] {"phase":"tests-complete","status":"failed","total":1,"completed":1,"failed":1,"skipped":0,"errors":0}
  x  1 [functional] › tests\e2e\specs\ddtStudioRecordsRenderer.spec.js:66:1 › FTC-TAGS-020 keeps the 60-album DDT gallery stable through Studio Records splits and restores @area:tag-edit (1.1m)
[album-haven-playwright-result] {"version":1,"phase":"tests-complete","nonce":"5525d9a3a3a7ff432e2bded3afadd912d1eb3545aa8b93d469b26fb6f2cd31d6","status":"failed","total":1,"completed":1,"failed":1,"skipped":0,"errors":0}



[album-haven-playwright-result] {"version":1,"phase":"run-final","nonce":"5525d9a3a3a7ff432e2bded3afadd912d1eb3545aa8b93d469b26fb6f2cd31d6","status":"failed","total":1,"completed":1,"failed":1,"skipped":0,"errors":0}

  1) [functional] › tests\e2e\specs\ddtStudioRecordsRenderer.spec.js:66:1 › FTC-TAGS-020 keeps the 60-album DDT gallery stable through Studio Records splits and restores @area:tag-edit 

    TypeError: Cannot read properties of undefined (reading 'total')

       at ..\actions\trackModalActions.js:213

      211 |       subtitle: String(await this.trackModal.subtitle.textContent() || '').trim(),
      212 |       footer: String(await this.trackModal.footer.textContent() || '').trim(),
    > 213 |       total: String(await this.trackModal.albumTrackTable.total.textContent() || '').trim(),
          |                                                           ^
      214 |       playButtons: await this.trackModal.playButtons.count(),
      215 |       trackRows: await this.trackModal.trackRows.count(),
      216 |       coverLoaded,
        at TrackModalActions.readSummary (D:\a\AlbumHaven\AlbumHaven\tests\e2e\actions\trackModalActions.js:213:59)
        at TrackModalActions.waitForInteractiveSummary (D:\a\AlbumHaven\AlbumHaven\tests\e2e\actions\trackModalActions.js:256:21)
        at openAlbumDetails (D:\a\AlbumHaven\AlbumHaven\tests\e2e\specs\ddtStudioRecordsRenderer.spec.js:94:28)
        at openAlbumEditor (D:\a\AlbumHaven\AlbumHaven\tests\e2e\specs\ddtStudioRecordsRenderer.spec.js:100:47)
        at D:\a\AlbumHaven\AlbumHaven\tests\e2e\specs\ddtStudioRecordsRenderer.spec.js:399:27
        at runStep (D:\a\AlbumHaven\AlbumHaven\tests\e2e\support\baseFixtures.js:146:22)
        at D:\a\AlbumHaven\AlbumHaven\tests\e2e\specs\ddtStudioRecordsRenderer.spec.js:371:5

    attachment #6: step-transcript.txt (text/plain) ────────────────────────────────────────────────
    [TEST] FTC-TAGS-020 keeps the 60-album DDT gallery stable through Studio Records splits and restores
      [STEP] Open the 16-track Studio Records fixture after Publication
      [FAIL] Open the 16-track Studio Records fixture after Publication :: Cannot read properties of undefined (reading 'total') (7520 ...
    ────────────────────────────────────────────────────────────────────────────────────────────────

    attachment #8: stacktrace.txt (text/plain) ─────────────────────────────────────────────────────
    Error 1
    TypeError: Cannot read properties of undefined (reading 'total')
        at TrackModalActions.readSummary (D:\a\AlbumHaven\AlbumHaven\tests\e2e\actions\trackModalActions.js:213:59)
        at TrackModalActions.waitForInteractiveSummary (D:\a\AlbumHaven\AlbumHaven\tests\e2e\actions\trackModalActions....
    ────────────────────────────────────────────────────────────────────────────────────────────────

    attachment #9: runtime-log.txt (text/plain) ────────────────────────────────────────────────────
    [2026-09-18T20:41:34.532Z] requestfailed/net::ERR_ABORTED: GET http://127.0.0.1:5200/cover?path=D%3A%5Ca%5C_temp%5Calbum-haven-e2e-functional-fixtures-gallery-search-visual%5Cshared%5Cmedia%5C!!!%5CThree%20Bangs%5Ccover.png&size=480&v=process-ba8329a8f4e3398acfd3765f404d4f50
    [2026-09-18T20:41:34.532...
    ────────────────────────────────────────────────────────────────────────────────────────────────

    Error Context: ..\..\_temp\functional-output-gallery-search-visual\wave-02-18-playwright-config-js\ddtStudioRecordsRenderer-F-0b89b-Records-splits-and-restores-functional\error-context.md

    attachment #12: trace (application/zip) ────────────────────────────────────────────────────────
    ..\..\_temp\functional-output-gallery-search-visual\wave-02-18-playwright-config-js\ddtStudioRecordsRenderer-F-0b89b-Records-splits-and-restores-functional\trace.zip
    Usage:

        npx playwright show-trace ..\..\_temp\functional-output-gallery-search-visual\wave-02-18-playwright-config-js\ddtStudioRecordsRenderer-F-0b89b-Records-splits-and-restores-functional\trace.zip

    ────────────────────────────────────────────────────────────────────────────────────────────────

  1 failed
    [functional] › tests\e2e\specs\ddtStudioRecordsRenderer.spec.js:66:1 › FTC-TAGS-020 keeps the 60-album DDT gallery stable through Studio Records splits and restores @area:tag-edit 

=== Playwright Summary ===
[x] ddtStudioRecordsRenderer.spec
  [x] FTC-TAGS-020 keeps the 60-album DDT gallery stable through Studio Records splits and restores @area:tag-edit (1.1m)

Overall: 0/1 passed
Failed tests:
- ddtStudioRecordsRenderer.spec > FTC-TAGS-020 keeps the 60-album DDT gallery stable through Studio Records splits and restores @area:tag-edit (1.1m)
[playwright-wrapper-diagnostic] {"reason":"wrapper-child-lifecycle-mismatch","childExitCode":1,"childExitSignal":null,"childCloseCode":1,"childCloseSignal":null,"processError":null,"stopReason":"none","cleanupOutcome":"completed"}
[playwright-wrapper-final-decision] {"wrapperExitCode":1,"attemptReturn":{"exitCode":1,"exitReason":"wrapper-child-lifecycle-mismatch"},"fakeDatabaseCleanup":{"status":"completed","error":null,"mode":"lock-only"},"scanAppCleanup":{"status":"not-required","error":null},"isolatedAppCleanup":{"status":"completed","error":null},"tempCleanup":{"status":"completed","error":null,"removedCount":1},"passivePortDiagnostics":[{"port":5200,"status":"completed","error":null,"ownerCount":0},{"port":5202,"status":"completed","error":null,"ownerCount":0}],"finalSummary":{"phase":"run-final","status":"failed","total":1,"completed":1,"failed":1,"skipped":0,"errors":0,"listOnly":false},"exitReason":"wrapper-child-lifecycle-mismatch"}
{"restored":16,"removed":0,"unchanged":1481}
{"files":1497}
##[error]Process completed with exit code 1.
##[group]Run $statePath = "D:\a\_temp\album-haven-functional-gallery-search-visual.state.json"
$statePath = "D:\a\_temp\album-haven-functional-gallery-search-visual.state.json"
if (Test-Path -LiteralPath $statePath -PathType Leaf) {
  .\scripts\ci\bootstrap-windows-postgres.ps1 `
    -Mode Teardown `
    -ExpectedMajorVersion 17 `
    -Pgbin $env:PGBIN `
    -HostName 127.0.0.1 `
    -DatabaseSuffix "f_35389965541_1_0" `
    -StatePath "D:\a\_temp\album-haven-functional-gallery-search-visual.state.json"
}
shell: C:\Program Files\PowerShell\7\pwsh.EXE -command ". '{0}'"
env:
  ALBUM_HAVEN_EXPECTED_FFMPEG_VERSION: 7.1-essentials_build-www.gyan.dev
  ALBUM_HAVEN_FIXTURE_RELEASE: fixtures-v1.0.23
  ALBUM_HAVEN_FIXTURE_PROFILE: functional-core
  ALBUM_HAVEN_FIXTURE_ROOT: D:\a\_temp\album-haven-e2e-functional-fixtures-gallery-search-visual\shared
  ALBUM_HAVEN_MEDIA_ROOT: D:\a\_temp\album-haven-e2e-functional-fixtures-gallery-search-visual\shared\media
  pythonLocation: C:\hostedtoolcache\windows\Python\3.11.9\x64
  PKG_CONFIG_PATH: C:\hostedtoolcache\windows\Python\3.11.9\x64/lib/pkgconfig
  Python_ROOT_DIR: C:\hostedtoolcache\windows\Python\3.11.9\x64
  Python2_ROOT_DIR: C:\hostedtoolcache\windows\Python\3.11.9\x64
  Python3_ROOT_DIR: C:\hostedtoolcache\windows\Python\3.11.9\x64
  ALBUM_HAVEN_FUNCTIONAL_FIXTURE_WORK_ROOT: D:\a\_temp\album-haven-e2e-functional-fixtures-gallery-search-visual
  ALBUM_HAVEN_FUNCTIONAL_SOURCE_FIXTURE_ROOT: D:\a\_temp\album-haven-fixtures-5bf08c52229644b887944fe84aa56c80
  PGPASSFILE: D:\a\_temp\album-haven-postgres-f_35389965541_1_0.pgpass
  ALBUM_HAVEN_CI_DATABASE: album_haven_ci_f_35389965541_1_0
  DATABASE_MIGRATOR_URL: postgresql://album_haven_migrator_f_35389965541_1_0@127.0.0.1/album_haven_ci_f_35389965541_1_0
  DATABASE_APP_URL: postgresql://album_haven_app_f_35389965541_1_0@127.0.0.1/album_haven_ci_f_35389965541_1_0
  DATABASE_READONLY_URL: postgresql://album_haven_readonly_f_35389965541_1_0@127.0.0.1/album_haven_ci_f_35389965541_1_0
  ALBUM_HAVEN_FAKE_E2E_SETUP_DATABASE_URL: postgresql://album_haven_migrator_f_35389965541_1_0@127.0.0.1/album_haven_ci_f_35389965541_1_0
  ALBUM_HAVEN_FAKE_E2E_DATABASE_URL: postgresql://album_haven_app_f_35389965541_1_0@127.0.0.1/album_haven_ci_f_35389965541_1_0
  ALBUM_HAVEN_APP_DATABASE_URL: postgresql://album_haven_app_f_35389965541_1_0@127.0.0.1/album_haven_ci_f_35389965541_1_0
##[endgroup]
 pg_terminate_backend 
----------------------
(0 rows)

DROP DATABASE
DROP ROLE
DROP ROLE
DROP ROLE
Node 20 is being deprecated. This workflow is running with Node 24 by default. If you need to temporarily use Node 20, you can set the ACTIONS_ALLOW_USE_UNSECURE_NODE_VERSION=true environment variable. For more information see: https://github.blog/changelog/2025-09-19-deprecation-of-node-20-on-github-actions-runners/
##[group]Run actions/upload-artifact@v4
with:
  name: foundation-versions-functional-gallery-search-visual-1
  path: D:\a\_temp\foundation-version-manifest-functional-gallery-search-visual.json
  if-no-files-found: error
  retention-days: 14
  compression-level: 6
  overwrite: false
  include-hidden-files: false
env:
  ALBUM_HAVEN_EXPECTED_FFMPEG_VERSION: 7.1-essentials_build-www.gyan.dev
  ALBUM_HAVEN_FIXTURE_RELEASE: fixtures-v1.0.23
  ALBUM_HAVEN_FIXTURE_PROFILE: functional-core
  ALBUM_HAVEN_FIXTURE_ROOT: D:\a\_temp\album-haven-e2e-functional-fixtures-gallery-search-visual\shared
  ALBUM_HAVEN_MEDIA_ROOT: D:\a\_temp\album-haven-e2e-functional-fixtures-gallery-search-visual\shared\media
  pythonLocation: C:\hostedtoolcache\windows\Python\3.11.9\x64
  PKG_CONFIG_PATH: C:\hostedtoolcache\windows\Python\3.11.9\x64/lib/pkgconfig
  Python_ROOT_DIR: C:\hostedtoolcache\windows\Python\3.11.9\x64
  Python2_ROOT_DIR: C:\hostedtoolcache\windows\Python\3.11.9\x64
  Python3_ROOT_DIR: C:\hostedtoolcache\windows\Python\3.11.9\x64
  ALBUM_HAVEN_FUNCTIONAL_FIXTURE_WORK_ROOT: D:\a\_temp\album-haven-e2e-functional-fixtures-gallery-search-visual
  ALBUM_HAVEN_FUNCTIONAL_SOURCE_FIXTURE_ROOT: D:\a\_temp\album-haven-fixtures-5bf08c52229644b887944fe84aa56c80
  PGPASSFILE: D:\a\_temp\album-haven-postgres-f_35389965541_1_0.pgpass
  ALBUM_HAVEN_CI_DATABASE: album_haven_ci_f_35389965541_1_0
  DATABASE_MIGRATOR_URL: postgresql://album_haven_migrator_f_35389965541_1_0@127.0.0.1/album_haven_ci_f_35389965541_1_0
  DATABASE_APP_URL: postgresql://album_haven_app_f_35389965541_1_0@127.0.0.1/album_haven_ci_f_35389965541_1_0
  DATABASE_READONLY_URL: postgresql://album_haven_readonly_f_35389965541_1_0@127.0.0.1/album_haven_ci_f_35389965541_1_0
  ALBUM_HAVEN_FAKE_E2E_SETUP_DATABASE_URL: postgresql://album_haven_migrator_f_35389965541_1_0@127.0.0.1/album_haven_ci_f_35389965541_1_0
  ALBUM_HAVEN_FAKE_E2E_DATABASE_URL: postgresql://album_haven_app_f_35389965541_1_0@127.0.0.1/album_haven_ci_f_35389965541_1_0
  ALBUM_HAVEN_APP_DATABASE_URL: postgresql://album_haven_app_f_35389965541_1_0@127.0.0.1/album_haven_ci_f_35389965541_1_0
##[endgroup]
(node:5644) [DEP0040] DeprecationWarning: The `punycode` module is deprecated. Please use a userland alternative instead.
(Use `node --trace-deprecation ...` to show where the warning was created)
With the provided path, there will be 1 file uploaded
Artifact name is valid!
Root directory input is valid!
Beginning upload of artifact content to blob storage
(node:5644) [DEP0169] DeprecationWarning: `url.parse()` behavior is not standardized and prone to errors that have security implications. Use the WHATWG URL API instead. CVEs are not issued for `url.parse()` vulnerabilities.
Uploaded bytes 551
Finished uploading artifact content to blob storage!
SHA256 digest of uploaded artifact zip is 43a1dce573c9d558d9dc211e4364add29d008850171f27afa28aa49c05f19068
Finalizing artifact upload
Artifact foundation-versions-functional-gallery-search-visual-1.zip successfully finalized. Artifact ID 10565419860
Artifact foundation-versions-functional-gallery-search-visual-1 has been successfully uploaded! Final size is 551 bytes. Artifact ID is 10565419860
Artifact download URL: https://github.com/idanilovqa/AlbumHaven/actions/runs/35389965541/artifacts/10565419860
Node 20 is being deprecated. This workflow is running with Node 24 by default. If you need to temporarily use Node 20, you can set the ACTIONS_ALLOW_USE_UNSECURE_NODE_VERSION=true environment variable. For more information see: https://github.blog/changelog/2025-09-19-deprecation-of-node-20-on-github-actions-runners/
##[group]Run actions/upload-artifact@v4
with:
  name: functional-blob-gallery-search-visual-1
  path: D:\a\_temp\functional-blobs-gallery-search-visual
  if-no-files-found: error
  retention-days: 14
  compression-level: 6
  overwrite: false
  include-hidden-files: false
env:
  ALBUM_HAVEN_EXPECTED_FFMPEG_VERSION: 7.1-essentials_build-www.gyan.dev
  ALBUM_HAVEN_FIXTURE_RELEASE: fixtures-v1.0.23
  ALBUM_HAVEN_FIXTURE_PROFILE: functional-core
  ALBUM_HAVEN_FIXTURE_ROOT: D:\a\_temp\album-haven-e2e-functional-fixtures-gallery-search-visual\shared
  ALBUM_HAVEN_MEDIA_ROOT: D:\a\_temp\album-haven-e2e-functional-fixtures-gallery-search-visual\shared\media
  pythonLocation: C:\hostedtoolcache\windows\Python\3.11.9\x64
  PKG_CONFIG_PATH: C:\hostedtoolcache\windows\Python\3.11.9\x64/lib/pkgconfig
  Python_ROOT_DIR: C:\hostedtoolcache\windows\Python\3.11.9\x64
  Python2_ROOT_DIR: C:\hostedtoolcache\windows\Python\3.11.9\x64
  Python3_ROOT_DIR: C:\hostedtoolcache\windows\Python\3.11.9\x64
  ALBUM_HAVEN_FUNCTIONAL_FIXTURE_WORK_ROOT: D:\a\_temp\album-haven-e2e-functional-fixtures-gallery-search-visual
  ALBUM_HAVEN_FUNCTIONAL_SOURCE_FIXTURE_ROOT: D:\a\_temp\album-haven-fixtures-5bf08c52229644b887944fe84aa56c80
  PGPASSFILE: D:\a\_temp\album-haven-postgres-f_35389965541_1_0.pgpass
  ALBUM_HAVEN_CI_DATABASE: album_haven_ci_f_35389965541_1_0
  DATABASE_MIGRATOR_URL: postgresql://album_haven_migrator_f_35389965541_1_0@127.0.0.1/album_haven_ci_f_35389965541_1_0
  DATABASE_APP_URL: postgresql://album_haven_app_f_35389965541_1_0@127.0.0.1/album_haven_ci_f_35389965541_1_0
  DATABASE_READONLY_URL: postgresql://album_haven_readonly_f_35389965541_1_0@127.0.0.1/album_haven_ci_f_35389965541_1_0
  ALBUM_HAVEN_FAKE_E2E_SETUP_DATABASE_URL: postgresql://album_haven_migrator_f_35389965541_1_0@127.0.0.1/album_haven_ci_f_35389965541_1_0
  ALBUM_HAVEN_FAKE_E2E_DATABASE_URL: postgresql://album_haven_app_f_35389965541_1_0@127.0.0.1/album_haven_ci_f_35389965541_1_0
  ALBUM_HAVEN_APP_DATABASE_URL: postgresql://album_haven_app_f_35389965541_1_0@127.0.0.1/album_haven_ci_f_35389965541_1_0
##[endgroup]
(node:8532) [DEP0040] DeprecationWarning: The `punycode` module is deprecated. Please use a userland alternative instead.
(Use `node --trace-deprecation ...` to show where the warning was created)
With the provided path, there will be 18 files uploaded
Artifact name is valid!
Root directory input is valid!
Beginning upload of artifact content to blob storage
(node:8532) [DEP0169] DeprecationWarning: `url.parse()` behavior is not standardized and prone to errors that have security implications. Use the WHATWG URL API instead. CVEs are not issued for `url.parse()` vulnerabilities.
Uploaded bytes 8388608
Uploaded bytes 16777216
Uploaded bytes 25165824
Uploaded bytes 33554432
Uploaded bytes 41943040
Uploaded bytes 50331648
Uploaded bytes 58720256
Uploaded bytes 67108864
Uploaded bytes 75497472
Uploaded bytes 83886080
Uploaded bytes 92274688
Uploaded bytes 100663296
Uploaded bytes 109051904
Uploaded bytes 117440512
Uploaded bytes 125829120
Uploaded bytes 134217728
Uploaded bytes 142606336
Uploaded bytes 150994944
Uploaded bytes 151672262
Finished uploading artifact content to blob storage!
SHA256 digest of uploaded artifact zip is 470b16f108d8eba805570014351c982581c92cc4e2081e2b4f9c1166a94b0229
Finalizing artifact upload
Artifact functional-blob-gallery-search-visual-1.zip successfully finalized. Artifact ID 10566860119
Artifact functional-blob-gallery-search-visual-1 has been successfully uploaded! Final size is 151672262 bytes. Artifact ID is 10566860119
Artifact download URL: https://github.com/idanilovqa/AlbumHaven/actions/runs/35389965541/artifacts/10566860119
Node 20 is being deprecated. This workflow is running with Node 24 by default. If you need to temporarily use Node 20, you can set the ACTIONS_ALLOW_USE_UNSECURE_NODE_VERSION=true environment variable. For more information see: https://github.blog/changelog/2025-09-19-deprecation-of-node-20-on-github-actions-runners/
##[group]Run actions/upload-artifact@v4
with:
  name: functional-debug-gallery-search-visual-1
  path: D:\a\_temp\functional-output-gallery-search-visual
  if-no-files-found: error
  retention-days: 7
  compression-level: 6
  overwrite: false
  include-hidden-files: false
env:
  ALBUM_HAVEN_EXPECTED_FFMPEG_VERSION: 7.1-essentials_build-www.gyan.dev
  ALBUM_HAVEN_FIXTURE_RELEASE: fixtures-v1.0.23
  ALBUM_HAVEN_FIXTURE_PROFILE: functional-core
  ALBUM_HAVEN_FIXTURE_ROOT: D:\a\_temp\album-haven-e2e-functional-fixtures-gallery-search-visual\shared
  ALBUM_HAVEN_MEDIA_ROOT: D:\a\_temp\album-haven-e2e-functional-fixtures-gallery-search-visual\shared\media
  pythonLocation: C:\hostedtoolcache\windows\Python\3.11.9\x64
  PKG_CONFIG_PATH: C:\hostedtoolcache\windows\Python\3.11.9\x64/lib/pkgconfig
  Python_ROOT_DIR: C:\hostedtoolcache\windows\Python\3.11.9\x64
  Python2_ROOT_DIR: C:\hostedtoolcache\windows\Python\3.11.9\x64
  Python3_ROOT_DIR: C:\hostedtoolcache\windows\Python\3.11.9\x64
  ALBUM_HAVEN_FUNCTIONAL_FIXTURE_WORK_ROOT: D:\a\_temp\album-haven-e2e-functional-fixtures-gallery-search-visual
  ALBUM_HAVEN_FUNCTIONAL_SOURCE_FIXTURE_ROOT: D:\a\_temp\album-haven-fixtures-5bf08c52229644b887944fe84aa56c80
  PGPASSFILE: D:\a\_temp\album-haven-postgres-f_35389965541_1_0.pgpass
  ALBUM_HAVEN_CI_DATABASE: album_haven_ci_f_35389965541_1_0
  DATABASE_MIGRATOR_URL: postgresql://album_haven_migrator_f_35389965541_1_0@127.0.0.1/album_haven_ci_f_35389965541_1_0
  DATABASE_APP_URL: postgresql://album_haven_app_f_35389965541_1_0@127.0.0.1/album_haven_ci_f_35389965541_1_0
  DATABASE_READONLY_URL: postgresql://album_haven_readonly_f_35389965541_1_0@127.0.0.1/album_haven_ci_f_35389965541_1_0
  ALBUM_HAVEN_FAKE_E2E_SETUP_DATABASE_URL: postgresql://album_haven_migrator_f_35389965541_1_0@127.0.0.1/album_haven_ci_f_35389965541_1_0
  ALBUM_HAVEN_FAKE_E2E_DATABASE_URL: postgresql://album_haven_app_f_35389965541_1_0@127.0.0.1/album_haven_ci_f_35389965541_1_0
  ALBUM_HAVEN_APP_DATABASE_URL: postgresql://album_haven_app_f_35389965541_1_0@127.0.0.1/album_haven_ci_f_35389965541_1_0
##[endgroup]
(node:6008) [DEP0040] DeprecationWarning: The `punycode` module is deprecated. Please use a userland alternative instead.
(Use `node --trace-deprecation ...` to show where the warning was created)
With the provided path, there will be 47 files uploaded
Artifact name is valid!
Root directory input is valid!
Beginning upload of artifact content to blob storage
(node:6008) [DEP0169] DeprecationWarning: `url.parse()` behavior is not standardized and prone to errors that have security implications. Use the WHATWG URL API instead. CVEs are not issued for `url.parse()` vulnerabilities.
Uploaded bytes 8388608
Uploaded bytes 16777216
Uploaded bytes 25165824
Uploaded bytes 33554432
Uploaded bytes 41943040
Uploaded bytes 50331648
Uploaded bytes 58720256
Uploaded bytes 67108864
Uploaded bytes 75497472
Uploaded bytes 83886080
Uploaded bytes 92274688
Uploaded bytes 100663296
Uploaded bytes 109051904
Uploaded bytes 117440512
Uploaded bytes 125829120
Uploaded bytes 134217728
Uploaded bytes 142606336
Uploaded bytes 145991040
Finished uploading artifact content to blob storage!
SHA256 digest of uploaded artifact zip is 84c92960b29cbc8bc1bfc26bea2457ea86d828e05db8306998c74090b06d1731
Finalizing artifact upload
Artifact functional-debug-gallery-search-visual-1.zip successfully finalized. Artifact ID 10566905153
Artifact functional-debug-gallery-search-visual-1 has been successfully uploaded! Final size is 145991040 bytes. Artifact ID is 10566905153
Artifact download URL: https://github.com/idanilovqa/AlbumHaven/actions/runs/35389965541/artifacts/10566905153
Post job cleanup.
[command]"C:\Program Files\Git\bin\git.exe" version
git version 2.55.0.windows.5
Temporarily overriding HOME='D:\a\_temp\d1b5d9b0-cd8a-453b-b14c-d7170784a383' before making global git config changes
Adding repository directory to the temporary git global config as a safe directory
[command]"C:\Program Files\Git\bin\git.exe" config --global --add safe.directory D:\a\AlbumHaven\AlbumHaven\.trusted-ci
[command]"C:\Program Files\Git\bin\git.exe" config --local --name-only --get-regexp core\.sshCommand
[command]"C:\Program Files\Git\bin\git.exe" submodule foreach --recursive "sh -c \"git config --local --name-only --get-regexp 'core\.sshCommand' && git config --local --unset-all 'core.sshCommand' || :\""
[command]"C:\Program Files\Git\bin\git.exe" config --local --name-only --get-regexp http\.https\:\/\/github\.com\/\.extraheader
[command]"C:\Program Files\Git\bin\git.exe" submodule foreach --recursive "sh -c \"git config --local --name-only --get-regexp 'http\.https\:\/\/github\.com\/\.extraheader' && git config --local --unset-all 'http.https://github.com/.extraheader' || :\""
[command]"C:\Program Files\Git\bin\git.exe" config --local --name-only --get-regexp ^includeIf\.gitdir:
[command]"C:\Program Files\Git\bin\git.exe" submodule foreach --recursive "git config --local --show-origin --name-only --get-regexp remote.origin.url"
Post job cleanup.
[command]"C:\Program Files\Git\bin\git.exe" version
git version 2.55.0.windows.5
Temporarily overriding HOME='D:\a\_temp\5f544348-d16e-42eb-b705-2ad8e910e12c' before making global git config changes
Adding repository directory to the temporary git global config as a safe directory
[command]"C:\Program Files\Git\bin\git.exe" config --global --add safe.directory D:\a\AlbumHaven\AlbumHaven
[command]"C:\Program Files\Git\bin\git.exe" config --local --name-only --get-regexp core\.sshCommand
[command]"C:\Program Files\Git\bin\git.exe" submodule foreach --recursive "sh -c \"git config --local --name-only --get-regexp 'core\.sshCommand' && git config --local --unset-all 'core.sshCommand' || :\""
[command]"C:\Program Files\Git\bin\git.exe" config --local --name-only --get-regexp http\.https\:\/\/github\.com\/\.extraheader
[command]"C:\Program Files\Git\bin\git.exe" submodule foreach --recursive "sh -c \"git config --local --name-only --get-regexp 'http\.https\:\/\/github\.com\/\.extraheader' && git config --local --unset-all 'http.https://github.com/.extraheader' || :\""
[command]"C:\Program Files\Git\bin\git.exe" config --local --name-only --get-regexp ^includeIf\.gitdir:
[command]"C:\Program Files\Git\bin\git.exe" submodule foreach --recursive "git config --local --show-origin --name-only --get-regexp remote.origin.url"
Cleaning up orphan processes
##[warning]Node.js 20 is deprecated. The following actions target Node.js 20 but are being forced to run on Node.js 24: actions/setup-node@v4, actions/setup-python@v5, actions/upload-artifact@v4. For more information see: https://github.blog/changelog/2025-09-19-deprecation-of-node-20-on-github-actions-runners/
