2026-09-19T00:13:19.1004251Z Current runner version: '2.337.0'
##[group]Runner Image Provisioner
Hosted Compute Agent
Version: 20260828.587
Commit: abac92662cab4cc7352de4f9f9d2e2419aad9c29
Build Date: 2026-08-28T16:44:25Z
Worker ID: {ff52a573-3821-4f00-8d7d-94ae69513a3a}
Azure Region: northcentralus
##[endgroup]
##[group]Operating System
Microsoft Windows Server 2025
10.0.26100
Datacenter
##[endgroup]
##[group]Runner Image
Image: windows-2025-vs2026
Version: 20260907.229.1
Included Software: https://github.com/actions/runner-images/blob/win25-vs2026/20260907.229/images/windows/Windows2025-VS2026-Readme.md
Image Release: https://github.com/actions/runner-images/releases/tag/win25-vs2026%2F20260907.229
##[endgroup]
##[group]GITHUB_TOKEN Permissions
Contents: read
Metadata: read
##[endgroup]
Secret source: Actions
Cache mode: write
Prepare workflow directory
Prepare all required actions
Getting action download info
Download action repository 'actions/checkout@v5' (SHA:fbc6f3992d24b796d5a048ff273f7fcc4a7b6c09)
Download action repository 'actions/setup-node@v4' (SHA:49933ea5288caeca8642d1e84afbd3f7d6820020)
Download action repository 'actions/setup-python@v5' (SHA:a26af69be951a213d495a4c3e4e4022e16d87065)
Download action repository 'browser-actions/setup-chrome@v2' (SHA:48ad923757ca74d66703209fe939badbdf80f2f4)
Download action repository 'actions/upload-artifact@v4' (SHA:ea165f8d65b6e75b540449e92b4886f43607fa02)
Complete job name: E2E Performance: scan-library
##[group]Run actions/checkout@v5
with:
  fetch-depth: 0
  persist-credentials: false
  repository: idanilovqa/AlbumHaven
  token: ***
  ssh-strict: true
  ssh-user: git
  clean: true
  sparse-checkout-cone-mode: true
  fetch-tags: false
  show-progress: true
  lfs: false
  submodules: false
  set-safe-directory: true
  allow-unsafe-pr-checkout: false
env:
  ALBUM_HAVEN_EXPECTED_FFMPEG_VERSION: 7.1-essentials_build-www.gyan.dev
##[endgroup]
Syncing repository: idanilovqa/AlbumHaven
##[group]Getting Git version info
Working directory is 'D:\a\AlbumHaven\AlbumHaven'
[command]"C:\Program Files\Git\bin\git.exe" version
git version 2.55.0.windows.5
##[endgroup]
Temporarily overriding HOME='D:\a\_temp\15375b49-d77b-44ba-a4ff-d2d18fb3f68a' before making global git config changes
Adding repository directory to the temporary git global config as a safe directory
[command]"C:\Program Files\Git\bin\git.exe" config --global --add safe.directory D:\a\AlbumHaven\AlbumHaven
Deleting the contents of 'D:\a\AlbumHaven\AlbumHaven'
##[group]Initializing the repository
[command]"C:\Program Files\Git\bin\git.exe" init D:\a\AlbumHaven\AlbumHaven
Initialized empty Git repository in D:/a/AlbumHaven/AlbumHaven/.git/
[command]"C:\Program Files\Git\bin\git.exe" remote add origin https://github.com/idanilovqa/AlbumHaven
##[endgroup]
##[group]Disabling automatic garbage collection
[command]"C:\Program Files\Git\bin\git.exe" config --local gc.auto 0
##[endgroup]
##[group]Setting up auth
[command]"C:\Program Files\Git\bin\git.exe" config --local --name-only --get-regexp core\.sshCommand
[command]"C:\Program Files\Git\bin\git.exe" submodule foreach --recursive "sh -c \"git config --local --name-only --get-regexp 'core\.sshCommand' && git config --local --unset-all 'core.sshCommand' || :\""
[command]"C:\Program Files\Git\bin\git.exe" config --local --name-only --get-regexp http\.https\:\/\/github\.com\/\.extraheader
[command]"C:\Program Files\Git\bin\git.exe" submodule foreach --recursive "sh -c \"git config --local --name-only --get-regexp 'http\.https\:\/\/github\.com\/\.extraheader' && git config --local --unset-all 'http.https://github.com/.extraheader' || :\""
[command]"C:\Program Files\Git\bin\git.exe" config --local --name-only --get-regexp ^includeIf\.gitdir:
[command]"C:\Program Files\Git\bin\git.exe" submodule foreach --recursive "git config --local --show-origin --name-only --get-regexp remote.origin.url"
[command]"C:\Program Files\Git\bin\git.exe" config --local http.https://github.com/.extraheader "AUTHORIZATION: basic ***"
##[endgroup]
##[group]Fetching the repository
[command]"C:\Program Files\Git\bin\git.exe" -c protocol.version=2 fetch --prune --no-recurse-submodules origin +refs/heads/*:refs/remotes/origin/* +refs/tags/*:refs/tags/* +04a38d8cbea694b84fc5903ae361d4d18957c8f4:refs/remotes/pull/3/merge
From https://github.com/idanilovqa/AlbumHaven
 * [new branch]      2026-08-30-phase-7-local-auth            -> origin/2026-08-30-phase-7-local-auth
 * [new branch]      2026-09-05-gallery-refactor              -> origin/2026-09-05-gallery-refactor
 * [new branch]      2026-09-08-settings-refactor             -> origin/2026-09-08-settings-refactor
 * [new branch]      2026-09-17-pr3-rf456-build               -> origin/2026-09-17-pr3-rf456-build
 * [new branch]      2026-09-18-pr3-ci-diagnostics            -> origin/2026-09-18-pr3-ci-diagnostics
 * [new branch]      2026-09-18-pr3-e2e-batch                 -> origin/2026-09-18-pr3-e2e-batch
 * [new branch]      2026-09-18-pr3-js-batch                  -> origin/2026-09-18-pr3-js-batch
 * [new branch]      2026-09-18-pr3-python-batch              -> origin/2026-09-18-pr3-python-batch
 * [new branch]      codex/pr1-review-base-2026-09-10         -> origin/codex/pr1-review-base-2026-09-10
 * [new branch]      codex/pr1-review-snapshot-2026-09-10     -> origin/codex/pr1-review-snapshot-2026-09-10
 * [new branch]      main                                     -> origin/main
 * [new tag]         v0.9.41                                  -> v0.9.41
 * [new tag]         v0.9.42                                  -> v0.9.42
 * [new tag]         v0.9.43                                  -> v0.9.43
 * [new tag]         v0.9.44                                  -> v0.9.44
 * [new ref]         04a38d8cbea694b84fc5903ae361d4d18957c8f4 -> pull/3/merge
##[endgroup]
##[group]Determining the checkout info
##[endgroup]
[command]"C:\Program Files\Git\bin\git.exe" sparse-checkout disable
[command]"C:\Program Files\Git\bin\git.exe" config --local --unset-all extensions.worktreeConfig
##[group]Checking out the ref
[command]"C:\Program Files\Git\bin\git.exe" checkout --progress --force refs/remotes/pull/3/merge
Note: switching to 'refs/remotes/pull/3/merge'.

You are in 'detached HEAD' state. You can look around, make experimental
changes and commit them, and you can discard any commits you make in this
state without impacting any branches by switching back to a branch.

If you want to create a new branch to retain commits you create, you may
do so (now or later) by using -c with the switch command. Example:

  git switch -c <new-branch-name>

Or undo this operation with:

  git switch -

Turn off this advice by setting config variable advice.detachedHead to false

HEAD is now at 04a38d8 Merge 4e4d93dfcb3fb11bc43e2fd2c2e4381cd7d91091 into 38f740a4e984a25c0d501a7a2166d6ccdc09dcf3
##[endgroup]
[command]"C:\Program Files\Git\bin\git.exe" log -1 --format=%H
04a38d8cbea694b84fc5903ae361d4d18957c8f4
##[group]Removing auth
[command]"C:\Program Files\Git\bin\git.exe" config --local --name-only --get-regexp core\.sshCommand
[command]"C:\Program Files\Git\bin\git.exe" submodule foreach --recursive "sh -c \"git config --local --name-only --get-regexp 'core\.sshCommand' && git config --local --unset-all 'core.sshCommand' || :\""
[command]"C:\Program Files\Git\bin\git.exe" config --local --name-only --get-regexp http\.https\:\/\/github\.com\/\.extraheader
http.https://github.com/.extraheader
[command]"C:\Program Files\Git\bin\git.exe" config --local --unset-all http.https://github.com/.extraheader
[command]"C:\Program Files\Git\bin\git.exe" submodule foreach --recursive "sh -c \"git config --local --name-only --get-regexp 'http\.https\:\/\/github\.com\/\.extraheader' && git config --local --unset-all 'http.https://github.com/.extraheader' || :\""
[command]"C:\Program Files\Git\bin\git.exe" config --local --name-only --get-regexp ^includeIf\.gitdir:
[command]"C:\Program Files\Git\bin\git.exe" submodule foreach --recursive "git config --local --show-origin --name-only --get-regexp remote.origin.url"
##[endgroup]
##[group]Run actions/checkout@v5
with:
  ref: 38f740a4e984a25c0d501a7a2166d6ccdc09dcf3
  path: .trusted-ci
  persist-credentials: false
  repository: idanilovqa/AlbumHaven
  token: ***
  ssh-strict: true
  ssh-user: git
  clean: true
  sparse-checkout-cone-mode: true
  fetch-depth: 1
  fetch-tags: false
  show-progress: true
  lfs: false
  submodules: false
  set-safe-directory: true
  allow-unsafe-pr-checkout: false
env:
  ALBUM_HAVEN_EXPECTED_FFMPEG_VERSION: 7.1-essentials_build-www.gyan.dev
##[endgroup]
Syncing repository: idanilovqa/AlbumHaven
##[group]Getting Git version info
Working directory is 'D:\a\AlbumHaven\AlbumHaven\.trusted-ci'
[command]"C:\Program Files\Git\bin\git.exe" version
git version 2.55.0.windows.5
##[endgroup]
Temporarily overriding HOME='D:\a\_temp\ae5285ae-245d-4942-af7a-52a727963afc' before making global git config changes
Adding repository directory to the temporary git global config as a safe directory
[command]"C:\Program Files\Git\bin\git.exe" config --global --add safe.directory D:\a\AlbumHaven\AlbumHaven\.trusted-ci
##[group]Initializing the repository
[command]"C:\Program Files\Git\bin\git.exe" init D:\a\AlbumHaven\AlbumHaven\.trusted-ci
Initialized empty Git repository in D:/a/AlbumHaven/AlbumHaven/.trusted-ci/.git/
[command]"C:\Program Files\Git\bin\git.exe" remote add origin https://github.com/idanilovqa/AlbumHaven
##[endgroup]
##[group]Disabling automatic garbage collection
[command]"C:\Program Files\Git\bin\git.exe" config --local gc.auto 0
##[endgroup]
##[group]Setting up auth
[command]"C:\Program Files\Git\bin\git.exe" config --local --name-only --get-regexp core\.sshCommand
[command]"C:\Program Files\Git\bin\git.exe" submodule foreach --recursive "sh -c \"git config --local --name-only --get-regexp 'core\.sshCommand' && git config --local --unset-all 'core.sshCommand' || :\""
[command]"C:\Program Files\Git\bin\git.exe" config --local --name-only --get-regexp http\.https\:\/\/github\.com\/\.extraheader
[command]"C:\Program Files\Git\bin\git.exe" submodule foreach --recursive "sh -c \"git config --local --name-only --get-regexp 'http\.https\:\/\/github\.com\/\.extraheader' && git config --local --unset-all 'http.https://github.com/.extraheader' || :\""
[command]"C:\Program Files\Git\bin\git.exe" config --local --name-only --get-regexp ^includeIf\.gitdir:
[command]"C:\Program Files\Git\bin\git.exe" submodule foreach --recursive "git config --local --show-origin --name-only --get-regexp remote.origin.url"
[command]"C:\Program Files\Git\bin\git.exe" config --local http.https://github.com/.extraheader "AUTHORIZATION: basic ***"
##[endgroup]
##[group]Fetching the repository
[command]"C:\Program Files\Git\bin\git.exe" -c protocol.version=2 fetch --no-tags --prune --no-recurse-submodules --depth=1 origin 38f740a4e984a25c0d501a7a2166d6ccdc09dcf3
From https://github.com/idanilovqa/AlbumHaven
 * branch            38f740a4e984a25c0d501a7a2166d6ccdc09dcf3 -> FETCH_HEAD
##[endgroup]
##[group]Determining the checkout info
##[endgroup]
[command]"C:\Program Files\Git\bin\git.exe" sparse-checkout disable
[command]"C:\Program Files\Git\bin\git.exe" config --local --unset-all extensions.worktreeConfig
##[group]Checking out the ref
[command]"C:\Program Files\Git\bin\git.exe" checkout --progress --force 38f740a4e984a25c0d501a7a2166d6ccdc09dcf3
Note: switching to '38f740a4e984a25c0d501a7a2166d6ccdc09dcf3'.

You are in 'detached HEAD' state. You can look around, make experimental
changes and commit them, and you can discard any commits you make in this
state without impacting any branches by switching back to a branch.

If you want to create a new branch to retain commits you create, you may
do so (now or later) by using -c with the switch command. Example:

  git switch -c <new-branch-name>

Or undo this operation with:

  git switch -

Turn off this advice by setting config variable advice.detachedHead to false

HEAD is now at 38f740a Merge pull request #2 from idanilovqa/2026-09-05-gallery-refactor
##[endgroup]
[command]"C:\Program Files\Git\bin\git.exe" log -1 --format=%H
38f740a4e984a25c0d501a7a2166d6ccdc09dcf3
##[group]Removing auth
[command]"C:\Program Files\Git\bin\git.exe" config --local --name-only --get-regexp core\.sshCommand
[command]"C:\Program Files\Git\bin\git.exe" submodule foreach --recursive "sh -c \"git config --local --name-only --get-regexp 'core\.sshCommand' && git config --local --unset-all 'core.sshCommand' || :\""
[command]"C:\Program Files\Git\bin\git.exe" config --local --name-only --get-regexp http\.https\:\/\/github\.com\/\.extraheader
http.https://github.com/.extraheader
[command]"C:\Program Files\Git\bin\git.exe" config --local --unset-all http.https://github.com/.extraheader
[command]"C:\Program Files\Git\bin\git.exe" submodule foreach --recursive "sh -c \"git config --local --name-only --get-regexp 'http\.https\:\/\/github\.com\/\.extraheader' && git config --local --unset-all 'http.https://github.com/.extraheader' || :\""
[command]"C:\Program Files\Git\bin\git.exe" config --local --name-only --get-regexp ^includeIf\.gitdir:
[command]"C:\Program Files\Git\bin\git.exe" submodule foreach --recursive "git config --local --show-origin --name-only --get-regexp remote.origin.url"
##[endgroup]
##[group]Run & ".trusted-ci\scripts\ci\fetch-test-fixtures.ps1" `
& ".trusted-ci\scripts\ci\fetch-test-fixtures.ps1" `
  -Release fixtures-v1.0.23 `
  -Profile synthetic-large-library `
  -ManifestSha256 e3ad2c100a77af2cb25dca2894dbf2c5e8decbc6925acf54c2749f6d3be000c2
shell: C:\Program Files\PowerShell\7\pwsh.EXE -command ". '{0}'"
env:
  ALBUM_HAVEN_EXPECTED_FFMPEG_VERSION: 7.1-essentials_build-www.gyan.dev
  ALBUM_HAVEN_FIXTURES_TOKEN: ***
##[endgroup]
Node 20 is being deprecated. This workflow is running with Node 24 by default. If you need to temporarily use Node 20, you can set the ACTIONS_ALLOW_USE_UNSECURE_NODE_VERSION=true environment variable. For more information see: https://github.blog/changelog/2025-09-19-deprecation-of-node-20-on-github-actions-runners/
##[group]Run actions/setup-node@v4
with:
  node-version: 22
  cache: npm
  always-auth: false
  check-latest: false
  token: ***
env:
  ALBUM_HAVEN_EXPECTED_FFMPEG_VERSION: 7.1-essentials_build-www.gyan.dev
  ALBUM_HAVEN_FIXTURE_RELEASE: fixtures-v1.0.23
  ALBUM_HAVEN_FIXTURE_PROFILE: synthetic-large-library
  ALBUM_HAVEN_FIXTURE_ROOT: D:\a\_temp\album-haven-fixtures-60b32453a403451395664fb867c586d0
  ALBUM_HAVEN_MEDIA_ROOT: D:\a\_temp\album-haven-fixtures-60b32453a403451395664fb867c586d0\media
##[endgroup]
Found in cache @ C:\hostedtoolcache\windows\node\22.23.2\x64
(node:1496) [DEP0040] DeprecationWarning: The `punycode` module is deprecated. Please use a userland alternative instead.
(Use `node --trace-deprecation ...` to show where the warning was created)
##[group]Environment details
node: v22.23.2
npm: 10.9.8
yarn: 1.22.22
##[endgroup]
[command]C:\Windows\system32\cmd.exe /D /S /C "C:\hostedtoolcache\windows\node\22.23.2\x64\npm.cmd config get cache"
C:\npm\cache
Cache hit for: node-cache-Windows-x64-npm-26253ee3ceab3d8c9b127fb1ff8b52c4c231c2e05275c7ca052f26b453f7dc92
(node:1496) [DEP0169] DeprecationWarning: `url.parse()` behavior is not standardized and prone to errors that have security implications. Use the WHATWG URL API instead. CVEs are not issued for `url.parse()` vulnerabilities.
Received 3822098 of 3822098 (100.0%), 13.9 MBs/sec
Cache Size: ~4 MB (3822098 B)
[command]"C:\Program Files\Git\usr\bin\tar.exe" -xf D:/a/_temp/a8d7bafc-be2b-4ede-9882-bda852570580/cache.tzst -P -C D:/a/AlbumHaven/AlbumHaven --force-local --use-compress-program "zstd -d"
Cache restored successfully
Cache restored from key: node-cache-Windows-x64-npm-26253ee3ceab3d8c9b127fb1ff8b52c4c231c2e05275c7ca052f26b453f7dc92
##[group]Run node scripts/ci/resolve-ci-shard.cjs performance scan-library
node scripts/ci/resolve-ci-shard.cjs performance scan-library
shell: C:\Program Files\PowerShell\7\pwsh.EXE -command ". '{0}'"
env:
  ALBUM_HAVEN_EXPECTED_FFMPEG_VERSION: 7.1-essentials_build-www.gyan.dev
  ALBUM_HAVEN_FIXTURE_RELEASE: fixtures-v1.0.23
  ALBUM_HAVEN_FIXTURE_PROFILE: synthetic-large-library
  ALBUM_HAVEN_FIXTURE_ROOT: D:\a\_temp\album-haven-fixtures-60b32453a403451395664fb867c586d0
  ALBUM_HAVEN_MEDIA_ROOT: D:\a\_temp\album-haven-fixtures-60b32453a403451395664fb867c586d0\media
  FOCUSED_PERFORMANCE_TARGETS_JSON: []
  FOCUSED_STAGE: full
##[endgroup]
##[group]Run foreach ($target in "scan-cold,scan-cached,scan-add-album,scan-metadata,scan-page".Split(',')) {
foreach ($target in "scan-cold,scan-cached,scan-add-album,scan-metadata,scan-page".Split(',')) {
  $targetRoot = Join-Path "test-results\playwright-performance-targets" $target
  New-Item -ItemType Directory -Path $targetRoot -Force | Out-Null
  @{
    target = $target
    shard = "scan-library"
    fixtureProfile = "scan-library"
    fixtureMode = "generated-isolated"
    blocking = $false
    runAttempt = "1"
    conclusion = "initialized"
  } | ConvertTo-Json | Set-Content -LiteralPath (Join-Path $targetRoot "ci-job.json") -Encoding utf8
}
shell: C:\Program Files\PowerShell\7\pwsh.EXE -command ". '{0}'"
env:
  ALBUM_HAVEN_EXPECTED_FFMPEG_VERSION: 7.1-essentials_build-www.gyan.dev
  ALBUM_HAVEN_FIXTURE_RELEASE: fixtures-v1.0.23
  ALBUM_HAVEN_FIXTURE_PROFILE: synthetic-large-library
  ALBUM_HAVEN_FIXTURE_ROOT: D:\a\_temp\album-haven-fixtures-60b32453a403451395664fb867c586d0
  ALBUM_HAVEN_MEDIA_ROOT: D:\a\_temp\album-haven-fixtures-60b32453a403451395664fb867c586d0\media
##[endgroup]
Node 20 is being deprecated. This workflow is running with Node 24 by default. If you need to temporarily use Node 20, you can set the ACTIONS_ALLOW_USE_UNSECURE_NODE_VERSION=true environment variable. For more information see: https://github.blog/changelog/2025-09-19-deprecation-of-node-20-on-github-actions-runners/
##[group]Run actions/setup-python@v5
with:
  python-version: 3.11
  cache: pip
  cache-dependency-path: requirements.txt
  check-latest: false
  token: ***
  update-environment: true
  allow-prereleases: false
  freethreaded: false
env:
  ALBUM_HAVEN_EXPECTED_FFMPEG_VERSION: 7.1-essentials_build-www.gyan.dev
  ALBUM_HAVEN_FIXTURE_RELEASE: fixtures-v1.0.23
  ALBUM_HAVEN_FIXTURE_PROFILE: synthetic-large-library
  ALBUM_HAVEN_FIXTURE_ROOT: D:\a\_temp\album-haven-fixtures-60b32453a403451395664fb867c586d0
  ALBUM_HAVEN_MEDIA_ROOT: D:\a\_temp\album-haven-fixtures-60b32453a403451395664fb867c586d0\media
##[endgroup]
##[group]Installed versions
(node:2400) [DEP0040] DeprecationWarning: The `punycode` module is deprecated. Please use a userland alternative instead.
(Use `node --trace-deprecation ...` to show where the warning was created)
Successfully set up CPython (3.11.9)
##[endgroup]
Cache hit for: setup-python-Windows-x64-python-3.11.9-pip-0c6be4352e523693f41bb557265b0d204a2348bd0887365f0c4493752562bd14
(node:2400) [DEP0169] DeprecationWarning: `url.parse()` behavior is not standardized and prone to errors that have security implications. Use the WHATWG URL API instead. CVEs are not issued for `url.parse()` vulnerabilities.
Received 58149912 of 58149912 (100.0%), 95.6 MBs/sec
Cache Size: ~55 MB (58149912 B)
[command]"C:\Program Files\Git\usr\bin\tar.exe" -xf D:/a/_temp/39ce979e-a885-4225-967e-6383160fc5b2/cache.tzst -P -C D:/a/AlbumHaven/AlbumHaven --force-local --use-compress-program "zstd -d"
Cache restored successfully
Cache restored from key: setup-python-Windows-x64-python-3.11.9-pip-0c6be4352e523693f41bb557265b0d204a2348bd0887365f0c4493752562bd14
##[group]Run npm ci
npm ci
shell: C:\Program Files\PowerShell\7\pwsh.EXE -command ". '{0}'"
env:
  ALBUM_HAVEN_EXPECTED_FFMPEG_VERSION: 7.1-essentials_build-www.gyan.dev
  ALBUM_HAVEN_FIXTURE_RELEASE: fixtures-v1.0.23
  ALBUM_HAVEN_FIXTURE_PROFILE: synthetic-large-library
  ALBUM_HAVEN_FIXTURE_ROOT: D:\a\_temp\album-haven-fixtures-60b32453a403451395664fb867c586d0
  ALBUM_HAVEN_MEDIA_ROOT: D:\a\_temp\album-haven-fixtures-60b32453a403451395664fb867c586d0\media
  pythonLocation: C:\hostedtoolcache\windows\Python\3.11.9\x64
  PKG_CONFIG_PATH: C:\hostedtoolcache\windows\Python\3.11.9\x64/lib/pkgconfig
  Python_ROOT_DIR: C:\hostedtoolcache\windows\Python\3.11.9\x64
  Python2_ROOT_DIR: C:\hostedtoolcache\windows\Python\3.11.9\x64
  Python3_ROOT_DIR: C:\hostedtoolcache\windows\Python\3.11.9\x64
##[endgroup]

added 3 packages, and audited 4 packages in 3s

found 0 vulnerabilities
##[group]Run python -m pip install --upgrade pip
python -m pip install --upgrade pip
python -m pip install -r requirements.txt
shell: C:\Program Files\PowerShell\7\pwsh.EXE -command ". '{0}'"
env:
  ALBUM_HAVEN_EXPECTED_FFMPEG_VERSION: 7.1-essentials_build-www.gyan.dev
  ALBUM_HAVEN_FIXTURE_RELEASE: fixtures-v1.0.23
  ALBUM_HAVEN_FIXTURE_PROFILE: synthetic-large-library
  ALBUM_HAVEN_FIXTURE_ROOT: D:\a\_temp\album-haven-fixtures-60b32453a403451395664fb867c586d0
  ALBUM_HAVEN_MEDIA_ROOT: D:\a\_temp\album-haven-fixtures-60b32453a403451395664fb867c586d0\media
  pythonLocation: C:\hostedtoolcache\windows\Python\3.11.9\x64
  PKG_CONFIG_PATH: C:\hostedtoolcache\windows\Python\3.11.9\x64/lib/pkgconfig
  Python_ROOT_DIR: C:\hostedtoolcache\windows\Python\3.11.9\x64
  Python2_ROOT_DIR: C:\hostedtoolcache\windows\Python\3.11.9\x64
  Python3_ROOT_DIR: C:\hostedtoolcache\windows\Python\3.11.9\x64
##[endgroup]
Requirement already satisfied: pip in C:\hostedtoolcache\windows\Python\3.11.9\x64\Lib\site-packages (26.2.1)
Collecting jinja2 (from -r requirements.txt (line 1))
  Using cached jinja2-3.1.6-py3-none-any.whl.metadata (2.9 kB)
Collecting markupsafe (from -r requirements.txt (line 2))
  Using cached markupsafe-3.0.3-cp311-cp311-win_amd64.whl.metadata (2.8 kB)
Collecting fastapi==0.115.6 (from -r requirements.txt (line 3))
  Using cached fastapi-0.115.6-py3-none-any.whl.metadata (27 kB)
Collecting uvicorn (from -r requirements.txt (line 4))
  Using cached uvicorn-0.53.0-py3-none-any.whl.metadata (6.6 kB)
Collecting websockets (from -r requirements.txt (line 5))
  Using cached websockets-17.1-cp311-cp311-win_amd64.whl.metadata (6.5 kB)
Collecting mutagen (from -r requirements.txt (line 6))
  Using cached mutagen-1.48.1-py3-none-any.whl.metadata (1.8 kB)
Collecting pillow (from -r requirements.txt (line 7))
  Using cached pillow-12.3.0-cp311-cp311-win_amd64.whl.metadata (9.3 kB)
Collecting imageio-ffmpeg==0.6.0 (from -r requirements.txt (line 8))
  Using cached imageio_ffmpeg-0.6.0-py3-none-win_amd64.whl.metadata (1.5 kB)
Collecting ytmusicapi (from -r requirements.txt (line 9))
  Using cached ytmusicapi-1.12.3-py3-none-any.whl.metadata (4.3 kB)
Collecting pytest (from -r requirements.txt (line 10))
  Using cached pytest-9.1.1-py3-none-any.whl.metadata (7.6 kB)
Collecting zstandard (from -r requirements.txt (line 12))
  Using cached zstandard-0.25.0-cp311-cp311-win_amd64.whl.metadata (3.3 kB)
Collecting argon2-cffi (from -r requirements.txt (line 13))
  Using cached argon2_cffi-25.1.0-py3-none-any.whl.metadata (4.1 kB)
Collecting aiosmtplib (from -r requirements.txt (line 14))
  Using cached aiosmtplib-5.1.3-py3-none-any.whl.metadata (3.6 kB)
Collecting cryptography>=42 (from -r requirements.txt (line 15))
  Using cached cryptography-50.0.1-cp311-abi3-win_amd64.whl.metadata (4.3 kB)
Collecting watchdog<7,>=4.0 (from -r requirements.txt (line 16))
  Using cached watchdog-6.0.0-py3-none-win_amd64.whl.metadata (44 kB)
Collecting psycopg[binary] (from -r requirements.txt (line 11))
  Downloading psycopg-3.3.6-py3-none-any.whl.metadata (4.4 kB)
Collecting starlette<0.42.0,>=0.40.0 (from fastapi==0.115.6->-r requirements.txt (line 3))
  Using cached starlette-0.41.3-py3-none-any.whl.metadata (6.0 kB)
Collecting pydantic!=1.8,!=1.8.1,!=2.0.0,!=2.0.1,!=2.1.0,<3.0.0,>=1.7.4 (from fastapi==0.115.6->-r requirements.txt (line 3))
  Using cached pydantic-2.13.5-py3-none-any.whl.metadata (110 kB)
Collecting typing-extensions>=4.8.0 (from fastapi==0.115.6->-r requirements.txt (line 3))
  Using cached typing_extensions-4.16.0-py3-none-any.whl.metadata (3.3 kB)
Collecting annotated-types>=0.6.0 (from pydantic!=1.8,!=1.8.1,!=2.0.0,!=2.0.1,!=2.1.0,<3.0.0,>=1.7.4->fastapi==0.115.6->-r requirements.txt (line 3))
  Using cached annotated_types-0.8.0-py3-none-any.whl.metadata (15 kB)
Collecting pydantic-core==2.46.5 (from pydantic!=1.8,!=1.8.1,!=2.0.0,!=2.0.1,!=2.1.0,<3.0.0,>=1.7.4->fastapi==0.115.6->-r requirements.txt (line 3))
  Using cached pydantic_core-2.46.5-cp311-cp311-win_amd64.whl.metadata (6.7 kB)
Collecting typing-inspection>=0.4.2 (from pydantic!=1.8,!=1.8.1,!=2.0.0,!=2.0.1,!=2.1.0,<3.0.0,>=1.7.4->fastapi==0.115.6->-r requirements.txt (line 3))
  Using cached typing_inspection-0.4.4-py3-none-any.whl.metadata (2.6 kB)
Collecting anyio<5,>=3.4.0 (from starlette<0.42.0,>=0.40.0->fastapi==0.115.6->-r requirements.txt (line 3))
  Using cached anyio-4.15.1-py3-none-any.whl.metadata (4.7 kB)
Collecting idna>=2.8 (from anyio<5,>=3.4.0->starlette<0.42.0,>=0.40.0->fastapi==0.115.6->-r requirements.txt (line 3))
  Using cached idna-3.20-py3-none-any.whl.metadata (7.2 kB)
Collecting click>=7.0 (from uvicorn->-r requirements.txt (line 4))
  Using cached click-8.5.0-py3-none-any.whl.metadata (2.6 kB)
Collecting h11>=0.8 (from uvicorn->-r requirements.txt (line 4))
  Using cached h11-0.16.0-py3-none-any.whl.metadata (8.3 kB)
Collecting requests>=2.22 (from ytmusicapi->-r requirements.txt (line 9))
  Using cached requests-2.34.2-py3-none-any.whl.metadata (4.8 kB)
Collecting colorama>=0.4 (from pytest->-r requirements.txt (line 10))
  Using cached colorama-0.4.6-py2.py3-none-any.whl.metadata (17 kB)
Collecting iniconfig>=1.0.1 (from pytest->-r requirements.txt (line 10))
  Using cached iniconfig-2.3.0-py3-none-any.whl.metadata (2.5 kB)
Collecting packaging>=22 (from pytest->-r requirements.txt (line 10))
  Using cached packaging-26.3-py3-none-any.whl.metadata (3.5 kB)
Collecting pluggy<2,>=1.5 (from pytest->-r requirements.txt (line 10))
  Using cached pluggy-1.6.0-py3-none-any.whl.metadata (4.8 kB)
Collecting pygments>=2.7.2 (from pytest->-r requirements.txt (line 10))
  Using cached pygments-2.21.0-py3-none-any.whl.metadata (2.5 kB)
Collecting tzdata (from psycopg[binary]->-r requirements.txt (line 11))
  Using cached tzdata-2026.4-py2.py3-none-any.whl.metadata (1.4 kB)
Collecting psycopg-binary==3.3.6 (from psycopg[binary]->-r requirements.txt (line 11))
  Downloading psycopg_binary-3.3.6-cp311-cp311-win_amd64.whl.metadata (2.8 kB)
Collecting argon2-cffi-bindings (from argon2-cffi->-r requirements.txt (line 13))
  Using cached argon2_cffi_bindings-26.1.0-cp310-abi3-win_amd64.whl.metadata (7.5 kB)
Collecting cffi>=2.0.0 (from cryptography>=42->-r requirements.txt (line 15))
  Using cached cffi-2.1.1-cp311-cp311-win_amd64.whl.metadata (2.6 kB)
Collecting pycparser (from cffi>=2.0.0->cryptography>=42->-r requirements.txt (line 15))
  Using cached pycparser-3.0-py3-none-any.whl.metadata (8.2 kB)
Collecting charset_normalizer<4,>=2 (from requests>=2.22->ytmusicapi->-r requirements.txt (line 9))
  Using cached charset_normalizer-3.5.1-cp311-cp311-win_amd64.whl.metadata (46 kB)
Collecting urllib3<3,>=1.26 (from requests>=2.22->ytmusicapi->-r requirements.txt (line 9))
  Using cached urllib3-2.8.0-py3-none-any.whl.metadata (7.4 kB)
Collecting certifi>=2023.5.7 (from requests>=2.22->ytmusicapi->-r requirements.txt (line 9))
  Using cached certifi-2026.7.22-py3-none-any.whl.metadata (2.5 kB)
Using cached fastapi-0.115.6-py3-none-any.whl (94 kB)
Using cached imageio_ffmpeg-0.6.0-py3-none-win_amd64.whl (31.2 MB)
Using cached watchdog-6.0.0-py3-none-win_amd64.whl (79 kB)
Using cached pydantic-2.13.5-py3-none-any.whl (472 kB)
Using cached pydantic_core-2.46.5-cp311-cp311-win_amd64.whl (2.0 MB)
Using cached starlette-0.41.3-py3-none-any.whl (73 kB)
Using cached anyio-4.15.1-py3-none-any.whl (132 kB)
Using cached jinja2-3.1.6-py3-none-any.whl (134 kB)
Using cached markupsafe-3.0.3-cp311-cp311-win_amd64.whl (15 kB)
Using cached uvicorn-0.53.0-py3-none-any.whl (87 kB)
Using cached websockets-17.1-cp311-cp311-win_amd64.whl (217 kB)
Using cached mutagen-1.48.1-py3-none-any.whl (195 kB)
Using cached pillow-12.3.0-cp311-cp311-win_amd64.whl (7.2 MB)
Using cached ytmusicapi-1.12.3-py3-none-any.whl (111 kB)
Using cached pytest-9.1.1-py3-none-any.whl (386 kB)
Using cached pluggy-1.6.0-py3-none-any.whl (20 kB)
Downloading psycopg-3.3.6-py3-none-any.whl (215 kB)
Downloading psycopg_binary-3.3.6-cp311-cp311-win_amd64.whl (3.7 MB)
   ---------------------------------------- 3.7/3.7 MB 43.8 MB/s  0:00:00
Using cached zstandard-0.25.0-cp311-cp311-win_amd64.whl (506 kB)
Using cached argon2_cffi-25.1.0-py3-none-any.whl (14 kB)
Using cached aiosmtplib-5.1.3-py3-none-any.whl (30 kB)
Using cached cryptography-50.0.1-cp311-abi3-win_amd64.whl (3.8 MB)
Using cached annotated_types-0.8.0-py3-none-any.whl (13 kB)
Using cached cffi-2.1.1-cp311-cp311-win_amd64.whl (185 kB)
Using cached click-8.5.0-py3-none-any.whl (125 kB)
Using cached colorama-0.4.6-py2.py3-none-any.whl (25 kB)
Using cached h11-0.16.0-py3-none-any.whl (37 kB)
Using cached idna-3.20-py3-none-any.whl (69 kB)
Using cached iniconfig-2.3.0-py3-none-any.whl (7.5 kB)
Using cached packaging-26.3-py3-none-any.whl (129 kB)
Using cached pygments-2.21.0-py3-none-any.whl (1.3 MB)
Using cached requests-2.34.2-py3-none-any.whl (73 kB)
Using cached charset_normalizer-3.5.1-cp311-cp311-win_amd64.whl (206 kB)
Using cached urllib3-2.8.0-py3-none-any.whl (135 kB)
Using cached certifi-2026.7.22-py3-none-any.whl (136 kB)
Using cached typing_extensions-4.16.0-py3-none-any.whl (45 kB)
Using cached typing_inspection-0.4.4-py3-none-any.whl (14 kB)
Using cached argon2_cffi_bindings-26.1.0-cp310-abi3-win_amd64.whl (25 kB)
Using cached pycparser-3.0-py3-none-any.whl (48 kB)
Using cached tzdata-2026.4-py2.py3-none-any.whl (347 kB)
Installing collected packages: zstandard, websockets, watchdog, urllib3, tzdata, typing-extensions, pygments, pycparser, psycopg-binary, pluggy, pillow, packaging, mutagen, markupsafe, iniconfig, imageio-ffmpeg, idna, h11, colorama, click, charset_normalizer, certifi, annotated-types, aiosmtplib, uvicorn, typing-inspection, requests, pytest, pydantic-core, psycopg, jinja2, cffi, anyio, ytmusicapi, starlette, pydantic, cryptography, argon2-cffi-bindings, fastapi, argon2-cffi

Successfully installed aiosmtplib-5.1.3 annotated-types-0.8.0 anyio-4.15.1 argon2-cffi-25.1.0 argon2-cffi-bindings-26.1.0 certifi-2026.7.22 cffi-2.1.1 charset_normalizer-3.5.1 click-8.5.0 colorama-0.4.6 cryptography-50.0.1 fastapi-0.115.6 h11-0.16.0 idna-3.20 imageio-ffmpeg-0.6.0 iniconfig-2.3.0 jinja2-3.1.6 markupsafe-3.0.3 mutagen-1.48.1 packaging-26.3 pillow-12.3.0 pluggy-1.6.0 psycopg-3.3.6 psycopg-binary-3.3.6 pycparser-3.0 pydantic-2.13.5 pydantic-core-2.46.5 pygments-2.21.0 pytest-9.1.1 requests-2.34.2 starlette-0.41.3 typing-extensions-4.16.0 typing-inspection-0.4.4 tzdata-2026.4 urllib3-2.8.0 uvicorn-0.53.0 watchdog-6.0.0 websockets-17.1 ytmusicapi-1.12.3 zstandard-0.25.0
##[group]Run browser-actions/setup-chrome@v2
with:
  chrome-version: 151.0.7922.138
  install-dependencies: false
  install-chromedriver: false
  no-sudo: false
env:
  ALBUM_HAVEN_EXPECTED_FFMPEG_VERSION: 7.1-essentials_build-www.gyan.dev
  ALBUM_HAVEN_FIXTURE_RELEASE: fixtures-v1.0.23
  ALBUM_HAVEN_FIXTURE_PROFILE: synthetic-large-library
  ALBUM_HAVEN_FIXTURE_ROOT: D:\a\_temp\album-haven-fixtures-60b32453a403451395664fb867c586d0
  ALBUM_HAVEN_MEDIA_ROOT: D:\a\_temp\album-haven-fixtures-60b32453a403451395664fb867c586d0\media
  pythonLocation: C:\hostedtoolcache\windows\Python\3.11.9\x64
  PKG_CONFIG_PATH: C:\hostedtoolcache\windows\Python\3.11.9\x64/lib/pkgconfig
  Python_ROOT_DIR: C:\hostedtoolcache\windows\Python\3.11.9\x64
  Python2_ROOT_DIR: C:\hostedtoolcache\windows\Python\3.11.9\x64
  Python3_ROOT_DIR: C:\hostedtoolcache\windows\Python\3.11.9\x64
##[endgroup]
Setup chrome 151.0.7922.138
Attempting to download chrome 151.0.7922.138...
Acquiring chrome 151.0.7922.138 from https://storage.googleapis.com/chrome-for-testing-public/151.0.7922.138/win64/chrome-win64.zip
Installing chrome...
[command]"C:\Program Files\PowerShell\7\pwsh.exe" -NoLogo -NoProfile -NonInteractive -ExecutionPolicy Unrestricted -Command "$ErrorActionPreference = 'Stop' ; try { Add-Type -AssemblyName System.IO.Compression.ZipFile } catch { } ; try { [System.IO.Compression.ZipFile]::ExtractToDirectory('D:\a\_temp\8dc69e09-2660-4183-b0cd-3e902ca5a1be', 'D:\a\_temp\a27ba1b8-6d16-4ad9-80ca-404c9f9e3fa6', $true) } catch { if (($_.Exception.GetType().FullName -eq 'System.Management.Automation.MethodException') -or ($_.Exception.GetType().FullName -eq 'System.Management.Automation.RuntimeException') ){ Expand-Archive -LiteralPath 'D:\a\_temp\8dc69e09-2660-4183-b0cd-3e902ca5a1be' -DestinationPath 'D:\a\_temp\a27ba1b8-6d16-4ad9-80ca-404c9f9e3fa6' -Force } else { throw $_ } } ;"
Successfully Installed chrome to C:\hostedtoolcache\windows\setup-chrome\chrome\151.0.7922.138\x64
[command]C:\Windows\System32\WindowsPowerShell\v1.0\powershell.exe -Command "(Get-Item (Get-Command 'C:\hostedtoolcache\windows\setup-chrome\chrome\151.0.7922.138\x64\chrome.exe').Source).VersionInfo.ProductVersion"
151.0.7922.138
Successfully setup chrome 151.0.7922.138
##[group]Run node scripts/ci/validate-performance-matrix.cjs --list
node scripts/ci/validate-performance-matrix.cjs --list
shell: C:\Program Files\PowerShell\7\pwsh.EXE -command ". '{0}'"
env:
  ALBUM_HAVEN_EXPECTED_FFMPEG_VERSION: 7.1-essentials_build-www.gyan.dev
  ALBUM_HAVEN_FIXTURE_RELEASE: fixtures-v1.0.23
  ALBUM_HAVEN_FIXTURE_PROFILE: synthetic-large-library
  ALBUM_HAVEN_FIXTURE_ROOT: D:\a\_temp\album-haven-fixtures-60b32453a403451395664fb867c586d0
  ALBUM_HAVEN_MEDIA_ROOT: D:\a\_temp\album-haven-fixtures-60b32453a403451395664fb867c586d0\media
  pythonLocation: C:\hostedtoolcache\windows\Python\3.11.9\x64
  PKG_CONFIG_PATH: C:\hostedtoolcache\windows\Python\3.11.9\x64/lib/pkgconfig
  Python_ROOT_DIR: C:\hostedtoolcache\windows\Python\3.11.9\x64
  Python2_ROOT_DIR: C:\hostedtoolcache\windows\Python\3.11.9\x64
  Python3_ROOT_DIR: C:\hostedtoolcache\windows\Python\3.11.9\x64
##[endgroup]
performance matrix: 4 profile runners, 19 targets, 26 cases
##[group]Run $releasedRoot = [IO.Path]::GetFullPath($env:ALBUM_HAVEN_FIXTURE_ROOT)
$releasedRoot = [IO.Path]::GetFullPath($env:ALBUM_HAVEN_FIXTURE_ROOT)
$approvedCoverRoot = Join-Path $releasedRoot "media\covers\approved"
if (-not (Test-Path -LiteralPath $approvedCoverRoot -PathType Container)) {
  throw "Generated performance targets require the verified released approved-cover seed."
}
"ALBUM_HAVEN_APPROVED_COVER_ROOT=$approvedCoverRoot" | Out-File `
  -FilePath $env:GITHUB_ENV -Append -Encoding utf8
"ALBUM_HAVEN_FIXTURE_ROOT= " | Out-File -FilePath $env:GITHUB_ENV -Append -Encoding utf8
"ALBUM_HAVEN_MEDIA_ROOT= " | Out-File -FilePath $env:GITHUB_ENV -Append -Encoding utf8
"ALBUM_HAVEN_FIXTURE_PROFILE=scan-library" | Out-File `
  -FilePath $env:GITHUB_ENV -Append -Encoding utf8
shell: C:\Program Files\PowerShell\7\pwsh.EXE -command ". '{0}'"
env:
  ALBUM_HAVEN_EXPECTED_FFMPEG_VERSION: 7.1-essentials_build-www.gyan.dev
  ALBUM_HAVEN_FIXTURE_RELEASE: fixtures-v1.0.23
  ALBUM_HAVEN_FIXTURE_PROFILE: synthetic-large-library
  ALBUM_HAVEN_FIXTURE_ROOT: D:\a\_temp\album-haven-fixtures-60b32453a403451395664fb867c586d0
  ALBUM_HAVEN_MEDIA_ROOT: D:\a\_temp\album-haven-fixtures-60b32453a403451395664fb867c586d0\media
  pythonLocation: C:\hostedtoolcache\windows\Python\3.11.9\x64
  PKG_CONFIG_PATH: C:\hostedtoolcache\windows\Python\3.11.9\x64/lib/pkgconfig
  Python_ROOT_DIR: C:\hostedtoolcache\windows\Python\3.11.9\x64
  Python2_ROOT_DIR: C:\hostedtoolcache\windows\Python\3.11.9\x64
  Python3_ROOT_DIR: C:\hostedtoolcache\windows\Python\3.11.9\x64
##[endgroup]
##[group]Run $env:PGPASSWORD = $null
$env:PGPASSWORD = $null
$env:PLAYWRIGHT_PYTHON = Join-Path $env:pythonLocation "python.exe"
.\scripts\ci\run-performance-shard.ps1 `
  -Targets "scan-cold,scan-cached,scan-add-album,scan-metadata,scan-page" `
  -FixtureProfile "scan-library" `
  -FixtureMode "generated-isolated" `
  -BasePort "4293" `
  -DatabaseSuffixBase "p_35408558207_1_3" `
  -ShardName "scan-library" `
  -Browser chrome `
  -PerformanceContract ci
shell: C:\Program Files\PowerShell\7\pwsh.EXE -command ". '{0}'"
env:
  ALBUM_HAVEN_EXPECTED_FFMPEG_VERSION: 7.1-essentials_build-www.gyan.dev
  ALBUM_HAVEN_FIXTURE_RELEASE: fixtures-v1.0.23
  ALBUM_HAVEN_FIXTURE_PROFILE: scan-library
  ALBUM_HAVEN_FIXTURE_ROOT:  
  ALBUM_HAVEN_MEDIA_ROOT:  
  pythonLocation: C:\hostedtoolcache\windows\Python\3.11.9\x64
  PKG_CONFIG_PATH: C:\hostedtoolcache\windows\Python\3.11.9\x64/lib/pkgconfig
  Python_ROOT_DIR: C:\hostedtoolcache\windows\Python\3.11.9\x64
  Python2_ROOT_DIR: C:\hostedtoolcache\windows\Python\3.11.9\x64
  Python3_ROOT_DIR: C:\hostedtoolcache\windows\Python\3.11.9\x64
  ALBUM_HAVEN_APPROVED_COVER_ROOT: D:\a\_temp\album-haven-fixtures-60b32453a403451395664fb867c586d0\media\covers\approved
  PLAYWRIGHT_CHROME_EXECUTABLE: C:\hostedtoolcache\windows\setup-chrome\chrome\151.0.7922.138\x64\chrome.exe
##[endgroup]
BEGIN
DO
CREATE ROLE
CREATE ROLE
CREATE ROLE
COMMIT
CREATE DATABASE
REVOKE
GRANT
GRANT
CREATE SCHEMA
CREATE SCHEMA
CREATE SCHEMA
CREATE SCHEMA
CREATE TABLE
CREATE TABLE
CREATE TABLE
CREATE INDEX
CREATE INDEX
CREATE TABLE
CREATE INDEX
CREATE INDEX
CREATE TABLE
CREATE INDEX
CREATE INDEX
CREATE TABLE
CREATE INDEX
CREATE INDEX
CREATE TABLE
CREATE INDEX
CREATE INDEX
CREATE INDEX
CREATE TABLE
CREATE INDEX
CREATE INDEX
CREATE TABLE
CREATE INDEX
CREATE INDEX
CREATE TABLE
CREATE INDEX
CREATE TABLE
CREATE INDEX
CREATE INDEX
CREATE TABLE
CREATE INDEX
CREATE INDEX
CREATE INDEX
CREATE INDEX
CREATE TABLE
CREATE INDEX
CREATE INDEX
CREATE INDEX
CREATE INDEX
CREATE INDEX
CREATE TABLE
CREATE INDEX
CREATE INDEX
CREATE INDEX
CREATE INDEX
CREATE INDEX
CREATE TABLE
CREATE INDEX
CREATE INDEX
CREATE INDEX
CREATE INDEX
CREATE INDEX
CREATE INDEX
CREATE TABLE
CREATE INDEX
CREATE INDEX
CREATE INDEX
CREATE TABLE
CREATE INDEX
CREATE INDEX
CREATE TABLE
CREATE INDEX
CREATE INDEX
CREATE TABLE
CREATE INDEX
CREATE INDEX
CREATE TABLE
CREATE INDEX
CREATE INDEX
CREATE TABLE
CREATE INDEX
CREATE INDEX
CREATE TABLE
CREATE INDEX
CREATE INDEX
CREATE INDEX
CREATE TABLE
CREATE INDEX
CREATE INDEX
CREATE INDEX
CREATE INDEX
CREATE TABLE
CREATE INDEX
CREATE INDEX
CREATE INDEX
CREATE INDEX
CREATE INDEX
CREATE TABLE
CREATE INDEX
CREATE TABLE
CREATE INDEX
CREATE TABLE
CREATE INDEX
CREATE INDEX
CREATE INDEX
CREATE INDEX
CREATE TABLE
CREATE INDEX
CREATE INDEX
CREATE TABLE
CREATE INDEX
CREATE INDEX
CREATE INDEX
CREATE INDEX
CREATE TABLE
CREATE INDEX
CREATE INDEX
CREATE INDEX
CREATE INDEX
CREATE TABLE
CREATE INDEX
CREATE INDEX
CREATE INDEX
CREATE TABLE
CREATE INDEX
CREATE TABLE
CREATE INDEX
CREATE INDEX
DO
DO
DO
DO
INSERT 0 1
CREATE TABLE
CREATE INDEX
CREATE INDEX
CREATE INDEX
CREATE INDEX
CREATE INDEX
CREATE INDEX
CREATE INDEX
DO
DO
DO
INSERT 0 1
ALTER TABLE
ALTER TABLE
ALTER TABLE
ALTER TABLE
CREATE INDEX
CREATE INDEX
CREATE INDEX
CREATE INDEX
CREATE INDEX
CREATE INDEX
CREATE INDEX
CREATE INDEX
INSERT 0 1
CREATE INDEX
CREATE INDEX
CREATE INDEX
INSERT 0 1
CREATE TABLE
INSERT 0 6
CREATE TABLE
CREATE INDEX
CREATE INDEX
CREATE TABLE
CREATE INDEX
CREATE INDEX
CREATE INDEX
DO
DO
INSERT 0 1
UPDATE 0
psql:D:/a/AlbumHaven/AlbumHaven/migrations/postgres/0006_scope_lastfm_sync_identities.sql:26: NOTICE:  index "lastfm_sessions_account_username_idx" does not exist, skipping
DROP INDEX
CREATE INDEX
psql:D:/a/AlbumHaven/AlbumHaven/migrations/postgres/0006_scope_lastfm_sync_identities.sql:31: NOTICE:  index "pending_scrobbles_source_identity_idx" does not exist, skipping
DROP INDEX
psql:D:/a/AlbumHaven/AlbumHaven/migrations/postgres/0006_scope_lastfm_sync_identities.sql:43: NOTICE:  relation "pending_scrobbles_source_identity_idx" already exists, skipping
CREATE INDEX
psql:D:/a/AlbumHaven/AlbumHaven/migrations/postgres/0006_scope_lastfm_sync_identities.sql:45: NOTICE:  index "scrobble_retry_state_source_identity_idx" does not exist, skipping
DROP INDEX
psql:D:/a/AlbumHaven/AlbumHaven/migrations/postgres/0006_scope_lastfm_sync_identities.sql:59: NOTICE:  relation "scrobble_retry_state_source_identity_idx" already exists, skipping
CREATE INDEX
INSERT 0 1
DROP INDEX
CREATE INDEX
INSERT 0 1
DROP INDEX
CREATE INDEX
INSERT 0 1
CREATE TABLE
CREATE INDEX
CREATE INDEX
DO
INSERT 0 1
CREATE TABLE
CREATE INDEX
CREATE INDEX
CREATE INDEX
CREATE TABLE
CREATE INDEX
CREATE INDEX
CREATE INDEX
DO
INSERT 0 1
CREATE TABLE
CREATE INDEX
CREATE INDEX
CREATE INDEX
DO
INSERT 0 1
CREATE TABLE
CREATE INDEX
CREATE INDEX
CREATE INDEX
DO
INSERT 0 1
CREATE TABLE
CREATE INDEX
CREATE INDEX
CREATE INDEX
DO
INSERT 0 1
UPDATE 0
INSERT 0 1
CREATE TABLE
CREATE INDEX
CREATE INDEX
CREATE INDEX
CREATE INDEX
CREATE INDEX
CREATE INDEX
DO
INSERT 0 1
DO
INSERT 0 1
CREATE TABLE
CREATE INDEX
INSERT 0 1
GRANT
INSERT 0 1
DROP INDEX
CREATE INDEX
UPDATE 0
INSERT 0 1
psql:D:/a/AlbumHaven/AlbumHaven/migrations/postgres/0019_create_local_album_featured_artists.sql:13: NOTICE:  relation "local_album_featured_artists" already exists, skipping
CREATE TABLE
psql:D:/a/AlbumHaven/AlbumHaven/migrations/postgres/0019_create_local_album_featured_artists.sql:16: NOTICE:  relation "local_album_featured_artists_library_id_idx" already exists, skipping
CREATE INDEX
psql:D:/a/AlbumHaven/AlbumHaven/migrations/postgres/0019_create_local_album_featured_artists.sql:19: NOTICE:  relation "local_album_featured_artists_album_id_idx" already exists, skipping
CREATE INDEX
psql:D:/a/AlbumHaven/AlbumHaven/migrations/postgres/0019_create_local_album_featured_artists.sql:22: NOTICE:  relation "local_album_featured_artists_artist_id_idx" already exists, skipping
CREATE INDEX
psql:D:/a/AlbumHaven/AlbumHaven/migrations/postgres/0019_create_local_album_featured_artists.sql:25: NOTICE:  relation "local_album_featured_artists_library_artist_idx" already exists, skipping
CREATE INDEX
psql:D:/a/AlbumHaven/AlbumHaven/migrations/postgres/0019_create_local_album_featured_artists.sql:28: NOTICE:  relation "local_album_featured_artists_identity_idx" already exists, skipping
CREATE INDEX
DO
INSERT 0 1
DO
INSERT 0 1
psql:D:/a/AlbumHaven/AlbumHaven/migrations/postgres/0021_add_problematic_file_generated_projection.sql:1: NOTICE:  index "local_track_files_active_track_projection_idx" does not exist, skipping
DROP INDEX
CREATE FUNCTION
REVOKE
DO
ALTER TABLE
ALTER TABLE
ALTER TABLE
INSERT 0 1
DROP INDEX
CREATE INDEX
DROP INDEX
CREATE INDEX
INSERT 0 1
CREATE FUNCTION
CREATE FUNCTION
CREATE FUNCTION
psql:D:/a/AlbumHaven/AlbumHaven/migrations/postgres/0023_link_local_track_files_to_library_***s.sql:162: NOTICE:  function library.windows_path_key(text) does not exist, skipping
DROP FUNCTION
CREATE FUNCTION
UPDATE 0
UPDATE 0
DO
REVOKE
REVOKE
REVOKE
REVOKE
DO
INSERT 0 1
CREATE EXTENSION
DO
INSERT 0 1
DO
INSERT 0 1
CREATE TABLE
CREATE INDEX
CREATE INDEX
DO
INSERT 0 1
DO
INSERT 0 1
DROP INDEX
CREATE INDEX
INSERT 0 1
psql:D:/a/AlbumHaven/AlbumHaven/migrations/postgres/0029_repair_lastfm_session_conflict_identity.sql:2: NOTICE:  relation "lastfm_sessions_account_username_idx" already exists, skipping
CREATE INDEX
INSERT 0 1
DROP TABLE
INSERT 0 1
CREATE INDEX
INSERT 0 1
DROP INDEX
CREATE INDEX
INSERT 0 1
psql:D:/a/AlbumHaven/AlbumHaven/migrations/postgres/0033_repair_section14_album_identity_corruption.sql:9: NOTICE:  schema "pg_temp" does not exist, skipping
DROP TABLE
CREATE TABLE
INSERT 0 0
INSERT 0 0
DO
SELECT 0
UPDATE 0
INSERT 0 0
DELETE 0
INSERT 0 0
DELETE 0
UPDATE 0
DELETE 0
UPDATE 0
DELETE 0
UPDATE 0
UPDATE 0
DELETE 0
DELETE 0
DELETE 0
DROP TABLE
DROP TABLE
INSERT 0 1
LOCK TABLE
psql:D:/a/AlbumHaven/AlbumHaven/migrations/postgres/0034_reconcile_semantic_local_albums.sql:8: NOTICE:  schema "pg_temp" does not exist, skipping
DROP TABLE
CREATE TABLE
INSERT 0 0
 id 
----
(0 rows)

UPDATE 0
INSERT 0 0
DELETE 0
INSERT 0 0
DELETE 0
UPDATE 0
INSERT 0 0
DELETE 0
INSERT 0 0
DELETE 0
UPDATE 0
UPDATE 0
DELETE 0
DROP TABLE
DO
INSERT 0 1
psql:D:/a/AlbumHaven/AlbumHaven/migrations/postgres/0035_enforce_semantic_local_album_identity.sql:7: NOTICE:  trigger "local_albums_semantic_identity_check" for relation "library.local_albums" does not exist, skipping
DROP TRIGGER
psql:D:/a/AlbumHaven/AlbumHaven/migrations/postgres/0035_enforce_semantic_local_album_identity.sql:9: NOTICE:  trigger "separate_releases_semantic_identity_check" for relation "library.separate_releases" does not exist, skipping
DROP TRIGGER
psql:D:/a/AlbumHaven/AlbumHaven/migrations/postgres/0035_enforce_semantic_local_album_identity.sql:11: NOTICE:  trigger "local_artists_semantic_identity_check" for relation "library.local_artists" does not exist, skipping
DROP TRIGGER
psql:D:/a/AlbumHaven/AlbumHaven/migrations/postgres/0035_enforce_semantic_local_album_identity.sql:13: NOTICE:  trigger "local_albums_semantic_identity_discriminator" for relation "library.local_albums" does not exist, skipping
psql:D:/a/AlbumHaven/AlbumHaven/migrations/postgres/0035_enforce_semantic_local_album_identity.sql:15: NOTICE:  trigger "separate_releases_semantic_identity_discriminator" for relation "library.separate_releases" does not exist, skipping
DROP TRIGGER
DROP TRIGGER
psql:D:/a/AlbumHaven/AlbumHaven/migrations/postgres/0035_enforce_semantic_local_album_identity.sql:17: NOTICE:  trigger "separate_releases_semantic_identity_reconciliation" for relation "library.separate_releases" does not exist, skipping
psql:D:/a/AlbumHaven/AlbumHaven/migrations/postgres/0035_enforce_semantic_local_album_identity.sql:19: NOTICE:  trigger "local_artists_semantic_identity_discriminator" for relation "library.local_artists" does not exist, skipping
DROP TRIGGER
DROP TRIGGER
psql:D:/a/AlbumHaven/AlbumHaven/migrations/postgres/0035_enforce_semantic_local_album_identity.sql:21: NOTICE:  trigger "separate_releases_inventory_publication_lock" for relation "library.separate_releases" does not exist, skipping
psql:D:/a/AlbumHaven/AlbumHaven/migrations/postgres/0035_enforce_semantic_local_album_identity.sql:23: NOTICE:  trigger "local_artists_inventory_publication_lock" for relation "library.local_artists" does not exist, skipping
DROP TRIGGER
DROP TRIGGER
psql:D:/a/AlbumHaven/AlbumHaven/migrations/postgres/0035_enforce_semantic_local_album_identity.sql:24: NOTICE:  function library.enforce_semantic_local_album_identity() does not exist, skipping
DROP FUNCTION
ALTER TABLE
CREATE FUNCTION
CREATE TRIGGER
CREATE TRIGGER
UPDATE 0
CREATE INDEX
CREATE FUNCTION
CREATE TRIGGER
CREATE FUNCTION
CREATE FUNCTION
CREATE TRIGGER
CREATE FUNCTION
CREATE TRIGGER
INSERT 0 1
CREATE INDEX
INSERT 0 1
CREATE INDEX
INSERT 0 1
CREATE INDEX
CREATE INDEX
DROP INDEX
psql:D:/a/AlbumHaven/AlbumHaven/migrations/postgres/0038_add_problematic_required_text_candidate.sql:25: NOTICE:  index "local_track_files_problem_candidate_v2_idx" does not exist, skipping
psql:D:/a/AlbumHaven/AlbumHaven/migrations/postgres/0038_add_problematic_required_text_candidate.sql:26: NOTICE:  index "local_track_files_problem_candidate_v3_idx" does not exist, skipping
DROP INDEX
DROP INDEX
psql:D:/a/AlbumHaven/AlbumHaven/migrations/postgres/0038_add_problematic_required_text_candidate.sql:27: NOTICE:  index "local_track_files_problem_candidate_v4_idx" does not exist, skipping
DROP INDEX
psql:D:/a/AlbumHaven/AlbumHaven/migrations/postgres/0038_add_problematic_required_text_candidate.sql:30: NOTICE:  column "scan_file_required_text_missing_candidate" of relation "local_track_files" does not exist, skipping
ALTER TABLE
INSERT 0 1
DO
INSERT 0 1
DO
INSERT 0 1
psql:D:/a/AlbumHaven/AlbumHaven/migrations/postgres/0041_create_local_album_cover_candidate_snapshots.sql:32: NOTICE:  identifier "local_album_cover_candidate_snapshots_automatic_improvement_revision_check" will be truncated to "local_album_cover_candidate_snapshots_automatic_improvement_rev"
psql:D:/a/AlbumHaven/AlbumHaven/migrations/postgres/0041_create_local_album_cover_candidate_snapshots.sql:32: NOTICE:  identifier "local_album_cover_candidate_snapshots_seen_automatic_improvement_revision_check" will be truncated to "local_album_cover_candidate_snapshots_seen_automatic_improvemen"
CREATE TABLE
UPDATE 0
DO
INSERT 0 1
ALTER TABLE
INSERT 0 1
CREATE TABLE
DO
INSERT 0 1
CREATE TABLE
CREATE INDEX
DO
INSERT 0 1
CREATE INDEX
INSERT 0 1
ALTER TABLE
UPDATE 0
ALTER TABLE
DO
CREATE INDEX
CREATE INDEX
CREATE TABLE
CREATE TABLE
CREATE INDEX
CREATE INDEX
CREATE INDEX
CREATE TABLE
CREATE INDEX
DO
ALTER TABLE
UPDATE 0
UPDATE 0
ALTER TABLE
DO
CREATE INDEX
CREATE TABLE
CREATE INDEX
CREATE INDEX
CREATE INDEX
CREATE TABLE
CREATE INDEX
CREATE INDEX
CREATE INDEX
CREATE INDEX
DO
INSERT 0 1
CREATE TABLE
CREATE INDEX
CREATE INDEX
DO
INSERT 0 1
ALTER TABLE
ALTER TABLE
CREATE TABLE
CREATE INDEX
CREATE INDEX
CREATE INDEX
DO
INSERT 0 1
DELETE 0
CREATE INDEX
INSERT 0 1
CREATE INDEX
INSERT 0 1
CREATE INDEX
INSERT 0 1
CREATE TABLE
CREATE INDEX
CREATE INDEX
CREATE INDEX
CREATE TABLE
CREATE INDEX
ALTER TABLE
CREATE INDEX
ALTER TABLE
ALTER TABLE
DO
INSERT 0 1
CREATE TABLE
DO
INSERT 0 1
ALTER TABLE
DO
INSERT 0 1
CREATE FUNCTION
REVOKE
DO
INSERT 0 1
ALTER TABLE
DO
INSERT 0 1
ALTER TABLE
CREATE FUNCTION
INSERT 0 0
UPDATE 0
DO
REVOKE
DO
INSERT 0 1
ALTER TABLE
DO
INSERT 0 1
ALTER TABLE
DO
INSERT 0 1
CREATE FUNCTION
CREATE FUNCTION
CREATE FUNCTION
ALTER TABLE
UPDATE 0
ALTER TABLE
ALTER TABLE
REVOKE
REVOKE
REVOKE
DO
INSERT 0 1
CREATE FUNCTION
REVOKE
DO
INSERT 0 1
DO
INSERT 0 1
CREATE FUNCTION
REVOKE
DO
INSERT 0 1
DO
INSERT 0 1
CREATE FUNCTION
INSERT 0 1
ALTER TABLE
ALTER TABLE
INSERT 0 1
CREATE INDEX
INSERT 0 1
CREATE TABLE
CREATE INDEX
UPDATE 0
UPDATE 0
INSERT 0 0
UPDATE 0
DO
INSERT 0 1
CREATE TABLE
CREATE TABLE
CREATE INDEX
CREATE INDEX
DO
INSERT 0 1
ALTER TABLE
INSERT 0 1
ALTER TABLE
ALTER TABLE
INSERT 0 1
ALTER TABLE
CREATE INDEX
INSERT 0 1
ALTER TABLE
ALTER TABLE
UPDATE 0
INSERT 0 1
WARNING:  no privileges were granted for "show_limit"
WARNING:  no privileges were granted for "show_trgm"
WARNING:  no privileges were granted for "set_limit"
WARNING:  no privileges were granted for "similarity"
WARNING:  no privileges were granted for "similarity_op"
WARNING:  no privileges were granted for "word_similarity"
WARNING:  no privileges were granted for "word_similarity_op"
WARNING:  no privileges were granted for "word_similarity_commutator_op"
WARNING:  no privileges were granted for "similarity_dist"
WARNING:  no privileges were granted for "word_similarity_dist_op"
WARNING:  no privileges were granted for "word_similarity_dist_commutator_op"
WARNING:  no privileges were granted for "gtrgm_in"
WARNING:  no privileges were granted for "gtrgm_out"
WARNING:  no privileges were granted for "gtrgm_consistent"
WARNING:  no privileges were granted for "gtrgm_distance"
WARNING:  no privileges were granted for "gtrgm_compress"
WARNING:  no privileges were granted for "gtrgm_decompress"
WARNING:  no privileges were granted for "gtrgm_penalty"
WARNING:  no privileges were granted for "gtrgm_picksplit"
WARNING:  no privileges were granted for "gtrgm_union"
WARNING:  no privileges were granted for "gtrgm_same"
WARNING:  no privileges were granted for "gin_extract_value_trgm"
WARNING:  no privileges were granted for "gin_extract_query_trgm"
WARNING:  no privileges were granted for "gin_trgm_consistent"
WARNING:  no privileges were granted for "gin_trgm_triconsistent"
WARNING:  no privileges were granted for "strict_word_similarity"
WARNING:  no privileges were granted for "strict_word_similarity_op"
WARNING:  no privileges were granted for "strict_word_similarity_commutator_op"
WARNING:  no privileges were granted for "strict_word_similarity_dist_op"
WARNING:  no privileges were granted for "strict_word_similarity_dist_commutator_op"
WARNING:  no privileges were granted for "gtrgm_options"
DO
BEGIN
CREATE SCHEMA
CREATE TABLE
INSERT 0 1
UPDATE 1
DELETE 1
 nextval 
---------
       2
(1 row)

ROLLBACK
DO
BEGIN
CREATE TABLE
INSERT 0 1
INSERT 0 1
UPDATE 1
ROLLBACK
DO
 ?column? 
----------
(0 rows)

DO
Prepared scan performance fixture at D:\a\_temp\album-haven-performance-shard-scan-library\prepared-profile\music.
D:\a\_temp\album-haven-performance-foundations\foundation-version-manifest-performance-scan-cold.json
=== Performance target: scan-cold ===
=== Performance run 1/1 for scan-cold ===
[performance-runner] target=scan-cold | attempt=1 | mode=headless | browser=chrome | scan_app_port=4293
Album Haven scan benchmark app listening on http://127.0.0.1:4293 with 1000 albums across 100 artists and 3 tracks per album for scenario cold

Running 1 test using 1 worker

[TEST] FTC-OPS-014 cold isolated scan captures loader, browse, and folder-threshold timings
  [STEP] Open the isolated app with no cache and wait for the scan loader
  [PASS] Open the isolated app with no cache and wait for the scan loader (1464 ms)
[scan-cold-local] Cold scan loader visible in 1465 ms | memory 2.5 MB (2569176 bytes)
  [STEP] Wait for launch-time discovery progress to be recorded
  [PASS] Wait for launch-time discovery progress to be recorded (0 ms)
[scan-cold-local] Scan discovery progress visible in 0 ms | memory 2.4 MB (2562480 bytes)
  [STEP] Wait for indexing progress to begin
  [PASS] Wait for indexing progress to begin (574 ms)
[scan-cold-local] Scan indexing progress visible in 2130 ms | memory 2.9 MB (3031116 bytes)
  [STEP] Wait for the elapsed timer to start counting on the scan page
  [PASS] Wait for the elapsed timer to start counting on the scan page (16 ms)
[scan-cold-local] Scan elapsed timer started in 2187 ms | memory 2.9 MB (3031460 bytes)
  [STEP] Explicitly open the Scan Page before browsing partial scan results
2026-09-19 00:15:01,186 [INFO] music_app: Relation projection startup readiness ready=true rebuilt=true reason=missing_projection builder_version=local-relation-builder-v9 source_row_count=0 duration_ms=214.72 source_load=9.69 fingerprint=0.05 pure_build=0.03 family_link_replacement=3.16 snapshot_publication=0.84
2026-09-19 00:15:07,885 [INFO] music_app: {"action": "Index request completed", "album_count": 0, "artist_count": 0, "bootstrap_mode": "empty_shell", "covers_in_progress": false, "elapsed_ms": 277.99, "hydrate_in_progress": false, "payload_elapsed_ms": 98.44, "query": "", "scan_in_progress": true, "selected_artist": ""}
2026-09-19 00:15:07,987 [INFO] music_app: {"action": "Library indexing started", "force": false}
2026-09-19 00:15:18,981 [INFO] music_app: {"action": "View payload built", "artist_groups": 42, "elapsed_ms": 372.54, "filtered_albums": 417, "non_album_entries": 0, "non_album_tracks": 0, "query": "", "selected_artist": "", "sidebar_artists": 42, "timings": {"artist_groups_ms": 189.04, "artists_sidebar_ms": 3.32, "casefold_alias_views_ms": 2.63, "ignored_version_keys_ms": 57.89, "manual_version_links_ms": 48.28, "non_album_candidate_build_ms": 1.93, "non_album_entries_ms": 2.04, "non_album_tracks_ms": 0.01, "***_artist_groups_build_ms": 189.02, "search_buckets_ms": 0.07, "total_ms": 372.54}, "total_albums": 417}
2026-09-19 00:15:19,048 [INFO] music_app: {"action": "View data request completed", "album_count": 417, "artist_count": 42, "elapsed_ms": 439.83, "query": "", "selected_artist": ""}
2026-09-19 00:15:33,292 [INFO] music_app: {"action": "View payload built", "artist_groups": 100, "elapsed_ms": 648.15, "filtered_albums": 1000, "non_album_entries": 0, "non_album_tracks": 0, "query": "", "selected_artist": "", "sidebar_artists": 100, "timings": {"artist_groups_ms": 231.52, "artists_sidebar_ms": 11.43, "casefold_alias_views_ms": 5.46, "ignored_version_keys_ms": 66.48, "manual_version_links_ms": 156.41, "non_album_candidate_build_ms": 5.91, "non_album_entries_ms": 6.18, "non_album_tracks_ms": 0.01, "***_artist_groups_build_ms": 231.38, "search_buckets_ms": 0.03, "total_ms": 648.15}, "total_albums": 1000}
2026-09-19 00:15:33,457 [INFO] music_app: {"action": "View data request completed", "album_count": 1000, "artist_count": 100, "elapsed_ms": 813.63, "query": "", "selected_artist": ""}
2026-09-19 00:15:34,530 [INFO] music_app: {"action": "View payload built", "artist_groups": 1, "elapsed_ms": 155.37, "filtered_albums": 1000, "non_album_entries": 0, "non_album_tracks": 0, "query": "", "selected_artist": "Scan Artist 003", "sidebar_artists": 0, "timings": {"artist_groups_ms": 70.72, "artists_sidebar_ms": 0.0, "casefold_alias_views_ms": 7.23, "ignored_version_keys_ms": 0.03, "manual_version_links_ms": 0.04, "non_album_candidate_build_ms": 4.3, "non_album_entries_ms": 4.33, "non_album_tracks_ms": 0.0, "search_buckets_ms": 0.02, "selected_artist_family_album_collection_ms": 0.0, "selected_artist_family_group_build_ms": 0.39, "selected_artist_primary_album_collection_ms": 16.71, "selected_artist_primary_group_build_ms": 1.72, "total_ms": 155.37}, "total_albums": 1000}
2026-09-19 00:15:34,581 [INFO] music_app: {"action": "View data request completed", "album_count": 10, "artist_count": 1, "elapsed_ms": 205.5, "query": "", "selected_artist": "Scan Artist 003"}
2026-09-19 00:15:39,047 [INFO] music_app: {"action": "View payload built", "artist_groups": 100, "elapsed_ms": 361.47, "filtered_albums": 1000, "non_album_entries": 0, "non_album_tracks": 0, "query": "", "selected_artist": "", "sidebar_artists": 0, "timings": {"artist_groups_ms": 126.09, "artists_sidebar_ms": 0.0, "casefold_alias_views_ms": 4.96, "ignored_version_keys_ms": 61.65, "manual_version_links_ms": 60.16, "non_album_candidate_build_ms": 5.27, "non_album_entries_ms": 5.72, "non_album_tracks_ms": 0.01, "***_artist_groups_build_ms": 126.07, "search_buckets_ms": 0.04, "total_ms": 361.47}, "total_albums": 1000}
2026-09-19 00:15:39,129 [INFO] music_app: {"action": "View data request completed", "album_count": 1000, "artist_count": 100, "elapsed_ms": 443.12, "query": "", "selected_artist": ""}
2026-09-19 00:15:42,883 [INFO] music_app: {"action": "Library indexing completed", "album_count": 1000, "file_count": 3000}
2026-09-19 00:15:42,885 [INFO] music_app: {"action": "Cover art refresh queued after indexing", "added_album_count": 1000}
2026-09-19 00:15:43,530 [VERBOSE] music_app: Cover jobs built total_folders=1000 queued=1000 skipped=0 skipped_samples=[]
2026-09-19 00:15:43,532 [VERBOSE] music_app: Cover refresh background job selection queued=0 user_owned=0 scan_generation=1 file_cache_entries=3000
2026-09-19 00:15:43,533 [INFO] music_app: {"action": "Cover art update completed", "album_count": 0, "downloaded": 0, "downloaded_paths": [], "failed": 0, "files": [], "mode": "background", "not_found": 0, "not_touched": 0, "processed": 0, "skipped": 0}
2026-09-19 00:15:45,316 [INFO] music_app: {"action": "Index request completed", "album_count": 0, "artist_count": 0, "bootstrap_mode": "fresh_preview", "covers_in_progress": false, "elapsed_ms": 931.47, "hydrate_in_progress": false, "payload_elapsed_ms": 817.69, "query": "", "scan_in_progress": false, "selected_artist": ""}
[playwright-wrapper-final-decision] {"wrapperExitCode":0,"attemptReturn":{"exitCode":0,"exitReason":"authoritative-pass"},"fakeDatabaseCleanup":{"status":"not-required","error":null},"scanAppCleanup":{"status":"completed","error":null},"isolatedAppCleanup":{"status":"not-required","error":null},"tempCleanup":{"status":"completed","error":null,"removedCount":0},"passivePortDiagnostics":[{"port":4293,"status":"completed","error":null,"ownerCount":0}],"finalSummary":{"phase":"run-final","status":"passed","total":1,"completed":1,"failed":0,"skipped":0,"errors":0,"listOnly":false},"exitReason":"authoritative-pass"}
  [PASS] Explicitly open the Scan Page before browsing partial scan results (365 ms)
  [STEP] Wait for enough partial results to expose the browse-during-scan button
  [PASS] Wait for enough partial results to expose the browse-during-scan button (8394 ms)
[scan-cold-local] Browse scanned library button visible during active scan in 11019 ms | memory 3.3 MB (3499820 bytes)
  [STEP] Use Browse Library and wait for the partial gallery plus visible covers
  [PASS] Use Browse Library and wait for the partial gallery plus visible covers (3737 ms)
[scan-cold-local] Partial browse gallery ready during active scan in 3737 ms | memory 5.0 MB (5270440 bytes)
  [STEP] Sample browse idle memory after the partial gallery settles
[scan-cold-local] Partial browse idle memory during active scan 5.0 MB (5292204 bytes)
  [PASS] Sample browse idle memory after the partial gallery settles (742 ms)
  [STEP] Read the first visible All artists count after partial browse
  [PASS] Read the first visible All artists count after partial browse (17 ms)
[scan-cold-local] Initial All artists count after partial browse: 42
[scan-cold-local] Scan state immediately after the first browse-during-scan load: active
  [STEP] Use the app-bar status menu to return to the scan page while the job is still active
  [PASS] Use the app-bar status menu to return to the scan page while the job is still active (514 ms)
[scan-cold-local] Returned to scan page during active scan in 514 ms | memory 5.5 MB (5816608 bytes)
[scan-cold-local] Scan page snapshot after returning from browse: Scanning music files | 1873 of 3000 files processed - 01 - Scan Track 1.mp3
  [STEP] Use Back during the active scan and immediately restore a complete top gallery
  [PASS] Use Back during the active scan and immediately restore a complete top gallery (259 ms)
  [STEP] Reopen Scan Page while the cold scan remains active
  [PASS] Reopen Scan Page while the cold scan remains active (235 ms)
  [STEP] Resume browse from the scan page and wait for the partial gallery to settle again
  [PASS] Resume browse from the scan page and wait for the partial gallery to settle again (251 ms)
  [STEP] Keep the resumed active-scan gallery complete and pinned to the top
  [PASS] Keep the resumed active-scan gallery complete and pinned to the top (527 ms)
[scan-cold-local] Returned from scan page back into partial browse in 251 ms | memory 5.3 MB (5545324 bytes)
  [STEP] Wait for the live All artists count to increase while the scan keeps running
  [PASS] Wait for the live All artists count to increase while the scan keeps running (8276 ms)
[scan-cold-local] All artists count increased while scan was still active in 8275 ms | memory 6.2 MB (6471612 bytes)
  [STEP] Select one visible artist from the partial browse tree
  [PASS] Select one visible artist from the partial browse tree (100 ms)
  [STEP] Wait for the selected artist gallery to become ready
  [PASS] Wait for the selected artist gallery to become ready (4096 ms)
[scan-cold-local] Partial browse selected artist "Scan Artist 003" ready in 4096 ms | memory 5.8 MB (6055088 bytes)
  [STEP] Return to All artists and wait for the partial gallery to settle again
  [PASS] Return to All artists and wait for the partial gallery to settle again (1136 ms)
[scan-cold-local] Returned to All artists during active scan in 1136 ms | memory 7.1 MB (7414724 bytes)
  [STEP] Sample idle memory after the selected-artist round-trip
[scan-cold-local] Partial browse round-trip idle memory 7.1 MB (7415856 bytes)
  [PASS] Sample idle memory after the selected-artist round-trip (606 ms)
  [STEP] Wait for the cold scan and any relation work to finish
  [PASS] Wait for the cold scan and any relation work to finish (6112 ms)
  [STEP] Fetch server-side scan samples and derive milestone timings
[scan-cold-local] Server sample reached 100 album folders in 8996 ms | memory 4.2 MB (4439964 bytes)
[scan-cold-local] Server sample reached 300 album folders in 12478 ms | memory 4.2 MB (4428172 bytes)
[scan-cold-local] Server sample reached 500 album folders in 17313 ms | memory 4.2 MB (4428220 bytes)
[scan-cold-local] Cold scan completion threshold in 40280 ms | memory 4.2 MB (4428220 bytes)
[scan-cold-local] 100-folder throughput snapshot: 120 folders in 8996 ms, 13.3 folders/s, ETA 26.8s
[scan-cold-local] 300-folder throughput snapshot: 302 folders in 12478 ms, 24.2 folders/s, ETA 13.3s
[scan-cold-local] 500-folder throughput snapshot: 505 folders in 17313 ms, 29.2 folders/s, ETA 12.6s
  [PASS] Fetch server-side scan samples and derive milestone timings (214 ms)
  ok 1 [scan-performance] › tests\e2e\scanPerformance\scanPerformance.spec.js:52:3 › isolated scan performance benchmarks › FTC-OPS-014 cold isolated scan captures loader, browse, and folder-threshold timings (41.8s)[playwright-performance-reporter] flush-complete

[album-haven-playwright-result] {"version":1,"phase":"tests-complete","nonce":"69f7f7998bfb8a7480859e48965681a1d810945f4f76c42df0852f900df96db3","status":"passed","total":1,"completed":1,"failed":0,"skipped":0,"errors":0}



[album-haven-playwright-result] {"version":1,"phase":"run-final","nonce":"69f7f7998bfb8a7480859e48965681a1d810945f4f76c42df0852f900df96db3","status":"passed","total":1,"completed":1,"failed":0,"skipped":0,"errors":0}
  1 passed (44.7s)

=== Playwright Summary ===
[✓] isolated scan performance benchmarks
  [✓] FTC-OPS-014 cold isolated scan captures loader, browse, and folder-threshold timings (41.8s)[playwright-performance-reporter] flush-complete

Overall: 1/1 passed

=== Playwright Summary ===
[✓] scan-cold
  [✓] FTC-OPS-014 cold isolated scan captures loader, browse, and folder-threshold timings (41.8s)[playwright-performance-reporter] flush-complete

Overall: 1/1 passed
D:\a\_temp\album-haven-performance-foundations\foundation-version-manifest-performance-scan-cached.json
=== Performance target: scan-cached ===
=== Performance run 1/1 for scan-cached ===
[performance-runner] target=scan-cached | attempt=1 | mode=headless | browser=chrome | scan_app_port=4301
Album Haven scan benchmark app listening on http://127.0.0.1:4301 with 1000 albums across 100 artists and 3 tracks per album for scenario cached

Running 1 test using 1 worker

[TEST] FTC-OPS-015 unchanged isolated cached startup stays effectively idle
  [STEP] Reload from the isolated cache and wait for browse-ready startup
  [PASS] Reload from the isolated cache and wait for browse-ready startup (2234 ms)
[scan-cached-local] Cached isolated startup ready in 2234 ms | memory 3.8 MB (3992268 bytes)
  [STEP] Sample idle memory after unchanged cached startup
[scan-cached-local] Cached startup idle memory 3.8 MB (3987980 bytes)
  [PASS] Sample idle memory after unchanged cached startup (691 ms)
[scan-cached-local] Visible scan state during unchanged cached startup: not-visible
  ok 1 [scan-performance] › tests\e2e\scanPerformance\scanPerformance.spec.js:445:3 › isolated scan performance benchmarks › FTC-OPS-015 unchanged isolated cached startup stays effectively idle (4.8s)[playwright-performance-reporter] flush-complete

[album-haven-playwright-result] {"version":1,"phase":"tests-complete","nonce":"1ea505aa0dea71210ce9cfcba6a821d48b25a5a54908ac61856cbbb08fc78029","status":"passed","total":1,"completed":1,"failed":0,"skipped":0,"errors":0}



[album-haven-playwright-result] {"version":1,"phase":"run-final","nonce":"1ea505aa0dea71210ce9cfcba6a821d48b25a5a54908ac61856cbbb08fc78029","status":"passed","total":1,"completed":1,"failed":0,"skipped":0,"errors":0}
  1 passed (7.4s)

=== Playwright Summary ===
[✓] isolated scan performance benchmarks
  [✓] FTC-OPS-015 unchanged isolated cached startup stays effectively idle (4.8s)[playwright-performance-reporter] flush-complete

Overall: 1/1 passed
2026-09-19 00:16:25,546 [INFO] music_app: Startup scan-cache hydration completed files=3000 albums=1000
2026-09-19 00:16:31,021 [INFO] music_app: {"action": "Index request completed", "album_count": 0, "artist_count": 0, "bootstrap_mode": "fresh_preview", "covers_in_progress": false, "elapsed_ms": 441.46, "hydrate_in_progress": false, "payload_elapsed_ms": 183.7, "query": "", "scan_in_progress": false, "selected_artist": ""}
[playwright-wrapper-final-decision] {"wrapperExitCode":0,"attemptReturn":{"exitCode":0,"exitReason":"authoritative-pass"},"fakeDatabaseCleanup":{"status":"not-required","error":null},"scanAppCleanup":{"status":"completed","error":null},"isolatedAppCleanup":{"status":"not-required","error":null},"tempCleanup":{"status":"completed","error":null,"removedCount":0},"passivePortDiagnostics":[{"port":4301,"status":"completed","error":null,"ownerCount":0}],"finalSummary":{"phase":"run-final","status":"passed","total":1,"completed":1,"failed":0,"skipped":0,"errors":0,"listOnly":false},"exitReason":"authoritative-pass"}

=== Playwright Summary ===
[✓] scan-cached
  [✓] FTC-OPS-015 unchanged isolated cached startup stays effectively idle (4.8s)[playwright-performance-reporter] flush-complete

Overall: 1/1 passed
D:\a\_temp\album-haven-performance-foundations\foundation-version-manifest-performance-scan-add-album.json
=== Performance target: scan-add-album ===
=== Performance run 1/1 for scan-add-album ===
[performance-runner] target=scan-add-album | attempt=1 | mode=headless | browser=chrome | scan_app_port=4309
Album Haven scan benchmark app listening on http://127.0.0.1:4309 with 1000 albums across 100 artists and 3 tracks per album for scenario add-album

Running 1 test using 1 worker

[TEST] FTC-OPS-016 isolated incremental scan surfaces one new album promptly
  [STEP] Click the production scan indicator and observe background scan start
  [PASS] Click the production scan indicator and observe background scan start (1055 ms)
[scan-add-album-local] Incremental new-album background scan started in 1055 ms | memory 3.9 MB (4075344 bytes)
  [STEP] Wait for the incremental rescan to finish
  [PASS] Wait for the incremental rescan to finish (9210 ms)
  [STEP] Select the auto-refreshed new artist and wait for its new album
  [PASS] Select the auto-refreshed new artist and wait for its new album (944 ms)
[scan-add-album-local] New album "Album 1001" visible after incremental scan in 11412 ms | memory 4.7 MB (4962616 bytes)
  [STEP] Sample idle memory after the new album appears
[scan-add-album-local] Incremental new-album idle memory 4.7 MB (4962268 bytes)
  [PASS] Sample idle memory after the new album appears (626 ms)
  ok 1 [scan-performance] › tests\e2e\scanPerformance\scanPerformance.spec.js:520:3 › isolated scan performance benchmarks › FTC-OPS-016 isolated incremental scan surfaces one new album promptly (15.7s)[playwright-performance-reporter] flush-complete

[album-haven-playwright-result] {"version":1,"phase":"tests-complete","nonce":"33fc200d879d46c6d3e9ad4fadc48328086ee6dfecf9431ab6623d628170c311","status":"passed","total":1,"completed":1,"failed":0,"skipped":0,"errors":0}



[album-haven-playwright-result] {"version":1,"phase":"run-final","nonce":"33fc200d879d46c6d3e9ad4fadc48328086ee6dfecf9431ab6623d628170c311","status":"passed","total":1,"completed":1,"failed":0,"skipped":0,"errors":0}
  1 passed (18.2s)

=== Playwright Summary ===
[✓] isolated scan performance benchmarks
  [✓] FTC-OPS-016 isolated incremental scan surfaces one new album promptly (15.7s)[playwright-performance-reporter] flush-complete

Overall: 1/1 passed
2026-09-19 00:17:09,600 [INFO] music_app: Startup scan-cache hydration completed files=3000 albums=1000
2026-09-19 00:17:15,092 [INFO] music_app: {"action": "Index request completed", "album_count": 0, "artist_count": 0, "bootstrap_mode": "fresh_preview", "covers_in_progress": false, "elapsed_ms": 396.56, "hydrate_in_progress": false, "payload_elapsed_ms": 174.79, "query": "", "scan_in_progress": false, "selected_artist": ""}
2026-09-19 00:17:17,128 [WARNING] music_app: refresh_api: payload keys=['full_rescan']
2026-09-19 00:17:17,203 [INFO] music_app: {"action": "Library indexing started", "force": true}
2026-09-19 00:17:26,118 [INFO] music_app: {"action": "Library indexing completed", "album_count": 1001, "file_count": 3003}
2026-09-19 00:17:26,120 [INFO] music_app: {"action": "Cover art refresh queued after indexing", "added_album_count": 1}
2026-09-19 00:17:26,762 [VERBOSE] music_app: Cover jobs built total_folders=1001 queued=1001 skipped=0 skipped_samples=[]
2026-09-19 00:17:26,764 [VERBOSE] music_app: Cover refresh background job selection queued=1 user_owned=0 scan_generation=1 file_cache_entries=3003
2026-09-19 00:17:26,825 [VERBOSE] music_app: Cover fetch queue item index=1 total=1 artist='Scan Artist 101' album='Album 1001' year=1995 folder='D:\\a\\_temp\\album-haven-performance-shard-scan-library\\prepared-profile\\music\\Scan Artist 101\\Album 1001' track_count=3 force_search=False
2026-09-19 00:17:26,826 [VERBOSE] music_app: Cover fetch processed artist='Scan Artist 101' album='Album 1001' folder='D:\\a\\_temp\\album-haven-performance-shard-scan-library\\prepared-profile\\music\\Scan Artist 101\\Album 1001' downloaded=False has_cover=False
2026-09-19 00:17:26,827 [INFO] music_app: {"action": "Cover art update completed", "album_count": 1, "downloaded": 0, "downloaded_paths": [], "failed": 0, "files": [], "mode": "background", "not_found": 0, "not_touched": 1, "processed": 1, "skipped": 1}
[playwright-wrapper-final-decision] {"wrapperExitCode":0,"attemptReturn":{"exitCode":0,"exitReason":"authoritative-pass"},"fakeDatabaseCleanup":{"status":"not-required","error":null},"scanAppCleanup":{"status":"completed","error":null},"isolatedAppCleanup":{"status":"not-required","error":null},"tempCleanup":{"status":"completed","error":null,"removedCount":0},"passivePortDiagnostics":[{"port":4309,"status":"completed","error":null,"ownerCount":0}],"finalSummary":{"phase":"run-final","status":"passed","total":1,"completed":1,"failed":0,"skipped":0,"errors":0,"listOnly":false},"exitReason":"authoritative-pass"}

=== Playwright Summary ===
[✓] scan-add-album
  [✓] FTC-OPS-016 isolated incremental scan surfaces one new album promptly (15.7s)[playwright-performance-reporter] flush-complete

Overall: 1/1 passed
D:\a\_temp\album-haven-performance-foundations\foundation-version-manifest-performance-scan-metadata.json
=== Performance target: scan-metadata ===
=== Performance run 1/1 for scan-metadata ===
[performance-runner] target=scan-metadata | attempt=1 | mode=headless | browser=chrome | scan_app_port=4317
Album Haven scan benchmark app listening on http://127.0.0.1:4317 with 1000 albums across 100 artists and 3 tracks per album for scenario metadata
2026-09-19 00:18:04,527 [INFO] music_app: Startup scan-cache hydration completed files=3000 albums=1000
2026-09-19 00:18:09,733 [INFO] music_app: {"action": "Index request completed", "album_count": 0, "artist_count": 0, "bootstrap_mode": "fresh_preview", "covers_in_progress": false, "elapsed_ms": 384.92, "hydrate_in_progress": false, "payload_elapsed_ms": 169.72, "query": "", "scan_in_progress": false, "selected_artist": ""}
2026-09-19 00:18:12,618 [WARNING] music_app: refresh_api: payload keys=['full_rescan']
2026-09-19 00:18:12,672 [INFO] music_app: {"action": "Library indexing started", "force": true}
2026-09-19 00:18:16,107 [INFO] music_app: {"action": "Postgres album search request started", "query": "Scan Artist 00"}
2026-09-19 00:18:16,308 [INFO] music_app: {"action": "View data request completed", "album_count": 10, "artist_count": 9, "elapsed_ms": 201.65, "query": "Scan Artist 00", "selected_artist": "Scan Artist 001"}
2026-09-19 00:18:23,356 [INFO] music_app: {"action": "Library indexing completed", "album_count": 1000, "file_count": 3000}
2026-09-19 00:18:23,357 [INFO] music_app: {"action": "Cover art refresh queued after indexing", "added_album_count": 1}
2026-09-19 00:18:24,055 [VERBOSE] music_app: Cover jobs built total_folders=1000 queued=1000 skipped=0 skipped_samples=[]
2026-09-19 00:18:24,056 [VERBOSE] music_app: Cover refresh background job selection queued=0 user_owned=0 scan_generation=1 file_cache_entries=3000
2026-09-19 00:18:24,057 [INFO] music_app: {"action": "Cover art update completed", "album_count": 0, "downloaded": 0, "downloaded_paths": [], "failed": 0, "files": [], "mode": "background", "not_found": 0, "not_touched": 0, "processed": 0, "skipped": 0}
[playwright-wrapper-final-decision] {"wrapperExitCode":0,"attemptReturn":{"exitCode":0,"exitReason":"authoritative-pass"},"fakeDatabaseCleanup":{"status":"not-required","error":null},"scanAppCleanup":{"status":"completed","error":null},"isolatedAppCleanup":{"status":"not-required","error":null},"tempCleanup":{"status":"completed","error":null,"removedCount":0},"passivePortDiagnostics":[{"port":4317,"status":"completed","error":null,"ownerCount":0}],"finalSummary":{"phase":"run-final","status":"passed","total":1,"completed":1,"failed":0,"skipped":0,"errors":0,"listOnly":false},"exitReason":"authoritative-pass"}

Running 1 test using 1 worker

[TEST] FTC-OPS-017 isolated incremental scan refreshes changed metadata promptly
  [STEP] Click the production scan indicator and observe metadata background scan start
  [PASS] Click the production scan indicator and observe metadata background scan start (527 ms)
[scan-metadata-local] Metadata-change background scan started in 526 ms | memory 4.6 MB (4775184 bytes)
  [STEP] Open the Scan Page while the cached incremental scan remains active
  [PASS] Open the Scan Page while the cached incremental scan remains active (228 ms)
  [STEP] Browse the cached library immediately during the active incremental scan
  [PASS] Browse the cached library immediately during the active incremental scan (396 ms)
  [STEP] Keep the regular-scan cached gallery complete and pinned to the top after Browse
  [PASS] Keep the regular-scan cached gallery complete and pinned to the top after Browse (552 ms)
[scan-metadata-local] Cached library browse ready during active metadata scan in 396 ms | memory 5.5 MB (5780100 bytes)
  [STEP] Keep the busy scan indicator left click inert with no refresh request or restart message
  [PASS] Keep the busy scan indicator left click inert with no refresh request or restart message (142 ms)
  [STEP] Keep the busy scan indicator right-click status menu available
  [PASS] Keep the busy scan indicator right-click status menu available (263 ms)
  [STEP] Open the existing metadata artist while the incremental scan remains active
  [PASS] Open the existing metadata artist while the incremental scan remains active (568 ms)
  [STEP] Open the Scan Page from Artist 001 while the metadata scan remains active
  [PASS] Open the Scan Page from Artist 001 while the metadata scan remains active (239 ms)
  [STEP] Search from Scan Page and wait for the complete Artist 001 result view
  [PASS] Search from Scan Page and wait for the complete Artist 001 result view (512 ms)
[scan-metadata-local] Search results and Artist 001 gallery ready during active metadata scan in 452.30000000074506 ms | memory 5.2 MB (5422720 bytes)
  [STEP] Reopen Scan Page and choose Artist 002 from the retained filtered tree
  [PASS] Reopen Scan Page and choose Artist 002 from the retained filtered tree (1410 ms)
  [STEP] Wait for the metadata rescan to finish
  [PASS] Wait for the metadata rescan to finish (6749 ms)
  [STEP] Keep the gallery visible through completion and any cover follow-up
  [PASS] Keep the gallery visible through completion and any cover follow-up (634 ms)
[scan-metadata-local] Changed album title "Album 001 Metadata Updated" visible after incremental scan in 12832 ms | memory 5.3 MB (5595224 bytes)
  [STEP] Sample idle memory after the metadata update appears
[scan-metadata-local] Metadata-change idle memory 5.3 MB (5603504 bytes)
  [PASS] Sample idle memory after the metadata update appears (581 ms)
  [STEP] Verify the gallery stayed visible through scan, relation, and cover follow-up
  [PASS] Verify the gallery stayed visible through scan, relation, and cover follow-up (5 ms)
  ok 1 [scan-performance] › tests\e2e\scanPerformance\scanPerformance.spec.js:616:3 › isolated scan performance benchmarks › FTC-OPS-017 isolated incremental scan refreshes changed metadata promptly (18.3s)[playwright-performance-reporter] flush-complete

[album-haven-playwright-result] {"version":1,"phase":"tests-complete","nonce":"858884f7d8285df3e67fbf0a808b46ddb15ee75e178ec75821902e6430639ff1","status":"passed","total":1,"completed":1,"failed":0,"skipped":0,"errors":0}



[album-haven-playwright-result] {"version":1,"phase":"run-final","nonce":"858884f7d8285df3e67fbf0a808b46ddb15ee75e178ec75821902e6430639ff1","status":"passed","total":1,"completed":1,"failed":0,"skipped":0,"errors":0}
  1 passed (20.9s)

=== Playwright Summary ===
[✓] isolated scan performance benchmarks
  [✓] FTC-OPS-017 isolated incremental scan refreshes changed metadata promptly (18.3s)[playwright-performance-reporter] flush-complete

Overall: 1/1 passed

=== Playwright Summary ===
[✓] scan-metadata
  [✓] FTC-OPS-017 isolated incremental scan refreshes changed metadata promptly (18.3s)[playwright-performance-reporter] flush-complete

Overall: 1/1 passed
D:\a\_temp\album-haven-performance-foundations\foundation-version-manifest-performance-scan-page.json
=== Performance target: scan-page ===
=== Performance run 1/1 for scan-page ===
[performance-runner] target=scan-page | attempt=1 | mode=headless | browser=chrome | scan_app_port=4325
Album Haven scan benchmark app listening on http://127.0.0.1:4325 with 1000 albums across 100 artists and 3 tracks per album for scenario add-album

Running 2 tests using 1 worker

2026-09-19 00:19:01,698 [INFO] music_app: Startup scan-cache hydration completed files=3000 albums=1000
2026-09-19 00:19:06,871 [INFO] music_app: {"action": "Index request completed", "album_count": 0, "artist_count": 0, "bootstrap_mode": "fresh_preview", "covers_in_progress": false, "elapsed_ms": 403.13, "hydrate_in_progress": false, "payload_elapsed_ms": 162.43, "query": "", "scan_in_progress": false, "selected_artist": ""}
2026-09-19 00:19:08,704 [INFO] music_app: {"action": "Postgres album search request started", "query": "Scan Artist 00"}
2026-09-19 00:19:08,901 [INFO] music_app: {"action": "View data request completed", "album_count": 10, "artist_count": 9, "elapsed_ms": 196.82, "query": "Scan Artist 00", "selected_artist": "Scan Artist 001"}
2026-09-19 00:19:09,208 [WARNING] music_app: refresh_api: payload keys=['full_rescan']
2026-09-19 00:19:09,261 [INFO] music_app: {"action": "Library indexing started", "force": true}
2026-09-19 00:19:18,451 [INFO] music_app: {"action": "Library indexing completed", "album_count": 1001, "file_count": 3003}
2026-09-19 00:19:18,453 [INFO] music_app: {"action": "Cover art refresh queued after indexing", "added_album_count": 1}
2026-09-19 00:19:19,358 [VERBOSE] music_app: Cover jobs built total_folders=1001 queued=1001 skipped=0 skipped_samples=[]
2026-09-19 00:19:19,359 [VERBOSE] music_app: Cover refresh background job selection queued=1 user_owned=0 scan_generation=1 file_cache_entries=3003
2026-09-19 00:19:19,412 [VERBOSE] music_app: Cover fetch queue item index=1 total=1 artist='Scan Artist 101' album='Album 1001' year=1995 folder='D:\\a\\_temp\\album-haven-performance-shard-scan-library\\prepared-profile\\music\\Scan Artist 101\\Album 1001' track_count=3 force_search=False
2026-09-19 00:19:19,414 [VERBOSE] music_app: Cover fetch processed artist='Scan Artist 101' album='Album 1001' folder='D:\\a\\_temp\\album-haven-performance-shard-scan-library\\prepared-profile\\music\\Scan Artist 101\\Album 1001' downloaded=False has_cover=False
2026-09-19 00:19:19,414 [INFO] music_app: {"action": "Cover art update completed", "album_count": 1, "downloaded": 0, "downloaded_paths": [], "failed": 0, "files": [], "mode": "background", "not_found": 0, "not_touched": 1, "processed": 1, "skipped": 1}
2026-09-19 00:19:21,876 [INFO] music_app: {"action": "Index request completed", "album_count": 0, "artist_count": 0, "bootstrap_mode": "fresh_preview", "covers_in_progress": false, "elapsed_ms": 275.24, "hydrate_in_progress": false, "payload_elapsed_ms": 159.36, "query": "", "scan_in_progress": false, "selected_artist": ""}
2026-09-19 00:19:23,502 [INFO] music_app: {"action": "Postgres album search request started", "query": "Scan Artist 00"}
2026-09-19 00:19:23,669 [INFO] music_app: {"action": "View data request completed", "album_count": 10, "artist_count": 9, "elapsed_ms": 167.1, "query": "Scan Artist 00", "selected_artist": "Scan Artist 001"}
2026-09-19 00:19:24,026 [WARNING] music_app: refresh_api: payload keys=['full_rescan']
2026-09-19 00:19:24,079 [INFO] music_app: {"action": "Library indexing started", "force": true}
2026-09-19 00:19:24,992 [INFO] music_app: {"action": "Library indexing cancelled"}
2026-09-19 00:19:26,263 [WARNING] music_app: refresh_api: payload keys=['full_rescan']
2026-09-19 00:19:26,324 [INFO] music_app: {"action": "Library indexing started", "force": true}
2026-09-19 00:19:27,227 [INFO] music_app: {"action": "Library indexing cancelled"}
[playwright-wrapper-final-decision] {"wrapperExitCode":0,"attemptReturn":{"exitCode":0,"exitReason":"authoritative-pass"},"fakeDatabaseCleanup":{"status":"not-required","error":null},"scanAppCleanup":{"status":"completed","error":null},"isolatedAppCleanup":{"status":"not-required","error":null},"tempCleanup":{"status":"completed","error":null,"removedCount":0},"passivePortDiagnostics":[{"port":4325,"status":"completed","error":null,"ownerCount":0}],"finalSummary":{"phase":"run-final","status":"passed","total":2,"completed":2,"failed":0,"skipped":0,"errors":0,"listOnly":false},"exitReason":"authoritative-pass"}
[TEST] FTC-OPS-003C explicit Scan Page preserves and restores browse context through idle
  [STEP] Open the cached generated library and establish a searchable gallery context
  [PASS] Open the cached generated library and establish a searchable gallery context (2717 ms)
  [STEP] Capture the visible query, tree, family, URL, and gallery scope
  [PASS] Capture the visible query, tree, family, URL, and gallery scope (43 ms)
  [NOTE] Generated scan fixture has no visible Artist Family; the exact absent family state remains part of the Back round trip.
  [STEP] Start a background incremental scan and explicitly open its Scan Page
  [PASS] Start a background incremental scan and explicitly open its Scan Page (384 ms)
  [STEP] Leave the explicit Scan Page open through scan, relation, cover, and idle phases
  [PASS] Leave the explicit Scan Page open through scan, relation, cover, and idle phases (11001 ms)
  [STEP] Keep the idle Full Rescan menu action available from the Scan Page
  [PASS] Keep the idle Full Rescan menu action available from the Scan Page (85 ms)
  [STEP] Use Back to immediately restore the complete prior query, tree, family, URL, and gallery
  [PASS] Use Back to immediately restore the complete prior query, tree, family, URL, and gallery (71 ms)
  [STEP] Keep the restored Back gallery complete and stable at the top
  [PASS] Keep the restored Back gallery complete and stable at the top (519 ms)
  ok 1 [scan-performance] › tests\e2e\scanPerformance\scanPerformance.spec.js:891:3 › isolated scan performance benchmarks › FTC-OPS-003C explicit Scan Page preserves and restores browse context through idle (16.4s)
[TEST] FTC-OPS-003E dedicated Scan Page cancels regular and full scans
  [STEP] Open a committed search with a selected artist and settled real covers before starting a cancellable regular scan
  [PASS] Open a committed search with a selected artist and settled real covers before starting a cancellable regular scan (2379 ms)
  [STEP] Open the active regular scan from the exact status-menu action
  [PASS] Open the active regular scan from the exact status-menu action (831 ms)
  [STEP] Verify the approved regular-scan actions and cancel with one request
  [PASS] Verify the approved regular-scan actions and cancel with one request (352 ms)
  [STEP] Use Back after cancellation and keep the retained real-cover gallery complete and stable
  [PASS] Use Back after cancellation and keep the retained real-cover gallery complete and stable (633 ms)
  [STEP] Start a full rescan and open it from the exact status-menu action
  [PASS] Start a full rescan and open it from the exact status-menu action (983 ms)
  [STEP] Verify the approved full-rescan actions and cancel with one request
  [PASS] Verify the approved full-rescan actions and cancel with one request (311 ms)
  [STEP] Leave the idle Scan Page with cancellation absent off-page
  [PASS] Leave the idle Scan Page with cancellation absent off-page (108 ms)
  ok 2 [scan-performance] › tests\e2e\scanPerformance\scanPerformance.spec.js:1004:3 › isolated scan performance benchmarks › FTC-OPS-003E dedicated Scan Page cancels regular and full scans (6.2s)
[album-haven-playwright-result] {"version":1,"phase":"tests-complete","nonce":"c824bd7854c1eea12af4f0b14600ea31a20898498b756a8aeb3fe812e5a1cb22","status":"passed","total":2,"completed":2,"failed":0,"skipped":0,"errors":0}



[album-haven-playwright-result] {"version":1,"phase":"run-final","nonce":"c824bd7854c1eea12af4f0b14600ea31a20898498b756a8aeb3fe812e5a1cb22","status":"passed","total":2,"completed":2,"failed":0,"skipped":0,"errors":0}
  2 passed (25.0s)

=== Playwright Summary ===
[✓] isolated scan performance benchmarks
  [✓] FTC-OPS-003C explicit Scan Page preserves and restores browse context through idle
  [✓] FTC-OPS-003E dedicated Scan Page cancels regular and full scans

Overall: 2/2 passed

=== Playwright Summary ===
[✓] scan-page
  [✓] FTC-OPS-003C explicit Scan Page preserves and restores browse context through idle
  [✓] FTC-OPS-003E dedicated Scan Page cancels regular and full scans

Overall: 2/2 passed
 pg_terminate_backend 
----------------------
(0 rows)

DROP DATABASE
DROP ROLE
DROP ROLE
DROP ROLE
Node 20 is being deprecated. This workflow is running with Node 24 by default. If you need to temporarily use Node 20, you can set the ACTIONS_ALLOW_USE_UNSECURE_NODE_VERSION=true environment variable. For more information see: https://github.blog/changelog/2025-09-19-deprecation-of-node-20-on-github-actions-runners/
##[group]Run actions/upload-artifact@v4
with:
  name: foundation-versions-performance-scan-cold-1
  path: D:\a\_temp\album-haven-performance-foundations\foundation-version-manifest-performance-scan-cold.json
  if-no-files-found: error
  retention-days: 14
  compression-level: 6
  overwrite: false
  include-hidden-files: false
env:
  ALBUM_HAVEN_EXPECTED_FFMPEG_VERSION: 7.1-essentials_build-www.gyan.dev
  ALBUM_HAVEN_FIXTURE_RELEASE: fixtures-v1.0.23
  ALBUM_HAVEN_FIXTURE_PROFILE: scan-library
  ALBUM_HAVEN_FIXTURE_ROOT:  
  ALBUM_HAVEN_MEDIA_ROOT:  
  pythonLocation: C:\hostedtoolcache\windows\Python\3.11.9\x64
  PKG_CONFIG_PATH: C:\hostedtoolcache\windows\Python\3.11.9\x64/lib/pkgconfig
  Python_ROOT_DIR: C:\hostedtoolcache\windows\Python\3.11.9\x64
  Python2_ROOT_DIR: C:\hostedtoolcache\windows\Python\3.11.9\x64
  Python3_ROOT_DIR: C:\hostedtoolcache\windows\Python\3.11.9\x64
  ALBUM_HAVEN_APPROVED_COVER_ROOT: D:\a\_temp\album-haven-fixtures-60b32453a403451395664fb867c586d0\media\covers\approved
  PGPASSFILE: D:\a\_temp\album-haven-postgres-p_35408558207_1_3.pgpass
  ALBUM_HAVEN_CI_DATABASE: album_haven_ci_p_35408558207_1_3
  DATABASE_MIGRATOR_URL: postgresql://album_haven_migrator_p_35408558207_1_3@127.0.0.1/album_haven_ci_p_35408558207_1_3
  DATABASE_APP_URL: postgresql://album_haven_app_p_35408558207_1_3@127.0.0.1/album_haven_ci_p_35408558207_1_3
  DATABASE_READONLY_URL: postgresql://album_haven_readonly_p_35408558207_1_3@127.0.0.1/album_haven_ci_p_35408558207_1_3
  ALBUM_HAVEN_FAKE_E2E_SETUP_DATABASE_URL: postgresql://album_haven_migrator_p_35408558207_1_3@127.0.0.1/album_haven_ci_p_35408558207_1_3
  ALBUM_HAVEN_FAKE_E2E_DATABASE_URL: postgresql://album_haven_app_p_35408558207_1_3@127.0.0.1/album_haven_ci_p_35408558207_1_3
  ALBUM_HAVEN_APP_DATABASE_URL: postgresql://album_haven_app_p_35408558207_1_3@127.0.0.1/album_haven_ci_p_35408558207_1_3
##[endgroup]
(node:6940) [DEP0040] DeprecationWarning: The `punycode` module is deprecated. Please use a userland alternative instead.
(Use `node --trace-deprecation ...` to show where the warning was created)
With the provided path, there will be 1 file uploaded
Artifact name is valid!
Root directory input is valid!
Beginning upload of artifact content to blob storage
(node:6940) [DEP0169] DeprecationWarning: `url.parse()` behavior is not standardized and prone to errors that have security implications. Use the WHATWG URL API instead. CVEs are not issued for `url.parse()` vulnerabilities.
Uploaded bytes 529
Finished uploading artifact content to blob storage!
SHA256 digest of uploaded artifact zip is 95d265a8e400bae73b371f5c0991e5e68b59a6359b0798e9a36f71a11bd86850
Finalizing artifact upload
Artifact foundation-versions-performance-scan-cold-1.zip successfully finalized. Artifact ID 10573478768
Artifact foundation-versions-performance-scan-cold-1 has been successfully uploaded! Final size is 529 bytes. Artifact ID is 10573478768
Artifact download URL: https://github.com/idanilovqa/AlbumHaven/actions/runs/35408558207/artifacts/10573478768
Node 20 is being deprecated. This workflow is running with Node 24 by default. If you need to temporarily use Node 20, you can set the ACTIONS_ALLOW_USE_UNSECURE_NODE_VERSION=true environment variable. For more information see: https://github.blog/changelog/2025-09-19-deprecation-of-node-20-on-github-actions-runners/
##[group]Run actions/upload-artifact@v4
with:
  name: performance-result-scan-cold-1
  path: test-results/playwright-performance-targets/scan-cold
  if-no-files-found: error
  retention-days: 14
  compression-level: 6
  overwrite: false
  include-hidden-files: false
env:
  ALBUM_HAVEN_EXPECTED_FFMPEG_VERSION: 7.1-essentials_build-www.gyan.dev
  ALBUM_HAVEN_FIXTURE_RELEASE: fixtures-v1.0.23
  ALBUM_HAVEN_FIXTURE_PROFILE: scan-library
  ALBUM_HAVEN_FIXTURE_ROOT:  
  ALBUM_HAVEN_MEDIA_ROOT:  
  pythonLocation: C:\hostedtoolcache\windows\Python\3.11.9\x64
  PKG_CONFIG_PATH: C:\hostedtoolcache\windows\Python\3.11.9\x64/lib/pkgconfig
  Python_ROOT_DIR: C:\hostedtoolcache\windows\Python\3.11.9\x64
  Python2_ROOT_DIR: C:\hostedtoolcache\windows\Python\3.11.9\x64
  Python3_ROOT_DIR: C:\hostedtoolcache\windows\Python\3.11.9\x64
  ALBUM_HAVEN_APPROVED_COVER_ROOT: D:\a\_temp\album-haven-fixtures-60b32453a403451395664fb867c586d0\media\covers\approved
  PGPASSFILE: D:\a\_temp\album-haven-postgres-p_35408558207_1_3.pgpass
  ALBUM_HAVEN_CI_DATABASE: album_haven_ci_p_35408558207_1_3
  DATABASE_MIGRATOR_URL: postgresql://album_haven_migrator_p_35408558207_1_3@127.0.0.1/album_haven_ci_p_35408558207_1_3
  DATABASE_APP_URL: postgresql://album_haven_app_p_35408558207_1_3@127.0.0.1/album_haven_ci_p_35408558207_1_3
  DATABASE_READONLY_URL: postgresql://album_haven_readonly_p_35408558207_1_3@127.0.0.1/album_haven_ci_p_35408558207_1_3
  ALBUM_HAVEN_FAKE_E2E_SETUP_DATABASE_URL: postgresql://album_haven_migrator_p_35408558207_1_3@127.0.0.1/album_haven_ci_p_35408558207_1_3
  ALBUM_HAVEN_FAKE_E2E_DATABASE_URL: postgresql://album_haven_app_p_35408558207_1_3@127.0.0.1/album_haven_ci_p_35408558207_1_3
  ALBUM_HAVEN_APP_DATABASE_URL: postgresql://album_haven_app_p_35408558207_1_3@127.0.0.1/album_haven_ci_p_35408558207_1_3
##[endgroup]
(node:6284) [DEP0040] DeprecationWarning: The `punycode` module is deprecated. Please use a userland alternative instead.
(Use `node --trace-deprecation ...` to show where the warning was created)
With the provided path, there will be 12 files uploaded
Artifact name is valid!
Root directory input is valid!
Beginning upload of artifact content to blob storage
(node:6284) [DEP0169] DeprecationWarning: `url.parse()` behavior is not standardized and prone to errors that have security implications. Use the WHATWG URL API instead. CVEs are not issued for `url.parse()` vulnerabilities.
Uploaded bytes 73177
Finished uploading artifact content to blob storage!
SHA256 digest of uploaded artifact zip is 615977c408a880463ef7a2f6457e11bc62badbb6977d3bf8e3378fe69bee1c1e
Finalizing artifact upload
Artifact performance-result-scan-cold-1.zip successfully finalized. Artifact ID 10573219170
Artifact performance-result-scan-cold-1 has been successfully uploaded! Final size is 73177 bytes. Artifact ID is 10573219170
Artifact download URL: https://github.com/idanilovqa/AlbumHaven/actions/runs/35408558207/artifacts/10573219170
Node 20 is being deprecated. This workflow is running with Node 24 by default. If you need to temporarily use Node 20, you can set the ACTIONS_ALLOW_USE_UNSECURE_NODE_VERSION=true environment variable. For more information see: https://github.blog/changelog/2025-09-19-deprecation-of-node-20-on-github-actions-runners/
##[group]Run actions/upload-artifact@v4
with:
  name: foundation-versions-performance-scan-cached-1
  path: D:\a\_temp\album-haven-performance-foundations\foundation-version-manifest-performance-scan-cached.json
  if-no-files-found: error
  retention-days: 14
  compression-level: 6
  overwrite: false
  include-hidden-files: false
env:
  ALBUM_HAVEN_EXPECTED_FFMPEG_VERSION: 7.1-essentials_build-www.gyan.dev
  ALBUM_HAVEN_FIXTURE_RELEASE: fixtures-v1.0.23
  ALBUM_HAVEN_FIXTURE_PROFILE: scan-library
  ALBUM_HAVEN_FIXTURE_ROOT:  
  ALBUM_HAVEN_MEDIA_ROOT:  
  pythonLocation: C:\hostedtoolcache\windows\Python\3.11.9\x64
  PKG_CONFIG_PATH: C:\hostedtoolcache\windows\Python\3.11.9\x64/lib/pkgconfig
  Python_ROOT_DIR: C:\hostedtoolcache\windows\Python\3.11.9\x64
  Python2_ROOT_DIR: C:\hostedtoolcache\windows\Python\3.11.9\x64
  Python3_ROOT_DIR: C:\hostedtoolcache\windows\Python\3.11.9\x64
  ALBUM_HAVEN_APPROVED_COVER_ROOT: D:\a\_temp\album-haven-fixtures-60b32453a403451395664fb867c586d0\media\covers\approved
  PGPASSFILE: D:\a\_temp\album-haven-postgres-p_35408558207_1_3.pgpass
  ALBUM_HAVEN_CI_DATABASE: album_haven_ci_p_35408558207_1_3
  DATABASE_MIGRATOR_URL: postgresql://album_haven_migrator_p_35408558207_1_3@127.0.0.1/album_haven_ci_p_35408558207_1_3
  DATABASE_APP_URL: postgresql://album_haven_app_p_35408558207_1_3@127.0.0.1/album_haven_ci_p_35408558207_1_3
  DATABASE_READONLY_URL: postgresql://album_haven_readonly_p_35408558207_1_3@127.0.0.1/album_haven_ci_p_35408558207_1_3
  ALBUM_HAVEN_FAKE_E2E_SETUP_DATABASE_URL: postgresql://album_haven_migrator_p_35408558207_1_3@127.0.0.1/album_haven_ci_p_35408558207_1_3
  ALBUM_HAVEN_FAKE_E2E_DATABASE_URL: postgresql://album_haven_app_p_35408558207_1_3@127.0.0.1/album_haven_ci_p_35408558207_1_3
  ALBUM_HAVEN_APP_DATABASE_URL: postgresql://album_haven_app_p_35408558207_1_3@127.0.0.1/album_haven_ci_p_35408558207_1_3
##[endgroup]
(node:8964) [DEP0040] DeprecationWarning: The `punycode` module is deprecated. Please use a userland alternative instead.
(Use `node --trace-deprecation ...` to show where the warning was created)
With the provided path, there will be 1 file uploaded
Artifact name is valid!
Root directory input is valid!
Beginning upload of artifact content to blob storage
(node:8964) [DEP0169] DeprecationWarning: `url.parse()` behavior is not standardized and prone to errors that have security implications. Use the WHATWG URL API instead. CVEs are not issued for `url.parse()` vulnerabilities.
Uploaded bytes 533
Finished uploading artifact content to blob storage!
SHA256 digest of uploaded artifact zip is 0bb5d0f04777ed99e72289de96090b83d09be6972d305cbc9a535b5a8ba33281
Finalizing artifact upload
Artifact foundation-versions-performance-scan-cached-1.zip successfully finalized. Artifact ID 10573329060
Artifact foundation-versions-performance-scan-cached-1 has been successfully uploaded! Final size is 533 bytes. Artifact ID is 10573329060
Artifact download URL: https://github.com/idanilovqa/AlbumHaven/actions/runs/35408558207/artifacts/10573329060
Node 20 is being deprecated. This workflow is running with Node 24 by default. If you need to temporarily use Node 20, you can set the ACTIONS_ALLOW_USE_UNSECURE_NODE_VERSION=true environment variable. For more information see: https://github.blog/changelog/2025-09-19-deprecation-of-node-20-on-github-actions-runners/
##[group]Run actions/upload-artifact@v4
with:
  name: performance-result-scan-cached-1
  path: test-results/playwright-performance-targets/scan-cached
  if-no-files-found: error
  retention-days: 14
  compression-level: 6
  overwrite: false
  include-hidden-files: false
env:
  ALBUM_HAVEN_EXPECTED_FFMPEG_VERSION: 7.1-essentials_build-www.gyan.dev
  ALBUM_HAVEN_FIXTURE_RELEASE: fixtures-v1.0.23
  ALBUM_HAVEN_FIXTURE_PROFILE: scan-library
  ALBUM_HAVEN_FIXTURE_ROOT:  
  ALBUM_HAVEN_MEDIA_ROOT:  
  pythonLocation: C:\hostedtoolcache\windows\Python\3.11.9\x64
  PKG_CONFIG_PATH: C:\hostedtoolcache\windows\Python\3.11.9\x64/lib/pkgconfig
  Python_ROOT_DIR: C:\hostedtoolcache\windows\Python\3.11.9\x64
  Python2_ROOT_DIR: C:\hostedtoolcache\windows\Python\3.11.9\x64
  Python3_ROOT_DIR: C:\hostedtoolcache\windows\Python\3.11.9\x64
  ALBUM_HAVEN_APPROVED_COVER_ROOT: D:\a\_temp\album-haven-fixtures-60b32453a403451395664fb867c586d0\media\covers\approved
  PGPASSFILE: D:\a\_temp\album-haven-postgres-p_35408558207_1_3.pgpass
  ALBUM_HAVEN_CI_DATABASE: album_haven_ci_p_35408558207_1_3
  DATABASE_MIGRATOR_URL: postgresql://album_haven_migrator_p_35408558207_1_3@127.0.0.1/album_haven_ci_p_35408558207_1_3
  DATABASE_APP_URL: postgresql://album_haven_app_p_35408558207_1_3@127.0.0.1/album_haven_ci_p_35408558207_1_3
  DATABASE_READONLY_URL: postgresql://album_haven_readonly_p_35408558207_1_3@127.0.0.1/album_haven_ci_p_35408558207_1_3
  ALBUM_HAVEN_FAKE_E2E_SETUP_DATABASE_URL: postgresql://album_haven_migrator_p_35408558207_1_3@127.0.0.1/album_haven_ci_p_35408558207_1_3
  ALBUM_HAVEN_FAKE_E2E_DATABASE_URL: postgresql://album_haven_app_p_35408558207_1_3@127.0.0.1/album_haven_ci_p_35408558207_1_3
  ALBUM_HAVEN_APP_DATABASE_URL: postgresql://album_haven_app_p_35408558207_1_3@127.0.0.1/album_haven_ci_p_35408558207_1_3
##[endgroup]
(node:4224) [DEP0040] DeprecationWarning: The `punycode` module is deprecated. Please use a userland alternative instead.
(Use `node --trace-deprecation ...` to show where the warning was created)
With the provided path, there will be 10 files uploaded
Artifact name is valid!
Root directory input is valid!
Beginning upload of artifact content to blob storage
(node:4224) [DEP0169] DeprecationWarning: `url.parse()` behavior is not standardized and prone to errors that have security implications. Use the WHATWG URL API instead. CVEs are not issued for `url.parse()` vulnerabilities.
Uploaded bytes 48420
Finished uploading artifact content to blob storage!
SHA256 digest of uploaded artifact zip is c8a0631ad2a7c586fed96a4bfc01603edecab4a32c61ad2dad89f227d4643d18
Finalizing artifact upload
Artifact performance-result-scan-cached-1.zip successfully finalized. Artifact ID 10572939201
Artifact performance-result-scan-cached-1 has been successfully uploaded! Final size is 48420 bytes. Artifact ID is 10572939201
Artifact download URL: https://github.com/idanilovqa/AlbumHaven/actions/runs/35408558207/artifacts/10572939201
Node 20 is being deprecated. This workflow is running with Node 24 by default. If you need to temporarily use Node 20, you can set the ACTIONS_ALLOW_USE_UNSECURE_NODE_VERSION=true environment variable. For more information see: https://github.blog/changelog/2025-09-19-deprecation-of-node-20-on-github-actions-runners/
##[group]Run actions/upload-artifact@v4
with:
  name: foundation-versions-performance-scan-add-album-1
  path: D:\a\_temp\album-haven-performance-foundations\foundation-version-manifest-performance-scan-add-album.json
  if-no-files-found: error
  retention-days: 14
  compression-level: 6
  overwrite: false
  include-hidden-files: false
env:
  ALBUM_HAVEN_EXPECTED_FFMPEG_VERSION: 7.1-essentials_build-www.gyan.dev
  ALBUM_HAVEN_FIXTURE_RELEASE: fixtures-v1.0.23
  ALBUM_HAVEN_FIXTURE_PROFILE: scan-library
  ALBUM_HAVEN_FIXTURE_ROOT:  
  ALBUM_HAVEN_MEDIA_ROOT:  
  pythonLocation: C:\hostedtoolcache\windows\Python\3.11.9\x64
  PKG_CONFIG_PATH: C:\hostedtoolcache\windows\Python\3.11.9\x64/lib/pkgconfig
  Python_ROOT_DIR: C:\hostedtoolcache\windows\Python\3.11.9\x64
  Python2_ROOT_DIR: C:\hostedtoolcache\windows\Python\3.11.9\x64
  Python3_ROOT_DIR: C:\hostedtoolcache\windows\Python\3.11.9\x64
  ALBUM_HAVEN_APPROVED_COVER_ROOT: D:\a\_temp\album-haven-fixtures-60b32453a403451395664fb867c586d0\media\covers\approved
  PGPASSFILE: D:\a\_temp\album-haven-postgres-p_35408558207_1_3.pgpass
  ALBUM_HAVEN_CI_DATABASE: album_haven_ci_p_35408558207_1_3
  DATABASE_MIGRATOR_URL: postgresql://album_haven_migrator_p_35408558207_1_3@127.0.0.1/album_haven_ci_p_35408558207_1_3
  DATABASE_APP_URL: postgresql://album_haven_app_p_35408558207_1_3@127.0.0.1/album_haven_ci_p_35408558207_1_3
  DATABASE_READONLY_URL: postgresql://album_haven_readonly_p_35408558207_1_3@127.0.0.1/album_haven_ci_p_35408558207_1_3
  ALBUM_HAVEN_FAKE_E2E_SETUP_DATABASE_URL: postgresql://album_haven_migrator_p_35408558207_1_3@127.0.0.1/album_haven_ci_p_35408558207_1_3
  ALBUM_HAVEN_FAKE_E2E_DATABASE_URL: postgresql://album_haven_app_p_35408558207_1_3@127.0.0.1/album_haven_ci_p_35408558207_1_3
  ALBUM_HAVEN_APP_DATABASE_URL: postgresql://album_haven_app_p_35408558207_1_3@127.0.0.1/album_haven_ci_p_35408558207_1_3
##[endgroup]
(node:7704) [DEP0040] DeprecationWarning: The `punycode` module is deprecated. Please use a userland alternative instead.
(Use `node --trace-deprecation ...` to show where the warning was created)
With the provided path, there will be 1 file uploaded
Artifact name is valid!
Root directory input is valid!
Beginning upload of artifact content to blob storage
(node:7704) [DEP0169] DeprecationWarning: `url.parse()` behavior is not standardized and prone to errors that have security implications. Use the WHATWG URL API instead. CVEs are not issued for `url.parse()` vulnerabilities.
Uploaded bytes 539
Finished uploading artifact content to blob storage!
SHA256 digest of uploaded artifact zip is fcd7a57aabeeac8ee62bf06b1d02d0bd0e5c3dca7649e4017c76aafaf9a6bf90
Finalizing artifact upload
Artifact foundation-versions-performance-scan-add-album-1.zip successfully finalized. Artifact ID 10573079131
Artifact foundation-versions-performance-scan-add-album-1 has been successfully uploaded! Final size is 539 bytes. Artifact ID is 10573079131
Artifact download URL: https://github.com/idanilovqa/AlbumHaven/actions/runs/35408558207/artifacts/10573079131
Node 20 is being deprecated. This workflow is running with Node 24 by default. If you need to temporarily use Node 20, you can set the ACTIONS_ALLOW_USE_UNSECURE_NODE_VERSION=true environment variable. For more information see: https://github.blog/changelog/2025-09-19-deprecation-of-node-20-on-github-actions-runners/
##[group]Run actions/upload-artifact@v4
with:
  name: performance-result-scan-add-album-1
  path: test-results/playwright-performance-targets/scan-add-album
  if-no-files-found: error
  retention-days: 14
  compression-level: 6
  overwrite: false
  include-hidden-files: false
env:
  ALBUM_HAVEN_EXPECTED_FFMPEG_VERSION: 7.1-essentials_build-www.gyan.dev
  ALBUM_HAVEN_FIXTURE_RELEASE: fixtures-v1.0.23
  ALBUM_HAVEN_FIXTURE_PROFILE: scan-library
  ALBUM_HAVEN_FIXTURE_ROOT:  
  ALBUM_HAVEN_MEDIA_ROOT:  
  pythonLocation: C:\hostedtoolcache\windows\Python\3.11.9\x64
  PKG_CONFIG_PATH: C:\hostedtoolcache\windows\Python\3.11.9\x64/lib/pkgconfig
  Python_ROOT_DIR: C:\hostedtoolcache\windows\Python\3.11.9\x64
  Python2_ROOT_DIR: C:\hostedtoolcache\windows\Python\3.11.9\x64
  Python3_ROOT_DIR: C:\hostedtoolcache\windows\Python\3.11.9\x64
  ALBUM_HAVEN_APPROVED_COVER_ROOT: D:\a\_temp\album-haven-fixtures-60b32453a403451395664fb867c586d0\media\covers\approved
  PGPASSFILE: D:\a\_temp\album-haven-postgres-p_35408558207_1_3.pgpass
  ALBUM_HAVEN_CI_DATABASE: album_haven_ci_p_35408558207_1_3
  DATABASE_MIGRATOR_URL: postgresql://album_haven_migrator_p_35408558207_1_3@127.0.0.1/album_haven_ci_p_35408558207_1_3
  DATABASE_APP_URL: postgresql://album_haven_app_p_35408558207_1_3@127.0.0.1/album_haven_ci_p_35408558207_1_3
  DATABASE_READONLY_URL: postgresql://album_haven_readonly_p_35408558207_1_3@127.0.0.1/album_haven_ci_p_35408558207_1_3
  ALBUM_HAVEN_FAKE_E2E_SETUP_DATABASE_URL: postgresql://album_haven_migrator_p_35408558207_1_3@127.0.0.1/album_haven_ci_p_35408558207_1_3
  ALBUM_HAVEN_FAKE_E2E_DATABASE_URL: postgresql://album_haven_app_p_35408558207_1_3@127.0.0.1/album_haven_ci_p_35408558207_1_3
  ALBUM_HAVEN_APP_DATABASE_URL: postgresql://album_haven_app_p_35408558207_1_3@127.0.0.1/album_haven_ci_p_35408558207_1_3
##[endgroup]
(node:7232) [DEP0040] DeprecationWarning: The `punycode` module is deprecated. Please use a userland alternative instead.
(Use `node --trace-deprecation ...` to show where the warning was created)
With the provided path, there will be 10 files uploaded
Artifact name is valid!
Root directory input is valid!
Beginning upload of artifact content to blob storage
(node:7232) [DEP0169] DeprecationWarning: `url.parse()` behavior is not standardized and prone to errors that have security implications. Use the WHATWG URL API instead. CVEs are not issued for `url.parse()` vulnerabilities.
Uploaded bytes 51694
Finished uploading artifact content to blob storage!
SHA256 digest of uploaded artifact zip is 7a8fd8bfca52b09028dbf62a0e97d3feb3bdfbff67291473cfe914d876b56fab
Finalizing artifact upload
Artifact performance-result-scan-add-album-1.zip successfully finalized. Artifact ID 10573239028
Artifact performance-result-scan-add-album-1 has been successfully uploaded! Final size is 51694 bytes. Artifact ID is 10573239028
Artifact download URL: https://github.com/idanilovqa/AlbumHaven/actions/runs/35408558207/artifacts/10573239028
Node 20 is being deprecated. This workflow is running with Node 24 by default. If you need to temporarily use Node 20, you can set the ACTIONS_ALLOW_USE_UNSECURE_NODE_VERSION=true environment variable. For more information see: https://github.blog/changelog/2025-09-19-deprecation-of-node-20-on-github-actions-runners/
##[group]Run actions/upload-artifact@v4
with:
  name: foundation-versions-performance-scan-metadata-1
  path: D:\a\_temp\album-haven-performance-foundations\foundation-version-manifest-performance-scan-metadata.json
  if-no-files-found: error
  retention-days: 14
  compression-level: 6
  overwrite: false
  include-hidden-files: false
env:
  ALBUM_HAVEN_EXPECTED_FFMPEG_VERSION: 7.1-essentials_build-www.gyan.dev
  ALBUM_HAVEN_FIXTURE_RELEASE: fixtures-v1.0.23
  ALBUM_HAVEN_FIXTURE_PROFILE: scan-library
  ALBUM_HAVEN_FIXTURE_ROOT:  
  ALBUM_HAVEN_MEDIA_ROOT:  
  pythonLocation: C:\hostedtoolcache\windows\Python\3.11.9\x64
  PKG_CONFIG_PATH: C:\hostedtoolcache\windows\Python\3.11.9\x64/lib/pkgconfig
  Python_ROOT_DIR: C:\hostedtoolcache\windows\Python\3.11.9\x64
  Python2_ROOT_DIR: C:\hostedtoolcache\windows\Python\3.11.9\x64
  Python3_ROOT_DIR: C:\hostedtoolcache\windows\Python\3.11.9\x64
  ALBUM_HAVEN_APPROVED_COVER_ROOT: D:\a\_temp\album-haven-fixtures-60b32453a403451395664fb867c586d0\media\covers\approved
  PGPASSFILE: D:\a\_temp\album-haven-postgres-p_35408558207_1_3.pgpass
  ALBUM_HAVEN_CI_DATABASE: album_haven_ci_p_35408558207_1_3
  DATABASE_MIGRATOR_URL: postgresql://album_haven_migrator_p_35408558207_1_3@127.0.0.1/album_haven_ci_p_35408558207_1_3
  DATABASE_APP_URL: postgresql://album_haven_app_p_35408558207_1_3@127.0.0.1/album_haven_ci_p_35408558207_1_3
  DATABASE_READONLY_URL: postgresql://album_haven_readonly_p_35408558207_1_3@127.0.0.1/album_haven_ci_p_35408558207_1_3
  ALBUM_HAVEN_FAKE_E2E_SETUP_DATABASE_URL: postgresql://album_haven_migrator_p_35408558207_1_3@127.0.0.1/album_haven_ci_p_35408558207_1_3
  ALBUM_HAVEN_FAKE_E2E_DATABASE_URL: postgresql://album_haven_app_p_35408558207_1_3@127.0.0.1/album_haven_ci_p_35408558207_1_3
  ALBUM_HAVEN_APP_DATABASE_URL: postgresql://album_haven_app_p_35408558207_1_3@127.0.0.1/album_haven_ci_p_35408558207_1_3
##[endgroup]
(node:1992) [DEP0040] DeprecationWarning: The `punycode` module is deprecated. Please use a userland alternative instead.
(Use `node --trace-deprecation ...` to show where the warning was created)
With the provided path, there will be 1 file uploaded
Artifact name is valid!
Root directory input is valid!
Beginning upload of artifact content to blob storage
(node:1992) [DEP0169] DeprecationWarning: `url.parse()` behavior is not standardized and prone to errors that have security implications. Use the WHATWG URL API instead. CVEs are not issued for `url.parse()` vulnerabilities.
Uploaded bytes 537
Finished uploading artifact content to blob storage!
SHA256 digest of uploaded artifact zip is 14e6ba4454b46965bbbcc89d9ce13be29556f38f4f9bfd9034b3c50848360c58
Finalizing artifact upload
Artifact foundation-versions-performance-scan-metadata-1.zip successfully finalized. Artifact ID 10573089212
Artifact foundation-versions-performance-scan-metadata-1 has been successfully uploaded! Final size is 537 bytes. Artifact ID is 10573089212
Artifact download URL: https://github.com/idanilovqa/AlbumHaven/actions/runs/35408558207/artifacts/10573089212
Node 20 is being deprecated. This workflow is running with Node 24 by default. If you need to temporarily use Node 20, you can set the ACTIONS_ALLOW_USE_UNSECURE_NODE_VERSION=true environment variable. For more information see: https://github.blog/changelog/2025-09-19-deprecation-of-node-20-on-github-actions-runners/
##[group]Run actions/upload-artifact@v4
with:
  name: performance-result-scan-metadata-1
  path: test-results/playwright-performance-targets/scan-metadata
  if-no-files-found: error
  retention-days: 14
  compression-level: 6
  overwrite: false
  include-hidden-files: false
env:
  ALBUM_HAVEN_EXPECTED_FFMPEG_VERSION: 7.1-essentials_build-www.gyan.dev
  ALBUM_HAVEN_FIXTURE_RELEASE: fixtures-v1.0.23
  ALBUM_HAVEN_FIXTURE_PROFILE: scan-library
  ALBUM_HAVEN_FIXTURE_ROOT:  
  ALBUM_HAVEN_MEDIA_ROOT:  
  pythonLocation: C:\hostedtoolcache\windows\Python\3.11.9\x64
  PKG_CONFIG_PATH: C:\hostedtoolcache\windows\Python\3.11.9\x64/lib/pkgconfig
  Python_ROOT_DIR: C:\hostedtoolcache\windows\Python\3.11.9\x64
  Python2_ROOT_DIR: C:\hostedtoolcache\windows\Python\3.11.9\x64
  Python3_ROOT_DIR: C:\hostedtoolcache\windows\Python\3.11.9\x64
  ALBUM_HAVEN_APPROVED_COVER_ROOT: D:\a\_temp\album-haven-fixtures-60b32453a403451395664fb867c586d0\media\covers\approved
  PGPASSFILE: D:\a\_temp\album-haven-postgres-p_35408558207_1_3.pgpass
  ALBUM_HAVEN_CI_DATABASE: album_haven_ci_p_35408558207_1_3
  DATABASE_MIGRATOR_URL: postgresql://album_haven_migrator_p_35408558207_1_3@127.0.0.1/album_haven_ci_p_35408558207_1_3
  DATABASE_APP_URL: postgresql://album_haven_app_p_35408558207_1_3@127.0.0.1/album_haven_ci_p_35408558207_1_3
  DATABASE_READONLY_URL: postgresql://album_haven_readonly_p_35408558207_1_3@127.0.0.1/album_haven_ci_p_35408558207_1_3
  ALBUM_HAVEN_FAKE_E2E_SETUP_DATABASE_URL: postgresql://album_haven_migrator_p_35408558207_1_3@127.0.0.1/album_haven_ci_p_35408558207_1_3
  ALBUM_HAVEN_FAKE_E2E_DATABASE_URL: postgresql://album_haven_app_p_35408558207_1_3@127.0.0.1/album_haven_ci_p_35408558207_1_3
  ALBUM_HAVEN_APP_DATABASE_URL: postgresql://album_haven_app_p_35408558207_1_3@127.0.0.1/album_haven_ci_p_35408558207_1_3
##[endgroup]
(node:6740) [DEP0040] DeprecationWarning: The `punycode` module is deprecated. Please use a userland alternative instead.
(Use `node --trace-deprecation ...` to show where the warning was created)
With the provided path, there will be 10 files uploaded
Artifact name is valid!
Root directory input is valid!
Beginning upload of artifact content to blob storage
(node:6740) [DEP0169] DeprecationWarning: `url.parse()` behavior is not standardized and prone to errors that have security implications. Use the WHATWG URL API instead. CVEs are not issued for `url.parse()` vulnerabilities.
Uploaded bytes 54578
Finished uploading artifact content to blob storage!
SHA256 digest of uploaded artifact zip is 05855e6bcbb780c810d8f471fec611e625d015a0075dac520461fdf0f0286e79
Finalizing artifact upload
Artifact performance-result-scan-metadata-1.zip successfully finalized. Artifact ID 10573840894
Artifact performance-result-scan-metadata-1 has been successfully uploaded! Final size is 54578 bytes. Artifact ID is 10573840894
Artifact download URL: https://github.com/idanilovqa/AlbumHaven/actions/runs/35408558207/artifacts/10573840894
Node 20 is being deprecated. This workflow is running with Node 24 by default. If you need to temporarily use Node 20, you can set the ACTIONS_ALLOW_USE_UNSECURE_NODE_VERSION=true environment variable. For more information see: https://github.blog/changelog/2025-09-19-deprecation-of-node-20-on-github-actions-runners/
##[group]Run actions/upload-artifact@v4
with:
  name: foundation-versions-performance-scan-page-1
  path: D:\a\_temp\album-haven-performance-foundations\foundation-version-manifest-performance-scan-page.json
  if-no-files-found: error
  retention-days: 14
  compression-level: 6
  overwrite: false
  include-hidden-files: false
env:
  ALBUM_HAVEN_EXPECTED_FFMPEG_VERSION: 7.1-essentials_build-www.gyan.dev
  ALBUM_HAVEN_FIXTURE_RELEASE: fixtures-v1.0.23
  ALBUM_HAVEN_FIXTURE_PROFILE: scan-library
  ALBUM_HAVEN_FIXTURE_ROOT:  
  ALBUM_HAVEN_MEDIA_ROOT:  
  pythonLocation: C:\hostedtoolcache\windows\Python\3.11.9\x64
  PKG_CONFIG_PATH: C:\hostedtoolcache\windows\Python\3.11.9\x64/lib/pkgconfig
  Python_ROOT_DIR: C:\hostedtoolcache\windows\Python\3.11.9\x64
  Python2_ROOT_DIR: C:\hostedtoolcache\windows\Python\3.11.9\x64
  Python3_ROOT_DIR: C:\hostedtoolcache\windows\Python\3.11.9\x64
  ALBUM_HAVEN_APPROVED_COVER_ROOT: D:\a\_temp\album-haven-fixtures-60b32453a403451395664fb867c586d0\media\covers\approved
  PGPASSFILE: D:\a\_temp\album-haven-postgres-p_35408558207_1_3.pgpass
  ALBUM_HAVEN_CI_DATABASE: album_haven_ci_p_35408558207_1_3
  DATABASE_MIGRATOR_URL: postgresql://album_haven_migrator_p_35408558207_1_3@127.0.0.1/album_haven_ci_p_35408558207_1_3
  DATABASE_APP_URL: postgresql://album_haven_app_p_35408558207_1_3@127.0.0.1/album_haven_ci_p_35408558207_1_3
  DATABASE_READONLY_URL: postgresql://album_haven_readonly_p_35408558207_1_3@127.0.0.1/album_haven_ci_p_35408558207_1_3
  ALBUM_HAVEN_FAKE_E2E_SETUP_DATABASE_URL: postgresql://album_haven_migrator_p_35408558207_1_3@127.0.0.1/album_haven_ci_p_35408558207_1_3
  ALBUM_HAVEN_FAKE_E2E_DATABASE_URL: postgresql://album_haven_app_p_35408558207_1_3@127.0.0.1/album_haven_ci_p_35408558207_1_3
  ALBUM_HAVEN_APP_DATABASE_URL: postgresql://album_haven_app_p_35408558207_1_3@127.0.0.1/album_haven_ci_p_35408558207_1_3
##[endgroup]
(node:1304) [DEP0040] DeprecationWarning: The `punycode` module is deprecated. Please use a userland alternative instead.
(Use `node --trace-deprecation ...` to show where the warning was created)
With the provided path, there will be 1 file uploaded
Artifact name is valid!
Root directory input is valid!
Beginning upload of artifact content to blob storage
(node:1304) [DEP0169] DeprecationWarning: `url.parse()` behavior is not standardized and prone to errors that have security implications. Use the WHATWG URL API instead. CVEs are not issued for `url.parse()` vulnerabilities.
Uploaded bytes 529
Finished uploading artifact content to blob storage!
SHA256 digest of uploaded artifact zip is 60cfbaec85e571ba269409754cdd7c55abe02809fdf315b2af65f73cb1df922f
Finalizing artifact upload
Artifact foundation-versions-performance-scan-page-1.zip successfully finalized. Artifact ID 10573004213
Artifact foundation-versions-performance-scan-page-1 has been successfully uploaded! Final size is 529 bytes. Artifact ID is 10573004213
Artifact download URL: https://github.com/idanilovqa/AlbumHaven/actions/runs/35408558207/artifacts/10573004213
Node 20 is being deprecated. This workflow is running with Node 24 by default. If you need to temporarily use Node 20, you can set the ACTIONS_ALLOW_USE_UNSECURE_NODE_VERSION=true environment variable. For more information see: https://github.blog/changelog/2025-09-19-deprecation-of-node-20-on-github-actions-runners/
##[group]Run actions/upload-artifact@v4
with:
  name: performance-result-scan-page-1
  path: test-results/playwright-performance-targets/scan-page
  if-no-files-found: error
  retention-days: 14
  compression-level: 6
  overwrite: false
  include-hidden-files: false
env:
  ALBUM_HAVEN_EXPECTED_FFMPEG_VERSION: 7.1-essentials_build-www.gyan.dev
  ALBUM_HAVEN_FIXTURE_RELEASE: fixtures-v1.0.23
  ALBUM_HAVEN_FIXTURE_PROFILE: scan-library
  ALBUM_HAVEN_FIXTURE_ROOT:  
  ALBUM_HAVEN_MEDIA_ROOT:  
  pythonLocation: C:\hostedtoolcache\windows\Python\3.11.9\x64
  PKG_CONFIG_PATH: C:\hostedtoolcache\windows\Python\3.11.9\x64/lib/pkgconfig
  Python_ROOT_DIR: C:\hostedtoolcache\windows\Python\3.11.9\x64
  Python2_ROOT_DIR: C:\hostedtoolcache\windows\Python\3.11.9\x64
  Python3_ROOT_DIR: C:\hostedtoolcache\windows\Python\3.11.9\x64
  ALBUM_HAVEN_APPROVED_COVER_ROOT: D:\a\_temp\album-haven-fixtures-60b32453a403451395664fb867c586d0\media\covers\approved
  PGPASSFILE: D:\a\_temp\album-haven-postgres-p_35408558207_1_3.pgpass
  ALBUM_HAVEN_CI_DATABASE: album_haven_ci_p_35408558207_1_3
  DATABASE_MIGRATOR_URL: postgresql://album_haven_migrator_p_35408558207_1_3@127.0.0.1/album_haven_ci_p_35408558207_1_3
  DATABASE_APP_URL: postgresql://album_haven_app_p_35408558207_1_3@127.0.0.1/album_haven_ci_p_35408558207_1_3
  DATABASE_READONLY_URL: postgresql://album_haven_readonly_p_35408558207_1_3@127.0.0.1/album_haven_ci_p_35408558207_1_3
  ALBUM_HAVEN_FAKE_E2E_SETUP_DATABASE_URL: postgresql://album_haven_migrator_p_35408558207_1_3@127.0.0.1/album_haven_ci_p_35408558207_1_3
  ALBUM_HAVEN_FAKE_E2E_DATABASE_URL: postgresql://album_haven_app_p_35408558207_1_3@127.0.0.1/album_haven_ci_p_35408558207_1_3
  ALBUM_HAVEN_APP_DATABASE_URL: postgresql://album_haven_app_p_35408558207_1_3@127.0.0.1/album_haven_ci_p_35408558207_1_3
##[endgroup]
(node:2400) [DEP0040] DeprecationWarning: The `punycode` module is deprecated. Please use a userland alternative instead.
(Use `node --trace-deprecation ...` to show where the warning was created)
With the provided path, there will be 5 files uploaded
Artifact name is valid!
Root directory input is valid!
Beginning upload of artifact content to blob storage
(node:2400) [DEP0169] DeprecationWarning: `url.parse()` behavior is not standardized and prone to errors that have security implications. Use the WHATWG URL API instead. CVEs are not issued for `url.parse()` vulnerabilities.
Uploaded bytes 1210014
Finished uploading artifact content to blob storage!
SHA256 digest of uploaded artifact zip is b6caaf2ccf1160d7ae52a735b956f31e7cb1e96c1083f5b87114ff4c0dd7fd70
Finalizing artifact upload
Artifact performance-result-scan-page-1.zip successfully finalized. Artifact ID 10573244182
Artifact performance-result-scan-page-1 has been successfully uploaded! Final size is 1210014 bytes. Artifact ID is 10573244182
Artifact download URL: https://github.com/idanilovqa/AlbumHaven/actions/runs/35408558207/artifacts/10573244182
Node 20 is being deprecated. This workflow is running with Node 24 by default. If you need to temporarily use Node 20, you can set the ACTIONS_ALLOW_USE_UNSECURE_NODE_VERSION=true environment variable. For more information see: https://github.blog/changelog/2025-09-19-deprecation-of-node-20-on-github-actions-runners/
Post job cleanup.
Cache hit occurred on the primary key setup-python-Windows-x64-python-3.11.9-pip-0c6be4352e523693f41bb557265b0d204a2348bd0887365f0c4493752562bd14, not saving cache.
(node:5196) [DEP0040] DeprecationWarning: The `punycode` module is deprecated. Please use a userland alternative instead.
(Use `node --trace-deprecation ...` to show where the warning was created)
Node 20 is being deprecated. This workflow is running with Node 24 by default. If you need to temporarily use Node 20, you can set the ACTIONS_ALLOW_USE_UNSECURE_NODE_VERSION=true environment variable. For more information see: https://github.blog/changelog/2025-09-19-deprecation-of-node-20-on-github-actions-runners/
Post job cleanup.
(node:6432) [DEP0040] DeprecationWarning: The `punycode` module is deprecated. Please use a userland alternative instead.
(Use `node --trace-deprecation ...` to show where the warning was created)
Cache hit occurred on the primary key node-cache-Windows-x64-npm-26253ee3ceab3d8c9b127fb1ff8b52c4c231c2e05275c7ca052f26b453f7dc92, not saving cache.
Post job cleanup.
[command]"C:\Program Files\Git\bin\git.exe" version
git version 2.55.0.windows.5
Temporarily overriding HOME='D:\a\_temp\63e4f026-0b03-455b-a08b-40e894cc9e3a' before making global git config changes
Adding repository directory to the temporary git global config as a safe directory
[command]"C:\Program Files\Git\bin\git.exe" config --global --add safe.directory D:\a\AlbumHaven\AlbumHaven\.trusted-ci
[command]"C:\Program Files\Git\bin\git.exe" config --local --name-only --get-regexp core\.sshCommand
[command]"C:\Program Files\Git\bin\git.exe" submodule foreach --recursive "sh -c \"git config --local --name-only --get-regexp 'core\.sshCommand' && git config --local --unset-all 'core.sshCommand' || :\""
[command]"C:\Program Files\Git\bin\git.exe" config --local --name-only --get-regexp http\.https\:\/\/github\.com\/\.extraheader
[command]"C:\Program Files\Git\bin\git.exe" submodule foreach --recursive "sh -c \"git config --local --name-only --get-regexp 'http\.https\:\/\/github\.com\/\.extraheader' && git config --local --unset-all 'http.https://github.com/.extraheader' || :\""
[command]"C:\Program Files\Git\bin\git.exe" config --local --name-only --get-regexp ^includeIf\.gitdir:
[command]"C:\Program Files\Git\bin\git.exe" submodule foreach --recursive "git config --local --show-origin --name-only --get-regexp remote.origin.url"
Post job cleanup.
[command]"C:\Program Files\Git\bin\git.exe" version
git version 2.55.0.windows.5
Temporarily overriding HOME='D:\a\_temp\6bef5d78-9340-4660-9e01-ec6e38e319ee' before making global git config changes
Adding repository directory to the temporary git global config as a safe directory
[command]"C:\Program Files\Git\bin\git.exe" config --global --add safe.directory D:\a\AlbumHaven\AlbumHaven
[command]"C:\Program Files\Git\bin\git.exe" config --local --name-only --get-regexp core\.sshCommand
[command]"C:\Program Files\Git\bin\git.exe" submodule foreach --recursive "sh -c \"git config --local --name-only --get-regexp 'core\.sshCommand' && git config --local --unset-all 'core.sshCommand' || :\""
[command]"C:\Program Files\Git\bin\git.exe" config --local --name-only --get-regexp http\.https\:\/\/github\.com\/\.extraheader
[command]"C:\Program Files\Git\bin\git.exe" submodule foreach --recursive "sh -c \"git config --local --name-only --get-regexp 'http\.https\:\/\/github\.com\/\.extraheader' && git config --local --unset-all 'http.https://github.com/.extraheader' || :\""
[command]"C:\Program Files\Git\bin\git.exe" config --local --name-only --get-regexp ^includeIf\.gitdir:
[command]"C:\Program Files\Git\bin\git.exe" submodule foreach --recursive "git config --local --show-origin --name-only --get-regexp remote.origin.url"
Cleaning up orphan processes
##[warning]Node.js 20 is deprecated. The following actions target Node.js 20 but are being forced to run on Node.js 24: actions/setup-node@v4, actions/setup-python@v5, actions/upload-artifact@v4. For more information see: https://github.blog/changelog/2025-09-19-deprecation-of-node-20-on-github-actions-runners/
