2026-09-19T00:13:19.1278164Z Current runner version: '2.337.0'
##[group]Runner Image Provisioner
Hosted Compute Agent
Version: 20260828.587
Commit: abac92662cab4cc7352de4f9f9d2e2419aad9c29
Build Date: 2026-08-28T16:44:25Z
Worker ID: {afe957e6-b784-4106-ba38-2f2ccbcc50dd}
Azure Region: westus
##[endgroup]
##[group]Operating System
Microsoft Windows Server 2025
10.0.26100
Datacenter
##[endgroup]
##[group]Runner Image
Image: windows-2025-vs2026
Version: 20260907.229.1
Included Software: https://github.com/actions/runner-images/blob/win25-vs2026/20260907.229/images/windows/Windows2025-VS2026-Readme.md
Image Release: https://github.com/actions/runner-images/releases/tag/win25-vs2026%2F20260907.229
##[endgroup]
##[group]GITHUB_TOKEN Permissions
Contents: read
Metadata: read
##[endgroup]
Secret source: Actions
Cache mode: write
Prepare workflow directory
Prepare all required actions
Getting action download info
Download action repository 'actions/checkout@v5' (SHA:fbc6f3992d24b796d5a048ff273f7fcc4a7b6c09)
Download action repository 'actions/setup-node@v4' (SHA:49933ea5288caeca8642d1e84afbd3f7d6820020)
Download action repository 'actions/setup-python@v5' (SHA:a26af69be951a213d495a4c3e4e4022e16d87065)
Download action repository 'browser-actions/setup-chrome@v2' (SHA:48ad923757ca74d66703209fe939badbdf80f2f4)
Download action repository 'actions/upload-artifact@v4' (SHA:ea165f8d65b6e75b540449e92b4886f43607fa02)
Complete job name: E2E: cover-providers
##[group]Run actions/checkout@v5
with:
  fetch-depth: 0
  persist-credentials: false
  repository: idanilovqa/AlbumHaven
  token: ***
  ssh-strict: true
  ssh-user: git
  clean: true
  sparse-checkout-cone-mode: true
  fetch-tags: false
  show-progress: true
  lfs: false
  submodules: false
  set-safe-directory: true
  allow-unsafe-pr-checkout: false
env:
  ALBUM_HAVEN_EXPECTED_FFMPEG_VERSION: 7.1-essentials_build-www.gyan.dev
##[endgroup]
Syncing repository: idanilovqa/AlbumHaven
##[group]Getting Git version info
Working directory is 'D:\a\AlbumHaven\AlbumHaven'
[command]"C:\Program Files\Git\bin\git.exe" version
git version 2.55.0.windows.5
##[endgroup]
Temporarily overriding HOME='D:\a\_temp\962c43fd-6cde-4071-a41d-6f523513d704' before making global git config changes
Adding repository directory to the temporary git global config as a safe directory
[command]"C:\Program Files\Git\bin\git.exe" config --global --add safe.directory D:\a\AlbumHaven\AlbumHaven
Deleting the contents of 'D:\a\AlbumHaven\AlbumHaven'
##[group]Initializing the repository
[command]"C:\Program Files\Git\bin\git.exe" init D:\a\AlbumHaven\AlbumHaven
Initialized empty Git repository in D:/a/AlbumHaven/AlbumHaven/.git/
[command]"C:\Program Files\Git\bin\git.exe" remote add origin https://github.com/idanilovqa/AlbumHaven
##[endgroup]
##[group]Disabling automatic garbage collection
[command]"C:\Program Files\Git\bin\git.exe" config --local gc.auto 0
##[endgroup]
##[group]Setting up auth
[command]"C:\Program Files\Git\bin\git.exe" config --local --name-only --get-regexp core\.sshCommand
[command]"C:\Program Files\Git\bin\git.exe" submodule foreach --recursive "sh -c \"git config --local --name-only --get-regexp 'core\.sshCommand' && git config --local --unset-all 'core.sshCommand' || :\""
[command]"C:\Program Files\Git\bin\git.exe" config --local --name-only --get-regexp http\.https\:\/\/github\.com\/\.extraheader
[command]"C:\Program Files\Git\bin\git.exe" submodule foreach --recursive "sh -c \"git config --local --name-only --get-regexp 'http\.https\:\/\/github\.com\/\.extraheader' && git config --local --unset-all 'http.https://github.com/.extraheader' || :\""
[command]"C:\Program Files\Git\bin\git.exe" config --local --name-only --get-regexp ^includeIf\.gitdir:
[command]"C:\Program Files\Git\bin\git.exe" submodule foreach --recursive "git config --local --show-origin --name-only --get-regexp remote.origin.url"
[command]"C:\Program Files\Git\bin\git.exe" config --local http.https://github.com/.extraheader "AUTHORIZATION: basic ***"
##[endgroup]
##[group]Fetching the repository
[command]"C:\Program Files\Git\bin\git.exe" -c protocol.version=2 fetch --prune --no-recurse-submodules origin +refs/heads/*:refs/remotes/origin/* +refs/tags/*:refs/tags/* +04a38d8cbea694b84fc5903ae361d4d18957c8f4:refs/remotes/pull/3/merge
From https://github.com/idanilovqa/AlbumHaven
 * [new branch]      2026-08-30-phase-7-local-auth            -> origin/2026-08-30-phase-7-local-auth
 * [new branch]      2026-09-05-gallery-refactor              -> origin/2026-09-05-gallery-refactor
 * [new branch]      2026-09-08-settings-refactor             -> origin/2026-09-08-settings-refactor
 * [new branch]      2026-09-17-pr3-rf456-build               -> origin/2026-09-17-pr3-rf456-build
 * [new branch]      2026-09-18-pr3-ci-diagnostics            -> origin/2026-09-18-pr3-ci-diagnostics
 * [new branch]      2026-09-18-pr3-e2e-batch                 -> origin/2026-09-18-pr3-e2e-batch
 * [new branch]      2026-09-18-pr3-js-batch                  -> origin/2026-09-18-pr3-js-batch
 * [new branch]      2026-09-18-pr3-python-batch              -> origin/2026-09-18-pr3-python-batch
 * [new branch]      codex/pr1-review-base-2026-09-10         -> origin/codex/pr1-review-base-2026-09-10
 * [new branch]      codex/pr1-review-snapshot-2026-09-10     -> origin/codex/pr1-review-snapshot-2026-09-10
 * [new branch]      main                                     -> origin/main
 * [new tag]         v0.9.41                                  -> v0.9.41
 * [new tag]         v0.9.42                                  -> v0.9.42
 * [new tag]         v0.9.43                                  -> v0.9.43
 * [new tag]         v0.9.44                                  -> v0.9.44
 * [new ref]         04a38d8cbea694b84fc5903ae361d4d18957c8f4 -> pull/3/merge
##[endgroup]
##[group]Determining the checkout info
##[endgroup]
[command]"C:\Program Files\Git\bin\git.exe" sparse-checkout disable
[command]"C:\Program Files\Git\bin\git.exe" config --local --unset-all extensions.worktreeConfig
##[group]Checking out the ref
[command]"C:\Program Files\Git\bin\git.exe" checkout --progress --force refs/remotes/pull/3/merge
Note: switching to 'refs/remotes/pull/3/merge'.

You are in 'detached HEAD' state. You can look around, make experimental
changes and commit them, and you can discard any commits you make in this
state without impacting any branches by switching back to a branch.

If you want to create a new branch to retain commits you create, you may
do so (now or later) by using -c with the switch command. Example:

  git switch -c <new-branch-name>

Or undo this operation with:

  git switch -

Turn off this advice by setting config variable advice.detachedHead to false

HEAD is now at 04a38d8 Merge 4e4d93dfcb3fb11bc43e2fd2c2e4381cd7d91091 into 38f740a4e984a25c0d501a7a2166d6ccdc09dcf3
##[endgroup]
[command]"C:\Program Files\Git\bin\git.exe" log -1 --format=%H
04a38d8cbea694b84fc5903ae361d4d18957c8f4
##[group]Removing auth
[command]"C:\Program Files\Git\bin\git.exe" config --local --name-only --get-regexp core\.sshCommand
[command]"C:\Program Files\Git\bin\git.exe" submodule foreach --recursive "sh -c \"git config --local --name-only --get-regexp 'core\.sshCommand' && git config --local --unset-all 'core.sshCommand' || :\""
[command]"C:\Program Files\Git\bin\git.exe" config --local --name-only --get-regexp http\.https\:\/\/github\.com\/\.extraheader
http.https://github.com/.extraheader
[command]"C:\Program Files\Git\bin\git.exe" config --local --unset-all http.https://github.com/.extraheader
[command]"C:\Program Files\Git\bin\git.exe" submodule foreach --recursive "sh -c \"git config --local --name-only --get-regexp 'http\.https\:\/\/github\.com\/\.extraheader' && git config --local --unset-all 'http.https://github.com/.extraheader' || :\""
[command]"C:\Program Files\Git\bin\git.exe" config --local --name-only --get-regexp ^includeIf\.gitdir:
[command]"C:\Program Files\Git\bin\git.exe" submodule foreach --recursive "git config --local --show-origin --name-only --get-regexp remote.origin.url"
##[endgroup]
##[group]Run actions/checkout@v5
with:
  ref: 38f740a4e984a25c0d501a7a2166d6ccdc09dcf3
  path: .trusted-ci
  persist-credentials: false
  repository: idanilovqa/AlbumHaven
  token: ***
  ssh-strict: true
  ssh-user: git
  clean: true
  sparse-checkout-cone-mode: true
  fetch-depth: 1
  fetch-tags: false
  show-progress: true
  lfs: false
  submodules: false
  set-safe-directory: true
  allow-unsafe-pr-checkout: false
env:
  ALBUM_HAVEN_EXPECTED_FFMPEG_VERSION: 7.1-essentials_build-www.gyan.dev
##[endgroup]
Syncing repository: idanilovqa/AlbumHaven
##[group]Getting Git version info
Working directory is 'D:\a\AlbumHaven\AlbumHaven\.trusted-ci'
[command]"C:\Program Files\Git\bin\git.exe" version
git version 2.55.0.windows.5
##[endgroup]
Temporarily overriding HOME='D:\a\_temp\407087d7-1d93-4d62-a8f8-477ebad71525' before making global git config changes
Adding repository directory to the temporary git global config as a safe directory
[command]"C:\Program Files\Git\bin\git.exe" config --global --add safe.directory D:\a\AlbumHaven\AlbumHaven\.trusted-ci
##[group]Initializing the repository
[command]"C:\Program Files\Git\bin\git.exe" init D:\a\AlbumHaven\AlbumHaven\.trusted-ci
Initialized empty Git repository in D:/a/AlbumHaven/AlbumHaven/.trusted-ci/.git/
[command]"C:\Program Files\Git\bin\git.exe" remote add origin https://github.com/idanilovqa/AlbumHaven
##[endgroup]
##[group]Disabling automatic garbage collection
[command]"C:\Program Files\Git\bin\git.exe" config --local gc.auto 0
##[endgroup]
##[group]Setting up auth
[command]"C:\Program Files\Git\bin\git.exe" config --local --name-only --get-regexp core\.sshCommand
[command]"C:\Program Files\Git\bin\git.exe" submodule foreach --recursive "sh -c \"git config --local --name-only --get-regexp 'core\.sshCommand' && git config --local --unset-all 'core.sshCommand' || :\""
[command]"C:\Program Files\Git\bin\git.exe" config --local --name-only --get-regexp http\.https\:\/\/github\.com\/\.extraheader
[command]"C:\Program Files\Git\bin\git.exe" submodule foreach --recursive "sh -c \"git config --local --name-only --get-regexp 'http\.https\:\/\/github\.com\/\.extraheader' && git config --local --unset-all 'http.https://github.com/.extraheader' || :\""
[command]"C:\Program Files\Git\bin\git.exe" config --local --name-only --get-regexp ^includeIf\.gitdir:
[command]"C:\Program Files\Git\bin\git.exe" submodule foreach --recursive "git config --local --show-origin --name-only --get-regexp remote.origin.url"
[command]"C:\Program Files\Git\bin\git.exe" config --local http.https://github.com/.extraheader "AUTHORIZATION: basic ***"
##[endgroup]
##[group]Fetching the repository
[command]"C:\Program Files\Git\bin\git.exe" -c protocol.version=2 fetch --no-tags --prune --no-recurse-submodules --depth=1 origin 38f740a4e984a25c0d501a7a2166d6ccdc09dcf3
From https://github.com/idanilovqa/AlbumHaven
 * branch            38f740a4e984a25c0d501a7a2166d6ccdc09dcf3 -> FETCH_HEAD
##[endgroup]
##[group]Determining the checkout info
##[endgroup]
[command]"C:\Program Files\Git\bin\git.exe" sparse-checkout disable
[command]"C:\Program Files\Git\bin\git.exe" config --local --unset-all extensions.worktreeConfig
##[group]Checking out the ref
[command]"C:\Program Files\Git\bin\git.exe" checkout --progress --force 38f740a4e984a25c0d501a7a2166d6ccdc09dcf3
Note: switching to '38f740a4e984a25c0d501a7a2166d6ccdc09dcf3'.

You are in 'detached HEAD' state. You can look around, make experimental
changes and commit them, and you can discard any commits you make in this
state without impacting any branches by switching back to a branch.

If you want to create a new branch to retain commits you create, you may
do so (now or later) by using -c with the switch command. Example:

  git switch -c <new-branch-name>

Or undo this operation with:

  git switch -

Turn off this advice by setting config variable advice.detachedHead to false

HEAD is now at 38f740a Merge pull request #2 from idanilovqa/2026-09-05-gallery-refactor
##[endgroup]
[command]"C:\Program Files\Git\bin\git.exe" log -1 --format=%H
38f740a4e984a25c0d501a7a2166d6ccdc09dcf3
##[group]Removing auth
[command]"C:\Program Files\Git\bin\git.exe" config --local --name-only --get-regexp core\.sshCommand
[command]"C:\Program Files\Git\bin\git.exe" submodule foreach --recursive "sh -c \"git config --local --name-only --get-regexp 'core\.sshCommand' && git config --local --unset-all 'core.sshCommand' || :\""
[command]"C:\Program Files\Git\bin\git.exe" config --local --name-only --get-regexp http\.https\:\/\/github\.com\/\.extraheader
http.https://github.com/.extraheader
[command]"C:\Program Files\Git\bin\git.exe" config --local --unset-all http.https://github.com/.extraheader
[command]"C:\Program Files\Git\bin\git.exe" submodule foreach --recursive "sh -c \"git config --local --name-only --get-regexp 'http\.https\:\/\/github\.com\/\.extraheader' && git config --local --unset-all 'http.https://github.com/.extraheader' || :\""
[command]"C:\Program Files\Git\bin\git.exe" config --local --name-only --get-regexp ^includeIf\.gitdir:
[command]"C:\Program Files\Git\bin\git.exe" submodule foreach --recursive "git config --local --show-origin --name-only --get-regexp remote.origin.url"
##[endgroup]
##[group]Run & ".trusted-ci\scripts\ci\fetch-test-fixtures.ps1" `
& ".trusted-ci\scripts\ci\fetch-test-fixtures.ps1" `
  -Release fixtures-v1.0.23 `
  -Profile functional-core `
  -ManifestSha256 e3ad2c100a77af2cb25dca2894dbf2c5e8decbc6925acf54c2749f6d3be000c2
shell: C:\Program Files\PowerShell\7\pwsh.EXE -command ". '{0}'"
env:
  ALBUM_HAVEN_EXPECTED_FFMPEG_VERSION: 7.1-essentials_build-www.gyan.dev
  ALBUM_HAVEN_FIXTURES_TOKEN: ***
##[endgroup]
Node 20 is being deprecated. This workflow is running with Node 24 by default. If you need to temporarily use Node 20, you can set the ACTIONS_ALLOW_USE_UNSECURE_NODE_VERSION=true environment variable. For more information see: https://github.blog/changelog/2025-09-19-deprecation-of-node-20-on-github-actions-runners/
##[group]Run actions/setup-node@v4
with:
  node-version: 22
  cache: npm
  always-auth: false
  check-latest: false
  token: ***
env:
  ALBUM_HAVEN_EXPECTED_FFMPEG_VERSION: 7.1-essentials_build-www.gyan.dev
  ALBUM_HAVEN_FIXTURE_RELEASE: fixtures-v1.0.23
  ALBUM_HAVEN_FIXTURE_PROFILE: functional-core
  ALBUM_HAVEN_FIXTURE_ROOT: D:\a\_temp\album-haven-fixtures-c166a7ae018c4afda9abaacbe6b50cc6
  ALBUM_HAVEN_MEDIA_ROOT: D:\a\_temp\album-haven-fixtures-c166a7ae018c4afda9abaacbe6b50cc6\media
##[endgroup]
Found in cache @ C:\hostedtoolcache\windows\node\22.23.2\x64
(node:8888) [DEP0040] DeprecationWarning: The `punycode` module is deprecated. Please use a userland alternative instead.
(Use `node --trace-deprecation ...` to show where the warning was created)
##[group]Environment details
node: v22.23.2
npm: 10.9.8
yarn: 1.22.22
##[endgroup]
[command]C:\Windows\system32\cmd.exe /D /S /C "C:\hostedtoolcache\windows\node\22.23.2\x64\npm.cmd config get cache"
C:\npm\cache
Cache hit for: node-cache-Windows-x64-npm-26253ee3ceab3d8c9b127fb1ff8b52c4c231c2e05275c7ca052f26b453f7dc92
(node:8888) [DEP0169] DeprecationWarning: `url.parse()` behavior is not standardized and prone to errors that have security implications. Use the WHATWG URL API instead. CVEs are not issued for `url.parse()` vulnerabilities.
Received 3822098 of 3822098 (100.0%), 5.9 MBs/sec
Cache Size: ~4 MB (3822098 B)
[command]"C:\Program Files\Git\usr\bin\tar.exe" -xf D:/a/_temp/1621e9b4-96e7-45d1-8050-a9ca26d28833/cache.tzst -P -C D:/a/AlbumHaven/AlbumHaven --force-local --use-compress-program "zstd -d"
Cache restored successfully
Cache restored from key: node-cache-Windows-x64-npm-26253ee3ceab3d8c9b127fb1ff8b52c4c231c2e05275c7ca052f26b453f7dc92
Node 20 is being deprecated. This workflow is running with Node 24 by default. If you need to temporarily use Node 20, you can set the ACTIONS_ALLOW_USE_UNSECURE_NODE_VERSION=true environment variable. For more information see: https://github.blog/changelog/2025-09-19-deprecation-of-node-20-on-github-actions-runners/
##[group]Run actions/setup-python@v5
with:
  python-version: 3.11
  cache: pip
  cache-dependency-path: requirements.txt
  check-latest: false
  token: ***
  update-environment: true
  allow-prereleases: false
  freethreaded: false
env:
  ALBUM_HAVEN_EXPECTED_FFMPEG_VERSION: 7.1-essentials_build-www.gyan.dev
  ALBUM_HAVEN_FIXTURE_RELEASE: fixtures-v1.0.23
  ALBUM_HAVEN_FIXTURE_PROFILE: functional-core
  ALBUM_HAVEN_FIXTURE_ROOT: D:\a\_temp\album-haven-fixtures-c166a7ae018c4afda9abaacbe6b50cc6
  ALBUM_HAVEN_MEDIA_ROOT: D:\a\_temp\album-haven-fixtures-c166a7ae018c4afda9abaacbe6b50cc6\media
##[endgroup]
##[group]Installed versions
(node:7112) [DEP0040] DeprecationWarning: The `punycode` module is deprecated. Please use a userland alternative instead.
(Use `node --trace-deprecation ...` to show where the warning was created)
Successfully set up CPython (3.11.9)
##[endgroup]
Cache hit for: setup-python-Windows-x64-python-3.11.9-pip-0c6be4352e523693f41bb557265b0d204a2348bd0887365f0c4493752562bd14
(node:7112) [DEP0169] DeprecationWarning: `url.parse()` behavior is not standardized and prone to errors that have security implications. Use the WHATWG URL API instead. CVEs are not issued for `url.parse()` vulnerabilities.
Received 58149912 of 58149912 (100.0%), 52.5 MBs/sec
Cache Size: ~55 MB (58149912 B)
[command]"C:\Program Files\Git\usr\bin\tar.exe" -xf D:/a/_temp/134ffdfb-de66-4dd2-ba05-0c43092ef6c1/cache.tzst -P -C D:/a/AlbumHaven/AlbumHaven --force-local --use-compress-program "zstd -d"
Cache restored successfully
Cache restored from key: setup-python-Windows-x64-python-3.11.9-pip-0c6be4352e523693f41bb557265b0d204a2348bd0887365f0c4493752562bd14
##[group]Run npm ci
npm ci
shell: C:\Program Files\PowerShell\7\pwsh.EXE -command ". '{0}'"
env:
  ALBUM_HAVEN_EXPECTED_FFMPEG_VERSION: 7.1-essentials_build-www.gyan.dev
  ALBUM_HAVEN_FIXTURE_RELEASE: fixtures-v1.0.23
  ALBUM_HAVEN_FIXTURE_PROFILE: functional-core
  ALBUM_HAVEN_FIXTURE_ROOT: D:\a\_temp\album-haven-fixtures-c166a7ae018c4afda9abaacbe6b50cc6
  ALBUM_HAVEN_MEDIA_ROOT: D:\a\_temp\album-haven-fixtures-c166a7ae018c4afda9abaacbe6b50cc6\media
  pythonLocation: C:\hostedtoolcache\windows\Python\3.11.9\x64
  PKG_CONFIG_PATH: C:\hostedtoolcache\windows\Python\3.11.9\x64/lib/pkgconfig
  Python_ROOT_DIR: C:\hostedtoolcache\windows\Python\3.11.9\x64
  Python2_ROOT_DIR: C:\hostedtoolcache\windows\Python\3.11.9\x64
  Python3_ROOT_DIR: C:\hostedtoolcache\windows\Python\3.11.9\x64
##[endgroup]

added 3 packages, and audited 4 packages in 3s

found 0 vulnerabilities
##[group]Run python -m pip install --upgrade pip
python -m pip install --upgrade pip
python -m pip install -r requirements.txt
shell: C:\Program Files\PowerShell\7\pwsh.EXE -command ". '{0}'"
env:
  ALBUM_HAVEN_EXPECTED_FFMPEG_VERSION: 7.1-essentials_build-www.gyan.dev
  ALBUM_HAVEN_FIXTURE_RELEASE: fixtures-v1.0.23
  ALBUM_HAVEN_FIXTURE_PROFILE: functional-core
  ALBUM_HAVEN_FIXTURE_ROOT: D:\a\_temp\album-haven-fixtures-c166a7ae018c4afda9abaacbe6b50cc6
  ALBUM_HAVEN_MEDIA_ROOT: D:\a\_temp\album-haven-fixtures-c166a7ae018c4afda9abaacbe6b50cc6\media
  pythonLocation: C:\hostedtoolcache\windows\Python\3.11.9\x64
  PKG_CONFIG_PATH: C:\hostedtoolcache\windows\Python\3.11.9\x64/lib/pkgconfig
  Python_ROOT_DIR: C:\hostedtoolcache\windows\Python\3.11.9\x64
  Python2_ROOT_DIR: C:\hostedtoolcache\windows\Python\3.11.9\x64
  Python3_ROOT_DIR: C:\hostedtoolcache\windows\Python\3.11.9\x64
##[endgroup]
Requirement already satisfied: pip in C:\hostedtoolcache\windows\Python\3.11.9\x64\Lib\site-packages (26.2.1)
Collecting jinja2 (from -r requirements.txt (line 1))
  Using cached jinja2-3.1.6-py3-none-any.whl.metadata (2.9 kB)
Collecting markupsafe (from -r requirements.txt (line 2))
  Using cached markupsafe-3.0.3-cp311-cp311-win_amd64.whl.metadata (2.8 kB)
Collecting fastapi==0.115.6 (from -r requirements.txt (line 3))
  Using cached fastapi-0.115.6-py3-none-any.whl.metadata (27 kB)
Collecting uvicorn (from -r requirements.txt (line 4))
  Using cached uvicorn-0.53.0-py3-none-any.whl.metadata (6.6 kB)
Collecting websockets (from -r requirements.txt (line 5))
  Using cached websockets-17.1-cp311-cp311-win_amd64.whl.metadata (6.5 kB)
Collecting mutagen (from -r requirements.txt (line 6))
  Using cached mutagen-1.48.1-py3-none-any.whl.metadata (1.8 kB)
Collecting pillow (from -r requirements.txt (line 7))
  Using cached pillow-12.3.0-cp311-cp311-win_amd64.whl.metadata (9.3 kB)
Collecting imageio-ffmpeg==0.6.0 (from -r requirements.txt (line 8))
  Using cached imageio_ffmpeg-0.6.0-py3-none-win_amd64.whl.metadata (1.5 kB)
Collecting ytmusicapi (from -r requirements.txt (line 9))
  Using cached ytmusicapi-1.12.3-py3-none-any.whl.metadata (4.3 kB)
Collecting pytest (from -r requirements.txt (line 10))
  Using cached pytest-9.1.1-py3-none-any.whl.metadata (7.6 kB)
Collecting zstandard (from -r requirements.txt (line 12))
  Using cached zstandard-0.25.0-cp311-cp311-win_amd64.whl.metadata (3.3 kB)
Collecting argon2-cffi (from -r requirements.txt (line 13))
  Using cached argon2_cffi-25.1.0-py3-none-any.whl.metadata (4.1 kB)
Collecting aiosmtplib (from -r requirements.txt (line 14))
  Using cached aiosmtplib-5.1.3-py3-none-any.whl.metadata (3.6 kB)
Collecting cryptography>=42 (from -r requirements.txt (line 15))
  Using cached cryptography-50.0.1-cp311-abi3-win_amd64.whl.metadata (4.3 kB)
Collecting watchdog<7,>=4.0 (from -r requirements.txt (line 16))
  Using cached watchdog-6.0.0-py3-none-win_amd64.whl.metadata (44 kB)
Collecting psycopg[binary] (from -r requirements.txt (line 11))
  Downloading psycopg-3.3.6-py3-none-any.whl.metadata (4.4 kB)
Collecting starlette<0.42.0,>=0.40.0 (from fastapi==0.115.6->-r requirements.txt (line 3))
  Using cached starlette-0.41.3-py3-none-any.whl.metadata (6.0 kB)
Collecting pydantic!=1.8,!=1.8.1,!=2.0.0,!=2.0.1,!=2.1.0,<3.0.0,>=1.7.4 (from fastapi==0.115.6->-r requirements.txt (line 3))
  Using cached pydantic-2.13.5-py3-none-any.whl.metadata (110 kB)
Collecting typing-extensions>=4.8.0 (from fastapi==0.115.6->-r requirements.txt (line 3))
  Using cached typing_extensions-4.16.0-py3-none-any.whl.metadata (3.3 kB)
Collecting annotated-types>=0.6.0 (from pydantic!=1.8,!=1.8.1,!=2.0.0,!=2.0.1,!=2.1.0,<3.0.0,>=1.7.4->fastapi==0.115.6->-r requirements.txt (line 3))
  Using cached annotated_types-0.8.0-py3-none-any.whl.metadata (15 kB)
Collecting pydantic-core==2.46.5 (from pydantic!=1.8,!=1.8.1,!=2.0.0,!=2.0.1,!=2.1.0,<3.0.0,>=1.7.4->fastapi==0.115.6->-r requirements.txt (line 3))
  Using cached pydantic_core-2.46.5-cp311-cp311-win_amd64.whl.metadata (6.7 kB)
Collecting typing-inspection>=0.4.2 (from pydantic!=1.8,!=1.8.1,!=2.0.0,!=2.0.1,!=2.1.0,<3.0.0,>=1.7.4->fastapi==0.115.6->-r requirements.txt (line 3))
  Using cached typing_inspection-0.4.4-py3-none-any.whl.metadata (2.6 kB)
Collecting anyio<5,>=3.4.0 (from starlette<0.42.0,>=0.40.0->fastapi==0.115.6->-r requirements.txt (line 3))
  Using cached anyio-4.15.1-py3-none-any.whl.metadata (4.7 kB)
Collecting idna>=2.8 (from anyio<5,>=3.4.0->starlette<0.42.0,>=0.40.0->fastapi==0.115.6->-r requirements.txt (line 3))
  Using cached idna-3.20-py3-none-any.whl.metadata (7.2 kB)
Collecting click>=7.0 (from uvicorn->-r requirements.txt (line 4))
  Using cached click-8.5.0-py3-none-any.whl.metadata (2.6 kB)
Collecting h11>=0.8 (from uvicorn->-r requirements.txt (line 4))
  Using cached h11-0.16.0-py3-none-any.whl.metadata (8.3 kB)
Collecting requests>=2.22 (from ytmusicapi->-r requirements.txt (line 9))
  Using cached requests-2.34.2-py3-none-any.whl.metadata (4.8 kB)
Collecting colorama>=0.4 (from pytest->-r requirements.txt (line 10))
  Using cached colorama-0.4.6-py2.py3-none-any.whl.metadata (17 kB)
Collecting iniconfig>=1.0.1 (from pytest->-r requirements.txt (line 10))
  Using cached iniconfig-2.3.0-py3-none-any.whl.metadata (2.5 kB)
Collecting packaging>=22 (from pytest->-r requirements.txt (line 10))
  Using cached packaging-26.3-py3-none-any.whl.metadata (3.5 kB)
Collecting pluggy<2,>=1.5 (from pytest->-r requirements.txt (line 10))
  Using cached pluggy-1.6.0-py3-none-any.whl.metadata (4.8 kB)
Collecting pygments>=2.7.2 (from pytest->-r requirements.txt (line 10))
  Using cached pygments-2.21.0-py3-none-any.whl.metadata (2.5 kB)
Collecting tzdata (from psycopg[binary]->-r requirements.txt (line 11))
  Using cached tzdata-2026.4-py2.py3-none-any.whl.metadata (1.4 kB)
Collecting psycopg-binary==3.3.6 (from psycopg[binary]->-r requirements.txt (line 11))
  Downloading psycopg_binary-3.3.6-cp311-cp311-win_amd64.whl.metadata (2.8 kB)
Collecting argon2-cffi-bindings (from argon2-cffi->-r requirements.txt (line 13))
  Using cached argon2_cffi_bindings-26.1.0-cp310-abi3-win_amd64.whl.metadata (7.5 kB)
Collecting cffi>=2.0.0 (from cryptography>=42->-r requirements.txt (line 15))
  Using cached cffi-2.1.1-cp311-cp311-win_amd64.whl.metadata (2.6 kB)
Collecting pycparser (from cffi>=2.0.0->cryptography>=42->-r requirements.txt (line 15))
  Using cached pycparser-3.0-py3-none-any.whl.metadata (8.2 kB)
Collecting charset_normalizer<4,>=2 (from requests>=2.22->ytmusicapi->-r requirements.txt (line 9))
  Using cached charset_normalizer-3.5.1-cp311-cp311-win_amd64.whl.metadata (46 kB)
Collecting urllib3<3,>=1.26 (from requests>=2.22->ytmusicapi->-r requirements.txt (line 9))
  Using cached urllib3-2.8.0-py3-none-any.whl.metadata (7.4 kB)
Collecting certifi>=2023.5.7 (from requests>=2.22->ytmusicapi->-r requirements.txt (line 9))
  Using cached certifi-2026.7.22-py3-none-any.whl.metadata (2.5 kB)
Using cached fastapi-0.115.6-py3-none-any.whl (94 kB)
Using cached imageio_ffmpeg-0.6.0-py3-none-win_amd64.whl (31.2 MB)
Using cached watchdog-6.0.0-py3-none-win_amd64.whl (79 kB)
Using cached pydantic-2.13.5-py3-none-any.whl (472 kB)
Using cached pydantic_core-2.46.5-cp311-cp311-win_amd64.whl (2.0 MB)
Using cached starlette-0.41.3-py3-none-any.whl (73 kB)
Using cached anyio-4.15.1-py3-none-any.whl (132 kB)
Using cached jinja2-3.1.6-py3-none-any.whl (134 kB)
Using cached markupsafe-3.0.3-cp311-cp311-win_amd64.whl (15 kB)
Using cached uvicorn-0.53.0-py3-none-any.whl (87 kB)
Using cached websockets-17.1-cp311-cp311-win_amd64.whl (217 kB)
Using cached mutagen-1.48.1-py3-none-any.whl (195 kB)
Using cached pillow-12.3.0-cp311-cp311-win_amd64.whl (7.2 MB)
Using cached ytmusicapi-1.12.3-py3-none-any.whl (111 kB)
Using cached pytest-9.1.1-py3-none-any.whl (386 kB)
Using cached pluggy-1.6.0-py3-none-any.whl (20 kB)
Downloading psycopg-3.3.6-py3-none-any.whl (215 kB)
Downloading psycopg_binary-3.3.6-cp311-cp311-win_amd64.whl (3.7 MB)
   ---------------------------------------- 3.7/3.7 MB 54.2 MB/s  0:00:00
Using cached zstandard-0.25.0-cp311-cp311-win_amd64.whl (506 kB)
Using cached argon2_cffi-25.1.0-py3-none-any.whl (14 kB)
Using cached aiosmtplib-5.1.3-py3-none-any.whl (30 kB)
Using cached cryptography-50.0.1-cp311-abi3-win_amd64.whl (3.8 MB)
Using cached annotated_types-0.8.0-py3-none-any.whl (13 kB)
Using cached cffi-2.1.1-cp311-cp311-win_amd64.whl (185 kB)
Using cached click-8.5.0-py3-none-any.whl (125 kB)
Using cached colorama-0.4.6-py2.py3-none-any.whl (25 kB)
Using cached h11-0.16.0-py3-none-any.whl (37 kB)
Using cached idna-3.20-py3-none-any.whl (69 kB)
Using cached iniconfig-2.3.0-py3-none-any.whl (7.5 kB)
Using cached packaging-26.3-py3-none-any.whl (129 kB)
Using cached pygments-2.21.0-py3-none-any.whl (1.3 MB)
Using cached requests-2.34.2-py3-none-any.whl (73 kB)
Using cached charset_normalizer-3.5.1-cp311-cp311-win_amd64.whl (206 kB)
Using cached urllib3-2.8.0-py3-none-any.whl (135 kB)
Using cached certifi-2026.7.22-py3-none-any.whl (136 kB)
Using cached typing_extensions-4.16.0-py3-none-any.whl (45 kB)
Using cached typing_inspection-0.4.4-py3-none-any.whl (14 kB)
Using cached argon2_cffi_bindings-26.1.0-cp310-abi3-win_amd64.whl (25 kB)
Using cached pycparser-3.0-py3-none-any.whl (48 kB)
Using cached tzdata-2026.4-py2.py3-none-any.whl (347 kB)
Installing collected packages: zstandard, websockets, watchdog, urllib3, tzdata, typing-extensions, pygments, pycparser, psycopg-binary, pluggy, pillow, packaging, mutagen, markupsafe, iniconfig, imageio-ffmpeg, idna, h11, colorama, click, charset_normalizer, certifi, annotated-types, aiosmtplib, uvicorn, typing-inspection, requests, pytest, pydantic-core, psycopg, jinja2, cffi, anyio, ytmusicapi, starlette, pydantic, cryptography, argon2-cffi-bindings, fastapi, argon2-cffi

Successfully installed aiosmtplib-5.1.3 annotated-types-0.8.0 anyio-4.15.1 argon2-cffi-25.1.0 argon2-cffi-bindings-26.1.0 certifi-2026.7.22 cffi-2.1.1 charset_normalizer-3.5.1 click-8.5.0 colorama-0.4.6 cryptography-50.0.1 fastapi-0.115.6 h11-0.16.0 idna-3.20 imageio-ffmpeg-0.6.0 iniconfig-2.3.0 jinja2-3.1.6 markupsafe-3.0.3 mutagen-1.48.1 packaging-26.3 pillow-12.3.0 pluggy-1.6.0 psycopg-3.3.6 psycopg-binary-3.3.6 pycparser-3.0 pydantic-2.13.5 pydantic-core-2.46.5 pygments-2.21.0 pytest-9.1.1 requests-2.34.2 starlette-0.41.3 typing-extensions-4.16.0 typing-inspection-0.4.4 tzdata-2026.4 urllib3-2.8.0 uvicorn-0.53.0 watchdog-6.0.0 websockets-17.1 ytmusicapi-1.12.3 zstandard-0.25.0
##[group]Run node scripts/ci/resolve-ci-shard.cjs functional cover-providers
node scripts/ci/resolve-ci-shard.cjs functional cover-providers
shell: C:\Program Files\PowerShell\7\pwsh.EXE -command ". '{0}'"
env:
  ALBUM_HAVEN_EXPECTED_FFMPEG_VERSION: 7.1-essentials_build-www.gyan.dev
  ALBUM_HAVEN_FIXTURE_RELEASE: fixtures-v1.0.23
  ALBUM_HAVEN_FIXTURE_PROFILE: functional-core
  ALBUM_HAVEN_FIXTURE_ROOT: D:\a\_temp\album-haven-fixtures-c166a7ae018c4afda9abaacbe6b50cc6
  ALBUM_HAVEN_MEDIA_ROOT: D:\a\_temp\album-haven-fixtures-c166a7ae018c4afda9abaacbe6b50cc6\media
  pythonLocation: C:\hostedtoolcache\windows\Python\3.11.9\x64
  PKG_CONFIG_PATH: C:\hostedtoolcache\windows\Python\3.11.9\x64/lib/pkgconfig
  Python_ROOT_DIR: C:\hostedtoolcache\windows\Python\3.11.9\x64
  Python2_ROOT_DIR: C:\hostedtoolcache\windows\Python\3.11.9\x64
  Python3_ROOT_DIR: C:\hostedtoolcache\windows\Python\3.11.9\x64
##[endgroup]
##[group]Run browser-actions/setup-chrome@v2
with:
  chrome-version: 151.0.7922.138
  install-dependencies: false
  install-chromedriver: false
  no-sudo: false
env:
  ALBUM_HAVEN_EXPECTED_FFMPEG_VERSION: 7.1-essentials_build-www.gyan.dev
  ALBUM_HAVEN_FIXTURE_RELEASE: fixtures-v1.0.23
  ALBUM_HAVEN_FIXTURE_PROFILE: functional-core
  ALBUM_HAVEN_FIXTURE_ROOT: D:\a\_temp\album-haven-fixtures-c166a7ae018c4afda9abaacbe6b50cc6
  ALBUM_HAVEN_MEDIA_ROOT: D:\a\_temp\album-haven-fixtures-c166a7ae018c4afda9abaacbe6b50cc6\media
  pythonLocation: C:\hostedtoolcache\windows\Python\3.11.9\x64
  PKG_CONFIG_PATH: C:\hostedtoolcache\windows\Python\3.11.9\x64/lib/pkgconfig
  Python_ROOT_DIR: C:\hostedtoolcache\windows\Python\3.11.9\x64
  Python2_ROOT_DIR: C:\hostedtoolcache\windows\Python\3.11.9\x64
  Python3_ROOT_DIR: C:\hostedtoolcache\windows\Python\3.11.9\x64
##[endgroup]
Setup chrome 151.0.7922.138
Attempting to download chrome 151.0.7922.138...
Acquiring chrome 151.0.7922.138 from https://storage.googleapis.com/chrome-for-testing-public/151.0.7922.138/win64/chrome-win64.zip
Installing chrome...
[command]"C:\Program Files\PowerShell\7\pwsh.exe" -NoLogo -NoProfile -NonInteractive -ExecutionPolicy Unrestricted -Command "$ErrorActionPreference = 'Stop' ; try { Add-Type -AssemblyName System.IO.Compression.ZipFile } catch { } ; try { [System.IO.Compression.ZipFile]::ExtractToDirectory('D:\a\_temp\6e4dddfc-1103-46f0-ae23-113eb513ae54', 'D:\a\_temp\95598ffe-1c07-4ba9-bf55-6cbb5b5e2839', $true) } catch { if (($_.Exception.GetType().FullName -eq 'System.Management.Automation.MethodException') -or ($_.Exception.GetType().FullName -eq 'System.Management.Automation.RuntimeException') ){ Expand-Archive -LiteralPath 'D:\a\_temp\6e4dddfc-1103-46f0-ae23-113eb513ae54' -DestinationPath 'D:\a\_temp\95598ffe-1c07-4ba9-bf55-6cbb5b5e2839' -Force } else { throw $_ } } ;"
Successfully Installed chrome to C:\hostedtoolcache\windows\setup-chrome\chrome\151.0.7922.138\x64
[command]C:\Windows\System32\WindowsPowerShell\v1.0\powershell.exe -Command "(Get-Item (Get-Command 'C:\hostedtoolcache\windows\setup-chrome\chrome\151.0.7922.138\x64\chrome.exe').Source).VersionInfo.ProductVersion"
151.0.7922.138
Successfully setup chrome 151.0.7922.138
##[group]Run $sourceRoot = [IO.Path]::GetFullPath($env:ALBUM_HAVEN_FIXTURE_ROOT)
$sourceRoot = [IO.Path]::GetFullPath($env:ALBUM_HAVEN_FIXTURE_ROOT)
$workRoot = [IO.Path]::GetFullPath((Join-Path "D:\a\_temp" "album-haven-e2e-functional-fixtures-cover-providers"))
$sharedRoot = Join-Path $workRoot "shared"
$runnerTemp = [IO.Path]::GetFullPath("D:\a\_temp")
$relativeWork = [IO.Path]::GetRelativePath($runnerTemp, $workRoot)
if ([string]::IsNullOrWhiteSpace($relativeWork) -or $relativeWork.StartsWith("..") -or [IO.Path]::IsPathRooted($relativeWork)) {
  throw "Functional fixture work root must be a non-root child of RUNNER_TEMP."
}
if (-not (Test-Path -LiteralPath (Join-Path $sourceRoot "manifest.json") -PathType Leaf) -or
    -not (Test-Path -LiteralPath (Join-Path $sourceRoot "database") -PathType Container) -or
    -not (Test-Path -LiteralPath (Join-Path $sourceRoot "media") -PathType Container)) {
  throw "Downloaded functional fixture is incomplete."
}
if (Test-Path -LiteralPath $workRoot) {
  throw "Functional fixture work root must not already exist."
}
New-Item -ItemType Directory -Path $workRoot | Out-Null
Copy-Item -LiteralPath $sourceRoot -Destination $sharedRoot -Recurse
if (-not (Test-Path -LiteralPath (Join-Path $sharedRoot "manifest.json") -PathType Leaf) -or
    -not (Test-Path -LiteralPath (Join-Path $sharedRoot "database") -PathType Container) -or
    -not (Test-Path -LiteralPath (Join-Path $sharedRoot "media") -PathType Container)) {
  throw "Writable functional fixture copy is incomplete."
}
"ALBUM_HAVEN_FUNCTIONAL_FIXTURE_WORK_ROOT=$workRoot" | Out-File -FilePath $env:GITHUB_ENV -Append -Encoding utf8
"ALBUM_HAVEN_FUNCTIONAL_SOURCE_FIXTURE_ROOT=$sourceRoot" | Out-File -FilePath $env:GITHUB_ENV -Append -Encoding utf8
"ALBUM_HAVEN_FIXTURE_ROOT=$sharedRoot" | Out-File -FilePath $env:GITHUB_ENV -Append -Encoding utf8
"ALBUM_HAVEN_MEDIA_ROOT=$(Join-Path $sharedRoot 'media')" | Out-File -FilePath $env:GITHUB_ENV -Append -Encoding utf8
shell: C:\Program Files\PowerShell\7\pwsh.EXE -command ". '{0}'"
env:
  ALBUM_HAVEN_EXPECTED_FFMPEG_VERSION: 7.1-essentials_build-www.gyan.dev
  ALBUM_HAVEN_FIXTURE_RELEASE: fixtures-v1.0.23
  ALBUM_HAVEN_FIXTURE_PROFILE: functional-core
  ALBUM_HAVEN_FIXTURE_ROOT: D:\a\_temp\album-haven-fixtures-c166a7ae018c4afda9abaacbe6b50cc6
  ALBUM_HAVEN_MEDIA_ROOT: D:\a\_temp\album-haven-fixtures-c166a7ae018c4afda9abaacbe6b50cc6\media
  pythonLocation: C:\hostedtoolcache\windows\Python\3.11.9\x64
  PKG_CONFIG_PATH: C:\hostedtoolcache\windows\Python\3.11.9\x64/lib/pkgconfig
  Python_ROOT_DIR: C:\hostedtoolcache\windows\Python\3.11.9\x64
  Python2_ROOT_DIR: C:\hostedtoolcache\windows\Python\3.11.9\x64
  Python3_ROOT_DIR: C:\hostedtoolcache\windows\Python\3.11.9\x64
##[endgroup]
##[group]Run if (-not (Test-Path -LiteralPath ".\scripts\ci\load-fixture-profile.py" -PathType Leaf)) {
if (-not (Test-Path -LiteralPath ".\scripts\ci\load-fixture-profile.py" -PathType Leaf)) {
  throw "scripts/ci/load-fixture-profile.py is required."
}
$env:PLAYWRIGHT_PROVIDER_PORT = ([int]"5300" + 2).ToString()
.\scripts\ci\bootstrap-windows-postgres.ps1 `
  -Mode Provision `
  -ExpectedMajorVersion 17 `
  -Pgbin $env:PGBIN `
  -HostName 127.0.0.1 `
  -DatabaseSuffix "f_35408558207_1_1" `
  -StatePath "D:\a\_temp\album-haven-functional-cover-providers.state.json"
shell: C:\Program Files\PowerShell\7\pwsh.EXE -command ". '{0}'"
env:
  ALBUM_HAVEN_EXPECTED_FFMPEG_VERSION: 7.1-essentials_build-www.gyan.dev
  ALBUM_HAVEN_FIXTURE_RELEASE: fixtures-v1.0.23
  ALBUM_HAVEN_FIXTURE_PROFILE: functional-core
  ALBUM_HAVEN_FIXTURE_ROOT: D:\a\_temp\album-haven-e2e-functional-fixtures-cover-providers\shared
  ALBUM_HAVEN_MEDIA_ROOT: D:\a\_temp\album-haven-e2e-functional-fixtures-cover-providers\shared\media
  pythonLocation: C:\hostedtoolcache\windows\Python\3.11.9\x64
  PKG_CONFIG_PATH: C:\hostedtoolcache\windows\Python\3.11.9\x64/lib/pkgconfig
  Python_ROOT_DIR: C:\hostedtoolcache\windows\Python\3.11.9\x64
  Python2_ROOT_DIR: C:\hostedtoolcache\windows\Python\3.11.9\x64
  Python3_ROOT_DIR: C:\hostedtoolcache\windows\Python\3.11.9\x64
  ALBUM_HAVEN_FUNCTIONAL_FIXTURE_WORK_ROOT: D:\a\_temp\album-haven-e2e-functional-fixtures-cover-providers
  ALBUM_HAVEN_FUNCTIONAL_SOURCE_FIXTURE_ROOT: D:\a\_temp\album-haven-fixtures-c166a7ae018c4afda9abaacbe6b50cc6
##[endgroup]
BEGIN
DO
CREATE ROLE
CREATE ROLE
CREATE ROLE
COMMIT
CREATE DATABASE
REVOKE
GRANT
GRANT
CREATE SCHEMA
CREATE SCHEMA
CREATE SCHEMA
CREATE SCHEMA
CREATE TABLE
CREATE TABLE
CREATE TABLE
CREATE INDEX
CREATE INDEX
CREATE TABLE
CREATE INDEX
CREATE INDEX
CREATE TABLE
CREATE INDEX
CREATE INDEX
CREATE TABLE
CREATE INDEX
CREATE INDEX
CREATE TABLE
CREATE INDEX
CREATE INDEX
CREATE INDEX
CREATE TABLE
CREATE INDEX
CREATE INDEX
CREATE TABLE
CREATE INDEX
CREATE INDEX
CREATE TABLE
CREATE INDEX
CREATE TABLE
CREATE INDEX
CREATE INDEX
CREATE TABLE
CREATE INDEX
CREATE INDEX
CREATE INDEX
CREATE INDEX
CREATE TABLE
CREATE INDEX
CREATE INDEX
CREATE INDEX
CREATE INDEX
CREATE INDEX
CREATE TABLE
CREATE INDEX
CREATE INDEX
CREATE INDEX
CREATE INDEX
CREATE INDEX
CREATE TABLE
CREATE INDEX
CREATE INDEX
CREATE INDEX
CREATE INDEX
CREATE INDEX
CREATE INDEX
CREATE TABLE
CREATE INDEX
CREATE INDEX
CREATE INDEX
CREATE TABLE
CREATE INDEX
CREATE INDEX
CREATE TABLE
CREATE INDEX
CREATE INDEX
CREATE TABLE
CREATE INDEX
CREATE INDEX
CREATE TABLE
CREATE INDEX
CREATE INDEX
CREATE TABLE
CREATE INDEX
CREATE INDEX
CREATE TABLE
CREATE INDEX
CREATE INDEX
CREATE INDEX
CREATE TABLE
CREATE INDEX
CREATE INDEX
CREATE INDEX
CREATE INDEX
CREATE TABLE
CREATE INDEX
CREATE INDEX
CREATE INDEX
CREATE INDEX
CREATE INDEX
CREATE TABLE
CREATE INDEX
CREATE TABLE
CREATE INDEX
CREATE TABLE
CREATE INDEX
CREATE INDEX
CREATE INDEX
CREATE INDEX
CREATE TABLE
CREATE INDEX
CREATE INDEX
CREATE TABLE
CREATE INDEX
CREATE INDEX
CREATE INDEX
CREATE INDEX
CREATE TABLE
CREATE INDEX
CREATE INDEX
CREATE INDEX
CREATE INDEX
CREATE TABLE
CREATE INDEX
CREATE INDEX
CREATE INDEX
CREATE TABLE
CREATE INDEX
CREATE TABLE
CREATE INDEX
CREATE INDEX
DO
DO
DO
DO
INSERT 0 1
CREATE TABLE
CREATE INDEX
CREATE INDEX
CREATE INDEX
CREATE INDEX
CREATE INDEX
CREATE INDEX
CREATE INDEX
DO
DO
DO
INSERT 0 1
ALTER TABLE
ALTER TABLE
ALTER TABLE
ALTER TABLE
CREATE INDEX
CREATE INDEX
CREATE INDEX
CREATE INDEX
CREATE INDEX
CREATE INDEX
CREATE INDEX
CREATE INDEX
INSERT 0 1
CREATE INDEX
CREATE INDEX
CREATE INDEX
INSERT 0 1
CREATE TABLE
INSERT 0 6
CREATE TABLE
CREATE INDEX
CREATE INDEX
CREATE TABLE
CREATE INDEX
CREATE INDEX
CREATE INDEX
DO
DO
INSERT 0 1
UPDATE 0
psql:D:/a/AlbumHaven/AlbumHaven/migrations/postgres/0006_scope_lastfm_sync_identities.sql:26: NOTICE:  index "lastfm_sessions_account_username_idx" does not exist, skipping
DROP INDEX
CREATE INDEX
psql:D:/a/AlbumHaven/AlbumHaven/migrations/postgres/0006_scope_lastfm_sync_identities.sql:31: NOTICE:  index "pending_scrobbles_source_identity_idx" does not exist, skipping
DROP INDEX
psql:D:/a/AlbumHaven/AlbumHaven/migrations/postgres/0006_scope_lastfm_sync_identities.sql:43: NOTICE:  relation "pending_scrobbles_source_identity_idx" already exists, skipping
CREATE INDEX
psql:D:/a/AlbumHaven/AlbumHaven/migrations/postgres/0006_scope_lastfm_sync_identities.sql:45: NOTICE:  index "scrobble_retry_state_source_identity_idx" does not exist, skipping
DROP INDEX
psql:D:/a/AlbumHaven/AlbumHaven/migrations/postgres/0006_scope_lastfm_sync_identities.sql:59: NOTICE:  relation "scrobble_retry_state_source_identity_idx" already exists, skipping
CREATE INDEX
INSERT 0 1
DROP INDEX
CREATE INDEX
INSERT 0 1
DROP INDEX
CREATE INDEX
INSERT 0 1
CREATE TABLE
CREATE INDEX
CREATE INDEX
DO
INSERT 0 1
CREATE TABLE
CREATE INDEX
CREATE INDEX
CREATE INDEX
CREATE TABLE
CREATE INDEX
CREATE INDEX
CREATE INDEX
DO
INSERT 0 1
CREATE TABLE
CREATE INDEX
CREATE INDEX
CREATE INDEX
DO
INSERT 0 1
CREATE TABLE
CREATE INDEX
CREATE INDEX
CREATE INDEX
DO
INSERT 0 1
CREATE TABLE
CREATE INDEX
CREATE INDEX
CREATE INDEX
DO
INSERT 0 1
UPDATE 0
INSERT 0 1
CREATE TABLE
CREATE INDEX
CREATE INDEX
CREATE INDEX
CREATE INDEX
CREATE INDEX
CREATE INDEX
DO
INSERT 0 1
DO
INSERT 0 1
CREATE TABLE
CREATE INDEX
INSERT 0 1
GRANT
INSERT 0 1
DROP INDEX
CREATE INDEX
UPDATE 0
INSERT 0 1
psql:D:/a/AlbumHaven/AlbumHaven/migrations/postgres/0019_create_local_album_featured_artists.sql:13: NOTICE:  relation "local_album_featured_artists" already exists, skipping
CREATE TABLE
psql:D:/a/AlbumHaven/AlbumHaven/migrations/postgres/0019_create_local_album_featured_artists.sql:16: NOTICE:  relation "local_album_featured_artists_library_id_idx" already exists, skipping
psql:D:/a/AlbumHaven/AlbumHaven/migrations/postgres/0019_create_local_album_featured_artists.sql:19: NOTICE:  relation "local_album_featured_artists_album_id_idx" already exists, skipping
CREATE INDEX
psql:D:/a/AlbumHaven/AlbumHaven/migrations/postgres/0019_create_local_album_featured_artists.sql:22: NOTICE:  relation "local_album_featured_artists_artist_id_idx" already exists, skipping
CREATE INDEX
CREATE INDEX
psql:D:/a/AlbumHaven/AlbumHaven/migrations/postgres/0019_create_local_album_featured_artists.sql:25: NOTICE:  relation "local_album_featured_artists_library_artist_idx" already exists, skipping
CREATE INDEX
psql:D:/a/AlbumHaven/AlbumHaven/migrations/postgres/0019_create_local_album_featured_artists.sql:28: NOTICE:  relation "local_album_featured_artists_identity_idx" already exists, skipping
CREATE INDEX
DO
INSERT 0 1
DO
INSERT 0 1
psql:D:/a/AlbumHaven/AlbumHaven/migrations/postgres/0021_add_problematic_file_generated_projection.sql:1: NOTICE:  index "local_track_files_active_track_projection_idx" does not exist, skipping
DROP INDEX
CREATE FUNCTION
REVOKE
DO
ALTER TABLE
ALTER TABLE
ALTER TABLE
INSERT 0 1
DROP INDEX
CREATE INDEX
DROP INDEX
CREATE INDEX
INSERT 0 1
CREATE FUNCTION
CREATE FUNCTION
CREATE FUNCTION
psql:D:/a/AlbumHaven/AlbumHaven/migrations/postgres/0023_link_local_track_files_to_library_***s.sql:162: NOTICE:  function library.windows_path_key(text) does not exist, skipping
DROP FUNCTION
CREATE FUNCTION
UPDATE 0
UPDATE 0
DO
REVOKE
REVOKE
REVOKE
REVOKE
DO
INSERT 0 1
CREATE EXTENSION
DO
INSERT 0 1
DO
INSERT 0 1
CREATE TABLE
CREATE INDEX
CREATE INDEX
DO
INSERT 0 1
DO
INSERT 0 1
DROP INDEX
CREATE INDEX
INSERT 0 1
psql:D:/a/AlbumHaven/AlbumHaven/migrations/postgres/0029_repair_lastfm_session_conflict_identity.sql:2: NOTICE:  relation "lastfm_sessions_account_username_idx" already exists, skipping
CREATE INDEX
INSERT 0 1
DROP TABLE
INSERT 0 1
CREATE INDEX
INSERT 0 1
DROP INDEX
CREATE INDEX
INSERT 0 1
psql:D:/a/AlbumHaven/AlbumHaven/migrations/postgres/0033_repair_section14_album_identity_corruption.sql:9: NOTICE:  schema "pg_temp" does not exist, skipping
DROP TABLE
CREATE TABLE
INSERT 0 0
INSERT 0 0
DO
SELECT 0
UPDATE 0
INSERT 0 0
DELETE 0
INSERT 0 0
DELETE 0
UPDATE 0
DELETE 0
UPDATE 0
DELETE 0
UPDATE 0
UPDATE 0
DELETE 0
DELETE 0
DELETE 0
DROP TABLE
DROP TABLE
INSERT 0 1
LOCK TABLE
psql:D:/a/AlbumHaven/AlbumHaven/migrations/postgres/0034_reconcile_semantic_local_albums.sql:8: NOTICE:  schema "pg_temp" does not exist, skipping
DROP TABLE
CREATE TABLE
INSERT 0 0
 id 
----
(0 rows)

UPDATE 0
INSERT 0 0
DELETE 0
INSERT 0 0
DELETE 0
UPDATE 0
INSERT 0 0
DELETE 0
INSERT 0 0
DELETE 0
UPDATE 0
UPDATE 0
DELETE 0
DROP TABLE
DO
INSERT 0 1
psql:D:/a/AlbumHaven/AlbumHaven/migrations/postgres/0035_enforce_semantic_local_album_identity.sql:7: NOTICE:  trigger "local_albums_semantic_identity_check" for relation "library.local_albums" does not exist, skipping
DROP TRIGGER
psql:D:/a/AlbumHaven/AlbumHaven/migrations/postgres/0035_enforce_semantic_local_album_identity.sql:9: NOTICE:  trigger "separate_releases_semantic_identity_check" for relation "library.separate_releases" does not exist, skipping
DROP TRIGGER
psql:D:/a/AlbumHaven/AlbumHaven/migrations/postgres/0035_enforce_semantic_local_album_identity.sql:11: NOTICE:  trigger "local_artists_semantic_identity_check" for relation "library.local_artists" does not exist, skipping
psql:D:/a/AlbumHaven/AlbumHaven/migrations/postgres/0035_enforce_semantic_local_album_identity.sql:13: NOTICE:  trigger "local_albums_semantic_identity_discriminator" for relation "library.local_albums" does not exist, skipping
DROP TRIGGER
DROP TRIGGER
psql:D:/a/AlbumHaven/AlbumHaven/migrations/postgres/0035_enforce_semantic_local_album_identity.sql:15: NOTICE:  trigger "separate_releases_semantic_identity_discriminator" for relation "library.separate_releases" does not exist, skipping
psql:D:/a/AlbumHaven/AlbumHaven/migrations/postgres/0035_enforce_semantic_local_album_identity.sql:17: NOTICE:  trigger "separate_releases_semantic_identity_reconciliation" for relation "library.separate_releases" does not exist, skipping
DROP TRIGGER
DROP TRIGGER
psql:D:/a/AlbumHaven/AlbumHaven/migrations/postgres/0035_enforce_semantic_local_album_identity.sql:19: NOTICE:  trigger "local_artists_semantic_identity_discriminator" for relation "library.local_artists" does not exist, skipping
psql:D:/a/AlbumHaven/AlbumHaven/migrations/postgres/0035_enforce_semantic_local_album_identity.sql:21: NOTICE:  trigger "separate_releases_inventory_publication_lock" for relation "library.separate_releases" does not exist, skipping
psql:D:/a/AlbumHaven/AlbumHaven/migrations/postgres/0035_enforce_semantic_local_album_identity.sql:23: NOTICE:  trigger "local_artists_inventory_publication_lock" for relation "library.local_artists" does not exist, skipping
DROP TRIGGER
DROP TRIGGER
DROP TRIGGER
psql:D:/a/AlbumHaven/AlbumHaven/migrations/postgres/0035_enforce_semantic_local_album_identity.sql:24: NOTICE:  function library.enforce_semantic_local_album_identity() does not exist, skipping
DROP FUNCTION
ALTER TABLE
CREATE FUNCTION
CREATE TRIGGER
CREATE TRIGGER
UPDATE 0
CREATE INDEX
CREATE FUNCTION
CREATE TRIGGER
CREATE FUNCTION
CREATE FUNCTION
CREATE TRIGGER
CREATE FUNCTION
CREATE TRIGGER
INSERT 0 1
CREATE INDEX
INSERT 0 1
CREATE INDEX
INSERT 0 1
CREATE INDEX
CREATE INDEX
DROP INDEX
psql:D:/a/AlbumHaven/AlbumHaven/migrations/postgres/0038_add_problematic_required_text_candidate.sql:25: NOTICE:  index "local_track_files_problem_candidate_v2_idx" does not exist, skipping
DROP INDEX
psql:D:/a/AlbumHaven/AlbumHaven/migrations/postgres/0038_add_problematic_required_text_candidate.sql:26: NOTICE:  index "local_track_files_problem_candidate_v3_idx" does not exist, skipping
DROP INDEX
psql:D:/a/AlbumHaven/AlbumHaven/migrations/postgres/0038_add_problematic_required_text_candidate.sql:27: NOTICE:  index "local_track_files_problem_candidate_v4_idx" does not exist, skipping
DROP INDEX
psql:D:/a/AlbumHaven/AlbumHaven/migrations/postgres/0038_add_problematic_required_text_candidate.sql:30: NOTICE:  column "scan_file_required_text_missing_candidate" of relation "local_track_files" does not exist, skipping
ALTER TABLE
INSERT 0 1
DO
INSERT 0 1
DO
INSERT 0 1
psql:D:/a/AlbumHaven/AlbumHaven/migrations/postgres/0041_create_local_album_cover_candidate_snapshots.sql:32: NOTICE:  identifier "local_album_cover_candidate_snapshots_automatic_improvement_revision_check" will be truncated to "local_album_cover_candidate_snapshots_automatic_improvement_rev"
psql:D:/a/AlbumHaven/AlbumHaven/migrations/postgres/0041_create_local_album_cover_candidate_snapshots.sql:32: NOTICE:  identifier "local_album_cover_candidate_snapshots_seen_automatic_improvement_revision_check" will be truncated to "local_album_cover_candidate_snapshots_seen_automatic_improvemen"
CREATE TABLE
UPDATE 0
DO
INSERT 0 1
ALTER TABLE
INSERT 0 1
CREATE TABLE
DO
INSERT 0 1
CREATE TABLE
CREATE INDEX
DO
INSERT 0 1
CREATE INDEX
INSERT 0 1
ALTER TABLE
UPDATE 0
ALTER TABLE
DO
CREATE INDEX
CREATE INDEX
CREATE TABLE
CREATE TABLE
CREATE INDEX
CREATE INDEX
CREATE INDEX
CREATE TABLE
CREATE INDEX
DO
ALTER TABLE
UPDATE 0
UPDATE 0
ALTER TABLE
DO
CREATE INDEX
CREATE TABLE
CREATE INDEX
CREATE INDEX
CREATE INDEX
CREATE TABLE
CREATE INDEX
CREATE INDEX
CREATE INDEX
CREATE INDEX
DO
INSERT 0 1
CREATE TABLE
CREATE INDEX
CREATE INDEX
DO
INSERT 0 1
ALTER TABLE
ALTER TABLE
CREATE TABLE
CREATE INDEX
CREATE INDEX
CREATE INDEX
DO
INSERT 0 1
DELETE 0
CREATE INDEX
INSERT 0 1
CREATE INDEX
INSERT 0 1
CREATE INDEX
INSERT 0 1
CREATE TABLE
CREATE INDEX
CREATE INDEX
CREATE INDEX
CREATE TABLE
CREATE INDEX
ALTER TABLE
CREATE INDEX
ALTER TABLE
ALTER TABLE
DO
INSERT 0 1
CREATE TABLE
DO
INSERT 0 1
ALTER TABLE
DO
INSERT 0 1
CREATE FUNCTION
REVOKE
DO
INSERT 0 1
ALTER TABLE
DO
INSERT 0 1
ALTER TABLE
CREATE FUNCTION
INSERT 0 0
UPDATE 0
DO
REVOKE
DO
INSERT 0 1
ALTER TABLE
DO
INSERT 0 1
ALTER TABLE
DO
INSERT 0 1
CREATE FUNCTION
CREATE FUNCTION
CREATE FUNCTION
ALTER TABLE
UPDATE 0
ALTER TABLE
ALTER TABLE
REVOKE
REVOKE
REVOKE
DO
INSERT 0 1
CREATE FUNCTION
REVOKE
DO
INSERT 0 1
DO
INSERT 0 1
CREATE FUNCTION
REVOKE
DO
INSERT 0 1
DO
INSERT 0 1
CREATE FUNCTION
INSERT 0 1
ALTER TABLE
ALTER TABLE
INSERT 0 1
CREATE INDEX
INSERT 0 1
CREATE TABLE
CREATE INDEX
UPDATE 0
UPDATE 0
INSERT 0 0
UPDATE 0
DO
INSERT 0 1
CREATE TABLE
CREATE TABLE
CREATE INDEX
CREATE INDEX
DO
INSERT 0 1
ALTER TABLE
INSERT 0 1
ALTER TABLE
ALTER TABLE
INSERT 0 1
ALTER TABLE
CREATE INDEX
INSERT 0 1
ALTER TABLE
ALTER TABLE
UPDATE 0
INSERT 0 1
WARNING:  no privileges were granted for "show_limit"
WARNING:  no privileges were granted for "show_trgm"
WARNING:  no privileges were granted for "set_limit"
WARNING:  no privileges were granted for "similarity"
WARNING:  no privileges were granted for "similarity_op"
WARNING:  no privileges were granted for "word_similarity"
WARNING:  no privileges were granted for "word_similarity_op"
WARNING:  no privileges were granted for "word_similarity_commutator_op"
WARNING:  no privileges were granted for "similarity_dist"
WARNING:  no privileges were granted for "word_similarity_dist_op"
WARNING:  no privileges were granted for "word_similarity_dist_commutator_op"
WARNING:  no privileges were granted for "gtrgm_in"
WARNING:  no privileges were granted for "gtrgm_out"
WARNING:  no privileges were granted for "gtrgm_consistent"
WARNING:  no privileges were granted for "gtrgm_distance"
WARNING:  no privileges were granted for "gtrgm_compress"
WARNING:  no privileges were granted for "gtrgm_decompress"
WARNING:  no privileges were granted for "gtrgm_penalty"
WARNING:  no privileges were granted for "gtrgm_picksplit"
WARNING:  no privileges were granted for "gtrgm_union"
WARNING:  no privileges were granted for "gtrgm_same"
WARNING:  no privileges were granted for "gin_extract_value_trgm"
WARNING:  no privileges were granted for "gin_extract_query_trgm"
WARNING:  no privileges were granted for "gin_trgm_consistent"
WARNING:  no privileges were granted for "gin_trgm_triconsistent"
WARNING:  no privileges were granted for "strict_word_similarity"
WARNING:  no privileges were granted for "strict_word_similarity_op"
WARNING:  no privileges were granted for "strict_word_similarity_commutator_op"
WARNING:  no privileges were granted for "strict_word_similarity_dist_op"
WARNING:  no privileges were granted for "strict_word_similarity_dist_commutator_op"
WARNING:  no privileges were granted for "gtrgm_options"
DO
BEGIN
CREATE SCHEMA
CREATE TABLE
INSERT 0 1
UPDATE 1
DELETE 1
 nextval 
---------
       2
(1 row)

ROLLBACK
DO
BEGIN
CREATE TABLE
INSERT 0 1
INSERT 0 1
UPDATE 1
ROLLBACK
DO
 ?column? 
----------
(0 rows)

DO
##[group]Run $env:PGPASSWORD = $null
$env:PGPASSWORD = $null
node scripts/ci/write-foundation-version-manifest.cjs --profile=windows --output=D:\a\_temp\foundation-version-manifest-functional-cover-providers.json
shell: C:\Program Files\PowerShell\7\pwsh.EXE -command ". '{0}'"
env:
  ALBUM_HAVEN_EXPECTED_FFMPEG_VERSION: 7.1-essentials_build-www.gyan.dev
  ALBUM_HAVEN_FIXTURE_RELEASE: fixtures-v1.0.23
  ALBUM_HAVEN_FIXTURE_PROFILE: functional-core
  ALBUM_HAVEN_FIXTURE_ROOT: D:\a\_temp\album-haven-e2e-functional-fixtures-cover-providers\shared
  ALBUM_HAVEN_MEDIA_ROOT: D:\a\_temp\album-haven-e2e-functional-fixtures-cover-providers\shared\media
  pythonLocation: C:\hostedtoolcache\windows\Python\3.11.9\x64
  PKG_CONFIG_PATH: C:\hostedtoolcache\windows\Python\3.11.9\x64/lib/pkgconfig
  Python_ROOT_DIR: C:\hostedtoolcache\windows\Python\3.11.9\x64
  Python2_ROOT_DIR: C:\hostedtoolcache\windows\Python\3.11.9\x64
  Python3_ROOT_DIR: C:\hostedtoolcache\windows\Python\3.11.9\x64
  ALBUM_HAVEN_FUNCTIONAL_FIXTURE_WORK_ROOT: D:\a\_temp\album-haven-e2e-functional-fixtures-cover-providers
  ALBUM_HAVEN_FUNCTIONAL_SOURCE_FIXTURE_ROOT: D:\a\_temp\album-haven-fixtures-c166a7ae018c4afda9abaacbe6b50cc6
  PGPASSFILE: D:\a\_temp\album-haven-postgres-f_35408558207_1_1.pgpass
  ALBUM_HAVEN_CI_DATABASE: album_haven_ci_f_35408558207_1_1
  DATABASE_MIGRATOR_URL: postgresql://album_haven_migrator_f_35408558207_1_1@127.0.0.1/album_haven_ci_f_35408558207_1_1
  DATABASE_APP_URL: postgresql://album_haven_app_f_35408558207_1_1@127.0.0.1/album_haven_ci_f_35408558207_1_1
  DATABASE_READONLY_URL: postgresql://album_haven_readonly_f_35408558207_1_1@127.0.0.1/album_haven_ci_f_35408558207_1_1
  ALBUM_HAVEN_FAKE_E2E_SETUP_DATABASE_URL: postgresql://album_haven_migrator_f_35408558207_1_1@127.0.0.1/album_haven_ci_f_35408558207_1_1
  ALBUM_HAVEN_FAKE_E2E_DATABASE_URL: postgresql://album_haven_app_f_35408558207_1_1@127.0.0.1/album_haven_ci_f_35408558207_1_1
  ALBUM_HAVEN_APP_DATABASE_URL: postgresql://album_haven_app_f_35408558207_1_1@127.0.0.1/album_haven_ci_f_35408558207_1_1
  PLAYWRIGHT_CHROME_EXECUTABLE: C:\hostedtoolcache\windows\setup-chrome\chrome\151.0.7922.138\x64\chrome.exe
##[endgroup]
D:\a\_temp\foundation-version-manifest-functional-cover-providers.json
##[group]Run node scripts/ci/validate-functional-shards.cjs --list
node scripts/ci/validate-functional-shards.cjs --list
shell: C:\Program Files\PowerShell\7\pwsh.EXE -command ". '{0}'"
env:
  ALBUM_HAVEN_EXPECTED_FFMPEG_VERSION: 7.1-essentials_build-www.gyan.dev
  ALBUM_HAVEN_FIXTURE_RELEASE: fixtures-v1.0.23
  ALBUM_HAVEN_FIXTURE_PROFILE: functional-core
  ALBUM_HAVEN_FIXTURE_ROOT: D:\a\_temp\album-haven-e2e-functional-fixtures-cover-providers\shared
  ALBUM_HAVEN_MEDIA_ROOT: D:\a\_temp\album-haven-e2e-functional-fixtures-cover-providers\shared\media
  pythonLocation: C:\hostedtoolcache\windows\Python\3.11.9\x64
  PKG_CONFIG_PATH: C:\hostedtoolcache\windows\Python\3.11.9\x64/lib/pkgconfig
  Python_ROOT_DIR: C:\hostedtoolcache\windows\Python\3.11.9\x64
  Python2_ROOT_DIR: C:\hostedtoolcache\windows\Python\3.11.9\x64
  Python3_ROOT_DIR: C:\hostedtoolcache\windows\Python\3.11.9\x64
  ALBUM_HAVEN_FUNCTIONAL_FIXTURE_WORK_ROOT: D:\a\_temp\album-haven-e2e-functional-fixtures-cover-providers
  ALBUM_HAVEN_FUNCTIONAL_SOURCE_FIXTURE_ROOT: D:\a\_temp\album-haven-fixtures-c166a7ae018c4afda9abaacbe6b50cc6
  PGPASSFILE: D:\a\_temp\album-haven-postgres-f_35408558207_1_1.pgpass
  ALBUM_HAVEN_CI_DATABASE: album_haven_ci_f_35408558207_1_1
  DATABASE_MIGRATOR_URL: postgresql://album_haven_migrator_f_35408558207_1_1@127.0.0.1/album_haven_ci_f_35408558207_1_1
  DATABASE_APP_URL: postgresql://album_haven_app_f_35408558207_1_1@127.0.0.1/album_haven_ci_f_35408558207_1_1
  DATABASE_READONLY_URL: postgresql://album_haven_readonly_f_35408558207_1_1@127.0.0.1/album_haven_ci_f_35408558207_1_1
  ALBUM_HAVEN_FAKE_E2E_SETUP_DATABASE_URL: postgresql://album_haven_migrator_f_35408558207_1_1@127.0.0.1/album_haven_ci_f_35408558207_1_1
  ALBUM_HAVEN_FAKE_E2E_DATABASE_URL: postgresql://album_haven_app_f_35408558207_1_1@127.0.0.1/album_haven_ci_f_35408558207_1_1
  ALBUM_HAVEN_APP_DATABASE_URL: postgresql://album_haven_app_f_35408558207_1_1@127.0.0.1/album_haven_ci_f_35408558207_1_1
##[endgroup]
{"schemaVersion":1,"cases":113,"shards":{"gallery-search-visual":46,"cover-providers":18,"metadata-mutations":13,"playback-utilities":36}}
##[group]Run $env:PGPASSWORD = $null
$env:PGPASSWORD = $null
$env:PLAYWRIGHT_PYTHON = Join-Path $env:pythonLocation "python.exe"
$env:ALBUM_HAVEN_FUNCTIONAL_PORT_BASE = "5300"
$env:ALBUM_HAVEN_FUNCTIONAL_OUTPUT_ROOT = Join-Path "D:\a\_temp" "functional-output-cover-providers"
$env:ALBUM_HAVEN_FUNCTIONAL_BLOB_ROOT = Join-Path "D:\a\_temp" "functional-blobs-cover-providers"
$arguments = @("--run-shard=cover-providers")
if ("full" -eq "focused-e2e") {
  if ("full" -eq "exact") {
    @($env:FOCUSED_CASES_JSON | ConvertFrom-Json) | ForEach-Object { $arguments += "--run-case=$_" }
  } else {
    @($env:FOCUSED_AREAS_JSON | ConvertFrom-Json) | ForEach-Object { $arguments += "--run-area=$_" }
  }
}
node scripts/ci/validate-functional-shards.cjs @arguments
shell: C:\Program Files\PowerShell\7\pwsh.EXE -command ". '{0}'"
env:
  ALBUM_HAVEN_EXPECTED_FFMPEG_VERSION: 7.1-essentials_build-www.gyan.dev
  ALBUM_HAVEN_FIXTURE_RELEASE: fixtures-v1.0.23
  ALBUM_HAVEN_FIXTURE_PROFILE: functional-core
  ALBUM_HAVEN_FIXTURE_ROOT: D:\a\_temp\album-haven-e2e-functional-fixtures-cover-providers\shared
  ALBUM_HAVEN_MEDIA_ROOT: D:\a\_temp\album-haven-e2e-functional-fixtures-cover-providers\shared\media
  pythonLocation: C:\hostedtoolcache\windows\Python\3.11.9\x64
  PKG_CONFIG_PATH: C:\hostedtoolcache\windows\Python\3.11.9\x64/lib/pkgconfig
  Python_ROOT_DIR: C:\hostedtoolcache\windows\Python\3.11.9\x64
  Python2_ROOT_DIR: C:\hostedtoolcache\windows\Python\3.11.9\x64
  Python3_ROOT_DIR: C:\hostedtoolcache\windows\Python\3.11.9\x64
  ALBUM_HAVEN_FUNCTIONAL_FIXTURE_WORK_ROOT: D:\a\_temp\album-haven-e2e-functional-fixtures-cover-providers
  ALBUM_HAVEN_FUNCTIONAL_SOURCE_FIXTURE_ROOT: D:\a\_temp\album-haven-fixtures-c166a7ae018c4afda9abaacbe6b50cc6
  PGPASSFILE: D:\a\_temp\album-haven-postgres-f_35408558207_1_1.pgpass
  ALBUM_HAVEN_CI_DATABASE: album_haven_ci_f_35408558207_1_1
  DATABASE_MIGRATOR_URL: postgresql://album_haven_migrator_f_35408558207_1_1@127.0.0.1/album_haven_ci_f_35408558207_1_1
  DATABASE_APP_URL: postgresql://album_haven_app_f_35408558207_1_1@127.0.0.1/album_haven_ci_f_35408558207_1_1
  DATABASE_READONLY_URL: postgresql://album_haven_readonly_f_35408558207_1_1@127.0.0.1/album_haven_ci_f_35408558207_1_1
  ALBUM_HAVEN_FAKE_E2E_SETUP_DATABASE_URL: postgresql://album_haven_migrator_f_35408558207_1_1@127.0.0.1/album_haven_ci_f_35408558207_1_1
  ALBUM_HAVEN_FAKE_E2E_DATABASE_URL: postgresql://album_haven_app_f_35408558207_1_1@127.0.0.1/album_haven_ci_f_35408558207_1_1
  ALBUM_HAVEN_APP_DATABASE_URL: postgresql://album_haven_app_f_35408558207_1_1@127.0.0.1/album_haven_ci_f_35408558207_1_1
  PLAYWRIGHT_CHROME_EXECUTABLE: C:\hostedtoolcache\windows\setup-chrome\chrome\151.0.7922.138\x64\chrome.exe
  FOCUSED_CASES_JSON: []
  FOCUSED_AREAS_JSON: []
##[endgroup]
Album Haven production E2E app listening on http://127.0.0.1:5300 with 0 artists, 0 albums, 0 tracks, and provider fixtures on http://127.0.0.1:5302
2026-09-19 00:15:39,981 [INFO] music_app: Startup scan-cache hydration completed files=7200 albums=400
2026-09-19 00:15:39,981 [INFO] music_app: Legacy album exclusions migrated albums=1 removed_rules=18 created_rules=1
2026-09-19 00:15:40,473 [INFO] music_app: Relation projection startup readiness ready=true rebuilt=true reason=missing_projection builder_version=local-relation-builder-v9 source_row_count=7438 duration_ms=456.47 source_load=136.48 fingerprint=59.44 pure_build=149.73 family_link_replacement=7.68 snapshot_publication=1.70
2026-09-19 00:15:41,643 [INFO] music_app: {"action": "Index request completed", "album_count": 0, "artist_count": 0, "bootstrap_mode": "fresh_preview", "covers_in_progress": false, "elapsed_ms": 431.19, "hydrate_in_progress": false, "payload_elapsed_ms": 184.28, "query": "", "scan_in_progress": false, "selected_artist": ""}

Running 1 test using 1 worker

2026-09-19 00:16:13,755 [INFO] music_app: {"action": "Index request completed", "album_count": 0, "artist_count": 0, "bootstrap_mode": "fresh_preview", "covers_in_progress": false, "elapsed_ms": 272.43, "hydrate_in_progress": false, "payload_elapsed_ms": 154.96, "query": "", "scan_in_progress": false, "selected_artist": ""}
[TEST] FTC-COVERS-022 cover gallery loading starts before the task list responds
  [STEP] Hold real candidate image bytes at the isolated provider
  [PASS] Hold real candidate image bytes at the isolated provider (41 ms)
  [STEP] Open seeded candidates through the production album-details control
2026-09-19 00:16:18,594 [INFO] music_app: {"action": "Index request completed", "album_count": 0, "artist_count": 0, "bootstrap_mode": "fresh_preview", "covers_in_progress": false, "elapsed_ms": 277.23, "hydrate_in_progress": false, "payload_elapsed_ms": 165.41, "query": "", "scan_in_progress": false, "selected_artist": ""}
  [PASS] Open seeded candidates through the production album-details control (17603 ms)
  [STEP] Reopen the gallery while candidate image bytes remain blocked
  [PASS] Reopen the gallery while candidate image bytes remain blocked (686 ms)
  [STEP] Release the provider and render the actual proxied Apple image
  [PASS] Release the provider and render the actual proxied Apple image (187 ms)
  ok 1 [functional] › tests\e2e\specs\coverLookup.spec.js:40:1 › FTC-COVERS-022 cover gallery loading starts before the task list responds @area:cover-providers (18.9s)
[album-haven-playwright-result] {"version":1,"phase":"tests-complete","nonce":"5a32f59733e9f98e1b4741686f6f42f4307b25ec27a62329ac2e6f4caaf5c768","status":"passed","total":1,"completed":1,"failed":0,"skipped":0,"errors":0}



[album-haven-playwright-result] {"version":1,"phase":"run-final","nonce":"5a32f59733e9f98e1b4741686f6f42f4307b25ec27a62329ac2e6f4caaf5c768","status":"passed","total":1,"completed":1,"failed":0,"skipped":0,"errors":0}
  1 passed (30.9s)

=== Playwright Summary ===
[✓] coverLookup.spec
  [✓] FTC-COVERS-022 cover gallery loading starts before the task list responds @area:cover-providers

Overall: 1/1 passed
[playwright-wrapper-final-decision] {"wrapperExitCode":0,"attemptReturn":{"exitCode":0,"exitReason":"authoritative-pass"},"fakeDatabaseCleanup":{"status":"completed","error":null,"mode":"lock-only"},"scanAppCleanup":{"status":"not-required","error":null},"isolatedAppCleanup":{"status":"completed","error":null},"tempCleanup":{"status":"completed","error":null,"removedCount":1},"passivePortDiagnostics":[{"port":5300,"status":"completed","error":null,"ownerCount":0},{"port":5302,"status":"completed","error":null,"ownerCount":0}],"finalSummary":{"phase":"run-final","status":"passed","total":1,"completed":1,"failed":0,"skipped":0,"errors":0,"listOnly":false},"exitReason":"authoritative-pass"}
{"restored":0,"removed":0,"unchanged":1497}
Album Haven production E2E app listening on http://127.0.0.1:5300 with 0 artists, 0 albums, 0 tracks, and provider fixtures on http://127.0.0.1:5302
2026-09-19 00:17:10,272 [INFO] music_app: Startup scan-cache hydration completed files=7200 albums=400
2026-09-19 00:17:10,272 [INFO] music_app: Legacy album exclusions migrated albums=1 removed_rules=18 created_rules=1
2026-09-19 00:17:10,858 [INFO] music_app: Relation projection startup readiness ready=true rebuilt=true reason=missing_projection builder_version=local-relation-builder-v9 source_row_count=7438 duration_ms=549.85 source_load=135.44 fingerprint=59.90 pure_build=146.37 family_link_replacement=7.78 snapshot_publication=1.65
2026-09-19 00:17:12,365 [INFO] music_app: {"action": "Index request completed", "album_count": 0, "artist_count": 0, "bootstrap_mode": "fresh_preview", "covers_in_progress": false, "elapsed_ms": 516.28, "hydrate_in_progress": false, "payload_elapsed_ms": 283.35, "query": "", "scan_in_progress": false, "selected_artist": ""}

Running 1 test using 1 worker

2026-09-19 00:17:39,270 [INFO] music_app: {"action": "Index request completed", "album_count": 0, "artist_count": 0, "bootstrap_mode": "fresh_preview", "covers_in_progress": false, "elapsed_ms": 291.25, "hydrate_in_progress": false, "payload_elapsed_ms": 172.99, "query": "", "scan_in_progress": false, "selected_artist": ""}
[TEST] FTC-COVERS-012 fake-album fast cover search appears in the drawer and can be canceled and cleared
  [STEP] Open the fake All Artists gallery and select the exact manifest-backed album
2026-09-19 00:17:42,401 [INFO] music_app: {"action": "Index request completed", "album_count": 0, "artist_count": 0, "bootstrap_mode": "fresh_preview", "covers_in_progress": false, "elapsed_ms": 267.79, "hydrate_in_progress": false, "payload_elapsed_ms": 153.82, "query": "", "scan_in_progress": false, "selected_artist": ""}
  [PASS] Open the fake All Artists gallery and select the exact manifest-backed album (15181 ms)
  [STEP] Open the cover lookup gallery for the fake album and capture its random subtitle
  [PASS] Open the cover lookup gallery for the fake album and capture its random subtitle (232 ms)
  [STEP] Close the gallery and trigger the fast cover search from the track modal
2026-09-19 00:17:57,913 [INFO] music_app: {"action": "Cover lookup task queued", "album": "Crack The Skye Fixture 05", "artist": "Mastodon", "edition": "", "task_id": "53215a6683a1436a8574d826e5eb5058", "year": 2009}
2026-09-19 00:17:57,978 [INFO] music_app: {"action": "Cover lookup task started", "album": "Crack The Skye Fixture 05", "artist": "Mastodon", "edition": "", "task_id": "53215a6683a1436a8574d826e5eb5058", "track_count": 18, "year": 2009}
  [PASS] Close the gallery and trigger the fast cover search from the track modal (626 ms)
  [STEP] Confirm the notification badge and drawer row appear for the fake search
2026-09-19 00:17:58,036 [INFO] music_app.services.cover_provider_runtime: {"action": "Cover search provider started", "album": "Crack The Skye Fixture 05", "artist": "Mastodon", "service": "apple", "year": 2009}
2026-09-19 00:17:58,100 [INFO] music_app.services.cover_provider_musicbrainz_caa: {"action": "Cover Art Archive lookup started", "album": "Crack The Skye Fixture 05", "artist": "Mastodon", "edition": "", "limit": 8, "query_parts": ["artist:\"Mastodon\"", "release:\"Crack The Skye Fixture 05\"", "date:2009"], "year": 2009}
2026-09-19 00:17:58,104 [INFO] music_app.services.cover_provider_musicbrainz_caa: {"action": "CAA code marker", "album": "Crack The Skye Fixture 05", "artist": "Mastodon", "marker": "2026-05-07-caa-ranked-release-search-v2"}
2026-09-19 00:17:58,118 [INFO] music_app.services.cover_provider_runtime: {"action": "Discogs search started", "album": "Crack The Skye Fixture 05", "artist": "Mastodon", "auth_enabled": false, "edition": "", "has_consumer_key": false, "has_consumer_secret": false, "year": 2009}
2026-09-19 00:17:58,120 [INFO] music_app.services.cover_provider_musicbrainz_caa: {"action": "MusicBrainz release search query completed", "album": "Crack The Skye Fixture 05", "artist": "Mastodon", "context_prefix": "cover-art-archive-release-search", "had_payload": true, "mode": "precise", "result_count": 0}
  [PASS] Confirm the notification badge and drawer row appear for the fake search (199 ms)
  [STEP] Cancel the search through the drawer UI and confirm the task becomes canceled
2026-09-19 00:17:58,704 [VERBOSE] music_app.services.cover_provider_runtime: Cover HTTP success service=apple context=search:Mastodon Crack The Skye Fixture 05 2009 status=200 url=http://127.0.0.1:5302/itunes/search?term=Mastodon+Crack+The+Skye+Fixture+05+2009&entity=album&limit=20 bytes=33
2026-09-19 00:17:58,704 [VERBOSE] music_app.services.cover_provider_runtime: Apple raw search results query='Mastodon Crack The Skye Fixture 05 2009' artist='Mastodon' album='Crack The Skye Fixture 05' year=2009 results=[]
2026-09-19 00:17:58,704 [VERBOSE] music_app.services.cover_provider_runtime: Apple search results query='Mastodon Crack The Skye Fixture 05 2009' count=0 top=[]
2026-09-19 00:17:58,704 [INFO] music_app.services.cover_provider_runtime: {"action": "Apple cover miss", "album": "Crack The Skye Fixture 05", "artist": "Mastodon", "query_mode": "artist+album+year:native", "raw_result_count": 0, "raw_results_summary": [], "top_candidates": [], "year": 2009}
2026-09-19 00:17:58,736 [VERBOSE] music_app.services.cover_provider_runtime: Cover HTTP success service=discogs context=database-search:master-artist-release status=200 url=http://127.0.0.1:5302/discogs/database/search?type=master&artist=Mastodon&release_title=Crack+The+Skye+Fixture+05&per_page=8&page=1&year=2009 bytes=43
2026-09-19 00:17:58,736 [INFO] music_app.services.cover_provider_runtime: {"action": "Discogs search query completed", "album": "Crack The Skye Fixture 05", "artist": "Mastodon", "payload_type": "dict", "query_mode": "master-artist-release", "raw_result_count": 0, "result_preview": [], "search_artist": "Mastodon", "search_release_title": "Crack The Skye Fixture 05", "search_type": "master", "search_year": 2009, "year": 2009}
2026-09-19 00:17:58,736 [INFO] music_app.services.cover_provider_runtime: {"accepted_result_count": 0, "action": "Discogs search query filtered", "album": "Crack The Skye Fixture 05", "artist": "Mastodon", "query_mode": "master-artist-release", "raw_result_count": 0, "search_type": "master", "year": 2009}
  [PASS] Cancel the search through the drawer UI and confirm the task becomes canceled (769 ms)
  [STEP] Clear the canceled task from the drawer and confirm no tasks remain
2026-09-19 00:17:59,191 [INFO] music_app.services.cover_provider_runtime: {"action": "MusicBrainz JSON request returned no payload", "attempt": 1, "blocked_reason": "", "cache_hit": false, "context": "cover-art-archive-release-search:artist-release:Mastodon - Crack The Skye Fixture 05", "retry_after_seconds": 0.0, "status": "canceled", "url": "http://127.0.0.1:5302/musicbrainz/release/?query=artist%3A%22Mastodon%22%20AND%20release%3A%22Crack%20The%20Skye%20Fixture%2005%22&fmt=json&limit=24&inc=artist-credits"}
  [PASS] Clear the canceled task from the drawer and confirm no tasks remain (192 ms)
  ok 1 [functional] › tests\e2e\specs\coverLookup.spec.js:91:1 › FTC-COVERS-012 fake-album fast cover search appears in the drawer and can be canceled and cleared @area:cover-providers (17.6s)
[album-haven-playwright-result] {"version":1,"phase":"tests-complete","nonce":"066aee64587adcd79bfcb2f99eb913627391d17034a403d7f51026d07ed66356","status":"passed","total":1,"completed":1,"failed":0,"skipped":0,"errors":0}
2026-09-19 00:17:59,404 [VERBOSE] music_app.services.cover_provider_runtime: Cover HTTP success service=apple context=artist-id-search:Mastodon status=200 url=http://127.0.0.1:5302/itunes/search?term=Mastodon&entity=musicArtist&limit=10 bytes=33
2026-09-19 00:17:59,404 [VERBOSE] music_app.services.cover_provider_runtime: Cover HTTP success service=discogs context=database-search:master-q status=200 url=http://127.0.0.1:5302/discogs/database/search?type=master&q=Mastodon+Crack+The+Skye+Fixture+05+2009&per_page=8&page=1&year=2009 bytes=43
2026-09-19 00:17:59,404 [INFO] music_app.services.cover_provider_runtime: {"action": "Apple artist lookup results", "album": "Crack The Skye Fixture 05", "artist": "Mastodon", "query_artist": "Mastodon", "result_count": 0, "top_results": []}
2026-09-19 00:17:59,404 [INFO] music_app.services.cover_provider_runtime: Cover search provider completed service=apple artist='Mastodon' album='Crack The Skye Fixture 05' year=2009 candidates=0
2026-09-19 00:17:59,404 [INFO] music_app.services.cover_provider_runtime: {"acceptable_candidate_count": 0, "action": "Cover search provider completed", "album": "Crack The Skye Fixture 05", "artist": "Mastodon", "candidate_count": 0, "elapsed_ms": 1368.4, "service": "apple", "year": 2009}
2026-09-19 00:17:59,404 [INFO] music_app.services.cover_provider_runtime: {"action": "Cover search canceled after provider", "album": "Crack The Skye Fixture 05", "artist": "Mastodon", "service": "apple", "year": 2009}



[album-haven-playwright-result] {"version":1,"phase":"run-final","nonce":"066aee64587adcd79bfcb2f99eb913627391d17034a403d7f51026d07ed66356","status":"passed","total":1,"completed":1,"failed":0,"skipped":0,"errors":0}
  1 passed (24.5s)

=== Playwright Summary ===
[✓] coverLookup.spec
  [✓] FTC-COVERS-012 fake-album fast cover search appears in the drawer and can be canceled and cleared @area:cover-providers

Overall: 1/1 passed
[playwright-wrapper-final-decision] {"wrapperExitCode":0,"attemptReturn":{"exitCode":0,"exitReason":"authoritative-pass"},"fakeDatabaseCleanup":{"status":"completed","error":null,"mode":"lock-only"},"scanAppCleanup":{"status":"not-required","error":null},"isolatedAppCleanup":{"status":"completed","error":null},"tempCleanup":{"status":"completed","error":null,"removedCount":1},"passivePortDiagnostics":[{"port":5300,"status":"completed","error":null,"ownerCount":0},{"port":5302,"status":"completed","error":null,"ownerCount":0}],"finalSummary":{"phase":"run-final","status":"passed","total":1,"completed":1,"failed":0,"skipped":0,"errors":0,"listOnly":false},"exitReason":"authoritative-pass"}
{"restored":0,"removed":0,"unchanged":1497}
Album Haven production E2E app listening on http://127.0.0.1:5300 with 0 artists, 0 albums, 0 tracks, and provider fixtures on http://127.0.0.1:5302
2026-09-19 00:18:31,459 [INFO] music_app: Startup scan-cache hydration completed files=7200 albums=400
2026-09-19 00:18:31,459 [INFO] music_app: Legacy album exclusions migrated albums=1 removed_rules=18 created_rules=1
2026-09-19 00:18:31,957 [INFO] music_app: Relation projection startup readiness ready=true rebuilt=true reason=missing_projection builder_version=local-relation-builder-v9 source_row_count=7438 duration_ms=462.30 source_load=142.09 fingerprint=58.82 pure_build=150.44 family_link_replacement=7.63 snapshot_publication=1.66
2026-09-19 00:18:33,252 [INFO] music_app: {"action": "Index request completed", "album_count": 0, "artist_count": 0, "bootstrap_mode": "fresh_preview", "covers_in_progress": false, "elapsed_ms": 428.32, "hydrate_in_progress": false, "payload_elapsed_ms": 179.94, "query": "", "scan_in_progress": false, "selected_artist": ""}

Running 1 test using 1 worker

2026-09-19 00:19:00,818 [INFO] music_app: {"action": "Index request completed", "album_count": 0, "artist_count": 0, "bootstrap_mode": "fresh_preview", "covers_in_progress": false, "elapsed_ms": 273.64, "hydrate_in_progress": false, "payload_elapsed_ms": 149.0, "query": "", "scan_in_progress": false, "selected_artist": ""}
[TEST] FTC-COVERS-007 lookup-start alert does not reposition the cover modal
  [STEP] Open Cover Look Up and start a no-result provider search
2026-09-19 00:19:04,094 [INFO] music_app: {"action": "Index request completed", "album_count": 0, "artist_count": 0, "bootstrap_mode": "fresh_preview", "covers_in_progress": false, "elapsed_ms": 354.16, "hydrate_in_progress": false, "payload_elapsed_ms": 145.66, "query": "", "scan_in_progress": false, "selected_artist": ""}
  [PASS] Open Cover Look Up and start a no-result provider search (15791 ms)
  [STEP] Overlay the alert without changing the modal geometry
2026-09-19 00:19:19,496 [INFO] music_app: {"action": "Cover lookup task queued", "album": "Crack The Skye Fixture 03", "artist": "Mastodon", "edition": "", "task_id": "f96da6e62ee045629538dbbf5d6a1142", "year": 2009}
2026-09-19 00:19:19,557 [INFO] music_app: {"action": "Cover lookup task started", "album": "Crack The Skye Fixture 03", "artist": "Mastodon", "edition": "", "task_id": "f96da6e62ee045629538dbbf5d6a1142", "track_count": 18, "year": 2009}
2026-09-19 00:19:19,563 [INFO] music_app.services.cover_provider_runtime: {"action": "Cover search provider started", "album": "Crack The Skye Fixture 03", "artist": "Mastodon", "service": "apple", "year": 2009}
2026-09-19 00:19:19,564 [INFO] music_app.services.cover_provider_musicbrainz_caa: {"action": "Cover Art Archive lookup started", "album": "Crack The Skye Fixture 03", "artist": "Mastodon", "edition": "", "limit": 8, "query_parts": ["artist:\"Mastodon\"", "release:\"Crack The Skye Fixture 03\"", "date:2009"], "year": 2009}
2026-09-19 00:19:19,565 [INFO] music_app.services.cover_provider_musicbrainz_caa: {"action": "CAA code marker", "album": "Crack The Skye Fixture 03", "artist": "Mastodon", "marker": "2026-05-07-caa-ranked-release-search-v2"}
2026-09-19 00:19:19,578 [INFO] music_app.services.cover_provider_runtime: {"action": "Discogs search started", "album": "Crack The Skye Fixture 03", "artist": "Mastodon", "auth_enabled": false, "edition": "", "has_consumer_key": false, "has_consumer_secret": false, "year": 2009}
2026-09-19 00:19:19,580 [INFO] music_app.services.cover_provider_musicbrainz_caa: {"action": "MusicBrainz release search query completed", "album": "Crack The Skye Fixture 03", "artist": "Mastodon", "context_prefix": "cover-art-archive-release-search", "had_payload": true, "mode": "precise", "result_count": 0}
  [PASS] Overlay the alert without changing the modal geometry (785 ms)
  [STEP] Clear the completed lookup and restore the provider fixture
2026-09-19 00:19:20,206 [VERBOSE] music_app.services.cover_provider_runtime: Cover HTTP success service=apple context=search:Mastodon Crack The Skye Fixture 03 2009 status=200 url=http://127.0.0.1:5302/itunes/search?term=Mastodon+Crack+The+Skye+Fixture+03+2009&entity=album&limit=20 bytes=33
2026-09-19 00:19:20,207 [VERBOSE] music_app.services.cover_provider_runtime: Apple raw search results query='Mastodon Crack The Skye Fixture 03 2009' artist='Mastodon' album='Crack The Skye Fixture 03' year=2009 results=[]
2026-09-19 00:19:20,207 [VERBOSE] music_app.services.cover_provider_runtime: Apple search results query='Mastodon Crack The Skye Fixture 03 2009' count=0 top=[]
2026-09-19 00:19:20,207 [INFO] music_app.services.cover_provider_runtime: {"action": "Apple cover miss", "album": "Crack The Skye Fixture 03", "artist": "Mastodon", "query_mode": "artist+album+year:native", "raw_result_count": 0, "raw_results_summary": [], "top_candidates": [], "year": 2009}
2026-09-19 00:19:20,228 [VERBOSE] music_app.services.cover_provider_runtime: Cover HTTP success service=discogs context=database-search:master-artist-release status=200 url=http://127.0.0.1:5302/discogs/database/search?type=master&artist=Mastodon&release_title=Crack+The+Skye+Fixture+03&per_page=8&page=1&year=2009 bytes=43
2026-09-19 00:19:20,229 [INFO] music_app.services.cover_provider_runtime: {"action": "Discogs search query completed", "album": "Crack The Skye Fixture 03", "artist": "Mastodon", "payload_type": "dict", "query_mode": "master-artist-release", "raw_result_count": 0, "result_preview": [], "search_artist": "Mastodon", "search_release_title": "Crack The Skye Fixture 03", "search_type": "master", "search_year": 2009, "year": 2009}
2026-09-19 00:19:20,229 [INFO] music_app.services.cover_provider_runtime: {"accepted_result_count": 0, "action": "Discogs search query filtered", "album": "Crack The Skye Fixture 03", "artist": "Mastodon", "query_mode": "master-artist-release", "raw_result_count": 0, "search_type": "master", "year": 2009}
2026-09-19 00:19:20,789 [INFO] music_app.services.cover_provider_musicbrainz_caa: {"action": "MusicBrainz release search query completed", "album": "Crack The Skye Fixture 03", "artist": "Mastodon", "context_prefix": "cover-art-archive-release-search", "had_payload": true, "mode": "artist-release", "result_count": 0}
2026-09-19 00:19:20,870 [VERBOSE] music_app.services.cover_provider_runtime: Cover HTTP success service=apple context=artist-id-search:Mastodon status=200 url=http://127.0.0.1:5302/itunes/search?term=Mastodon&entity=musicArtist&limit=10 bytes=33
2026-09-19 00:19:20,871 [INFO] music_app.services.cover_provider_runtime: {"action": "Apple artist lookup results", "album": "Crack The Skye Fixture 03", "artist": "Mastodon", "query_artist": "Mastodon", "result_count": 0, "top_results": []}
2026-09-19 00:19:20,878 [VERBOSE] music_app.services.cover_provider_runtime: Cover HTTP success service=discogs context=database-search:master-q status=200 url=http://127.0.0.1:5302/discogs/database/search?type=master&q=Mastodon+Crack+The+Skye+Fixture+03+2009&per_page=8&page=1&year=2009 bytes=43
2026-09-19 00:19:20,878 [INFO] music_app.services.cover_provider_runtime: {"action": "Discogs search query completed", "album": "Crack The Skye Fixture 03", "artist": "Mastodon", "payload_type": "dict", "query_mode": "master-q", "raw_result_count": 0, "result_preview": [], "search_artist": "", "search_release_title": "", "search_type": "master", "search_year": 2009, "year": 2009}
2026-09-19 00:19:20,879 [INFO] music_app.services.cover_provider_runtime: {"accepted_result_count": 0, "action": "Discogs search query filtered", "album": "Crack The Skye Fixture 03", "artist": "Mastodon", "query_mode": "master-q", "raw_result_count": 0, "search_type": "master", "year": 2009}
2026-09-19 00:19:21,106 [VERBOSE] music_app.services.cover_provider_runtime: Cover HTTP success service=apple context=search:Mastodon Crack The Skye Fixture 03 status=200 url=http://127.0.0.1:5302/itunes/search?term=Mastodon+Crack+The+Skye+Fixture+03&entity=album&limit=20 bytes=33
2026-09-19 00:19:21,106 [VERBOSE] music_app.services.cover_provider_runtime: Apple raw search results query='Mastodon Crack The Skye Fixture 03' artist='Mastodon' album='Crack The Skye Fixture 03' year=2009 results=[]
2026-09-19 00:19:21,106 [VERBOSE] music_app.services.cover_provider_runtime: Apple search results query='Mastodon Crack The Skye Fixture 03' count=0 top=[]
2026-09-19 00:19:21,108 [INFO] music_app.services.cover_provider_runtime: {"action": "Apple cover miss", "album": "Crack The Skye Fixture 03", "artist": "Mastodon", "query_mode": "artist+album:native", "raw_result_count": 0, "raw_results_summary": [], "top_candidates": [], "year": 2009}
2026-09-19 00:19:21,108 [INFO] music_app.services.cover_provider_runtime: {"action": "Apple artist lookup results", "album": "Crack The Skye Fixture 03", "artist": "Mastodon", "query_artist": "Mastodon", "result_count": 0, "top_results": []}
2026-09-19 00:19:21,127 [VERBOSE] music_app.services.cover_provider_runtime: Cover HTTP success service=discogs context=database-search:release-artist-release status=200 url=http://127.0.0.1:5302/discogs/database/search?type=release&artist=Mastodon&release_title=Crack+The+Skye+Fixture+03&per_page=8&page=1&year=2009 bytes=43
2026-09-19 00:19:21,127 [INFO] music_app.services.cover_provider_runtime: {"action": "Discogs search query completed", "album": "Crack The Skye Fixture 03", "artist": "Mastodon", "payload_type": "dict", "query_mode": "release-artist-release", "raw_result_count": 0, "result_preview": [], "search_artist": "Mastodon", "search_release_title": "Crack The Skye Fixture 03", "search_type": "release", "search_year": 2009, "year": 2009}
2026-09-19 00:19:21,127 [INFO] music_app.services.cover_provider_runtime: {"accepted_result_count": 0, "action": "Discogs search query filtered", "album": "Crack The Skye Fixture 03", "artist": "Mastodon", "query_mode": "release-artist-release", "raw_result_count": 0, "search_type": "release", "year": 2009}
2026-09-19 00:19:21,414 [VERBOSE] music_app.services.cover_provider_runtime: Cover HTTP success service=apple-web-discovery context=search:site:music.apple.com/album "Mastodon" "Crack The Skye Fixture 03":duckduckgo-html status=200 url=http://127.0.0.1:5302/duckduckgo-search?q=site%3Amusic.apple.com%2Falbum+%22Mastodon%22+%22Crack+The+Skye+Fixture+03%22 bytes=41
2026-09-19 00:19:21,414 [INFO] music_app.services.cover_provider_runtime: {"action": "Apple album web discovery results", "album": "Crack The Skye Fixture 03", "artist": "Mastodon", "final_url": "http://127.0.0.1:5302/duckduckgo-search?q=site%3Amusic.apple.com%2Falbum+%22Mastodon%22+%22Crack+The+Skye+Fixture+03%22", "query": "site:music.apple.com/album \"Mastodon\" \"Crack The Skye Fixture 03\"", "result_count": 0, "results": [], "source": "duckduckgo-html"}
2026-09-19 00:19:21,448 [VERBOSE] music_app.services.cover_provider_runtime: Cover HTTP success service=discogs context=database-search:release-q status=200 url=http://127.0.0.1:5302/discogs/database/search?type=release&q=Mastodon+Crack+The+Skye+Fixture+03+2009&per_page=8&page=1&year=2009 bytes=43
2026-09-19 00:19:21,448 [INFO] music_app.services.cover_provider_runtime: {"action": "Discogs search query completed", "album": "Crack The Skye Fixture 03", "artist": "Mastodon", "payload_type": "dict", "query_mode": "release-q", "raw_result_count": 0, "result_preview": [], "search_artist": "", "search_release_title": "", "search_type": "release", "search_year": 2009, "year": 2009}
2026-09-19 00:19:21,448 [INFO] music_app.services.cover_provider_runtime: {"accepted_result_count": 0, "action": "Discogs search query filtered", "album": "Crack The Skye Fixture 03", "artist": "Mastodon", "query_mode": "release-q", "raw_result_count": 0, "search_type": "release", "year": 2009}
2026-09-19 00:19:21,679 [VERBOSE] music_app.services.cover_provider_runtime: Cover HTTP success service=apple-web-discovery context=search:site:music.apple.com/album "Mastodon" "Crack The Skye Fixture 03":bing status=200 url=http://127.0.0.1:5302/bing-search?q=site%3Amusic.apple.com%2Falbum+%22Mastodon%22+%22Crack+The+Skye+Fixture+03%22 bytes=41
2026-09-19 00:19:21,680 [INFO] music_app.services.cover_provider_runtime: {"action": "Apple album web discovery results", "album": "Crack The Skye Fixture 03", "artist": "Mastodon", "final_url": "http://127.0.0.1:5302/bing-search?q=site%3Amusic.apple.com%2Falbum+%22Mastodon%22+%22Crack+The+Skye+Fixture+03%22", "query": "site:music.apple.com/album \"Mastodon\" \"Crack The Skye Fixture 03\"", "result_count": 0, "results": [], "source": "bing"}
2026-09-19 00:19:21,712 [VERBOSE] music_app.services.cover_provider_runtime: Cover HTTP success service=discogs context=database-search:release-title-q status=200 url=http://127.0.0.1:5302/discogs/database/search?type=release&q=Crack+The+Skye+Fixture+03+2009&per_page=8&page=1&year=2009 bytes=43
2026-09-19 00:19:21,712 [INFO] music_app.services.cover_provider_runtime: {"action": "Discogs search query completed", "album": "Crack The Skye Fixture 03", "artist": "Mastodon", "payload_type": "dict", "query_mode": "release-title-q", "raw_result_count": 0, "result_preview": [], "search_artist": "", "search_release_title": "", "search_type": "release", "search_year": 2009, "year": 2009}
2026-09-19 00:19:21,712 [INFO] music_app.services.cover_provider_runtime: {"accepted_result_count": 0, "action": "Discogs search query filtered", "album": "Crack The Skye Fixture 03", "artist": "Mastodon", "query_mode": "release-title-q", "raw_result_count": 0, "search_type": "release", "year": 2009}
2026-09-19 00:19:21,712 [INFO] music_app.services.cover_provider_runtime: {"action": "Discogs search matches prepared", "album": "Crack The Skye Fixture 03", "artist": "Mastodon", "detail_attempt_count": 0, "expanded_master_count": 0, "prepared_match_count": 0, "prepared_matches": [], "unique_ranked_result_count": 0, "year": 2009}
2026-09-19 00:19:21,712 [INFO] music_app.services.cover_provider_runtime: {"action": "Discogs search produced no prepared matches", "album": "Crack The Skye Fixture 03", "artist": "Mastodon", "year": 2009}
2026-09-19 00:19:21,845 [INFO] music_app.services.cover_provider_musicbrainz_caa: {"action": "MusicBrainz release search query completed", "album": "Crack The Skye Fixture 03", "artist": "Mastodon", "context_prefix": "cover-art-archive-release-search", "had_payload": true, "mode": "release-only", "result_count": 0}
2026-09-19 00:19:21,845 [INFO] music_app.services.cover_provider_musicbrainz_caa: {"action": "MusicBrainz release search unavailable", "album": "Crack The Skye Fixture 03", "artist": "Mastodon", "context_prefix": "cover-art-archive-release-search", "include_labels": false, "reason": "empty_payload_results"}
2026-09-19 00:19:21,845 [INFO] music_app.services.cover_provider_musicbrainz_caa: {"action": "Cover Art Archive lookup finished", "album": "Crack The Skye Fixture 03", "artist": "Mastodon", "reason": "musicbrainz_release_search_returned_no_results"}
2026-09-19 00:19:21,888 [VERBOSE] music_app.services.cover_provider_runtime: Cover HTTP success service=apple-web-discovery context=search:"Mastodon" "Crack The Skye Fixture 03" "Apple Music":duckduckgo-html status=200 url=http://127.0.0.1:5302/duckduckgo-search?q=%22Mastodon%22+%22Crack+The+Skye+Fixture+03%22+%22Apple+Music%22 bytes=41
2026-09-19 00:19:21,888 [INFO] music_app.services.cover_provider_runtime: {"action": "Apple album web discovery results", "album": "Crack The Skye Fixture 03", "artist": "Mastodon", "final_url": "http://127.0.0.1:5302/duckduckgo-search?q=%22Mastodon%22+%22Crack+The+Skye+Fixture+03%22+%22Apple+Music%22", "query": "\"Mastodon\" \"Crack The Skye Fixture 03\" \"Apple Music\"", "result_count": 0, "results": [], "source": "duckduckgo-html"}
2026-09-19 00:19:22,078 [VERBOSE] music_app.services.cover_provider_runtime: Cover HTTP success service=apple-web-discovery context=search:"Mastodon" "Crack The Skye Fixture 03" "Apple Music":bing status=200 url=http://127.0.0.1:5302/bing-search?q=%22Mastodon%22+%22Crack+The+Skye+Fixture+03%22+%22Apple+Music%22 bytes=41
2026-09-19 00:19:22,080 [INFO] music_app.services.cover_provider_runtime: {"action": "Apple album web discovery results", "album": "Crack The Skye Fixture 03", "artist": "Mastodon", "final_url": "http://127.0.0.1:5302/bing-search?q=%22Mastodon%22+%22Crack+The+Skye+Fixture+03%22+%22Apple+Music%22", "query": "\"Mastodon\" \"Crack The Skye Fixture 03\" \"Apple Music\"", "result_count": 0, "results": [], "source": "bing"}
2026-09-19 00:19:22,270 [VERBOSE] music_app.services.cover_provider_runtime: Cover HTTP success service=apple-web-discovery context=search:site:music.apple.com/album "Crack The Skye Fixture 03":duckduckgo-html status=200 url=http://127.0.0.1:5302/duckduckgo-search?q=site%3Amusic.apple.com%2Falbum+%22Crack+The+Skye+Fixture+03%22 bytes=41
2026-09-19 00:19:22,270 [INFO] music_app.services.cover_provider_runtime: {"action": "Apple album web discovery results", "album": "Crack The Skye Fixture 03", "artist": "Mastodon", "final_url": "http://127.0.0.1:5302/duckduckgo-search?q=site%3Amusic.apple.com%2Falbum+%22Crack+The+Skye+Fixture+03%22", "query": "site:music.apple.com/album \"Crack The Skye Fixture 03\"", "result_count": 0, "results": [], "source": "duckduckgo-html"}
2026-09-19 00:19:22,475 [VERBOSE] music_app.services.cover_provider_runtime: Cover HTTP success service=apple-web-discovery context=search:site:music.apple.com/album "Crack The Skye Fixture 03":bing status=200 url=http://127.0.0.1:5302/bing-search?q=site%3Amusic.apple.com%2Falbum+%22Crack+The+Skye+Fixture+03%22 bytes=41
2026-09-19 00:19:22,475 [INFO] music_app.services.cover_provider_runtime: {"action": "Apple album web discovery results", "album": "Crack The Skye Fixture 03", "artist": "Mastodon", "final_url": "http://127.0.0.1:5302/bing-search?q=site%3Amusic.apple.com%2Falbum+%22Crack+The+Skye+Fixture+03%22", "query": "site:music.apple.com/album \"Crack The Skye Fixture 03\"", "result_count": 0, "results": [], "source": "bing"}
2026-09-19 00:19:22,666 [VERBOSE] music_app.services.cover_provider_runtime: Cover HTTP success service=apple-web-discovery context=search:"Crack The Skye Fixture 03" "Apple Music" 2009:duckduckgo-html status=200 url=http://127.0.0.1:5302/duckduckgo-search?q=%22Crack+The+Skye+Fixture+03%22+%22Apple+Music%22+2009 bytes=41
2026-09-19 00:19:22,666 [INFO] music_app.services.cover_provider_runtime: {"action": "Apple album web discovery results", "album": "Crack The Skye Fixture 03", "artist": "Mastodon", "final_url": "http://127.0.0.1:5302/duckduckgo-search?q=%22Crack+The+Skye+Fixture+03%22+%22Apple+Music%22+2009", "query": "\"Crack The Skye Fixture 03\" \"Apple Music\" 2009", "result_count": 0, "results": [], "source": "duckduckgo-html"}
2026-09-19 00:19:22,858 [VERBOSE] music_app.services.cover_provider_runtime: Cover HTTP success service=apple-web-discovery context=search:"Crack The Skye Fixture 03" "Apple Music" 2009:bing status=200 url=http://127.0.0.1:5302/bing-search?q=%22Crack+The+Skye+Fixture+03%22+%22Apple+Music%22+2009 bytes=41
2026-09-19 00:19:22,858 [INFO] music_app.services.cover_provider_runtime: {"action": "Apple album web discovery results", "album": "Crack The Skye Fixture 03", "artist": "Mastodon", "final_url": "http://127.0.0.1:5302/bing-search?q=%22Crack+The+Skye+Fixture+03%22+%22Apple+Music%22+2009", "query": "\"Crack The Skye Fixture 03\" \"Apple Music\" 2009", "result_count": 0, "results": [], "source": "bing"}
2026-09-19 00:19:22,858 [INFO] music_app.services.cover_provider_runtime: Cover search provider completed service=apple artist='Mastodon' album='Crack The Skye Fixture 03' year=2009 candidates=0
2026-09-19 00:19:22,858 [INFO] music_app.services.cover_provider_runtime: {"acceptable_candidate_count": 0, "action": "Cover search provider completed", "album": "Crack The Skye Fixture 03", "artist": "Mastodon", "candidate_count": 0, "elapsed_ms": 3295.64, "service": "apple", "year": 2009}
2026-09-19 00:19:22,858 [INFO] music_app.services.cover_provider_runtime: {"acceptable_candidate_count": 0, "action": "Cover search primary services evaluated", "album": "Crack The Skye Fixture 03", "artist": "Mastodon", "primary_has_acceptable": false, "skip_spotify": false, "total_candidate_count": 0, "year": 2009}
2026-09-19 00:19:22,860 [VERBOSE] music_app.services.cover_provider_runtime: Cover candidate probe start source=direct_url artist='Mastodon' album='Crack The Skye Fixture 03' year=2009 query_mode=manual-url best_score=1.0000 cutoff=0.0000 contenders=[{'score': 1.0, 'url': 'http://cover-fixture.example:5302/manual/approved-cover-01/cover.jpg'}]
2026-09-19 00:19:22,860 [VERBOSE] music_app.services.cover_provider_runtime: Cover candidate probe start source=direct_url artist='Mastodon' album='Crack The Skye Fixture 03' year=2009 query_mode=manual-url best_score=1.0000 cutoff=0.0000 contenders=[{'score': 1.0, 'url': 'http://cover-fixture.example:5302/manual/approved-cover-01/other-art.jpg'}]
2026-09-19 00:19:23,156 [VERBOSE] music_app.services.cover_provider_runtime: Cover HTTP error service=direct_url context=probe:manual-url:Mastodon - Crack The Skye Fixture 03 status=404 url=http://cover-fixture.example:5302/manual/approved-cover-01/other-art.jpg body='<!DOCTYPE HTML> <html lang="en"> <head> <meta charset="utf-8"> <title>Error response</title> </head> <body> <h1>Error response</h1> <p>Error code: 404</p> <p>Message: Not Found.</p> <p>Error code explanation: 404 - Nothing matches the given URI.</p> </body> </html>'
2026-09-19 00:19:23,156 [VERBOSE] music_app.services.cover_provider_runtime: Cover candidate probe no-bytes source=direct_url artist='Mastodon' album='Crack The Skye Fixture 03' year=2009 score=1.0000 url=http://cover-fixture.example:5302/manual/approved-cover-01/other-art.jpg attempted_urls=['http://cover-fixture.example:5302/manual/approved-cover-01/other-art.jpg']
2026-09-19 00:19:23,162 [VERBOSE] music_app.services.cover_provider_runtime: Cover HTTP error service=manual-remote context=manual-page:http://cover-fixture.example:5302/manual/approved-cover-01 status=404 url=http://cover-fixture.example:5302/manual/approved-cover-01 body='<!DOCTYPE HTML> <html lang="en"> <head> <meta charset="utf-8"> <title>Error response</title> </head> <body> <h1>Error response</h1> <p>Error code: 404</p> <p>Message: Not Found.</p> <p>Error code explanation: 404 - Nothing matches the given URI.</p> </body> </html>'
2026-09-19 00:19:23,185 [VERBOSE] music_app.services.cover_provider_runtime: Cover HTTP error service=direct_url context=probe:manual-url:Mastodon - Crack The Skye Fixture 03 status=404 url=http://cover-fixture.example:5302/manual/approved-cover-01/cover.jpg body='<!DOCTYPE HTML> <html lang="en"> <head> <meta charset="utf-8"> <title>Error response</title> </head> <body> <h1>Error response</h1> <p>Error code: 404</p> <p>Message: Not Found.</p> <p>Error code explanation: 404 - Nothing matches the given URI.</p> </body> </html>'
2026-09-19 00:19:23,185 [VERBOSE] music_app.services.cover_provider_runtime: Cover candidate probe no-bytes source=direct_url artist='Mastodon' album='Crack The Skye Fixture 03' year=2009 score=1.0000 url=http://cover-fixture.example:5302/manual/approved-cover-01/cover.jpg attempted_urls=['http://cover-fixture.example:5302/manual/approved-cover-01/cover.jpg']
2026-09-19 00:19:23,285 [INFO] music_app: {"action": "Cover lookup service candidates collected", "album": "Crack The Skye Fixture 03", "artist": "Mastodon", "candidate_count": 2, "manual_candidate_count": 2, "task_id": "f96da6e62ee045629538dbbf5d6a1142"}
2026-09-19 00:19:23,372 [INFO] music_app: {"action": "Cover lookup Bandcamp search completed", "album": "Crack The Skye Fixture 03", "artist": "Mastodon", "candidate_count": 0, "task_id": "f96da6e62ee045629538dbbf5d6a1142"}
2026-09-19 00:19:23,372 [INFO] music_app: {"action": "Cover lookup CAA search completed", "album": "Crack The Skye Fixture 03", "artist": "Mastodon", "candidate_count": 0, "task_id": "f96da6e62ee045629538dbbf5d6a1142"}
2026-09-19 00:19:23,372 [INFO] music_app: {"action": "Cover lookup Discogs search completed", "album": "Crack The Skye Fixture 03", "artist": "Mastodon", "candidate_count": 0, "task_id": "f96da6e62ee045629538dbbf5d6a1142"}
2026-09-19 00:19:23,461 [INFO] music_app: {"action": "Cover lookup artist website search completed", "album": "Crack The Skye Fixture 03", "artist": "Mastodon", "candidate_count": 0, "task_id": "f96da6e62ee045629538dbbf5d6a1142"}
  [PASS] Clear the completed lookup and restore the provider fixture (4366 ms)
  ok 1 [functional] › tests\e2e\specs\coverLookup.spec.js:141:1 › FTC-COVERS-007 lookup-start alert does not reposition the cover modal @area:cover-providers (21.3s)
[album-haven-playwright-result] {"version":1,"phase":"tests-complete","nonce":"bf47dca69e894d741758dabc6805cc15ab76d63e987e623adc78e36dead5ecbc","status":"passed","total":1,"completed":1,"failed":0,"skipped":0,"errors":0}



[album-haven-playwright-result] {"version":1,"phase":"run-final","nonce":"bf47dca69e894d741758dabc6805cc15ab76d63e987e623adc78e36dead5ecbc","status":"passed","total":1,"completed":1,"failed":0,"skipped":0,"errors":0}
  1 passed (28.3s)

=== Playwright Summary ===
[✓] coverLookup.spec
  [✓] FTC-COVERS-007 lookup-start alert does not reposition the cover modal @area:cover-providers

Overall: 1/1 passed
[playwright-wrapper-final-decision] {"wrapperExitCode":0,"attemptReturn":{"exitCode":0,"exitReason":"authoritative-pass"},"fakeDatabaseCleanup":{"status":"completed","error":null,"mode":"lock-only"},"scanAppCleanup":{"status":"not-required","error":null},"isolatedAppCleanup":{"status":"completed","error":null},"tempCleanup":{"status":"completed","error":null,"removedCount":1},"passivePortDiagnostics":[{"port":5300,"status":"completed","error":null,"ownerCount":0},{"port":5302,"status":"completed","error":null,"ownerCount":0}],"finalSummary":{"phase":"run-final","status":"passed","total":1,"completed":1,"failed":0,"skipped":0,"errors":0,"listOnly":false},"exitReason":"authoritative-pass"}
{"restored":0,"removed":0,"unchanged":1497}
Album Haven production E2E app listening on http://127.0.0.1:5300 with 0 artists, 0 albums, 0 tracks, and provider fixtures on http://127.0.0.1:5302
2026-09-19 00:19:57,233 [INFO] music_app: Startup scan-cache hydration completed files=7200 albums=400
2026-09-19 00:19:57,234 [INFO] music_app: Legacy album exclusions migrated albums=1 removed_rules=18 created_rules=1
2026-09-19 00:19:57,746 [INFO] music_app: Relation projection startup readiness ready=true rebuilt=true reason=missing_projection builder_version=local-relation-builder-v9 source_row_count=7438 duration_ms=472.89 source_load=140.50 fingerprint=63.15 pure_build=152.89 family_link_replacement=8.32 snapshot_publication=1.83
2026-09-19 00:19:59,001 [INFO] music_app: {"action": "Index request completed", "album_count": 0, "artist_count": 0, "bootstrap_mode": "fresh_preview", "covers_in_progress": false, "elapsed_ms": 471.64, "hydrate_in_progress": false, "payload_elapsed_ms": 203.78, "query": "", "scan_in_progress": false, "selected_artist": ""}

Running 1 test using 1 worker

2026-09-19 00:20:31,623 [INFO] music_app: {"action": "Index request completed", "album_count": 0, "artist_count": 0, "bootstrap_mode": "fresh_preview", "covers_in_progress": false, "elapsed_ms": 382.98, "hydrate_in_progress": false, "payload_elapsed_ms": 165.86, "query": "", "scan_in_progress": false, "selected_artist": ""}
[TEST] FTC-COVERS-007 notification states and bulk clear preserve active work
  [STEP] Start a full lookup with a topmost centered alert that does not move the modal
2026-09-19 00:20:34,809 [INFO] music_app: {"action": "Index request completed", "album_count": 0, "artist_count": 0, "bootstrap_mode": "fresh_preview", "covers_in_progress": false, "elapsed_ms": 285.34, "hydrate_in_progress": false, "payload_elapsed_ms": 166.29, "query": "", "scan_in_progress": false, "selected_artist": ""}
2026-09-19 00:20:50,544 [INFO] music_app: {"action": "Cover lookup task queued", "album": "Crack The Skye Fixture 03", "artist": "Mastodon", "edition": "", "task_id": "77b756e1ebf1425b969ec03ec24e6516", "year": 2009}
2026-09-19 00:20:50,610 [INFO] music_app: {"action": "Cover lookup task started", "album": "Crack The Skye Fixture 03", "artist": "Mastodon", "edition": "", "task_id": "77b756e1ebf1425b969ec03ec24e6516", "track_count": 18, "year": 2009}
2026-09-19 00:20:50,618 [INFO] music_app.services.cover_provider_musicbrainz_caa: {"action": "Cover Art Archive lookup started", "album": "Crack The Skye Fixture 03", "artist": "Mastodon", "edition": "", "limit": 8, "query_parts": ["artist:\"Mastodon\"", "release:\"Crack The Skye Fixture 03\"", "date:2009"], "year": 2009}
2026-09-19 00:20:50,619 [INFO] music_app.services.cover_provider_musicbrainz_caa: {"action": "CAA code marker", "album": "Crack The Skye Fixture 03", "artist": "Mastodon", "marker": "2026-05-07-caa-ranked-release-search-v2"}
2026-09-19 00:20:50,624 [INFO] music_app.services.cover_provider_runtime: {"action": "Cover search provider started", "album": "Crack The Skye Fixture 03", "artist": "Mastodon", "service": "apple", "year": 2009}
2026-09-19 00:20:50,631 [INFO] music_app.services.cover_provider_runtime: {"action": "Discogs search started", "album": "Crack The Skye Fixture 03", "artist": "Mastodon", "auth_enabled": false, "edition": "", "has_consumer_key": false, "has_consumer_secret": false, "year": 2009}
2026-09-19 00:20:50,632 [INFO] music_app.services.cover_provider_musicbrainz_caa: {"action": "MusicBrainz release search query completed", "album": "Crack The Skye Fixture 03", "artist": "Mastodon", "context_prefix": "cover-art-archive-release-search", "had_payload": true, "mode": "precise", "result_count": 1}
2026-09-19 00:20:51,277 [VERBOSE] music_app.services.cover_provider_runtime: Cover HTTP success service=apple context=search:Mastodon Crack The Skye Fixture 03 2009 status=200 url=http://127.0.0.1:5302/itunes/search?term=Mastodon+Crack+The+Skye+Fixture+03+2009&entity=album&limit=20 bytes=549
2026-09-19 00:20:51,277 [VERBOSE] music_app.services.cover_provider_runtime: Apple raw search results query='Mastodon Crack The Skye Fixture 03 2009' artist='Mastodon' album='Crack The Skye Fixture 03' year=2009 results=[{'wrapperType': 'collection', 'collectionType': 'Album', 'artistId': 746487, 'collectionId': 931923, 'artistName': 'Mastodon', 'collectionName': 'Crack The Skye', 'collectionViewUrl': 'http://cover-fixture.example:5302/apple/album/cover-01-7500x7500-087120377c13', 'artistViewUrl': 'http://cover-fixture.example:5302/apple/artist/cover-01-7500x7500-087120377c13', 'artworkUrl100': 'http://cover-fixture.example:5302/apple/artwork/cover-01-7500x7500-087120377c13/100x100bb.jpg', 'releaseDate': '2009-01-01T00:00:00Z'}]
2026-09-19 00:20:51,308 [VERBOSE] music_app.services.cover_provider_runtime: Cover HTTP success service=discogs context=database-search:master-artist-release status=200 url=http://127.0.0.1:5302/discogs/database/search?type=master&artist=Mastodon&release_title=Crack+The+Skye+Fixture+03&per_page=8&page=1&year=2009 bytes=480
2026-09-19 00:20:51,308 [INFO] music_app.services.cover_provider_runtime: {"action": "Discogs search query completed", "album": "Crack The Skye Fixture 03", "artist": "Mastodon", "payload_type": "dict", "query_mode": "master-artist-release", "raw_result_count": 1, "result_preview": [{"resource_url": "https://api.discogs.com/releases/900001", "title": "Mastodon - Crack The Skye", "type": "release", "year": 2009}], "search_artist": "Mastodon", "search_release_title": "Crack The Skye Fixture 03", "search_type": "master", "search_year": 2009, "year": 2009}
2026-09-19 00:20:51,309 [INFO] music_app.services.cover_provider_runtime: {"accepted_result_count": 1, "action": "Discogs search query filtered", "album": "Crack The Skye Fixture 03", "artist": "Mastodon", "query_mode": "master-artist-release", "raw_result_count": 1, "search_type": "master", "year": 2009}
2026-09-19 00:20:52,024 [INFO] music_app.services.cover_provider_musicbrainz_caa: {"action": "MusicBrainz release search query completed", "album": "Crack The Skye Fixture 03", "artist": "Mastodon", "context_prefix": "cover-art-archive-release-search", "had_payload": true, "mode": "artist-release", "result_count": 1}
2026-09-19 00:20:52,109 [VERBOSE] music_app.services.cover_provider_runtime: Cover HTTP success service=apple context=probe:api-sufficiency:Mastodon - Crack The Skye Fixture 03 status=200 url=http://cover-fixture.example:5302/apple/artwork/cover-01-7500x7500-087120377c13/9999x9999-100.jpg bytes=13333242
2026-09-19 00:20:52,111 [VERBOSE] music_app.services.cover_provider_runtime: Cover HTTP success service=discogs context=database-search:master-q status=200 url=http://127.0.0.1:5302/discogs/database/search?type=master&q=Mastodon+Crack+The+Skye+Fixture+03+2009&per_page=8&page=1&year=2009 bytes=480
2026-09-19 00:20:52,111 [INFO] music_app.services.cover_provider_runtime: {"action": "Discogs search query completed", "album": "Crack The Skye Fixture 03", "artist": "Mastodon", "payload_type": "dict", "query_mode": "master-q", "raw_result_count": 1, "result_preview": [{"resource_url": "https://api.discogs.com/releases/900001", "title": "Mastodon - Crack The Skye", "type": "release", "year": 2009}], "search_artist": "", "search_release_title": "", "search_type": "master", "search_year": 2009, "year": 2009}
2026-09-19 00:20:52,112 [INFO] music_app.services.cover_provider_runtime: {"accepted_result_count": 0, "action": "Discogs search query filtered", "album": "Crack The Skye Fixture 03", "artist": "Mastodon", "query_mode": "master-q", "raw_result_count": 1, "search_type": "master", "year": 2009}
2026-09-19 00:20:52,355 [VERBOSE] music_app.services.cover_provider_runtime: Cover HTTP success service=discogs context=database-search:release-artist-release status=200 url=http://127.0.0.1:5302/discogs/database/search?type=release&artist=Mastodon&release_title=Crack+The+Skye+Fixture+03&per_page=8&page=1&year=2009 bytes=480
2026-09-19 00:20:52,357 [INFO] music_app.services.cover_provider_runtime: {"action": "Discogs search query completed", "album": "Crack The Skye Fixture 03", "artist": "Mastodon", "payload_type": "dict", "query_mode": "release-artist-release", "raw_result_count": 1, "result_preview": [{"resource_url": "https://api.discogs.com/releases/900001", "title": "Mastodon - Crack The Skye", "type": "release", "year": 2009}], "search_artist": "Mastodon", "search_release_title": "Crack The Skye Fixture 03", "search_type": "release", "search_year": 2009, "year": 2009}
2026-09-19 00:20:52,357 [INFO] music_app.services.cover_provider_runtime: {"accepted_result_count": 0, "action": "Discogs search query filtered", "album": "Crack The Skye Fixture 03", "artist": "Mastodon", "query_mode": "release-artist-release", "raw_result_count": 1, "search_type": "release", "year": 2009}
2026-09-19 00:20:52,526 [VERBOSE] music_app.services.cover_provider_runtime: Apple API artwork sufficient artist='Mastodon' album='Crack The Skye Fixture 03' year=2009 score=1.1750 width=7500 height=7500 sharpness=13.7795
2026-09-19 00:20:52,614 [VERBOSE] music_app.services.cover_provider_runtime: Cover HTTP success service=discogs context=database-search:release-q status=200 url=http://127.0.0.1:5302/discogs/database/search?type=release&q=Mastodon+Crack+The+Skye+Fixture+03+2009&per_page=8&page=1&year=2009 bytes=480
2026-09-19 00:20:52,614 [INFO] music_app.services.cover_provider_runtime: {"action": "Discogs search query completed", "album": "Crack The Skye Fixture 03", "artist": "Mastodon", "payload_type": "dict", "query_mode": "release-q", "raw_result_count": 1, "result_preview": [{"resource_url": "https://api.discogs.com/releases/900001", "title": "Mastodon - Crack The Skye", "type": "release", "year": 2009}], "search_artist": "", "search_release_title": "", "search_type": "release", "search_year": 2009, "year": 2009}
2026-09-19 00:20:52,614 [INFO] music_app.services.cover_provider_runtime: {"accepted_result_count": 0, "action": "Discogs search query filtered", "album": "Crack The Skye Fixture 03", "artist": "Mastodon", "query_mode": "release-q", "raw_result_count": 1, "search_type": "release", "year": 2009}
  [PASS] Start a full lookup with a topmost centered alert that does not move the modal (18309 ms)
  [STEP] Select the notification card text without opening the modal and verify the completed elapsed pill
2026-09-19 00:20:52,815 [VERBOSE] music_app.services.cover_provider_runtime: Cover HTTP success service=apple context=album-page:http://cover-fixture.example:5302/apple/album/cover-01-7500x7500-087120377c13 status=200 url=http://cover-fixture.example:5302/apple/album/cover-01-7500x7500-087120377c13 bytes=699
2026-09-19 00:20:52,815 [VERBOSE] music_app.services.cover_provider_runtime: Apple page artwork candidates page=http://cover-fixture.example:5302/apple/album/cover-01-7500x7500-087120377c13 count=1 candidates=['http://cover-fixture.example:5302/apple/artwork/cover-01-7500x7500-087120377c13/9999x9999bb-100.jpg']
2026-09-19 00:20:52,815 [VERBOSE] music_app.services.cover_provider_runtime: Apple search results query='Mastodon Crack The Skye Fixture 03 2009' count=1 top=[{'score': 1.175, 'artist': 'Mastodon', 'album': 'Crack The Skye', 'year': 2009}]
2026-09-19 00:20:52,815 [VERBOSE] music_app.services.cover_provider_runtime: Cover candidate probe start source=apple artist='Mastodon' album='Crack The Skye Fixture 03' year=2009 query_mode=artist+album+year:native best_score=1.1750 cutoff=0.0000 contenders=[{'score': 1.175, 'url': 'http://cover-fixture.example:5302/apple/artwork/cover-01-7500x7500-087120377c13/9999x9999-100.jpg'}]
2026-09-19 00:20:52,817 [VERBOSE] music_app.services.cover_provider_runtime: Cover candidate probe result source=apple artist='Mastodon' album='Crack The Skye Fixture 03' year=2009 result={'score': 1.175, 'width': 7500, 'height': 7500, 'area': 56250000, 'sharpness': 13.7795, 'album': 'Crack The Skye', 'artist': 'Mastodon', 'url': 'http://cover-fixture.example:5302/apple/artwork/cover-01-7500x7500-087120377c13/9999x9999-100.jpg', 'year': 2009, 'variant': 'api-artwork', 'album_url': 'http://cover-fixture.example:5302/apple/album/cover-01-7500x7500-087120377c13'}
2026-09-19 00:20:52,817 [INFO] music_app.services.cover_provider_runtime: Cover search provider completed service=apple artist='Mastodon' album='Crack The Skye Fixture 03' year=2009 candidates=1
2026-09-19 00:20:52,817 [INFO] music_app.services.cover_provider_runtime: {"acceptable_candidate_count": 1, "action": "Cover search provider completed", "album": "Crack The Skye Fixture 03", "artist": "Mastodon", "candidate_count": 1, "elapsed_ms": 2192.62, "service": "apple", "year": 2009}
2026-09-19 00:20:52,817 [INFO] music_app.services.cover_provider_runtime: {"acceptable_candidate_count": 1, "action": "Cover search primary services evaluated", "album": "Crack The Skye Fixture 03", "artist": "Mastodon", "primary_has_acceptable": true, "skip_spotify": true, "total_candidate_count": 1, "year": 2009}
2026-09-19 00:20:52,819 [VERBOSE] music_app.services.cover_provider_runtime: Cover candidate probe start source=direct_url artist='Mastodon' album='Crack The Skye Fixture 03' year=2009 query_mode=manual-url best_score=1.0000 cutoff=0.0000 contenders=[{'score': 1.0, 'url': 'http://cover-fixture.example:5302/manual/approved-cover-01/cover.jpg'}]
2026-09-19 00:20:52,821 [VERBOSE] music_app.services.cover_provider_runtime: Cover candidate probe start source=direct_url artist='Mastodon' album='Crack The Skye Fixture 03' year=2009 query_mode=manual-url best_score=1.0000 cutoff=0.0000 contenders=[{'score': 1.0, 'url': 'http://cover-fixture.example:5302/manual/approved-cover-01/other-art.jpg'}]
2026-09-19 00:20:52,924 [VERBOSE] music_app.services.cover_provider_runtime: Cover HTTP success service=discogs context=database-search:release-title-q status=200 url=http://127.0.0.1:5302/discogs/database/search?type=release&q=Crack+The+Skye+Fixture+03+2009&per_page=8&page=1&year=2009 bytes=480
2026-09-19 00:20:52,924 [INFO] music_app.services.cover_provider_runtime: {"action": "Discogs search query completed", "album": "Crack The Skye Fixture 03", "artist": "Mastodon", "payload_type": "dict", "query_mode": "release-title-q", "raw_result_count": 1, "result_preview": [{"resource_url": "https://api.discogs.com/releases/900001", "title": "Mastodon - Crack The Skye", "type": "release", "year": 2009}], "search_artist": "", "search_release_title": "", "search_type": "release", "search_year": 2009, "year": 2009}
2026-09-19 00:20:52,924 [INFO] music_app.services.cover_provider_runtime: {"accepted_result_count": 0, "action": "Discogs search query filtered", "album": "Crack The Skye Fixture 03", "artist": "Mastodon", "query_mode": "release-title-q", "raw_result_count": 1, "search_type": "release", "year": 2009}
2026-09-19 00:20:53,118 [INFO] music_app.services.cover_provider_musicbrainz_caa: {"action": "MusicBrainz release search query completed", "album": "Crack The Skye Fixture 03", "artist": "Mastodon", "context_prefix": "cover-art-archive-release-search", "had_payload": true, "mode": "release-only", "result_count": 1}
2026-09-19 00:20:53,120 [INFO] music_app.services.cover_provider_musicbrainz_caa: {"action": "Cover Art Archive release search completed", "album": "Crack The Skye Fixture 03", "artist": "Mastodon", "release_count": 1, "release_ids": ["cover-01-7500x7500-087120377c13"]}
2026-09-19 00:20:53,120 [INFO] music_app.services.cover_provider_musicbrainz_caa: {"action": "Cover Art Archive ranked release candidates", "album": "Crack The Skye Fixture 03", "artist": "Mastodon", "ranked_release_count": 1, "release_fetch_limit": 1, "releases": [{"artist": "Mastodon", "release_id": "cover-01-7500x7500-087120377c13", "score": 1.175, "title": "Crack The Skye", "year": 2009}], "year": 2009}
2026-09-19 00:20:53,122 [INFO] music_app.services.cover_provider_musicbrainz_caa: {"action": "Cover Art Archive release candidate accepted", "album": "Crack The Skye Fixture 03", "artist": "Mastodon", "release_artist": "Mastodon", "release_id": "cover-01-7500x7500-087120377c13", "release_score": 1.175, "release_title": "Crack The Skye", "release_year": 2009}
2026-09-19 00:20:53,241 [VERBOSE] music_app.services.cover_provider_runtime: Cover HTTP error service=direct_url context=probe:manual-url:Mastodon - Crack The Skye Fixture 03 status=404 url=http://cover-fixture.example:5302/manual/approved-cover-01/other-art.jpg body='<!DOCTYPE HTML> <html lang="en"> <head> <meta charset="utf-8"> <title>Error response</title> </head> <body> <h1>Error response</h1> <p>Error code: 404</p> <p>Message: Not Found.</p> <p>Error code explanation: 404 - Nothing matches the given URI.</p> </body> </html>'
2026-09-19 00:20:53,241 [VERBOSE] music_app.services.cover_provider_runtime: Cover candidate probe no-bytes source=direct_url artist='Mastodon' album='Crack The Skye Fixture 03' year=2009 score=1.0000 url=http://cover-fixture.example:5302/manual/approved-cover-01/other-art.jpg attempted_urls=['http://cover-fixture.example:5302/manual/approved-cover-01/other-art.jpg']
2026-09-19 00:20:53,243 [VERBOSE] music_app.services.cover_provider_runtime: Cover HTTP error service=manual-remote context=manual-page:http://cover-fixture.example:5302/manual/approved-cover-01 status=404 url=http://cover-fixture.example:5302/manual/approved-cover-01 body='<!DOCTYPE HTML> <html lang="en"> <head> <meta charset="utf-8"> <title>Error response</title> </head> <body> <h1>Error response</h1> <p>Error code: 404</p> <p>Message: Not Found.</p> <p>Error code explanation: 404 - Nothing matches the given URI.</p> </body> </html>'
2026-09-19 00:20:53,247 [VERBOSE] music_app.services.cover_provider_runtime: Cover HTTP error service=direct_url context=probe:manual-url:Mastodon - Crack The Skye Fixture 03 status=404 url=http://cover-fixture.example:5302/manual/approved-cover-01/cover.jpg body='<!DOCTYPE HTML> <html lang="en"> <head> <meta charset="utf-8"> <title>Error response</title> </head> <body> <h1>Error response</h1> <p>Error code: 404</p> <p>Message: Not Found.</p> <p>Error code explanation: 404 - Nothing matches the given URI.</p> </body> </html>'
2026-09-19 00:20:53,249 [VERBOSE] music_app.services.cover_provider_runtime: Cover candidate probe no-bytes source=direct_url artist='Mastodon' album='Crack The Skye Fixture 03' year=2009 score=1.0000 url=http://cover-fixture.example:5302/manual/approved-cover-01/cover.jpg attempted_urls=['http://cover-fixture.example:5302/manual/approved-cover-01/cover.jpg']
2026-09-19 00:20:53,311 [VERBOSE] music_app.services.cover_provider_runtime: Cover HTTP success service=discogs context=release:900001 status=200 url=http://127.0.0.1:5302/discogs/releases/900001 bytes=654
2026-09-19 00:20:53,311 [INFO] music_app.services.cover_provider_runtime: {"action": "Discogs detail evaluated", "album": "Crack The Skye Fixture 03", "artist": "Mastodon", "discogs_id": 900001, "discogs_type": "release", "image_count": 2, "main_release_requested": false, "query_mode": "master-artist-release", "score": 0.935, "title": "Mastodon - Crack The Skye", "variant": "database-search-release", "year": 2009}
2026-09-19 00:20:53,313 [INFO] music_app.services.cover_provider_runtime: {"action": "Discogs search matches prepared", "album": "Crack The Skye Fixture 03", "artist": "Mastodon", "detail_attempt_count": 1, "expanded_master_count": 0, "prepared_match_count": 2, "prepared_matches": [{"album": "Crack The Skye", "artist": "Mastodon", "discogs_type": "release", "query_mode": "master-artist-release", "score": 0.935, "url": "http://cover-fixture.example:5302/covers/cover-01-7500x7500-087120377c13.jpg", "year": 2009}, {"album": "Crack The Skye", "artist": "Mastodon", "discogs_type": "release", "query_mode": "master-artist-release", "score": 0.935, "url": "http://cover-fixture.example:5302/manual/cover-01-7500x7500-087120377c13/other-art.jpg?source=discogs", "year": 2009}], "unique_ranked_result_count": 1, "year": 2009}
2026-09-19 00:20:53,313 [VERBOSE] music_app.services.cover_provider_runtime: Cover candidate probe start source=discogs artist='Mastodon' album='Crack The Skye Fixture 03' year=2009 query_mode=database-search best_score=0.9350 cutoff=0.0000 contenders=[{'score': 0.935, 'url': 'http://cover-fixture.example:5302/covers/cover-01-7500x7500-087120377c13.jpg'}, {'score': 0.935, 'url': 'http://cover-fixture.example:5302/manual/cover-01-7500x7500-087120377c13/other-art.jpg?source=discogs'}]
2026-09-19 00:20:53,430 [VERBOSE] music_app.services.cover_provider_runtime: Cover HTTP success service=coverartarchive context=release-art:cover-01-7500x7500-087120377c13 status=200 url=http://127.0.0.1:5302/coverartarchive/release/cover-01-7500x7500-087120377c13 bytes=943
2026-09-19 00:20:53,430 [INFO] music_app.services.cover_provider_musicbrainz_caa: {"action": "Cover Art Archive payload diagnostics", "album": "Crack The Skye Fixture 03", "artist": "Mastodon", "has_images_key": true, "images_value_type": "list", "payload_keys": ["images", "release"], "payload_type": "dict", "release_id": "cover-01-7500x7500-087120377c13", "release_title": "Crack The Skye"}
2026-09-19 00:20:53,430 [INFO] music_app.services.cover_provider_musicbrainz_caa: {"action": "Cover Art Archive release images fetched", "album": "Crack The Skye Fixture 03", "artist": "Mastodon", "front_image_count": 1, "image_count": 2, "release_id": "cover-01-7500x7500-087120377c13", "release_title": "Crack The Skye"}
2026-09-19 00:20:53,430 [INFO] music_app.services.cover_provider_musicbrainz_caa: {"action": "Cover Art Archive lookup finished", "album": "Crack The Skye Fixture 03", "artist": "Mastodon", "candidate_count": 2, "candidates": [{"album": "Crack The Skye", "art_label": "Front cover", "artist": "Mastodon", "height": 7500, "release_mbid": "cover-01-7500x7500-087120377c13", "score": 1.175, "url": "http://cover-fixture.example:5302/coverartarchive/image/cover-01-7500x7500-087120377c13.jpg", "width": 7500, "year": 2009}, {"album": "Crack The Skye", "art_label": "Booklet", "artist": "Mastodon", "height": 6234, "release_mbid": "cover-01-7500x7500-087120377c13", "score": 1.175, "url": "http://cover-fixture.example:5302/manual/cover-01-7500x7500-087120377c13/other-art.jpg?source=cover_art_archive", "width": 3273, "year": 2009}], "release_fetch_limit": 1, "releases_examined": 1}
2026-09-19 00:20:53,478 [INFO] music_app: {"action": "Cover lookup service candidates collected", "album": "Crack The Skye Fixture 03", "artist": "Mastodon", "candidate_count": 3, "manual_candidate_count": 2, "task_id": "77b756e1ebf1425b969ec03ec24e6516"}
2026-09-19 00:20:53,585 [INFO] music_app: {"action": "Cover lookup Bandcamp search completed", "album": "Crack The Skye Fixture 03", "artist": "Mastodon", "candidate_count": 0, "task_id": "77b756e1ebf1425b969ec03ec24e6516"}
2026-09-19 00:20:53,586 [VERBOSE] music_app.services.cover_provider_runtime: Cover HTTP success service=discogs context=probe:database-search:Mastodon - Crack The Skye Fixture 03 status=200 url=http://cover-fixture.example:5302/covers/cover-01-7500x7500-087120377c13.jpg bytes=13333242
2026-09-19 00:20:53,939 [VERBOSE] music_app.services.cover_provider_runtime: Cover candidate probe result source=discogs artist='Mastodon' album='Crack The Skye Fixture 03' year=2009 result={'score': 0.935, 'width': 7500, 'height': 7500, 'area': 56250000, 'sharpness': 13.7795, 'album': 'Crack The Skye', 'artist': 'Mastodon', 'url': 'http://cover-fixture.example:5302/covers/cover-01-7500x7500-087120377c13.jpg', 'year': 2009, 'variant': 'database-search-release', 'album_url': 'https://www.discogs.com/release/900001'}
2026-09-19 00:20:54,138 [VERBOSE] music_app.services.cover_provider_runtime: Cover HTTP success service=discogs context=probe:database-search:Mastodon - Crack The Skye Fixture 03 status=200 url=http://cover-fixture.example:5302/manual/cover-01-7500x7500-087120377c13/other-art.jpg?source=discogs bytes=8034518
2026-09-19 00:20:54,305 [VERBOSE] music_app.services.cover_provider_runtime: Cover candidate probe result source=discogs artist='Mastodon' album='Crack The Skye Fixture 03' year=2009 result={'score': 0.935, 'width': 3273, 'height': 6234, 'area': 20403882, 'sharpness': 7.3486, 'album': 'Crack The Skye', 'artist': 'Mastodon', 'url': 'http://cover-fixture.example:5302/manual/cover-01-7500x7500-087120377c13/other-art.jpg?source=discogs', 'year': 2009, 'variant': 'database-search-release', 'album_url': 'https://www.discogs.com/release/900001'}
2026-09-19 00:20:54,305 [INFO] music_app.services.cover_provider_runtime: {"action": "Discogs search probe completed", "album": "Crack The Skye Fixture 03", "artist": "Mastodon", "prepared_match_count": 2, "probed_candidate_count": 2, "selected_urls": ["http://cover-fixture.example:5302/covers/cover-01-7500x7500-087120377c13.jpg", "http://cover-fixture.example:5302/manual/cover-01-7500x7500-087120377c13/other-art.jpg?source=discogs"], "year": 2009}
2026-09-19 00:20:54,307 [INFO] music_app: {"action": "Cover lookup CAA search completed", "album": "Crack The Skye Fixture 03", "artist": "Mastodon", "candidate_count": 2, "task_id": "77b756e1ebf1425b969ec03ec24e6516"}
2026-09-19 00:20:54,307 [INFO] music_app: {"action": "Cover lookup Discogs search completed", "album": "Crack The Skye Fixture 03", "artist": "Mastodon", "candidate_count": 2, "task_id": "77b756e1ebf1425b969ec03ec24e6516"}
2026-09-19 00:20:54,400 [INFO] music_app: {"action": "Cover lookup artist website search completed", "album": "Crack The Skye Fixture 03", "artist": "Mastodon", "candidate_count": 0, "task_id": "77b756e1ebf1425b969ec03ec24e6516"}
  [PASS] Select the notification card text without opening the modal and verify the completed elapsed pill (4578 ms)
  [STEP] Choose the returned cover and keep the completed duration frozen
2026-09-19 00:21:02,889 [INFO] music_app: Problematic albums timing: {'kind': 'summary_payload', 'cache_status': 'miss', 'item_count': 19, 'elapsed_ms': 395.68}
  [PASS] Choose the returned cover and keep the completed duration frozen (6847 ms)
  [STEP] Complete a different lookup with no provider result
2026-09-19 00:21:07,544 [INFO] music_app: {"action": "Cover lookup task queued", "album": "The Pure Shine", "artist": "Flaming Row", "edition": "", "task_id": "743c3f6bb6cf4686838ad92e937852e6", "year": 2019}
2026-09-19 00:21:07,609 [INFO] music_app: {"action": "Cover lookup task started", "album": "The Pure Shine", "artist": "Flaming Row", "edition": "", "task_id": "743c3f6bb6cf4686838ad92e937852e6", "track_count": 18, "year": 2019}
2026-09-19 00:21:07,615 [INFO] music_app.services.cover_provider_runtime: {"action": "Cover search provider started", "album": "The Pure Shine", "artist": "Flaming Row", "service": "apple", "year": 2019}
2026-09-19 00:21:07,615 [INFO] music_app.services.cover_provider_musicbrainz_caa: {"action": "Cover Art Archive lookup started", "album": "The Pure Shine", "artist": "Flaming Row", "edition": "", "limit": 8, "query_parts": ["artist:\"Flaming Row\"", "release:\"The Pure Shine\"", "date:2019"], "year": 2019}
2026-09-19 00:21:07,616 [INFO] music_app.services.cover_provider_musicbrainz_caa: {"action": "CAA code marker", "album": "The Pure Shine", "artist": "Flaming Row", "marker": "2026-05-07-caa-ranked-release-search-v2"}
2026-09-19 00:21:07,621 [INFO] music_app.services.cover_provider_runtime: {"action": "Discogs search started", "album": "The Pure Shine", "artist": "Flaming Row", "auth_enabled": false, "edition": "", "has_consumer_key": false, "has_consumer_secret": false, "year": 2019}
2026-09-19 00:21:07,892 [INFO] music_app.services.cover_provider_musicbrainz_caa: {"action": "MusicBrainz release search query completed", "album": "The Pure Shine", "artist": "Flaming Row", "context_prefix": "cover-art-archive-release-search", "had_payload": true, "mode": "precise", "result_count": 0}
2026-09-19 00:21:08,381 [VERBOSE] music_app.services.cover_provider_runtime: Cover HTTP success service=apple context=search:Flaming Row The Pure Shine 2019 status=200 url=http://127.0.0.1:5302/itunes/search?term=Flaming+Row+The+Pure+Shine+2019&entity=album&limit=20 bytes=33
2026-09-19 00:21:08,381 [VERBOSE] music_app.services.cover_provider_runtime: Apple raw search results query='Flaming Row The Pure Shine 2019' artist='Flaming Row' album='The Pure Shine' year=2019 results=[]
2026-09-19 00:21:08,381 [VERBOSE] music_app.services.cover_provider_runtime: Apple search results query='Flaming Row The Pure Shine 2019' count=0 top=[]
2026-09-19 00:21:08,381 [INFO] music_app.services.cover_provider_runtime: {"action": "Apple cover miss", "album": "The Pure Shine", "artist": "Flaming Row", "query_mode": "artist+album+year:native", "raw_result_count": 0, "raw_results_summary": [], "top_candidates": [], "year": 2019}
2026-09-19 00:21:08,435 [VERBOSE] music_app.services.cover_provider_runtime: Cover HTTP success service=discogs context=database-search:master-artist-release status=200 url=http://127.0.0.1:5302/discogs/database/search?type=master&artist=Flaming+Row&release_title=The+Pure+Shine&per_page=8&page=1&year=2019 bytes=43
2026-09-19 00:21:08,435 [INFO] music_app.services.cover_provider_runtime: {"action": "Discogs search query completed", "album": "The Pure Shine", "artist": "Flaming Row", "payload_type": "dict", "query_mode": "master-artist-release", "raw_result_count": 0, "result_preview": [], "search_artist": "Flaming Row", "search_release_title": "The Pure Shine", "search_type": "master", "search_year": 2019, "year": 2019}
2026-09-19 00:21:08,435 [INFO] music_app.services.cover_provider_runtime: {"accepted_result_count": 0, "action": "Discogs search query filtered", "album": "The Pure Shine", "artist": "Flaming Row", "query_mode": "master-artist-release", "raw_result_count": 0, "search_type": "master", "year": 2019}
2026-09-19 00:21:08,801 [VERBOSE] music_app.services.cover_provider_runtime: Cover HTTP success service=apple context=artist-id-search:Flaming Row status=200 url=http://127.0.0.1:5302/itunes/search?term=Flaming+Row&entity=musicArtist&limit=10 bytes=33
2026-09-19 00:21:08,801 [INFO] music_app.services.cover_provider_runtime: {"action": "Apple artist lookup results", "album": "The Pure Shine", "artist": "Flaming Row", "query_artist": "Flaming Row", "result_count": 0, "top_results": []}
2026-09-19 00:21:08,840 [VERBOSE] music_app.services.cover_provider_runtime: Cover HTTP success service=discogs context=database-search:master-q status=200 url=http://127.0.0.1:5302/discogs/database/search?type=master&q=Flaming+Row+The+Pure+Shine+2019&per_page=8&page=1&year=2019 bytes=43
2026-09-19 00:21:08,840 [INFO] music_app.services.cover_provider_runtime: {"action": "Discogs search query completed", "album": "The Pure Shine", "artist": "Flaming Row", "payload_type": "dict", "query_mode": "master-q", "raw_result_count": 0, "result_preview": [], "search_artist": "", "search_release_title": "", "search_type": "master", "search_year": 2019, "year": 2019}
2026-09-19 00:21:08,840 [INFO] music_app.services.cover_provider_runtime: {"accepted_result_count": 0, "action": "Discogs search query filtered", "album": "The Pure Shine", "artist": "Flaming Row", "query_mode": "master-q", "raw_result_count": 0, "search_type": "master", "year": 2019}
2026-09-19 00:21:08,955 [INFO] music_app.services.cover_provider_musicbrainz_caa: {"action": "MusicBrainz release search query completed", "album": "The Pure Shine", "artist": "Flaming Row", "context_prefix": "cover-art-archive-release-search", "had_payload": true, "mode": "artist-release", "result_count": 0}
2026-09-19 00:21:09,042 [VERBOSE] music_app.services.cover_provider_runtime: Cover HTTP success service=apple context=search:Flaming Row The Pure Shine status=200 url=http://127.0.0.1:5302/itunes/search?term=Flaming+Row+The+Pure+Shine&entity=album&limit=20 bytes=33
2026-09-19 00:21:09,042 [VERBOSE] music_app.services.cover_provider_runtime: Apple raw search results query='Flaming Row The Pure Shine' artist='Flaming Row' album='The Pure Shine' year=2019 results=[]
2026-09-19 00:21:09,042 [VERBOSE] music_app.services.cover_provider_runtime: Apple search results query='Flaming Row The Pure Shine' count=0 top=[]
2026-09-19 00:21:09,042 [INFO] music_app.services.cover_provider_runtime: {"action": "Apple cover miss", "album": "The Pure Shine", "artist": "Flaming Row", "query_mode": "artist+album:native", "raw_result_count": 0, "raw_results_summary": [], "top_candidates": [], "year": 2019}
2026-09-19 00:21:09,043 [INFO] music_app.services.cover_provider_runtime: {"action": "Apple artist lookup results", "album": "The Pure Shine", "artist": "Flaming Row", "query_artist": "Flaming Row", "result_count": 0, "top_results": []}
2026-09-19 00:21:09,080 [VERBOSE] music_app.services.cover_provider_runtime: Cover HTTP success service=discogs context=database-search:release-artist-release status=200 url=http://127.0.0.1:5302/discogs/database/search?type=release&artist=Flaming+Row&release_title=The+Pure+Shine&per_page=8&page=1&year=2019 bytes=43
2026-09-19 00:21:09,080 [INFO] music_app.services.cover_provider_runtime: {"action": "Discogs search query completed", "album": "The Pure Shine", "artist": "Flaming Row", "payload_type": "dict", "query_mode": "release-artist-release", "raw_result_count": 0, "result_preview": [], "search_artist": "Flaming Row", "search_release_title": "The Pure Shine", "search_type": "release", "search_year": 2019, "year": 2019}
2026-09-19 00:21:09,080 [INFO] music_app.services.cover_provider_runtime: {"accepted_result_count": 0, "action": "Discogs search query filtered", "album": "The Pure Shine", "artist": "Flaming Row", "query_mode": "release-artist-release", "raw_result_count": 0, "search_type": "release", "year": 2019}
2026-09-19 00:21:09,310 [VERBOSE] music_app.services.cover_provider_runtime: Cover HTTP success service=apple-web-discovery context=search:site:music.apple.com/album "Flaming Row" "The Pure Shine":duckduckgo-html status=200 url=http://127.0.0.1:5302/duckduckgo-search?q=site%3Amusic.apple.com%2Falbum+%22Flaming+Row%22+%22The+Pure+Shine%22 bytes=41
2026-09-19 00:21:09,311 [INFO] music_app.services.cover_provider_runtime: {"action": "Apple album web discovery results", "album": "The Pure Shine", "artist": "Flaming Row", "final_url": "http://127.0.0.1:5302/duckduckgo-search?q=site%3Amusic.apple.com%2Falbum+%22Flaming+Row%22+%22The+Pure+Shine%22", "query": "site:music.apple.com/album \"Flaming Row\" \"The Pure Shine\"", "result_count": 0, "results": [], "source": "duckduckgo-html"}
2026-09-19 00:21:09,346 [VERBOSE] music_app.services.cover_provider_runtime: Cover HTTP success service=discogs context=database-search:release-q status=200 url=http://127.0.0.1:5302/discogs/database/search?type=release&q=Flaming+Row+The+Pure+Shine+2019&per_page=8&page=1&year=2019 bytes=43
2026-09-19 00:21:09,346 [INFO] music_app.services.cover_provider_runtime: {"action": "Discogs search query completed", "album": "The Pure Shine", "artist": "Flaming Row", "payload_type": "dict", "query_mode": "release-q", "raw_result_count": 0, "result_preview": [], "search_artist": "", "search_release_title": "", "search_type": "release", "search_year": 2019, "year": 2019}
2026-09-19 00:21:09,348 [INFO] music_app.services.cover_provider_runtime: {"accepted_result_count": 0, "action": "Discogs search query filtered", "album": "The Pure Shine", "artist": "Flaming Row", "query_mode": "release-q", "raw_result_count": 0, "search_type": "release", "year": 2019}
2026-09-19 00:21:09,577 [VERBOSE] music_app.services.cover_provider_runtime: Cover HTTP success service=apple-web-discovery context=search:site:music.apple.com/album "Flaming Row" "The Pure Shine":bing status=200 url=http://127.0.0.1:5302/bing-search?q=site%3Amusic.apple.com%2Falbum+%22Flaming+Row%22+%22The+Pure+Shine%22 bytes=41
2026-09-19 00:21:09,577 [INFO] music_app.services.cover_provider_runtime: {"action": "Apple album web discovery results", "album": "The Pure Shine", "artist": "Flaming Row", "final_url": "http://127.0.0.1:5302/bing-search?q=site%3Amusic.apple.com%2Falbum+%22Flaming+Row%22+%22The+Pure+Shine%22", "query": "site:music.apple.com/album \"Flaming Row\" \"The Pure Shine\"", "result_count": 0, "results": [], "source": "bing"}
2026-09-19 00:21:09,619 [VERBOSE] music_app.services.cover_provider_runtime: Cover HTTP success service=discogs context=database-search:release-title-q status=200 url=http://127.0.0.1:5302/discogs/database/search?type=release&q=The+Pure+Shine+2019&per_page=8&page=1&year=2019 bytes=43
2026-09-19 00:21:09,619 [INFO] music_app.services.cover_provider_runtime: {"action": "Discogs search query completed", "album": "The Pure Shine", "artist": "Flaming Row", "payload_type": "dict", "query_mode": "release-title-q", "raw_result_count": 0, "result_preview": [], "search_artist": "", "search_release_title": "", "search_type": "release", "search_year": 2019, "year": 2019}
2026-09-19 00:21:09,619 [INFO] music_app.services.cover_provider_runtime: {"accepted_result_count": 0, "action": "Discogs search query filtered", "album": "The Pure Shine", "artist": "Flaming Row", "query_mode": "release-title-q", "raw_result_count": 0, "search_type": "release", "year": 2019}
2026-09-19 00:21:09,619 [INFO] music_app.services.cover_provider_runtime: {"action": "Discogs search matches prepared", "album": "The Pure Shine", "artist": "Flaming Row", "detail_attempt_count": 0, "expanded_master_count": 0, "prepared_match_count": 0, "prepared_matches": [], "unique_ranked_result_count": 0, "year": 2019}
2026-09-19 00:21:09,619 [INFO] music_app.services.cover_provider_runtime: {"action": "Discogs search produced no prepared matches", "album": "The Pure Shine", "artist": "Flaming Row", "year": 2019}
2026-09-19 00:21:09,823 [VERBOSE] music_app.services.cover_provider_runtime: Cover HTTP success service=apple-web-discovery context=search:"Flaming Row" "The Pure Shine" "Apple Music":duckduckgo-html status=200 url=http://127.0.0.1:5302/duckduckgo-search?q=%22Flaming+Row%22+%22The+Pure+Shine%22+%22Apple+Music%22 bytes=41
2026-09-19 00:21:09,823 [INFO] music_app.services.cover_provider_runtime: {"action": "Apple album web discovery results", "album": "The Pure Shine", "artist": "Flaming Row", "final_url": "http://127.0.0.1:5302/duckduckgo-search?q=%22Flaming+Row%22+%22The+Pure+Shine%22+%22Apple+Music%22", "query": "\"Flaming Row\" \"The Pure Shine\" \"Apple Music\"", "result_count": 0, "results": [], "source": "duckduckgo-html"}
2026-09-19 00:21:10,017 [INFO] music_app.services.cover_provider_musicbrainz_caa: {"action": "MusicBrainz release search query completed", "album": "The Pure Shine", "artist": "Flaming Row", "context_prefix": "cover-art-archive-release-search", "had_payload": true, "mode": "release-only", "result_count": 0}
2026-09-19 00:21:10,017 [INFO] music_app.services.cover_provider_musicbrainz_caa: {"action": "MusicBrainz release search unavailable", "album": "The Pure Shine", "artist": "Flaming Row", "context_prefix": "cover-art-archive-release-search", "include_labels": false, "reason": "empty_payload_results"}
2026-09-19 00:21:10,019 [INFO] music_app.services.cover_provider_musicbrainz_caa: {"action": "Cover Art Archive lookup finished", "album": "The Pure Shine", "artist": "Flaming Row", "reason": "musicbrainz_release_search_returned_no_results"}
2026-09-19 00:21:10,019 [VERBOSE] music_app.services.cover_provider_runtime: Cover HTTP success service=apple-web-discovery context=search:"Flaming Row" "The Pure Shine" "Apple Music":bing status=200 url=http://127.0.0.1:5302/bing-search?q=%22Flaming+Row%22+%22The+Pure+Shine%22+%22Apple+Music%22 bytes=41
2026-09-19 00:21:10,019 [INFO] music_app.services.cover_provider_runtime: {"action": "Apple album web discovery results", "album": "The Pure Shine", "artist": "Flaming Row", "final_url": "http://127.0.0.1:5302/bing-search?q=%22Flaming+Row%22+%22The+Pure+Shine%22+%22Apple+Music%22", "query": "\"Flaming Row\" \"The Pure Shine\" \"Apple Music\"", "result_count": 0, "results": [], "source": "bing"}
2026-09-19 00:21:10,213 [VERBOSE] music_app.services.cover_provider_runtime: Cover HTTP success service=apple-web-discovery context=search:site:music.apple.com/album "The Pure Shine":duckduckgo-html status=200 url=http://127.0.0.1:5302/duckduckgo-search?q=site%3Amusic.apple.com%2Falbum+%22The+Pure+Shine%22 bytes=41
2026-09-19 00:21:10,213 [INFO] music_app.services.cover_provider_runtime: {"action": "Apple album web discovery results", "album": "The Pure Shine", "artist": "Flaming Row", "final_url": "http://127.0.0.1:5302/duckduckgo-search?q=site%3Amusic.apple.com%2Falbum+%22The+Pure+Shine%22", "query": "site:music.apple.com/album \"The Pure Shine\"", "result_count": 0, "results": [], "source": "duckduckgo-html"}
2026-09-19 00:21:10,411 [VERBOSE] music_app.services.cover_provider_runtime: Cover HTTP success service=apple-web-discovery context=search:site:music.apple.com/album "The Pure Shine":bing status=200 url=http://127.0.0.1:5302/bing-search?q=site%3Amusic.apple.com%2Falbum+%22The+Pure+Shine%22 bytes=41
2026-09-19 00:21:10,411 [INFO] music_app.services.cover_provider_runtime: {"action": "Apple album web discovery results", "album": "The Pure Shine", "artist": "Flaming Row", "final_url": "http://127.0.0.1:5302/bing-search?q=site%3Amusic.apple.com%2Falbum+%22The+Pure+Shine%22", "query": "site:music.apple.com/album \"The Pure Shine\"", "result_count": 0, "results": [], "source": "bing"}
2026-09-19 00:21:10,601 [VERBOSE] music_app.services.cover_provider_runtime: Cover HTTP success service=apple-web-discovery context=search:"The Pure Shine" "Apple Music" 2019:duckduckgo-html status=200 url=http://127.0.0.1:5302/duckduckgo-search?q=%22The+Pure+Shine%22+%22Apple+Music%22+2019 bytes=41
2026-09-19 00:21:10,601 [INFO] music_app.services.cover_provider_runtime: {"action": "Apple album web discovery results", "album": "The Pure Shine", "artist": "Flaming Row", "final_url": "http://127.0.0.1:5302/duckduckgo-search?q=%22The+Pure+Shine%22+%22Apple+Music%22+2019", "query": "\"The Pure Shine\" \"Apple Music\" 2019", "result_count": 0, "results": [], "source": "duckduckgo-html"}
2026-09-19 00:21:10,794 [VERBOSE] music_app.services.cover_provider_runtime: Cover HTTP success service=apple-web-discovery context=search:"The Pure Shine" "Apple Music" 2019:bing status=200 url=http://127.0.0.1:5302/bing-search?q=%22The+Pure+Shine%22+%22Apple+Music%22+2019 bytes=41
2026-09-19 00:21:10,794 [INFO] music_app.services.cover_provider_runtime: {"action": "Apple album web discovery results", "album": "The Pure Shine", "artist": "Flaming Row", "final_url": "http://127.0.0.1:5302/bing-search?q=%22The+Pure+Shine%22+%22Apple+Music%22+2019", "query": "\"The Pure Shine\" \"Apple Music\" 2019", "result_count": 0, "results": [], "source": "bing"}
2026-09-19 00:21:10,794 [INFO] music_app.services.cover_provider_runtime: Cover search provider completed service=apple artist='Flaming Row' album='The Pure Shine' year=2019 candidates=0
2026-09-19 00:21:10,794 [INFO] music_app.services.cover_provider_runtime: {"acceptable_candidate_count": 0, "action": "Cover search provider completed", "album": "The Pure Shine", "artist": "Flaming Row", "candidate_count": 0, "elapsed_ms": 3179.61, "service": "apple", "year": 2019}
2026-09-19 00:21:10,795 [INFO] music_app.services.cover_provider_runtime: {"acceptable_candidate_count": 0, "action": "Cover search primary services evaluated", "album": "The Pure Shine", "artist": "Flaming Row", "primary_has_acceptable": false, "skip_spotify": false, "total_candidate_count": 0, "year": 2019}
2026-09-19 00:21:10,851 [INFO] music_app: {"action": "Cover lookup service candidates collected", "album": "The Pure Shine", "artist": "Flaming Row", "candidate_count": 0, "manual_candidate_count": 0, "task_id": "743c3f6bb6cf4686838ad92e937852e6"}
2026-09-19 00:21:10,895 [INFO] music_app: {"action": "Cover lookup Bandcamp search completed", "album": "The Pure Shine", "artist": "Flaming Row", "candidate_count": 0, "task_id": "743c3f6bb6cf4686838ad92e937852e6"}
2026-09-19 00:21:10,895 [INFO] music_app: {"action": "Cover lookup CAA search completed", "album": "The Pure Shine", "artist": "Flaming Row", "candidate_count": 0, "task_id": "743c3f6bb6cf4686838ad92e937852e6"}
2026-09-19 00:21:10,895 [INFO] music_app: {"action": "Cover lookup Discogs search completed", "album": "The Pure Shine", "artist": "Flaming Row", "candidate_count": 0, "task_id": "743c3f6bb6cf4686838ad92e937852e6"}
2026-09-19 00:21:10,941 [INFO] music_app: {"action": "Cover lookup artist website search completed", "album": "The Pure Shine", "artist": "Flaming Row", "candidate_count": 0, "task_id": "743c3f6bb6cf4686838ad92e937852e6"}
  [PASS] Complete a different lookup with no provider result (8708 ms)
  [STEP] Record an actual provider-data failure as failed
2026-09-19 00:21:16,720 [INFO] music_app: {"action": "Cover lookup task queued", "album": "Crack The Skye Fixture 04", "artist": "Mastodon", "edition": "", "task_id": "98dbfc73fa0440a8ad610518fce5c378", "year": 2009}
2026-09-19 00:21:16,787 [INFO] music_app: {"action": "Cover lookup task started", "album": "Crack The Skye Fixture 04", "artist": "Mastodon", "edition": "", "task_id": "98dbfc73fa0440a8ad610518fce5c378", "track_count": 18, "year": 2009}
2026-09-19 00:21:16,794 [INFO] music_app.services.cover_provider_runtime: {"action": "Cover search provider started", "album": "Crack The Skye Fixture 04", "artist": "Mastodon", "service": "apple", "year": 2009}
2026-09-19 00:21:16,795 [INFO] music_app.services.cover_provider_musicbrainz_caa: {"action": "Cover Art Archive lookup started", "album": "Crack The Skye Fixture 04", "artist": "Mastodon", "edition": "", "limit": 8, "query_parts": ["artist:\"Mastodon\"", "release:\"Crack The Skye Fixture 04\"", "date:2009"], "year": 2009}
2026-09-19 00:21:16,797 [INFO] music_app.services.cover_provider_musicbrainz_caa: {"action": "CAA code marker", "album": "Crack The Skye Fixture 04", "artist": "Mastodon", "marker": "2026-05-07-caa-ranked-release-search-v2"}
2026-09-19 00:21:16,797 [INFO] music_app.services.cover_provider_runtime: {"action": "Discogs search started", "album": "Crack The Skye Fixture 04", "artist": "Mastodon", "auth_enabled": false, "edition": "", "has_consumer_key": false, "has_consumer_secret": false, "year": 2009}
2026-09-19 00:21:17,115 [INFO] music_app.services.cover_provider_musicbrainz_caa: {"action": "MusicBrainz release search query completed", "album": "Crack The Skye Fixture 04", "artist": "Mastodon", "context_prefix": "cover-art-archive-release-search", "had_payload": true, "mode": "precise", "result_count": 1}
2026-09-19 00:21:17,947 [VERBOSE] music_app.services.cover_provider_runtime: Cover HTTP success service=discogs context=database-search:master-artist-release status=200 url=http://127.0.0.1:5302/discogs/database/search?type=master&artist=Mastodon&release_title=Crack+The+Skye+Fixture+04&per_page=8&page=1&year=2009 bytes=480
2026-09-19 00:21:17,947 [INFO] music_app.services.cover_provider_runtime: {"action": "Discogs search query completed", "album": "Crack The Skye Fixture 04", "artist": "Mastodon", "payload_type": "dict", "query_mode": "master-artist-release", "raw_result_count": 1, "result_preview": [{"resource_url": "https://api.discogs.com/releases/900001", "title": "Mastodon - Crack The Skye", "type": "release", "year": 2009}], "search_artist": "Mastodon", "search_release_title": "Crack The Skye Fixture 04", "search_type": "master", "search_year": 2009, "year": 2009}
2026-09-19 00:21:17,948 [INFO] music_app.services.cover_provider_runtime: {"accepted_result_count": 1, "action": "Discogs search query filtered", "album": "Crack The Skye Fixture 04", "artist": "Mastodon", "query_mode": "master-artist-release", "raw_result_count": 1, "search_type": "master", "year": 2009}
2026-09-19 00:21:18,015 [VERBOSE] music_app.services.cover_provider_runtime: Cover HTTP success service=apple context=search:Mastodon Crack The Skye Fixture 04 2009 status=200 url=http://127.0.0.1:5302/itunes/search?term=Mastodon+Crack+The+Skye+Fixture+04+2009&entity=album&limit=20 bytes=2
2026-09-19 00:21:18,015 [VERBOSE] music_app.services.cover_provider_runtime: Apple search returned no payload query='Mastodon Crack The Skye Fixture 04 2009'
2026-09-19 00:21:18,015 [INFO] music_app.services.cover_provider_runtime: {"action": "Apple cover miss", "album": "Crack The Skye Fixture 04", "artist": "Mastodon", "query_mode": "artist+album+year:native", "raw_result_count": 0, "raw_results_summary": [], "top_candidates": [], "year": 2009}
2026-09-19 00:21:18,174 [INFO] music_app.services.cover_provider_musicbrainz_caa: {"action": "MusicBrainz release search query completed", "album": "Crack The Skye Fixture 04", "artist": "Mastodon", "context_prefix": "cover-art-archive-release-search", "had_payload": true, "mode": "artist-release", "result_count": 1}
2026-09-19 00:21:18,301 [VERBOSE] music_app.services.cover_provider_runtime: Cover HTTP success service=discogs context=database-search:master-q status=200 url=http://127.0.0.1:5302/discogs/database/search?type=master&q=Mastodon+Crack+The+Skye+Fixture+04+2009&per_page=8&page=1&year=2009 bytes=480
2026-09-19 00:21:18,301 [INFO] music_app.services.cover_provider_runtime: {"action": "Discogs search query completed", "album": "Crack The Skye Fixture 04", "artist": "Mastodon", "payload_type": "dict", "query_mode": "master-q", "raw_result_count": 1, "result_preview": [{"resource_url": "https://api.discogs.com/releases/900001", "title": "Mastodon - Crack The Skye", "type": "release", "year": 2009}], "search_artist": "", "search_release_title": "", "search_type": "master", "search_year": 2009, "year": 2009}
2026-09-19 00:21:18,303 [INFO] music_app.services.cover_provider_runtime: {"accepted_result_count": 0, "action": "Discogs search query filtered", "album": "Crack The Skye Fixture 04", "artist": "Mastodon", "query_mode": "master-q", "raw_result_count": 1, "search_type": "master", "year": 2009}
2026-09-19 00:21:18,309 [VERBOSE] music_app.services.cover_provider_runtime: Cover HTTP success service=apple context=artist-id-search:Mastodon status=200 url=http://127.0.0.1:5302/itunes/search?term=Mastodon&entity=musicArtist&limit=10 bytes=2
2026-09-19 00:21:18,309 [INFO] music_app.services.cover_provider_runtime: {"action": "Apple artist lookup results", "album": "Crack The Skye Fixture 04", "artist": "Mastodon", "query_artist": "Mastodon", "result_count": 0, "top_results": []}
2026-09-19 00:21:18,661 [VERBOSE] music_app.services.cover_provider_runtime: Cover HTTP success service=apple context=search:Mastodon Crack The Skye Fixture 04 status=200 url=http://127.0.0.1:5302/itunes/search?term=Mastodon+Crack+The+Skye+Fixture+04&entity=album&limit=20 bytes=2
2026-09-19 00:21:18,663 [VERBOSE] music_app.services.cover_provider_runtime: Apple search returned no payload query='Mastodon Crack The Skye Fixture 04'
2026-09-19 00:21:18,663 [INFO] music_app.services.cover_provider_runtime: {"action": "Apple cover miss", "album": "Crack The Skye Fixture 04", "artist": "Mastodon", "query_mode": "artist+album:native", "raw_result_count": 0, "raw_results_summary": [], "top_candidates": [], "year": 2009}
2026-09-19 00:21:18,663 [INFO] music_app.services.cover_provider_runtime: {"action": "Apple artist lookup results", "album": "Crack The Skye Fixture 04", "artist": "Mastodon", "query_artist": "Mastodon", "result_count": 0, "top_results": []}
2026-09-19 00:21:18,667 [VERBOSE] music_app.services.cover_provider_runtime: Cover HTTP success service=discogs context=database-search:release-artist-release status=200 url=http://127.0.0.1:5302/discogs/database/search?type=release&artist=Mastodon&release_title=Crack+The+Skye+Fixture+04&per_page=8&page=1&year=2009 bytes=480
2026-09-19 00:21:18,667 [INFO] music_app.services.cover_provider_runtime: {"action": "Discogs search query completed", "album": "Crack The Skye Fixture 04", "artist": "Mastodon", "payload_type": "dict", "query_mode": "release-artist-release", "raw_result_count": 1, "result_preview": [{"resource_url": "https://api.discogs.com/releases/900001", "title": "Mastodon - Crack The Skye", "type": "release", "year": 2009}], "search_artist": "Mastodon", "search_release_title": "Crack The Skye Fixture 04", "search_type": "release", "search_year": 2009, "year": 2009}
2026-09-19 00:21:18,669 [INFO] music_app.services.cover_provider_runtime: {"accepted_result_count": 0, "action": "Discogs search query filtered", "album": "Crack The Skye Fixture 04", "artist": "Mastodon", "query_mode": "release-artist-release", "raw_result_count": 1, "search_type": "release", "year": 2009}
2026-09-19 00:21:18,991 [VERBOSE] music_app.services.cover_provider_runtime: Cover HTTP success service=discogs context=database-search:release-q status=200 url=http://127.0.0.1:5302/discogs/database/search?type=release&q=Mastodon+Crack+The+Skye+Fixture+04+2009&per_page=8&page=1&year=2009 bytes=480
2026-09-19 00:21:18,991 [INFO] music_app.services.cover_provider_runtime: {"action": "Discogs search query completed", "album": "Crack The Skye Fixture 04", "artist": "Mastodon", "payload_type": "dict", "query_mode": "release-q", "raw_result_count": 1, "result_preview": [{"resource_url": "https://api.discogs.com/releases/900001", "title": "Mastodon - Crack The Skye", "type": "release", "year": 2009}], "search_artist": "", "search_release_title": "", "search_type": "release", "search_year": 2009, "year": 2009}
2026-09-19 00:21:18,991 [INFO] music_app.services.cover_provider_runtime: {"accepted_result_count": 0, "action": "Discogs search query filtered", "album": "Crack The Skye Fixture 04", "artist": "Mastodon", "query_mode": "release-q", "raw_result_count": 1, "search_type": "release", "year": 2009}
2026-09-19 00:21:19,012 [VERBOSE] music_app.services.cover_provider_runtime: Cover HTTP success service=apple-web-discovery context=search:site:music.apple.com/album "Mastodon" "Crack The Skye Fixture 04":duckduckgo-html status=200 url=http://127.0.0.1:5302/duckduckgo-search?q=site%3Amusic.apple.com%2Falbum+%22Mastodon%22+%22Crack+The+Skye+Fixture+04%22 bytes=41
2026-09-19 00:21:19,012 [INFO] music_app.services.cover_provider_runtime: {"action": "Apple album web discovery results", "album": "Crack The Skye Fixture 04", "artist": "Mastodon", "final_url": "http://127.0.0.1:5302/duckduckgo-search?q=site%3Amusic.apple.com%2Falbum+%22Mastodon%22+%22Crack+The+Skye+Fixture+04%22", "query": "site:music.apple.com/album \"Mastodon\" \"Crack The Skye Fixture 04\"", "result_count": 0, "results": [], "source": "duckduckgo-html"}
2026-09-19 00:21:19,238 [INFO] music_app.services.cover_provider_musicbrainz_caa: {"action": "MusicBrainz release search query completed", "album": "Crack The Skye Fixture 04", "artist": "Mastodon", "context_prefix": "cover-art-archive-release-search", "had_payload": true, "mode": "release-only", "result_count": 1}
2026-09-19 00:21:19,239 [INFO] music_app.services.cover_provider_musicbrainz_caa: {"action": "Cover Art Archive release search completed", "album": "Crack The Skye Fixture 04", "artist": "Mastodon", "release_count": 1, "release_ids": ["cover-01-7500x7500-087120377c13"]}
2026-09-19 00:21:19,240 [INFO] music_app.services.cover_provider_musicbrainz_caa: {"action": "Cover Art Archive ranked release candidates", "album": "Crack The Skye Fixture 04", "artist": "Mastodon", "ranked_release_count": 1, "release_fetch_limit": 1, "releases": [{"artist": "Mastodon", "release_id": "cover-01-7500x7500-087120377c13", "score": 1.175, "title": "Crack The Skye", "year": 2009}], "year": 2009}
2026-09-19 00:21:19,240 [INFO] music_app.services.cover_provider_musicbrainz_caa: {"action": "Cover Art Archive release candidate accepted", "album": "Crack The Skye Fixture 04", "artist": "Mastodon", "release_artist": "Mastodon", "release_id": "cover-01-7500x7500-087120377c13", "release_score": 1.175, "release_title": "Crack The Skye", "release_year": 2009}
2026-09-19 00:21:19,295 [VERBOSE] music_app.services.cover_provider_runtime: Cover HTTP success service=discogs context=database-search:release-title-q status=200 url=http://127.0.0.1:5302/discogs/database/search?type=release&q=Crack+The+Skye+Fixture+04+2009&per_page=8&page=1&year=2009 bytes=480
2026-09-19 00:21:19,295 [INFO] music_app.services.cover_provider_runtime: {"action": "Discogs search query completed", "album": "Crack The Skye Fixture 04", "artist": "Mastodon", "payload_type": "dict", "query_mode": "release-title-q", "raw_result_count": 1, "result_preview": [{"resource_url": "https://api.discogs.com/releases/900001", "title": "Mastodon - Crack The Skye", "type": "release", "year": 2009}], "search_artist": "", "search_release_title": "", "search_type": "release", "search_year": 2009, "year": 2009}
2026-09-19 00:21:19,297 [INFO] music_app.services.cover_provider_runtime: {"accepted_result_count": 0, "action": "Discogs search query filtered", "album": "Crack The Skye Fixture 04", "artist": "Mastodon", "query_mode": "release-title-q", "raw_result_count": 1, "search_type": "release", "year": 2009}
2026-09-19 00:21:19,327 [VERBOSE] music_app.services.cover_provider_runtime: Cover HTTP success service=apple-web-discovery context=search:site:music.apple.com/album "Mastodon" "Crack The Skye Fixture 04":bing status=200 url=http://127.0.0.1:5302/bing-search?q=site%3Amusic.apple.com%2Falbum+%22Mastodon%22+%22Crack+The+Skye+Fixture+04%22 bytes=41
2026-09-19 00:21:19,327 [INFO] music_app.services.cover_provider_runtime: {"action": "Apple album web discovery results", "album": "Crack The Skye Fixture 04", "artist": "Mastodon", "final_url": "http://127.0.0.1:5302/bing-search?q=site%3Amusic.apple.com%2Falbum+%22Mastodon%22+%22Crack+The+Skye+Fixture+04%22", "query": "site:music.apple.com/album \"Mastodon\" \"Crack The Skye Fixture 04\"", "result_count": 0, "results": [], "source": "bing"}
2026-09-19 00:21:19,608 [VERBOSE] music_app.services.cover_provider_runtime: Cover HTTP success service=coverartarchive context=release-art:cover-01-7500x7500-087120377c13 status=200 url=http://127.0.0.1:5302/coverartarchive/release/cover-01-7500x7500-087120377c13 bytes=954
2026-09-19 00:21:19,608 [INFO] music_app.services.cover_provider_musicbrainz_caa: {"action": "Cover Art Archive payload diagnostics", "album": "Crack The Skye Fixture 04", "artist": "Mastodon", "has_images_key": true, "images_value_type": "list", "payload_keys": ["images", "release"], "payload_type": "dict", "release_id": "cover-01-7500x7500-087120377c13", "release_title": "Crack The Skye"}
2026-09-19 00:21:19,608 [INFO] music_app.services.cover_provider_musicbrainz_caa: {"action": "Cover Art Archive release images fetched", "album": "Crack The Skye Fixture 04", "artist": "Mastodon", "front_image_count": 1, "image_count": 2, "release_id": "cover-01-7500x7500-087120377c13", "release_title": "Crack The Skye"}
2026-09-19 00:21:19,669 [VERBOSE] music_app.services.cover_provider_runtime: Cover HTTP success service=discogs context=release:900001 status=200 url=http://127.0.0.1:5302/discogs/releases/900001 bytes=654
2026-09-19 00:21:19,669 [INFO] music_app.services.cover_provider_runtime: {"action": "Discogs detail evaluated", "album": "Crack The Skye Fixture 04", "artist": "Mastodon", "discogs_id": 900001, "discogs_type": "release", "image_count": 2, "main_release_requested": false, "query_mode": "master-artist-release", "score": 0.935, "title": "Mastodon - Crack The Skye", "variant": "database-search-release", "year": 2009}
2026-09-19 00:21:19,669 [INFO] music_app.services.cover_provider_runtime: {"action": "Discogs search matches prepared", "album": "Crack The Skye Fixture 04", "artist": "Mastodon", "detail_attempt_count": 1, "expanded_master_count": 0, "prepared_match_count": 2, "prepared_matches": [{"album": "Crack The Skye", "artist": "Mastodon", "discogs_type": "release", "query_mode": "master-artist-release", "score": 0.935, "url": "http://cover-fixture.example:5302/covers/cover-01-7500x7500-087120377c13.jpg", "year": 2009}, {"album": "Crack The Skye", "artist": "Mastodon", "discogs_type": "release", "query_mode": "master-artist-release", "score": 0.935, "url": "http://cover-fixture.example:5302/manual/cover-01-7500x7500-087120377c13/other-art.jpg?source=discogs", "year": 2009}], "unique_ranked_result_count": 1, "year": 2009}
2026-09-19 00:21:19,669 [VERBOSE] music_app.services.cover_provider_runtime: Cover candidate probe start source=discogs artist='Mastodon' album='Crack The Skye Fixture 04' year=2009 query_mode=database-search best_score=0.9350 cutoff=0.0000 contenders=[{'score': 0.935, 'url': 'http://cover-fixture.example:5302/covers/cover-01-7500x7500-087120377c13.jpg'}, {'score': 0.935, 'url': 'http://cover-fixture.example:5302/manual/cover-01-7500x7500-087120377c13/other-art.jpg?source=discogs'}]
2026-09-19 00:21:19,687 [VERBOSE] music_app.services.cover_provider_runtime: Cover HTTP success service=apple-web-discovery context=search:"Mastodon" "Crack The Skye Fixture 04" "Apple Music":duckduckgo-html status=200 url=http://127.0.0.1:5302/duckduckgo-search?q=%22Mastodon%22+%22Crack+The+Skye+Fixture+04%22+%22Apple+Music%22 bytes=41
2026-09-19 00:21:19,687 [INFO] music_app.services.cover_provider_runtime: {"action": "Apple album web discovery results", "album": "Crack The Skye Fixture 04", "artist": "Mastodon", "final_url": "http://127.0.0.1:5302/duckduckgo-search?q=%22Mastodon%22+%22Crack+The+Skye+Fixture+04%22+%22Apple+Music%22", "query": "\"Mastodon\" \"Crack The Skye Fixture 04\" \"Apple Music\"", "result_count": 0, "results": [], "source": "duckduckgo-html"}
2026-09-19 00:21:19,925 [VERBOSE] music_app.services.cover_provider_runtime: Cover HTTP success service=apple-web-discovery context=search:"Mastodon" "Crack The Skye Fixture 04" "Apple Music":bing status=200 url=http://127.0.0.1:5302/bing-search?q=%22Mastodon%22+%22Crack+The+Skye+Fixture+04%22+%22Apple+Music%22 bytes=41
2026-09-19 00:21:19,925 [INFO] music_app.services.cover_provider_runtime: {"action": "Apple album web discovery results", "album": "Crack The Skye Fixture 04", "artist": "Mastodon", "final_url": "http://127.0.0.1:5302/bing-search?q=%22Mastodon%22+%22Crack+The+Skye+Fixture+04%22+%22Apple+Music%22", "query": "\"Mastodon\" \"Crack The Skye Fixture 04\" \"Apple Music\"", "result_count": 0, "results": [], "source": "bing"}
2026-09-19 00:21:19,926 [VERBOSE] music_app.services.cover_provider_runtime: Cover HTTP success service=discogs context=probe:database-search:Mastodon - Crack The Skye Fixture 04 status=200 url=http://cover-fixture.example:5302/covers/cover-01-7500x7500-087120377c13.jpg bytes=13333242
2026-09-19 00:21:20,174 [VERBOSE] music_app.services.cover_provider_runtime: Cover HTTP success service=apple-web-discovery context=search:site:music.apple.com/album "Crack The Skye Fixture 04":duckduckgo-html status=200 url=http://127.0.0.1:5302/duckduckgo-search?q=site%3Amusic.apple.com%2Falbum+%22Crack+The+Skye+Fixture+04%22 bytes=41
2026-09-19 00:21:20,175 [INFO] music_app.services.cover_provider_runtime: {"action": "Apple album web discovery results", "album": "Crack The Skye Fixture 04", "artist": "Mastodon", "final_url": "http://127.0.0.1:5302/duckduckgo-search?q=site%3Amusic.apple.com%2Falbum+%22Crack+The+Skye+Fixture+04%22", "query": "site:music.apple.com/album \"Crack The Skye Fixture 04\"", "result_count": 0, "results": [], "source": "duckduckgo-html"}
2026-09-19 00:21:20,327 [VERBOSE] music_app.services.cover_provider_runtime: Cover candidate probe result source=discogs artist='Mastodon' album='Crack The Skye Fixture 04' year=2009 result={'score': 0.935, 'width': 7500, 'height': 7500, 'area': 56250000, 'sharpness': 13.7795, 'album': 'Crack The Skye', 'artist': 'Mastodon', 'url': 'http://cover-fixture.example:5302/covers/cover-01-7500x7500-087120377c13.jpg', 'year': 2009, 'variant': 'database-search-release', 'album_url': 'https://www.discogs.com/release/900001'}
2026-09-19 00:21:20,438 [VERBOSE] music_app.services.cover_provider_runtime: Cover HTTP success service=apple-web-discovery context=search:site:music.apple.com/album "Crack The Skye Fixture 04":bing status=200 url=http://127.0.0.1:5302/bing-search?q=site%3Amusic.apple.com%2Falbum+%22Crack+The+Skye+Fixture+04%22 bytes=41
2026-09-19 00:21:20,438 [INFO] music_app.services.cover_provider_runtime: {"action": "Apple album web discovery results", "album": "Crack The Skye Fixture 04", "artist": "Mastodon", "final_url": "http://127.0.0.1:5302/bing-search?q=site%3Amusic.apple.com%2Falbum+%22Crack+The+Skye+Fixture+04%22", "query": "site:music.apple.com/album \"Crack The Skye Fixture 04\"", "result_count": 0, "results": [], "source": "bing"}
2026-09-19 00:21:20,596 [VERBOSE] music_app.services.cover_provider_runtime: Cover HTTP success service=discogs context=probe:database-search:Mastodon - Crack The Skye Fixture 04 status=200 url=http://cover-fixture.example:5302/manual/cover-01-7500x7500-087120377c13/other-art.jpg?source=discogs bytes=8034518
2026-09-19 00:21:20,690 [VERBOSE] music_app.services.cover_provider_runtime: Cover HTTP success service=apple-web-discovery context=search:"Crack The Skye Fixture 04" "Apple Music" 2009:duckduckgo-html status=200 url=http://127.0.0.1:5302/duckduckgo-search?q=%22Crack+The+Skye+Fixture+04%22+%22Apple+Music%22+2009 bytes=41
2026-09-19 00:21:20,690 [INFO] music_app.services.cover_provider_runtime: {"action": "Apple album web discovery results", "album": "Crack The Skye Fixture 04", "artist": "Mastodon", "final_url": "http://127.0.0.1:5302/duckduckgo-search?q=%22Crack+The+Skye+Fixture+04%22+%22Apple+Music%22+2009", "query": "\"Crack The Skye Fixture 04\" \"Apple Music\" 2009", "result_count": 0, "results": [], "source": "duckduckgo-html"}
2026-09-19 00:21:20,790 [VERBOSE] music_app.services.cover_provider_runtime: Cover candidate probe result source=discogs artist='Mastodon' album='Crack The Skye Fixture 04' year=2009 result={'score': 0.935, 'width': 3273, 'height': 6234, 'area': 20403882, 'sharpness': 7.3486, 'album': 'Crack The Skye', 'artist': 'Mastodon', 'url': 'http://cover-fixture.example:5302/manual/cover-01-7500x7500-087120377c13/other-art.jpg?source=discogs', 'year': 2009, 'variant': 'database-search-release', 'album_url': 'https://www.discogs.com/release/900001'}
2026-09-19 00:21:20,790 [INFO] music_app.services.cover_provider_runtime: {"action": "Discogs search probe completed", "album": "Crack The Skye Fixture 04", "artist": "Mastodon", "prepared_match_count": 2, "probed_candidate_count": 2, "selected_urls": ["http://cover-fixture.example:5302/covers/cover-01-7500x7500-087120377c13.jpg", "http://cover-fixture.example:5302/manual/cover-01-7500x7500-087120377c13/other-art.jpg?source=discogs"], "year": 2009}
2026-09-19 00:21:20,903 [VERBOSE] music_app.services.cover_provider_runtime: Cover HTTP success service=apple-web-discovery context=search:"Crack The Skye Fixture 04" "Apple Music" 2009:bing status=200 url=http://127.0.0.1:5302/bing-search?q=%22Crack+The+Skye+Fixture+04%22+%22Apple+Music%22+2009 bytes=41
2026-09-19 00:21:20,905 [INFO] music_app.services.cover_provider_runtime: {"action": "Apple album web discovery results", "album": "Crack The Skye Fixture 04", "artist": "Mastodon", "final_url": "http://127.0.0.1:5302/bing-search?q=%22Crack+The+Skye+Fixture+04%22+%22Apple+Music%22+2009", "query": "\"Crack The Skye Fixture 04\" \"Apple Music\" 2009", "result_count": 0, "results": [], "source": "bing"}
2026-09-19 00:21:20,905 [INFO] music_app.services.cover_provider_runtime: Cover search provider completed service=apple artist='Mastodon' album='Crack The Skye Fixture 04' year=2009 candidates=0
2026-09-19 00:21:20,905 [INFO] music_app.services.cover_provider_runtime: {"acceptable_candidate_count": 0, "action": "Cover search provider completed", "album": "Crack The Skye Fixture 04", "artist": "Mastodon", "candidate_count": 0, "elapsed_ms": 4110.62, "service": "apple", "year": 2009}
2026-09-19 00:21:20,905 [INFO] music_app.services.cover_provider_runtime: {"acceptable_candidate_count": 0, "action": "Cover search primary services evaluated", "album": "Crack The Skye Fixture 04", "artist": "Mastodon", "primary_has_acceptable": false, "skip_spotify": false, "total_candidate_count": 0, "year": 2009}
2026-09-19 00:21:20,966 [INFO] music_app: {"action": "Cover lookup service candidates collected", "album": "Crack The Skye Fixture 04", "artist": "Mastodon", "candidate_count": 0, "manual_candidate_count": 0, "task_id": "98dbfc73fa0440a8ad610518fce5c378"}
2026-09-19 00:21:21,127 [INFO] music_app: {"action": "Cover lookup Bandcamp search completed", "album": "Crack The Skye Fixture 04", "artist": "Mastodon", "candidate_count": 0, "task_id": "98dbfc73fa0440a8ad610518fce5c378"}
2026-09-19 00:21:21,127 [ERROR] music_app: {"action": "Cover lookup task failed", "album": "Crack The Skye Fixture 04", "artist": "Mastodon", "error": "invalid literal for int() with base 10: 'invalid-width'", "task_id": "98dbfc73fa0440a8ad610518fce5c378"}
  [PASS] Record an actual provider-data failure as failed (8845 ms)
  [STEP] Start another lookup and bulk-clear every finished row while it remains active
2026-09-19 00:21:23,839 [INFO] music_app: {"action": "Cover lookup task queued", "album": "Crack The Skye Fixture 06", "artist": "Mastodon", "edition": "", "task_id": "3f0fb906b502467db73bc6d0fd3400f8", "year": 2009}
2026-09-19 00:21:23,938 [INFO] music_app: {"action": "Cover lookup task started", "album": "Crack The Skye Fixture 06", "artist": "Mastodon", "edition": "", "task_id": "3f0fb906b502467db73bc6d0fd3400f8", "track_count": 18, "year": 2009}
2026-09-19 00:21:23,959 [INFO] music_app.services.cover_provider_runtime: {"action": "Cover search provider started", "album": "Crack The Skye Fixture 06", "artist": "Mastodon", "service": "apple", "year": 2009}
2026-09-19 00:21:23,964 [INFO] music_app.services.cover_provider_musicbrainz_caa: {"action": "Cover Art Archive lookup started", "album": "Crack The Skye Fixture 06", "artist": "Mastodon", "edition": "", "limit": 8, "query_parts": ["artist:\"Mastodon\"", "release:\"Crack The Skye Fixture 06\"", "date:2009"], "year": 2009}
2026-09-19 00:21:23,964 [INFO] music_app.services.cover_provider_musicbrainz_caa: {"action": "CAA code marker", "album": "Crack The Skye Fixture 06", "artist": "Mastodon", "marker": "2026-05-07-caa-ranked-release-search-v2"}
2026-09-19 00:21:24,069 [INFO] music_app.services.cover_provider_runtime: {"action": "Discogs search started", "album": "Crack The Skye Fixture 06", "artist": "Mastodon", "auth_enabled": false, "edition": "", "has_consumer_key": false, "has_consumer_secret": false, "year": 2009}
  [PASS] Start another lookup and bulk-clear every finished row while it remains active (3462 ms)
  [STEP] Reload with only active work, then cancel and clear it
2026-09-19 00:21:25,363 [VERBOSE] music_app.services.cover_provider_runtime: Cover HTTP success service=apple context=search:Mastodon Crack The Skye Fixture 06 2009 status=200 url=http://127.0.0.1:5302/itunes/search?term=Mastodon+Crack+The+Skye+Fixture+06+2009&entity=album&limit=20 bytes=549
2026-09-19 00:21:25,363 [VERBOSE] music_app.services.cover_provider_runtime: Apple raw search results query='Mastodon Crack The Skye Fixture 06 2009' artist='Mastodon' album='Crack The Skye Fixture 06' year=2009 results=[{'wrapperType': 'collection', 'collectionType': 'Album', 'artistId': 746487, 'collectionId': 931923, 'artistName': 'Mastodon', 'collectionName': 'Crack The Skye', 'collectionViewUrl': 'http://cover-fixture.example:5302/apple/album/cover-01-7500x7500-087120377c13', 'artistViewUrl': 'http://cover-fixture.example:5302/apple/artist/cover-01-7500x7500-087120377c13', 'artworkUrl100': 'http://cover-fixture.example:5302/apple/artwork/cover-01-7500x7500-087120377c13/100x100bb.jpg', 'releaseDate': '2009-01-01T00:00:00Z'}]
2026-09-19 00:21:25,407 [VERBOSE] music_app.services.cover_provider_runtime: Cover HTTP success service=discogs context=database-search:master-artist-release status=200 url=http://127.0.0.1:5302/discogs/database/search?type=master&artist=Mastodon&release_title=Crack+The+Skye+Fixture+06&per_page=8&page=1&year=2009 bytes=480
2026-09-19 00:21:25,407 [INFO] music_app.services.cover_provider_runtime: {"action": "Discogs search query completed", "album": "Crack The Skye Fixture 06", "artist": "Mastodon", "payload_type": "dict", "query_mode": "master-artist-release", "raw_result_count": 1, "result_preview": [{"resource_url": "https://api.discogs.com/releases/900001", "title": "Mastodon - Crack The Skye", "type": "release", "year": 2009}], "search_artist": "Mastodon", "search_release_title": "Crack The Skye Fixture 06", "search_type": "master", "search_year": 2009, "year": 2009}
2026-09-19 00:21:25,408 [INFO] music_app.services.cover_provider_runtime: {"accepted_result_count": 1, "action": "Discogs search query filtered", "album": "Crack The Skye Fixture 06", "artist": "Mastodon", "query_mode": "master-artist-release", "raw_result_count": 1, "search_type": "master", "year": 2009}
2026-09-19 00:21:25,651 [INFO] music_app: {"action": "Index request completed", "album_count": 0, "artist_count": 0, "bootstrap_mode": "fresh_preview", "covers_in_progress": false, "elapsed_ms": 391.04, "hydrate_in_progress": false, "payload_elapsed_ms": 210.06, "query": "", "scan_in_progress": false, "selected_artist": ""}
2026-09-19 00:21:26,040 [VERBOSE] music_app.services.cover_provider_runtime: Cover HTTP success service=discogs context=database-search:master-q status=200 url=http://127.0.0.1:5302/discogs/database/search?type=master&q=Mastodon+Crack+The+Skye+Fixture+06+2009&per_page=8&page=1&year=2009 bytes=480
2026-09-19 00:21:26,041 [INFO] music_app.services.cover_provider_runtime: {"action": "Discogs search query completed", "album": "Crack The Skye Fixture 06", "artist": "Mastodon", "payload_type": "dict", "query_mode": "master-q", "raw_result_count": 1, "result_preview": [{"resource_url": "https://api.discogs.com/releases/900001", "title": "Mastodon - Crack The Skye", "type": "release", "year": 2009}], "search_artist": "", "search_release_title": "", "search_type": "master", "search_year": 2009, "year": 2009}
2026-09-19 00:21:26,041 [INFO] music_app.services.cover_provider_runtime: {"accepted_result_count": 0, "action": "Discogs search query filtered", "album": "Crack The Skye Fixture 06", "artist": "Mastodon", "query_mode": "master-q", "raw_result_count": 1, "search_type": "master", "year": 2009}
2026-09-19 00:21:26,062 [VERBOSE] music_app.services.cover_provider_runtime: Cover HTTP success service=apple context=probe:api-sufficiency:Mastodon - Crack The Skye Fixture 06 status=200 url=http://cover-fixture.example:5302/apple/artwork/cover-01-7500x7500-087120377c13/9999x9999-100.jpg bytes=13333242
2026-09-19 00:21:26,947 [VERBOSE] music_app.services.cover_provider_runtime: Cover HTTP success service=discogs context=database-search:release-artist-release status=200 url=http://127.0.0.1:5302/discogs/database/search?type=release&artist=Mastodon&release_title=Crack+The+Skye+Fixture+06&per_page=8&page=1&year=2009 bytes=480
2026-09-19 00:21:26,948 [INFO] music_app.services.cover_provider_runtime: {"action": "Discogs search query completed", "album": "Crack The Skye Fixture 06", "artist": "Mastodon", "payload_type": "dict", "query_mode": "release-artist-release", "raw_result_count": 1, "result_preview": [{"resource_url": "https://api.discogs.com/releases/900001", "title": "Mastodon - Crack The Skye", "type": "release", "year": 2009}], "search_artist": "Mastodon", "search_release_title": "Crack The Skye Fixture 06", "search_type": "release", "search_year": 2009, "year": 2009}
2026-09-19 00:21:26,948 [INFO] music_app.services.cover_provider_runtime: {"accepted_result_count": 0, "action": "Discogs search query filtered", "album": "Crack The Skye Fixture 06", "artist": "Mastodon", "query_mode": "release-artist-release", "raw_result_count": 1, "search_type": "release", "year": 2009}
2026-09-19 00:21:27,579 [VERBOSE] music_app.services.cover_provider_runtime: Apple API artwork sufficient artist='Mastodon' album='Crack The Skye Fixture 06' year=2009 score=1.1750 width=7500 height=7500 sharpness=13.7795
2026-09-19 00:21:27,607 [INFO] music_app.services.cover_provider_musicbrainz_caa: {"action": "MusicBrainz release search query completed", "album": "Crack The Skye Fixture 06", "artist": "Mastodon", "context_prefix": "cover-art-archive-release-search", "had_payload": true, "mode": "precise", "result_count": 1}
2026-09-19 00:21:27,972 [VERBOSE] music_app.services.cover_provider_runtime: Cover HTTP success service=discogs context=database-search:release-q status=200 url=http://127.0.0.1:5302/discogs/database/search?type=release&q=Mastodon+Crack+The+Skye+Fixture+06+2009&per_page=8&page=1&year=2009 bytes=480
2026-09-19 00:21:28,131 [VERBOSE] music_app.services.cover_provider_runtime: Cover HTTP success service=apple context=album-page:http://cover-fixture.example:5302/apple/album/cover-01-7500x7500-087120377c13 status=200 url=http://cover-fixture.example:5302/apple/album/cover-01-7500x7500-087120377c13 bytes=699
2026-09-19 00:21:28,131 [VERBOSE] music_app.services.cover_provider_runtime: Apple search results query='Mastodon Crack The Skye Fixture 06 2009' count=1 top=[{'score': 1.175, 'artist': 'Mastodon', 'album': 'Crack The Skye', 'year': 2009}]
2026-09-19 00:21:28,131 [INFO] music_app.services.cover_provider_runtime: Cover search provider completed service=apple artist='Mastodon' album='Crack The Skye Fixture 06' year=2009 candidates=0
2026-09-19 00:21:28,131 [INFO] music_app.services.cover_provider_runtime: {"acceptable_candidate_count": 0, "action": "Cover search provider completed", "album": "Crack The Skye Fixture 06", "artist": "Mastodon", "candidate_count": 0, "elapsed_ms": 4172.55, "service": "apple", "year": 2009}
2026-09-19 00:21:28,131 [INFO] music_app.services.cover_provider_runtime: {"action": "Cover search canceled after provider", "album": "Crack The Skye Fixture 06", "artist": "Mastodon", "service": "apple", "year": 2009}
2026-09-19 00:21:28,658 [INFO] music_app.services.cover_provider_runtime: {"action": "MusicBrainz JSON request returned no payload", "attempt": 1, "blocked_reason": "", "cache_hit": false, "context": "cover-art-archive-release-search:artist-release:Mastodon - Crack The Skye Fixture 06", "retry_after_seconds": 0.0, "status": "canceled", "url": "http://127.0.0.1:5302/musicbrainz/release/?query=artist%3A%22Mastodon%22%20AND%20release%3A%22Crack%20The%20Skye%20Fixture%2006%22&fmt=json&limit=24&inc=artist-credits"}
  [PASS] Reload with only active work, then cancel and clear it (5097 ms)
  ok 1 [functional] › tests\e2e\specs\coverLookup.spec.js:203:1 › FTC-COVERS-007 notification states and bulk clear preserve active work @area:cover-providers (56.2s)
[album-haven-playwright-result] {"version":1,"phase":"tests-complete","nonce":"b3d0d636de998306edf2b7760598cc396588b6a1c4e6fa39a5fb542ab052c6af","status":"passed","total":1,"completed":1,"failed":0,"skipped":0,"errors":0}



[album-haven-playwright-result] {"version":1,"phase":"run-final","nonce":"b3d0d636de998306edf2b7760598cc396588b6a1c4e6fa39a5fb542ab052c6af","status":"passed","total":1,"completed":1,"failed":0,"skipped":0,"errors":0}
  1 passed (1.1m)

=== Playwright Summary ===
[✓] coverLookup.spec
  [✓] FTC-COVERS-007 notification states and bulk clear preserve active work @area:cover-providers

Overall: 1/1 passed
[playwright-wrapper-final-decision] {"wrapperExitCode":0,"attemptReturn":{"exitCode":0,"exitReason":"authoritative-pass"},"fakeDatabaseCleanup":{"status":"completed","error":null,"mode":"lock-only"},"scanAppCleanup":{"status":"not-required","error":null},"isolatedAppCleanup":{"status":"completed","error":null},"tempCleanup":{"status":"completed","error":null,"removedCount":1},"passivePortDiagnostics":[{"port":5300,"status":"completed","error":null,"ownerCount":0},{"port":5302,"status":"completed","error":null,"ownerCount":0}],"finalSummary":{"phase":"run-final","status":"passed","total":1,"completed":1,"failed":0,"skipped":0,"errors":0,"listOnly":false},"exitReason":"authoritative-pass"}
{"restored":0,"removed":1,"unchanged":1497}
Album Haven production E2E app listening on http://127.0.0.1:5300 with 0 artists, 0 albums, 0 tracks, and provider fixtures on http://127.0.0.1:5302
2026-09-19 00:22:12,608 [INFO] music_app: Startup scan-cache hydration completed files=7200 albums=400
2026-09-19 00:22:12,608 [INFO] music_app: Legacy album exclusions migrated albums=1 removed_rules=18 created_rules=1
2026-09-19 00:22:13,162 [INFO] music_app: Relation projection startup readiness ready=true rebuilt=true reason=missing_projection builder_version=local-relation-builder-v9 source_row_count=7438 duration_ms=507.72 source_load=149.20 fingerprint=71.75 pure_build=148.20 family_link_replacement=11.70 snapshot_publication=2.31
2026-09-19 00:22:14,571 [INFO] music_app: {"action": "Index request completed", "album_count": 0, "artist_count": 0, "bootstrap_mode": "fresh_preview", "covers_in_progress": false, "elapsed_ms": 513.59, "hydrate_in_progress": false, "payload_elapsed_ms": 195.64, "query": "", "scan_in_progress": false, "selected_artist": ""}

Running 1 test using 1 worker

2026-09-19 00:22:44,203 [INFO] music_app: {"action": "Index request completed", "album_count": 0, "artist_count": 0, "bootstrap_mode": "fresh_preview", "covers_in_progress": false, "elapsed_ms": 279.49, "hydrate_in_progress": false, "payload_elapsed_ms": 162.52, "query": "", "scan_in_progress": false, "selected_artist": ""}
[TEST] FTC-COVERS-013 partial cover results survive drawer reopen, save cancellation, and reload
  [STEP] Open the exact manifest-backed album and then open the full cover lookup gallery
2026-09-19 00:22:47,330 [INFO] music_app: {"action": "Index request completed", "album_count": 0, "artist_count": 0, "bootstrap_mode": "fresh_preview", "covers_in_progress": false, "elapsed_ms": 278.46, "hydrate_in_progress": false, "payload_elapsed_ms": 163.4, "query": "", "scan_in_progress": false, "selected_artist": ""}
  [PASS] Open the exact manifest-backed album and then open the full cover lookup gallery (16255 ms)
  [STEP] Use partial cover results while the deterministic later provider remains active
    [STEP] Start the lookup and observe the first partial candidate before completion
2026-09-19 00:23:03,667 [INFO] music_app: {"action": "Cover lookup task queued", "album": "Crack The Skye Fixture 02", "artist": "Mastodon", "edition": "", "task_id": "059bee9149354a18a2079187172e3659", "year": 2009}
2026-09-19 00:23:03,726 [INFO] music_app: {"action": "Cover lookup task started", "album": "Crack The Skye Fixture 02", "artist": "Mastodon", "edition": "", "task_id": "059bee9149354a18a2079187172e3659", "track_count": 18, "year": 2009}
2026-09-19 00:23:03,825 [INFO] music_app.services.cover_provider_musicbrainz_caa: {"action": "Cover Art Archive lookup started", "album": "Crack The Skye Fixture 02", "artist": "Mastodon", "edition": "", "limit": 8, "query_parts": ["artist:\"Mastodon\"", "release:\"Crack The Skye Fixture 02\"", "date:2009"], "year": 2009}
2026-09-19 00:23:03,825 [INFO] music_app.services.cover_provider_musicbrainz_caa: {"action": "CAA code marker", "album": "Crack The Skye Fixture 02", "artist": "Mastodon", "marker": "2026-05-07-caa-ranked-release-search-v2"}
2026-09-19 00:23:03,844 [INFO] music_app.services.cover_provider_runtime: {"action": "Discogs search started", "album": "Crack The Skye Fixture 02", "artist": "Mastodon", "auth_enabled": false, "edition": "", "has_consumer_key": false, "has_consumer_secret": false, "year": 2009}
2026-09-19 00:23:03,953 [INFO] music_app.services.cover_provider_runtime: {"action": "Cover search provider started", "album": "Crack The Skye Fixture 02", "artist": "Mastodon", "service": "apple", "year": 2009}
2026-09-19 00:23:04,351 [VERBOSE] music_app.services.cover_provider_runtime: Cover HTTP success service=discogs context=database-search:master-artist-release status=200 url=http://127.0.0.1:5302/discogs/database/search?type=master&artist=Mastodon&release_title=Crack+The+Skye+Fixture+02&per_page=8&page=1&year=2009 bytes=480
2026-09-19 00:23:04,351 [INFO] music_app.services.cover_provider_runtime: {"action": "Discogs search query completed", "album": "Crack The Skye Fixture 02", "artist": "Mastodon", "payload_type": "dict", "query_mode": "master-artist-release", "raw_result_count": 1, "result_preview": [{"resource_url": "https://api.discogs.com/releases/900001", "title": "Mastodon - Crack The Skye", "type": "release", "year": 2009}], "search_artist": "Mastodon", "search_release_title": "Crack The Skye Fixture 02", "search_type": "master", "search_year": 2009, "year": 2009}
2026-09-19 00:23:04,355 [INFO] music_app.services.cover_provider_runtime: {"accepted_result_count": 1, "action": "Discogs search query filtered", "album": "Crack The Skye Fixture 02", "artist": "Mastodon", "query_mode": "master-artist-release", "raw_result_count": 1, "search_type": "master", "year": 2009}
2026-09-19 00:23:04,392 [VERBOSE] music_app.services.cover_provider_runtime: Cover HTTP success service=apple context=search:Mastodon Crack The Skye Fixture 02 2009 status=200 url=http://127.0.0.1:5302/itunes/search?term=Mastodon+Crack+The+Skye+Fixture+02+2009&entity=album&limit=20 bytes=548
2026-09-19 00:23:04,392 [VERBOSE] music_app.services.cover_provider_runtime: Apple raw search results query='Mastodon Crack The Skye Fixture 02 2009' artist='Mastodon' album='Crack The Skye Fixture 02' year=2009 results=[{'wrapperType': 'collection', 'collectionType': 'Album', 'artistId': 16327, 'collectionId': 131167, 'artistName': 'Mastodon', 'collectionName': 'Crack The Skye', 'collectionViewUrl': 'http://cover-fixture.example:5302/apple/album/cover-01-7500x7500-087120377c13', 'artistViewUrl': 'http://cover-fixture.example:5302/apple/artist/cover-01-7500x7500-087120377c13', 'artworkUrl100': 'http://cover-fixture.example:5302/apple/artwork/cover-01-7500x7500-087120377c13/100x100bb.jpg', 'releaseDate': '2009-01-01T00:00:00Z'}]
2026-09-19 00:23:04,609 [VERBOSE] music_app.services.cover_provider_runtime: Cover HTTP success service=discogs context=database-search:master-q status=200 url=http://127.0.0.1:5302/discogs/database/search?type=master&q=Mastodon+Crack+The+Skye+Fixture+02+2009&per_page=8&page=1&year=2009 bytes=480
2026-09-19 00:23:04,609 [INFO] music_app.services.cover_provider_runtime: {"action": "Discogs search query completed", "album": "Crack The Skye Fixture 02", "artist": "Mastodon", "payload_type": "dict", "query_mode": "master-q", "raw_result_count": 1, "result_preview": [{"resource_url": "https://api.discogs.com/releases/900001", "title": "Mastodon - Crack The Skye", "type": "release", "year": 2009}], "search_artist": "", "search_release_title": "", "search_type": "master", "search_year": 2009, "year": 2009}
2026-09-19 00:23:04,609 [INFO] music_app.services.cover_provider_runtime: {"accepted_result_count": 0, "action": "Discogs search query filtered", "album": "Crack The Skye Fixture 02", "artist": "Mastodon", "query_mode": "master-q", "raw_result_count": 1, "search_type": "master", "year": 2009}
2026-09-19 00:23:04,658 [VERBOSE] music_app.services.cover_provider_runtime: Cover HTTP success service=apple context=probe:api-sufficiency:Mastodon - Crack The Skye Fixture 02 status=200 url=http://cover-fixture.example:5302/apple/artwork/cover-01-7500x7500-087120377c13/9999x9999-100.jpg bytes=13333242
2026-09-19 00:23:04,817 [VERBOSE] music_app.services.cover_provider_runtime: Cover HTTP success service=discogs context=database-search:release-artist-release status=200 url=http://127.0.0.1:5302/discogs/database/search?type=release&artist=Mastodon&release_title=Crack+The+Skye+Fixture+02&per_page=8&page=1&year=2009 bytes=480
2026-09-19 00:23:04,818 [INFO] music_app.services.cover_provider_runtime: {"action": "Discogs search query completed", "album": "Crack The Skye Fixture 02", "artist": "Mastodon", "payload_type": "dict", "query_mode": "release-artist-release", "raw_result_count": 1, "result_preview": [{"resource_url": "https://api.discogs.com/releases/900001", "title": "Mastodon - Crack The Skye", "type": "release", "year": 2009}], "search_artist": "Mastodon", "search_release_title": "Crack The Skye Fixture 02", "search_type": "release", "search_year": 2009, "year": 2009}
2026-09-19 00:23:04,818 [INFO] music_app.services.cover_provider_runtime: {"accepted_result_count": 0, "action": "Discogs search query filtered", "album": "Crack The Skye Fixture 02", "artist": "Mastodon", "query_mode": "release-artist-release", "raw_result_count": 1, "search_type": "release", "year": 2009}
2026-09-19 00:23:05,021 [VERBOSE] music_app.services.cover_provider_runtime: Apple API artwork sufficient artist='Mastodon' album='Crack The Skye Fixture 02' year=2009 score=1.1750 width=7500 height=7500 sharpness=13.7795
2026-09-19 00:23:05,037 [VERBOSE] music_app.services.cover_provider_runtime: Cover HTTP success service=discogs context=database-search:release-q status=200 url=http://127.0.0.1:5302/discogs/database/search?type=release&q=Mastodon+Crack+The+Skye+Fixture+02+2009&per_page=8&page=1&year=2009 bytes=480
2026-09-19 00:23:05,039 [INFO] music_app.services.cover_provider_runtime: {"action": "Discogs search query completed", "album": "Crack The Skye Fixture 02", "artist": "Mastodon", "payload_type": "dict", "query_mode": "release-q", "raw_result_count": 1, "result_preview": [{"resource_url": "https://api.discogs.com/releases/900001", "title": "Mastodon - Crack The Skye", "type": "release", "year": 2009}], "search_artist": "", "search_release_title": "", "search_type": "release", "search_year": 2009, "year": 2009}
2026-09-19 00:23:05,039 [INFO] music_app.services.cover_provider_runtime: {"accepted_result_count": 0, "action": "Discogs search query filtered", "album": "Crack The Skye Fixture 02", "artist": "Mastodon", "query_mode": "release-q", "raw_result_count": 1, "search_type": "release", "year": 2009}
2026-09-19 00:23:05,278 [VERBOSE] music_app.services.cover_provider_runtime: Cover HTTP success service=apple context=album-page:http://cover-fixture.example:5302/apple/album/cover-01-7500x7500-087120377c13 status=200 url=http://cover-fixture.example:5302/apple/album/cover-01-7500x7500-087120377c13 bytes=699
2026-09-19 00:23:05,279 [VERBOSE] music_app.services.cover_provider_runtime: Apple page artwork candidates page=http://cover-fixture.example:5302/apple/album/cover-01-7500x7500-087120377c13 count=1 candidates=['http://cover-fixture.example:5302/apple/artwork/cover-01-7500x7500-087120377c13/9999x9999bb-100.jpg']
2026-09-19 00:23:05,279 [VERBOSE] music_app.services.cover_provider_runtime: Apple search results query='Mastodon Crack The Skye Fixture 02 2009' count=1 top=[{'score': 1.175, 'artist': 'Mastodon', 'album': 'Crack The Skye', 'year': 2009}]
2026-09-19 00:23:05,279 [VERBOSE] music_app.services.cover_provider_runtime: Cover candidate probe start source=apple artist='Mastodon' album='Crack The Skye Fixture 02' year=2009 query_mode=artist+album+year:native best_score=1.1750 cutoff=0.0000 contenders=[{'score': 1.175, 'url': 'http://cover-fixture.example:5302/apple/artwork/cover-01-7500x7500-087120377c13/9999x9999-100.jpg'}]
2026-09-19 00:23:05,279 [VERBOSE] music_app.services.cover_provider_runtime: Cover candidate probe result source=apple artist='Mastodon' album='Crack The Skye Fixture 02' year=2009 result={'score': 1.175, 'width': 7500, 'height': 7500, 'area': 56250000, 'sharpness': 13.7795, 'album': 'Crack The Skye', 'artist': 'Mastodon', 'url': 'http://cover-fixture.example:5302/apple/artwork/cover-01-7500x7500-087120377c13/9999x9999-100.jpg', 'year': 2009, 'variant': 'api-artwork', 'album_url': 'http://cover-fixture.example:5302/apple/album/cover-01-7500x7500-087120377c13'}
2026-09-19 00:23:05,279 [INFO] music_app.services.cover_provider_runtime: Cover search provider completed service=apple artist='Mastodon' album='Crack The Skye Fixture 02' year=2009 candidates=1
2026-09-19 00:23:05,279 [INFO] music_app.services.cover_provider_runtime: {"acceptable_candidate_count": 1, "action": "Cover search provider completed", "album": "Crack The Skye Fixture 02", "artist": "Mastodon", "candidate_count": 1, "elapsed_ms": 1327.26, "service": "apple", "year": 2009}
2026-09-19 00:23:05,281 [INFO] music_app.services.cover_provider_runtime: {"acceptable_candidate_count": 1, "action": "Cover search primary services evaluated", "album": "Crack The Skye Fixture 02", "artist": "Mastodon", "primary_has_acceptable": true, "skip_spotify": true, "total_candidate_count": 1, "year": 2009}
2026-09-19 00:23:05,295 [VERBOSE] music_app.services.cover_provider_runtime: Cover HTTP success service=discogs context=database-search:release-title-q status=200 url=http://127.0.0.1:5302/discogs/database/search?type=release&q=Crack+The+Skye+Fixture+02+2009&per_page=8&page=1&year=2009 bytes=480
2026-09-19 00:23:05,295 [INFO] music_app.services.cover_provider_runtime: {"action": "Discogs search query completed", "album": "Crack The Skye Fixture 02", "artist": "Mastodon", "payload_type": "dict", "query_mode": "release-title-q", "raw_result_count": 1, "result_preview": [{"resource_url": "https://api.discogs.com/releases/900001", "title": "Mastodon - Crack The Skye", "type": "release", "year": 2009}], "search_artist": "", "search_release_title": "", "search_type": "release", "search_year": 2009, "year": 2009}
2026-09-19 00:23:05,295 [INFO] music_app.services.cover_provider_runtime: {"accepted_result_count": 0, "action": "Discogs search query filtered", "album": "Crack The Skye Fixture 02", "artist": "Mastodon", "query_mode": "release-title-q", "raw_result_count": 1, "search_type": "release", "year": 2009}
2026-09-19 00:23:05,507 [INFO] music_app: {"action": "Cover lookup service candidates collected", "album": "Crack The Skye Fixture 02", "artist": "Mastodon", "candidate_count": 1, "manual_candidate_count": 0, "task_id": "059bee9149354a18a2079187172e3659"}
2026-09-19 00:23:05,562 [VERBOSE] music_app.services.cover_provider_runtime: Cover HTTP success service=discogs context=release:900001 status=200 url=http://127.0.0.1:5302/discogs/releases/900001 bytes=654
2026-09-19 00:23:05,562 [INFO] music_app.services.cover_provider_runtime: {"action": "Discogs detail evaluated", "album": "Crack The Skye Fixture 02", "artist": "Mastodon", "discogs_id": 900001, "discogs_type": "release", "image_count": 2, "main_release_requested": false, "query_mode": "master-artist-release", "score": 0.935, "title": "Mastodon - Crack The Skye", "variant": "database-search-release", "year": 2009}
2026-09-19 00:23:05,562 [INFO] music_app.services.cover_provider_runtime: {"action": "Discogs search matches prepared", "album": "Crack The Skye Fixture 02", "artist": "Mastodon", "detail_attempt_count": 1, "expanded_master_count": 0, "prepared_match_count": 2, "prepared_matches": [{"album": "Crack The Skye", "artist": "Mastodon", "discogs_type": "release", "query_mode": "master-artist-release", "score": 0.935, "url": "http://cover-fixture.example:5302/covers/cover-01-7500x7500-087120377c13.jpg", "year": 2009}, {"album": "Crack The Skye", "artist": "Mastodon", "discogs_type": "release", "query_mode": "master-artist-release", "score": 0.935, "url": "http://cover-fixture.example:5302/manual/cover-01-7500x7500-087120377c13/other-art.jpg?source=discogs", "year": 2009}], "unique_ranked_result_count": 1, "year": 2009}
2026-09-19 00:23:05,562 [VERBOSE] music_app.services.cover_provider_runtime: Cover candidate probe start source=discogs artist='Mastodon' album='Crack The Skye Fixture 02' year=2009 query_mode=database-search best_score=0.9350 cutoff=0.0000 contenders=[{'score': 0.935, 'url': 'http://cover-fixture.example:5302/covers/cover-01-7500x7500-087120377c13.jpg'}, {'score': 0.935, 'url': 'http://cover-fixture.example:5302/manual/cover-01-7500x7500-087120377c13/other-art.jpg?source=discogs'}]
2026-09-19 00:23:05,604 [INFO] music_app: {"action": "Cover lookup Bandcamp search completed", "album": "Crack The Skye Fixture 02", "artist": "Mastodon", "candidate_count": 0, "task_id": "059bee9149354a18a2079187172e3659"}
2026-09-19 00:23:05,777 [VERBOSE] music_app.services.cover_provider_runtime: Cover HTTP success service=discogs context=probe:database-search:Mastodon - Crack The Skye Fixture 02 status=200 url=http://cover-fixture.example:5302/covers/cover-01-7500x7500-087120377c13.jpg bytes=13333242
2026-09-19 00:23:06,141 [VERBOSE] music_app.services.cover_provider_runtime: Cover candidate probe result source=discogs artist='Mastodon' album='Crack The Skye Fixture 02' year=2009 result={'score': 0.935, 'width': 7500, 'height': 7500, 'area': 56250000, 'sharpness': 13.7795, 'album': 'Crack The Skye', 'artist': 'Mastodon', 'url': 'http://cover-fixture.example:5302/covers/cover-01-7500x7500-087120377c13.jpg', 'year': 2009, 'variant': 'database-search-release', 'album_url': 'https://www.discogs.com/release/900001'}
2026-09-19 00:23:06,375 [VERBOSE] music_app.services.cover_provider_runtime: Cover HTTP success service=discogs context=probe:database-search:Mastodon - Crack The Skye Fixture 02 status=200 url=http://cover-fixture.example:5302/manual/cover-01-7500x7500-087120377c13/other-art.jpg?source=discogs bytes=8034518
2026-09-19 00:23:06,545 [VERBOSE] music_app.services.cover_provider_runtime: Cover candidate probe result source=discogs artist='Mastodon' album='Crack The Skye Fixture 02' year=2009 result={'score': 0.935, 'width': 3273, 'height': 6234, 'area': 20403882, 'sharpness': 7.3486, 'album': 'Crack The Skye', 'artist': 'Mastodon', 'url': 'http://cover-fixture.example:5302/manual/cover-01-7500x7500-087120377c13/other-art.jpg?source=discogs', 'year': 2009, 'variant': 'database-search-release', 'album_url': 'https://www.discogs.com/release/900001'}
2026-09-19 00:23:06,545 [INFO] music_app.services.cover_provider_runtime: {"action": "Discogs search probe completed", "album": "Crack The Skye Fixture 02", "artist": "Mastodon", "prepared_match_count": 2, "probed_candidate_count": 2, "selected_urls": ["http://cover-fixture.example:5302/covers/cover-01-7500x7500-087120377c13.jpg", "http://cover-fixture.example:5302/manual/cover-01-7500x7500-087120377c13/other-art.jpg?source=discogs"], "year": 2009}
    [PASS] Start the lookup and observe the first partial candidate before completion (6201 ms)
    [STEP] Prove the task remains active and reopen its partial results through the drawer
    [PASS] Prove the task remains active and reopen its partial results through the drawer (2293 ms)
  [PASS] Use partial cover results while the deterministic later provider remains active (8495 ms)
  [STEP] Save the partial result and cancel unnecessary remaining fake-provider work
2026-09-19 00:23:16,953 [INFO] music_app: Problematic albums timing: {'kind': 'summary_payload', 'cache_status': 'miss', 'item_count': 19, 'elapsed_ms': 287.75}
2026-09-19 00:23:17,125 [INFO] music_app: {"action": "Cover lookup CAA search completed", "album": "Crack The Skye Fixture 02", "artist": "Mastodon", "candidate_count": 0, "task_id": "059bee9149354a18a2079187172e3659"}
2026-09-19 00:23:17,125 [INFO] music_app: {"action": "Cover lookup Discogs search completed", "album": "Crack The Skye Fixture 02", "artist": "Mastodon", "candidate_count": 0, "task_id": "059bee9149354a18a2079187172e3659"}
2026-09-19 00:23:18,350 [INFO] music_app.services.cover_provider_runtime: {"action": "MusicBrainz JSON request returned no payload", "attempt": 1, "blocked_reason": "", "cache_hit": false, "context": "cover-art-archive-release-search:precise:Mastodon - Crack The Skye Fixture 02", "retry_after_seconds": 0.0, "status": "canceled", "url": "http://127.0.0.1:5302/musicbrainz/release/?query=artist%3A%22Mastodon%22%20AND%20release%3A%22Crack%20The%20Skye%20Fixture%2002%22%20AND%20date%3A2009&fmt=json&limit=24&inc=artist-credits"}
  [PASS] Save the partial result and cancel unnecessary remaining fake-provider work (7241 ms)
  [STEP] Reload and prove delayed provider work neither appends nor clobbers the saved partial result
2026-09-19 00:23:19,273 [INFO] music_app: {"action": "Index request completed", "album_count": 0, "artist_count": 0, "bootstrap_mode": "fresh_preview", "covers_in_progress": false, "elapsed_ms": 281.94, "hydrate_in_progress": false, "payload_elapsed_ms": 149.23, "query": "", "scan_in_progress": false, "selected_artist": ""}
  [PASS] Reload and prove delayed provider work neither appends nor clobbers the saved partial result (4122 ms)
  ok 1 [functional] › tests\e2e\specs\coverLookup.spec.js:395:1 › FTC-COVERS-013 partial cover results survive drawer reopen, save cancellation, and reload @area:cover-providers (36.4s)
[album-haven-playwright-result] {"version":1,"phase":"tests-complete","nonce":"a163b7240f96929ed5dfef8e7ad67625fc6c56475c7a7b65db496b4380e027d7","status":"passed","total":1,"completed":1,"failed":0,"skipped":0,"errors":0}



[album-haven-playwright-result] {"version":1,"phase":"run-final","nonce":"a163b7240f96929ed5dfef8e7ad67625fc6c56475c7a7b65db496b4380e027d7","status":"passed","total":1,"completed":1,"failed":0,"skipped":0,"errors":0}
  1 passed (44.6s)

=== Playwright Summary ===
[✓] coverLookup.spec
  [✓] FTC-COVERS-013 partial cover results survive drawer reopen, save cancellation, and reload @area:cover-providers

Overall: 1/1 passed
[playwright-wrapper-final-decision] {"wrapperExitCode":0,"attemptReturn":{"exitCode":0,"exitReason":"authoritative-pass"},"fakeDatabaseCleanup":{"status":"completed","error":null,"mode":"lock-only"},"scanAppCleanup":{"status":"not-required","error":null},"isolatedAppCleanup":{"status":"completed","error":null},"tempCleanup":{"status":"completed","error":null,"removedCount":1},"passivePortDiagnostics":[{"port":5300,"status":"completed","error":null,"ownerCount":0},{"port":5302,"status":"completed","error":null,"ownerCount":0}],"finalSummary":{"phase":"run-final","status":"passed","total":1,"completed":1,"failed":0,"skipped":0,"errors":0,"listOnly":false},"exitReason":"authoritative-pass"}
{"restored":1,"removed":0,"unchanged":1496}
Album Haven production E2E app listening on http://127.0.0.1:5300 with 0 artists, 0 albums, 0 tracks, and provider fixtures on http://127.0.0.1:5302
2026-09-19 00:24:00,331 [INFO] music_app: Startup scan-cache hydration completed files=7200 albums=400
2026-09-19 00:24:00,331 [INFO] music_app: Legacy album exclusions migrated albums=1 removed_rules=18 created_rules=1
2026-09-19 00:24:00,852 [INFO] music_app: Relation projection startup readiness ready=true rebuilt=true reason=missing_projection builder_version=local-relation-builder-v9 source_row_count=7438 duration_ms=473.76 source_load=140.61 fingerprint=60.80 pure_build=146.32 family_link_replacement=7.68 snapshot_publication=1.71
2026-09-19 00:24:02,218 [INFO] music_app: {"action": "Index request completed", "album_count": 0, "artist_count": 0, "bootstrap_mode": "fresh_preview", "covers_in_progress": false, "elapsed_ms": 539.32, "hydrate_in_progress": false, "payload_elapsed_ms": 295.22, "query": "", "scan_in_progress": false, "selected_artist": ""}

Running 1 test using 1 worker

2026-09-19 00:24:29,932 [INFO] music_app: {"action": "Index request completed", "album_count": 0, "artist_count": 0, "bootstrap_mode": "fresh_preview", "covers_in_progress": false, "elapsed_ms": 297.22, "hydrate_in_progress": false, "payload_elapsed_ms": 168.49, "query": "", "scan_in_progress": false, "selected_artist": ""}
[TEST] FTC-COVERS-019 Spotify stays linked while a downloadable provider reopens locally
  [STEP] Open fixture-seeded provider candidates without starting a search
2026-09-19 00:24:33,219 [INFO] music_app: {"action": "Index request completed", "album_count": 0, "artist_count": 0, "bootstrap_mode": "fresh_preview", "covers_in_progress": false, "elapsed_ms": 283.75, "hydrate_in_progress": false, "payload_elapsed_ms": 164.99, "query": "", "scan_in_progress": false, "selected_artist": ""}
  [PASS] Open fixture-seeded provider candidates without starting a search (17559 ms)
  [STEP] Save Spotify and retain it as the selected linked remote cover
2026-09-19 00:24:51,830 [INFO] music_app: Problematic albums timing: {'kind': 'summary_payload', 'cache_status': 'miss', 'item_count': 20, 'elapsed_ms': 357.59}
  [PASS] Save Spotify and retain it as the selected linked remote cover (1668 ms)
  [STEP] Save Apple and reopen canonical local art with no selected remote card
2026-09-19 00:24:53,711 [INFO] music_app: Problematic albums timing: {'kind': 'summary_payload', 'cache_status': 'miss', 'item_count': 19, 'elapsed_ms': 189.39}
  [PASS] Save Apple and reopen canonical local art with no selected remote card (4582 ms)
  ok 1 [functional] › tests\e2e\specs\coverLookup.spec.js:531:1 › FTC-COVERS-019 Spotify stays linked while a downloadable provider reopens locally @area:cover-providers (24.2s)
[album-haven-playwright-result] {"version":1,"phase":"tests-complete","nonce":"155ffea02170839f536f2f50684ccc70c7bb570c66f3cf6dd45ce9cf1cc8001a","status":"passed","total":1,"completed":1,"failed":0,"skipped":0,"errors":0}



[album-haven-playwright-result] {"version":1,"phase":"run-final","nonce":"155ffea02170839f536f2f50684ccc70c7bb570c66f3cf6dd45ce9cf1cc8001a","status":"passed","total":1,"completed":1,"failed":0,"skipped":0,"errors":0}
  1 passed (31.3s)

=== Playwright Summary ===
[✓] coverLookup.spec
  [✓] FTC-COVERS-019 Spotify stays linked while a downloadable provider reopens locally @area:cover-providers

Overall: 1/1 passed
[playwright-wrapper-final-decision] {"wrapperExitCode":0,"attemptReturn":{"exitCode":0,"exitReason":"authoritative-pass"},"fakeDatabaseCleanup":{"status":"completed","error":null,"mode":"lock-only"},"scanAppCleanup":{"status":"not-required","error":null},"isolatedAppCleanup":{"status":"completed","error":null},"tempCleanup":{"status":"completed","error":null,"removedCount":1},"passivePortDiagnostics":[{"port":5300,"status":"completed","error":null,"ownerCount":0},{"port":5302,"status":"completed","error":null,"ownerCount":0}],"finalSummary":{"phase":"run-final","status":"passed","total":1,"completed":1,"failed":0,"skipped":0,"errors":0,"listOnly":false},"exitReason":"authoritative-pass"}
{"restored":1,"removed":1,"unchanged":1496}
Album Haven production E2E app listening on http://127.0.0.1:5300 with 0 artists, 0 albums, 0 tracks, and provider fixtures on http://127.0.0.1:5302
2026-09-19 00:25:29,394 [INFO] music_app: Startup scan-cache hydration completed files=7200 albums=400
2026-09-19 00:25:29,394 [INFO] music_app: Legacy album exclusions migrated albums=1 removed_rules=18 created_rules=1
2026-09-19 00:25:30,008 [INFO] music_app: Relation projection startup readiness ready=true rebuilt=true reason=missing_projection builder_version=local-relation-builder-v9 source_row_count=7438 duration_ms=577.56 source_load=147.73 fingerprint=64.00 pure_build=149.80 family_link_replacement=8.22 snapshot_publication=1.82
2026-09-19 00:25:31,615 [INFO] music_app: {"action": "Index request completed", "album_count": 0, "artist_count": 0, "bootstrap_mode": "fresh_preview", "covers_in_progress": false, "elapsed_ms": 531.35, "hydrate_in_progress": false, "payload_elapsed_ms": 278.48, "query": "", "scan_in_progress": false, "selected_artist": ""}

Running 1 test using 1 worker

2026-09-19 00:25:59,780 [INFO] music_app: {"action": "Index request completed", "album_count": 0, "artist_count": 0, "bootstrap_mode": "fresh_preview", "covers_in_progress": false, "elapsed_ms": 320.77, "hydrate_in_progress": false, "payload_elapsed_ms": 185.72, "query": "", "scan_in_progress": false, "selected_artist": ""}
[TEST] FTC-COVERS-017 manual lookup progressively retains provider alternatives
  [STEP] Open the isolated album and start a staged all-provider lookup
2026-09-19 00:26:03,132 [INFO] music_app: {"action": "Index request completed", "album_count": 0, "artist_count": 0, "bootstrap_mode": "fresh_preview", "covers_in_progress": false, "elapsed_ms": 266.52, "hydrate_in_progress": false, "payload_elapsed_ms": 153.35, "query": "", "scan_in_progress": false, "selected_artist": ""}
2026-09-19 00:26:19,877 [INFO] music_app: {"action": "Cover lookup task queued", "album": "Crack The Skye Fixture 07", "artist": "Mastodon", "edition": "", "task_id": "f96068a7e6f84c8ea1d32f68c892ec15", "year": 2009}
2026-09-19 00:26:19,932 [INFO] music_app: {"action": "Cover lookup task started", "album": "Crack The Skye Fixture 07", "artist": "Mastodon", "edition": "", "task_id": "f96068a7e6f84c8ea1d32f68c892ec15", "track_count": 18, "year": 2009}
2026-09-19 00:26:20,327 [INFO] music_app.services.cover_provider_musicbrainz_caa: {"action": "Cover Art Archive lookup started", "album": "Crack The Skye Fixture 07", "artist": "Mastodon", "edition": "", "limit": 8, "query_parts": ["artist:\"Mastodon\"", "release:\"Crack The Skye Fixture 07\"", "date:2009"], "year": 2009}
2026-09-19 00:26:20,327 [INFO] music_app.services.cover_provider_musicbrainz_caa: {"action": "CAA code marker", "album": "Crack The Skye Fixture 07", "artist": "Mastodon", "marker": "2026-05-07-caa-ranked-release-search-v2"}
2026-09-19 00:26:20,374 [INFO] music_app.services.cover_provider_runtime: {"action": "Discogs search started", "album": "Crack The Skye Fixture 07", "artist": "Mastodon", "auth_enabled": false, "edition": "", "has_consumer_key": false, "has_consumer_secret": false, "year": 2009}
2026-09-19 00:26:20,389 [INFO] music_app.services.cover_provider_runtime: {"action": "Cover search provider started", "album": "Crack The Skye Fixture 07", "artist": "Mastodon", "service": "apple", "year": 2009}
2026-09-19 00:26:20,964 [VERBOSE] music_app.services.cover_provider_runtime: Cover HTTP success service=discogs context=database-search:master-artist-release status=200 url=http://127.0.0.1:5302/discogs/database/search?type=master&artist=Mastodon&release_title=Crack+The+Skye+Fixture+07&per_page=8&page=1&year=2009 bytes=480
2026-09-19 00:26:20,964 [INFO] music_app.services.cover_provider_runtime: {"action": "Discogs search query completed", "album": "Crack The Skye Fixture 07", "artist": "Mastodon", "payload_type": "dict", "query_mode": "master-artist-release", "raw_result_count": 1, "result_preview": [{"resource_url": "https://api.discogs.com/releases/900001", "title": "Mastodon - Crack The Skye", "type": "release", "year": 2009}], "search_artist": "Mastodon", "search_release_title": "Crack The Skye Fixture 07", "search_type": "master", "search_year": 2009, "year": 2009}
2026-09-19 00:26:20,968 [INFO] music_app.services.cover_provider_runtime: {"accepted_result_count": 1, "action": "Discogs search query filtered", "album": "Crack The Skye Fixture 07", "artist": "Mastodon", "query_mode": "master-artist-release", "raw_result_count": 1, "search_type": "master", "year": 2009}
2026-09-19 00:26:21,011 [VERBOSE] music_app.services.cover_provider_runtime: Cover HTTP success service=apple context=search:Mastodon Crack The Skye Fixture 07 2009 status=200 url=http://127.0.0.1:5302/itunes/search?term=Mastodon+Crack+The+Skye+Fixture+07+2009&entity=album&limit=20 bytes=549
2026-09-19 00:26:21,011 [VERBOSE] music_app.services.cover_provider_runtime: Apple raw search results query='Mastodon Crack The Skye Fixture 07 2009' artist='Mastodon' album='Crack The Skye Fixture 07' year=2009 results=[{'wrapperType': 'collection', 'collectionType': 'Album', 'artistId': 792019, 'collectionId': 901128, 'artistName': 'Mastodon', 'collectionName': 'Crack The Skye', 'collectionViewUrl': 'http://cover-fixture.example:5302/apple/album/cover-01-7500x7500-087120377c13', 'artistViewUrl': 'http://cover-fixture.example:5302/apple/artist/cover-01-7500x7500-087120377c13', 'artworkUrl100': 'http://cover-fixture.example:5302/apple/artwork/cover-01-7500x7500-087120377c13/100x100bb.jpg', 'releaseDate': '2009-01-01T00:00:00Z'}]
  [PASS] Open the isolated album and start a staged all-provider lookup (18362 ms)
  [STEP] Override the best partial candidate before later providers finish
2026-09-19 00:26:21,539 [VERBOSE] music_app.services.cover_provider_runtime: Cover HTTP success service=discogs context=database-search:master-q status=200 url=http://127.0.0.1:5302/discogs/database/search?type=master&q=Mastodon+Crack+The+Skye+Fixture+07+2009&per_page=8&page=1&year=2009 bytes=480
2026-09-19 00:26:21,539 [INFO] music_app.services.cover_provider_runtime: {"action": "Discogs search query completed", "album": "Crack The Skye Fixture 07", "artist": "Mastodon", "payload_type": "dict", "query_mode": "master-q", "raw_result_count": 1, "result_preview": [{"resource_url": "https://api.discogs.com/releases/900001", "title": "Mastodon - Crack The Skye", "type": "release", "year": 2009}], "search_artist": "", "search_release_title": "", "search_type": "master", "search_year": 2009, "year": 2009}
2026-09-19 00:26:21,541 [INFO] music_app.services.cover_provider_runtime: {"accepted_result_count": 0, "action": "Discogs search query filtered", "album": "Crack The Skye Fixture 07", "artist": "Mastodon", "query_mode": "master-q", "raw_result_count": 1, "search_type": "master", "year": 2009}
2026-09-19 00:26:21,639 [VERBOSE] music_app.services.cover_provider_runtime: Cover HTTP success service=apple context=probe:api-sufficiency:Mastodon - Crack The Skye Fixture 07 status=200 url=http://cover-fixture.example:5302/apple/artwork/cover-01-7500x7500-087120377c13/9999x9999-100.jpg bytes=13333242
2026-09-19 00:26:22,012 [VERBOSE] music_app.services.cover_provider_runtime: Cover HTTP success service=discogs context=database-search:release-artist-release status=200 url=http://127.0.0.1:5302/discogs/database/search?type=release&artist=Mastodon&release_title=Crack+The+Skye+Fixture+07&per_page=8&page=1&year=2009 bytes=480
2026-09-19 00:26:22,013 [INFO] music_app.services.cover_provider_runtime: {"action": "Discogs search query completed", "album": "Crack The Skye Fixture 07", "artist": "Mastodon", "payload_type": "dict", "query_mode": "release-artist-release", "raw_result_count": 1, "result_preview": [{"resource_url": "https://api.discogs.com/releases/900001", "title": "Mastodon - Crack The Skye", "type": "release", "year": 2009}], "search_artist": "Mastodon", "search_release_title": "Crack The Skye Fixture 07", "search_type": "release", "search_year": 2009, "year": 2009}
2026-09-19 00:26:22,013 [INFO] music_app.services.cover_provider_runtime: {"accepted_result_count": 0, "action": "Discogs search query filtered", "album": "Crack The Skye Fixture 07", "artist": "Mastodon", "query_mode": "release-artist-release", "raw_result_count": 1, "search_type": "release", "year": 2009}
2026-09-19 00:26:22,227 [VERBOSE] music_app.services.cover_provider_runtime: Apple API artwork sufficient artist='Mastodon' album='Crack The Skye Fixture 07' year=2009 score=1.1750 width=7500 height=7500 sharpness=13.7795
2026-09-19 00:26:22,560 [VERBOSE] music_app.services.cover_provider_runtime: Cover HTTP success service=discogs context=database-search:release-q status=200 url=http://127.0.0.1:5302/discogs/database/search?type=release&q=Mastodon+Crack+The+Skye+Fixture+07+2009&per_page=8&page=1&year=2009 bytes=480
2026-09-19 00:26:22,560 [INFO] music_app.services.cover_provider_runtime: {"action": "Discogs search query completed", "album": "Crack The Skye Fixture 07", "artist": "Mastodon", "payload_type": "dict", "query_mode": "release-q", "raw_result_count": 1, "result_preview": [{"resource_url": "https://api.discogs.com/releases/900001", "title": "Mastodon - Crack The Skye", "type": "release", "year": 2009}], "search_artist": "", "search_release_title": "", "search_type": "release", "search_year": 2009, "year": 2009}
2026-09-19 00:26:22,560 [INFO] music_app.services.cover_provider_runtime: {"accepted_result_count": 0, "action": "Discogs search query filtered", "album": "Crack The Skye Fixture 07", "artist": "Mastodon", "query_mode": "release-q", "raw_result_count": 1, "search_type": "release", "year": 2009}
2026-09-19 00:26:22,707 [VERBOSE] music_app.services.cover_provider_runtime: Cover HTTP success service=apple context=album-page:http://cover-fixture.example:5302/apple/album/cover-01-7500x7500-087120377c13 status=200 url=http://cover-fixture.example:5302/apple/album/cover-01-7500x7500-087120377c13 bytes=699
2026-09-19 00:26:22,709 [VERBOSE] music_app.services.cover_provider_runtime: Apple page artwork candidates page=http://cover-fixture.example:5302/apple/album/cover-01-7500x7500-087120377c13 count=1 candidates=['http://cover-fixture.example:5302/apple/artwork/cover-01-7500x7500-087120377c13/9999x9999bb-100.jpg']
2026-09-19 00:26:22,709 [VERBOSE] music_app.services.cover_provider_runtime: Apple search results query='Mastodon Crack The Skye Fixture 07 2009' count=1 top=[{'score': 1.175, 'artist': 'Mastodon', 'album': 'Crack The Skye', 'year': 2009}]
2026-09-19 00:26:22,709 [VERBOSE] music_app.services.cover_provider_runtime: Cover candidate probe start source=apple artist='Mastodon' album='Crack The Skye Fixture 07' year=2009 query_mode=artist+album+year:native best_score=1.1750 cutoff=0.0000 contenders=[{'score': 1.175, 'url': 'http://cover-fixture.example:5302/apple/artwork/cover-01-7500x7500-087120377c13/9999x9999-100.jpg'}]
2026-09-19 00:26:22,709 [VERBOSE] music_app.services.cover_provider_runtime: Cover candidate probe result source=apple artist='Mastodon' album='Crack The Skye Fixture 07' year=2009 result={'score': 1.175, 'width': 7500, 'height': 7500, 'area': 56250000, 'sharpness': 13.7795, 'album': 'Crack The Skye', 'artist': 'Mastodon', 'url': 'http://cover-fixture.example:5302/apple/artwork/cover-01-7500x7500-087120377c13/9999x9999-100.jpg', 'year': 2009, 'variant': 'api-artwork', 'album_url': 'http://cover-fixture.example:5302/apple/album/cover-01-7500x7500-087120377c13'}
2026-09-19 00:26:22,709 [INFO] music_app.services.cover_provider_runtime: Cover search provider completed service=apple artist='Mastodon' album='Crack The Skye Fixture 07' year=2009 candidates=1
2026-09-19 00:26:22,709 [INFO] music_app.services.cover_provider_runtime: {"acceptable_candidate_count": 1, "action": "Cover search provider completed", "album": "Crack The Skye Fixture 07", "artist": "Mastodon", "candidate_count": 1, "elapsed_ms": 2319.21, "service": "apple", "year": 2009}
2026-09-19 00:26:22,709 [INFO] music_app.services.cover_provider_runtime: {"acceptable_candidate_count": 1, "action": "Cover search primary services evaluated", "album": "Crack The Skye Fixture 07", "artist": "Mastodon", "primary_has_acceptable": true, "skip_spotify": true, "total_candidate_count": 1, "year": 2009}
2026-09-19 00:26:22,713 [VERBOSE] music_app.services.cover_provider_runtime: Cover candidate probe start source=direct_url artist='Mastodon' album='Crack The Skye Fixture 07' year=2009 query_mode=manual-url best_score=1.0000 cutoff=0.0000 contenders=[{'score': 1.0, 'url': 'http://cover-fixture.example:5302/manual/approved-cover-01/cover.jpg'}]
2026-09-19 00:26:22,747 [VERBOSE] music_app.services.cover_provider_runtime: Cover candidate probe start source=direct_url artist='Mastodon' album='Crack The Skye Fixture 07' year=2009 query_mode=manual-url best_score=1.0000 cutoff=0.0000 contenders=[{'score': 1.0, 'url': 'http://cover-fixture.example:5302/manual/approved-cover-01/other-art.jpg'}]
2026-09-19 00:26:22,993 [VERBOSE] music_app.services.cover_provider_runtime: Cover HTTP success service=discogs context=database-search:release-title-q status=200 url=http://127.0.0.1:5302/discogs/database/search?type=release&q=Crack+The+Skye+Fixture+07+2009&per_page=8&page=1&year=2009 bytes=480
2026-09-19 00:26:22,993 [INFO] music_app.services.cover_provider_runtime: {"action": "Discogs search query completed", "album": "Crack The Skye Fixture 07", "artist": "Mastodon", "payload_type": "dict", "query_mode": "release-title-q", "raw_result_count": 1, "result_preview": [{"resource_url": "https://api.discogs.com/releases/900001", "title": "Mastodon - Crack The Skye", "type": "release", "year": 2009}], "search_artist": "", "search_release_title": "", "search_type": "release", "search_year": 2009, "year": 2009}
2026-09-19 00:26:22,993 [INFO] music_app.services.cover_provider_runtime: {"accepted_result_count": 0, "action": "Discogs search query filtered", "album": "Crack The Skye Fixture 07", "artist": "Mastodon", "query_mode": "release-title-q", "raw_result_count": 1, "search_type": "release", "year": 2009}
2026-09-19 00:26:23,346 [VERBOSE] music_app.services.cover_provider_runtime: Cover HTTP error service=manual-remote context=manual-page:http://cover-fixture.example:5302/manual/approved-cover-01 status=404 url=http://cover-fixture.example:5302/manual/approved-cover-01 body='<!DOCTYPE HTML> <html lang="en"> <head> <meta charset="utf-8"> <title>Error response</title> </head> <body> <h1>Error response</h1> <p>Error code: 404</p> <p>Message: Not Found.</p> <p>Error code explanation: 404 - Nothing matches the given URI.</p> </body> </html>'
2026-09-19 00:26:23,349 [VERBOSE] music_app.services.cover_provider_runtime: Cover HTTP error service=direct_url context=probe:manual-url:Mastodon - Crack The Skye Fixture 07 status=404 url=http://cover-fixture.example:5302/manual/approved-cover-01/cover.jpg body='<!DOCTYPE HTML> <html lang="en"> <head> <meta charset="utf-8"> <title>Error response</title> </head> <body> <h1>Error response</h1> <p>Error code: 404</p> <p>Message: Not Found.</p> <p>Error code explanation: 404 - Nothing matches the given URI.</p> </body> </html>'
2026-09-19 00:26:23,350 [VERBOSE] music_app.services.cover_provider_runtime: Cover candidate probe no-bytes source=direct_url artist='Mastodon' album='Crack The Skye Fixture 07' year=2009 score=1.0000 url=http://cover-fixture.example:5302/manual/approved-cover-01/cover.jpg attempted_urls=['http://cover-fixture.example:5302/manual/approved-cover-01/cover.jpg']
2026-09-19 00:26:23,351 [VERBOSE] music_app.services.cover_provider_runtime: Cover HTTP error service=direct_url context=probe:manual-url:Mastodon - Crack The Skye Fixture 07 status=404 url=http://cover-fixture.example:5302/manual/approved-cover-01/other-art.jpg body='<!DOCTYPE HTML> <html lang="en"> <head> <meta charset="utf-8"> <title>Error response</title> </head> <body> <h1>Error response</h1> <p>Error code: 404</p> <p>Message: Not Found.</p> <p>Error code explanation: 404 - Nothing matches the given URI.</p> </body> </html>'
2026-09-19 00:26:23,351 [VERBOSE] music_app.services.cover_provider_runtime: Cover candidate probe no-bytes source=direct_url artist='Mastodon' album='Crack The Skye Fixture 07' year=2009 score=1.0000 url=http://cover-fixture.example:5302/manual/approved-cover-01/other-art.jpg attempted_urls=['http://cover-fixture.example:5302/manual/approved-cover-01/other-art.jpg']
2026-09-19 00:26:23,470 [INFO] music_app: {"action": "Cover lookup service candidates collected", "album": "Crack The Skye Fixture 07", "artist": "Mastodon", "candidate_count": 3, "manual_candidate_count": 2, "task_id": "f96068a7e6f84c8ea1d32f68c892ec15"}
2026-09-19 00:26:23,520 [VERBOSE] music_app.services.cover_provider_runtime: Cover HTTP success service=discogs context=release:900001 status=200 url=http://127.0.0.1:5302/discogs/releases/900001 bytes=654
2026-09-19 00:26:23,520 [INFO] music_app.services.cover_provider_runtime: {"action": "Discogs detail evaluated", "album": "Crack The Skye Fixture 07", "artist": "Mastodon", "discogs_id": 900001, "discogs_type": "release", "image_count": 2, "main_release_requested": false, "query_mode": "master-artist-release", "score": 0.935, "title": "Mastodon - Crack The Skye", "variant": "database-search-release", "year": 2009}
2026-09-19 00:26:23,521 [INFO] music_app.services.cover_provider_runtime: {"action": "Discogs search matches prepared", "album": "Crack The Skye Fixture 07", "artist": "Mastodon", "detail_attempt_count": 1, "expanded_master_count": 0, "prepared_match_count": 2, "prepared_matches": [{"album": "Crack The Skye", "artist": "Mastodon", "discogs_type": "release", "query_mode": "master-artist-release", "score": 0.935, "url": "http://cover-fixture.example:5302/covers/cover-01-7500x7500-087120377c13.jpg", "year": 2009}, {"album": "Crack The Skye", "artist": "Mastodon", "discogs_type": "release", "query_mode": "master-artist-release", "score": 0.935, "url": "http://cover-fixture.example:5302/manual/cover-01-7500x7500-087120377c13/other-art.jpg?source=discogs", "year": 2009}], "unique_ranked_result_count": 1, "year": 2009}
2026-09-19 00:26:23,521 [VERBOSE] music_app.services.cover_provider_runtime: Cover candidate probe start source=discogs artist='Mastodon' album='Crack The Skye Fixture 07' year=2009 query_mode=database-search best_score=0.9350 cutoff=0.0000 contenders=[{'score': 0.935, 'url': 'http://cover-fixture.example:5302/covers/cover-01-7500x7500-087120377c13.jpg'}, {'score': 0.935, 'url': 'http://cover-fixture.example:5302/manual/cover-01-7500x7500-087120377c13/other-art.jpg?source=discogs'}]
2026-09-19 00:26:23,656 [INFO] music_app: {"action": "Cover lookup Bandcamp search completed", "album": "Crack The Skye Fixture 07", "artist": "Mastodon", "candidate_count": 0, "task_id": "f96068a7e6f84c8ea1d32f68c892ec15"}
2026-09-19 00:26:23,843 [VERBOSE] music_app.services.cover_provider_runtime: Cover HTTP success service=discogs context=probe:database-search:Mastodon - Crack The Skye Fixture 07 status=200 url=http://cover-fixture.example:5302/covers/cover-01-7500x7500-087120377c13.jpg bytes=13333242
  [PASS] Override the best partial candidate before later providers finish (3695 ms)
  [STEP] Release later providers and preserve the pending user override
2026-09-19 00:26:24,873 [VERBOSE] music_app.services.cover_provider_runtime: Cover candidate probe result source=discogs artist='Mastodon' album='Crack The Skye Fixture 07' year=2009 result={'score': 0.935, 'width': 7500, 'height': 7500, 'area': 56250000, 'sharpness': 13.7795, 'album': 'Crack The Skye', 'artist': 'Mastodon', 'url': 'http://cover-fixture.example:5302/covers/cover-01-7500x7500-087120377c13.jpg', 'year': 2009, 'variant': 'database-search-release', 'album_url': 'https://www.discogs.com/release/900001'}
2026-09-19 00:26:24,875 [INFO] music_app.services.cover_provider_musicbrainz_caa: {"action": "MusicBrainz release search query completed", "album": "Crack The Skye Fixture 07", "artist": "Mastodon", "context_prefix": "cover-art-archive-release-search", "had_payload": true, "mode": "precise", "result_count": 1}
2026-09-19 00:26:25,527 [VERBOSE] music_app.services.cover_provider_runtime: Cover HTTP success service=discogs context=probe:database-search:Mastodon - Crack The Skye Fixture 07 status=200 url=http://cover-fixture.example:5302/manual/cover-01-7500x7500-087120377c13/other-art.jpg?source=discogs bytes=8034518
2026-09-19 00:26:25,739 [VERBOSE] music_app.services.cover_provider_runtime: Cover candidate probe result source=discogs artist='Mastodon' album='Crack The Skye Fixture 07' year=2009 result={'score': 0.935, 'width': 3273, 'height': 6234, 'area': 20403882, 'sharpness': 7.3486, 'album': 'Crack The Skye', 'artist': 'Mastodon', 'url': 'http://cover-fixture.example:5302/manual/cover-01-7500x7500-087120377c13/other-art.jpg?source=discogs', 'year': 2009, 'variant': 'database-search-release', 'album_url': 'https://www.discogs.com/release/900001'}
2026-09-19 00:26:25,739 [INFO] music_app.services.cover_provider_runtime: {"action": "Discogs search probe completed", "album": "Crack The Skye Fixture 07", "artist": "Mastodon", "prepared_match_count": 2, "probed_candidate_count": 2, "selected_urls": ["http://cover-fixture.example:5302/covers/cover-01-7500x7500-087120377c13.jpg", "http://cover-fixture.example:5302/manual/cover-01-7500x7500-087120377c13/other-art.jpg?source=discogs"], "year": 2009}
2026-09-19 00:26:25,941 [INFO] music_app.services.cover_provider_musicbrainz_caa: {"action": "MusicBrainz release search query completed", "album": "Crack The Skye Fixture 07", "artist": "Mastodon", "context_prefix": "cover-art-archive-release-search", "had_payload": true, "mode": "artist-release", "result_count": 1}
2026-09-19 00:26:27,001 [INFO] music_app.services.cover_provider_musicbrainz_caa: {"action": "MusicBrainz release search query completed", "album": "Crack The Skye Fixture 07", "artist": "Mastodon", "context_prefix": "cover-art-archive-release-search", "had_payload": true, "mode": "release-only", "result_count": 1}
2026-09-19 00:26:27,002 [INFO] music_app.services.cover_provider_musicbrainz_caa: {"action": "Cover Art Archive release search completed", "album": "Crack The Skye Fixture 07", "artist": "Mastodon", "release_count": 1, "release_ids": ["cover-01-7500x7500-087120377c13"]}
2026-09-19 00:26:27,003 [INFO] music_app.services.cover_provider_musicbrainz_caa: {"action": "Cover Art Archive ranked release candidates", "album": "Crack The Skye Fixture 07", "artist": "Mastodon", "ranked_release_count": 1, "release_fetch_limit": 1, "releases": [{"artist": "Mastodon", "release_id": "cover-01-7500x7500-087120377c13", "score": 1.175, "title": "Crack The Skye", "year": 2009}], "year": 2009}
2026-09-19 00:26:27,003 [INFO] music_app.services.cover_provider_musicbrainz_caa: {"action": "Cover Art Archive release candidate accepted", "album": "Crack The Skye Fixture 07", "artist": "Mastodon", "release_artist": "Mastodon", "release_id": "cover-01-7500x7500-087120377c13", "release_score": 1.175, "release_title": "Crack The Skye", "release_year": 2009}
2026-09-19 00:26:27,225 [VERBOSE] music_app.services.cover_provider_runtime: Cover HTTP success service=coverartarchive context=release-art:cover-01-7500x7500-087120377c13 status=200 url=http://127.0.0.1:5302/coverartarchive/release/cover-01-7500x7500-087120377c13 bytes=943
2026-09-19 00:26:27,225 [INFO] music_app.services.cover_provider_musicbrainz_caa: {"action": "Cover Art Archive payload diagnostics", "album": "Crack The Skye Fixture 07", "artist": "Mastodon", "has_images_key": true, "images_value_type": "list", "payload_keys": ["images", "release"], "payload_type": "dict", "release_id": "cover-01-7500x7500-087120377c13", "release_title": "Crack The Skye"}
2026-09-19 00:26:27,225 [INFO] music_app.services.cover_provider_musicbrainz_caa: {"action": "Cover Art Archive release images fetched", "album": "Crack The Skye Fixture 07", "artist": "Mastodon", "front_image_count": 1, "image_count": 2, "release_id": "cover-01-7500x7500-087120377c13", "release_title": "Crack The Skye"}
2026-09-19 00:26:27,225 [INFO] music_app.services.cover_provider_musicbrainz_caa: {"action": "Cover Art Archive lookup finished", "album": "Crack The Skye Fixture 07", "artist": "Mastodon", "candidate_count": 2, "candidates": [{"album": "Crack The Skye", "art_label": "Front cover", "artist": "Mastodon", "height": 7500, "release_mbid": "cover-01-7500x7500-087120377c13", "score": 1.175, "url": "http://cover-fixture.example:5302/coverartarchive/image/cover-01-7500x7500-087120377c13.jpg", "width": 7500, "year": 2009}, {"album": "Crack The Skye", "art_label": "Booklet", "artist": "Mastodon", "height": 6234, "release_mbid": "cover-01-7500x7500-087120377c13", "score": 1.175, "url": "http://cover-fixture.example:5302/manual/cover-01-7500x7500-087120377c13/other-art.jpg?source=cover_art_archive", "width": 3273, "year": 2009}], "release_fetch_limit": 1, "releases_examined": 1}
2026-09-19 00:26:27,227 [INFO] music_app: {"action": "Cover lookup CAA search completed", "album": "Crack The Skye Fixture 07", "artist": "Mastodon", "candidate_count": 2, "task_id": "f96068a7e6f84c8ea1d32f68c892ec15"}
2026-09-19 00:26:27,227 [INFO] music_app: {"action": "Cover lookup Discogs search completed", "album": "Crack The Skye Fixture 07", "artist": "Mastodon", "candidate_count": 2, "task_id": "f96068a7e6f84c8ea1d32f68c892ec15"}
2026-09-19 00:26:27,342 [INFO] music_app: {"action": "Cover lookup artist website search completed", "album": "Crack The Skye Fixture 07", "artist": "Mastodon", "candidate_count": 0, "task_id": "f96068a7e6f84c8ea1d32f68c892ec15"}
  [PASS] Release later providers and preserve the pending user override (5346 ms)
  [STEP] Reload and reopen saved candidates without another provider search
2026-09-19 00:26:31,757 [INFO] music_app: {"action": "Index request completed", "album_count": 0, "artist_count": 0, "bootstrap_mode": "fresh_preview", "covers_in_progress": false, "elapsed_ms": 445.6, "hydrate_in_progress": false, "payload_elapsed_ms": 223.9, "query": "", "scan_in_progress": false, "selected_artist": ""}
  [PASS] Reload and reopen saved candidates without another provider search (13315 ms)
  ok 1 [functional] › tests\e2e\specs\coverLookup.spec.js:937:1 › FTC-COVERS-017 manual lookup progressively retains provider alternatives @area:cover-providers (41.3s)
[album-haven-playwright-result] {"version":1,"phase":"tests-complete","nonce":"3ed4e4b4a3248418c0ebca39dede1e3f2c61057de6030fe82d8711af703a0a91","status":"passed","total":1,"completed":1,"failed":0,"skipped":0,"errors":0}



[album-haven-playwright-result] {"version":1,"phase":"run-final","nonce":"3ed4e4b4a3248418c0ebca39dede1e3f2c61057de6030fe82d8711af703a0a91","status":"passed","total":1,"completed":1,"failed":0,"skipped":0,"errors":0}
  1 passed (49.7s)

=== Playwright Summary ===
[✓] coverLookup.spec
  [✓] FTC-COVERS-017 manual lookup progressively retains provider alternatives @area:cover-providers

Overall: 1/1 passed
[playwright-wrapper-final-decision] {"wrapperExitCode":0,"attemptReturn":{"exitCode":0,"exitReason":"authoritative-pass"},"fakeDatabaseCleanup":{"status":"completed","error":null,"mode":"lock-only"},"scanAppCleanup":{"status":"not-required","error":null},"isolatedAppCleanup":{"status":"completed","error":null},"tempCleanup":{"status":"completed","error":null,"removedCount":1},"passivePortDiagnostics":[{"port":5300,"status":"completed","error":null,"ownerCount":0},{"port":5302,"status":"completed","error":null,"ownerCount":0}],"finalSummary":{"phase":"run-final","status":"passed","total":1,"completed":1,"failed":0,"skipped":0,"errors":0,"listOnly":false},"exitReason":"authoritative-pass"}
{"restored":0,"removed":0,"unchanged":1497}
Album Haven production E2E app listening on http://127.0.0.1:5300 with 0 artists, 0 albums, 0 tracks, and provider fixtures on http://127.0.0.1:5302
2026-09-19 00:27:17,107 [INFO] music_app: Startup scan-cache hydration completed files=7200 albums=400
2026-09-19 00:27:17,107 [INFO] music_app: Legacy album exclusions migrated albums=1 removed_rules=18 created_rules=1
2026-09-19 00:27:17,626 [INFO] music_app: Relation projection startup readiness ready=true rebuilt=true reason=missing_projection builder_version=local-relation-builder-v9 source_row_count=7438 duration_ms=481.47 source_load=139.56 fingerprint=74.41 pure_build=149.31 family_link_replacement=8.14 snapshot_publication=1.86
2026-09-19 00:27:18,828 [INFO] music_app: {"action": "Index request completed", "album_count": 0, "artist_count": 0, "bootstrap_mode": "fresh_preview", "covers_in_progress": false, "elapsed_ms": 461.08, "hydrate_in_progress": false, "payload_elapsed_ms": 210.18, "query": "", "scan_in_progress": false, "selected_artist": ""}

Running 1 test using 1 worker

2026-09-19 00:27:47,032 [INFO] music_app: {"action": "Index request completed", "album_count": 0, "artist_count": 0, "bootstrap_mode": "fresh_preview", "covers_in_progress": false, "elapsed_ms": 293.98, "hydrate_in_progress": false, "payload_elapsed_ms": 167.88, "query": "", "scan_in_progress": false, "selected_artist": ""}
[TEST] FTC-COVERS-020 provider deadline keeps candidates found by earlier services
  [STEP] Open the isolated album and start a lookup with a delayed manual provider
2026-09-19 00:27:50,412 [INFO] music_app: {"action": "Index request completed", "album_count": 0, "artist_count": 0, "bootstrap_mode": "fresh_preview", "covers_in_progress": false, "elapsed_ms": 284.47, "hydrate_in_progress": false, "payload_elapsed_ms": 171.11, "query": "", "scan_in_progress": false, "selected_artist": ""}
2026-09-19 00:28:06,850 [INFO] music_app: {"action": "Cover lookup task queued", "album": "Crack The Skye Fixture 07", "artist": "Mastodon", "edition": "", "task_id": "291d5bf83eba45f4b5ea1758946cbdeb", "year": 2009}
2026-09-19 00:28:06,911 [INFO] music_app: {"action": "Cover lookup task started", "album": "Crack The Skye Fixture 07", "artist": "Mastodon", "edition": "", "task_id": "291d5bf83eba45f4b5ea1758946cbdeb", "track_count": 18, "year": 2009}
  [PASS] Open the isolated album and start a lookup with a delayed manual provider (16994 ms)
  [STEP] Keep the Apple candidate when the later provider crosses the shared deadline
2026-09-19 00:28:06,936 [INFO] music_app.services.cover_provider_runtime: {"action": "Cover search provider started", "album": "Crack The Skye Fixture 07", "artist": "Mastodon", "service": "apple", "year": 2009}
2026-09-19 00:28:06,947 [INFO] music_app.services.cover_provider_musicbrainz_caa: {"action": "Cover Art Archive lookup started", "album": "Crack The Skye Fixture 07", "artist": "Mastodon", "edition": "", "limit": 8, "query_parts": ["artist:\"Mastodon\"", "release:\"Crack The Skye Fixture 07\"", "date:2009"], "year": 2009}
2026-09-19 00:28:06,947 [INFO] music_app.services.cover_provider_musicbrainz_caa: {"action": "CAA code marker", "album": "Crack The Skye Fixture 07", "artist": "Mastodon", "marker": "2026-05-07-caa-ranked-release-search-v2"}
2026-09-19 00:28:07,081 [INFO] music_app.services.cover_provider_runtime: {"action": "Discogs search started", "album": "Crack The Skye Fixture 07", "artist": "Mastodon", "auth_enabled": false, "edition": "", "has_consumer_key": false, "has_consumer_secret": false, "year": 2009}
2026-09-19 00:28:07,084 [INFO] music_app.services.cover_provider_musicbrainz_caa: {"action": "MusicBrainz release search query completed", "album": "Crack The Skye Fixture 07", "artist": "Mastodon", "context_prefix": "cover-art-archive-release-search", "had_payload": true, "mode": "precise", "result_count": 1}
2026-09-19 00:28:07,519 [VERBOSE] music_app.services.cover_provider_runtime: Cover HTTP success service=apple context=search:Mastodon Crack The Skye Fixture 07 2009 status=200 url=http://127.0.0.1:5302/itunes/search?term=Mastodon+Crack+The+Skye+Fixture+07+2009&entity=album&limit=20 bytes=549
2026-09-19 00:28:07,519 [VERBOSE] music_app.services.cover_provider_runtime: Apple raw search results query='Mastodon Crack The Skye Fixture 07 2009' artist='Mastodon' album='Crack The Skye Fixture 07' year=2009 results=[{'wrapperType': 'collection', 'collectionType': 'Album', 'artistId': 328879, 'collectionId': 377211, 'artistName': 'Mastodon', 'collectionName': 'Crack The Skye', 'collectionViewUrl': 'http://cover-fixture.example:5302/apple/album/cover-01-7500x7500-087120377c13', 'artistViewUrl': 'http://cover-fixture.example:5302/apple/artist/cover-01-7500x7500-087120377c13', 'artworkUrl100': 'http://cover-fixture.example:5302/apple/artwork/cover-01-7500x7500-087120377c13/100x100bb.jpg', 'releaseDate': '2009-01-01T00:00:00Z'}]
2026-09-19 00:28:07,565 [VERBOSE] music_app.services.cover_provider_runtime: Cover HTTP success service=discogs context=database-search:master-artist-release status=200 url=http://127.0.0.1:5302/discogs/database/search?type=master&artist=Mastodon&release_title=Crack+The+Skye+Fixture+07&per_page=8&page=1&year=2009 bytes=480
2026-09-19 00:28:07,565 [INFO] music_app.services.cover_provider_runtime: {"action": "Discogs search query completed", "album": "Crack The Skye Fixture 07", "artist": "Mastodon", "payload_type": "dict", "query_mode": "master-artist-release", "raw_result_count": 1, "result_preview": [{"resource_url": "https://api.discogs.com/releases/900001", "title": "Mastodon - Crack The Skye", "type": "release", "year": 2009}], "search_artist": "Mastodon", "search_release_title": "Crack The Skye Fixture 07", "search_type": "master", "search_year": 2009, "year": 2009}
2026-09-19 00:28:07,567 [INFO] music_app.services.cover_provider_runtime: {"accepted_result_count": 1, "action": "Discogs search query filtered", "album": "Crack The Skye Fixture 07", "artist": "Mastodon", "query_mode": "master-artist-release", "raw_result_count": 1, "search_type": "master", "year": 2009}
2026-09-19 00:28:07,871 [VERBOSE] music_app.services.cover_provider_runtime: Cover HTTP success service=apple context=probe:api-sufficiency:Mastodon - Crack The Skye Fixture 07 status=200 url=http://cover-fixture.example:5302/apple/artwork/cover-01-7500x7500-087120377c13/9999x9999-100.jpg bytes=13333242
2026-09-19 00:28:07,880 [VERBOSE] music_app.services.cover_provider_runtime: Cover HTTP success service=discogs context=database-search:master-q status=200 url=http://127.0.0.1:5302/discogs/database/search?type=master&q=Mastodon+Crack+The+Skye+Fixture+07+2009&per_page=8&page=1&year=2009 bytes=480
2026-09-19 00:28:07,880 [INFO] music_app.services.cover_provider_runtime: {"action": "Discogs search query completed", "album": "Crack The Skye Fixture 07", "artist": "Mastodon", "payload_type": "dict", "query_mode": "master-q", "raw_result_count": 1, "result_preview": [{"resource_url": "https://api.discogs.com/releases/900001", "title": "Mastodon - Crack The Skye", "type": "release", "year": 2009}], "search_artist": "", "search_release_title": "", "search_type": "master", "search_year": 2009, "year": 2009}
2026-09-19 00:28:07,882 [INFO] music_app.services.cover_provider_runtime: {"accepted_result_count": 0, "action": "Discogs search query filtered", "album": "Crack The Skye Fixture 07", "artist": "Mastodon", "query_mode": "master-q", "raw_result_count": 1, "search_type": "master", "year": 2009}
2026-09-19 00:28:08,147 [VERBOSE] music_app.services.cover_provider_runtime: Cover HTTP success service=discogs context=database-search:release-artist-release status=200 url=http://127.0.0.1:5302/discogs/database/search?type=release&artist=Mastodon&release_title=Crack+The+Skye+Fixture+07&per_page=8&page=1&year=2009 bytes=480
2026-09-19 00:28:08,148 [INFO] music_app.services.cover_provider_runtime: {"action": "Discogs search query completed", "album": "Crack The Skye Fixture 07", "artist": "Mastodon", "payload_type": "dict", "query_mode": "release-artist-release", "raw_result_count": 1, "result_preview": [{"resource_url": "https://api.discogs.com/releases/900001", "title": "Mastodon - Crack The Skye", "type": "release", "year": 2009}], "search_artist": "Mastodon", "search_release_title": "Crack The Skye Fixture 07", "search_type": "release", "search_year": 2009, "year": 2009}
2026-09-19 00:28:08,148 [INFO] music_app.services.cover_provider_runtime: {"accepted_result_count": 0, "action": "Discogs search query filtered", "album": "Crack The Skye Fixture 07", "artist": "Mastodon", "query_mode": "release-artist-release", "raw_result_count": 1, "search_type": "release", "year": 2009}
2026-09-19 00:28:08,148 [INFO] music_app.services.cover_provider_musicbrainz_caa: {"action": "MusicBrainz release search query completed", "album": "Crack The Skye Fixture 07", "artist": "Mastodon", "context_prefix": "cover-art-archive-release-search", "had_payload": true, "mode": "artist-release", "result_count": 1}
2026-09-19 00:28:08,375 [VERBOSE] music_app.services.cover_provider_runtime: Apple API artwork sufficient artist='Mastodon' album='Crack The Skye Fixture 07' year=2009 score=1.1750 width=7500 height=7500 sharpness=13.7795
2026-09-19 00:28:08,427 [VERBOSE] music_app.services.cover_provider_runtime: Cover HTTP success service=discogs context=database-search:release-q status=200 url=http://127.0.0.1:5302/discogs/database/search?type=release&q=Mastodon+Crack+The+Skye+Fixture+07+2009&per_page=8&page=1&year=2009 bytes=480
2026-09-19 00:28:08,427 [INFO] music_app.services.cover_provider_runtime: {"action": "Discogs search query completed", "album": "Crack The Skye Fixture 07", "artist": "Mastodon", "payload_type": "dict", "query_mode": "release-q", "raw_result_count": 1, "result_preview": [{"resource_url": "https://api.discogs.com/releases/900001", "title": "Mastodon - Crack The Skye", "type": "release", "year": 2009}], "search_artist": "", "search_release_title": "", "search_type": "release", "search_year": 2009, "year": 2009}
2026-09-19 00:28:08,427 [INFO] music_app.services.cover_provider_runtime: {"accepted_result_count": 0, "action": "Discogs search query filtered", "album": "Crack The Skye Fixture 07", "artist": "Mastodon", "query_mode": "release-q", "raw_result_count": 1, "search_type": "release", "year": 2009}
2026-09-19 00:28:08,626 [VERBOSE] music_app.services.cover_provider_runtime: Cover HTTP success service=apple context=album-page:http://cover-fixture.example:5302/apple/album/cover-01-7500x7500-087120377c13 status=200 url=http://cover-fixture.example:5302/apple/album/cover-01-7500x7500-087120377c13 bytes=699
2026-09-19 00:28:08,627 [VERBOSE] music_app.services.cover_provider_runtime: Apple page artwork candidates page=http://cover-fixture.example:5302/apple/album/cover-01-7500x7500-087120377c13 count=1 candidates=['http://cover-fixture.example:5302/apple/artwork/cover-01-7500x7500-087120377c13/9999x9999bb-100.jpg']
2026-09-19 00:28:08,627 [VERBOSE] music_app.services.cover_provider_runtime: Apple search results query='Mastodon Crack The Skye Fixture 07 2009' count=1 top=[{'score': 1.175, 'artist': 'Mastodon', 'album': 'Crack The Skye', 'year': 2009}]
2026-09-19 00:28:08,627 [VERBOSE] music_app.services.cover_provider_runtime: Cover candidate probe start source=apple artist='Mastodon' album='Crack The Skye Fixture 07' year=2009 query_mode=artist+album+year:native best_score=1.1750 cutoff=0.0000 contenders=[{'score': 1.175, 'url': 'http://cover-fixture.example:5302/apple/artwork/cover-01-7500x7500-087120377c13/9999x9999-100.jpg'}]
2026-09-19 00:28:08,627 [VERBOSE] music_app.services.cover_provider_runtime: Cover candidate probe result source=apple artist='Mastodon' album='Crack The Skye Fixture 07' year=2009 result={'score': 1.175, 'width': 7500, 'height': 7500, 'area': 56250000, 'sharpness': 13.7795, 'album': 'Crack The Skye', 'artist': 'Mastodon', 'url': 'http://cover-fixture.example:5302/apple/artwork/cover-01-7500x7500-087120377c13/9999x9999-100.jpg', 'year': 2009, 'variant': 'api-artwork', 'album_url': 'http://cover-fixture.example:5302/apple/album/cover-01-7500x7500-087120377c13'}
2026-09-19 00:28:08,628 [INFO] music_app.services.cover_provider_runtime: Cover search provider completed service=apple artist='Mastodon' album='Crack The Skye Fixture 07' year=2009 candidates=1
2026-09-19 00:28:08,628 [INFO] music_app.services.cover_provider_runtime: {"acceptable_candidate_count": 1, "action": "Cover search provider completed", "album": "Crack The Skye Fixture 07", "artist": "Mastodon", "candidate_count": 1, "elapsed_ms": 1692.1, "service": "apple", "year": 2009}
2026-09-19 00:28:08,629 [INFO] music_app.services.cover_provider_runtime: {"acceptable_candidate_count": 1, "action": "Cover search primary services evaluated", "album": "Crack The Skye Fixture 07", "artist": "Mastodon", "primary_has_acceptable": true, "skip_spotify": true, "total_candidate_count": 1, "year": 2009}
2026-09-19 00:28:08,657 [VERBOSE] music_app.services.cover_provider_runtime: Cover candidate probe start source=direct_url artist='Mastodon' album='Crack The Skye Fixture 07' year=2009 query_mode=manual-url best_score=1.0000 cutoff=0.0000 contenders=[{'score': 1.0, 'url': 'http://cover-fixture.example:5302/manual/approved-cover-01/cover.jpg'}]
2026-09-19 00:28:08,700 [VERBOSE] music_app.services.cover_provider_runtime: Cover candidate probe start source=direct_url artist='Mastodon' album='Crack The Skye Fixture 07' year=2009 query_mode=manual-url best_score=1.0000 cutoff=0.0000 contenders=[{'score': 1.0, 'url': 'http://cover-fixture.example:5302/manual/approved-cover-01/other-art.jpg'}]
2026-09-19 00:28:08,749 [VERBOSE] music_app.services.cover_provider_runtime: Cover HTTP success service=discogs context=database-search:release-title-q status=200 url=http://127.0.0.1:5302/discogs/database/search?type=release&q=Crack+The+Skye+Fixture+07+2009&per_page=8&page=1&year=2009 bytes=480
2026-09-19 00:28:08,749 [INFO] music_app.services.cover_provider_runtime: {"action": "Discogs search query completed", "album": "Crack The Skye Fixture 07", "artist": "Mastodon", "payload_type": "dict", "query_mode": "release-title-q", "raw_result_count": 1, "result_preview": [{"resource_url": "https://api.discogs.com/releases/900001", "title": "Mastodon - Crack The Skye", "type": "release", "year": 2009}], "search_artist": "", "search_release_title": "", "search_type": "release", "search_year": 2009, "year": 2009}
2026-09-19 00:28:08,750 [INFO] music_app.services.cover_provider_runtime: {"accepted_result_count": 0, "action": "Discogs search query filtered", "album": "Crack The Skye Fixture 07", "artist": "Mastodon", "query_mode": "release-title-q", "raw_result_count": 1, "search_type": "release", "year": 2009}
2026-09-19 00:28:09,073 [VERBOSE] music_app.services.cover_provider_runtime: Cover HTTP error service=direct_url context=probe:manual-url:Mastodon - Crack The Skye Fixture 07 status=404 url=http://cover-fixture.example:5302/manual/approved-cover-01/cover.jpg body='<!DOCTYPE HTML> <html lang="en"> <head> <meta charset="utf-8"> <title>Error response</title> </head> <body> <h1>Error response</h1> <p>Error code: 404</p> <p>Message: Not Found.</p> <p>Error code explanation: 404 - Nothing matches the given URI.</p> </body> </html>'
2026-09-19 00:28:09,073 [VERBOSE] music_app.services.cover_provider_runtime: Cover candidate probe no-bytes source=direct_url artist='Mastodon' album='Crack The Skye Fixture 07' year=2009 score=1.0000 url=http://cover-fixture.example:5302/manual/approved-cover-01/cover.jpg attempted_urls=['http://cover-fixture.example:5302/manual/approved-cover-01/cover.jpg']
2026-09-19 00:28:09,075 [VERBOSE] music_app.services.cover_provider_runtime: Cover HTTP error service=manual-remote context=manual-page:http://cover-fixture.example:5302/manual/approved-cover-01 status=404 url=http://cover-fixture.example:5302/manual/approved-cover-01 body='<!DOCTYPE HTML> <html lang="en"> <head> <meta charset="utf-8"> <title>Error response</title> </head> <body> <h1>Error response</h1> <p>Error code: 404</p> <p>Message: Not Found.</p> <p>Error code explanation: 404 - Nothing matches the given URI.</p> </body> </html>'
2026-09-19 00:28:09,106 [VERBOSE] music_app.services.cover_provider_runtime: Cover HTTP error service=direct_url context=probe:manual-url:Mastodon - Crack The Skye Fixture 07 status=404 url=http://cover-fixture.example:5302/manual/approved-cover-01/other-art.jpg body='<!DOCTYPE HTML> <html lang="en"> <head> <meta charset="utf-8"> <title>Error response</title> </head> <body> <h1>Error response</h1> <p>Error code: 404</p> <p>Message: Not Found.</p> <p>Error code explanation: 404 - Nothing matches the given URI.</p> </body> </html>'
2026-09-19 00:28:09,107 [VERBOSE] music_app.services.cover_provider_runtime: Cover candidate probe no-bytes source=direct_url artist='Mastodon' album='Crack The Skye Fixture 07' year=2009 score=1.0000 url=http://cover-fixture.example:5302/manual/approved-cover-01/other-art.jpg attempted_urls=['http://cover-fixture.example:5302/manual/approved-cover-01/other-art.jpg']
2026-09-19 00:28:09,129 [VERBOSE] music_app.services.cover_provider_runtime: Cover HTTP success service=discogs context=release:900001 status=200 url=http://127.0.0.1:5302/discogs/releases/900001 bytes=654
2026-09-19 00:28:09,129 [INFO] music_app.services.cover_provider_runtime: {"action": "Discogs detail evaluated", "album": "Crack The Skye Fixture 07", "artist": "Mastodon", "discogs_id": 900001, "discogs_type": "release", "image_count": 2, "main_release_requested": false, "query_mode": "master-artist-release", "score": 0.935, "title": "Mastodon - Crack The Skye", "variant": "database-search-release", "year": 2009}
2026-09-19 00:28:09,129 [INFO] music_app.services.cover_provider_runtime: {"action": "Discogs search matches prepared", "album": "Crack The Skye Fixture 07", "artist": "Mastodon", "detail_attempt_count": 1, "expanded_master_count": 0, "prepared_match_count": 2, "prepared_matches": [{"album": "Crack The Skye", "artist": "Mastodon", "discogs_type": "release", "query_mode": "master-artist-release", "score": 0.935, "url": "http://cover-fixture.example:5302/covers/cover-01-7500x7500-087120377c13.jpg", "year": 2009}, {"album": "Crack The Skye", "artist": "Mastodon", "discogs_type": "release", "query_mode": "master-artist-release", "score": 0.935, "url": "http://cover-fixture.example:5302/manual/cover-01-7500x7500-087120377c13/other-art.jpg?source=discogs", "year": 2009}], "unique_ranked_result_count": 1, "year": 2009}
2026-09-19 00:28:09,129 [VERBOSE] music_app.services.cover_provider_runtime: Cover candidate probe start source=discogs artist='Mastodon' album='Crack The Skye Fixture 07' year=2009 query_mode=database-search best_score=0.9350 cutoff=0.0000 contenders=[{'score': 0.935, 'url': 'http://cover-fixture.example:5302/covers/cover-01-7500x7500-087120377c13.jpg'}, {'score': 0.935, 'url': 'http://cover-fixture.example:5302/manual/cover-01-7500x7500-087120377c13/other-art.jpg?source=discogs'}]
2026-09-19 00:28:09,207 [INFO] music_app.services.cover_provider_musicbrainz_caa: {"action": "MusicBrainz release search query completed", "album": "Crack The Skye Fixture 07", "artist": "Mastodon", "context_prefix": "cover-art-archive-release-search", "had_payload": true, "mode": "release-only", "result_count": 1}
2026-09-19 00:28:09,209 [INFO] music_app.services.cover_provider_musicbrainz_caa: {"action": "Cover Art Archive release search completed", "album": "Crack The Skye Fixture 07", "artist": "Mastodon", "release_count": 1, "release_ids": ["cover-01-7500x7500-087120377c13"]}
2026-09-19 00:28:09,209 [INFO] music_app.services.cover_provider_musicbrainz_caa: {"action": "Cover Art Archive ranked release candidates", "album": "Crack The Skye Fixture 07", "artist": "Mastodon", "ranked_release_count": 1, "release_fetch_limit": 1, "releases": [{"artist": "Mastodon", "release_id": "cover-01-7500x7500-087120377c13", "score": 1.175, "title": "Crack The Skye", "year": 2009}], "year": 2009}
2026-09-19 00:28:09,209 [INFO] music_app.services.cover_provider_musicbrainz_caa: {"action": "Cover Art Archive release candidate accepted", "album": "Crack The Skye Fixture 07", "artist": "Mastodon", "release_artist": "Mastodon", "release_id": "cover-01-7500x7500-087120377c13", "release_score": 1.175, "release_title": "Crack The Skye", "release_year": 2009}
2026-09-19 00:28:09,246 [INFO] music_app: {"action": "Cover lookup service candidates collected", "album": "Crack The Skye Fixture 07", "artist": "Mastodon", "candidate_count": 3, "manual_candidate_count": 2, "task_id": "291d5bf83eba45f4b5ea1758946cbdeb"}
2026-09-19 00:28:09,365 [INFO] music_app: {"action": "Cover lookup Bandcamp search completed", "album": "Crack The Skye Fixture 07", "artist": "Mastodon", "candidate_count": 0, "task_id": "291d5bf83eba45f4b5ea1758946cbdeb"}
2026-09-19 00:28:09,469 [VERBOSE] music_app.services.cover_provider_runtime: Cover HTTP success service=discogs context=probe:database-search:Mastodon - Crack The Skye Fixture 07 status=200 url=http://cover-fixture.example:5302/covers/cover-01-7500x7500-087120377c13.jpg bytes=13333242
2026-09-19 00:28:09,501 [VERBOSE] music_app.services.cover_provider_runtime: Cover HTTP success service=coverartarchive context=release-art:cover-01-7500x7500-087120377c13 status=200 url=http://127.0.0.1:5302/coverartarchive/release/cover-01-7500x7500-087120377c13 bytes=943
2026-09-19 00:28:09,501 [INFO] music_app.services.cover_provider_musicbrainz_caa: {"action": "Cover Art Archive payload diagnostics", "album": "Crack The Skye Fixture 07", "artist": "Mastodon", "has_images_key": true, "images_value_type": "list", "payload_keys": ["images", "release"], "payload_type": "dict", "release_id": "cover-01-7500x7500-087120377c13", "release_title": "Crack The Skye"}
2026-09-19 00:28:09,501 [INFO] music_app.services.cover_provider_musicbrainz_caa: {"action": "Cover Art Archive release images fetched", "album": "Crack The Skye Fixture 07", "artist": "Mastodon", "front_image_count": 1, "image_count": 2, "release_id": "cover-01-7500x7500-087120377c13", "release_title": "Crack The Skye"}
2026-09-19 00:28:09,503 [INFO] music_app.services.cover_provider_musicbrainz_caa: {"action": "Cover Art Archive lookup finished", "album": "Crack The Skye Fixture 07", "artist": "Mastodon", "candidate_count": 2, "candidates": [{"album": "Crack The Skye", "art_label": "Front cover", "artist": "Mastodon", "height": 7500, "release_mbid": "cover-01-7500x7500-087120377c13", "score": 1.175, "url": "http://cover-fixture.example:5302/coverartarchive/image/cover-01-7500x7500-087120377c13.jpg", "width": 7500, "year": 2009}, {"album": "Crack The Skye", "art_label": "Booklet", "artist": "Mastodon", "height": 6234, "release_mbid": "cover-01-7500x7500-087120377c13", "score": 1.175, "url": "http://cover-fixture.example:5302/manual/cover-01-7500x7500-087120377c13/other-art.jpg?source=cover_art_archive", "width": 3273, "year": 2009}], "release_fetch_limit": 1, "releases_examined": 1}
2026-09-19 00:28:09,838 [VERBOSE] music_app.services.cover_provider_runtime: Cover candidate probe result source=discogs artist='Mastodon' album='Crack The Skye Fixture 07' year=2009 result={'score': 0.935, 'width': 7500, 'height': 7500, 'area': 56250000, 'sharpness': 13.7795, 'album': 'Crack The Skye', 'artist': 'Mastodon', 'url': 'http://cover-fixture.example:5302/covers/cover-01-7500x7500-087120377c13.jpg', 'year': 2009, 'variant': 'database-search-release', 'album_url': 'https://www.discogs.com/release/900001'}
2026-09-19 00:28:10,038 [VERBOSE] music_app.services.cover_provider_runtime: Cover HTTP success service=discogs context=probe:database-search:Mastodon - Crack The Skye Fixture 07 status=200 url=http://cover-fixture.example:5302/manual/cover-01-7500x7500-087120377c13/other-art.jpg?source=discogs bytes=8034518
2026-09-19 00:28:10,200 [VERBOSE] music_app.services.cover_provider_runtime: Cover candidate probe result source=discogs artist='Mastodon' album='Crack The Skye Fixture 07' year=2009 result={'score': 0.935, 'width': 3273, 'height': 6234, 'area': 20403882, 'sharpness': 7.3486, 'album': 'Crack The Skye', 'artist': 'Mastodon', 'url': 'http://cover-fixture.example:5302/manual/cover-01-7500x7500-087120377c13/other-art.jpg?source=discogs', 'year': 2009, 'variant': 'database-search-release', 'album_url': 'https://www.discogs.com/release/900001'}
2026-09-19 00:28:10,202 [INFO] music_app.services.cover_provider_runtime: {"action": "Discogs search probe completed", "album": "Crack The Skye Fixture 07", "artist": "Mastodon", "prepared_match_count": 2, "probed_candidate_count": 2, "selected_urls": ["http://cover-fixture.example:5302/covers/cover-01-7500x7500-087120377c13.jpg", "http://cover-fixture.example:5302/manual/cover-01-7500x7500-087120377c13/other-art.jpg?source=discogs"], "year": 2009}
2026-09-19 00:28:10,204 [INFO] music_app: {"action": "Cover lookup CAA search completed", "album": "Crack The Skye Fixture 07", "artist": "Mastodon", "candidate_count": 2, "task_id": "291d5bf83eba45f4b5ea1758946cbdeb"}
2026-09-19 00:28:10,204 [INFO] music_app: {"action": "Cover lookup Discogs search completed", "album": "Crack The Skye Fixture 07", "artist": "Mastodon", "candidate_count": 2, "task_id": "291d5bf83eba45f4b5ea1758946cbdeb"}
2026-09-19 00:28:10,306 [INFO] music_app: {"action": "Cover lookup artist website search completed", "album": "Crack The Skye Fixture 07", "artist": "Mastodon", "candidate_count": 0, "task_id": "291d5bf83eba45f4b5ea1758946cbdeb"}
  [PASS] Keep the Apple candidate when the later provider crosses the shared deadline (5396 ms)
  ok 1 [functional] › tests\e2e\specs\coverLookup.spec.js:1062:1 › FTC-COVERS-020 provider deadline keeps candidates found by earlier services @area:cover-providers (23.0s)
[album-haven-playwright-result] {"version":1,"phase":"tests-complete","nonce":"1732afe527e767e8cd3a72d38259530f003ad03e4d6ba5cbb9e2e1013d075c68","status":"passed","total":1,"completed":1,"failed":0,"skipped":0,"errors":0}



[album-haven-playwright-result] {"version":1,"phase":"run-final","nonce":"1732afe527e767e8cd3a72d38259530f003ad03e4d6ba5cbb9e2e1013d075c68","status":"passed","total":1,"completed":1,"failed":0,"skipped":0,"errors":0}
  1 passed (30.3s)

=== Playwright Summary ===
[✓] coverLookup.spec
  [✓] FTC-COVERS-020 provider deadline keeps candidates found by earlier services @area:cover-providers

Overall: 1/1 passed
[playwright-wrapper-final-decision] {"wrapperExitCode":0,"attemptReturn":{"exitCode":0,"exitReason":"authoritative-pass"},"fakeDatabaseCleanup":{"status":"completed","error":null,"mode":"lock-only"},"scanAppCleanup":{"status":"not-required","error":null},"isolatedAppCleanup":{"status":"completed","error":null},"tempCleanup":{"status":"completed","error":null,"removedCount":1},"passivePortDiagnostics":[{"port":5300,"status":"completed","error":null,"ownerCount":0},{"port":5302,"status":"completed","error":null,"ownerCount":0}],"finalSummary":{"phase":"run-final","status":"passed","total":1,"completed":1,"failed":0,"skipped":0,"errors":0,"listOnly":false},"exitReason":"authoritative-pass"}
{"restored":0,"removed":0,"unchanged":1497}
Album Haven production E2E app listening on http://127.0.0.1:5300 with 0 artists, 0 albums, 0 tracks, and provider fixtures on http://127.0.0.1:5302
2026-09-19 00:28:47,782 [INFO] music_app: Startup scan-cache hydration completed files=7200 albums=400
2026-09-19 00:28:47,782 [INFO] music_app: Legacy album exclusions migrated albums=1 removed_rules=18 created_rules=1
2026-09-19 00:28:48,288 [INFO] music_app: Relation projection startup readiness ready=true rebuilt=true reason=missing_projection builder_version=local-relation-builder-v9 source_row_count=7438 duration_ms=468.67 source_load=140.46 fingerprint=61.27 pure_build=155.65 family_link_replacement=7.80 snapshot_publication=1.79
2026-09-19 00:28:49,751 [INFO] music_app: {"action": "Index request completed", "album_count": 0, "artist_count": 0, "bootstrap_mode": "fresh_preview", "covers_in_progress": false, "elapsed_ms": 527.16, "hydrate_in_progress": false, "payload_elapsed_ms": 182.6, "query": "", "scan_in_progress": false, "selected_artist": ""}

Running 1 test using 1 worker

2026-09-19 00:29:18,754 [INFO] music_app: {"action": "Index request completed", "album_count": 0, "artist_count": 0, "bootstrap_mode": "fresh_preview", "covers_in_progress": false, "elapsed_ms": 265.56, "hydrate_in_progress": false, "payload_elapsed_ms": 151.95, "query": "", "scan_in_progress": false, "selected_artist": ""}
[TEST] FTC-COVERS-021 artist conjunction differences still publish a visible remote candidate
  [STEP] Open the ampersand-credited album and start the lookup
2026-09-19 00:29:22,283 [INFO] music_app: {"action": "Index request completed", "album_count": 0, "artist_count": 0, "bootstrap_mode": "fresh_preview", "covers_in_progress": false, "elapsed_ms": 320.49, "hydrate_in_progress": false, "payload_elapsed_ms": 195.43, "query": "", "scan_in_progress": false, "selected_artist": ""}
2026-09-19 00:29:41,383 [INFO] music_app: {"action": "Cover lookup task queued", "album": "Cover Lookup Conjunction", "artist": "Neal Morse & The Resonance", "edition": "", "task_id": "9dd1738958b448f79357fc68dba11f4f", "year": 2006}
2026-09-19 00:29:41,439 [INFO] music_app: {"action": "Cover lookup task started", "album": "Cover Lookup Conjunction", "artist": "Neal Morse & The Resonance", "edition": "", "task_id": "9dd1738958b448f79357fc68dba11f4f", "track_count": 18, "year": 2006}
  [PASS] Open the ampersand-credited album and start the lookup (19691 ms)
  [STEP] Show the provider candidate despite its separator-free artist credit
2026-09-19 00:29:41,517 [INFO] music_app.services.cover_provider_runtime: {"action": "Cover search provider started", "album": "Cover Lookup Conjunction", "artist": "Neal Morse & The Resonance", "service": "apple", "year": 2006}
2026-09-19 00:29:41,597 [INFO] music_app.services.cover_provider_musicbrainz_caa: {"action": "Cover Art Archive lookup started", "album": "Cover Lookup Conjunction", "artist": "Neal Morse & The Resonance", "edition": "", "limit": 8, "query_parts": ["artist:\"Neal Morse & The Resonance\"", "release:\"Cover Lookup Conjunction\"", "date:2006"], "year": 2006}
2026-09-19 00:29:41,599 [INFO] music_app.services.cover_provider_musicbrainz_caa: {"action": "CAA code marker", "album": "Cover Lookup Conjunction", "artist": "Neal Morse & The Resonance", "marker": "2026-05-07-caa-ranked-release-search-v2"}
2026-09-19 00:29:41,609 [INFO] music_app.services.cover_provider_runtime: {"action": "Discogs search started", "album": "Cover Lookup Conjunction", "artist": "Neal Morse & The Resonance", "auth_enabled": false, "edition": "", "has_consumer_key": false, "has_consumer_secret": false, "year": 2006}
2026-09-19 00:29:41,634 [INFO] music_app.services.cover_provider_musicbrainz_caa: {"action": "MusicBrainz release search query completed", "album": "Cover Lookup Conjunction", "artist": "Neal Morse & The Resonance", "context_prefix": "cover-art-archive-release-search", "had_payload": true, "mode": "precise", "result_count": 1}
2026-09-19 00:29:42,051 [VERBOSE] music_app.services.cover_provider_runtime: Cover HTTP success service=apple context=search:Neal Morse & The Resonance Cover Lookup Conjunction 2006 status=200 url=http://127.0.0.1:5302/itunes/search?term=Neal+Morse+%26+The+Resonance+Cover+Lookup+Conjunction+2006&entity=album&limit=20 bytes=578
2026-09-19 00:29:42,051 [VERBOSE] music_app.services.cover_provider_runtime: Apple raw search results query='Neal Morse & The Resonance Cover Lookup Conjunction 2006' artist='Neal Morse & The Resonance' album='Cover Lookup Conjunction' year=2006 results=[{'wrapperType': 'collection', 'collectionType': 'Album', 'artistId': 834268, 'collectionId': 894640, 'artistName': 'Neal Morse The Resonance', 'collectionName': 'Cover Lookup Conjunction', 'collectionViewUrl': 'http://cover-fixture.example:5302/apple/album/morse-cover-to-cover-conjunction', 'artistViewUrl': 'http://cover-fixture.example:5302/apple/artist/morse-cover-to-cover-conjunction', 'artworkUrl100': 'http://cover-fixture.example:5302/apple/artwork/morse-cover-to-cover-conjunction/100x100bb.jpg', 'releaseDate': '2006-01-01T00:00:00Z'}]
2026-09-19 00:29:42,089 [VERBOSE] music_app.services.cover_provider_runtime: Cover HTTP success service=discogs context=database-search:master-artist-release status=200 url=http://127.0.0.1:5302/discogs/database/search?type=master&artist=Neal+Morse+%26+The+Resonance&release_title=Cover+Lookup+Conjunction&per_page=8&page=1&year=2006 bytes=524
2026-09-19 00:29:42,089 [INFO] music_app.services.cover_provider_runtime: {"action": "Discogs search query completed", "album": "Cover Lookup Conjunction", "artist": "Neal Morse & The Resonance", "payload_type": "dict", "query_mode": "master-artist-release", "raw_result_count": 1, "result_preview": [{"resource_url": "https://api.discogs.com/releases/900027", "title": "Neal Morse The Resonance - Cover Lookup Conjunction", "type": "release", "year": 2006}], "search_artist": "Neal Morse & The Resonance", "search_release_title": "Cover Lookup Conjunction", "search_type": "master", "search_year": 2006, "year": 2006}
2026-09-19 00:29:42,091 [INFO] music_app.services.cover_provider_runtime: {"accepted_result_count": 1, "action": "Discogs search query filtered", "album": "Cover Lookup Conjunction", "artist": "Neal Morse & The Resonance", "query_mode": "master-artist-release", "raw_result_count": 1, "search_type": "master", "year": 2006}
2026-09-19 00:29:42,332 [VERBOSE] music_app.services.cover_provider_runtime: Cover HTTP success service=apple context=probe:api-sufficiency:Neal Morse & The Resonance - Cover Lookup Conjunction status=200 url=http://cover-fixture.example:5302/apple/artwork/morse-cover-to-cover-conjunction/9999x9999-100.jpg bytes=1712782
2026-09-19 00:29:42,350 [VERBOSE] music_app.services.cover_provider_runtime: Cover HTTP success service=discogs context=database-search:master-q status=200 url=http://127.0.0.1:5302/discogs/database/search?type=master&q=Neal+Morse+%26+The+Resonance+Cover+Lookup+Conjunction+2006&per_page=8&page=1&year=2006 bytes=524
2026-09-19 00:29:42,350 [INFO] music_app.services.cover_provider_runtime: {"action": "Discogs search query completed", "album": "Cover Lookup Conjunction", "artist": "Neal Morse & The Resonance", "payload_type": "dict", "query_mode": "master-q", "raw_result_count": 1, "result_preview": [{"resource_url": "https://api.discogs.com/releases/900027", "title": "Neal Morse The Resonance - Cover Lookup Conjunction", "type": "release", "year": 2006}], "search_artist": "", "search_release_title": "", "search_type": "master", "search_year": 2006, "year": 2006}
2026-09-19 00:29:42,350 [INFO] music_app.services.cover_provider_runtime: {"accepted_result_count": 0, "action": "Discogs search query filtered", "album": "Cover Lookup Conjunction", "artist": "Neal Morse & The Resonance", "query_mode": "master-q", "raw_result_count": 1, "search_type": "master", "year": 2006}
2026-09-19 00:29:42,664 [VERBOSE] music_app.services.cover_provider_runtime: Cover HTTP success service=discogs context=database-search:release-artist-release status=200 url=http://127.0.0.1:5302/discogs/database/search?type=release&artist=Neal+Morse+%26+The+Resonance&release_title=Cover+Lookup+Conjunction&per_page=8&page=1&year=2006 bytes=524
2026-09-19 00:29:42,664 [INFO] music_app.services.cover_provider_runtime: {"action": "Discogs search query completed", "album": "Cover Lookup Conjunction", "artist": "Neal Morse & The Resonance", "payload_type": "dict", "query_mode": "release-artist-release", "raw_result_count": 1, "result_preview": [{"resource_url": "https://api.discogs.com/releases/900027", "title": "Neal Morse The Resonance - Cover Lookup Conjunction", "type": "release", "year": 2006}], "search_artist": "Neal Morse & The Resonance", "search_release_title": "Cover Lookup Conjunction", "search_type": "release", "search_year": 2006, "year": 2006}
2026-09-19 00:29:42,664 [INFO] music_app.services.cover_provider_runtime: {"accepted_result_count": 0, "action": "Discogs search query filtered", "album": "Cover Lookup Conjunction", "artist": "Neal Morse & The Resonance", "query_mode": "release-artist-release", "raw_result_count": 1, "search_type": "release", "year": 2006}
2026-09-19 00:29:42,691 [INFO] music_app.services.cover_provider_musicbrainz_caa: {"action": "MusicBrainz release search query completed", "album": "Cover Lookup Conjunction", "artist": "Neal Morse & The Resonance", "context_prefix": "cover-art-archive-release-search", "had_payload": true, "mode": "artist-release", "result_count": 1}
2026-09-19 00:29:42,708 [VERBOSE] music_app.services.cover_provider_runtime: Cover HTTP success service=apple context=album-page:http://cover-fixture.example:5302/apple/album/morse-cover-to-cover-conjunction status=200 url=http://cover-fixture.example:5302/apple/album/morse-cover-to-cover-conjunction bytes=815
2026-09-19 00:29:42,709 [VERBOSE] music_app.services.cover_provider_runtime: Apple page artwork candidates page=http://cover-fixture.example:5302/apple/album/morse-cover-to-cover-conjunction count=1 candidates=['http://cover-fixture.example:5302/apple/artwork/morse-cover-to-cover-conjunction/9999x9999bb-100.jpg']
2026-09-19 00:29:42,710 [VERBOSE] music_app.services.cover_provider_runtime: Apple search results query='Neal Morse & The Resonance Cover Lookup Conjunction 2006' count=1 top=[{'score': 1.5631, 'artist': 'Neal Morse The Resonance', 'album': 'Cover Lookup Conjunction', 'year': 2006}]
2026-09-19 00:29:42,710 [VERBOSE] music_app.services.cover_provider_runtime: Cover candidate probe start source=apple artist='Neal Morse & The Resonance' album='Cover Lookup Conjunction' year=2006 query_mode=artist+album+year:native best_score=1.5631 cutoff=0.0000 contenders=[{'score': 1.5631, 'url': 'http://cover-fixture.example:5302/apple/artwork/morse-cover-to-cover-conjunction/9999x9999-100.jpg'}]
2026-09-19 00:29:42,956 [VERBOSE] music_app.services.cover_provider_runtime: Cover HTTP success service=discogs context=database-search:release-q status=200 url=http://127.0.0.1:5302/discogs/database/search?type=release&q=Neal+Morse+%26+The+Resonance+Cover+Lookup+Conjunction+2006&per_page=8&page=1&year=2006 bytes=524
2026-09-19 00:29:42,956 [INFO] music_app.services.cover_provider_runtime: {"action": "Discogs search query completed", "album": "Cover Lookup Conjunction", "artist": "Neal Morse & The Resonance", "payload_type": "dict", "query_mode": "release-q", "raw_result_count": 1, "result_preview": [{"resource_url": "https://api.discogs.com/releases/900027", "title": "Neal Morse The Resonance - Cover Lookup Conjunction", "type": "release", "year": 2006}], "search_artist": "", "search_release_title": "", "search_type": "release", "search_year": 2006, "year": 2006}
2026-09-19 00:29:42,956 [INFO] music_app.services.cover_provider_runtime: {"accepted_result_count": 0, "action": "Discogs search query filtered", "album": "Cover Lookup Conjunction", "artist": "Neal Morse & The Resonance", "query_mode": "release-q", "raw_result_count": 1, "search_type": "release", "year": 2006}
2026-09-19 00:29:43,005 [VERBOSE] music_app.services.cover_provider_runtime: Cover HTTP success service=apple context=probe:artist+album+year:native:Neal Morse & The Resonance - Cover Lookup Conjunction status=200 url=http://cover-fixture.example:5302/apple/artwork/morse-cover-to-cover-conjunction/9999x9999-100.jpg bytes=1712782
2026-09-19 00:29:43,067 [VERBOSE] music_app.services.cover_provider_runtime: Cover candidate probe result source=apple artist='Neal Morse & The Resonance' album='Cover Lookup Conjunction' year=2006 result={'score': 1.5631, 'width': 1800, 'height': 1800, 'area': 3240000, 'sharpness': 13.911, 'album': 'Cover Lookup Conjunction', 'artist': 'Neal Morse The Resonance', 'url': 'http://cover-fixture.example:5302/apple/artwork/morse-cover-to-cover-conjunction/9999x9999-100.jpg', 'year': 2006, 'variant': 'api-artwork', 'album_url': 'http://cover-fixture.example:5302/apple/album/morse-cover-to-cover-conjunction'}
2026-09-19 00:29:43,067 [INFO] music_app.services.cover_provider_runtime: Cover search provider completed service=apple artist='Neal Morse & The Resonance' album='Cover Lookup Conjunction' year=2006 candidates=1
2026-09-19 00:29:43,067 [INFO] music_app.services.cover_provider_runtime: {"acceptable_candidate_count": 1, "action": "Cover search provider completed", "album": "Cover Lookup Conjunction", "artist": "Neal Morse & The Resonance", "candidate_count": 1, "elapsed_ms": 1548.84, "service": "apple", "year": 2006}
2026-09-19 00:29:43,067 [INFO] music_app.services.cover_provider_runtime: {"acceptable_candidate_count": 1, "action": "Cover search primary services evaluated", "album": "Cover Lookup Conjunction", "artist": "Neal Morse & The Resonance", "primary_has_acceptable": true, "skip_spotify": true, "total_candidate_count": 1, "year": 2006}
2026-09-19 00:29:43,204 [INFO] music_app: {"action": "Cover lookup service candidates collected", "album": "Cover Lookup Conjunction", "artist": "Neal Morse & The Resonance", "candidate_count": 1, "manual_candidate_count": 0, "task_id": "9dd1738958b448f79357fc68dba11f4f"}
2026-09-19 00:29:43,301 [VERBOSE] music_app.services.cover_provider_runtime: Cover HTTP success service=discogs context=database-search:release-title-q status=200 url=http://127.0.0.1:5302/discogs/database/search?type=release&q=Cover+Lookup+Conjunction+2006&per_page=8&page=1&year=2006 bytes=524
2026-09-19 00:29:43,301 [INFO] music_app.services.cover_provider_runtime: {"action": "Discogs search query completed", "album": "Cover Lookup Conjunction", "artist": "Neal Morse & The Resonance", "payload_type": "dict", "query_mode": "release-title-q", "raw_result_count": 1, "result_preview": [{"resource_url": "https://api.discogs.com/releases/900027", "title": "Neal Morse The Resonance - Cover Lookup Conjunction", "type": "release", "year": 2006}], "search_artist": "", "search_release_title": "", "search_type": "release", "search_year": 2006, "year": 2006}
2026-09-19 00:29:43,301 [INFO] music_app.services.cover_provider_runtime: {"accepted_result_count": 0, "action": "Discogs search query filtered", "album": "Cover Lookup Conjunction", "artist": "Neal Morse & The Resonance", "query_mode": "release-title-q", "raw_result_count": 1, "search_type": "release", "year": 2006}
2026-09-19 00:29:43,440 [INFO] music_app: {"action": "Cover lookup Bandcamp search completed", "album": "Cover Lookup Conjunction", "artist": "Neal Morse & The Resonance", "candidate_count": 0, "task_id": "9dd1738958b448f79357fc68dba11f4f"}
2026-09-19 00:29:43,631 [VERBOSE] music_app.services.cover_provider_runtime: Cover HTTP success service=discogs context=database-search:master-artist-release status=200 url=http://127.0.0.1:5302/discogs/database/search?type=master&artist=Neal+Morse+and+The+Resonance&release_title=Cover+Lookup+Conjunction&per_page=8&page=1&year=2006 bytes=524
2026-09-19 00:29:43,632 [INFO] music_app.services.cover_provider_runtime: {"action": "Discogs search query completed", "album": "Cover Lookup Conjunction", "artist": "Neal Morse & The Resonance", "payload_type": "dict", "query_mode": "master-artist-release", "raw_result_count": 1, "result_preview": [{"resource_url": "https://api.discogs.com/releases/900027", "title": "Neal Morse The Resonance - Cover Lookup Conjunction", "type": "release", "year": 2006}], "search_artist": "Neal Morse and The Resonance", "search_release_title": "Cover Lookup Conjunction", "search_type": "master", "search_year": 2006, "year": 2006}
2026-09-19 00:29:43,633 [INFO] music_app.services.cover_provider_runtime: {"accepted_result_count": 0, "action": "Discogs search query filtered", "album": "Cover Lookup Conjunction", "artist": "Neal Morse & The Resonance", "query_mode": "master-artist-release", "raw_result_count": 1, "search_type": "master", "year": 2006}
2026-09-19 00:29:43,755 [INFO] music_app.services.cover_provider_musicbrainz_caa: {"action": "MusicBrainz release search query completed", "album": "Cover Lookup Conjunction", "artist": "Neal Morse & The Resonance", "context_prefix": "cover-art-archive-release-search", "had_payload": true, "mode": "release-only", "result_count": 1}
2026-09-19 00:29:43,757 [INFO] music_app.services.cover_provider_musicbrainz_caa: {"action": "Cover Art Archive release search completed", "album": "Cover Lookup Conjunction", "artist": "Neal Morse & The Resonance", "release_count": 1, "release_ids": ["morse-cover-to-cover-conjunction"]}
2026-09-19 00:29:43,757 [INFO] music_app.services.cover_provider_musicbrainz_caa: {"action": "Cover Art Archive ranked release candidates", "album": "Cover Lookup Conjunction", "artist": "Neal Morse & The Resonance", "ranked_release_count": 1, "release_fetch_limit": 1, "releases": [{"artist": "Neal Morse The Resonance", "release_id": "morse-cover-to-cover-conjunction", "score": 1.5631, "title": "Cover Lookup Conjunction", "year": 2006}], "year": 2006}
2026-09-19 00:29:43,757 [INFO] music_app.services.cover_provider_musicbrainz_caa: {"action": "Cover Art Archive release candidate accepted", "album": "Cover Lookup Conjunction", "artist": "Neal Morse & The Resonance", "release_artist": "Neal Morse The Resonance", "release_id": "morse-cover-to-cover-conjunction", "release_score": 1.5631, "release_title": "Cover Lookup Conjunction", "release_year": 2006}
2026-09-19 00:29:44,013 [VERBOSE] music_app.services.cover_provider_runtime: Cover HTTP success service=discogs context=database-search:master-q status=200 url=http://127.0.0.1:5302/discogs/database/search?type=master&q=Neal+Morse+and+The+Resonance+Cover+Lookup+Conjunction+2006&per_page=8&page=1&year=2006 bytes=524
2026-09-19 00:29:44,013 [INFO] music_app.services.cover_provider_runtime: {"action": "Discogs search query completed", "album": "Cover Lookup Conjunction", "artist": "Neal Morse & The Resonance", "payload_type": "dict", "query_mode": "master-q", "raw_result_count": 1, "result_preview": [{"resource_url": "https://api.discogs.com/releases/900027", "title": "Neal Morse The Resonance - Cover Lookup Conjunction", "type": "release", "year": 2006}], "search_artist": "", "search_release_title": "", "search_type": "master", "search_year": 2006, "year": 2006}
2026-09-19 00:29:44,013 [INFO] music_app.services.cover_provider_runtime: {"accepted_result_count": 0, "action": "Discogs search query filtered", "album": "Cover Lookup Conjunction", "artist": "Neal Morse & The Resonance", "query_mode": "master-q", "raw_result_count": 1, "search_type": "master", "year": 2006}
2026-09-19 00:29:44,142 [VERBOSE] music_app.services.cover_provider_runtime: Cover HTTP success service=coverartarchive context=release-art:morse-cover-to-cover-conjunction status=200 url=http://127.0.0.1:5302/coverartarchive/release/morse-cover-to-cover-conjunction bytes=950
2026-09-19 00:29:44,142 [INFO] music_app.services.cover_provider_musicbrainz_caa: {"action": "Cover Art Archive payload diagnostics", "album": "Cover Lookup Conjunction", "artist": "Neal Morse & The Resonance", "has_images_key": true, "images_value_type": "list", "payload_keys": ["images", "release"], "payload_type": "dict", "release_id": "morse-cover-to-cover-conjunction", "release_title": "Cover Lookup Conjunction"}
2026-09-19 00:29:44,142 [INFO] music_app.services.cover_provider_musicbrainz_caa: {"action": "Cover Art Archive release images fetched", "album": "Cover Lookup Conjunction", "artist": "Neal Morse & The Resonance", "front_image_count": 1, "image_count": 2, "release_id": "morse-cover-to-cover-conjunction", "release_title": "Cover Lookup Conjunction"}
2026-09-19 00:29:44,144 [INFO] music_app.services.cover_provider_musicbrainz_caa: {"action": "Cover Art Archive lookup finished", "album": "Cover Lookup Conjunction", "artist": "Neal Morse & The Resonance", "candidate_count": 2, "candidates": [{"album": "Cover Lookup Conjunction", "art_label": "Front cover", "artist": "Neal Morse The Resonance", "height": 1800, "release_mbid": "morse-cover-to-cover-conjunction", "score": 1.5631, "url": "http://cover-fixture.example:5302/coverartarchive/image/morse-cover-to-cover-conjunction.jpg", "width": 1800, "year": 2006}, {"album": "Cover Lookup Conjunction", "art_label": "Booklet", "artist": "Neal Morse The Resonance", "height": 6234, "release_mbid": "morse-cover-to-cover-conjunction", "score": 1.5631, "url": "http://cover-fixture.example:5302/manual/morse-cover-to-cover-conjunction/other-art.jpg?source=cover_art_archive", "width": 3273, "year": 2006}], "release_fetch_limit": 1, "releases_examined": 1}
2026-09-19 00:29:44,359 [VERBOSE] music_app.services.cover_provider_runtime: Cover HTTP success service=discogs context=database-search:release-artist-release status=200 url=http://127.0.0.1:5302/discogs/database/search?type=release&artist=Neal+Morse+and+The+Resonance&release_title=Cover+Lookup+Conjunction&per_page=8&page=1&year=2006 bytes=524
2026-09-19 00:29:44,359 [INFO] music_app.services.cover_provider_runtime: {"action": "Discogs search query completed", "album": "Cover Lookup Conjunction", "artist": "Neal Morse & The Resonance", "payload_type": "dict", "query_mode": "release-artist-release", "raw_result_count": 1, "result_preview": [{"resource_url": "https://api.discogs.com/releases/900027", "title": "Neal Morse The Resonance - Cover Lookup Conjunction", "type": "release", "year": 2006}], "search_artist": "Neal Morse and The Resonance", "search_release_title": "Cover Lookup Conjunction", "search_type": "release", "search_year": 2006, "year": 2006}
2026-09-19 00:29:44,359 [INFO] music_app.services.cover_provider_runtime: {"accepted_result_count": 0, "action": "Discogs search query filtered", "album": "Cover Lookup Conjunction", "artist": "Neal Morse & The Resonance", "query_mode": "release-artist-release", "raw_result_count": 1, "search_type": "release", "year": 2006}
2026-09-19 00:29:44,600 [VERBOSE] music_app.services.cover_provider_runtime: Cover HTTP success service=discogs context=database-search:release-q status=200 url=http://127.0.0.1:5302/discogs/database/search?type=release&q=Neal+Morse+and+The+Resonance+Cover+Lookup+Conjunction+2006&per_page=8&page=1&year=2006 bytes=524
2026-09-19 00:29:44,600 [INFO] music_app.services.cover_provider_runtime: {"action": "Discogs search query completed", "album": "Cover Lookup Conjunction", "artist": "Neal Morse & The Resonance", "payload_type": "dict", "query_mode": "release-q", "raw_result_count": 1, "result_preview": [{"resource_url": "https://api.discogs.com/releases/900027", "title": "Neal Morse The Resonance - Cover Lookup Conjunction", "type": "release", "year": 2006}], "search_artist": "", "search_release_title": "", "search_type": "release", "search_year": 2006, "year": 2006}
2026-09-19 00:29:44,600 [INFO] music_app.services.cover_provider_runtime: {"accepted_result_count": 0, "action": "Discogs search query filtered", "album": "Cover Lookup Conjunction", "artist": "Neal Morse & The Resonance", "query_mode": "release-q", "raw_result_count": 1, "search_type": "release", "year": 2006}
2026-09-19 00:29:44,826 [VERBOSE] music_app.services.cover_provider_runtime: Cover HTTP success service=discogs context=database-search:release-title-q status=200 url=http://127.0.0.1:5302/discogs/database/search?type=release&q=Cover+Lookup+Conjunction+2006&per_page=8&page=1&year=2006 bytes=524
2026-09-19 00:29:44,826 [INFO] music_app.services.cover_provider_runtime: {"action": "Discogs search query completed", "album": "Cover Lookup Conjunction", "artist": "Neal Morse & The Resonance", "payload_type": "dict", "query_mode": "release-title-q", "raw_result_count": 1, "result_preview": [{"resource_url": "https://api.discogs.com/releases/900027", "title": "Neal Morse The Resonance - Cover Lookup Conjunction", "type": "release", "year": 2006}], "search_artist": "", "search_release_title": "", "search_type": "release", "search_year": 2006, "year": 2006}
2026-09-19 00:29:44,826 [INFO] music_app.services.cover_provider_runtime: {"accepted_result_count": 0, "action": "Discogs search query filtered", "album": "Cover Lookup Conjunction", "artist": "Neal Morse & The Resonance", "query_mode": "release-title-q", "raw_result_count": 1, "search_type": "release", "year": 2006}
2026-09-19 00:29:45,021 [VERBOSE] music_app.services.cover_provider_runtime: Cover HTTP success service=discogs context=release:900027 status=200 url=http://127.0.0.1:5302/discogs/releases/900027 bytes=684
2026-09-19 00:29:45,021 [INFO] music_app.services.cover_provider_runtime: {"action": "Discogs detail evaluated", "album": "Cover Lookup Conjunction", "artist": "Neal Morse & The Resonance", "discogs_id": 900027, "discogs_type": "release", "image_count": 2, "main_release_requested": false, "query_mode": "master-artist-release", "score": 1.3231, "title": "Neal Morse The Resonance - Cover Lookup Conjunction", "variant": "database-search-release", "year": 2006}
2026-09-19 00:29:45,023 [INFO] music_app.services.cover_provider_runtime: {"action": "Discogs search matches prepared", "album": "Cover Lookup Conjunction", "artist": "Neal Morse & The Resonance", "detail_attempt_count": 1, "expanded_master_count": 0, "prepared_match_count": 2, "prepared_matches": [{"album": "Cover Lookup Conjunction", "artist": "Neal Morse The Resonance", "discogs_type": "release", "query_mode": "master-artist-release", "score": 1.3231, "url": "http://cover-fixture.example:5302/covers/morse-cover-to-cover-conjunction.jpg", "year": 2006}, {"album": "Cover Lookup Conjunction", "artist": "Neal Morse The Resonance", "discogs_type": "release", "query_mode": "master-artist-release", "score": 1.3231, "url": "http://cover-fixture.example:5302/manual/morse-cover-to-cover-conjunction/other-art.jpg?source=discogs", "year": 2006}], "unique_ranked_result_count": 1, "year": 2006}
2026-09-19 00:29:45,023 [VERBOSE] music_app.services.cover_provider_runtime: Cover candidate probe start source=discogs artist='Neal Morse & The Resonance' album='Cover Lookup Conjunction' year=2006 query_mode=database-search best_score=1.3231 cutoff=0.0000 contenders=[{'score': 1.3231, 'url': 'http://cover-fixture.example:5302/covers/morse-cover-to-cover-conjunction.jpg'}, {'score': 1.3231, 'url': 'http://cover-fixture.example:5302/manual/morse-cover-to-cover-conjunction/other-art.jpg?source=discogs'}]
2026-09-19 00:29:45,217 [VERBOSE] music_app.services.cover_provider_runtime: Cover HTTP success service=discogs context=probe:database-search:Neal Morse & The Resonance - Cover Lookup Conjunction status=200 url=http://cover-fixture.example:5302/covers/morse-cover-to-cover-conjunction.jpg bytes=1712782
2026-09-19 00:29:45,268 [VERBOSE] music_app.services.cover_provider_runtime: Cover candidate probe result source=discogs artist='Neal Morse & The Resonance' album='Cover Lookup Conjunction' year=2006 result={'score': 1.3231, 'width': 1800, 'height': 1800, 'area': 3240000, 'sharpness': 13.911, 'album': 'Cover Lookup Conjunction', 'artist': 'Neal Morse The Resonance', 'url': 'http://cover-fixture.example:5302/covers/morse-cover-to-cover-conjunction.jpg', 'year': 2006, 'variant': 'database-search-release', 'album_url': 'https://www.discogs.com/release/900027'}
2026-09-19 00:29:45,475 [VERBOSE] music_app.services.cover_provider_runtime: Cover HTTP success service=discogs context=probe:database-search:Neal Morse & The Resonance - Cover Lookup Conjunction status=200 url=http://cover-fixture.example:5302/manual/morse-cover-to-cover-conjunction/other-art.jpg?source=discogs bytes=8034518
2026-09-19 00:29:45,678 [VERBOSE] music_app.services.cover_provider_runtime: Cover candidate probe result source=discogs artist='Neal Morse & The Resonance' album='Cover Lookup Conjunction' year=2006 result={'score': 1.3231, 'width': 3273, 'height': 6234, 'area': 20403882, 'sharpness': 7.3486, 'album': 'Cover Lookup Conjunction', 'artist': 'Neal Morse The Resonance', 'url': 'http://cover-fixture.example:5302/manual/morse-cover-to-cover-conjunction/other-art.jpg?source=discogs', 'year': 2006, 'variant': 'database-search-release', 'album_url': 'https://www.discogs.com/release/900027'}
2026-09-19 00:29:45,678 [INFO] music_app.services.cover_provider_runtime: {"action": "Discogs search probe completed", "album": "Cover Lookup Conjunction", "artist": "Neal Morse & The Resonance", "prepared_match_count": 2, "probed_candidate_count": 2, "selected_urls": ["http://cover-fixture.example:5302/covers/morse-cover-to-cover-conjunction.jpg", "http://cover-fixture.example:5302/manual/morse-cover-to-cover-conjunction/other-art.jpg?source=discogs"], "year": 2006}
2026-09-19 00:29:45,680 [INFO] music_app: {"action": "Cover lookup CAA search completed", "album": "Cover Lookup Conjunction", "artist": "Neal Morse & The Resonance", "candidate_count": 2, "task_id": "9dd1738958b448f79357fc68dba11f4f"}
2026-09-19 00:29:45,680 [INFO] music_app: {"action": "Cover lookup Discogs search completed", "album": "Cover Lookup Conjunction", "artist": "Neal Morse & The Resonance", "candidate_count": 2, "task_id": "9dd1738958b448f79357fc68dba11f4f"}
2026-09-19 00:29:45,802 [INFO] music_app: {"action": "Cover lookup artist website search completed", "album": "Cover Lookup Conjunction", "artist": "Neal Morse & The Resonance", "candidate_count": 0, "task_id": "9dd1738958b448f79357fc68dba11f4f"}
  [PASS] Show the provider candidate despite its separator-free artist credit (7218 ms)
  ok 1 [functional] › tests\e2e\specs\coverLookup.spec.js:1096:1 › FTC-COVERS-021 artist conjunction differences still publish a visible remote candidate @area:cover-providers (27.3s)
[album-haven-playwright-result] {"version":1,"phase":"tests-complete","nonce":"04dc048711443d9572e395a3211aebfac3180f7f999699e66da89c047a07c57b","status":"passed","total":1,"completed":1,"failed":0,"skipped":0,"errors":0}



[album-haven-playwright-result] {"version":1,"phase":"run-final","nonce":"04dc048711443d9572e395a3211aebfac3180f7f999699e66da89c047a07c57b","status":"passed","total":1,"completed":1,"failed":0,"skipped":0,"errors":0}
  1 passed (34.6s)

=== Playwright Summary ===
[✓] coverLookup.spec
  [✓] FTC-COVERS-021 artist conjunction differences still publish a visible remote candidate @area:cover-providers

Overall: 1/1 passed
[playwright-wrapper-final-decision] {"wrapperExitCode":0,"attemptReturn":{"exitCode":0,"exitReason":"authoritative-pass"},"fakeDatabaseCleanup":{"status":"completed","error":null,"mode":"lock-only"},"scanAppCleanup":{"status":"not-required","error":null},"isolatedAppCleanup":{"status":"completed","error":null},"tempCleanup":{"status":"completed","error":null,"removedCount":1},"passivePortDiagnostics":[{"port":5300,"status":"completed","error":null,"ownerCount":0},{"port":5302,"status":"completed","error":null,"ownerCount":0}],"finalSummary":{"phase":"run-final","status":"passed","total":1,"completed":1,"failed":0,"skipped":0,"errors":0,"listOnly":false},"exitReason":"authoritative-pass"}
{"restored":0,"removed":0,"unchanged":1497}
Album Haven production E2E app listening on http://127.0.0.1:5300 with 0 artists, 0 albums, 0 tracks, and provider fixtures on http://127.0.0.1:5302
2026-09-19 00:30:21,378 [INFO] music_app: Startup scan-cache hydration completed files=7200 albums=400
2026-09-19 00:30:21,378 [INFO] music_app: Legacy album exclusions migrated albums=1 removed_rules=18 created_rules=1
2026-09-19 00:30:21,979 [INFO] music_app: Relation projection startup readiness ready=true rebuilt=true reason=missing_projection builder_version=local-relation-builder-v9 source_row_count=7438 duration_ms=558.76 source_load=138.71 fingerprint=59.39 pure_build=148.12 family_link_replacement=7.73 snapshot_publication=1.74
2026-09-19 00:30:23,269 [INFO] music_app: {"action": "Index request completed", "album_count": 0, "artist_count": 0, "bootstrap_mode": "fresh_preview", "covers_in_progress": false, "elapsed_ms": 417.22, "hydrate_in_progress": false, "payload_elapsed_ms": 179.95, "query": "", "scan_in_progress": false, "selected_artist": ""}

Running 1 test using 1 worker

2026-09-19 00:30:51,893 [INFO] music_app: {"action": "Index request completed", "album_count": 0, "artist_count": 0, "bootstrap_mode": "fresh_preview", "covers_in_progress": false, "elapsed_ms": 318.61, "hydrate_in_progress": false, "payload_elapsed_ms": 183.59, "query": "", "scan_in_progress": false, "selected_artist": ""}
[TEST] FTC-COVERS-018 automatic lookup applies the first acceptable cover and stops later providers
  [STEP] Confirm the isolated automatic-search album starts coverless
2026-09-19 00:30:55,541 [INFO] music_app: {"action": "Index request completed", "album_count": 0, "artist_count": 0, "bootstrap_mode": "fresh_preview", "covers_in_progress": false, "elapsed_ms": 286.6, "hydrate_in_progress": false, "payload_elapsed_ms": 167.68, "query": "", "scan_in_progress": false, "selected_artist": ""}
  [PASS] Confirm the isolated automatic-search album starts coverless (18918 ms)
  [STEP] Capture the neutral album user-cover baseline
  [PASS] Capture the neutral album user-cover baseline (1323 ms)
  [STEP] Run a real incremental scan and apply the first acceptable automatic candidate
2026-09-19 00:31:15,548 [WARNING] music_app: refresh_api: payload keys=['full_rescan']
2026-09-19 00:31:15,659 [INFO] music_app: {"action": "Library indexing started", "force": true}
2026-09-19 00:31:22,614 [INFO] music_app: {"action": "Library indexing completed", "album_count": 63, "file_count": 1090}
2026-09-19 00:31:22,615 [INFO] music_app: {"action": "Cover art refresh queued after indexing", "added_album_count": 1}
2026-09-19 00:31:24,683 [VERBOSE] music_app: Cover jobs built total_folders=64 queued=64 skipped=0 skipped_samples=[]
2026-09-19 00:31:24,683 [VERBOSE] music_app: Cover refresh background job selection queued=16 user_owned=1 scan_generation=1 file_cache_entries=1090
2026-09-19 00:31:24,683 [VERBOSE] music_app: Cover fetch queue item index=1 total=16 artist='Generated Problem Fixture' album='Comfortably Numb Sidebar Fixture 01' year=2023 folder='D:\\a\\_temp\\album-haven-e2e-functional-fixtures-cover-providers\\shared\\media\\Generated Problem Fixture\\Comfortably Numb Sidebar Fixture 01' track_count=18 force_search=False
2026-09-19 00:31:24,685 [VERBOSE] music_app: Cover fetch queue item index=2 total=16 artist='Generated Problem Fixture' album='Comfortably Numb Sidebar Fixture 02' year=2023 folder='D:\\a\\_temp\\album-haven-e2e-functional-fixtures-cover-providers\\shared\\media\\Generated Problem Fixture\\Comfortably Numb Sidebar Fixture 02' track_count=18 force_search=False
2026-09-19 00:31:24,685 [VERBOSE] music_app: Cover fetch queue item index=3 total=16 artist='Generated Problem Fixture' album='Comfortably Numb Sidebar Fixture 03' year=2023 folder='D:\\a\\_temp\\album-haven-e2e-functional-fixtures-cover-providers\\shared\\media\\Generated Problem Fixture\\Comfortably Numb Sidebar Fixture 03' track_count=18 force_search=False
2026-09-19 00:31:24,685 [VERBOSE] music_app: Cover fetch queue item index=4 total=16 artist='Generated Problem Fixture' album='Comfortably Numb Sidebar Fixture 04' year=2023 folder='D:\\a\\_temp\\album-haven-e2e-functional-fixtures-cover-providers\\shared\\media\\Generated Problem Fixture\\Comfortably Numb Sidebar Fixture 04' track_count=18 force_search=False
2026-09-19 00:31:24,685 [VERBOSE] music_app: Cover fetch queue item index=5 total=16 artist='Generated Problem Fixture' album='Comfortably Numb Sidebar Fixture 05' year=2023 folder='D:\\a\\_temp\\album-haven-e2e-functional-fixtures-cover-providers\\shared\\media\\Generated Problem Fixture\\Comfortably Numb Sidebar Fixture 05' track_count=18 force_search=False
2026-09-19 00:31:24,685 [VERBOSE] music_app: Cover fetch queue item index=6 total=16 artist='Generated Problem Fixture' album='Comfortably Numb Sidebar Fixture 06' year=2023 folder='D:\\a\\_temp\\album-haven-e2e-functional-fixtures-cover-providers\\shared\\media\\Generated Problem Fixture\\Comfortably Numb Sidebar Fixture 06' track_count=18 force_search=False
2026-09-19 00:31:24,685 [VERBOSE] music_app: Cover fetch queue item index=7 total=16 artist='Generated Problem Fixture' album='Comfortably Numb Sidebar Fixture 07' year=2023 folder='D:\\a\\_temp\\album-haven-e2e-functional-fixtures-cover-providers\\shared\\media\\Generated Problem Fixture\\Comfortably Numb Sidebar Fixture 07' track_count=18 force_search=False
2026-09-19 00:31:24,685 [VERBOSE] music_app: Cover fetch queue item index=8 total=16 artist='Generated Problem Fixture' album='Comfortably Numb Sidebar Fixture 08' year=2023 folder='D:\\a\\_temp\\album-haven-e2e-functional-fixtures-cover-providers\\shared\\media\\Generated Problem Fixture\\Comfortably Numb Sidebar Fixture 08' track_count=18 force_search=False
2026-09-19 00:31:24,685 [VERBOSE] music_app: Cover fetch queue item index=9 total=16 artist='Generated Problem Fixture' album='Encoding And Missing Metadata' year=None folder='D:\\a\\_temp\\album-haven-e2e-functional-fixtures-cover-providers\\shared\\media\\Generated Problem Fixture\\Encoding And Missing Metadata' track_count=18 force_search=False
2026-09-19 00:31:24,685 [VERBOSE] music_app: Cover fetch queue item index=10 total=16 artist='Mastodon' album='Crack The Skye Fixture 07' year=2009 folder='D:\\a\\_temp\\album-haven-e2e-functional-fixtures-cover-providers\\shared\\media\\Mastodon\\Crack The Skye Fixture 07' track_count=18 force_search=False
2026-09-19 00:31:24,685 [VERBOSE] music_app: Cover fetch queue item index=11 total=16 artist='Mastodon' album='Crack The Skye Fixture 08' year=2009 folder='D:\\a\\_temp\\album-haven-e2e-functional-fixtures-cover-providers\\shared\\media\\Mastodon\\Crack The Skye Fixture 08' track_count=18 force_search=False
2026-09-19 00:31:24,685 [VERBOSE] music_app: Cover fetch queue item index=12 total=16 artist='Mastodon' album='Crack The Skye Fixture 09' year=2009 folder='D:\\a\\_temp\\album-haven-e2e-functional-fixtures-cover-providers\\shared\\media\\Mastodon\\Crack The Skye Fixture 09' track_count=18 force_search=False
2026-09-19 00:31:24,685 [VERBOSE] music_app: Cover fetch queue item index=13 total=16 artist='Mastodon' album='Crack The Skye Fixture 10' year=2009 folder='D:\\a\\_temp\\album-haven-e2e-functional-fixtures-cover-providers\\shared\\media\\Mastodon\\Crack The Skye Fixture 10' track_count=18 force_search=False
2026-09-19 00:31:24,685 [VERBOSE] music_app: Cover fetch queue item index=14 total=16 artist='Neal Morse' album='Neal Morse Plays Pink Floyd' year=2023 folder='D:\\a\\_temp\\album-haven-e2e-functional-fixtures-cover-providers\\shared\\media\\Progressive Projects\\Morse Family\\Neal Morse\\Neal Morse Plays Pink Floyd' track_count=18 force_search=False
2026-09-19 00:31:24,685 [VERBOSE] music_app: Cover fetch queue item index=15 total=16 artist='Various Artists' album='Mulan' year=1998 folder='D:\\a\\_temp\\album-haven-e2e-functional-fixtures-cover-providers\\shared\\media\\Various Artists\\Mulan' track_count=14 force_search=False
2026-09-19 00:31:24,685 [VERBOSE] music_app: Cover fetch queue item index=16 total=16 artist='\u0414\u0414\u0422' album='\u0421\u0442\u0443\u0434\u0438\u0439\u043d\u044b\u0435 \u0437\u0430\u043f\u0438\u0441\u0438' year=1990 folder='D:\\a\\_temp\\album-haven-e2e-functional-fixtures-cover-providers\\shared\\media\\\u0414\u0414\u0422\\\u0421\u0442\u0443\u0434\u0438\u0439\u043d\u044b\u0435 \u0437\u0430\u043f\u0438\u0441\u0438' track_count=16 force_search=False
2026-09-19 00:31:27,835 [VERBOSE] music_app.services.cover_provider_http: Cover HTTP success service=apple context=search:Generated Problem Fixture Comfortably Numb Sidebar Fixture 01 2023 status=200 url=http://127.0.0.1:5302/itunes/search?term=Generated+Problem+Fixture+Comfortably+Numb+Sidebar+Fixture+01+2023&entity=album&limit=20 bytes=33
2026-09-19 00:31:27,836 [VERBOSE] music_app.services.cover_refresh_provider: Apple raw search results query='Generated Problem Fixture Comfortably Numb Sidebar Fixture 01 2023' artist='Generated Problem Fixture' album='Comfortably Numb Sidebar Fixture 01' year=2023 results=[]
2026-09-19 00:31:27,836 [VERBOSE] music_app.services.cover_refresh_provider: Apple search results query='Generated Problem Fixture Comfortably Numb Sidebar Fixture 01 2023' count=0 top=[]
2026-09-19 00:31:27,836 [INFO] music_app.services.cover_refresh_provider: {"action": "Apple cover miss", "album": "Comfortably Numb Sidebar Fixture 01", "artist": "Generated Problem Fixture", "query_mode": "artist+album+year:native", "raw_result_count": 0, "raw_results_summary": [], "top_candidates": [], "year": 2023}
2026-09-19 00:31:29,164 [VERBOSE] music_app.services.cover_provider_http: Cover HTTP success service=apple context=search:Generated Problem Fixture Comfortably Numb Sidebar Fixture 02 2023 status=200 url=http://127.0.0.1:5302/itunes/search?term=Generated+Problem+Fixture+Comfortably+Numb+Sidebar+Fixture+02+2023&entity=album&limit=20 bytes=33
2026-09-19 00:31:29,164 [VERBOSE] music_app.services.cover_refresh_provider: Apple raw search results query='Generated Problem Fixture Comfortably Numb Sidebar Fixture 02 2023' artist='Generated Problem Fixture' album='Comfortably Numb Sidebar Fixture 02' year=2023 results=[]
2026-09-19 00:31:29,164 [VERBOSE] music_app.services.cover_refresh_provider: Apple search results query='Generated Problem Fixture Comfortably Numb Sidebar Fixture 02 2023' count=0 top=[]
2026-09-19 00:31:29,166 [INFO] music_app.services.cover_refresh_provider: {"action": "Apple cover miss", "album": "Comfortably Numb Sidebar Fixture 02", "artist": "Generated Problem Fixture", "query_mode": "artist+album+year:native", "raw_result_count": 0, "raw_results_summary": [], "top_candidates": [], "year": 2023}
2026-09-19 00:31:30,725 [VERBOSE] music_app.services.cover_provider_http: Cover HTTP success service=apple context=search:Generated Problem Fixture Comfortably Numb Sidebar Fixture 03 2023 status=200 url=http://127.0.0.1:5302/itunes/search?term=Generated+Problem+Fixture+Comfortably+Numb+Sidebar+Fixture+03+2023&entity=album&limit=20 bytes=33
2026-09-19 00:31:30,725 [VERBOSE] music_app.services.cover_refresh_provider: Apple raw search results query='Generated Problem Fixture Comfortably Numb Sidebar Fixture 03 2023' artist='Generated Problem Fixture' album='Comfortably Numb Sidebar Fixture 03' year=2023 results=[]
2026-09-19 00:31:30,725 [VERBOSE] music_app.services.cover_refresh_provider: Apple search results query='Generated Problem Fixture Comfortably Numb Sidebar Fixture 03 2023' count=0 top=[]
2026-09-19 00:31:30,726 [INFO] music_app.services.cover_refresh_provider: {"action": "Apple cover miss", "album": "Comfortably Numb Sidebar Fixture 03", "artist": "Generated Problem Fixture", "query_mode": "artist+album+year:native", "raw_result_count": 0, "raw_results_summary": [], "top_candidates": [], "year": 2023}
2026-09-19 00:31:32,667 [VERBOSE] music_app.services.cover_provider_http: Cover HTTP success service=apple context=search:Generated Problem Fixture Comfortably Numb Sidebar Fixture 04 2023 status=200 url=http://127.0.0.1:5302/itunes/search?term=Generated+Problem+Fixture+Comfortably+Numb+Sidebar+Fixture+04+2023&entity=album&limit=20 bytes=33
2026-09-19 00:31:32,667 [VERBOSE] music_app.services.cover_refresh_provider: Apple raw search results query='Generated Problem Fixture Comfortably Numb Sidebar Fixture 04 2023' artist='Generated Problem Fixture' album='Comfortably Numb Sidebar Fixture 04' year=2023 results=[]
2026-09-19 00:31:32,667 [VERBOSE] music_app.services.cover_refresh_provider: Apple search results query='Generated Problem Fixture Comfortably Numb Sidebar Fixture 04 2023' count=0 top=[]
2026-09-19 00:31:32,667 [INFO] music_app.services.cover_refresh_provider: {"action": "Apple cover miss", "album": "Comfortably Numb Sidebar Fixture 04", "artist": "Generated Problem Fixture", "query_mode": "artist+album+year:native", "raw_result_count": 0, "raw_results_summary": [], "top_candidates": [], "year": 2023}
2026-09-19 00:31:32,839 [VERBOSE] music_app.services.cover_provider_http: Cover HTTP success service=apple context=artist-id-search:Generated Problem Fixture status=200 url=http://127.0.0.1:5302/itunes/search?term=Generated+Problem+Fixture&entity=musicArtist&limit=10 bytes=33
2026-09-19 00:31:32,839 [INFO] music_app.services.cover_refresh_provider: {"action": "Apple artist lookup results", "album": "Comfortably Numb Sidebar Fixture 01", "artist": "Generated Problem Fixture", "query_artist": "Generated Problem Fixture", "result_count": 0, "top_results": []}
2026-09-19 00:31:33,631 [VERBOSE] music_app.services.cover_provider_http: Cover HTTP success service=apple context=artist-id-search:Generated Problem Fixture status=200 url=http://127.0.0.1:5302/itunes/search?term=Generated+Problem+Fixture&entity=musicArtist&limit=10 bytes=33
2026-09-19 00:31:33,631 [INFO] music_app.services.cover_refresh_provider: {"action": "Apple artist lookup results", "album": "Comfortably Numb Sidebar Fixture 02", "artist": "Generated Problem Fixture", "query_artist": "Generated Problem Fixture", "result_count": 0, "top_results": []}
2026-09-19 00:31:34,436 [VERBOSE] music_app.services.cover_provider_http: Cover HTTP success service=apple context=artist-id-search:Generated Problem Fixture status=200 url=http://127.0.0.1:5302/itunes/search?term=Generated+Problem+Fixture&entity=musicArtist&limit=10 bytes=33
2026-09-19 00:31:34,437 [INFO] music_app.services.cover_refresh_provider: {"action": "Apple artist lookup results", "album": "Comfortably Numb Sidebar Fixture 03", "artist": "Generated Problem Fixture", "query_artist": "Generated Problem Fixture", "result_count": 0, "top_results": []}
2026-09-19 00:31:35,697 [VERBOSE] music_app.services.cover_provider_http: Cover HTTP success service=apple context=artist-id-search:Generated Problem Fixture status=200 url=http://127.0.0.1:5302/itunes/search?term=Generated+Problem+Fixture&entity=musicArtist&limit=10 bytes=33
2026-09-19 00:31:35,697 [INFO] music_app.services.cover_refresh_provider: {"action": "Apple artist lookup results", "album": "Comfortably Numb Sidebar Fixture 04", "artist": "Generated Problem Fixture", "query_artist": "Generated Problem Fixture", "result_count": 0, "top_results": []}
2026-09-19 00:31:35,841 [VERBOSE] music_app.services.cover_provider_http: Cover HTTP success service=apple context=search:Generated Problem Fixture Comfortably Numb Sidebar Fixture 01 status=200 url=http://127.0.0.1:5302/itunes/search?term=Generated+Problem+Fixture+Comfortably+Numb+Sidebar+Fixture+01&entity=album&limit=20 bytes=33
2026-09-19 00:31:35,841 [VERBOSE] music_app.services.cover_refresh_provider: Apple raw search results query='Generated Problem Fixture Comfortably Numb Sidebar Fixture 01' artist='Generated Problem Fixture' album='Comfortably Numb Sidebar Fixture 01' year=2023 results=[]
2026-09-19 00:31:35,842 [VERBOSE] music_app.services.cover_refresh_provider: Apple search results query='Generated Problem Fixture Comfortably Numb Sidebar Fixture 01' count=0 top=[]
2026-09-19 00:31:35,842 [INFO] music_app.services.cover_refresh_provider: {"action": "Apple cover miss", "album": "Comfortably Numb Sidebar Fixture 01", "artist": "Generated Problem Fixture", "query_mode": "artist+album:native", "raw_result_count": 0, "raw_results_summary": [], "top_candidates": [], "year": 2023}
2026-09-19 00:31:36,094 [VERBOSE] music_app.services.cover_provider_http: Cover HTTP success service=apple context=search:Generated Problem Fixture Comfortably Numb Sidebar Fixture 02 status=200 url=http://127.0.0.1:5302/itunes/search?term=Generated+Problem+Fixture+Comfortably+Numb+Sidebar+Fixture+02&entity=album&limit=20 bytes=33
2026-09-19 00:31:36,094 [VERBOSE] music_app.services.cover_refresh_provider: Apple raw search results query='Generated Problem Fixture Comfortably Numb Sidebar Fixture 02' artist='Generated Problem Fixture' album='Comfortably Numb Sidebar Fixture 02' year=2023 results=[]
2026-09-19 00:31:36,094 [VERBOSE] music_app.services.cover_refresh_provider: Apple search results query='Generated Problem Fixture Comfortably Numb Sidebar Fixture 02' count=0 top=[]
2026-09-19 00:31:36,094 [INFO] music_app.services.cover_refresh_provider: {"action": "Apple cover miss", "album": "Comfortably Numb Sidebar Fixture 02", "artist": "Generated Problem Fixture", "query_mode": "artist+album:native", "raw_result_count": 0, "raw_results_summary": [], "top_candidates": [], "year": 2023}
2026-09-19 00:31:36,203 [VERBOSE] music_app.services.cover_provider_http: Cover HTTP success service=apple context=search:Generated Problem Fixture Comfortably Numb Sidebar Fixture 03 status=200 url=http://127.0.0.1:5302/itunes/search?term=Generated+Problem+Fixture+Comfortably+Numb+Sidebar+Fixture+03&entity=album&limit=20 bytes=33
2026-09-19 00:31:36,205 [VERBOSE] music_app.services.cover_refresh_provider: Apple raw search results query='Generated Problem Fixture Comfortably Numb Sidebar Fixture 03' artist='Generated Problem Fixture' album='Comfortably Numb Sidebar Fixture 03' year=2023 results=[]
2026-09-19 00:31:36,205 [VERBOSE] music_app.services.cover_refresh_provider: Apple search results query='Generated Problem Fixture Comfortably Numb Sidebar Fixture 03' count=0 top=[]
2026-09-19 00:31:36,205 [INFO] music_app.services.cover_refresh_provider: {"action": "Apple cover miss", "album": "Comfortably Numb Sidebar Fixture 03", "artist": "Generated Problem Fixture", "query_mode": "artist+album:native", "raw_result_count": 0, "raw_results_summary": [], "top_candidates": [], "year": 2023}
2026-09-19 00:31:37,114 [VERBOSE] music_app.services.cover_provider_http: Cover HTTP success service=apple context=search:Generated Problem Fixture Comfortably Numb Sidebar Fixture 04 status=200 url=http://127.0.0.1:5302/itunes/search?term=Generated+Problem+Fixture+Comfortably+Numb+Sidebar+Fixture+04&entity=album&limit=20 bytes=33
2026-09-19 00:31:37,114 [VERBOSE] music_app.services.cover_refresh_provider: Apple raw search results query='Generated Problem Fixture Comfortably Numb Sidebar Fixture 04' artist='Generated Problem Fixture' album='Comfortably Numb Sidebar Fixture 04' year=2023 results=[]
2026-09-19 00:31:37,114 [VERBOSE] music_app.services.cover_refresh_provider: Apple search results query='Generated Problem Fixture Comfortably Numb Sidebar Fixture 04' count=0 top=[]
2026-09-19 00:31:37,114 [INFO] music_app.services.cover_refresh_provider: {"action": "Apple cover miss", "album": "Comfortably Numb Sidebar Fixture 04", "artist": "Generated Problem Fixture", "query_mode": "artist+album:native", "raw_result_count": 0, "raw_results_summary": [], "top_candidates": [], "year": 2023}
2026-09-19 00:31:37,261 [VERBOSE] music_app.services.cover_provider_http: Cover HTTP success service=apple context=artist-id-search:Generated Problem Fixture status=200 url=http://127.0.0.1:5302/itunes/search?term=Generated+Problem+Fixture&entity=musicArtist&limit=10 bytes=33
2026-09-19 00:31:37,261 [INFO] music_app.services.cover_refresh_provider: {"action": "Apple artist lookup results", "album": "Comfortably Numb Sidebar Fixture 01", "artist": "Generated Problem Fixture", "query_artist": "Generated Problem Fixture", "result_count": 0, "top_results": []}
2026-09-19 00:31:37,261 [VERBOSE] music_app: Cover fetch processed artist='Generated Problem Fixture' album='Comfortably Numb Sidebar Fixture 01' folder='D:\\a\\_temp\\album-haven-e2e-functional-fixtures-cover-providers\\shared\\media\\Generated Problem Fixture\\Comfortably Numb Sidebar Fixture 01' downloaded=False has_cover=False
2026-09-19 00:31:37,262 [WARNING] music_app: {"action": "Cover art update failed", "album": "Comfortably Numb Sidebar Fixture 01", "artist": "Generated Problem Fixture", "elapsed_ms": 12395.32, "folder": "D:\\a\\_temp\\album-haven-e2e-functional-fixtures-cover-providers\\shared\\media\\Generated Problem Fixture\\Comfortably Numb Sidebar Fixture 01", "force_search": false, "reason": "remote_search_returned_no_candidate", "resolver_trace": [{"apple_http_trace": [{"context": "search:Generated Problem Fixture Comfortably Numb Sidebar Fixture 01 2023", "elapsed_ms": 2965.46, "status": "success:200"}, {"context": "artist-id-search:Generated Problem Fixture", "elapsed_ms": 5003.32, "status": "success:200"}, {"context": "search:Generated Problem Fixture Comfortably Numb Sidebar Fixture 01", "elapsed_ms": 3001.72, "status": "success:200"}, {"context": "artist-id-search:Generated Problem Fixture", "elapsed_ms": 1418.54, "status": "success:200"}], "elapsed_ms": 12391.58, "resolver": "_search_apple", "status": "no_candidate"}], "status": "missing_cover_art"}
2026-09-19 00:31:37,262 [INFO] music_app: {"action": "Cover fetch slow", "album": "Comfortably Numb Sidebar Fixture 01", "artist": "Generated Problem Fixture", "downloaded": false, "elapsed_ms": 12395.32, "folder": "D:\\a\\_temp\\album-haven-e2e-functional-fixtures-cover-providers\\shared\\media\\Generated Problem Fixture\\Comfortably Numb Sidebar Fixture 01", "force_search": false, "has_cover": false, "reason": "remote_search_returned_no_candidate", "resolver_trace": [{"apple_http_trace": [{"context": "search:Generated Problem Fixture Comfortably Numb Sidebar Fixture 01 2023", "elapsed_ms": 2965.46, "status": "success:200"}, {"context": "artist-id-search:Generated Problem Fixture", "elapsed_ms": 5003.32, "status": "success:200"}, {"context": "search:Generated Problem Fixture Comfortably Numb Sidebar Fixture 01", "elapsed_ms": 3001.72, "status": "success:200"}, {"context": "artist-id-search:Generated Problem Fixture", "elapsed_ms": 1418.54, "status": "success:200"}], "elapsed_ms": 12391.58, "resolver": "_search_apple", "status": "no_candidate"}]}
2026-09-19 00:31:37,335 [VERBOSE] music_app.services.cover_provider_http: Cover HTTP success service=apple context=artist-id-search:Generated Problem Fixture status=200 url=http://127.0.0.1:5302/itunes/search?term=Generated+Problem+Fixture&entity=musicArtist&limit=10 bytes=33
2026-09-19 00:31:37,335 [INFO] music_app.services.cover_refresh_provider: {"action": "Apple artist lookup results", "album": "Comfortably Numb Sidebar Fixture 02", "artist": "Generated Problem Fixture", "query_artist": "Generated Problem Fixture", "result_count": 0, "top_results": []}
2026-09-19 00:31:37,337 [VERBOSE] music_app: Cover fetch processed artist='Generated Problem Fixture' album='Comfortably Numb Sidebar Fixture 02' folder='D:\\a\\_temp\\album-haven-e2e-functional-fixtures-cover-providers\\shared\\media\\Generated Problem Fixture\\Comfortably Numb Sidebar Fixture 02' downloaded=False has_cover=False
2026-09-19 00:31:37,337 [WARNING] music_app: {"action": "Cover art update failed", "album": "Comfortably Numb Sidebar Fixture 02", "artist": "Generated Problem Fixture", "elapsed_ms": 12346.56, "folder": "D:\\a\\_temp\\album-haven-e2e-functional-fixtures-cover-providers\\shared\\media\\Generated Problem Fixture\\Comfortably Numb Sidebar Fixture 02", "force_search": false, "reason": "remote_search_returned_no_candidate", "resolver_trace": [{"apple_http_trace": [{"context": "search:Generated Problem Fixture Comfortably Numb Sidebar Fixture 02 2023", "elapsed_ms": 4170.97, "status": "success:200"}, {"context": "artist-id-search:Generated Problem Fixture", "elapsed_ms": 4466.25, "status": "success:200"}, {"context": "search:Generated Problem Fixture Comfortably Numb Sidebar Fixture 02", "elapsed_ms": 2461.39, "status": "success:200"}, {"context": "artist-id-search:Generated Problem Fixture", "elapsed_ms": 1241.37, "status": "success:200"}], "elapsed_ms": 12342.64, "resolver": "_search_apple", "status": "no_candidate"}], "status": "missing_cover_art"}
2026-09-19 00:31:37,337 [INFO] music_app: {"action": "Cover fetch slow", "album": "Comfortably Numb Sidebar Fixture 02", "artist": "Generated Problem Fixture", "downloaded": false, "elapsed_ms": 12346.56, "folder": "D:\\a\\_temp\\album-haven-e2e-functional-fixtures-cover-providers\\shared\\media\\Generated Problem Fixture\\Comfortably Numb Sidebar Fixture 02", "force_search": false, "has_cover": false, "reason": "remote_search_returned_no_candidate", "resolver_trace": [{"apple_http_trace": [{"context": "search:Generated Problem Fixture Comfortably Numb Sidebar Fixture 02 2023", "elapsed_ms": 4170.97, "status": "success:200"}, {"context": "artist-id-search:Generated Problem Fixture", "elapsed_ms": 4466.25, "status": "success:200"}, {"context": "search:Generated Problem Fixture Comfortably Numb Sidebar Fixture 02", "elapsed_ms": 2461.39, "status": "success:200"}, {"context": "artist-id-search:Generated Problem Fixture", "elapsed_ms": 1241.37, "status": "success:200"}], "elapsed_ms": 12342.64, "resolver": "_search_apple", "status": "no_candidate"}]}
2026-09-19 00:31:37,469 [VERBOSE] music_app.services.cover_provider_http: Cover HTTP success service=apple context=artist-id-search:Generated Problem Fixture status=200 url=http://127.0.0.1:5302/itunes/search?term=Generated+Problem+Fixture&entity=musicArtist&limit=10 bytes=33
2026-09-19 00:31:37,469 [INFO] music_app.services.cover_refresh_provider: {"action": "Apple artist lookup results", "album": "Comfortably Numb Sidebar Fixture 03", "artist": "Generated Problem Fixture", "query_artist": "Generated Problem Fixture", "result_count": 0, "top_results": []}
2026-09-19 00:31:37,469 [VERBOSE] music_app: Cover fetch processed artist='Generated Problem Fixture' album='Comfortably Numb Sidebar Fixture 03' folder='D:\\a\\_temp\\album-haven-e2e-functional-fixtures-cover-providers\\shared\\media\\Generated Problem Fixture\\Comfortably Numb Sidebar Fixture 03' downloaded=False has_cover=False
2026-09-19 00:31:37,469 [WARNING] music_app: {"action": "Cover art update failed", "album": "Comfortably Numb Sidebar Fixture 03", "artist": "Generated Problem Fixture", "elapsed_ms": 11737.85, "folder": "D:\\a\\_temp\\album-haven-e2e-functional-fixtures-cover-providers\\shared\\media\\Generated Problem Fixture\\Comfortably Numb Sidebar Fixture 03", "force_search": false, "reason": "remote_search_returned_no_candidate", "resolver_trace": [{"apple_http_trace": [{"context": "search:Generated Problem Fixture Comfortably Numb Sidebar Fixture 03 2023", "elapsed_ms": 4991.35, "status": "success:200"}, {"context": "artist-id-search:Generated Problem Fixture", "elapsed_ms": 3710.4, "status": "success:200"}, {"context": "search:Generated Problem Fixture Comfortably Numb Sidebar Fixture 03", "elapsed_ms": 1767.28, "status": "success:200"}, {"context": "artist-id-search:Generated Problem Fixture", "elapsed_ms": 1263.72, "status": "success:200"}], "elapsed_ms": 11735.28, "resolver": "_search_apple", "status": "no_candidate"}], "status": "missing_cover_art"}
2026-09-19 00:31:37,470 [INFO] music_app: {"action": "Cover fetch slow", "album": "Comfortably Numb Sidebar Fixture 03", "artist": "Generated Problem Fixture", "downloaded": false, "elapsed_ms": 11737.85, "folder": "D:\\a\\_temp\\album-haven-e2e-functional-fixtures-cover-providers\\shared\\media\\Generated Problem Fixture\\Comfortably Numb Sidebar Fixture 03", "force_search": false, "has_cover": false, "reason": "remote_search_returned_no_candidate", "resolver_trace": [{"apple_http_trace": [{"context": "search:Generated Problem Fixture Comfortably Numb Sidebar Fixture 03 2023", "elapsed_ms": 4991.35, "status": "success:200"}, {"context": "artist-id-search:Generated Problem Fixture", "elapsed_ms": 3710.4, "status": "success:200"}, {"context": "search:Generated Problem Fixture Comfortably Numb Sidebar Fixture 03", "elapsed_ms": 1767.28, "status": "success:200"}, {"context": "artist-id-search:Generated Problem Fixture", "elapsed_ms": 1263.72, "status": "success:200"}], "elapsed_ms": 11735.28, "resolver": "_search_apple", "status": "no_candidate"}]}
2026-09-19 00:31:38,386 [VERBOSE] music_app.services.cover_provider_http: Cover HTTP success service=apple context=artist-id-search:Generated Problem Fixture status=200 url=http://127.0.0.1:5302/itunes/search?term=Generated+Problem+Fixture&entity=musicArtist&limit=10 bytes=33
2026-09-19 00:31:38,386 [INFO] music_app.services.cover_refresh_provider: {"action": "Apple artist lookup results", "album": "Comfortably Numb Sidebar Fixture 04", "artist": "Generated Problem Fixture", "query_artist": "Generated Problem Fixture", "result_count": 0, "top_results": []}
2026-09-19 00:31:38,387 [VERBOSE] music_app: Cover fetch processed artist='Generated Problem Fixture' album='Comfortably Numb Sidebar Fixture 04' folder='D:\\a\\_temp\\album-haven-e2e-functional-fixtures-cover-providers\\shared\\media\\Generated Problem Fixture\\Comfortably Numb Sidebar Fixture 04' downloaded=False has_cover=False
2026-09-19 00:31:38,387 [WARNING] music_app: {"action": "Cover art update failed", "album": "Comfortably Numb Sidebar Fixture 04", "artist": "Generated Problem Fixture", "elapsed_ms": 12178.47, "folder": "D:\\a\\_temp\\album-haven-e2e-functional-fixtures-cover-providers\\shared\\media\\Generated Problem Fixture\\Comfortably Numb Sidebar Fixture 04", "force_search": false, "reason": "remote_search_returned_no_candidate", "resolver_trace": [{"apple_http_trace": [{"context": "search:Generated Problem Fixture Comfortably Numb Sidebar Fixture 04 2023", "elapsed_ms": 6457.01, "status": "success:200"}, {"context": "artist-id-search:Generated Problem Fixture", "elapsed_ms": 3029.75, "status": "success:200"}, {"context": "search:Generated Problem Fixture Comfortably Numb Sidebar Fixture 04", "elapsed_ms": 1415.74, "status": "success:200"}, {"context": "artist-id-search:Generated Problem Fixture", "elapsed_ms": 1271.71, "status": "success:200"}], "elapsed_ms": 12176.62, "resolver": "_search_apple", "status": "no_candidate"}], "status": "missing_cover_art"}
2026-09-19 00:31:38,388 [INFO] music_app: {"action": "Cover fetch slow", "album": "Comfortably Numb Sidebar Fixture 04", "artist": "Generated Problem Fixture", "downloaded": false, "elapsed_ms": 12178.47, "folder": "D:\\a\\_temp\\album-haven-e2e-functional-fixtures-cover-providers\\shared\\media\\Generated Problem Fixture\\Comfortably Numb Sidebar Fixture 04", "force_search": false, "has_cover": false, "reason": "remote_search_returned_no_candidate", "resolver_trace": [{"apple_http_trace": [{"context": "search:Generated Problem Fixture Comfortably Numb Sidebar Fixture 04 2023", "elapsed_ms": 6457.01, "status": "success:200"}, {"context": "artist-id-search:Generated Problem Fixture", "elapsed_ms": 3029.75, "status": "success:200"}, {"context": "search:Generated Problem Fixture Comfortably Numb Sidebar Fixture 04", "elapsed_ms": 1415.74, "status": "success:200"}, {"context": "artist-id-search:Generated Problem Fixture", "elapsed_ms": 1271.71, "status": "success:200"}], "elapsed_ms": 12176.62, "resolver": "_search_apple", "status": "no_candidate"}]}
2026-09-19 00:31:38,683 [VERBOSE] music_app.services.cover_provider_http: Cover HTTP success service=apple context=search:Generated Problem Fixture Comfortably Numb Sidebar Fixture 05 2023 status=200 url=http://127.0.0.1:5302/itunes/search?term=Generated+Problem+Fixture+Comfortably+Numb+Sidebar+Fixture+05+2023&entity=album&limit=20 bytes=33
2026-09-19 00:31:38,683 [VERBOSE] music_app.services.cover_refresh_provider: Apple raw search results query='Generated Problem Fixture Comfortably Numb Sidebar Fixture 05 2023' artist='Generated Problem Fixture' album='Comfortably Numb Sidebar Fixture 05' year=2023 results=[]
2026-09-19 00:31:38,683 [VERBOSE] music_app.services.cover_refresh_provider: Apple search results query='Generated Problem Fixture Comfortably Numb Sidebar Fixture 05 2023' count=0 top=[]
2026-09-19 00:31:38,683 [INFO] music_app.services.cover_refresh_provider: {"action": "Apple cover miss", "album": "Comfortably Numb Sidebar Fixture 05", "artist": "Generated Problem Fixture", "query_mode": "artist+album+year:native", "raw_result_count": 0, "raw_results_summary": [], "top_candidates": [], "year": 2023}
2026-09-19 00:31:38,831 [VERBOSE] music_app.services.cover_provider_http: Cover HTTP success service=apple context=search:Generated Problem Fixture Comfortably Numb Sidebar Fixture 06 2023 status=200 url=http://127.0.0.1:5302/itunes/search?term=Generated+Problem+Fixture+Comfortably+Numb+Sidebar+Fixture+06+2023&entity=album&limit=20 bytes=33
2026-09-19 00:31:38,833 [VERBOSE] music_app.services.cover_refresh_provider: Apple raw search results query='Generated Problem Fixture Comfortably Numb Sidebar Fixture 06 2023' artist='Generated Problem Fixture' album='Comfortably Numb Sidebar Fixture 06' year=2023 results=[]
2026-09-19 00:31:38,833 [VERBOSE] music_app.services.cover_refresh_provider: Apple search results query='Generated Problem Fixture Comfortably Numb Sidebar Fixture 06 2023' count=0 top=[]
2026-09-19 00:31:38,833 [INFO] music_app.services.cover_refresh_provider: {"action": "Apple cover miss", "album": "Comfortably Numb Sidebar Fixture 06", "artist": "Generated Problem Fixture", "query_mode": "artist+album+year:native", "raw_result_count": 0, "raw_results_summary": [], "top_candidates": [], "year": 2023}
2026-09-19 00:31:38,974 [VERBOSE] music_app.services.cover_provider_http: Cover HTTP success service=apple context=search:Generated Problem Fixture Comfortably Numb Sidebar Fixture 07 2023 status=200 url=http://127.0.0.1:5302/itunes/search?term=Generated+Problem+Fixture+Comfortably+Numb+Sidebar+Fixture+07+2023&entity=album&limit=20 bytes=33
2026-09-19 00:31:38,975 [VERBOSE] music_app.services.cover_refresh_provider: Apple raw search results query='Generated Problem Fixture Comfortably Numb Sidebar Fixture 07 2023' artist='Generated Problem Fixture' album='Comfortably Numb Sidebar Fixture 07' year=2023 results=[]
2026-09-19 00:31:38,975 [VERBOSE] music_app.services.cover_refresh_provider: Apple search results query='Generated Problem Fixture Comfortably Numb Sidebar Fixture 07 2023' count=0 top=[]
2026-09-19 00:31:38,975 [INFO] music_app.services.cover_refresh_provider: {"action": "Apple cover miss", "album": "Comfortably Numb Sidebar Fixture 07", "artist": "Generated Problem Fixture", "query_mode": "artist+album+year:native", "raw_result_count": 0, "raw_results_summary": [], "top_candidates": [], "year": 2023}
2026-09-19 00:31:40,025 [VERBOSE] music_app.services.cover_provider_http: Cover HTTP success service=apple context=search:Generated Problem Fixture Comfortably Numb Sidebar Fixture 08 2023 status=200 url=http://127.0.0.1:5302/itunes/search?term=Generated+Problem+Fixture+Comfortably+Numb+Sidebar+Fixture+08+2023&entity=album&limit=20 bytes=33
2026-09-19 00:31:40,025 [VERBOSE] music_app.services.cover_refresh_provider: Apple raw search results query='Generated Problem Fixture Comfortably Numb Sidebar Fixture 08 2023' artist='Generated Problem Fixture' album='Comfortably Numb Sidebar Fixture 08' year=2023 results=[]
2026-09-19 00:31:40,026 [VERBOSE] music_app.services.cover_refresh_provider: Apple search results query='Generated Problem Fixture Comfortably Numb Sidebar Fixture 08 2023' count=0 top=[]
2026-09-19 00:31:40,026 [INFO] music_app.services.cover_refresh_provider: {"action": "Apple cover miss", "album": "Comfortably Numb Sidebar Fixture 08", "artist": "Generated Problem Fixture", "query_mode": "artist+album+year:native", "raw_result_count": 0, "raw_results_summary": [], "top_candidates": [], "year": 2023}
2026-09-19 00:31:40,137 [VERBOSE] music_app.services.cover_provider_http: Cover HTTP success service=apple context=artist-id-search:Generated Problem Fixture status=200 url=http://127.0.0.1:5302/itunes/search?term=Generated+Problem+Fixture&entity=musicArtist&limit=10 bytes=33
2026-09-19 00:31:40,139 [INFO] music_app.services.cover_refresh_provider: {"action": "Apple artist lookup results", "album": "Comfortably Numb Sidebar Fixture 05", "artist": "Generated Problem Fixture", "query_artist": "Generated Problem Fixture", "result_count": 0, "top_results": []}
2026-09-19 00:31:40,306 [VERBOSE] music_app.services.cover_provider_http: Cover HTTP success service=apple context=artist-id-search:Generated Problem Fixture status=200 url=http://127.0.0.1:5302/itunes/search?term=Generated+Problem+Fixture&entity=musicArtist&limit=10 bytes=33
2026-09-19 00:31:40,306 [INFO] music_app.services.cover_refresh_provider: {"action": "Apple artist lookup results", "album": "Comfortably Numb Sidebar Fixture 06", "artist": "Generated Problem Fixture", "query_artist": "Generated Problem Fixture", "result_count": 0, "top_results": []}
2026-09-19 00:31:40,466 [VERBOSE] music_app.services.cover_provider_http: Cover HTTP success service=apple context=artist-id-search:Generated Problem Fixture status=200 url=http://127.0.0.1:5302/itunes/search?term=Generated+Problem+Fixture&entity=musicArtist&limit=10 bytes=33
2026-09-19 00:31:40,466 [INFO] music_app.services.cover_refresh_provider: {"action": "Apple artist lookup results", "album": "Comfortably Numb Sidebar Fixture 07", "artist": "Generated Problem Fixture", "query_artist": "Generated Problem Fixture", "result_count": 0, "top_results": []}
2026-09-19 00:31:41,410 [VERBOSE] music_app.services.cover_provider_http: Cover HTTP success service=apple context=search:Generated Problem Fixture Comfortably Numb Sidebar Fixture 05 status=200 url=http://127.0.0.1:5302/itunes/search?term=Generated+Problem+Fixture+Comfortably+Numb+Sidebar+Fixture+05&entity=album&limit=20 bytes=33
2026-09-19 00:31:41,410 [VERBOSE] music_app.services.cover_refresh_provider: Apple raw search results query='Generated Problem Fixture Comfortably Numb Sidebar Fixture 05' artist='Generated Problem Fixture' album='Comfortably Numb Sidebar Fixture 05' year=2023 results=[]
2026-09-19 00:31:41,410 [VERBOSE] music_app.services.cover_refresh_provider: Apple search results query='Generated Problem Fixture Comfortably Numb Sidebar Fixture 05' count=0 top=[]
2026-09-19 00:31:41,411 [INFO] music_app.services.cover_refresh_provider: {"action": "Apple cover miss", "album": "Comfortably Numb Sidebar Fixture 05", "artist": "Generated Problem Fixture", "query_mode": "artist+album:native", "raw_result_count": 0, "raw_results_summary": [], "top_candidates": [], "year": 2023}
2026-09-19 00:31:41,713 [VERBOSE] music_app.services.cover_provider_http: Cover HTTP success service=apple context=artist-id-search:Generated Problem Fixture status=200 url=http://127.0.0.1:5302/itunes/search?term=Generated+Problem+Fixture&entity=musicArtist&limit=10 bytes=33
2026-09-19 00:31:41,714 [INFO] music_app.services.cover_refresh_provider: {"action": "Apple artist lookup results", "album": "Comfortably Numb Sidebar Fixture 08", "artist": "Generated Problem Fixture", "query_artist": "Generated Problem Fixture", "result_count": 0, "top_results": []}
2026-09-19 00:31:41,791 [VERBOSE] music_app.services.cover_provider_http: Cover HTTP success service=apple context=search:Generated Problem Fixture Comfortably Numb Sidebar Fixture 06 status=200 url=http://127.0.0.1:5302/itunes/search?term=Generated+Problem+Fixture+Comfortably+Numb+Sidebar+Fixture+06&entity=album&limit=20 bytes=33
2026-09-19 00:31:41,791 [VERBOSE] music_app.services.cover_refresh_provider: Apple raw search results query='Generated Problem Fixture Comfortably Numb Sidebar Fixture 06' artist='Generated Problem Fixture' album='Comfortably Numb Sidebar Fixture 06' year=2023 results=[]
2026-09-19 00:31:41,791 [VERBOSE] music_app.services.cover_refresh_provider: Apple search results query='Generated Problem Fixture Comfortably Numb Sidebar Fixture 06' count=0 top=[]
2026-09-19 00:31:41,791 [INFO] music_app.services.cover_refresh_provider: {"action": "Apple cover miss", "album": "Comfortably Numb Sidebar Fixture 06", "artist": "Generated Problem Fixture", "query_mode": "artist+album:native", "raw_result_count": 0, "raw_results_summary": [], "top_candidates": [], "year": 2023}
2026-09-19 00:31:42,085 [VERBOSE] music_app.services.cover_provider_http: Cover HTTP success service=apple context=search:Generated Problem Fixture Comfortably Numb Sidebar Fixture 07 status=200 url=http://127.0.0.1:5302/itunes/search?term=Generated+Problem+Fixture+Comfortably+Numb+Sidebar+Fixture+07&entity=album&limit=20 bytes=33
2026-09-19 00:31:42,085 [VERBOSE] music_app.services.cover_refresh_provider: Apple raw search results query='Generated Problem Fixture Comfortably Numb Sidebar Fixture 07' artist='Generated Problem Fixture' album='Comfortably Numb Sidebar Fixture 07' year=2023 results=[]
2026-09-19 00:31:42,085 [VERBOSE] music_app.services.cover_refresh_provider: Apple search results query='Generated Problem Fixture Comfortably Numb Sidebar Fixture 07' count=0 top=[]
2026-09-19 00:31:42,085 [INFO] music_app.services.cover_refresh_provider: {"action": "Apple cover miss", "album": "Comfortably Numb Sidebar Fixture 07", "artist": "Generated Problem Fixture", "query_mode": "artist+album:native", "raw_result_count": 0, "raw_results_summary": [], "top_candidates": [], "year": 2023}
2026-09-19 00:31:43,126 [VERBOSE] music_app.services.cover_provider_http: Cover HTTP success service=apple context=artist-id-search:Generated Problem Fixture status=200 url=http://127.0.0.1:5302/itunes/search?term=Generated+Problem+Fixture&entity=musicArtist&limit=10 bytes=33
2026-09-19 00:31:43,126 [INFO] music_app.services.cover_refresh_provider: {"action": "Apple artist lookup results", "album": "Comfortably Numb Sidebar Fixture 05", "artist": "Generated Problem Fixture", "query_artist": "Generated Problem Fixture", "result_count": 0, "top_results": []}
2026-09-19 00:31:43,133 [VERBOSE] music_app: Cover fetch processed artist='Generated Problem Fixture' album='Comfortably Numb Sidebar Fixture 05' folder='D:\\a\\_temp\\album-haven-e2e-functional-fixtures-cover-providers\\shared\\media\\Generated Problem Fixture\\Comfortably Numb Sidebar Fixture 05' downloaded=False has_cover=False
2026-09-19 00:31:43,133 [WARNING] music_app: {"action": "Cover art update failed", "album": "Comfortably Numb Sidebar Fixture 05", "artist": "Generated Problem Fixture", "elapsed_ms": 5865.19, "folder": "D:\\a\\_temp\\album-haven-e2e-functional-fixtures-cover-providers\\shared\\media\\Generated Problem Fixture\\Comfortably Numb Sidebar Fixture 05", "force_search": false, "reason": "remote_search_returned_no_candidate", "resolver_trace": [{"apple_http_trace": [{"context": "search:Generated Problem Fixture Comfortably Numb Sidebar Fixture 05 2023", "elapsed_ms": 1417.72, "status": "success:200"}, {"context": "artist-id-search:Generated Problem Fixture", "elapsed_ms": 1455.05, "status": "success:200"}, {"context": "search:Generated Problem Fixture Comfortably Numb Sidebar Fixture 05", "elapsed_ms": 1271.37, "status": "success:200"}, {"context": "artist-id-search:Generated Problem Fixture", "elapsed_ms": 1715.21, "status": "success:200"}], "elapsed_ms": 5862.01, "resolver": "_search_apple", "status": "no_candidate"}], "status": "missing_cover_art"}
2026-09-19 00:31:43,239 [VERBOSE] music_app.services.cover_provider_http: Cover HTTP success service=apple context=artist-id-search:Generated Problem Fixture status=200 url=http://127.0.0.1:5302/itunes/search?term=Generated+Problem+Fixture&entity=musicArtist&limit=10 bytes=33
2026-09-19 00:31:43,239 [INFO] music_app.services.cover_refresh_provider: {"action": "Apple artist lookup results", "album": "Comfortably Numb Sidebar Fixture 06", "artist": "Generated Problem Fixture", "query_artist": "Generated Problem Fixture", "result_count": 0, "top_results": []}
2026-09-19 00:31:43,247 [VERBOSE] music_app: Cover fetch processed artist='Generated Problem Fixture' album='Comfortably Numb Sidebar Fixture 06' folder='D:\\a\\_temp\\album-haven-e2e-functional-fixtures-cover-providers\\shared\\media\\Generated Problem Fixture\\Comfortably Numb Sidebar Fixture 06' downloaded=False has_cover=False
2026-09-19 00:31:43,247 [WARNING] music_app: {"action": "Cover art update failed", "album": "Comfortably Numb Sidebar Fixture 06", "artist": "Generated Problem Fixture", "elapsed_ms": 5902.31, "folder": "D:\\a\\_temp\\album-haven-e2e-functional-fixtures-cover-providers\\shared\\media\\Generated Problem Fixture\\Comfortably Numb Sidebar Fixture 06", "force_search": false, "reason": "remote_search_returned_no_candidate", "resolver_trace": [{"apple_http_trace": [{"context": "search:Generated Problem Fixture Comfortably Numb Sidebar Fixture 06 2023", "elapsed_ms": 1490.51, "status": "success:200"}, {"context": "artist-id-search:Generated Problem Fixture", "elapsed_ms": 1472.88, "status": "success:200"}, {"context": "search:Generated Problem Fixture Comfortably Numb Sidebar Fixture 06", "elapsed_ms": 1484.86, "status": "success:200"}, {"context": "artist-id-search:Generated Problem Fixture", "elapsed_ms": 1446.52, "status": "success:200"}], "elapsed_ms": 5899.21, "resolver": "_search_apple", "status": "no_candidate"}], "status": "missing_cover_art"}
2026-09-19 00:31:43,377 [VERBOSE] music_app.services.cover_provider_http: Cover HTTP success service=apple context=search:Generated Problem Fixture Comfortably Numb Sidebar Fixture 08 status=200 url=http://127.0.0.1:5302/itunes/search?term=Generated+Problem+Fixture+Comfortably+Numb+Sidebar+Fixture+08&entity=album&limit=20 bytes=33
2026-09-19 00:31:43,377 [VERBOSE] music_app.services.cover_refresh_provider: Apple raw search results query='Generated Problem Fixture Comfortably Numb Sidebar Fixture 08' artist='Generated Problem Fixture' album='Comfortably Numb Sidebar Fixture 08' year=2023 results=[]
2026-09-19 00:31:43,377 [VERBOSE] music_app.services.cover_refresh_provider: Apple search results query='Generated Problem Fixture Comfortably Numb Sidebar Fixture 08' count=0 top=[]
2026-09-19 00:31:43,377 [INFO] music_app.services.cover_refresh_provider: {"action": "Apple cover miss", "album": "Comfortably Numb Sidebar Fixture 08", "artist": "Generated Problem Fixture", "query_mode": "artist+album:native", "raw_result_count": 0, "raw_results_summary": [], "top_candidates": [], "year": 2023}
2026-09-19 00:31:43,500 [VERBOSE] music_app.services.cover_provider_http: Cover HTTP success service=apple context=artist-id-search:Generated Problem Fixture status=200 url=http://127.0.0.1:5302/itunes/search?term=Generated+Problem+Fixture&entity=musicArtist&limit=10 bytes=33
2026-09-19 00:31:43,502 [INFO] music_app.services.cover_refresh_provider: {"action": "Apple artist lookup results", "album": "Comfortably Numb Sidebar Fixture 07", "artist": "Generated Problem Fixture", "query_artist": "Generated Problem Fixture", "result_count": 0, "top_results": []}
2026-09-19 00:31:43,502 [VERBOSE] music_app: Cover fetch processed artist='Generated Problem Fixture' album='Comfortably Numb Sidebar Fixture 07' folder='D:\\a\\_temp\\album-haven-e2e-functional-fixtures-cover-providers\\shared\\media\\Generated Problem Fixture\\Comfortably Numb Sidebar Fixture 07' downloaded=False has_cover=False
2026-09-19 00:31:43,502 [WARNING] music_app: {"action": "Cover art update failed", "album": "Comfortably Numb Sidebar Fixture 07", "artist": "Generated Problem Fixture", "elapsed_ms": 6032.29, "folder": "D:\\a\\_temp\\album-haven-e2e-functional-fixtures-cover-providers\\shared\\media\\Generated Problem Fixture\\Comfortably Numb Sidebar Fixture 07", "force_search": false, "reason": "remote_search_returned_no_candidate", "resolver_trace": [{"apple_http_trace": [{"context": "search:Generated Problem Fixture Comfortably Numb Sidebar Fixture 07 2023", "elapsed_ms": 1502.17, "status": "success:200"}, {"context": "artist-id-search:Generated Problem Fixture", "elapsed_ms": 1491.82, "status": "success:200"}, {"context": "search:Generated Problem Fixture Comfortably Numb Sidebar Fixture 07", "elapsed_ms": 1617.72, "status": "success:200"}, {"context": "artist-id-search:Generated Problem Fixture", "elapsed_ms": 1415.3, "status": "success:200"}], "elapsed_ms": 6029.44, "resolver": "_search_apple", "status": "no_candidate"}], "status": "missing_cover_art"}
2026-09-19 00:31:44,433 [VERBOSE] music_app.services.cover_provider_http: Cover HTTP success service=apple context=search:Generated Problem Fixture Encoding And Missing Metadata status=200 url=http://127.0.0.1:5302/itunes/search?term=Generated+Problem+Fixture+Encoding+And+Missing+Metadata&entity=album&limit=20 bytes=33
2026-09-19 00:31:44,433 [VERBOSE] music_app.services.cover_refresh_provider: Apple raw search results query='Generated Problem Fixture Encoding And Missing Metadata' artist='Generated Problem Fixture' album='Encoding And Missing Metadata' year=None results=[]
2026-09-19 00:31:44,433 [VERBOSE] music_app.services.cover_refresh_provider: Apple search results query='Generated Problem Fixture Encoding And Missing Metadata' count=0 top=[]
2026-09-19 00:31:44,433 [INFO] music_app.services.cover_refresh_provider: {"action": "Apple cover miss", "album": "Encoding And Missing Metadata", "artist": "Generated Problem Fixture", "query_mode": "artist+album:native", "raw_result_count": 0, "raw_results_summary": [], "top_candidates": [], "year": ""}
2026-09-19 00:31:44,509 [VERBOSE] music_app.services.cover_provider_http: Cover HTTP success service=apple context=search:Mastodon Crack The Skye Fixture 07 2009 status=200 url=http://127.0.0.1:5302/itunes/search?term=Mastodon+Crack+The+Skye+Fixture+07+2009&entity=album&limit=20 bytes=33
2026-09-19 00:31:44,509 [VERBOSE] music_app.services.cover_refresh_provider: Apple raw search results query='Mastodon Crack The Skye Fixture 07 2009' artist='Mastodon' album='Crack The Skye Fixture 07' year=2009 results=[]
2026-09-19 00:31:44,509 [VERBOSE] music_app.services.cover_refresh_provider: Apple search results query='Mastodon Crack The Skye Fixture 07 2009' count=0 top=[]
2026-09-19 00:31:44,509 [INFO] music_app.services.cover_refresh_provider: {"action": "Apple cover miss", "album": "Crack The Skye Fixture 07", "artist": "Mastodon", "query_mode": "artist+album+year:native", "raw_result_count": 0, "raw_results_summary": [], "top_candidates": [], "year": 2009}
2026-09-19 00:31:44,625 [VERBOSE] music_app.services.cover_provider_http: Cover HTTP success service=apple context=artist-id-search:Generated Problem Fixture status=200 url=http://127.0.0.1:5302/itunes/search?term=Generated+Problem+Fixture&entity=musicArtist&limit=10 bytes=33
2026-09-19 00:31:44,627 [INFO] music_app.services.cover_refresh_provider: {"action": "Apple artist lookup results", "album": "Comfortably Numb Sidebar Fixture 08", "artist": "Generated Problem Fixture", "query_artist": "Generated Problem Fixture", "result_count": 0, "top_results": []}
2026-09-19 00:31:44,627 [VERBOSE] music_app: Cover fetch processed artist='Generated Problem Fixture' album='Comfortably Numb Sidebar Fixture 08' folder='D:\\a\\_temp\\album-haven-e2e-functional-fixtures-cover-providers\\shared\\media\\Generated Problem Fixture\\Comfortably Numb Sidebar Fixture 08' downloaded=False has_cover=False
2026-09-19 00:31:44,627 [WARNING] music_app: {"action": "Cover art update failed", "album": "Comfortably Numb Sidebar Fixture 08", "artist": "Generated Problem Fixture", "elapsed_ms": 6239.98, "folder": "D:\\a\\_temp\\album-haven-e2e-functional-fixtures-cover-providers\\shared\\media\\Generated Problem Fixture\\Comfortably Numb Sidebar Fixture 08", "force_search": false, "reason": "remote_search_returned_no_candidate", "resolver_trace": [{"apple_http_trace": [{"context": "search:Generated Problem Fixture Comfortably Numb Sidebar Fixture 08 2023", "elapsed_ms": 1635.01, "status": "success:200"}, {"context": "artist-id-search:Generated Problem Fixture", "elapsed_ms": 1687.3, "status": "success:200"}, {"context": "search:Generated Problem Fixture Comfortably Numb Sidebar Fixture 08", "elapsed_ms": 1663.68, "status": "success:200"}, {"context": "artist-id-search:Generated Problem Fixture", "elapsed_ms": 1248.15, "status": "success:200"}], "elapsed_ms": 6236.85, "resolver": "_search_apple", "status": "no_candidate"}], "status": "missing_cover_art"}
2026-09-19 00:31:44,936 [VERBOSE] music_app.services.cover_provider_http: Cover HTTP success service=apple context=search:Mastodon Crack The Skye Fixture 08 2009 status=200 url=http://127.0.0.1:5302/itunes/search?term=Mastodon+Crack+The+Skye+Fixture+08+2009&entity=album&limit=20 bytes=548
2026-09-19 00:31:44,948 [VERBOSE] music_app.services.cover_refresh_provider: Apple raw search results query='Mastodon Crack The Skye Fixture 08 2009' artist='Mastodon' album='Crack The Skye Fixture 08' year=2009 results=[{'wrapperType': 'collection', 'collectionType': 'Album', 'artistId': 915780, 'collectionId': 388540, 'artistName': 'Mastodon', 'collectionName': 'Crack The Skye Fixture 08', 'collectionViewUrl': 'http://cover-fixture.example:5302/apple/album/automatic-candidate-primary', 'artistViewUrl': 'http://cover-fixture.example:5302/apple/artist/automatic-candidate-primary', 'artworkUrl100': 'http://cover-fixture.example:5302/apple/artwork/automatic-candidate-primary/100x100bb.jpg', 'releaseDate': '2009-01-01T00:00:00Z'}]
2026-09-19 00:31:45,877 [VERBOSE] music_app.services.cover_provider_http: Cover HTTP success service=apple context=artist-id-search:Generated Problem Fixture status=200 url=http://127.0.0.1:5302/itunes/search?term=Generated+Problem+Fixture&entity=musicArtist&limit=10 bytes=33
2026-09-19 00:31:45,877 [INFO] music_app.services.cover_refresh_provider: {"action": "Apple artist lookup results", "album": "Encoding And Missing Metadata", "artist": "Generated Problem Fixture", "query_artist": "Generated Problem Fixture", "result_count": 0, "top_results": []}
2026-09-19 00:31:45,877 [VERBOSE] music_app: Cover fetch processed artist='Generated Problem Fixture' album='Encoding And Missing Metadata' folder='D:\\a\\_temp\\album-haven-e2e-functional-fixtures-cover-providers\\shared\\media\\Generated Problem Fixture\\Encoding And Missing Metadata' downloaded=False has_cover=False
2026-09-19 00:31:45,877 [WARNING] music_app: {"action": "Cover art update failed", "album": "Encoding And Missing Metadata", "artist": "Generated Problem Fixture", "elapsed_ms": 2751.59, "folder": "D:\\a\\_temp\\album-haven-e2e-functional-fixtures-cover-providers\\shared\\media\\Generated Problem Fixture\\Encoding And Missing Metadata", "force_search": false, "reason": "remote_search_returned_no_candidate", "resolver_trace": [{"apple_http_trace": [{"context": "search:Generated Problem Fixture Encoding And Missing Metadata", "elapsed_ms": 1304.39, "status": "success:200"}, {"context": "artist-id-search:Generated Problem Fixture", "elapsed_ms": 1442.99, "status": "success:200"}], "elapsed_ms": 2749.12, "resolver": "_search_apple", "status": "no_candidate"}], "status": "missing_cover_art"}
2026-09-19 00:31:45,963 [VERBOSE] music_app.services.cover_provider_http: Cover HTTP success service=apple context=artist-id-search:Mastodon status=200 url=http://127.0.0.1:5302/itunes/search?term=Mastodon&entity=musicArtist&limit=10 bytes=33
2026-09-19 00:31:45,963 [INFO] music_app.services.cover_refresh_provider: {"action": "Apple artist lookup results", "album": "Crack The Skye Fixture 07", "artist": "Mastodon", "query_artist": "Mastodon", "result_count": 0, "top_results": []}
2026-09-19 00:31:46,168 [VERBOSE] music_app.services.cover_provider_http: Cover HTTP success service=apple context=search:Mastodon Crack The Skye Fixture 09 2009 status=200 url=http://127.0.0.1:5302/itunes/search?term=Mastodon+Crack+The+Skye+Fixture+09+2009&entity=album&limit=20 bytes=548
2026-09-19 00:31:46,168 [VERBOSE] music_app.services.cover_refresh_provider: Apple raw search results query='Mastodon Crack The Skye Fixture 09 2009' artist='Mastodon' album='Crack The Skye Fixture 09' year=2009 results=[{'wrapperType': 'collection', 'collectionType': 'Album', 'artistId': 915780, 'collectionId': 168938, 'artistName': 'Mastodon', 'collectionName': 'Crack The Skye Fixture 09', 'collectionViewUrl': 'http://cover-fixture.example:5302/apple/album/automatic-coverless-neutral', 'artistViewUrl': 'http://cover-fixture.example:5302/apple/artist/automatic-coverless-neutral', 'artworkUrl100': 'http://cover-fixture.example:5302/apple/artwork/automatic-coverless-neutral/100x100bb.jpg', 'releaseDate': '2009-01-01T00:00:00Z'}]
2026-09-19 00:31:46,411 [VERBOSE] music_app.services.cover_provider_http: Cover HTTP success service=apple context=probe:api-sufficiency:Mastodon - Crack The Skye Fixture 08 status=200 url=http://cover-fixture.example:5302/apple/artwork/automatic-candidate-primary/9999x9999-100.jpg bytes=1712782
2026-09-19 00:31:47,727 [VERBOSE] music_app.services.cover_provider_http: Cover HTTP success service=apple context=search:Mastodon Crack The Skye Fixture 07 status=200 url=http://127.0.0.1:5302/itunes/search?term=Mastodon+Crack+The+Skye+Fixture+07&entity=album&limit=20 bytes=33
2026-09-19 00:31:47,727 [VERBOSE] music_app.services.cover_refresh_provider: Apple raw search results query='Mastodon Crack The Skye Fixture 07' artist='Mastodon' album='Crack The Skye Fixture 07' year=2009 results=[]
2026-09-19 00:31:47,727 [VERBOSE] music_app.services.cover_refresh_provider: Apple search results query='Mastodon Crack The Skye Fixture 07' count=0 top=[]
2026-09-19 00:31:47,727 [INFO] music_app.services.cover_refresh_provider: {"action": "Apple cover miss", "album": "Crack The Skye Fixture 07", "artist": "Mastodon", "query_mode": "artist+album:native", "raw_result_count": 0, "raw_results_summary": [], "top_candidates": [], "year": 2009}
2026-09-19 00:31:47,950 [VERBOSE] music_app.services.cover_provider_http: Cover HTTP success service=apple context=search:Mastodon Crack The Skye Fixture 10 2009 status=200 url=http://127.0.0.1:5302/itunes/search?term=Mastodon+Crack+The+Skye+Fixture+10+2009&entity=album&limit=20 bytes=33
2026-09-19 00:31:47,950 [VERBOSE] music_app.services.cover_refresh_provider: Apple raw search results query='Mastodon Crack The Skye Fixture 10 2009' artist='Mastodon' album='Crack The Skye Fixture 10' year=2009 results=[]
2026-09-19 00:31:47,950 [VERBOSE] music_app.services.cover_refresh_provider: Apple search results query='Mastodon Crack The Skye Fixture 10 2009' count=0 top=[]
2026-09-19 00:31:47,950 [INFO] music_app.services.cover_refresh_provider: {"action": "Apple cover miss", "album": "Crack The Skye Fixture 10", "artist": "Mastodon", "query_mode": "artist+album+year:native", "raw_result_count": 0, "raw_results_summary": [], "top_candidates": [], "year": 2009}
2026-09-19 00:31:48,280 [VERBOSE] music_app.services.cover_provider_http: Cover HTTP success service=apple context=probe:api-sufficiency:Mastodon - Crack The Skye Fixture 09 status=200 url=http://cover-fixture.example:5302/apple/artwork/automatic-coverless-neutral/9999x9999-100.jpg bytes=128319
2026-09-19 00:31:48,511 [VERBOSE] music_app.services.cover_provider_http: Cover HTTP success service=apple context=album-page:http://cover-fixture.example:5302/apple/album/automatic-candidate-primary status=200 url=http://cover-fixture.example:5302/apple/album/automatic-candidate-primary bytes=746
2026-09-19 00:31:48,513 [VERBOSE] music_app.services.cover_refresh_provider: Apple page artwork candidates page=http://cover-fixture.example:5302/apple/album/automatic-candidate-primary count=1 candidates=['http://cover-fixture.example:5302/apple/artwork/automatic-candidate-primary/9999x9999bb-100.jpg']
2026-09-19 00:31:48,513 [VERBOSE] music_app.services.cover_refresh_provider: Apple search results query='Mastodon Crack The Skye Fixture 08 2009' count=1 top=[{'score': 1.59, 'artist': 'Mastodon', 'album': 'Crack The Skye Fixture 08', 'year': 2009}]
2026-09-19 00:31:48,513 [VERBOSE] music_app.services.cover_refresh_provider: Cover candidate probe start source=apple artist='Mastodon' album='Crack The Skye Fixture 08' year=2009 query_mode=artist+album+year:native best_score=1.5900 cutoff=1.4300 contenders=[{'score': 1.59, 'url': 'http://cover-fixture.example:5302/apple/artwork/automatic-candidate-primary/9999x9999-100.jpg'}]
2026-09-19 00:31:49,232 [VERBOSE] music_app.services.cover_provider_http: Cover HTTP success service=apple context=artist-id-search:Mastodon status=200 url=http://127.0.0.1:5302/itunes/search?term=Mastodon&entity=musicArtist&limit=10 bytes=33
2026-09-19 00:31:49,232 [INFO] music_app.services.cover_refresh_provider: {"action": "Apple artist lookup results", "album": "Crack The Skye Fixture 07", "artist": "Mastodon", "query_artist": "Mastodon", "result_count": 0, "top_results": []}
2026-09-19 00:31:49,232 [VERBOSE] music_app: Cover fetch processed artist='Mastodon' album='Crack The Skye Fixture 07' folder='D:\\a\\_temp\\album-haven-e2e-functional-fixtures-cover-providers\\shared\\media\\Mastodon\\Crack The Skye Fixture 07' downloaded=False has_cover=False
2026-09-19 00:31:49,232 [WARNING] music_app: {"action": "Cover art update failed", "album": "Crack The Skye Fixture 07", "artist": "Mastodon", "elapsed_ms": 5993.18, "folder": "D:\\a\\_temp\\album-haven-e2e-functional-fixtures-cover-providers\\shared\\media\\Mastodon\\Crack The Skye Fixture 07", "force_search": false, "reason": "remote_search_returned_no_candidate", "resolver_trace": [{"apple_http_trace": [{"context": "search:Mastodon Crack The Skye Fixture 07 2009", "elapsed_ms": 1267.19, "status": "success:200"}, {"context": "artist-id-search:Mastodon", "elapsed_ms": 1453.44, "status": "success:200"}, {"context": "search:Mastodon Crack The Skye Fixture 07", "elapsed_ms": 1763.86, "status": "success:200"}, {"context": "artist-id-search:Mastodon", "elapsed_ms": 1503.92, "status": "success:200"}], "elapsed_ms": 5990.61, "resolver": "_search_apple", "status": "no_candidate"}], "status": "missing_cover_art"}
2026-09-19 00:31:49,306 [VERBOSE] music_app.services.cover_provider_http: Cover HTTP success service=apple context=artist-id-search:Mastodon status=200 url=http://127.0.0.1:5302/itunes/search?term=Mastodon&entity=musicArtist&limit=10 bytes=33
2026-09-19 00:31:49,306 [INFO] music_app.services.cover_refresh_provider: {"action": "Apple artist lookup results", "album": "Crack The Skye Fixture 10", "artist": "Mastodon", "query_artist": "Mastodon", "result_count": 0, "top_results": []}
2026-09-19 00:31:49,766 [VERBOSE] music_app.services.cover_provider_http: Cover HTTP success service=apple context=probe:artist+album+year:native:Mastodon - Crack The Skye Fixture 08 status=200 url=http://cover-fixture.example:5302/apple/artwork/automatic-candidate-primary/9999x9999-100.jpg bytes=1712782
2026-09-19 00:31:49,916 [VERBOSE] music_app.services.cover_refresh_provider: Cover candidate probe result source=apple artist='Mastodon' album='Crack The Skye Fixture 08' year=2009 result={'score': 1.59, 'width': 1800, 'height': 1800, 'area': 3240000, 'sharpness': 13.911, 'album': 'Crack The Skye Fixture 08', 'artist': 'Mastodon', 'url': 'http://cover-fixture.example:5302/apple/artwork/automatic-candidate-primary/9999x9999-100.jpg', 'year': 2009, 'variant': 'api-artwork', 'album_url': 'http://cover-fixture.example:5302/apple/album/automatic-candidate-primary'}
2026-09-19 00:31:49,916 [VERBOSE] music_app.services.cover_refresh_provider: Cover candidate selected source=apple artist='Mastodon' album='Crack The Skye Fixture 08' year=2009 query_mode=artist+album+year:native score=1.5900 width=1800 height=1800 url=http://cover-fixture.example:5302/apple/artwork/automatic-candidate-primary/9999x9999-100.jpg
2026-09-19 00:31:49,923 [VERBOSE] music_app.services.cover_provider_http: Cover HTTP success service=apple context=album-page:http://cover-fixture.example:5302/apple/album/automatic-coverless-neutral status=200 url=http://cover-fixture.example:5302/apple/album/automatic-coverless-neutral bytes=746
2026-09-19 00:31:49,924 [VERBOSE] music_app.services.cover_refresh_provider: Apple page artwork candidates page=http://cover-fixture.example:5302/apple/album/automatic-coverless-neutral count=1 candidates=['http://cover-fixture.example:5302/apple/artwork/automatic-coverless-neutral/9999x9999bb-100.jpg']
2026-09-19 00:31:49,924 [VERBOSE] music_app.services.cover_refresh_provider: Apple search results query='Mastodon Crack The Skye Fixture 09 2009' count=1 top=[{'score': 1.59, 'artist': 'Mastodon', 'album': 'Crack The Skye Fixture 09', 'year': 2009}]
2026-09-19 00:31:49,924 [VERBOSE] music_app.services.cover_refresh_provider: Cover candidate probe start source=apple artist='Mastodon' album='Crack The Skye Fixture 09' year=2009 query_mode=artist+album+year:native best_score=1.5900 cutoff=1.4300 contenders=[{'score': 1.59, 'url': 'http://cover-fixture.example:5302/apple/artwork/automatic-coverless-neutral/9999x9999-100.jpg'}]
2026-09-19 00:31:50,173 [VERBOSE] music_app.services.cover_refresh_provider: Cover fetch candidate ready folder='D:\\a\\_temp\\album-haven-e2e-functional-fixtures-cover-providers\\shared\\media\\Mastodon\\Crack The Skye Fixture 08' artist='Mastodon' album='Crack The Skye Fixture 08' year=2009 source=apple width=1800 height=1800 remote_area=3240000 local_area=0 remote_sharpness=13.9110 local_sharpness=0.0000
2026-09-19 00:31:50,509 [VERBOSE] music_app.services.cover_provider_http: Cover HTTP success service=apple context=search:Neal Morse Neal Morse Plays Pink Floyd 2023 status=200 url=http://127.0.0.1:5302/itunes/search?term=Neal+Morse+Neal+Morse+Plays+Pink+Floyd+2023&entity=album&limit=20 bytes=33
2026-09-19 00:31:50,509 [VERBOSE] music_app.services.cover_refresh_provider: Apple raw search results query='Neal Morse Neal Morse Plays Pink Floyd 2023' artist='Neal Morse' album='Neal Morse Plays Pink Floyd' year=2023 results=[]
2026-09-19 00:31:50,509 [VERBOSE] music_app.services.cover_refresh_provider: Apple search results query='Neal Morse Neal Morse Plays Pink Floyd 2023' count=0 top=[]
2026-09-19 00:31:50,509 [INFO] music_app.services.cover_refresh_provider: {"action": "Apple cover miss", "album": "Neal Morse Plays Pink Floyd", "artist": "Neal Morse", "query_mode": "artist+album+year:native", "raw_result_count": 0, "raw_results_summary": [], "top_candidates": [], "year": 2023}
2026-09-19 00:31:50,732 [VERBOSE] music_app: Cover fetch processed artist='Mastodon' album='Crack The Skye Fixture 08' folder='D:\\a\\_temp\\album-haven-e2e-functional-fixtures-cover-providers\\shared\\media\\Mastodon\\Crack The Skye Fixture 08' downloaded=True has_cover=True
2026-09-19 00:31:50,744 [VERBOSE] music_app.services.cover_provider_http: Cover HTTP success service=apple context=search:Mastodon Crack The Skye Fixture 10 status=200 url=http://127.0.0.1:5302/itunes/search?term=Mastodon+Crack+The+Skye+Fixture+10&entity=album&limit=20 bytes=33
2026-09-19 00:31:50,745 [VERBOSE] music_app.services.cover_refresh_provider: Apple raw search results query='Mastodon Crack The Skye Fixture 10' artist='Mastodon' album='Crack The Skye Fixture 10' year=2009 results=[]
2026-09-19 00:31:50,745 [VERBOSE] music_app.services.cover_refresh_provider: Apple search results query='Mastodon Crack The Skye Fixture 10' count=0 top=[]
2026-09-19 00:31:50,745 [INFO] music_app.services.cover_refresh_provider: {"action": "Apple cover miss", "album": "Crack The Skye Fixture 10", "artist": "Mastodon", "query_mode": "artist+album:native", "raw_result_count": 0, "raw_results_summary": [], "top_candidates": [], "year": 2009}
2026-09-19 00:31:51,561 [VERBOSE] music_app.services.cover_provider_http: Cover HTTP success service=apple context=probe:artist+album+year:native:Mastodon - Crack The Skye Fixture 09 status=200 url=http://cover-fixture.example:5302/apple/artwork/automatic-coverless-neutral/9999x9999-100.jpg bytes=128319
2026-09-19 00:31:51,653 [VERBOSE] music_app.services.cover_refresh_provider: Cover candidate probe result source=apple artist='Mastodon' album='Crack The Skye Fixture 09' year=2009 result={'score': 1.59, 'width': 600, 'height': 600, 'area': 360000, 'sharpness': 7.4601, 'album': 'Crack The Skye Fixture 09', 'artist': 'Mastodon', 'url': 'http://cover-fixture.example:5302/apple/artwork/automatic-coverless-neutral/9999x9999-100.jpg', 'year': 2009, 'variant': 'api-artwork', 'album_url': 'http://cover-fixture.example:5302/apple/album/automatic-coverless-neutral'}
2026-09-19 00:31:51,655 [VERBOSE] music_app.services.cover_refresh_provider: Cover candidate selected source=apple artist='Mastodon' album='Crack The Skye Fixture 09' year=2009 query_mode=artist+album+year:native score=1.5900 width=600 height=600 url=http://cover-fixture.example:5302/apple/artwork/automatic-coverless-neutral/9999x9999-100.jpg
2026-09-19 00:31:51,799 [VERBOSE] music_app.services.cover_refresh_provider: Cover fetch candidate ready folder='D:\\a\\_temp\\album-haven-e2e-functional-fixtures-cover-providers\\shared\\media\\Mastodon\\Crack The Skye Fixture 09' artist='Mastodon' album='Crack The Skye Fixture 09' year=2009 source=apple width=600 height=600 remote_area=360000 local_area=409600 remote_sharpness=7.4601 local_sharpness=7.4163
2026-09-19 00:31:51,801 [VERBOSE] music_app.services.cover_refresh_provider: Cover fetch skipped write folder='D:\\a\\_temp\\album-haven-e2e-functional-fixtures-cover-providers\\shared\\media\\Mastodon\\Crack The Skye Fixture 09' artist='Mastodon' album='Crack The Skye Fixture 09' year=2009 reason=remote_not_better_than_local source=apple remote_area=360000 local_area=409600 remote_sharpness=7.4601 local_sharpness=7.4163
2026-09-19 00:31:51,869 [VERBOSE] music_app: Cover fetch processed artist='Mastodon' album='Crack The Skye Fixture 09' folder='D:\\a\\_temp\\album-haven-e2e-functional-fixtures-cover-providers\\shared\\media\\Mastodon\\Crack The Skye Fixture 09' downloaded=False has_cover=True
2026-09-19 00:31:52,399 [VERBOSE] music_app.services.cover_provider_http: Cover HTTP success service=apple context=search:Various Artists Mulan 1998 status=200 url=http://127.0.0.1:5302/itunes/search?term=Various+Artists+Mulan+1998&entity=album&limit=20 bytes=33
2026-09-19 00:31:52,399 [VERBOSE] music_app.services.cover_refresh_provider: Apple raw search results query='Various Artists Mulan 1998' artist='Various Artists' album='Mulan' year=1998 results=[]
2026-09-19 00:31:52,399 [VERBOSE] music_app.services.cover_refresh_provider: Apple search results query='Various Artists Mulan 1998' count=0 top=[]
2026-09-19 00:31:52,399 [INFO] music_app.services.cover_refresh_provider: {"action": "Apple cover miss", "album": "Mulan", "artist": "Various Artists", "query_mode": "artist+album+year:native", "raw_result_count": 0, "raw_results_summary": [], "top_candidates": [], "year": 1998}
2026-09-19 00:31:52,514 [VERBOSE] music_app.services.cover_provider_http: Cover HTTP success service=apple context=artist-id-search:Neal Morse status=200 url=http://127.0.0.1:5302/itunes/search?term=Neal+Morse&entity=musicArtist&limit=10 bytes=33
2026-09-19 00:31:52,514 [INFO] music_app.services.cover_refresh_provider: {"action": "Apple artist lookup results", "album": "Neal Morse Plays Pink Floyd", "artist": "Neal Morse", "query_artist": "Neal Morse", "result_count": 0, "top_results": []}
2026-09-19 00:31:52,631 [VERBOSE] music_app.services.cover_provider_http: Cover HTTP success service=apple context=artist-id-search:Mastodon status=200 url=http://127.0.0.1:5302/itunes/search?term=Mastodon&entity=musicArtist&limit=10 bytes=33
2026-09-19 00:31:52,631 [INFO] music_app.services.cover_refresh_provider: {"action": "Apple artist lookup results", "album": "Crack The Skye Fixture 10", "artist": "Mastodon", "query_artist": "Mastodon", "result_count": 0, "top_results": []}
2026-09-19 00:31:52,631 [VERBOSE] music_app: Cover fetch processed artist='Mastodon' album='Crack The Skye Fixture 10' folder='D:\\a\\_temp\\album-haven-e2e-functional-fixtures-cover-providers\\shared\\media\\Mastodon\\Crack The Skye Fixture 10' downloaded=False has_cover=True
2026-09-19 00:31:53,325 [VERBOSE] music_app.services.cover_provider_http: Cover HTTP success service=apple context=search:\u0414\u0414\u0422 \u0421\u0442\u0443\u0434\u0438\u0439\u043d\u044b\u0435 \u0437\u0430\u043f\u0438\u0441\u0438 1990 status=200 url=http://127.0.0.1:5302/itunes/search?term=%D0%94%D0%94%D0%A2+%D0%A1%D1%82%D1%83%D0%B4%D0%B8%D0%B9%D0%BD%D1%8B%D0%B5+%D0%B7%D0%B0%D0%BF%D0%B8%D1%81%D0%B8+1990&entity=album&limit=20 bytes=33
2026-09-19 00:31:53,327 [VERBOSE] music_app.services.cover_refresh_provider: Apple raw search results query='\u0414\u0414\u0422 \u0421\u0442\u0443\u0434\u0438\u0439\u043d\u044b\u0435 \u0437\u0430\u043f\u0438\u0441\u0438 1990' artist='\u0414\u0414\u0422' album='\u0421\u0442\u0443\u0434\u0438\u0439\u043d\u044b\u0435 \u0437\u0430\u043f\u0438\u0441\u0438' year=1990 results=[]
2026-09-19 00:31:53,327 [VERBOSE] music_app.services.cover_refresh_provider: Apple search results query='\u0414\u0414\u0422 \u0421\u0442\u0443\u0434\u0438\u0439\u043d\u044b\u0435 \u0437\u0430\u043f\u0438\u0441\u0438 1990' count=0 top=[]
2026-09-19 00:31:53,327 [INFO] music_app.services.cover_refresh_provider: {"action": "Apple cover miss", "album": "\u0421\u0442\u0443\u0434\u0438\u0439\u043d\u044b\u0435 \u0437\u0430\u043f\u0438\u0441\u0438", "artist": "\u0414\u0414\u0422", "query_mode": "artist+album+year:native", "raw_result_count": 0, "raw_results_summary": [], "top_candidates": [], "year": 1990}
2026-09-19 00:31:53,373 [VERBOSE] music_app.services.cover_provider_http: Cover HTTP success service=apple context=artist-id-search:Various Artists status=200 url=http://127.0.0.1:5302/itunes/search?term=Various+Artists&entity=musicArtist&limit=10 bytes=33
2026-09-19 00:31:53,374 [INFO] music_app.services.cover_refresh_provider: {"action": "Apple artist lookup results", "album": "Mulan", "artist": "Various Artists", "query_artist": "Various Artists", "result_count": 0, "top_results": []}
2026-09-19 00:31:53,747 [VERBOSE] music_app.services.cover_provider_http: Cover HTTP success service=apple context=search:Neal Morse Neal Morse Plays Pink Floyd status=200 url=http://127.0.0.1:5302/itunes/search?term=Neal+Morse+Neal+Morse+Plays+Pink+Floyd&entity=album&limit=20 bytes=33
2026-09-19 00:31:53,747 [VERBOSE] music_app.services.cover_refresh_provider: Apple raw search results query='Neal Morse Neal Morse Plays Pink Floyd' artist='Neal Morse' album='Neal Morse Plays Pink Floyd' year=2023 results=[]
2026-09-19 00:31:53,748 [VERBOSE] music_app.services.cover_refresh_provider: Apple search results query='Neal Morse Neal Morse Plays Pink Floyd' count=0 top=[]
2026-09-19 00:31:53,748 [INFO] music_app.services.cover_refresh_provider: {"action": "Apple cover miss", "album": "Neal Morse Plays Pink Floyd", "artist": "Neal Morse", "query_mode": "artist+album:native", "raw_result_count": 0, "raw_results_summary": [], "top_candidates": [], "year": 2023}
2026-09-19 00:31:54,590 [VERBOSE] music_app.services.cover_provider_http: Cover HTTP success service=apple context=artist-id-search:\u0414\u0414\u0422 status=200 url=http://127.0.0.1:5302/itunes/search?term=%D0%94%D0%94%D0%A2&entity=musicArtist&limit=10 bytes=33
2026-09-19 00:31:54,590 [INFO] music_app.services.cover_refresh_provider: {"action": "Apple artist lookup results", "album": "\u0421\u0442\u0443\u0434\u0438\u0439\u043d\u044b\u0435 \u0437\u0430\u043f\u0438\u0441\u0438", "artist": "\u0414\u0414\u0422", "query_artist": "\u0414\u0414\u0422", "result_count": 0, "top_results": []}
2026-09-19 00:31:54,658 [VERBOSE] music_app.services.cover_provider_http: Cover HTTP success service=apple context=search:Various Artists Mulan status=200 url=http://127.0.0.1:5302/itunes/search?term=Various+Artists+Mulan&entity=album&limit=20 bytes=33
2026-09-19 00:31:54,658 [VERBOSE] music_app.services.cover_refresh_provider: Apple raw search results query='Various Artists Mulan' artist='Various Artists' album='Mulan' year=1998 results=[]
2026-09-19 00:31:54,658 [VERBOSE] music_app.services.cover_refresh_provider: Apple search results query='Various Artists Mulan' count=0 top=[]
2026-09-19 00:31:54,659 [INFO] music_app.services.cover_refresh_provider: {"action": "Apple cover miss", "album": "Mulan", "artist": "Various Artists", "query_mode": "artist+album:native", "raw_result_count": 0, "raw_results_summary": [], "top_candidates": [], "year": 1998}
2026-09-19 00:31:54,749 [VERBOSE] music_app.services.cover_provider_http: Cover HTTP success service=apple context=artist-id-search:Neal Morse status=200 url=http://127.0.0.1:5302/itunes/search?term=Neal+Morse&entity=musicArtist&limit=10 bytes=33
2026-09-19 00:31:54,749 [INFO] music_app.services.cover_refresh_provider: {"action": "Apple artist lookup results", "album": "Neal Morse Plays Pink Floyd", "artist": "Neal Morse", "query_artist": "Neal Morse", "result_count": 0, "top_results": []}
2026-09-19 00:31:54,749 [VERBOSE] music_app: Cover fetch processed artist='Neal Morse' album='Neal Morse Plays Pink Floyd' folder='D:\\a\\_temp\\album-haven-e2e-functional-fixtures-cover-providers\\shared\\media\\Progressive Projects\\Morse Family\\Neal Morse\\Neal Morse Plays Pink Floyd' downloaded=False has_cover=False
2026-09-19 00:31:54,750 [WARNING] music_app: {"action": "Cover art update failed", "album": "Neal Morse Plays Pink Floyd", "artist": "Neal Morse", "elapsed_ms": 5517.42, "folder": "D:\\a\\_temp\\album-haven-e2e-functional-fixtures-cover-providers\\shared\\media\\Progressive Projects\\Morse Family\\Neal Morse\\Neal Morse Plays Pink Floyd", "force_search": false, "reason": "remote_search_returned_no_candidate", "resolver_trace": [{"apple_http_trace": [{"context": "search:Neal Morse Neal Morse Plays Pink Floyd 2023", "elapsed_ms": 1271.4, "status": "success:200"}, {"context": "artist-id-search:Neal Morse", "elapsed_ms": 2003.41, "status": "success:200"}, {"context": "search:Neal Morse Neal Morse Plays Pink Floyd", "elapsed_ms": 1233.73, "status": "success:200"}, {"context": "artist-id-search:Neal Morse", "elapsed_ms": 1001.33, "status": "success:200"}], "elapsed_ms": 5511.97, "resolver": "_search_apple", "status": "no_candidate"}], "status": "missing_cover_art"}
2026-09-19 00:31:55,380 [VERBOSE] music_app.services.cover_provider_http: Cover HTTP success service=apple context=artist-id-search:Various Artists status=200 url=http://127.0.0.1:5302/itunes/search?term=Various+Artists&entity=musicArtist&limit=10 bytes=33
2026-09-19 00:31:55,380 [INFO] music_app.services.cover_refresh_provider: {"action": "Apple artist lookup results", "album": "Mulan", "artist": "Various Artists", "query_artist": "Various Artists", "result_count": 0, "top_results": []}
2026-09-19 00:31:55,380 [VERBOSE] music_app: Cover fetch processed artist='Various Artists' album='Mulan' folder='D:\\a\\_temp\\album-haven-e2e-functional-fixtures-cover-providers\\shared\\media\\Various Artists\\Mulan' downloaded=False has_cover=False
2026-09-19 00:31:55,380 [WARNING] music_app: {"action": "Cover art update failed", "album": "Mulan", "artist": "Various Artists", "elapsed_ms": 4715.02, "folder": "D:\\a\\_temp\\album-haven-e2e-functional-fixtures-cover-providers\\shared\\media\\Various Artists\\Mulan", "force_search": false, "reason": "remote_search_returned_no_candidate", "resolver_trace": [{"apple_http_trace": [{"context": "search:Various Artists Mulan 1998", "elapsed_ms": 1728.66, "status": "success:200"}, {"context": "artist-id-search:Various Artists", "elapsed_ms": 974.21, "status": "success:200"}, {"context": "search:Various Artists Mulan", "elapsed_ms": 1284.27, "status": "success:200"}, {"context": "artist-id-search:Various Artists", "elapsed_ms": 721.98, "status": "success:200"}], "elapsed_ms": 4711.46, "resolver": "_search_apple", "status": "no_candidate"}], "status": "missing_cover_art"}
2026-09-19 00:31:55,397 [VERBOSE] music_app.services.cover_provider_http: Cover HTTP success service=apple context=search:\u0414\u0414\u0422 \u0421\u0442\u0443\u0434\u0438\u0439\u043d\u044b\u0435 \u0437\u0430\u043f\u0438\u0441\u0438 status=200 url=http://127.0.0.1:5302/itunes/search?term=%D0%94%D0%94%D0%A2+%D0%A1%D1%82%D1%83%D0%B4%D0%B8%D0%B9%D0%BD%D1%8B%D0%B5+%D0%B7%D0%B0%D0%BF%D0%B8%D1%81%D0%B8&entity=album&limit=20 bytes=33
2026-09-19 00:31:55,398 [VERBOSE] music_app.services.cover_refresh_provider: Apple raw search results query='\u0414\u0414\u0422 \u0421\u0442\u0443\u0434\u0438\u0439\u043d\u044b\u0435 \u0437\u0430\u043f\u0438\u0441\u0438' artist='\u0414\u0414\u0422' album='\u0421\u0442\u0443\u0434\u0438\u0439\u043d\u044b\u0435 \u0437\u0430\u043f\u0438\u0441\u0438' year=1990 results=[]
2026-09-19 00:31:55,398 [VERBOSE] music_app.services.cover_refresh_provider: Apple search results query='\u0414\u0414\u0422 \u0421\u0442\u0443\u0434\u0438\u0439\u043d\u044b\u0435 \u0437\u0430\u043f\u0438\u0441\u0438' count=0 top=[]
2026-09-19 00:31:55,398 [INFO] music_app.services.cover_refresh_provider: {"action": "Apple cover miss", "album": "\u0421\u0442\u0443\u0434\u0438\u0439\u043d\u044b\u0435 \u0437\u0430\u043f\u0438\u0441\u0438", "artist": "\u0414\u0414\u0422", "query_mode": "artist+album:native", "raw_result_count": 0, "raw_results_summary": [], "top_candidates": [], "year": 1990}
2026-09-19 00:31:56,087 [VERBOSE] music_app.services.cover_provider_http: Cover HTTP success service=apple context=artist-id-search:\u0414\u0414\u0422 status=200 url=http://127.0.0.1:5302/itunes/search?term=%D0%94%D0%94%D0%A2&entity=musicArtist&limit=10 bytes=33
2026-09-19 00:31:56,087 [INFO] music_app.services.cover_refresh_provider: {"action": "Apple artist lookup results", "album": "\u0421\u0442\u0443\u0434\u0438\u0439\u043d\u044b\u0435 \u0437\u0430\u043f\u0438\u0441\u0438", "artist": "\u0414\u0414\u0422", "query_artist": "\u0414\u0414\u0422", "result_count": 0, "top_results": []}
2026-09-19 00:31:56,609 [VERBOSE] music_app.services.cover_provider_http: Cover HTTP success service=apple context=search:DDT Studiynye zapisi 1990 status=200 url=http://127.0.0.1:5302/itunes/search?term=DDT+Studiynye+zapisi+1990&entity=album&limit=20 bytes=33
2026-09-19 00:31:56,609 [VERBOSE] music_app.services.cover_refresh_provider: Apple raw search results query='DDT Studiynye zapisi 1990' artist='\u0414\u0414\u0422' album='\u0421\u0442\u0443\u0434\u0438\u0439\u043d\u044b\u0435 \u0437\u0430\u043f\u0438\u0441\u0438' year=1990 results=[]
2026-09-19 00:31:56,609 [VERBOSE] music_app.services.cover_refresh_provider: Apple search results query='DDT Studiynye zapisi 1990' count=0 top=[]
2026-09-19 00:31:56,609 [INFO] music_app.services.cover_refresh_provider: {"action": "Apple cover miss", "album": "\u0421\u0442\u0443\u0434\u0438\u0439\u043d\u044b\u0435 \u0437\u0430\u043f\u0438\u0441\u0438", "artist": "\u0414\u0414\u0422", "query_mode": "artist+album+year:translit", "raw_result_count": 0, "raw_results_summary": [], "top_candidates": [], "year": 1990}
2026-09-19 00:31:57,155 [VERBOSE] music_app.services.cover_provider_http: Cover HTTP success service=apple context=artist-id-search:DDT status=200 url=http://127.0.0.1:5302/itunes/search?term=DDT&entity=musicArtist&limit=10 bytes=33
2026-09-19 00:31:57,155 [INFO] music_app.services.cover_refresh_provider: {"action": "Apple artist lookup results", "album": "\u0421\u0442\u0443\u0434\u0438\u0439\u043d\u044b\u0435 \u0437\u0430\u043f\u0438\u0441\u0438", "artist": "\u0414\u0414\u0422", "query_artist": "DDT", "result_count": 0, "top_results": []}
2026-09-19 00:31:57,638 [VERBOSE] music_app.services.cover_provider_http: Cover HTTP success service=apple context=search:DDT Studiynye zapisi status=200 url=http://127.0.0.1:5302/itunes/search?term=DDT+Studiynye+zapisi&entity=album&limit=20 bytes=33
2026-09-19 00:31:57,638 [VERBOSE] music_app.services.cover_refresh_provider: Apple raw search results query='DDT Studiynye zapisi' artist='\u0414\u0414\u0422' album='\u0421\u0442\u0443\u0434\u0438\u0439\u043d\u044b\u0435 \u0437\u0430\u043f\u0438\u0441\u0438' year=1990 results=[]
2026-09-19 00:31:57,638 [VERBOSE] music_app.services.cover_refresh_provider: Apple search results query='DDT Studiynye zapisi' count=0 top=[]
2026-09-19 00:31:57,638 [INFO] music_app.services.cover_refresh_provider: {"action": "Apple cover miss", "album": "\u0421\u0442\u0443\u0434\u0438\u0439\u043d\u044b\u0435 \u0437\u0430\u043f\u0438\u0441\u0438", "artist": "\u0414\u0414\u0422", "query_mode": "artist+album:translit", "raw_result_count": 0, "raw_results_summary": [], "top_candidates": [], "year": 1990}
2026-09-19 00:31:58,030 [VERBOSE] music_app.services.cover_provider_http: Cover HTTP success service=apple context=artist-id-search:DDT status=200 url=http://127.0.0.1:5302/itunes/search?term=DDT&entity=musicArtist&limit=10 bytes=33
2026-09-19 00:31:58,030 [INFO] music_app.services.cover_refresh_provider: {"action": "Apple artist lookup results", "album": "\u0421\u0442\u0443\u0434\u0438\u0439\u043d\u044b\u0435 \u0437\u0430\u043f\u0438\u0441\u0438", "artist": "\u0414\u0414\u0422", "query_artist": "DDT", "result_count": 0, "top_results": []}
2026-09-19 00:31:58,031 [VERBOSE] music_app: Cover fetch processed artist='\u0414\u0414\u0422' album='\u0421\u0442\u0443\u0434\u0438\u0439\u043d\u044b\u0435 \u0437\u0430\u043f\u0438\u0441\u0438' folder='D:\\a\\_temp\\album-haven-e2e-functional-fixtures-cover-providers\\shared\\media\\\u0414\u0414\u0422\\\u0421\u0442\u0443\u0434\u0438\u0439\u043d\u044b\u0435 \u0437\u0430\u043f\u0438\u0441\u0438' downloaded=False has_cover=False
2026-09-19 00:31:58,035 [WARNING] music_app: {"action": "Cover art update failed", "album": "\u0421\u0442\u0443\u0434\u0438\u0439\u043d\u044b\u0435 \u0437\u0430\u043f\u0438\u0441\u0438", "artist": "\u0414\u0414\u0422", "elapsed_ms": 6229.2, "folder": "D:\\a\\_temp\\album-haven-e2e-functional-fixtures-cover-providers\\shared\\media\\\u0414\u0414\u0422\\\u0421\u0442\u0443\u0434\u0438\u0439\u043d\u044b\u0435 \u0437\u0430\u043f\u0438\u0441\u0438", "force_search": false, "reason": "remote_search_returned_no_candidate", "resolver_trace": [{"apple_http_trace": [{"context": "search:\u0414\u0414\u0422 \u0421\u0442\u0443\u0434\u0438\u0439\u043d\u044b\u0435 \u0437\u0430\u043f\u0438\u0441\u0438 1990", "elapsed_ms": 1522.31, "status": "success:200"}, {"context": "artist-id-search:\u0414\u0414\u0422", "elapsed_ms": 1263.81, "status": "success:200"}, {"context": "search:\u0414\u0414\u0422 \u0421\u0442\u0443\u0434\u0438\u0439\u043d\u044b\u0435 \u0437\u0430\u043f\u0438\u0441\u0438", "elapsed_ms": 805.42, "status": "success:200"}, {"context": "artist-id-search:\u0414\u0414\u0422", "elapsed_ms": 688.9, "status": "success:200"}, {"context": "search:DDT Studiynye zapisi 1990", "elapsed_ms": 522.13, "status": "success:200"}, {"context": "artist-id-search:DDT", "elapsed_ms": 545.0, "status": "success:200"}, {"context": "search:DDT Studiynye zapisi", "elapsed_ms": 482.34, "status": "success:200"}, {"context": "artist-id-search:DDT", "elapsed_ms": 391.52, "status": "success:200"}], "elapsed_ms": 6226.72, "resolver": "_search_apple", "status": "no_candidate"}], "status": "missing_cover_art"}
2026-09-19 00:32:00,063 [INFO] music_app: {"action": "Cover art update completed", "album_count": 16, "downloaded": 1, "downloaded_paths": ["D:\\a\\_temp\\album-haven-e2e-functional-fixtures-cover-providers\\shared\\media\\Mastodon\\Crack The Skye Fixture 08\\cover.jpg"], "failed": 13, "files": ["D:\\a\\_temp\\album-haven-e2e-functional-fixtures-cover-providers\\shared\\media\\Mastodon\\Crack The Skye Fixture 08\\cover.jpg"], "mode": "background", "not_found": 13, "not_touched": 2, "processed": 16, "skipped": 2}
2026-09-19 00:32:01,209 [INFO] music_app: {"action": "Index request completed", "album_count": 0, "artist_count": 0, "bootstrap_mode": "fresh_preview", "covers_in_progress": false, "elapsed_ms": 443.11, "hydrate_in_progress": false, "payload_elapsed_ms": 365.81, "query": "", "scan_in_progress": false, "selected_artist": ""}
  [PASS] Run a real incremental scan and apply the first acceptable automatic candidate (59817 ms)
  [STEP] Keep the neutral automatic candidate cached without changing its user cover
  [PASS] Keep the neutral automatic candidate cached without changing its user cover (2193 ms)
  [STEP] Open the gallery and retain the published remote candidate without another search
2026-09-19 00:32:17,700 [INFO] music_app: {"action": "Index request completed", "album_count": 0, "artist_count": 0, "bootstrap_mode": "fresh_preview", "covers_in_progress": false, "elapsed_ms": 352.98, "hydrate_in_progress": false, "payload_elapsed_ms": 277.13, "query": "", "scan_in_progress": false, "selected_artist": ""}
  [PASS] Open the gallery and retain the published remote candidate without another search (12897 ms)
  ok 1 [functional] › tests\e2e\specs\coverLookup.spec.js:1124:1 › FTC-COVERS-018 automatic lookup applies the first acceptable cover and stops later providers @area:cover-providers (1.6m)
[album-haven-playwright-result] {"version":1,"phase":"tests-complete","nonce":"375ea81cb3ee8f9a2faee6e20a4626b8338008aba59a9b41d8bd3241adf1b654","status":"passed","total":1,"completed":1,"failed":0,"skipped":0,"errors":0}



[album-haven-playwright-result] {"version":1,"phase":"run-final","nonce":"375ea81cb3ee8f9a2faee6e20a4626b8338008aba59a9b41d8bd3241adf1b654","status":"passed","total":1,"completed":1,"failed":0,"skipped":0,"errors":0}
  1 passed (1.7m)

=== Playwright Summary ===
[✓] coverLookup.spec
  [✓] FTC-COVERS-018 automatic lookup applies the first acceptable cover and stops later providers @area:cover-providers (1.6m)

Overall: 1/1 passed
[playwright-wrapper-final-decision] {"wrapperExitCode":0,"attemptReturn":{"exitCode":0,"exitReason":"authoritative-pass"},"fakeDatabaseCleanup":{"status":"completed","error":null,"mode":"lock-only"},"scanAppCleanup":{"status":"not-required","error":null},"isolatedAppCleanup":{"status":"completed","error":null},"tempCleanup":{"status":"completed","error":null,"removedCount":1},"passivePortDiagnostics":[{"port":5300,"status":"completed","error":null,"ownerCount":0},{"port":5302,"status":"completed","error":null,"ownerCount":0}],"finalSummary":{"phase":"run-final","status":"passed","total":1,"completed":1,"failed":0,"skipped":0,"errors":0,"listOnly":false},"exitReason":"authoritative-pass"}
{"restored":0,"removed":1,"unchanged":1497}
Album Haven production E2E app listening on http://127.0.0.1:5300 with 0 artists, 0 albums, 0 tracks, and provider fixtures on http://127.0.0.1:5302
2026-09-19 00:33:05,113 [INFO] music_app: Startup scan-cache hydration completed files=7200 albums=400
2026-09-19 00:33:05,113 [INFO] music_app: Legacy album exclusions migrated albums=1 removed_rules=18 created_rules=1
2026-09-19 00:33:05,618 [INFO] music_app: Relation projection startup readiness ready=true rebuilt=true reason=missing_projection builder_version=local-relation-builder-v9 source_row_count=7438 duration_ms=465.67 source_load=136.30 fingerprint=60.02 pure_build=154.62 family_link_replacement=7.74 snapshot_publication=1.69
2026-09-19 00:33:06,767 [INFO] music_app: {"action": "Index request completed", "album_count": 0, "artist_count": 0, "bootstrap_mode": "fresh_preview", "covers_in_progress": false, "elapsed_ms": 444.68, "hydrate_in_progress": false, "payload_elapsed_ms": 195.8, "query": "", "scan_in_progress": false, "selected_artist": ""}

Running 1 test using 1 worker

2026-09-19 00:33:33,929 [INFO] music_app: {"action": "Index request completed", "album_count": 0, "artist_count": 0, "bootstrap_mode": "fresh_preview", "covers_in_progress": false, "elapsed_ms": 374.03, "hydrate_in_progress": false, "payload_elapsed_ms": 159.85, "query": "", "scan_in_progress": false, "selected_artist": ""}
[TEST] FTC-PLAYBACK-LASTFM-013 production UI connects and scrobbles through the signed Last.fm provider path
  [STEP] Open the real Utilities integration view backed by isolated Postgres
2026-09-19 00:33:37,028 [INFO] music_app: {"action": "Index request completed", "album_count": 0, "artist_count": 0, "bootstrap_mode": "fresh_preview", "covers_in_progress": false, "elapsed_ms": 333.36, "hydrate_in_progress": false, "payload_elapsed_ms": 199.86, "query": "", "scan_in_progress": false, "selected_artist": ""}
  [PASS] Open the real Utilities integration view backed by isolated Postgres (5707 ms)
  [STEP] Reject invalid Last.fm credentials through the production authentication route
2026-09-19 00:33:42,576 [WARNING] music_app: {"action": "Last.fm connection failed", "error": "Invalid username or password.", "error_code": 4, "error_kind": "invalid_credentials", "failure_stage": "provider_authentication", "integration": "Last.fm", "retryable": false, "status": "failed"}
  [PASS] Reject invalid Last.fm credentials through the production authentication route (456 ms)
  [STEP] Persist the credential-safe connection failure in authorized Log History
  [PASS] Persist the credential-safe connection failure in authorized Log History (1121 ms)
  [STEP] Reload, reopen authorized history, and export the retained entry
2026-09-19 00:33:44,223 [INFO] music_app: {"action": "Index request completed", "album_count": 0, "artist_count": 0, "bootstrap_mode": "fresh_preview", "covers_in_progress": false, "elapsed_ms": 324.79, "hydrate_in_progress": false, "payload_elapsed_ms": 201.26, "query": "", "scan_in_progress": false, "selected_artist": ""}
  [PASS] Reload, reopen authorized history, and export the retained entry (5087 ms)
  [STEP] Connect the fixture account through the production UI and verify visible status
  [PASS] Connect the fixture account through the production UI and verify visible status (1030 ms)
  [STEP] Reload the production app and verify the connected account persisted in Postgres
2026-09-19 00:33:50,296 [INFO] music_app: {"action": "Index request completed", "album_count": 0, "artist_count": 0, "bootstrap_mode": "fresh_preview", "covers_in_progress": false, "elapsed_ms": 274.45, "hydrate_in_progress": false, "payload_elapsed_ms": 148.78, "query": "", "scan_in_progress": false, "selected_artist": ""}
  [PASS] Reload the production app and verify the connected account persisted in Postgres (3456 ms)
  [STEP] Play the short fixture track until the production player scrobbles and persists completion
  [FAIL] Play the short fixture track until the production player scrobbles and persists completion :: expect(received).toBe(expected) // Object.is equality

Expected: 1
Received: undefined (23656 ms)
  x  1 [functional] › tests\e2e\specs\lastfmProductionPath.spec.js:22:1 › FTC-PLAYBACK-LASTFM-013 production UI connects and scrobbles through the signed Last.fm provider path @area:playback (43.1s)
[playwright-wrapper-failure-latched] {"phase":"tests-complete","status":"failed","total":1,"completed":1,"failed":1,"skipped":0,"errors":0}
[album-haven-playwright-result] {"version":1,"phase":"tests-complete","nonce":"ab6ac38b1088d2e067bb851f351370b90ebc06f596ea863a51d0868d1495375e","status":"failed","total":1,"completed":1,"failed":1,"skipped":0,"errors":0}



[album-haven-playwright-result] {"version":1,"phase":"run-final","nonce":"ab6ac38b1088d2e067bb851f351370b90ebc06f596ea863a51d0868d1495375e","status":"failed","total":1,"completed":1,"failed":1,"skipped":0,"errors":0}

  1) [functional] › tests\e2e\specs\lastfmProductionPath.spec.js:22:1 › FTC-PLAYBACK-LASTFM-013 production UI connects and scrobbles through the signed Last.fm provider path @area:playback 

    Error: expect(received).toBe(expected) // Object.is equality

    Expected: 1
    Received: undefined

      167 |     expect(evidence.nonZeroSamples).toBeGreaterThan(0);
      168 |     expect(evidence.renderedFrameDelta).toBeGreaterThan(0);
    > 169 |     expect(playbackJourney.scrobble.accepted).toBe(1);
          |                                               ^
      170 |     expect(playbackJourney.completion.entry.scrobbled).toBe(true);
      171 |   });
      172 |
        at D:\a\AlbumHaven\AlbumHaven\tests\e2e\specs\lastfmProductionPath.spec.js:169:47
        at runStep (D:\a\AlbumHaven\AlbumHaven\tests\e2e\support\baseFixtures.js:146:22)
        at D:\a\AlbumHaven\AlbumHaven\tests\e2e\specs\lastfmProductionPath.spec.js:140:3

    attachment #1: step-transcript.txt (text/plain) ────────────────────────────────────────────────
    [TEST] FTC-PLAYBACK-LASTFM-013 production UI connects and scrobbles through the signed Last.fm provider path
      [STEP] Open the real Utilities integration view backed by isolated Postgres
      [PASS] Open the real Utilities integration view backed by isolated Postgres (5707 ms)
      [STEP] Reject invalid L...
    ────────────────────────────────────────────────────────────────────────────────────────────────

    attachment #3: stacktrace.txt (text/plain) ─────────────────────────────────────────────────────
    Error 1
    Error: expect(received).toBe(expected) // Object.is equality
    
    Expected: 1
    Received: undefined
        at D:\a\AlbumHaven\AlbumHaven\tests\e2e\specs\lastfmProductionPath.spec.js:169:47
        at runStep (D:\a\AlbumHaven\Albu...
    ────────────────────────────────────────────────────────────────────────────────────────────────

    attachment #4: runtime-log.txt (text/plain) ────────────────────────────────────────────────────
    [2026-09-19T00:33:40.278Z] requestfailed/net::ERR_ABORTED: GET http://127.0.0.1:5300/cover?path=D%3A%5Ca%5C_temp%5Calbum-haven-e2e-functional-fixtures-cover-providers%5Cshared%5Cmedia%5CProgressive%20Projects%5CFlower%20Kings%20Family%5CAgents%20Of%20Mercy%5CFunctional%20Fixture%20Album%20329%5Ccove...
    ────────────────────────────────────────────────────────────────────────────────────────────────

    Error Context: ..\..\_temp\functional-output-cover-providers\wave-01-11-playwright-config-js\lastfmProductionPath-FTC-P-dfbb8-igned-Last-fm-provider-path-functional\error-context.md

    attachment #7: trace (application/zip) ─────────────────────────────────────────────────────────
    ..\..\_temp\functional-output-cover-providers\wave-01-11-playwright-config-js\lastfmProductionPath-FTC-P-dfbb8-igned-Last-fm-provider-path-functional\trace.zip
    Usage:

        npx playwright show-trace ..\..\_temp\functional-output-cover-providers\wave-01-11-playwright-config-js\lastfmProductionPath-FTC-P-dfbb8-igned-Last-fm-provider-path-functional\trace.zip

    ────────────────────────────────────────────────────────────────────────────────────────────────

  1 failed
    [functional] › tests\e2e\specs\lastfmProductionPath.spec.js:22:1 › FTC-PLAYBACK-LASTFM-013 production UI connects and scrobbles through the signed Last.fm provider path @area:playback 

=== Playwright Summary ===
[x] lastfmProductionPath.spec
[playwright-wrapper-diagnostic] {"reason":"wrapper-child-lifecycle-mismatch","childExitCode":1,"childExitSignal":null,"childCloseCode":1,"childCloseSignal":null,"processError":null,"stopReason":"none","cleanupOutcome":"completed"}
  [x] FTC-PLAYBACK-LASTFM-013 production UI connects and scrobbles through the signed Last.fm provider path @area:playback

Overall: 0/1 passed
Failed tests:
- lastfmProductionPath.spec > FTC-PLAYBACK-LASTFM-013 production UI connects and scrobbles through the signed Last.fm provider path @area:playback
[playwright-wrapper-final-decision] {"wrapperExitCode":1,"attemptReturn":{"exitCode":1,"exitReason":"wrapper-child-lifecycle-mismatch"},"fakeDatabaseCleanup":{"status":"completed","error":null,"mode":"lock-only"},"scanAppCleanup":{"status":"not-required","error":null},"isolatedAppCleanup":{"status":"completed","error":null},"tempCleanup":{"status":"completed","error":null,"removedCount":1},"passivePortDiagnostics":[{"port":5300,"status":"completed","error":null,"ownerCount":0},{"port":5302,"status":"completed","error":null,"ownerCount":0}],"finalSummary":{"phase":"run-final","status":"failed","total":1,"completed":1,"failed":1,"skipped":0,"errors":0,"listOnly":false},"exitReason":"wrapper-child-lifecycle-mismatch"}
{"restored":0,"removed":0,"unchanged":1497}
Album Haven production E2E app listening on http://127.0.0.1:5300 with 0 artists, 0 albums, 0 tracks, and provider fixtures on http://127.0.0.1:5302
2026-09-19 00:34:54,554 [INFO] music_app: Startup scan-cache hydration completed files=7200 albums=400
2026-09-19 00:34:54,554 [INFO] music_app: Legacy album exclusions migrated albums=1 removed_rules=18 created_rules=1
2026-09-19 00:34:55,119 [INFO] music_app: Relation projection startup readiness ready=true rebuilt=true reason=missing_projection builder_version=local-relation-builder-v9 source_row_count=7438 duration_ms=527.35 source_load=160.89 fingerprint=67.12 pure_build=159.37 family_link_replacement=7.98 snapshot_publication=1.80
2026-09-19 00:34:56,355 [INFO] music_app: {"action": "Index request completed", "album_count": 0, "artist_count": 0, "bootstrap_mode": "fresh_preview", "covers_in_progress": false, "elapsed_ms": 448.77, "hydrate_in_progress": false, "payload_elapsed_ms": 194.47, "query": "", "scan_in_progress": false, "selected_artist": ""}

Running 1 test using 1 worker

2026-09-19 00:35:28,899 [INFO] music_app: {"action": "Index request completed", "album_count": 0, "artist_count": 0, "bootstrap_mode": "fresh_preview", "covers_in_progress": false, "elapsed_ms": 308.42, "hydrate_in_progress": false, "payload_elapsed_ms": 186.42, "query": "", "scan_in_progress": false, "selected_artist": ""}
[TEST] FTC-PLAYBACK-LASTFM-016 consecutive tracks each scrobble exactly once in order
  [STEP] Ensure the isolated Postgres app is connected to the loopback Last.fm provider
2026-09-19 00:35:32,317 [INFO] music_app: {"action": "Index request completed", "album_count": 0, "artist_count": 0, "bootstrap_mode": "fresh_preview", "covers_in_progress": false, "elapsed_ms": 323.25, "hydrate_in_progress": false, "payload_elapsed_ms": 181.54, "query": "", "scan_in_progress": false, "selected_artist": ""}
  [PASS] Ensure the isolated Postgres app is connected to the loopback Last.fm provider (6042 ms)
  [STEP] Play three consecutive generated tracks through the production queue
  [PASS] Play three consecutive generated tracks through the production queue (62721 ms)
  [STEP] Verify the provider recorded one signed scrobble for each track in exact order
  [PASS] Verify the provider recorded one signed scrobble for each track in exact order (19 ms)
  ok 1 [functional] › tests\e2e\specs\lastfmProductionPath.spec.js:213:1 › FTC-PLAYBACK-LASTFM-016 consecutive tracks each scrobble exactly once in order @area:playback (1.2m)
[album-haven-playwright-result] {"version":1,"phase":"tests-complete","nonce":"7e9dbcb707f9f7588711c2e662888fe1e703fde27cd6227b910bc6de468ca6f2","status":"passed","total":1,"completed":1,"failed":0,"skipped":0,"errors":0}



[album-haven-playwright-result] {"version":1,"phase":"run-final","nonce":"7e9dbcb707f9f7588711c2e662888fe1e703fde27cd6227b910bc6de468ca6f2","status":"passed","total":1,"completed":1,"failed":0,"skipped":0,"errors":0}
  1 passed (1.3m)

=== Playwright Summary ===
[✓] lastfmProductionPath.spec
  [✓] FTC-PLAYBACK-LASTFM-016 consecutive tracks each scrobble exactly once in order @area:playback (1.2m)

Overall: 1/1 passed
[playwright-wrapper-final-decision] {"wrapperExitCode":0,"attemptReturn":{"exitCode":0,"exitReason":"authoritative-pass"},"fakeDatabaseCleanup":{"status":"completed","error":null,"mode":"lock-only"},"scanAppCleanup":{"status":"not-required","error":null},"isolatedAppCleanup":{"status":"completed","error":null},"tempCleanup":{"status":"completed","error":null,"removedCount":1},"passivePortDiagnostics":[{"port":5300,"status":"completed","error":null,"ownerCount":0},{"port":5302,"status":"completed","error":null,"ownerCount":0}],"finalSummary":{"phase":"run-final","status":"passed","total":1,"completed":1,"failed":0,"skipped":0,"errors":0,"listOnly":false},"exitReason":"authoritative-pass"}
{"restored":0,"removed":0,"unchanged":1497}
Album Haven production E2E app listening on http://127.0.0.1:5300 with 0 artists, 0 albums, 0 tracks, and provider fixtures on http://127.0.0.1:5302
2026-09-19 00:37:14,503 [INFO] music_app: Startup scan-cache hydration completed files=7200 albums=400
2026-09-19 00:37:14,503 [INFO] music_app: Legacy album exclusions migrated albums=1 removed_rules=18 created_rules=1
2026-09-19 00:37:15,077 [INFO] music_app: Relation projection startup readiness ready=true rebuilt=true reason=missing_projection builder_version=local-relation-builder-v9 source_row_count=7438 duration_ms=532.28 source_load=161.04 fingerprint=64.95 pure_build=176.38 family_link_replacement=7.82 snapshot_publication=1.75
2026-09-19 00:37:16,444 [INFO] music_app: {"action": "Index request completed", "album_count": 0, "artist_count": 0, "bootstrap_mode": "fresh_preview", "covers_in_progress": false, "elapsed_ms": 491.15, "hydrate_in_progress": false, "payload_elapsed_ms": 199.28, "query": "", "scan_in_progress": false, "selected_artist": ""}

Running 1 test using 1 worker

2026-09-19 00:37:51,532 [INFO] music_app: {"action": "Index request completed", "album_count": 0, "artist_count": 0, "bootstrap_mode": "fresh_preview", "covers_in_progress": false, "elapsed_ms": 302.92, "hydrate_in_progress": false, "payload_elapsed_ms": 173.15, "query": "", "scan_in_progress": false, "selected_artist": ""}
[TEST] FTC-COVERS-019 automatic improvement preserves a user-owned cover and clears after gallery open
  [STEP] Capture the smaller user-owned cover and its linked metadata
2026-09-19 00:37:55,171 [INFO] music_app: {"action": "Index request completed", "album_count": 0, "artist_count": 0, "bootstrap_mode": "fresh_preview", "covers_in_progress": false, "elapsed_ms": 312.31, "hydrate_in_progress": false, "payload_elapsed_ms": 176.93, "query": "", "scan_in_progress": false, "selected_artist": ""}
  [PASS] Capture the smaller user-owned cover and its linked metadata (20575 ms)
  [STEP] Apply a better version of the same artwork while preserving user ownership
2026-09-19 00:38:15,472 [WARNING] music_app: refresh_api: payload keys=['full_rescan']
2026-09-19 00:38:15,639 [INFO] music_app: {"action": "Library indexing started", "force": true}
2026-09-19 00:38:25,021 [INFO] music_app: {"action": "Library indexing completed", "album_count": 63, "file_count": 1090}
2026-09-19 00:38:25,021 [INFO] music_app: {"action": "Cover art refresh queued after indexing", "added_album_count": 1}
2026-09-19 00:38:27,208 [VERBOSE] music_app: Cover jobs built total_folders=64 queued=64 skipped=0 skipped_samples=[]
2026-09-19 00:38:27,210 [VERBOSE] music_app: Cover refresh background job selection queued=16 user_owned=1 scan_generation=1 file_cache_entries=1090
2026-09-19 00:38:27,211 [VERBOSE] music_app: Cover fetch queue item index=1 total=16 artist='Generated Problem Fixture' album='Comfortably Numb Sidebar Fixture 01' year=2023 folder='D:\\a\\_temp\\album-haven-e2e-functional-fixtures-cover-providers\\shared\\media\\Generated Problem Fixture\\Comfortably Numb Sidebar Fixture 01' track_count=18 force_search=False
2026-09-19 00:38:27,211 [VERBOSE] music_app: Cover fetch queue item index=2 total=16 artist='Generated Problem Fixture' album='Comfortably Numb Sidebar Fixture 02' year=2023 folder='D:\\a\\_temp\\album-haven-e2e-functional-fixtures-cover-providers\\shared\\media\\Generated Problem Fixture\\Comfortably Numb Sidebar Fixture 02' track_count=18 force_search=False
2026-09-19 00:38:27,211 [VERBOSE] music_app: Cover fetch queue item index=3 total=16 artist='Generated Problem Fixture' album='Comfortably Numb Sidebar Fixture 03' year=2023 folder='D:\\a\\_temp\\album-haven-e2e-functional-fixtures-cover-providers\\shared\\media\\Generated Problem Fixture\\Comfortably Numb Sidebar Fixture 03' track_count=18 force_search=False
2026-09-19 00:38:27,211 [VERBOSE] music_app: Cover fetch queue item index=4 total=16 artist='Generated Problem Fixture' album='Comfortably Numb Sidebar Fixture 04' year=2023 folder='D:\\a\\_temp\\album-haven-e2e-functional-fixtures-cover-providers\\shared\\media\\Generated Problem Fixture\\Comfortably Numb Sidebar Fixture 04' track_count=18 force_search=False
2026-09-19 00:38:27,211 [VERBOSE] music_app: Cover fetch queue item index=5 total=16 artist='Generated Problem Fixture' album='Comfortably Numb Sidebar Fixture 05' year=2023 folder='D:\\a\\_temp\\album-haven-e2e-functional-fixtures-cover-providers\\shared\\media\\Generated Problem Fixture\\Comfortably Numb Sidebar Fixture 05' track_count=18 force_search=False
2026-09-19 00:38:27,211 [VERBOSE] music_app: Cover fetch queue item index=6 total=16 artist='Generated Problem Fixture' album='Comfortably Numb Sidebar Fixture 06' year=2023 folder='D:\\a\\_temp\\album-haven-e2e-functional-fixtures-cover-providers\\shared\\media\\Generated Problem Fixture\\Comfortably Numb Sidebar Fixture 06' track_count=18 force_search=False
2026-09-19 00:38:27,212 [VERBOSE] music_app: Cover fetch queue item index=7 total=16 artist='Generated Problem Fixture' album='Comfortably Numb Sidebar Fixture 07' year=2023 folder='D:\\a\\_temp\\album-haven-e2e-functional-fixtures-cover-providers\\shared\\media\\Generated Problem Fixture\\Comfortably Numb Sidebar Fixture 07' track_count=18 force_search=False
2026-09-19 00:38:27,212 [VERBOSE] music_app: Cover fetch queue item index=8 total=16 artist='Generated Problem Fixture' album='Comfortably Numb Sidebar Fixture 08' year=2023 folder='D:\\a\\_temp\\album-haven-e2e-functional-fixtures-cover-providers\\shared\\media\\Generated Problem Fixture\\Comfortably Numb Sidebar Fixture 08' track_count=18 force_search=False
2026-09-19 00:38:27,212 [VERBOSE] music_app: Cover fetch queue item index=9 total=16 artist='Generated Problem Fixture' album='Encoding And Missing Metadata' year=None folder='D:\\a\\_temp\\album-haven-e2e-functional-fixtures-cover-providers\\shared\\media\\Generated Problem Fixture\\Encoding And Missing Metadata' track_count=18 force_search=False
2026-09-19 00:38:27,212 [VERBOSE] music_app: Cover fetch queue item index=10 total=16 artist='Mastodon' album='Crack The Skye Fixture 07' year=2009 folder='D:\\a\\_temp\\album-haven-e2e-functional-fixtures-cover-providers\\shared\\media\\Mastodon\\Crack The Skye Fixture 07' track_count=18 force_search=False
2026-09-19 00:38:27,212 [VERBOSE] music_app: Cover fetch queue item index=11 total=16 artist='Mastodon' album='Crack The Skye Fixture 08' year=2009 folder='D:\\a\\_temp\\album-haven-e2e-functional-fixtures-cover-providers\\shared\\media\\Mastodon\\Crack The Skye Fixture 08' track_count=18 force_search=False
2026-09-19 00:38:27,212 [VERBOSE] music_app: Cover fetch queue item index=12 total=16 artist='Mastodon' album='Crack The Skye Fixture 09' year=2009 folder='D:\\a\\_temp\\album-haven-e2e-functional-fixtures-cover-providers\\shared\\media\\Mastodon\\Crack The Skye Fixture 09' track_count=18 force_search=False
2026-09-19 00:38:27,212 [VERBOSE] music_app: Cover fetch queue item index=13 total=16 artist='Mastodon' album='Crack The Skye Fixture 10' year=2009 folder='D:\\a\\_temp\\album-haven-e2e-functional-fixtures-cover-providers\\shared\\media\\Mastodon\\Crack The Skye Fixture 10' track_count=18 force_search=False
2026-09-19 00:38:27,212 [VERBOSE] music_app: Cover fetch queue item index=14 total=16 artist='Neal Morse' album='Neal Morse Plays Pink Floyd' year=2023 folder='D:\\a\\_temp\\album-haven-e2e-functional-fixtures-cover-providers\\shared\\media\\Progressive Projects\\Morse Family\\Neal Morse\\Neal Morse Plays Pink Floyd' track_count=18 force_search=False
2026-09-19 00:38:27,213 [VERBOSE] music_app: Cover fetch queue item index=15 total=16 artist='Various Artists' album='Mulan' year=1998 folder='D:\\a\\_temp\\album-haven-e2e-functional-fixtures-cover-providers\\shared\\media\\Various Artists\\Mulan' track_count=14 force_search=False
2026-09-19 00:38:27,213 [VERBOSE] music_app: Cover fetch queue item index=16 total=16 artist='\u0414\u0414\u0422' album='\u0421\u0442\u0443\u0434\u0438\u0439\u043d\u044b\u0435 \u0437\u0430\u043f\u0438\u0441\u0438' year=1990 folder='D:\\a\\_temp\\album-haven-e2e-functional-fixtures-cover-providers\\shared\\media\\\u0414\u0414\u0422\\\u0421\u0442\u0443\u0434\u0438\u0439\u043d\u044b\u0435 \u0437\u0430\u043f\u0438\u0441\u0438' track_count=16 force_search=False
2026-09-19 00:38:29,134 [VERBOSE] music_app.services.cover_provider_http: Cover HTTP success service=apple context=search:Generated Problem Fixture Comfortably Numb Sidebar Fixture 01 2023 status=200 url=http://127.0.0.1:5302/itunes/search?term=Generated+Problem+Fixture+Comfortably+Numb+Sidebar+Fixture+01+2023&entity=album&limit=20 bytes=33
2026-09-19 00:38:29,134 [VERBOSE] music_app.services.cover_refresh_provider: Apple raw search results query='Generated Problem Fixture Comfortably Numb Sidebar Fixture 01 2023' artist='Generated Problem Fixture' album='Comfortably Numb Sidebar Fixture 01' year=2023 results=[]
2026-09-19 00:38:29,134 [VERBOSE] music_app.services.cover_refresh_provider: Apple search results query='Generated Problem Fixture Comfortably Numb Sidebar Fixture 01 2023' count=0 top=[]
2026-09-19 00:38:29,134 [INFO] music_app.services.cover_refresh_provider: {"action": "Apple cover miss", "album": "Comfortably Numb Sidebar Fixture 01", "artist": "Generated Problem Fixture", "query_mode": "artist+album+year:native", "raw_result_count": 0, "raw_results_summary": [], "top_candidates": [], "year": 2023}
2026-09-19 00:38:29,517 [VERBOSE] music_app.services.cover_provider_http: Cover HTTP success service=apple context=search:Generated Problem Fixture Comfortably Numb Sidebar Fixture 02 2023 status=200 url=http://127.0.0.1:5302/itunes/search?term=Generated+Problem+Fixture+Comfortably+Numb+Sidebar+Fixture+02+2023&entity=album&limit=20 bytes=33
2026-09-19 00:38:29,517 [VERBOSE] music_app.services.cover_refresh_provider: Apple raw search results query='Generated Problem Fixture Comfortably Numb Sidebar Fixture 02 2023' artist='Generated Problem Fixture' album='Comfortably Numb Sidebar Fixture 02' year=2023 results=[]
2026-09-19 00:38:29,517 [VERBOSE] music_app.services.cover_refresh_provider: Apple search results query='Generated Problem Fixture Comfortably Numb Sidebar Fixture 02 2023' count=0 top=[]
2026-09-19 00:38:29,518 [INFO] music_app.services.cover_refresh_provider: {"action": "Apple cover miss", "album": "Comfortably Numb Sidebar Fixture 02", "artist": "Generated Problem Fixture", "query_mode": "artist+album+year:native", "raw_result_count": 0, "raw_results_summary": [], "top_candidates": [], "year": 2023}
2026-09-19 00:38:30,961 [VERBOSE] music_app.services.cover_provider_http: Cover HTTP success service=apple context=search:Generated Problem Fixture Comfortably Numb Sidebar Fixture 03 2023 status=200 url=http://127.0.0.1:5302/itunes/search?term=Generated+Problem+Fixture+Comfortably+Numb+Sidebar+Fixture+03+2023&entity=album&limit=20 bytes=33
2026-09-19 00:38:30,961 [VERBOSE] music_app.services.cover_refresh_provider: Apple raw search results query='Generated Problem Fixture Comfortably Numb Sidebar Fixture 03 2023' artist='Generated Problem Fixture' album='Comfortably Numb Sidebar Fixture 03' year=2023 results=[]
2026-09-19 00:38:30,961 [VERBOSE] music_app.services.cover_refresh_provider: Apple search results query='Generated Problem Fixture Comfortably Numb Sidebar Fixture 03 2023' count=0 top=[]
2026-09-19 00:38:30,961 [INFO] music_app.services.cover_refresh_provider: {"action": "Apple cover miss", "album": "Comfortably Numb Sidebar Fixture 03", "artist": "Generated Problem Fixture", "query_mode": "artist+album+year:native", "raw_result_count": 0, "raw_results_summary": [], "top_candidates": [], "year": 2023}
2026-09-19 00:38:31,095 [VERBOSE] music_app.services.cover_provider_http: Cover HTTP success service=apple context=artist-id-search:Generated Problem Fixture status=200 url=http://127.0.0.1:5302/itunes/search?term=Generated+Problem+Fixture&entity=musicArtist&limit=10 bytes=33
2026-09-19 00:38:31,096 [INFO] music_app.services.cover_refresh_provider: {"action": "Apple artist lookup results", "album": "Comfortably Numb Sidebar Fixture 01", "artist": "Generated Problem Fixture", "query_artist": "Generated Problem Fixture", "result_count": 0, "top_results": []}
2026-09-19 00:38:31,471 [VERBOSE] music_app.services.cover_provider_http: Cover HTTP success service=apple context=search:Generated Problem Fixture Comfortably Numb Sidebar Fixture 04 2023 status=200 url=http://127.0.0.1:5302/itunes/search?term=Generated+Problem+Fixture+Comfortably+Numb+Sidebar+Fixture+04+2023&entity=album&limit=20 bytes=33
2026-09-19 00:38:31,471 [VERBOSE] music_app.services.cover_refresh_provider: Apple raw search results query='Generated Problem Fixture Comfortably Numb Sidebar Fixture 04 2023' artist='Generated Problem Fixture' album='Comfortably Numb Sidebar Fixture 04' year=2023 results=[]
2026-09-19 00:38:31,471 [VERBOSE] music_app.services.cover_refresh_provider: Apple search results query='Generated Problem Fixture Comfortably Numb Sidebar Fixture 04 2023' count=0 top=[]
2026-09-19 00:38:31,471 [INFO] music_app.services.cover_refresh_provider: {"action": "Apple cover miss", "album": "Comfortably Numb Sidebar Fixture 04", "artist": "Generated Problem Fixture", "query_mode": "artist+album+year:native", "raw_result_count": 0, "raw_results_summary": [], "top_candidates": [], "year": 2023}
2026-09-19 00:38:32,327 [VERBOSE] music_app.services.cover_provider_http: Cover HTTP success service=apple context=artist-id-search:Generated Problem Fixture status=200 url=http://127.0.0.1:5302/itunes/search?term=Generated+Problem+Fixture&entity=musicArtist&limit=10 bytes=33
2026-09-19 00:38:32,327 [INFO] music_app.services.cover_refresh_provider: {"action": "Apple artist lookup results", "album": "Comfortably Numb Sidebar Fixture 02", "artist": "Generated Problem Fixture", "query_artist": "Generated Problem Fixture", "result_count": 0, "top_results": []}
2026-09-19 00:38:33,015 [VERBOSE] music_app.services.cover_provider_http: Cover HTTP success service=apple context=artist-id-search:Generated Problem Fixture status=200 url=http://127.0.0.1:5302/itunes/search?term=Generated+Problem+Fixture&entity=musicArtist&limit=10 bytes=33
2026-09-19 00:38:33,015 [INFO] music_app.services.cover_refresh_provider: {"action": "Apple artist lookup results", "album": "Comfortably Numb Sidebar Fixture 03", "artist": "Generated Problem Fixture", "query_artist": "Generated Problem Fixture", "result_count": 0, "top_results": []}
2026-09-19 00:38:33,235 [VERBOSE] music_app.services.cover_provider_http: Cover HTTP success service=apple context=search:Generated Problem Fixture Comfortably Numb Sidebar Fixture 01 status=200 url=http://127.0.0.1:5302/itunes/search?term=Generated+Problem+Fixture+Comfortably+Numb+Sidebar+Fixture+01&entity=album&limit=20 bytes=33
2026-09-19 00:38:33,235 [VERBOSE] music_app.services.cover_refresh_provider: Apple raw search results query='Generated Problem Fixture Comfortably Numb Sidebar Fixture 01' artist='Generated Problem Fixture' album='Comfortably Numb Sidebar Fixture 01' year=2023 results=[]
2026-09-19 00:38:33,235 [VERBOSE] music_app.services.cover_refresh_provider: Apple search results query='Generated Problem Fixture Comfortably Numb Sidebar Fixture 01' count=0 top=[]
2026-09-19 00:38:33,235 [INFO] music_app.services.cover_refresh_provider: {"action": "Apple cover miss", "album": "Comfortably Numb Sidebar Fixture 01", "artist": "Generated Problem Fixture", "query_mode": "artist+album:native", "raw_result_count": 0, "raw_results_summary": [], "top_candidates": [], "year": 2023}
2026-09-19 00:38:33,444 [VERBOSE] music_app.services.cover_provider_http: Cover HTTP success service=apple context=artist-id-search:Generated Problem Fixture status=200 url=http://127.0.0.1:5302/itunes/search?term=Generated+Problem+Fixture&entity=musicArtist&limit=10 bytes=33
2026-09-19 00:38:33,444 [INFO] music_app.services.cover_refresh_provider: {"action": "Apple artist lookup results", "album": "Comfortably Numb Sidebar Fixture 04", "artist": "Generated Problem Fixture", "query_artist": "Generated Problem Fixture", "result_count": 0, "top_results": []}
2026-09-19 00:38:33,958 [VERBOSE] music_app.services.cover_provider_http: Cover HTTP success service=apple context=search:Generated Problem Fixture Comfortably Numb Sidebar Fixture 02 status=200 url=http://127.0.0.1:5302/itunes/search?term=Generated+Problem+Fixture+Comfortably+Numb+Sidebar+Fixture+02&entity=album&limit=20 bytes=33
2026-09-19 00:38:33,958 [VERBOSE] music_app.services.cover_refresh_provider: Apple raw search results query='Generated Problem Fixture Comfortably Numb Sidebar Fixture 02' artist='Generated Problem Fixture' album='Comfortably Numb Sidebar Fixture 02' year=2023 results=[]
2026-09-19 00:38:33,958 [VERBOSE] music_app.services.cover_refresh_provider: Apple search results query='Generated Problem Fixture Comfortably Numb Sidebar Fixture 02' count=0 top=[]
2026-09-19 00:38:33,958 [INFO] music_app.services.cover_refresh_provider: {"action": "Apple cover miss", "album": "Comfortably Numb Sidebar Fixture 02", "artist": "Generated Problem Fixture", "query_mode": "artist+album:native", "raw_result_count": 0, "raw_results_summary": [], "top_candidates": [], "year": 2023}
2026-09-19 00:38:34,522 [VERBOSE] music_app.services.cover_provider_http: Cover HTTP success service=apple context=search:Generated Problem Fixture Comfortably Numb Sidebar Fixture 03 status=200 url=http://127.0.0.1:5302/itunes/search?term=Generated+Problem+Fixture+Comfortably+Numb+Sidebar+Fixture+03&entity=album&limit=20 bytes=33
2026-09-19 00:38:34,522 [VERBOSE] music_app.services.cover_refresh_provider: Apple raw search results query='Generated Problem Fixture Comfortably Numb Sidebar Fixture 03' artist='Generated Problem Fixture' album='Comfortably Numb Sidebar Fixture 03' year=2023 results=[]
2026-09-19 00:38:34,522 [VERBOSE] music_app.services.cover_refresh_provider: Apple search results query='Generated Problem Fixture Comfortably Numb Sidebar Fixture 03' count=0 top=[]
2026-09-19 00:38:34,522 [INFO] music_app.services.cover_refresh_provider: {"action": "Apple cover miss", "album": "Comfortably Numb Sidebar Fixture 03", "artist": "Generated Problem Fixture", "query_mode": "artist+album:native", "raw_result_count": 0, "raw_results_summary": [], "top_candidates": [], "year": 2023}
2026-09-19 00:38:34,949 [VERBOSE] music_app.services.cover_provider_http: Cover HTTP success service=apple context=artist-id-search:Generated Problem Fixture status=200 url=http://127.0.0.1:5302/itunes/search?term=Generated+Problem+Fixture&entity=musicArtist&limit=10 bytes=33
2026-09-19 00:38:34,949 [INFO] music_app.services.cover_refresh_provider: {"action": "Apple artist lookup results", "album": "Comfortably Numb Sidebar Fixture 01", "artist": "Generated Problem Fixture", "query_artist": "Generated Problem Fixture", "result_count": 0, "top_results": []}
2026-09-19 00:38:34,982 [VERBOSE] music_app: Cover fetch processed artist='Generated Problem Fixture' album='Comfortably Numb Sidebar Fixture 01' folder='D:\\a\\_temp\\album-haven-e2e-functional-fixtures-cover-providers\\shared\\media\\Generated Problem Fixture\\Comfortably Numb Sidebar Fixture 01' downloaded=False has_cover=False
2026-09-19 00:38:34,983 [WARNING] music_app: {"action": "Cover art update failed", "album": "Comfortably Numb Sidebar Fixture 01", "artist": "Generated Problem Fixture", "elapsed_ms": 7299.1, "folder": "D:\\a\\_temp\\album-haven-e2e-functional-fixtures-cover-providers\\shared\\media\\Generated Problem Fixture\\Comfortably Numb Sidebar Fixture 01", "force_search": false, "reason": "remote_search_returned_no_candidate", "resolver_trace": [{"apple_http_trace": [{"context": "search:Generated Problem Fixture Comfortably Numb Sidebar Fixture 01 2023", "elapsed_ms": 1468.79, "status": "success:200"}, {"context": "artist-id-search:Generated Problem Fixture", "elapsed_ms": 1961.06, "status": "success:200"}, {"context": "search:Generated Problem Fixture Comfortably Numb Sidebar Fixture 01", "elapsed_ms": 2140.01, "status": "success:200"}, {"context": "artist-id-search:Generated Problem Fixture", "elapsed_ms": 1711.54, "status": "success:200"}], "elapsed_ms": 7284.3, "resolver": "_search_apple", "status": "no_candidate"}], "status": "missing_cover_art"}
2026-09-19 00:38:35,225 [VERBOSE] music_app.services.cover_provider_http: Cover HTTP success service=apple context=search:Generated Problem Fixture Comfortably Numb Sidebar Fixture 04 status=200 url=http://127.0.0.1:5302/itunes/search?term=Generated+Problem+Fixture+Comfortably+Numb+Sidebar+Fixture+04&entity=album&limit=20 bytes=33
2026-09-19 00:38:35,226 [VERBOSE] music_app.services.cover_refresh_provider: Apple raw search results query='Generated Problem Fixture Comfortably Numb Sidebar Fixture 04' artist='Generated Problem Fixture' album='Comfortably Numb Sidebar Fixture 04' year=2023 results=[]
2026-09-19 00:38:35,226 [VERBOSE] music_app.services.cover_refresh_provider: Apple search results query='Generated Problem Fixture Comfortably Numb Sidebar Fixture 04' count=0 top=[]
2026-09-19 00:38:35,226 [INFO] music_app.services.cover_refresh_provider: {"action": "Apple cover miss", "album": "Comfortably Numb Sidebar Fixture 04", "artist": "Generated Problem Fixture", "query_mode": "artist+album:native", "raw_result_count": 0, "raw_results_summary": [], "top_candidates": [], "year": 2023}
2026-09-19 00:38:35,575 [VERBOSE] music_app.services.cover_provider_http: Cover HTTP success service=apple context=artist-id-search:Generated Problem Fixture status=200 url=http://127.0.0.1:5302/itunes/search?term=Generated+Problem+Fixture&entity=musicArtist&limit=10 bytes=33
2026-09-19 00:38:35,576 [INFO] music_app.services.cover_refresh_provider: {"action": "Apple artist lookup results", "album": "Comfortably Numb Sidebar Fixture 02", "artist": "Generated Problem Fixture", "query_artist": "Generated Problem Fixture", "result_count": 0, "top_results": []}
2026-09-19 00:38:35,584 [VERBOSE] music_app: Cover fetch processed artist='Generated Problem Fixture' album='Comfortably Numb Sidebar Fixture 02' folder='D:\\a\\_temp\\album-haven-e2e-functional-fixtures-cover-providers\\shared\\media\\Generated Problem Fixture\\Comfortably Numb Sidebar Fixture 02' downloaded=False has_cover=False
2026-09-19 00:38:35,585 [WARNING] music_app: {"action": "Cover art update failed", "album": "Comfortably Numb Sidebar Fixture 02", "artist": "Generated Problem Fixture", "elapsed_ms": 7638.84, "folder": "D:\\a\\_temp\\album-haven-e2e-functional-fixtures-cover-providers\\shared\\media\\Generated Problem Fixture\\Comfortably Numb Sidebar Fixture 02", "force_search": false, "reason": "remote_search_returned_no_candidate", "resolver_trace": [{"apple_http_trace": [{"context": "search:Generated Problem Fixture Comfortably Numb Sidebar Fixture 02 2023", "elapsed_ms": 1578.13, "status": "success:200"}, {"context": "artist-id-search:Generated Problem Fixture", "elapsed_ms": 2808.57, "status": "success:200"}, {"context": "search:Generated Problem Fixture Comfortably Numb Sidebar Fixture 02", "elapsed_ms": 1629.95, "status": "success:200"}, {"context": "artist-id-search:Generated Problem Fixture", "elapsed_ms": 1617.1, "status": "success:200"}], "elapsed_ms": 7636.39, "resolver": "_search_apple", "status": "no_candidate"}], "status": "missing_cover_art"}
2026-09-19 00:38:36,132 [VERBOSE] music_app.services.cover_provider_http: Cover HTTP success service=apple context=artist-id-search:Generated Problem Fixture status=200 url=http://127.0.0.1:5302/itunes/search?term=Generated+Problem+Fixture&entity=musicArtist&limit=10 bytes=33
2026-09-19 00:38:36,132 [INFO] music_app.services.cover_refresh_provider: {"action": "Apple artist lookup results", "album": "Comfortably Numb Sidebar Fixture 03", "artist": "Generated Problem Fixture", "query_artist": "Generated Problem Fixture", "result_count": 0, "top_results": []}
2026-09-19 00:38:36,134 [VERBOSE] music_app: Cover fetch processed artist='Generated Problem Fixture' album='Comfortably Numb Sidebar Fixture 03' folder='D:\\a\\_temp\\album-haven-e2e-functional-fixtures-cover-providers\\shared\\media\\Generated Problem Fixture\\Comfortably Numb Sidebar Fixture 03' downloaded=False has_cover=False
2026-09-19 00:38:36,134 [WARNING] music_app: {"action": "Cover art update failed", "album": "Comfortably Numb Sidebar Fixture 03", "artist": "Generated Problem Fixture", "elapsed_ms": 7574.87, "folder": "D:\\a\\_temp\\album-haven-e2e-functional-fixtures-cover-providers\\shared\\media\\Generated Problem Fixture\\Comfortably Numb Sidebar Fixture 03", "force_search": false, "reason": "remote_search_returned_no_candidate", "resolver_trace": [{"apple_http_trace": [{"context": "search:Generated Problem Fixture Comfortably Numb Sidebar Fixture 03 2023", "elapsed_ms": 2385.94, "status": "success:200"}, {"context": "artist-id-search:Generated Problem Fixture", "elapsed_ms": 2052.77, "status": "success:200"}, {"context": "search:Generated Problem Fixture Comfortably Numb Sidebar Fixture 03", "elapsed_ms": 1506.41, "status": "success:200"}, {"context": "artist-id-search:Generated Problem Fixture", "elapsed_ms": 1610.56, "status": "success:200"}], "elapsed_ms": 7572.3, "resolver": "_search_apple", "status": "no_candidate"}], "status": "missing_cover_art"}
2026-09-19 00:38:36,511 [VERBOSE] music_app.services.cover_provider_http: Cover HTTP success service=apple context=search:Generated Problem Fixture Comfortably Numb Sidebar Fixture 05 2023 status=200 url=http://127.0.0.1:5302/itunes/search?term=Generated+Problem+Fixture+Comfortably+Numb+Sidebar+Fixture+05+2023&entity=album&limit=20 bytes=33
2026-09-19 00:38:36,513 [VERBOSE] music_app.services.cover_refresh_provider: Apple raw search results query='Generated Problem Fixture Comfortably Numb Sidebar Fixture 05 2023' artist='Generated Problem Fixture' album='Comfortably Numb Sidebar Fixture 05' year=2023 results=[]
2026-09-19 00:38:36,513 [VERBOSE] music_app.services.cover_refresh_provider: Apple search results query='Generated Problem Fixture Comfortably Numb Sidebar Fixture 05 2023' count=0 top=[]
2026-09-19 00:38:36,513 [INFO] music_app.services.cover_refresh_provider: {"action": "Apple cover miss", "album": "Comfortably Numb Sidebar Fixture 05", "artist": "Generated Problem Fixture", "query_mode": "artist+album+year:native", "raw_result_count": 0, "raw_results_summary": [], "top_candidates": [], "year": 2023}
2026-09-19 00:38:36,893 [VERBOSE] music_app.services.cover_provider_http: Cover HTTP success service=apple context=artist-id-search:Generated Problem Fixture status=200 url=http://127.0.0.1:5302/itunes/search?term=Generated+Problem+Fixture&entity=musicArtist&limit=10 bytes=33
2026-09-19 00:38:36,893 [INFO] music_app.services.cover_refresh_provider: {"action": "Apple artist lookup results", "album": "Comfortably Numb Sidebar Fixture 04", "artist": "Generated Problem Fixture", "query_artist": "Generated Problem Fixture", "result_count": 0, "top_results": []}
2026-09-19 00:38:36,893 [VERBOSE] music_app: Cover fetch processed artist='Generated Problem Fixture' album='Comfortably Numb Sidebar Fixture 04' folder='D:\\a\\_temp\\album-haven-e2e-functional-fixtures-cover-providers\\shared\\media\\Generated Problem Fixture\\Comfortably Numb Sidebar Fixture 04' downloaded=False has_cover=False
2026-09-19 00:38:36,893 [WARNING] music_app: {"action": "Cover art update failed", "album": "Comfortably Numb Sidebar Fixture 04", "artist": "Generated Problem Fixture", "elapsed_ms": 7558.6, "folder": "D:\\a\\_temp\\album-haven-e2e-functional-fixtures-cover-providers\\shared\\media\\Generated Problem Fixture\\Comfortably Numb Sidebar Fixture 04", "force_search": false, "reason": "remote_search_returned_no_candidate", "resolver_trace": [{"apple_http_trace": [{"context": "search:Generated Problem Fixture Comfortably Numb Sidebar Fixture 04 2023", "elapsed_ms": 2114.3, "status": "success:200"}, {"context": "artist-id-search:Generated Problem Fixture", "elapsed_ms": 1972.46, "status": "success:200"}, {"context": "search:Generated Problem Fixture Comfortably Numb Sidebar Fixture 04", "elapsed_ms": 1781.06, "status": "success:200"}, {"context": "artist-id-search:Generated Problem Fixture", "elapsed_ms": 1666.8, "status": "success:200"}], "elapsed_ms": 7537.22, "resolver": "_search_apple", "status": "no_candidate"}], "status": "missing_cover_art"}
2026-09-19 00:38:37,386 [VERBOSE] music_app.services.cover_provider_http: Cover HTTP success service=apple context=search:Generated Problem Fixture Comfortably Numb Sidebar Fixture 06 2023 status=200 url=http://127.0.0.1:5302/itunes/search?term=Generated+Problem+Fixture+Comfortably+Numb+Sidebar+Fixture+06+2023&entity=album&limit=20 bytes=33
2026-09-19 00:38:37,386 [VERBOSE] music_app.services.cover_refresh_provider: Apple raw search results query='Generated Problem Fixture Comfortably Numb Sidebar Fixture 06 2023' artist='Generated Problem Fixture' album='Comfortably Numb Sidebar Fixture 06' year=2023 results=[]
2026-09-19 00:38:37,387 [VERBOSE] music_app.services.cover_refresh_provider: Apple search results query='Generated Problem Fixture Comfortably Numb Sidebar Fixture 06 2023' count=0 top=[]
2026-09-19 00:38:37,387 [INFO] music_app.services.cover_refresh_provider: {"action": "Apple cover miss", "album": "Comfortably Numb Sidebar Fixture 06", "artist": "Generated Problem Fixture", "query_mode": "artist+album+year:native", "raw_result_count": 0, "raw_results_summary": [], "top_candidates": [], "year": 2023}
2026-09-19 00:38:37,744 [VERBOSE] music_app.services.cover_provider_http: Cover HTTP success service=apple context=search:Generated Problem Fixture Comfortably Numb Sidebar Fixture 07 2023 status=200 url=http://127.0.0.1:5302/itunes/search?term=Generated+Problem+Fixture+Comfortably+Numb+Sidebar+Fixture+07+2023&entity=album&limit=20 bytes=33
2026-09-19 00:38:37,745 [VERBOSE] music_app.services.cover_refresh_provider: Apple raw search results query='Generated Problem Fixture Comfortably Numb Sidebar Fixture 07 2023' artist='Generated Problem Fixture' album='Comfortably Numb Sidebar Fixture 07' year=2023 results=[]
2026-09-19 00:38:37,745 [VERBOSE] music_app.services.cover_refresh_provider: Apple search results query='Generated Problem Fixture Comfortably Numb Sidebar Fixture 07 2023' count=0 top=[]
2026-09-19 00:38:37,745 [INFO] music_app.services.cover_refresh_provider: {"action": "Apple cover miss", "album": "Comfortably Numb Sidebar Fixture 07", "artist": "Generated Problem Fixture", "query_mode": "artist+album+year:native", "raw_result_count": 0, "raw_results_summary": [], "top_candidates": [], "year": 2023}
2026-09-19 00:38:38,152 [VERBOSE] music_app.services.cover_provider_http: Cover HTTP success service=apple context=artist-id-search:Generated Problem Fixture status=200 url=http://127.0.0.1:5302/itunes/search?term=Generated+Problem+Fixture&entity=musicArtist&limit=10 bytes=33
2026-09-19 00:38:38,152 [INFO] music_app.services.cover_refresh_provider: {"action": "Apple artist lookup results", "album": "Comfortably Numb Sidebar Fixture 05", "artist": "Generated Problem Fixture", "query_artist": "Generated Problem Fixture", "result_count": 0, "top_results": []}
2026-09-19 00:38:38,711 [VERBOSE] music_app.services.cover_provider_http: Cover HTTP success service=apple context=search:Generated Problem Fixture Comfortably Numb Sidebar Fixture 08 2023 status=200 url=http://127.0.0.1:5302/itunes/search?term=Generated+Problem+Fixture+Comfortably+Numb+Sidebar+Fixture+08+2023&entity=album&limit=20 bytes=33
2026-09-19 00:38:38,711 [VERBOSE] music_app.services.cover_refresh_provider: Apple raw search results query='Generated Problem Fixture Comfortably Numb Sidebar Fixture 08 2023' artist='Generated Problem Fixture' album='Comfortably Numb Sidebar Fixture 08' year=2023 results=[]
2026-09-19 00:38:38,711 [VERBOSE] music_app.services.cover_refresh_provider: Apple search results query='Generated Problem Fixture Comfortably Numb Sidebar Fixture 08 2023' count=0 top=[]
2026-09-19 00:38:38,711 [INFO] music_app.services.cover_refresh_provider: {"action": "Apple cover miss", "album": "Comfortably Numb Sidebar Fixture 08", "artist": "Generated Problem Fixture", "query_mode": "artist+album+year:native", "raw_result_count": 0, "raw_results_summary": [], "top_candidates": [], "year": 2023}
2026-09-19 00:38:38,955 [VERBOSE] music_app.services.cover_provider_http: Cover HTTP success service=apple context=artist-id-search:Generated Problem Fixture status=200 url=http://127.0.0.1:5302/itunes/search?term=Generated+Problem+Fixture&entity=musicArtist&limit=10 bytes=33
2026-09-19 00:38:38,955 [INFO] music_app.services.cover_refresh_provider: {"action": "Apple artist lookup results", "album": "Comfortably Numb Sidebar Fixture 06", "artist": "Generated Problem Fixture", "query_artist": "Generated Problem Fixture", "result_count": 0, "top_results": []}
2026-09-19 00:38:39,450 [VERBOSE] music_app.services.cover_provider_http: Cover HTTP success service=apple context=artist-id-search:Generated Problem Fixture status=200 url=http://127.0.0.1:5302/itunes/search?term=Generated+Problem+Fixture&entity=musicArtist&limit=10 bytes=33
2026-09-19 00:38:39,450 [INFO] music_app.services.cover_refresh_provider: {"action": "Apple artist lookup results", "album": "Comfortably Numb Sidebar Fixture 07", "artist": "Generated Problem Fixture", "query_artist": "Generated Problem Fixture", "result_count": 0, "top_results": []}
2026-09-19 00:38:39,694 [VERBOSE] music_app.services.cover_provider_http: Cover HTTP success service=apple context=search:Generated Problem Fixture Comfortably Numb Sidebar Fixture 05 status=200 url=http://127.0.0.1:5302/itunes/search?term=Generated+Problem+Fixture+Comfortably+Numb+Sidebar+Fixture+05&entity=album&limit=20 bytes=33
2026-09-19 00:38:39,696 [VERBOSE] music_app.services.cover_refresh_provider: Apple raw search results query='Generated Problem Fixture Comfortably Numb Sidebar Fixture 05' artist='Generated Problem Fixture' album='Comfortably Numb Sidebar Fixture 05' year=2023 results=[]
2026-09-19 00:38:39,696 [VERBOSE] music_app.services.cover_refresh_provider: Apple search results query='Generated Problem Fixture Comfortably Numb Sidebar Fixture 05' count=0 top=[]
2026-09-19 00:38:39,696 [INFO] music_app.services.cover_refresh_provider: {"action": "Apple cover miss", "album": "Comfortably Numb Sidebar Fixture 05", "artist": "Generated Problem Fixture", "query_mode": "artist+album:native", "raw_result_count": 0, "raw_results_summary": [], "top_candidates": [], "year": 2023}
2026-09-19 00:38:40,212 [VERBOSE] music_app.services.cover_provider_http: Cover HTTP success service=apple context=artist-id-search:Generated Problem Fixture status=200 url=http://127.0.0.1:5302/itunes/search?term=Generated+Problem+Fixture&entity=musicArtist&limit=10 bytes=33
2026-09-19 00:38:40,212 [INFO] music_app.services.cover_refresh_provider: {"action": "Apple artist lookup results", "album": "Comfortably Numb Sidebar Fixture 08", "artist": "Generated Problem Fixture", "query_artist": "Generated Problem Fixture", "result_count": 0, "top_results": []}
2026-09-19 00:38:40,550 [VERBOSE] music_app.services.cover_provider_http: Cover HTTP success service=apple context=search:Generated Problem Fixture Comfortably Numb Sidebar Fixture 06 status=200 url=http://127.0.0.1:5302/itunes/search?term=Generated+Problem+Fixture+Comfortably+Numb+Sidebar+Fixture+06&entity=album&limit=20 bytes=33
2026-09-19 00:38:40,550 [VERBOSE] music_app.services.cover_refresh_provider: Apple raw search results query='Generated Problem Fixture Comfortably Numb Sidebar Fixture 06' artist='Generated Problem Fixture' album='Comfortably Numb Sidebar Fixture 06' year=2023 results=[]
2026-09-19 00:38:40,550 [VERBOSE] music_app.services.cover_refresh_provider: Apple search results query='Generated Problem Fixture Comfortably Numb Sidebar Fixture 06' count=0 top=[]
2026-09-19 00:38:40,550 [INFO] music_app.services.cover_refresh_provider: {"action": "Apple cover miss", "album": "Comfortably Numb Sidebar Fixture 06", "artist": "Generated Problem Fixture", "query_mode": "artist+album:native", "raw_result_count": 0, "raw_results_summary": [], "top_candidates": [], "year": 2023}
2026-09-19 00:38:41,153 [VERBOSE] music_app.services.cover_provider_http: Cover HTTP success service=apple context=search:Generated Problem Fixture Comfortably Numb Sidebar Fixture 07 status=200 url=http://127.0.0.1:5302/itunes/search?term=Generated+Problem+Fixture+Comfortably+Numb+Sidebar+Fixture+07&entity=album&limit=20 bytes=33
2026-09-19 00:38:41,153 [VERBOSE] music_app.services.cover_refresh_provider: Apple raw search results query='Generated Problem Fixture Comfortably Numb Sidebar Fixture 07' artist='Generated Problem Fixture' album='Comfortably Numb Sidebar Fixture 07' year=2023 results=[]
2026-09-19 00:38:41,153 [VERBOSE] music_app.services.cover_refresh_provider: Apple search results query='Generated Problem Fixture Comfortably Numb Sidebar Fixture 07' count=0 top=[]
2026-09-19 00:38:41,153 [INFO] music_app.services.cover_refresh_provider: {"action": "Apple cover miss", "album": "Comfortably Numb Sidebar Fixture 07", "artist": "Generated Problem Fixture", "query_mode": "artist+album:native", "raw_result_count": 0, "raw_results_summary": [], "top_candidates": [], "year": 2023}
2026-09-19 00:38:41,516 [VERBOSE] music_app.services.cover_provider_http: Cover HTTP success service=apple context=artist-id-search:Generated Problem Fixture status=200 url=http://127.0.0.1:5302/itunes/search?term=Generated+Problem+Fixture&entity=musicArtist&limit=10 bytes=33
2026-09-19 00:38:41,516 [INFO] music_app.services.cover_refresh_provider: {"action": "Apple artist lookup results", "album": "Comfortably Numb Sidebar Fixture 05", "artist": "Generated Problem Fixture", "query_artist": "Generated Problem Fixture", "result_count": 0, "top_results": []}
2026-09-19 00:38:41,516 [VERBOSE] music_app: Cover fetch processed artist='Generated Problem Fixture' album='Comfortably Numb Sidebar Fixture 05' folder='D:\\a\\_temp\\album-haven-e2e-functional-fixtures-cover-providers\\shared\\media\\Generated Problem Fixture\\Comfortably Numb Sidebar Fixture 05' downloaded=False has_cover=False
2026-09-19 00:38:41,526 [WARNING] music_app: {"action": "Cover art update failed", "album": "Comfortably Numb Sidebar Fixture 05", "artist": "Generated Problem Fixture", "elapsed_ms": 6567.72, "folder": "D:\\a\\_temp\\album-haven-e2e-functional-fixtures-cover-providers\\shared\\media\\Generated Problem Fixture\\Comfortably Numb Sidebar Fixture 05", "force_search": false, "reason": "remote_search_returned_no_candidate", "resolver_trace": [{"apple_http_trace": [{"context": "search:Generated Problem Fixture Comfortably Numb Sidebar Fixture 05 2023", "elapsed_ms": 1560.18, "status": "success:200"}, {"context": "artist-id-search:Generated Problem Fixture", "elapsed_ms": 1638.6, "status": "success:200"}, {"context": "search:Generated Problem Fixture Comfortably Numb Sidebar Fixture 05", "elapsed_ms": 1543.06, "status": "success:200"}, {"context": "artist-id-search:Generated Problem Fixture", "elapsed_ms": 1820.25, "status": "success:200"}], "elapsed_ms": 6564.5, "resolver": "_search_apple", "status": "no_candidate"}], "status": "missing_cover_art"}
2026-09-19 00:38:42,050 [VERBOSE] music_app.services.cover_provider_http: Cover HTTP success service=apple context=search:Generated Problem Fixture Comfortably Numb Sidebar Fixture 08 status=200 url=http://127.0.0.1:5302/itunes/search?term=Generated+Problem+Fixture+Comfortably+Numb+Sidebar+Fixture+08&entity=album&limit=20 bytes=33
2026-09-19 00:38:42,052 [VERBOSE] music_app.services.cover_refresh_provider: Apple raw search results query='Generated Problem Fixture Comfortably Numb Sidebar Fixture 08' artist='Generated Problem Fixture' album='Comfortably Numb Sidebar Fixture 08' year=2023 results=[]
2026-09-19 00:38:42,052 [VERBOSE] music_app.services.cover_refresh_provider: Apple search results query='Generated Problem Fixture Comfortably Numb Sidebar Fixture 08' count=0 top=[]
2026-09-19 00:38:42,052 [INFO] music_app.services.cover_refresh_provider: {"action": "Apple cover miss", "album": "Comfortably Numb Sidebar Fixture 08", "artist": "Generated Problem Fixture", "query_mode": "artist+album:native", "raw_result_count": 0, "raw_results_summary": [], "top_candidates": [], "year": 2023}
2026-09-19 00:38:42,216 [VERBOSE] music_app.services.cover_provider_http: Cover HTTP success service=apple context=artist-id-search:Generated Problem Fixture status=200 url=http://127.0.0.1:5302/itunes/search?term=Generated+Problem+Fixture&entity=musicArtist&limit=10 bytes=33
2026-09-19 00:38:42,216 [INFO] music_app.services.cover_refresh_provider: {"action": "Apple artist lookup results", "album": "Comfortably Numb Sidebar Fixture 06", "artist": "Generated Problem Fixture", "query_artist": "Generated Problem Fixture", "result_count": 0, "top_results": []}
2026-09-19 00:38:42,217 [VERBOSE] music_app: Cover fetch processed artist='Generated Problem Fixture' album='Comfortably Numb Sidebar Fixture 06' folder='D:\\a\\_temp\\album-haven-e2e-functional-fixtures-cover-providers\\shared\\media\\Generated Problem Fixture\\Comfortably Numb Sidebar Fixture 06' downloaded=False has_cover=False
2026-09-19 00:38:42,217 [WARNING] music_app: {"action": "Cover art update failed", "album": "Comfortably Numb Sidebar Fixture 06", "artist": "Generated Problem Fixture", "elapsed_ms": 6640.3, "folder": "D:\\a\\_temp\\album-haven-e2e-functional-fixtures-cover-providers\\shared\\media\\Generated Problem Fixture\\Comfortably Numb Sidebar Fixture 06", "force_search": false, "reason": "remote_search_returned_no_candidate", "resolver_trace": [{"apple_http_trace": [{"context": "search:Generated Problem Fixture Comfortably Numb Sidebar Fixture 06 2023", "elapsed_ms": 1807.72, "status": "success:200"}, {"context": "artist-id-search:Generated Problem Fixture", "elapsed_ms": 1567.65, "status": "success:200"}, {"context": "search:Generated Problem Fixture Comfortably Numb Sidebar Fixture 06", "elapsed_ms": 1594.88, "status": "success:200"}, {"context": "artist-id-search:Generated Problem Fixture", "elapsed_ms": 1665.24, "status": "success:200"}], "elapsed_ms": 6637.76, "resolver": "_search_apple", "status": "no_candidate"}], "status": "missing_cover_art"}
2026-09-19 00:38:42,440 [VERBOSE] music_app.services.cover_provider_http: Cover HTTP success service=apple context=artist-id-search:Generated Problem Fixture status=200 url=http://127.0.0.1:5302/itunes/search?term=Generated+Problem+Fixture&entity=musicArtist&limit=10 bytes=33
2026-09-19 00:38:42,440 [INFO] music_app.services.cover_refresh_provider: {"action": "Apple artist lookup results", "album": "Comfortably Numb Sidebar Fixture 07", "artist": "Generated Problem Fixture", "query_artist": "Generated Problem Fixture", "result_count": 0, "top_results": []}
2026-09-19 00:38:42,440 [VERBOSE] music_app: Cover fetch processed artist='Generated Problem Fixture' album='Comfortably Numb Sidebar Fixture 07' folder='D:\\a\\_temp\\album-haven-e2e-functional-fixtures-cover-providers\\shared\\media\\Generated Problem Fixture\\Comfortably Numb Sidebar Fixture 07' downloaded=False has_cover=False
2026-09-19 00:38:42,441 [WARNING] music_app: {"action": "Cover art update failed", "album": "Comfortably Numb Sidebar Fixture 07", "artist": "Generated Problem Fixture", "elapsed_ms": 6307.07, "folder": "D:\\a\\_temp\\album-haven-e2e-functional-fixtures-cover-providers\\shared\\media\\Generated Problem Fixture\\Comfortably Numb Sidebar Fixture 07", "force_search": false, "reason": "remote_search_returned_no_candidate", "resolver_trace": [{"apple_http_trace": [{"context": "search:Generated Problem Fixture Comfortably Numb Sidebar Fixture 07 2023", "elapsed_ms": 1607.78, "status": "success:200"}, {"context": "artist-id-search:Generated Problem Fixture", "elapsed_ms": 1706.34, "status": "success:200"}, {"context": "search:Generated Problem Fixture Comfortably Numb Sidebar Fixture 07", "elapsed_ms": 1702.32, "status": "success:200"}, {"context": "artist-id-search:Generated Problem Fixture", "elapsed_ms": 1285.49, "status": "success:200"}], "elapsed_ms": 6304.3, "resolver": "_search_apple", "status": "no_candidate"}], "status": "missing_cover_art"}
2026-09-19 00:38:42,988 [VERBOSE] music_app.services.cover_provider_http: Cover HTTP success service=apple context=search:Generated Problem Fixture Encoding And Missing Metadata status=200 url=http://127.0.0.1:5302/itunes/search?term=Generated+Problem+Fixture+Encoding+And+Missing+Metadata&entity=album&limit=20 bytes=33
2026-09-19 00:38:42,988 [VERBOSE] music_app.services.cover_refresh_provider: Apple raw search results query='Generated Problem Fixture Encoding And Missing Metadata' artist='Generated Problem Fixture' album='Encoding And Missing Metadata' year=None results=[]
2026-09-19 00:38:42,988 [VERBOSE] music_app.services.cover_refresh_provider: Apple search results query='Generated Problem Fixture Encoding And Missing Metadata' count=0 top=[]
2026-09-19 00:38:42,988 [INFO] music_app.services.cover_refresh_provider: {"action": "Apple cover miss", "album": "Encoding And Missing Metadata", "artist": "Generated Problem Fixture", "query_mode": "artist+album:native", "raw_result_count": 0, "raw_results_summary": [], "top_candidates": [], "year": ""}
2026-09-19 00:38:43,569 [VERBOSE] music_app.services.cover_provider_http: Cover HTTP success service=apple context=artist-id-search:Generated Problem Fixture status=200 url=http://127.0.0.1:5302/itunes/search?term=Generated+Problem+Fixture&entity=musicArtist&limit=10 bytes=33
2026-09-19 00:38:43,571 [INFO] music_app.services.cover_refresh_provider: {"action": "Apple artist lookup results", "album": "Comfortably Numb Sidebar Fixture 08", "artist": "Generated Problem Fixture", "query_artist": "Generated Problem Fixture", "result_count": 0, "top_results": []}
2026-09-19 00:38:43,571 [VERBOSE] music_app: Cover fetch processed artist='Generated Problem Fixture' album='Comfortably Numb Sidebar Fixture 08' folder='D:\\a\\_temp\\album-haven-e2e-functional-fixtures-cover-providers\\shared\\media\\Generated Problem Fixture\\Comfortably Numb Sidebar Fixture 08' downloaded=False has_cover=False
2026-09-19 00:38:43,571 [WARNING] music_app: {"action": "Cover art update failed", "album": "Comfortably Numb Sidebar Fixture 08", "artist": "Generated Problem Fixture", "elapsed_ms": 6678.21, "folder": "D:\\a\\_temp\\album-haven-e2e-functional-fixtures-cover-providers\\shared\\media\\Generated Problem Fixture\\Comfortably Numb Sidebar Fixture 08", "force_search": false, "reason": "remote_search_returned_no_candidate", "resolver_trace": [{"apple_http_trace": [{"context": "search:Generated Problem Fixture Comfortably Numb Sidebar Fixture 08 2023", "elapsed_ms": 1813.93, "status": "success:200"}, {"context": "artist-id-search:Generated Problem Fixture", "elapsed_ms": 1502.0, "status": "success:200"}, {"context": "search:Generated Problem Fixture Comfortably Numb Sidebar Fixture 08", "elapsed_ms": 1837.49, "status": "success:200"}, {"context": "artist-id-search:Generated Problem Fixture", "elapsed_ms": 1518.69, "status": "success:200"}], "elapsed_ms": 6675.38, "resolver": "_search_apple", "status": "no_candidate"}], "status": "missing_cover_art"}
2026-09-19 00:38:43,759 [VERBOSE] music_app.services.cover_provider_http: Cover HTTP success service=apple context=search:Mastodon Crack The Skye Fixture 07 2009 status=200 url=http://127.0.0.1:5302/itunes/search?term=Mastodon+Crack+The+Skye+Fixture+07+2009&entity=album&limit=20 bytes=33
2026-09-19 00:38:43,759 [VERBOSE] music_app.services.cover_refresh_provider: Apple raw search results query='Mastodon Crack The Skye Fixture 07 2009' artist='Mastodon' album='Crack The Skye Fixture 07' year=2009 results=[]
2026-09-19 00:38:43,759 [VERBOSE] music_app.services.cover_refresh_provider: Apple search results query='Mastodon Crack The Skye Fixture 07 2009' count=0 top=[]
2026-09-19 00:38:43,760 [INFO] music_app.services.cover_refresh_provider: {"action": "Apple cover miss", "album": "Crack The Skye Fixture 07", "artist": "Mastodon", "query_mode": "artist+album+year:native", "raw_result_count": 0, "raw_results_summary": [], "top_candidates": [], "year": 2009}
2026-09-19 00:38:44,034 [VERBOSE] music_app.services.cover_provider_http: Cover HTTP success service=apple context=search:Mastodon Crack The Skye Fixture 08 2009 status=200 url=http://127.0.0.1:5302/itunes/search?term=Mastodon+Crack+The+Skye+Fixture+08+2009&entity=album&limit=20 bytes=548
2026-09-19 00:38:44,034 [VERBOSE] music_app.services.cover_refresh_provider: Apple raw search results query='Mastodon Crack The Skye Fixture 08 2009' artist='Mastodon' album='Crack The Skye Fixture 08' year=2009 results=[{'wrapperType': 'collection', 'collectionType': 'Album', 'artistId': 503584, 'collectionId': 240455, 'artistName': 'Mastodon', 'collectionName': 'Crack The Skye Fixture 08', 'collectionViewUrl': 'http://cover-fixture.example:5302/apple/album/automatic-candidate-primary', 'artistViewUrl': 'http://cover-fixture.example:5302/apple/artist/automatic-candidate-primary', 'artworkUrl100': 'http://cover-fixture.example:5302/apple/artwork/automatic-candidate-primary/100x100bb.jpg', 'releaseDate': '2009-01-01T00:00:00Z'}]
2026-09-19 00:38:44,657 [VERBOSE] music_app.services.cover_provider_http: Cover HTTP success service=apple context=artist-id-search:Generated Problem Fixture status=200 url=http://127.0.0.1:5302/itunes/search?term=Generated+Problem+Fixture&entity=musicArtist&limit=10 bytes=33
2026-09-19 00:38:44,657 [INFO] music_app.services.cover_refresh_provider: {"action": "Apple artist lookup results", "album": "Encoding And Missing Metadata", "artist": "Generated Problem Fixture", "query_artist": "Generated Problem Fixture", "result_count": 0, "top_results": []}
2026-09-19 00:38:44,658 [VERBOSE] music_app: Cover fetch processed artist='Generated Problem Fixture' album='Encoding And Missing Metadata' folder='D:\\a\\_temp\\album-haven-e2e-functional-fixtures-cover-providers\\shared\\media\\Generated Problem Fixture\\Encoding And Missing Metadata' downloaded=False has_cover=False
2026-09-19 00:38:44,658 [WARNING] music_app: {"action": "Cover art update failed", "album": "Encoding And Missing Metadata", "artist": "Generated Problem Fixture", "elapsed_ms": 3140.85, "folder": "D:\\a\\_temp\\album-haven-e2e-functional-fixtures-cover-providers\\shared\\media\\Generated Problem Fixture\\Encoding And Missing Metadata", "force_search": false, "reason": "remote_search_returned_no_candidate", "resolver_trace": [{"apple_http_trace": [{"context": "search:Generated Problem Fixture Encoding And Missing Metadata", "elapsed_ms": 1467.83, "status": "success:200"}, {"context": "artist-id-search:Generated Problem Fixture", "elapsed_ms": 1669.08, "status": "success:200"}], "elapsed_ms": 3138.22, "resolver": "_search_apple", "status": "no_candidate"}], "status": "missing_cover_art"}
2026-09-19 00:38:45,214 [VERBOSE] music_app.services.cover_provider_http: Cover HTTP success service=apple context=artist-id-search:Mastodon status=200 url=http://127.0.0.1:5302/itunes/search?term=Mastodon&entity=musicArtist&limit=10 bytes=33
2026-09-19 00:38:45,214 [INFO] music_app.services.cover_refresh_provider: {"action": "Apple artist lookup results", "album": "Crack The Skye Fixture 07", "artist": "Mastodon", "query_artist": "Mastodon", "result_count": 0, "top_results": []}
2026-09-19 00:38:45,440 [VERBOSE] music_app.services.cover_provider_http: Cover HTTP success service=apple context=search:Mastodon Crack The Skye Fixture 09 2009 status=200 url=http://127.0.0.1:5302/itunes/search?term=Mastodon+Crack+The+Skye+Fixture+09+2009&entity=album&limit=20 bytes=560
2026-09-19 00:38:45,440 [VERBOSE] music_app.services.cover_refresh_provider: Apple raw search results query='Mastodon Crack The Skye Fixture 09 2009' artist='Mastodon' album='Crack The Skye Fixture 09' year=2009 results=[{'wrapperType': 'collection', 'collectionType': 'Album', 'artistId': 503584, 'collectionId': 794571, 'artistName': 'Mastodon', 'collectionName': 'Crack The Skye Fixture 09', 'collectionViewUrl': 'http://cover-fixture.example:5302/apple/album/user-owned-same-art-improvement', 'artistViewUrl': 'http://cover-fixture.example:5302/apple/artist/user-owned-same-art-improvement', 'artworkUrl100': 'http://cover-fixture.example:5302/apple/artwork/user-owned-same-art-improvement/100x100bb.jpg', 'releaseDate': '2009-01-01T00:00:00Z'}]
2026-09-19 00:38:45,969 [VERBOSE] music_app.services.cover_provider_http: Cover HTTP success service=apple context=probe:api-sufficiency:Mastodon - Crack The Skye Fixture 08 status=200 url=http://cover-fixture.example:5302/apple/artwork/automatic-candidate-primary/9999x9999-100.jpg bytes=1712782
2026-09-19 00:38:46,239 [VERBOSE] music_app.services.cover_provider_http: Cover HTTP success service=apple context=search:Mastodon Crack The Skye Fixture 10 2009 status=200 url=http://127.0.0.1:5302/itunes/search?term=Mastodon+Crack+The+Skye+Fixture+10+2009&entity=album&limit=20 bytes=33
2026-09-19 00:38:46,239 [VERBOSE] music_app.services.cover_refresh_provider: Apple raw search results query='Mastodon Crack The Skye Fixture 10 2009' artist='Mastodon' album='Crack The Skye Fixture 10' year=2009 results=[]
2026-09-19 00:38:46,239 [VERBOSE] music_app.services.cover_refresh_provider: Apple search results query='Mastodon Crack The Skye Fixture 10 2009' count=0 top=[]
2026-09-19 00:38:46,239 [INFO] music_app.services.cover_refresh_provider: {"action": "Apple cover miss", "album": "Crack The Skye Fixture 10", "artist": "Mastodon", "query_mode": "artist+album+year:native", "raw_result_count": 0, "raw_results_summary": [], "top_candidates": [], "year": 2009}
2026-09-19 00:38:46,652 [VERBOSE] music_app.services.cover_provider_http: Cover HTTP success service=apple context=search:Mastodon Crack The Skye Fixture 07 status=200 url=http://127.0.0.1:5302/itunes/search?term=Mastodon+Crack+The+Skye+Fixture+07&entity=album&limit=20 bytes=33
2026-09-19 00:38:46,652 [VERBOSE] music_app.services.cover_refresh_provider: Apple raw search results query='Mastodon Crack The Skye Fixture 07' artist='Mastodon' album='Crack The Skye Fixture 07' year=2009 results=[]
2026-09-19 00:38:46,652 [VERBOSE] music_app.services.cover_refresh_provider: Apple search results query='Mastodon Crack The Skye Fixture 07' count=0 top=[]
2026-09-19 00:38:46,652 [INFO] music_app.services.cover_refresh_provider: {"action": "Apple cover miss", "album": "Crack The Skye Fixture 07", "artist": "Mastodon", "query_mode": "artist+album:native", "raw_result_count": 0, "raw_results_summary": [], "top_candidates": [], "year": 2009}
2026-09-19 00:38:47,184 [VERBOSE] music_app.services.cover_provider_http: Cover HTTP success service=apple context=probe:api-sufficiency:Mastodon - Crack The Skye Fixture 09 status=200 url=http://cover-fixture.example:5302/apple/artwork/user-owned-same-art-improvement/9999x9999-100.jpg bytes=2080277
2026-09-19 00:38:47,422 [VERBOSE] music_app.services.cover_refresh_provider: Apple API artwork sufficient artist='Mastodon' album='Crack The Skye Fixture 09' year=2009 score=1.5900 width=3000 height=3000 sharpness=7.3519
2026-09-19 00:38:47,422 [VERBOSE] music_app.services.cover_refresh_provider: Cover candidate probe start source=apple artist='Mastodon' album='Crack The Skye Fixture 09' year=2009 query_mode=artist+album+year:native best_score=1.5900 cutoff=1.4300 contenders=[{'score': 1.59, 'url': 'http://cover-fixture.example:5302/apple/artwork/user-owned-same-art-improvement/9999x9999-100.jpg'}]
2026-09-19 00:38:47,422 [VERBOSE] music_app.services.cover_refresh_provider: Cover candidate probe result source=apple artist='Mastodon' album='Crack The Skye Fixture 09' year=2009 result={'score': 1.59, 'width': 3000, 'height': 3000, 'area': 9000000, 'sharpness': 7.3519, 'album': 'Crack The Skye Fixture 09', 'artist': 'Mastodon', 'url': 'http://cover-fixture.example:5302/apple/artwork/user-owned-same-art-improvement/9999x9999-100.jpg', 'year': 2009, 'variant': 'api-artwork', 'album_url': 'http://cover-fixture.example:5302/apple/album/user-owned-same-art-improvement'}
2026-09-19 00:38:47,424 [VERBOSE] music_app.services.cover_refresh_provider: Cover candidate selected source=apple artist='Mastodon' album='Crack The Skye Fixture 09' year=2009 query_mode=artist+album+year:native score=1.5900 width=3000 height=3000 url=http://cover-fixture.example:5302/apple/artwork/user-owned-same-art-improvement/9999x9999-100.jpg
2026-09-19 00:38:47,676 [VERBOSE] music_app.services.cover_provider_http: Cover HTTP success service=apple context=album-page:http://cover-fixture.example:5302/apple/album/automatic-candidate-primary status=200 url=http://cover-fixture.example:5302/apple/album/automatic-candidate-primary bytes=746
2026-09-19 00:38:47,678 [VERBOSE] music_app.services.cover_refresh_provider: Apple page artwork candidates page=http://cover-fixture.example:5302/apple/album/automatic-candidate-primary count=1 candidates=['http://cover-fixture.example:5302/apple/artwork/automatic-candidate-primary/9999x9999bb-100.jpg']
2026-09-19 00:38:47,678 [VERBOSE] music_app.services.cover_refresh_provider: Apple search results query='Mastodon Crack The Skye Fixture 08 2009' count=1 top=[{'score': 1.59, 'artist': 'Mastodon', 'album': 'Crack The Skye Fixture 08', 'year': 2009}]
2026-09-19 00:38:47,679 [VERBOSE] music_app.services.cover_refresh_provider: Cover candidate probe start source=apple artist='Mastodon' album='Crack The Skye Fixture 08' year=2009 query_mode=artist+album+year:native best_score=1.5900 cutoff=1.4300 contenders=[{'score': 1.59, 'url': 'http://cover-fixture.example:5302/apple/artwork/automatic-candidate-primary/9999x9999-100.jpg'}]
2026-09-19 00:38:47,814 [VERBOSE] music_app.services.cover_refresh_provider: Cover fetch candidate ready folder='D:\\a\\_temp\\album-haven-e2e-functional-fixtures-cover-providers\\shared\\media\\Mastodon\\Crack The Skye Fixture 09' artist='Mastodon' album='Crack The Skye Fixture 09' year=2009 source=apple width=3000 height=3000 remote_area=9000000 local_area=409600 remote_sharpness=7.3519 local_sharpness=7.4163
2026-09-19 00:38:47,882 [VERBOSE] music_app.services.cover_provider_http: Cover HTTP success service=apple context=artist-id-search:Mastodon status=200 url=http://127.0.0.1:5302/itunes/search?term=Mastodon&entity=musicArtist&limit=10 bytes=33
2026-09-19 00:38:47,882 [INFO] music_app.services.cover_refresh_provider: {"action": "Apple artist lookup results", "album": "Crack The Skye Fixture 10", "artist": "Mastodon", "query_artist": "Mastodon", "result_count": 0, "top_results": []}
2026-09-19 00:38:48,162 [VERBOSE] music_app.services.cover_provider_http: Cover HTTP success service=apple context=artist-id-search:Mastodon status=200 url=http://127.0.0.1:5302/itunes/search?term=Mastodon&entity=musicArtist&limit=10 bytes=33
2026-09-19 00:38:48,164 [INFO] music_app.services.cover_refresh_provider: {"action": "Apple artist lookup results", "album": "Crack The Skye Fixture 07", "artist": "Mastodon", "query_artist": "Mastodon", "result_count": 0, "top_results": []}
2026-09-19 00:38:48,164 [VERBOSE] music_app: Cover fetch processed artist='Mastodon' album='Crack The Skye Fixture 07' folder='D:\\a\\_temp\\album-haven-e2e-functional-fixtures-cover-providers\\shared\\media\\Mastodon\\Crack The Skye Fixture 07' downloaded=False has_cover=False
2026-09-19 00:38:48,164 [WARNING] music_app: {"action": "Cover art update failed", "album": "Crack The Skye Fixture 07", "artist": "Mastodon", "elapsed_ms": 5947.98, "folder": "D:\\a\\_temp\\album-haven-e2e-functional-fixtures-cover-providers\\shared\\media\\Mastodon\\Crack The Skye Fixture 07", "force_search": false, "reason": "remote_search_returned_no_candidate", "resolver_trace": [{"apple_http_trace": [{"context": "search:Mastodon Crack The Skye Fixture 07 2009", "elapsed_ms": 1540.04, "status": "success:200"}, {"context": "artist-id-search:Mastodon", "elapsed_ms": 1454.69, "status": "success:200"}, {"context": "search:Mastodon Crack The Skye Fixture 07", "elapsed_ms": 1436.75, "status": "success:200"}, {"context": "artist-id-search:Mastodon", "elapsed_ms": 1511.45, "status": "success:200"}], "elapsed_ms": 5945.28, "resolver": "_search_apple", "status": "no_candidate"}], "status": "missing_cover_art"}
2026-09-19 00:38:49,119 [VERBOSE] music_app.services.cover_provider_http: Cover HTTP success service=apple context=probe:artist+album+year:native:Mastodon - Crack The Skye Fixture 08 status=200 url=http://cover-fixture.example:5302/apple/artwork/automatic-candidate-primary/9999x9999-100.jpg bytes=1712782
2026-09-19 00:38:49,249 [VERBOSE] music_app.services.cover_refresh_provider: Cover candidate probe result source=apple artist='Mastodon' album='Crack The Skye Fixture 08' year=2009 result={'score': 1.59, 'width': 1800, 'height': 1800, 'area': 3240000, 'sharpness': 13.911, 'album': 'Crack The Skye Fixture 08', 'artist': 'Mastodon', 'url': 'http://cover-fixture.example:5302/apple/artwork/automatic-candidate-primary/9999x9999-100.jpg', 'year': 2009, 'variant': 'api-artwork', 'album_url': 'http://cover-fixture.example:5302/apple/album/automatic-candidate-primary'}
2026-09-19 00:38:49,251 [VERBOSE] music_app.services.cover_refresh_provider: Cover candidate selected source=apple artist='Mastodon' album='Crack The Skye Fixture 08' year=2009 query_mode=artist+album+year:native score=1.5900 width=1800 height=1800 url=http://cover-fixture.example:5302/apple/artwork/automatic-candidate-primary/9999x9999-100.jpg
2026-09-19 00:38:49,423 [VERBOSE] music_app.services.cover_refresh_provider: Cover fetch candidate ready folder='D:\\a\\_temp\\album-haven-e2e-functional-fixtures-cover-providers\\shared\\media\\Mastodon\\Crack The Skye Fixture 08' artist='Mastodon' album='Crack The Skye Fixture 08' year=2009 source=apple width=1800 height=1800 remote_area=3240000 local_area=0 remote_sharpness=13.9110 local_sharpness=0.0000
2026-09-19 00:38:49,484 [VERBOSE] music_app.services.cover_provider_http: Cover HTTP success service=apple context=search:Mastodon Crack The Skye Fixture 10 status=200 url=http://127.0.0.1:5302/itunes/search?term=Mastodon+Crack+The+Skye+Fixture+10&entity=album&limit=20 bytes=33
2026-09-19 00:38:49,484 [VERBOSE] music_app.services.cover_refresh_provider: Apple raw search results query='Mastodon Crack The Skye Fixture 10' artist='Mastodon' album='Crack The Skye Fixture 10' year=2009 results=[]
2026-09-19 00:38:49,484 [VERBOSE] music_app.services.cover_refresh_provider: Apple search results query='Mastodon Crack The Skye Fixture 10' count=0 top=[]
2026-09-19 00:38:49,484 [INFO] music_app.services.cover_refresh_provider: {"action": "Apple cover miss", "album": "Crack The Skye Fixture 10", "artist": "Mastodon", "query_mode": "artist+album:native", "raw_result_count": 0, "raw_results_summary": [], "top_candidates": [], "year": 2009}
2026-09-19 00:38:49,989 [VERBOSE] music_app: Cover fetch processed artist='Mastodon' album='Crack The Skye Fixture 08' folder='D:\\a\\_temp\\album-haven-e2e-functional-fixtures-cover-providers\\shared\\media\\Mastodon\\Crack The Skye Fixture 08' downloaded=True has_cover=True
2026-09-19 00:38:50,056 [VERBOSE] music_app.services.cover_provider_http: Cover HTTP success service=apple context=search:Neal Morse Neal Morse Plays Pink Floyd 2023 status=200 url=http://127.0.0.1:5302/itunes/search?term=Neal+Morse+Neal+Morse+Plays+Pink+Floyd+2023&entity=album&limit=20 bytes=33
2026-09-19 00:38:50,056 [VERBOSE] music_app.services.cover_refresh_provider: Apple raw search results query='Neal Morse Neal Morse Plays Pink Floyd 2023' artist='Neal Morse' album='Neal Morse Plays Pink Floyd' year=2023 results=[]
2026-09-19 00:38:50,056 [VERBOSE] music_app.services.cover_refresh_provider: Apple search results query='Neal Morse Neal Morse Plays Pink Floyd 2023' count=0 top=[]
2026-09-19 00:38:50,056 [INFO] music_app.services.cover_refresh_provider: {"action": "Apple cover miss", "album": "Neal Morse Plays Pink Floyd", "artist": "Neal Morse", "query_mode": "artist+album+year:native", "raw_result_count": 0, "raw_results_summary": [], "top_candidates": [], "year": 2023}
2026-09-19 00:38:51,018 [VERBOSE] music_app: Cover fetch processed artist='Mastodon' album='Crack The Skye Fixture 09' folder='D:\\a\\_temp\\album-haven-e2e-functional-fixtures-cover-providers\\shared\\media\\Mastodon\\Crack The Skye Fixture 09' downloaded=True has_cover=True
2026-09-19 00:38:51,279 [VERBOSE] music_app.services.cover_provider_http: Cover HTTP success service=apple context=artist-id-search:Mastodon status=200 url=http://127.0.0.1:5302/itunes/search?term=Mastodon&entity=musicArtist&limit=10 bytes=33
2026-09-19 00:38:51,281 [INFO] music_app.services.cover_refresh_provider: {"action": "Apple artist lookup results", "album": "Crack The Skye Fixture 10", "artist": "Mastodon", "query_artist": "Mastodon", "result_count": 0, "top_results": []}
2026-09-19 00:38:51,281 [VERBOSE] music_app: Cover fetch processed artist='Mastodon' album='Crack The Skye Fixture 10' folder='D:\\a\\_temp\\album-haven-e2e-functional-fixtures-cover-providers\\shared\\media\\Mastodon\\Crack The Skye Fixture 10' downloaded=False has_cover=True
2026-09-19 00:38:51,321 [VERBOSE] music_app.services.cover_provider_http: Cover HTTP success service=apple context=artist-id-search:Neal Morse status=200 url=http://127.0.0.1:5302/itunes/search?term=Neal+Morse&entity=musicArtist&limit=10 bytes=33
2026-09-19 00:38:51,321 [INFO] music_app.services.cover_refresh_provider: {"action": "Apple artist lookup results", "album": "Neal Morse Plays Pink Floyd", "artist": "Neal Morse", "query_artist": "Neal Morse", "result_count": 0, "top_results": []}
2026-09-19 00:38:51,323 [VERBOSE] music_app.services.cover_provider_http: Cover HTTP success service=apple context=search:Various Artists Mulan 1998 status=200 url=http://127.0.0.1:5302/itunes/search?term=Various+Artists+Mulan+1998&entity=album&limit=20 bytes=33
2026-09-19 00:38:51,323 [VERBOSE] music_app.services.cover_refresh_provider: Apple raw search results query='Various Artists Mulan 1998' artist='Various Artists' album='Mulan' year=1998 results=[]
2026-09-19 00:38:51,323 [VERBOSE] music_app.services.cover_refresh_provider: Apple search results query='Various Artists Mulan 1998' count=0 top=[]
2026-09-19 00:38:51,323 [INFO] music_app.services.cover_refresh_provider: {"action": "Apple cover miss", "album": "Mulan", "artist": "Various Artists", "query_mode": "artist+album+year:native", "raw_result_count": 0, "raw_results_summary": [], "top_candidates": [], "year": 1998}
2026-09-19 00:38:51,965 [VERBOSE] music_app.services.cover_provider_http: Cover HTTP success service=apple context=search:\u0414\u0414\u0422 \u0421\u0442\u0443\u0434\u0438\u0439\u043d\u044b\u0435 \u0437\u0430\u043f\u0438\u0441\u0438 1990 status=200 url=http://127.0.0.1:5302/itunes/search?term=%D0%94%D0%94%D0%A2+%D0%A1%D1%82%D1%83%D0%B4%D0%B8%D0%B9%D0%BD%D1%8B%D0%B5+%D0%B7%D0%B0%D0%BF%D0%B8%D1%81%D0%B8+1990&entity=album&limit=20 bytes=33
2026-09-19 00:38:51,965 [VERBOSE] music_app.services.cover_refresh_provider: Apple raw search results query='\u0414\u0414\u0422 \u0421\u0442\u0443\u0434\u0438\u0439\u043d\u044b\u0435 \u0437\u0430\u043f\u0438\u0441\u0438 1990' artist='\u0414\u0414\u0422' album='\u0421\u0442\u0443\u0434\u0438\u0439\u043d\u044b\u0435 \u0437\u0430\u043f\u0438\u0441\u0438' year=1990 results=[]
2026-09-19 00:38:51,965 [VERBOSE] music_app.services.cover_refresh_provider: Apple search results query='\u0414\u0414\u0422 \u0421\u0442\u0443\u0434\u0438\u0439\u043d\u044b\u0435 \u0437\u0430\u043f\u0438\u0441\u0438 1990' count=0 top=[]
2026-09-19 00:38:51,965 [INFO] music_app.services.cover_refresh_provider: {"action": "Apple cover miss", "album": "\u0421\u0442\u0443\u0434\u0438\u0439\u043d\u044b\u0435 \u0437\u0430\u043f\u0438\u0441\u0438", "artist": "\u0414\u0414\u0422", "query_mode": "artist+album+year:native", "raw_result_count": 0, "raw_results_summary": [], "top_candidates": [], "year": 1990}
2026-09-19 00:38:52,075 [VERBOSE] music_app.services.cover_provider_http: Cover HTTP success service=apple context=artist-id-search:Various Artists status=200 url=http://127.0.0.1:5302/itunes/search?term=Various+Artists&entity=musicArtist&limit=10 bytes=33
2026-09-19 00:38:52,075 [INFO] music_app.services.cover_refresh_provider: {"action": "Apple artist lookup results", "album": "Mulan", "artist": "Various Artists", "query_artist": "Various Artists", "result_count": 0, "top_results": []}
2026-09-19 00:38:52,128 [VERBOSE] music_app.services.cover_provider_http: Cover HTTP success service=apple context=search:Neal Morse Neal Morse Plays Pink Floyd status=200 url=http://127.0.0.1:5302/itunes/search?term=Neal+Morse+Neal+Morse+Plays+Pink+Floyd&entity=album&limit=20 bytes=33
2026-09-19 00:38:52,128 [VERBOSE] music_app.services.cover_refresh_provider: Apple raw search results query='Neal Morse Neal Morse Plays Pink Floyd' artist='Neal Morse' album='Neal Morse Plays Pink Floyd' year=2023 results=[]
2026-09-19 00:38:52,128 [VERBOSE] music_app.services.cover_refresh_provider: Apple search results query='Neal Morse Neal Morse Plays Pink Floyd' count=0 top=[]
2026-09-19 00:38:52,128 [INFO] music_app.services.cover_refresh_provider: {"action": "Apple cover miss", "album": "Neal Morse Plays Pink Floyd", "artist": "Neal Morse", "query_mode": "artist+album:native", "raw_result_count": 0, "raw_results_summary": [], "top_candidates": [], "year": 2023}
2026-09-19 00:38:52,744 [VERBOSE] music_app.services.cover_provider_http: Cover HTTP success service=apple context=artist-id-search:\u0414\u0414\u0422 status=200 url=http://127.0.0.1:5302/itunes/search?term=%D0%94%D0%94%D0%A2&entity=musicArtist&limit=10 bytes=33
2026-09-19 00:38:52,744 [INFO] music_app.services.cover_refresh_provider: {"action": "Apple artist lookup results", "album": "\u0421\u0442\u0443\u0434\u0438\u0439\u043d\u044b\u0435 \u0437\u0430\u043f\u0438\u0441\u0438", "artist": "\u0414\u0414\u0422", "query_artist": "\u0414\u0414\u0422", "result_count": 0, "top_results": []}
2026-09-19 00:38:52,848 [VERBOSE] music_app.services.cover_provider_http: Cover HTTP success service=apple context=search:Various Artists Mulan status=200 url=http://127.0.0.1:5302/itunes/search?term=Various+Artists+Mulan&entity=album&limit=20 bytes=33
2026-09-19 00:38:52,848 [VERBOSE] music_app.services.cover_refresh_provider: Apple raw search results query='Various Artists Mulan' artist='Various Artists' album='Mulan' year=1998 results=[]
2026-09-19 00:38:52,848 [VERBOSE] music_app.services.cover_refresh_provider: Apple search results query='Various Artists Mulan' count=0 top=[]
2026-09-19 00:38:52,848 [INFO] music_app.services.cover_refresh_provider: {"action": "Apple cover miss", "album": "Mulan", "artist": "Various Artists", "query_mode": "artist+album:native", "raw_result_count": 0, "raw_results_summary": [], "top_candidates": [], "year": 1998}
2026-09-19 00:38:52,945 [VERBOSE] music_app.services.cover_provider_http: Cover HTTP success service=apple context=artist-id-search:Neal Morse status=200 url=http://127.0.0.1:5302/itunes/search?term=Neal+Morse&entity=musicArtist&limit=10 bytes=33
2026-09-19 00:38:52,945 [INFO] music_app.services.cover_refresh_provider: {"action": "Apple artist lookup results", "album": "Neal Morse Plays Pink Floyd", "artist": "Neal Morse", "query_artist": "Neal Morse", "result_count": 0, "top_results": []}
2026-09-19 00:38:52,945 [VERBOSE] music_app: Cover fetch processed artist='Neal Morse' album='Neal Morse Plays Pink Floyd' folder='D:\\a\\_temp\\album-haven-e2e-functional-fixtures-cover-providers\\shared\\media\\Progressive Projects\\Morse Family\\Neal Morse\\Neal Morse Plays Pink Floyd' downloaded=False has_cover=False
2026-09-19 00:38:52,945 [WARNING] music_app: {"action": "Cover art update failed", "album": "Neal Morse Plays Pink Floyd", "artist": "Neal Morse", "elapsed_ms": 4780.59, "folder": "D:\\a\\_temp\\album-haven-e2e-functional-fixtures-cover-providers\\shared\\media\\Progressive Projects\\Morse Family\\Neal Morse\\Neal Morse Plays Pink Floyd", "force_search": false, "reason": "remote_search_returned_no_candidate", "resolver_trace": [{"apple_http_trace": [{"context": "search:Neal Morse Neal Morse Plays Pink Floyd 2023", "elapsed_ms": 1888.15, "status": "success:200"}, {"context": "artist-id-search:Neal Morse", "elapsed_ms": 1264.2, "status": "success:200"}, {"context": "search:Neal Morse Neal Morse Plays Pink Floyd", "elapsed_ms": 806.37, "status": "success:200"}, {"context": "artist-id-search:Neal Morse", "elapsed_ms": 816.57, "status": "success:200"}], "elapsed_ms": 4777.71, "resolver": "_search_apple", "status": "no_candidate"}], "status": "missing_cover_art"}
2026-09-19 00:38:53,358 [VERBOSE] music_app.services.cover_provider_http: Cover HTTP success service=apple context=search:\u0414\u0414\u0422 \u0421\u0442\u0443\u0434\u0438\u0439\u043d\u044b\u0435 \u0437\u0430\u043f\u0438\u0441\u0438 status=200 url=http://127.0.0.1:5302/itunes/search?term=%D0%94%D0%94%D0%A2+%D0%A1%D1%82%D1%83%D0%B4%D0%B8%D0%B9%D0%BD%D1%8B%D0%B5+%D0%B7%D0%B0%D0%BF%D0%B8%D1%81%D0%B8&entity=album&limit=20 bytes=33
2026-09-19 00:38:53,358 [VERBOSE] music_app.services.cover_refresh_provider: Apple raw search results query='\u0414\u0414\u0422 \u0421\u0442\u0443\u0434\u0438\u0439\u043d\u044b\u0435 \u0437\u0430\u043f\u0438\u0441\u0438' artist='\u0414\u0414\u0422' album='\u0421\u0442\u0443\u0434\u0438\u0439\u043d\u044b\u0435 \u0437\u0430\u043f\u0438\u0441\u0438' year=1990 results=[]
2026-09-19 00:38:53,358 [VERBOSE] music_app.services.cover_refresh_provider: Apple search results query='\u0414\u0414\u0422 \u0421\u0442\u0443\u0434\u0438\u0439\u043d\u044b\u0435 \u0437\u0430\u043f\u0438\u0441\u0438' count=0 top=[]
2026-09-19 00:38:53,358 [INFO] music_app.services.cover_refresh_provider: {"action": "Apple cover miss", "album": "\u0421\u0442\u0443\u0434\u0438\u0439\u043d\u044b\u0435 \u0437\u0430\u043f\u0438\u0441\u0438", "artist": "\u0414\u0414\u0422", "query_mode": "artist+album:native", "raw_result_count": 0, "raw_results_summary": [], "top_candidates": [], "year": 1990}
2026-09-19 00:38:53,458 [VERBOSE] music_app.services.cover_provider_http: Cover HTTP success service=apple context=artist-id-search:Various Artists status=200 url=http://127.0.0.1:5302/itunes/search?term=Various+Artists&entity=musicArtist&limit=10 bytes=33
2026-09-19 00:38:53,460 [INFO] music_app.services.cover_refresh_provider: {"action": "Apple artist lookup results", "album": "Mulan", "artist": "Various Artists", "query_artist": "Various Artists", "result_count": 0, "top_results": []}
2026-09-19 00:38:53,460 [VERBOSE] music_app: Cover fetch processed artist='Various Artists' album='Mulan' folder='D:\\a\\_temp\\album-haven-e2e-functional-fixtures-cover-providers\\shared\\media\\Various Artists\\Mulan' downloaded=False has_cover=False
2026-09-19 00:38:53,460 [WARNING] music_app: {"action": "Cover art update failed", "album": "Mulan", "artist": "Various Artists", "elapsed_ms": 3591.63, "folder": "D:\\a\\_temp\\album-haven-e2e-functional-fixtures-cover-providers\\shared\\media\\Various Artists\\Mulan", "force_search": false, "reason": "remote_search_returned_no_candidate", "resolver_trace": [{"apple_http_trace": [{"context": "search:Various Artists Mulan 1998", "elapsed_ms": 1449.28, "status": "success:200"}, {"context": "artist-id-search:Various Artists", "elapsed_ms": 750.55, "status": "success:200"}, {"context": "search:Various Artists Mulan", "elapsed_ms": 772.98, "status": "success:200"}, {"context": "artist-id-search:Various Artists", "elapsed_ms": 610.19, "status": "success:200"}], "elapsed_ms": 3585.37, "resolver": "_search_apple", "status": "no_candidate"}], "status": "missing_cover_art"}
2026-09-19 00:38:53,678 [VERBOSE] music_app.services.cover_provider_http: Cover HTTP success service=apple context=artist-id-search:\u0414\u0414\u0422 status=200 url=http://127.0.0.1:5302/itunes/search?term=%D0%94%D0%94%D0%A2&entity=musicArtist&limit=10 bytes=33
2026-09-19 00:38:53,679 [INFO] music_app.services.cover_refresh_provider: {"action": "Apple artist lookup results", "album": "\u0421\u0442\u0443\u0434\u0438\u0439\u043d\u044b\u0435 \u0437\u0430\u043f\u0438\u0441\u0438", "artist": "\u0414\u0414\u0422", "query_artist": "\u0414\u0414\u0422", "result_count": 0, "top_results": []}
2026-09-19 00:38:54,047 [VERBOSE] music_app.services.cover_provider_http: Cover HTTP success service=apple context=search:DDT Studiynye zapisi 1990 status=200 url=http://127.0.0.1:5302/itunes/search?term=DDT+Studiynye+zapisi+1990&entity=album&limit=20 bytes=33
2026-09-19 00:38:54,047 [VERBOSE] music_app.services.cover_refresh_provider: Apple raw search results query='DDT Studiynye zapisi 1990' artist='\u0414\u0414\u0422' album='\u0421\u0442\u0443\u0434\u0438\u0439\u043d\u044b\u0435 \u0437\u0430\u043f\u0438\u0441\u0438' year=1990 results=[]
2026-09-19 00:38:54,047 [VERBOSE] music_app.services.cover_refresh_provider: Apple search results query='DDT Studiynye zapisi 1990' count=0 top=[]
2026-09-19 00:38:54,047 [INFO] music_app.services.cover_refresh_provider: {"action": "Apple cover miss", "album": "\u0421\u0442\u0443\u0434\u0438\u0439\u043d\u044b\u0435 \u0437\u0430\u043f\u0438\u0441\u0438", "artist": "\u0414\u0414\u0422", "query_mode": "artist+album+year:translit", "raw_result_count": 0, "raw_results_summary": [], "top_candidates": [], "year": 1990}
2026-09-19 00:38:54,502 [VERBOSE] music_app.services.cover_provider_http: Cover HTTP success service=apple context=artist-id-search:DDT status=200 url=http://127.0.0.1:5302/itunes/search?term=DDT&entity=musicArtist&limit=10 bytes=33
2026-09-19 00:38:54,502 [INFO] music_app.services.cover_refresh_provider: {"action": "Apple artist lookup results", "album": "\u0421\u0442\u0443\u0434\u0438\u0439\u043d\u044b\u0435 \u0437\u0430\u043f\u0438\u0441\u0438", "artist": "\u0414\u0414\u0422", "query_artist": "DDT", "result_count": 0, "top_results": []}
2026-09-19 00:38:54,829 [VERBOSE] music_app.services.cover_provider_http: Cover HTTP success service=apple context=search:DDT Studiynye zapisi status=200 url=http://127.0.0.1:5302/itunes/search?term=DDT+Studiynye+zapisi&entity=album&limit=20 bytes=33
2026-09-19 00:38:54,829 [VERBOSE] music_app.services.cover_refresh_provider: Apple raw search results query='DDT Studiynye zapisi' artist='\u0414\u0414\u0422' album='\u0421\u0442\u0443\u0434\u0438\u0439\u043d\u044b\u0435 \u0437\u0430\u043f\u0438\u0441\u0438' year=1990 results=[]
2026-09-19 00:38:54,829 [VERBOSE] music_app.services.cover_refresh_provider: Apple search results query='DDT Studiynye zapisi' count=0 top=[]
2026-09-19 00:38:54,829 [INFO] music_app.services.cover_refresh_provider: {"action": "Apple cover miss", "album": "\u0421\u0442\u0443\u0434\u0438\u0439\u043d\u044b\u0435 \u0437\u0430\u043f\u0438\u0441\u0438", "artist": "\u0414\u0414\u0422", "query_mode": "artist+album:translit", "raw_result_count": 0, "raw_results_summary": [], "top_candidates": [], "year": 1990}
2026-09-19 00:38:55,220 [VERBOSE] music_app.services.cover_provider_http: Cover HTTP success service=apple context=artist-id-search:DDT status=200 url=http://127.0.0.1:5302/itunes/search?term=DDT&entity=musicArtist&limit=10 bytes=33
2026-09-19 00:38:55,221 [INFO] music_app.services.cover_refresh_provider: {"action": "Apple artist lookup results", "album": "\u0421\u0442\u0443\u0434\u0438\u0439\u043d\u044b\u0435 \u0437\u0430\u043f\u0438\u0441\u0438", "artist": "\u0414\u0414\u0422", "query_artist": "DDT", "result_count": 0, "top_results": []}
2026-09-19 00:38:55,221 [VERBOSE] music_app: Cover fetch processed artist='\u0414\u0414\u0422' album='\u0421\u0442\u0443\u0434\u0438\u0439\u043d\u044b\u0435 \u0437\u0430\u043f\u0438\u0441\u0438' folder='D:\\a\\_temp\\album-haven-e2e-functional-fixtures-cover-providers\\shared\\media\\\u0414\u0414\u0422\\\u0421\u0442\u0443\u0434\u0438\u0439\u043d\u044b\u0435 \u0437\u0430\u043f\u0438\u0441\u0438' downloaded=False has_cover=False
2026-09-19 00:38:55,221 [WARNING] music_app: {"action": "Cover art update failed", "album": "\u0421\u0442\u0443\u0434\u0438\u0439\u043d\u044b\u0435 \u0437\u0430\u043f\u0438\u0441\u0438", "artist": "\u0414\u0414\u0422", "elapsed_ms": 4271.53, "folder": "D:\\a\\_temp\\album-haven-e2e-functional-fixtures-cover-providers\\shared\\media\\\u0414\u0414\u0422\\\u0421\u0442\u0443\u0434\u0438\u0439\u043d\u044b\u0435 \u0437\u0430\u043f\u0438\u0441\u0438", "force_search": false, "reason": "remote_search_returned_no_candidate", "resolver_trace": [{"apple_http_trace": [{"context": "search:\u0414\u0414\u0422 \u0421\u0442\u0443\u0434\u0438\u0439\u043d\u044b\u0435 \u0437\u0430\u043f\u0438\u0441\u0438 1990", "elapsed_ms": 1014.26, "status": "success:200"}, {"context": "artist-id-search:\u0414\u0414\u0422", "elapsed_ms": 776.96, "status": "success:200"}, {"context": "search:\u0414\u0414\u0422 \u0421\u0442\u0443\u0434\u0438\u0439\u043d\u044b\u0435 \u0437\u0430\u043f\u0438\u0441\u0438", "elapsed_ms": 613.18, "status": "success:200"}, {"context": "artist-id-search:\u0414\u0414\u0422", "elapsed_ms": 319.84, "status": "success:200"}, {"context": "search:DDT Studiynye zapisi 1990", "elapsed_ms": 367.42, "status": "success:200"}, {"context": "artist-id-search:DDT", "elapsed_ms": 454.61, "status": "success:200"}, {"context": "search:DDT Studiynye zapisi", "elapsed_ms": 326.12, "status": "success:200"}, {"context": "artist-id-search:DDT", "elapsed_ms": 390.98, "status": "success:200"}], "elapsed_ms": 4269.47, "resolver": "_search_apple", "status": "no_candidate"}], "status": "missing_cover_art"}
2026-09-19 00:38:56,972 [INFO] music_app: {"action": "Cover art update completed", "album_count": 16, "downloaded": 2, "downloaded_paths": ["D:\\a\\_temp\\album-haven-e2e-functional-fixtures-cover-providers\\shared\\media\\Mastodon\\Crack The Skye Fixture 08\\cover.jpg", "D:\\a\\_temp\\album-haven-e2e-functional-fixtures-cover-providers\\shared\\media\\Mastodon\\Crack The Skye Fixture 09\\cover.jpg"], "failed": 13, "files": ["D:\\a\\_temp\\album-haven-e2e-functional-fixtures-cover-providers\\shared\\media\\Mastodon\\Crack The Skye Fixture 08\\cover.jpg", "D:\\a\\_temp\\album-haven-e2e-functional-fixtures-cover-providers\\shared\\media\\Mastodon\\Crack The Skye Fixture 09\\cover.jpg"], "mode": "background", "not_found": 13, "not_touched": 1, "processed": 16, "skipped": 1}
2026-09-19 00:38:58,880 [INFO] music_app: {"action": "Index request completed", "album_count": 0, "artist_count": 0, "bootstrap_mode": "fresh_preview", "covers_in_progress": false, "elapsed_ms": 354.21, "hydrate_in_progress": false, "payload_elapsed_ms": 283.89, "query": "", "scan_in_progress": false, "selected_artist": ""}
  [PASS] Apply a better version of the same artwork while preserving user ownership (57975 ms)
  [STEP] Keep different automatic artwork suggestion-only and show its indicator
2026-09-19 00:39:13,486 [WARNING] music_app: refresh_api: payload keys=['full_rescan']
2026-09-19 00:39:13,550 [INFO] music_app: {"action": "Library indexing started", "force": true}
2026-09-19 00:39:17,410 [INFO] music_app: {"action": "Library indexing completed", "album_count": 63, "file_count": 1090}
2026-09-19 00:39:17,411 [INFO] music_app: {"action": "Cover art refresh queued after indexing", "reason": "automatic_candidate_refresh"}
2026-09-19 00:39:18,103 [VERBOSE] music_app: Cover jobs built total_folders=64 queued=64 skipped=0 skipped_samples=[]
2026-09-19 00:39:18,103 [VERBOSE] music_app: Cover refresh background job selection queued=15 user_owned=1 scan_generation=2 file_cache_entries=1090
2026-09-19 00:39:18,104 [VERBOSE] music_app: Cover fetch queue item index=1 total=15 artist='Generated Problem Fixture' album='Comfortably Numb Sidebar Fixture 01' year=2023 folder='D:\\a\\_temp\\album-haven-e2e-functional-fixtures-cover-providers\\shared\\media\\Generated Problem Fixture\\Comfortably Numb Sidebar Fixture 01' track_count=18 force_search=False
2026-09-19 00:39:18,104 [VERBOSE] music_app: Cover fetch queue item index=2 total=15 artist='Generated Problem Fixture' album='Comfortably Numb Sidebar Fixture 02' year=2023 folder='D:\\a\\_temp\\album-haven-e2e-functional-fixtures-cover-providers\\shared\\media\\Generated Problem Fixture\\Comfortably Numb Sidebar Fixture 02' track_count=18 force_search=False
2026-09-19 00:39:18,104 [VERBOSE] music_app: Cover fetch queue item index=3 total=15 artist='Generated Problem Fixture' album='Comfortably Numb Sidebar Fixture 03' year=2023 folder='D:\\a\\_temp\\album-haven-e2e-functional-fixtures-cover-providers\\shared\\media\\Generated Problem Fixture\\Comfortably Numb Sidebar Fixture 03' track_count=18 force_search=False
2026-09-19 00:39:18,104 [VERBOSE] music_app: Cover fetch queue item index=4 total=15 artist='Generated Problem Fixture' album='Comfortably Numb Sidebar Fixture 04' year=2023 folder='D:\\a\\_temp\\album-haven-e2e-functional-fixtures-cover-providers\\shared\\media\\Generated Problem Fixture\\Comfortably Numb Sidebar Fixture 04' track_count=18 force_search=False
2026-09-19 00:39:18,104 [VERBOSE] music_app: Cover fetch queue item index=5 total=15 artist='Generated Problem Fixture' album='Comfortably Numb Sidebar Fixture 05' year=2023 folder='D:\\a\\_temp\\album-haven-e2e-functional-fixtures-cover-providers\\shared\\media\\Generated Problem Fixture\\Comfortably Numb Sidebar Fixture 05' track_count=18 force_search=False
2026-09-19 00:39:18,104 [VERBOSE] music_app: Cover fetch queue item index=6 total=15 artist='Generated Problem Fixture' album='Comfortably Numb Sidebar Fixture 06' year=2023 folder='D:\\a\\_temp\\album-haven-e2e-functional-fixtures-cover-providers\\shared\\media\\Generated Problem Fixture\\Comfortably Numb Sidebar Fixture 06' track_count=18 force_search=False
2026-09-19 00:39:18,104 [VERBOSE] music_app: Cover fetch queue item index=7 total=15 artist='Generated Problem Fixture' album='Comfortably Numb Sidebar Fixture 07' year=2023 folder='D:\\a\\_temp\\album-haven-e2e-functional-fixtures-cover-providers\\shared\\media\\Generated Problem Fixture\\Comfortably Numb Sidebar Fixture 07' track_count=18 force_search=False
2026-09-19 00:39:18,104 [VERBOSE] music_app: Cover fetch queue item index=8 total=15 artist='Generated Problem Fixture' album='Comfortably Numb Sidebar Fixture 08' year=2023 folder='D:\\a\\_temp\\album-haven-e2e-functional-fixtures-cover-providers\\shared\\media\\Generated Problem Fixture\\Comfortably Numb Sidebar Fixture 08' track_count=18 force_search=False
2026-09-19 00:39:18,104 [VERBOSE] music_app: Cover fetch queue item index=9 total=15 artist='Generated Problem Fixture' album='Encoding And Missing Metadata' year=None folder='D:\\a\\_temp\\album-haven-e2e-functional-fixtures-cover-providers\\shared\\media\\Generated Problem Fixture\\Encoding And Missing Metadata' track_count=18 force_search=False
2026-09-19 00:39:18,105 [VERBOSE] music_app: Cover fetch queue item index=10 total=15 artist='Mastodon' album='Crack The Skye Fixture 07' year=2009 folder='D:\\a\\_temp\\album-haven-e2e-functional-fixtures-cover-providers\\shared\\media\\Mastodon\\Crack The Skye Fixture 07' track_count=18 force_search=False
2026-09-19 00:39:18,105 [VERBOSE] music_app: Cover fetch queue item index=11 total=15 artist='Mastodon' album='Crack The Skye Fixture 09' year=2009 folder='D:\\a\\_temp\\album-haven-e2e-functional-fixtures-cover-providers\\shared\\media\\Mastodon\\Crack The Skye Fixture 09' track_count=18 force_search=False
2026-09-19 00:39:18,105 [VERBOSE] music_app: Cover fetch queue item index=12 total=15 artist='Mastodon' album='Crack The Skye Fixture 10' year=2009 folder='D:\\a\\_temp\\album-haven-e2e-functional-fixtures-cover-providers\\shared\\media\\Mastodon\\Crack The Skye Fixture 10' track_count=18 force_search=False
2026-09-19 00:39:18,105 [VERBOSE] music_app: Cover fetch queue item index=13 total=15 artist='Neal Morse' album='Neal Morse Plays Pink Floyd' year=2023 folder='D:\\a\\_temp\\album-haven-e2e-functional-fixtures-cover-providers\\shared\\media\\Progressive Projects\\Morse Family\\Neal Morse\\Neal Morse Plays Pink Floyd' track_count=18 force_search=False
2026-09-19 00:39:18,105 [VERBOSE] music_app: Cover fetch queue item index=14 total=15 artist='Various Artists' album='Mulan' year=1998 folder='D:\\a\\_temp\\album-haven-e2e-functional-fixtures-cover-providers\\shared\\media\\Various Artists\\Mulan' track_count=14 force_search=False
2026-09-19 00:39:18,105 [VERBOSE] music_app: Cover fetch queue item index=15 total=15 artist='\u0414\u0414\u0422' album='\u0421\u0442\u0443\u0434\u0438\u0439\u043d\u044b\u0435 \u0437\u0430\u043f\u0438\u0441\u0438' year=1990 folder='D:\\a\\_temp\\album-haven-e2e-functional-fixtures-cover-providers\\shared\\media\\\u0414\u0414\u0422\\\u0421\u0442\u0443\u0434\u0438\u0439\u043d\u044b\u0435 \u0437\u0430\u043f\u0438\u0441\u0438' track_count=16 force_search=False
2026-09-19 00:39:20,135 [VERBOSE] music_app.services.cover_provider_http: Cover HTTP success service=apple context=search:Generated Problem Fixture Comfortably Numb Sidebar Fixture 01 2023 status=200 url=http://127.0.0.1:5302/itunes/search?term=Generated+Problem+Fixture+Comfortably+Numb+Sidebar+Fixture+01+2023&entity=album&limit=20 bytes=33
2026-09-19 00:39:20,135 [VERBOSE] music_app.services.cover_refresh_provider: Apple raw search results query='Generated Problem Fixture Comfortably Numb Sidebar Fixture 01 2023' artist='Generated Problem Fixture' album='Comfortably Numb Sidebar Fixture 01' year=2023 results=[]
2026-09-19 00:39:20,135 [VERBOSE] music_app.services.cover_refresh_provider: Apple search results query='Generated Problem Fixture Comfortably Numb Sidebar Fixture 01 2023' count=0 top=[]
2026-09-19 00:39:20,135 [INFO] music_app.services.cover_refresh_provider: {"action": "Apple cover miss", "album": "Comfortably Numb Sidebar Fixture 01", "artist": "Generated Problem Fixture", "query_mode": "artist+album+year:native", "raw_result_count": 0, "raw_results_summary": [], "top_candidates": [], "year": 2023}
2026-09-19 00:39:20,511 [VERBOSE] music_app.services.cover_provider_http: Cover HTTP success service=apple context=search:Generated Problem Fixture Comfortably Numb Sidebar Fixture 02 2023 status=200 url=http://127.0.0.1:5302/itunes/search?term=Generated+Problem+Fixture+Comfortably+Numb+Sidebar+Fixture+02+2023&entity=album&limit=20 bytes=33
2026-09-19 00:39:20,511 [VERBOSE] music_app.services.cover_refresh_provider: Apple raw search results query='Generated Problem Fixture Comfortably Numb Sidebar Fixture 02 2023' artist='Generated Problem Fixture' album='Comfortably Numb Sidebar Fixture 02' year=2023 results=[]
2026-09-19 00:39:20,511 [VERBOSE] music_app.services.cover_refresh_provider: Apple search results query='Generated Problem Fixture Comfortably Numb Sidebar Fixture 02 2023' count=0 top=[]
2026-09-19 00:39:20,511 [INFO] music_app.services.cover_refresh_provider: {"action": "Apple cover miss", "album": "Comfortably Numb Sidebar Fixture 02", "artist": "Generated Problem Fixture", "query_mode": "artist+album+year:native", "raw_result_count": 0, "raw_results_summary": [], "top_candidates": [], "year": 2023}
2026-09-19 00:39:20,927 [VERBOSE] music_app.services.cover_provider_http: Cover HTTP success service=apple context=search:Generated Problem Fixture Comfortably Numb Sidebar Fixture 03 2023 status=200 url=http://127.0.0.1:5302/itunes/search?term=Generated+Problem+Fixture+Comfortably+Numb+Sidebar+Fixture+03+2023&entity=album&limit=20 bytes=33
2026-09-19 00:39:20,927 [VERBOSE] music_app.services.cover_refresh_provider: Apple raw search results query='Generated Problem Fixture Comfortably Numb Sidebar Fixture 03 2023' artist='Generated Problem Fixture' album='Comfortably Numb Sidebar Fixture 03' year=2023 results=[]
2026-09-19 00:39:20,927 [VERBOSE] music_app.services.cover_refresh_provider: Apple search results query='Generated Problem Fixture Comfortably Numb Sidebar Fixture 03 2023' count=0 top=[]
2026-09-19 00:39:20,927 [INFO] music_app.services.cover_refresh_provider: {"action": "Apple cover miss", "album": "Comfortably Numb Sidebar Fixture 03", "artist": "Generated Problem Fixture", "query_mode": "artist+album+year:native", "raw_result_count": 0, "raw_results_summary": [], "top_candidates": [], "year": 2023}
2026-09-19 00:39:21,300 [VERBOSE] music_app.services.cover_provider_http: Cover HTTP success service=apple context=search:Generated Problem Fixture Comfortably Numb Sidebar Fixture 04 2023 status=200 url=http://127.0.0.1:5302/itunes/search?term=Generated+Problem+Fixture+Comfortably+Numb+Sidebar+Fixture+04+2023&entity=album&limit=20 bytes=33
2026-09-19 00:39:21,300 [VERBOSE] music_app.services.cover_refresh_provider: Apple raw search results query='Generated Problem Fixture Comfortably Numb Sidebar Fixture 04 2023' artist='Generated Problem Fixture' album='Comfortably Numb Sidebar Fixture 04' year=2023 results=[]
2026-09-19 00:39:21,300 [VERBOSE] music_app.services.cover_refresh_provider: Apple search results query='Generated Problem Fixture Comfortably Numb Sidebar Fixture 04 2023' count=0 top=[]
2026-09-19 00:39:21,300 [INFO] music_app.services.cover_refresh_provider: {"action": "Apple cover miss", "album": "Comfortably Numb Sidebar Fixture 04", "artist": "Generated Problem Fixture", "query_mode": "artist+album+year:native", "raw_result_count": 0, "raw_results_summary": [], "top_candidates": [], "year": 2023}
2026-09-19 00:39:21,796 [VERBOSE] music_app.services.cover_provider_http: Cover HTTP success service=apple context=artist-id-search:Generated Problem Fixture status=200 url=http://127.0.0.1:5302/itunes/search?term=Generated+Problem+Fixture&entity=musicArtist&limit=10 bytes=33
2026-09-19 00:39:21,796 [INFO] music_app.services.cover_refresh_provider: {"action": "Apple artist lookup results", "album": "Comfortably Numb Sidebar Fixture 01", "artist": "Generated Problem Fixture", "query_artist": "Generated Problem Fixture", "result_count": 0, "top_results": []}
2026-09-19 00:39:21,969 [VERBOSE] music_app.services.cover_provider_http: Cover HTTP success service=apple context=artist-id-search:Generated Problem Fixture status=200 url=http://127.0.0.1:5302/itunes/search?term=Generated+Problem+Fixture&entity=musicArtist&limit=10 bytes=33
2026-09-19 00:39:21,969 [INFO] music_app.services.cover_refresh_provider: {"action": "Apple artist lookup results", "album": "Comfortably Numb Sidebar Fixture 02", "artist": "Generated Problem Fixture", "query_artist": "Generated Problem Fixture", "result_count": 0, "top_results": []}
2026-09-19 00:39:22,637 [VERBOSE] music_app.services.cover_provider_http: Cover HTTP success service=apple context=artist-id-search:Generated Problem Fixture status=200 url=http://127.0.0.1:5302/itunes/search?term=Generated+Problem+Fixture&entity=musicArtist&limit=10 bytes=33
2026-09-19 00:39:22,637 [INFO] music_app.services.cover_refresh_provider: {"action": "Apple artist lookup results", "album": "Comfortably Numb Sidebar Fixture 03", "artist": "Generated Problem Fixture", "query_artist": "Generated Problem Fixture", "result_count": 0, "top_results": []}
2026-09-19 00:39:23,039 [VERBOSE] music_app.services.cover_provider_http: Cover HTTP success service=apple context=artist-id-search:Generated Problem Fixture status=200 url=http://127.0.0.1:5302/itunes/search?term=Generated+Problem+Fixture&entity=musicArtist&limit=10 bytes=33
2026-09-19 00:39:23,039 [INFO] music_app.services.cover_refresh_provider: {"action": "Apple artist lookup results", "album": "Comfortably Numb Sidebar Fixture 04", "artist": "Generated Problem Fixture", "query_artist": "Generated Problem Fixture", "result_count": 0, "top_results": []}
2026-09-19 00:39:23,380 [VERBOSE] music_app.services.cover_provider_http: Cover HTTP success service=apple context=search:Generated Problem Fixture Comfortably Numb Sidebar Fixture 01 status=200 url=http://127.0.0.1:5302/itunes/search?term=Generated+Problem+Fixture+Comfortably+Numb+Sidebar+Fixture+01&entity=album&limit=20 bytes=33
2026-09-19 00:39:23,381 [VERBOSE] music_app.services.cover_refresh_provider: Apple raw search results query='Generated Problem Fixture Comfortably Numb Sidebar Fixture 01' artist='Generated Problem Fixture' album='Comfortably Numb Sidebar Fixture 01' year=2023 results=[]
2026-09-19 00:39:23,381 [VERBOSE] music_app.services.cover_refresh_provider: Apple search results query='Generated Problem Fixture Comfortably Numb Sidebar Fixture 01' count=0 top=[]
2026-09-19 00:39:23,381 [INFO] music_app.services.cover_refresh_provider: {"action": "Apple cover miss", "album": "Comfortably Numb Sidebar Fixture 01", "artist": "Generated Problem Fixture", "query_mode": "artist+album:native", "raw_result_count": 0, "raw_results_summary": [], "top_candidates": [], "year": 2023}
2026-09-19 00:39:23,517 [VERBOSE] music_app.services.cover_provider_http: Cover HTTP success service=apple context=search:Generated Problem Fixture Comfortably Numb Sidebar Fixture 02 status=200 url=http://127.0.0.1:5302/itunes/search?term=Generated+Problem+Fixture+Comfortably+Numb+Sidebar+Fixture+02&entity=album&limit=20 bytes=33
2026-09-19 00:39:23,519 [VERBOSE] music_app.services.cover_refresh_provider: Apple raw search results query='Generated Problem Fixture Comfortably Numb Sidebar Fixture 02' artist='Generated Problem Fixture' album='Comfortably Numb Sidebar Fixture 02' year=2023 results=[]
2026-09-19 00:39:23,519 [VERBOSE] music_app.services.cover_refresh_provider: Apple search results query='Generated Problem Fixture Comfortably Numb Sidebar Fixture 02' count=0 top=[]
2026-09-19 00:39:23,519 [INFO] music_app.services.cover_refresh_provider: {"action": "Apple cover miss", "album": "Comfortably Numb Sidebar Fixture 02", "artist": "Generated Problem Fixture", "query_mode": "artist+album:native", "raw_result_count": 0, "raw_results_summary": [], "top_candidates": [], "year": 2023}
2026-09-19 00:39:24,295 [VERBOSE] music_app.services.cover_provider_http: Cover HTTP success service=apple context=search:Generated Problem Fixture Comfortably Numb Sidebar Fixture 03 status=200 url=http://127.0.0.1:5302/itunes/search?term=Generated+Problem+Fixture+Comfortably+Numb+Sidebar+Fixture+03&entity=album&limit=20 bytes=33
2026-09-19 00:39:24,295 [VERBOSE] music_app.services.cover_refresh_provider: Apple raw search results query='Generated Problem Fixture Comfortably Numb Sidebar Fixture 03' artist='Generated Problem Fixture' album='Comfortably Numb Sidebar Fixture 03' year=2023 results=[]
2026-09-19 00:39:24,295 [VERBOSE] music_app.services.cover_refresh_provider: Apple search results query='Generated Problem Fixture Comfortably Numb Sidebar Fixture 03' count=0 top=[]
2026-09-19 00:39:24,295 [INFO] music_app.services.cover_refresh_provider: {"action": "Apple cover miss", "album": "Comfortably Numb Sidebar Fixture 03", "artist": "Generated Problem Fixture", "query_mode": "artist+album:native", "raw_result_count": 0, "raw_results_summary": [], "top_candidates": [], "year": 2023}
2026-09-19 00:39:24,638 [VERBOSE] music_app.services.cover_provider_http: Cover HTTP success service=apple context=search:Generated Problem Fixture Comfortably Numb Sidebar Fixture 04 status=200 url=http://127.0.0.1:5302/itunes/search?term=Generated+Problem+Fixture+Comfortably+Numb+Sidebar+Fixture+04&entity=album&limit=20 bytes=33
2026-09-19 00:39:24,638 [VERBOSE] music_app.services.cover_refresh_provider: Apple raw search results query='Generated Problem Fixture Comfortably Numb Sidebar Fixture 04' artist='Generated Problem Fixture' album='Comfortably Numb Sidebar Fixture 04' year=2023 results=[]
2026-09-19 00:39:24,638 [VERBOSE] music_app.services.cover_refresh_provider: Apple search results query='Generated Problem Fixture Comfortably Numb Sidebar Fixture 04' count=0 top=[]
2026-09-19 00:39:24,638 [INFO] music_app.services.cover_refresh_provider: {"action": "Apple cover miss", "album": "Comfortably Numb Sidebar Fixture 04", "artist": "Generated Problem Fixture", "query_mode": "artist+album:native", "raw_result_count": 0, "raw_results_summary": [], "top_candidates": [], "year": 2023}
2026-09-19 00:39:24,829 [VERBOSE] music_app.services.cover_provider_http: Cover HTTP success service=apple context=artist-id-search:Generated Problem Fixture status=200 url=http://127.0.0.1:5302/itunes/search?term=Generated+Problem+Fixture&entity=musicArtist&limit=10 bytes=33
2026-09-19 00:39:24,829 [INFO] music_app.services.cover_refresh_provider: {"action": "Apple artist lookup results", "album": "Comfortably Numb Sidebar Fixture 01", "artist": "Generated Problem Fixture", "query_artist": "Generated Problem Fixture", "result_count": 0, "top_results": []}
2026-09-19 00:39:24,835 [VERBOSE] music_app: Cover fetch processed artist='Generated Problem Fixture' album='Comfortably Numb Sidebar Fixture 01' folder='D:\\a\\_temp\\album-haven-e2e-functional-fixtures-cover-providers\\shared\\media\\Generated Problem Fixture\\Comfortably Numb Sidebar Fixture 01' downloaded=False has_cover=False
2026-09-19 00:39:24,835 [WARNING] music_app: {"action": "Cover art update failed", "album": "Comfortably Numb Sidebar Fixture 01", "artist": "Generated Problem Fixture", "elapsed_ms": 6507.78, "folder": "D:\\a\\_temp\\album-haven-e2e-functional-fixtures-cover-providers\\shared\\media\\Generated Problem Fixture\\Comfortably Numb Sidebar Fixture 01", "force_search": false, "reason": "remote_search_returned_no_candidate", "resolver_trace": [{"apple_http_trace": [{"context": "search:Generated Problem Fixture Comfortably Numb Sidebar Fixture 01 2023", "elapsed_ms": 1807.87, "status": "success:200"}, {"context": "artist-id-search:Generated Problem Fixture", "elapsed_ms": 1660.84, "status": "success:200"}, {"context": "search:Generated Problem Fixture Comfortably Numb Sidebar Fixture 01", "elapsed_ms": 1583.07, "status": "success:200"}, {"context": "artist-id-search:Generated Problem Fixture", "elapsed_ms": 1447.1, "status": "success:200"}], "elapsed_ms": 6501.87, "resolver": "_search_apple", "status": "no_candidate"}], "status": "missing_cover_art"}
2026-09-19 00:39:25,027 [VERBOSE] music_app.services.cover_provider_http: Cover HTTP success service=apple context=artist-id-search:Generated Problem Fixture status=200 url=http://127.0.0.1:5302/itunes/search?term=Generated+Problem+Fixture&entity=musicArtist&limit=10 bytes=33
2026-09-19 00:39:25,027 [INFO] music_app.services.cover_refresh_provider: {"action": "Apple artist lookup results", "album": "Comfortably Numb Sidebar Fixture 02", "artist": "Generated Problem Fixture", "query_artist": "Generated Problem Fixture", "result_count": 0, "top_results": []}
2026-09-19 00:39:25,027 [VERBOSE] music_app: Cover fetch processed artist='Generated Problem Fixture' album='Comfortably Numb Sidebar Fixture 02' folder='D:\\a\\_temp\\album-haven-e2e-functional-fixtures-cover-providers\\shared\\media\\Generated Problem Fixture\\Comfortably Numb Sidebar Fixture 02' downloaded=False has_cover=False
2026-09-19 00:39:25,027 [WARNING] music_app: {"action": "Cover art update failed", "album": "Comfortably Numb Sidebar Fixture 02", "artist": "Generated Problem Fixture", "elapsed_ms": 6076.08, "folder": "D:\\a\\_temp\\album-haven-e2e-functional-fixtures-cover-providers\\shared\\media\\Generated Problem Fixture\\Comfortably Numb Sidebar Fixture 02", "force_search": false, "reason": "remote_search_returned_no_candidate", "resolver_trace": [{"apple_http_trace": [{"context": "search:Generated Problem Fixture Comfortably Numb Sidebar Fixture 02 2023", "elapsed_ms": 1555.34, "status": "success:200"}, {"context": "artist-id-search:Generated Problem Fixture", "elapsed_ms": 1457.28, "status": "success:200"}, {"context": "search:Generated Problem Fixture Comfortably Numb Sidebar Fixture 02", "elapsed_ms": 1549.1, "status": "success:200"}, {"context": "artist-id-search:Generated Problem Fixture", "elapsed_ms": 1507.72, "status": "success:200"}], "elapsed_ms": 6071.94, "resolver": "_search_apple", "status": "no_candidate"}], "status": "missing_cover_art"}
2026-09-19 00:39:26,099 [VERBOSE] music_app.services.cover_provider_http: Cover HTTP success service=apple context=artist-id-search:Generated Problem Fixture status=200 url=http://127.0.0.1:5302/itunes/search?term=Generated+Problem+Fixture&entity=musicArtist&limit=10 bytes=33
2026-09-19 00:39:26,100 [INFO] music_app.services.cover_refresh_provider: {"action": "Apple artist lookup results", "album": "Comfortably Numb Sidebar Fixture 03", "artist": "Generated Problem Fixture", "query_artist": "Generated Problem Fixture", "result_count": 0, "top_results": []}
2026-09-19 00:39:26,100 [VERBOSE] music_app: Cover fetch processed artist='Generated Problem Fixture' album='Comfortably Numb Sidebar Fixture 03' folder='D:\\a\\_temp\\album-haven-e2e-functional-fixtures-cover-providers\\shared\\media\\Generated Problem Fixture\\Comfortably Numb Sidebar Fixture 03' downloaded=False has_cover=False
2026-09-19 00:39:26,101 [WARNING] music_app: {"action": "Cover art update failed", "album": "Comfortably Numb Sidebar Fixture 03", "artist": "Generated Problem Fixture", "elapsed_ms": 6751.67, "folder": "D:\\a\\_temp\\album-haven-e2e-functional-fixtures-cover-providers\\shared\\media\\Generated Problem Fixture\\Comfortably Numb Sidebar Fixture 03", "force_search": false, "reason": "remote_search_returned_no_candidate", "resolver_trace": [{"apple_http_trace": [{"context": "search:Generated Problem Fixture Comfortably Numb Sidebar Fixture 03 2023", "elapsed_ms": 1573.98, "status": "success:200"}, {"context": "artist-id-search:Generated Problem Fixture", "elapsed_ms": 1710.01, "status": "success:200"}, {"context": "search:Generated Problem Fixture Comfortably Numb Sidebar Fixture 03", "elapsed_ms": 1657.73, "status": "success:200"}, {"context": "artist-id-search:Generated Problem Fixture", "elapsed_ms": 1803.95, "status": "success:200"}], "elapsed_ms": 6748.13, "resolver": "_search_apple", "status": "no_candidate"}], "status": "missing_cover_art"}
2026-09-19 00:39:26,253 [VERBOSE] music_app.services.cover_provider_http: Cover HTTP success service=apple context=artist-id-search:Generated Problem Fixture status=200 url=http://127.0.0.1:5302/itunes/search?term=Generated+Problem+Fixture&entity=musicArtist&limit=10 bytes=33
2026-09-19 00:39:26,253 [INFO] music_app.services.cover_refresh_provider: {"action": "Apple artist lookup results", "album": "Comfortably Numb Sidebar Fixture 04", "artist": "Generated Problem Fixture", "query_artist": "Generated Problem Fixture", "result_count": 0, "top_results": []}
2026-09-19 00:39:26,264 [VERBOSE] music_app: Cover fetch processed artist='Generated Problem Fixture' album='Comfortably Numb Sidebar Fixture 04' folder='D:\\a\\_temp\\album-haven-e2e-functional-fixtures-cover-providers\\shared\\media\\Generated Problem Fixture\\Comfortably Numb Sidebar Fixture 04' downloaded=False has_cover=False
2026-09-19 00:39:26,264 [WARNING] music_app: {"action": "Cover art update failed", "album": "Comfortably Numb Sidebar Fixture 04", "artist": "Generated Problem Fixture", "elapsed_ms": 6629.57, "folder": "D:\\a\\_temp\\album-haven-e2e-functional-fixtures-cover-providers\\shared\\media\\Generated Problem Fixture\\Comfortably Numb Sidebar Fixture 04", "force_search": false, "reason": "remote_search_returned_no_candidate", "resolver_trace": [{"apple_http_trace": [{"context": "search:Generated Problem Fixture Comfortably Numb Sidebar Fixture 04 2023", "elapsed_ms": 1649.14, "status": "success:200"}, {"context": "artist-id-search:Generated Problem Fixture", "elapsed_ms": 1738.0, "status": "success:200"}, {"context": "search:Generated Problem Fixture Comfortably Numb Sidebar Fixture 04", "elapsed_ms": 1598.07, "status": "success:200"}, {"context": "artist-id-search:Generated Problem Fixture", "elapsed_ms": 1614.13, "status": "success:200"}], "elapsed_ms": 6601.67, "resolver": "_search_apple", "status": "no_candidate"}], "status": "missing_cover_art"}
2026-09-19 00:39:26,494 [VERBOSE] music_app.services.cover_provider_http: Cover HTTP success service=apple context=search:Generated Problem Fixture Comfortably Numb Sidebar Fixture 05 2023 status=200 url=http://127.0.0.1:5302/itunes/search?term=Generated+Problem+Fixture+Comfortably+Numb+Sidebar+Fixture+05+2023&entity=album&limit=20 bytes=33
2026-09-19 00:39:26,494 [VERBOSE] music_app.services.cover_refresh_provider: Apple raw search results query='Generated Problem Fixture Comfortably Numb Sidebar Fixture 05 2023' artist='Generated Problem Fixture' album='Comfortably Numb Sidebar Fixture 05' year=2023 results=[]
2026-09-19 00:39:26,494 [VERBOSE] music_app.services.cover_refresh_provider: Apple search results query='Generated Problem Fixture Comfortably Numb Sidebar Fixture 05 2023' count=0 top=[]
2026-09-19 00:39:26,494 [INFO] music_app.services.cover_refresh_provider: {"action": "Apple cover miss", "album": "Comfortably Numb Sidebar Fixture 05", "artist": "Generated Problem Fixture", "query_mode": "artist+album+year:native", "raw_result_count": 0, "raw_results_summary": [], "top_candidates": [], "year": 2023}
2026-09-19 00:39:26,678 [VERBOSE] music_app.services.cover_provider_http: Cover HTTP success service=apple context=search:Generated Problem Fixture Comfortably Numb Sidebar Fixture 06 2023 status=200 url=http://127.0.0.1:5302/itunes/search?term=Generated+Problem+Fixture+Comfortably+Numb+Sidebar+Fixture+06+2023&entity=album&limit=20 bytes=33
2026-09-19 00:39:26,680 [VERBOSE] music_app.services.cover_refresh_provider: Apple raw search results query='Generated Problem Fixture Comfortably Numb Sidebar Fixture 06 2023' artist='Generated Problem Fixture' album='Comfortably Numb Sidebar Fixture 06' year=2023 results=[]
2026-09-19 00:39:26,680 [VERBOSE] music_app.services.cover_refresh_provider: Apple search results query='Generated Problem Fixture Comfortably Numb Sidebar Fixture 06 2023' count=0 top=[]
2026-09-19 00:39:26,680 [INFO] music_app.services.cover_refresh_provider: {"action": "Apple cover miss", "album": "Comfortably Numb Sidebar Fixture 06", "artist": "Generated Problem Fixture", "query_mode": "artist+album+year:native", "raw_result_count": 0, "raw_results_summary": [], "top_candidates": [], "year": 2023}
2026-09-19 00:39:27,574 [VERBOSE] music_app.services.cover_provider_http: Cover HTTP success service=apple context=search:Generated Problem Fixture Comfortably Numb Sidebar Fixture 07 2023 status=200 url=http://127.0.0.1:5302/itunes/search?term=Generated+Problem+Fixture+Comfortably+Numb+Sidebar+Fixture+07+2023&entity=album&limit=20 bytes=33
2026-09-19 00:39:27,574 [VERBOSE] music_app.services.cover_refresh_provider: Apple raw search results query='Generated Problem Fixture Comfortably Numb Sidebar Fixture 07 2023' artist='Generated Problem Fixture' album='Comfortably Numb Sidebar Fixture 07' year=2023 results=[]
2026-09-19 00:39:27,574 [VERBOSE] music_app.services.cover_refresh_provider: Apple search results query='Generated Problem Fixture Comfortably Numb Sidebar Fixture 07 2023' count=0 top=[]
2026-09-19 00:39:27,574 [INFO] music_app.services.cover_refresh_provider: {"action": "Apple cover miss", "album": "Comfortably Numb Sidebar Fixture 07", "artist": "Generated Problem Fixture", "query_mode": "artist+album+year:native", "raw_result_count": 0, "raw_results_summary": [], "top_candidates": [], "year": 2023}
2026-09-19 00:39:27,942 [VERBOSE] music_app.services.cover_provider_http: Cover HTTP success service=apple context=search:Generated Problem Fixture Comfortably Numb Sidebar Fixture 08 2023 status=200 url=http://127.0.0.1:5302/itunes/search?term=Generated+Problem+Fixture+Comfortably+Numb+Sidebar+Fixture+08+2023&entity=album&limit=20 bytes=33
2026-09-19 00:39:27,942 [VERBOSE] music_app.services.cover_refresh_provider: Apple raw search results query='Generated Problem Fixture Comfortably Numb Sidebar Fixture 08 2023' artist='Generated Problem Fixture' album='Comfortably Numb Sidebar Fixture 08' year=2023 results=[]
2026-09-19 00:39:27,942 [VERBOSE] music_app.services.cover_refresh_provider: Apple search results query='Generated Problem Fixture Comfortably Numb Sidebar Fixture 08 2023' count=0 top=[]
2026-09-19 00:39:27,942 [INFO] music_app.services.cover_refresh_provider: {"action": "Apple cover miss", "album": "Comfortably Numb Sidebar Fixture 08", "artist": "Generated Problem Fixture", "query_mode": "artist+album+year:native", "raw_result_count": 0, "raw_results_summary": [], "top_candidates": [], "year": 2023}
2026-09-19 00:39:28,131 [VERBOSE] music_app.services.cover_provider_http: Cover HTTP success service=apple context=artist-id-search:Generated Problem Fixture status=200 url=http://127.0.0.1:5302/itunes/search?term=Generated+Problem+Fixture&entity=musicArtist&limit=10 bytes=33
2026-09-19 00:39:28,131 [INFO] music_app.services.cover_refresh_provider: {"action": "Apple artist lookup results", "album": "Comfortably Numb Sidebar Fixture 05", "artist": "Generated Problem Fixture", "query_artist": "Generated Problem Fixture", "result_count": 0, "top_results": []}
2026-09-19 00:39:28,497 [VERBOSE] music_app.services.cover_provider_http: Cover HTTP success service=apple context=artist-id-search:Generated Problem Fixture status=200 url=http://127.0.0.1:5302/itunes/search?term=Generated+Problem+Fixture&entity=musicArtist&limit=10 bytes=33
2026-09-19 00:39:28,497 [INFO] music_app.services.cover_refresh_provider: {"action": "Apple artist lookup results", "album": "Comfortably Numb Sidebar Fixture 06", "artist": "Generated Problem Fixture", "query_artist": "Generated Problem Fixture", "result_count": 0, "top_results": []}
2026-09-19 00:39:29,124 [VERBOSE] music_app.services.cover_provider_http: Cover HTTP success service=apple context=artist-id-search:Generated Problem Fixture status=200 url=http://127.0.0.1:5302/itunes/search?term=Generated+Problem+Fixture&entity=musicArtist&limit=10 bytes=33
2026-09-19 00:39:29,125 [INFO] music_app.services.cover_refresh_provider: {"action": "Apple artist lookup results", "album": "Comfortably Numb Sidebar Fixture 07", "artist": "Generated Problem Fixture", "query_artist": "Generated Problem Fixture", "result_count": 0, "top_results": []}
2026-09-19 00:39:29,409 [VERBOSE] music_app.services.cover_provider_http: Cover HTTP success service=apple context=artist-id-search:Generated Problem Fixture status=200 url=http://127.0.0.1:5302/itunes/search?term=Generated+Problem+Fixture&entity=musicArtist&limit=10 bytes=33
2026-09-19 00:39:29,409 [INFO] music_app.services.cover_refresh_provider: {"action": "Apple artist lookup results", "album": "Comfortably Numb Sidebar Fixture 08", "artist": "Generated Problem Fixture", "query_artist": "Generated Problem Fixture", "result_count": 0, "top_results": []}
2026-09-19 00:39:29,928 [VERBOSE] music_app.services.cover_provider_http: Cover HTTP success service=apple context=search:Generated Problem Fixture Comfortably Numb Sidebar Fixture 05 status=200 url=http://127.0.0.1:5302/itunes/search?term=Generated+Problem+Fixture+Comfortably+Numb+Sidebar+Fixture+05&entity=album&limit=20 bytes=33
2026-09-19 00:39:29,928 [VERBOSE] music_app.services.cover_refresh_provider: Apple raw search results query='Generated Problem Fixture Comfortably Numb Sidebar Fixture 05' artist='Generated Problem Fixture' album='Comfortably Numb Sidebar Fixture 05' year=2023 results=[]
2026-09-19 00:39:29,928 [VERBOSE] music_app.services.cover_refresh_provider: Apple search results query='Generated Problem Fixture Comfortably Numb Sidebar Fixture 05' count=0 top=[]
2026-09-19 00:39:29,928 [INFO] music_app.services.cover_refresh_provider: {"action": "Apple cover miss", "album": "Comfortably Numb Sidebar Fixture 05", "artist": "Generated Problem Fixture", "query_mode": "artist+album:native", "raw_result_count": 0, "raw_results_summary": [], "top_candidates": [], "year": 2023}
2026-09-19 00:39:30,188 [VERBOSE] music_app.services.cover_provider_http: Cover HTTP success service=apple context=search:Generated Problem Fixture Comfortably Numb Sidebar Fixture 06 status=200 url=http://127.0.0.1:5302/itunes/search?term=Generated+Problem+Fixture+Comfortably+Numb+Sidebar+Fixture+06&entity=album&limit=20 bytes=33
2026-09-19 00:39:30,188 [VERBOSE] music_app.services.cover_refresh_provider: Apple raw search results query='Generated Problem Fixture Comfortably Numb Sidebar Fixture 06' artist='Generated Problem Fixture' album='Comfortably Numb Sidebar Fixture 06' year=2023 results=[]
2026-09-19 00:39:30,190 [VERBOSE] music_app.services.cover_refresh_provider: Apple search results query='Generated Problem Fixture Comfortably Numb Sidebar Fixture 06' count=0 top=[]
2026-09-19 00:39:30,190 [INFO] music_app.services.cover_refresh_provider: {"action": "Apple cover miss", "album": "Comfortably Numb Sidebar Fixture 06", "artist": "Generated Problem Fixture", "query_mode": "artist+album:native", "raw_result_count": 0, "raw_results_summary": [], "top_candidates": [], "year": 2023}
2026-09-19 00:39:30,775 [VERBOSE] music_app.services.cover_provider_http: Cover HTTP success service=apple context=search:Generated Problem Fixture Comfortably Numb Sidebar Fixture 07 status=200 url=http://127.0.0.1:5302/itunes/search?term=Generated+Problem+Fixture+Comfortably+Numb+Sidebar+Fixture+07&entity=album&limit=20 bytes=33
2026-09-19 00:39:30,775 [VERBOSE] music_app.services.cover_refresh_provider: Apple raw search results query='Generated Problem Fixture Comfortably Numb Sidebar Fixture 07' artist='Generated Problem Fixture' album='Comfortably Numb Sidebar Fixture 07' year=2023 results=[]
2026-09-19 00:39:30,775 [VERBOSE] music_app.services.cover_refresh_provider: Apple search results query='Generated Problem Fixture Comfortably Numb Sidebar Fixture 07' count=0 top=[]
2026-09-19 00:39:30,775 [INFO] music_app.services.cover_refresh_provider: {"action": "Apple cover miss", "album": "Comfortably Numb Sidebar Fixture 07", "artist": "Generated Problem Fixture", "query_mode": "artist+album:native", "raw_result_count": 0, "raw_results_summary": [], "top_candidates": [], "year": 2023}
2026-09-19 00:39:31,095 [VERBOSE] music_app.services.cover_provider_http: Cover HTTP success service=apple context=search:Generated Problem Fixture Comfortably Numb Sidebar Fixture 08 status=200 url=http://127.0.0.1:5302/itunes/search?term=Generated+Problem+Fixture+Comfortably+Numb+Sidebar+Fixture+08&entity=album&limit=20 bytes=33
2026-09-19 00:39:31,096 [VERBOSE] music_app.services.cover_refresh_provider: Apple raw search results query='Generated Problem Fixture Comfortably Numb Sidebar Fixture 08' artist='Generated Problem Fixture' album='Comfortably Numb Sidebar Fixture 08' year=2023 results=[]
2026-09-19 00:39:31,096 [VERBOSE] music_app.services.cover_refresh_provider: Apple search results query='Generated Problem Fixture Comfortably Numb Sidebar Fixture 08' count=0 top=[]
2026-09-19 00:39:31,096 [INFO] music_app.services.cover_refresh_provider: {"action": "Apple cover miss", "album": "Comfortably Numb Sidebar Fixture 08", "artist": "Generated Problem Fixture", "query_mode": "artist+album:native", "raw_result_count": 0, "raw_results_summary": [], "top_candidates": [], "year": 2023}
2026-09-19 00:39:31,589 [VERBOSE] music_app.services.cover_provider_http: Cover HTTP success service=apple context=artist-id-search:Generated Problem Fixture status=200 url=http://127.0.0.1:5302/itunes/search?term=Generated+Problem+Fixture&entity=musicArtist&limit=10 bytes=33
2026-09-19 00:39:31,589 [INFO] music_app.services.cover_refresh_provider: {"action": "Apple artist lookup results", "album": "Comfortably Numb Sidebar Fixture 05", "artist": "Generated Problem Fixture", "query_artist": "Generated Problem Fixture", "result_count": 0, "top_results": []}
2026-09-19 00:39:31,590 [VERBOSE] music_app: Cover fetch processed artist='Generated Problem Fixture' album='Comfortably Numb Sidebar Fixture 05' folder='D:\\a\\_temp\\album-haven-e2e-functional-fixtures-cover-providers\\shared\\media\\Generated Problem Fixture\\Comfortably Numb Sidebar Fixture 05' downloaded=False has_cover=False
2026-09-19 00:39:31,590 [WARNING] music_app: {"action": "Cover art update failed", "album": "Comfortably Numb Sidebar Fixture 05", "artist": "Generated Problem Fixture", "elapsed_ms": 6760.37, "folder": "D:\\a\\_temp\\album-haven-e2e-functional-fixtures-cover-providers\\shared\\media\\Generated Problem Fixture\\Comfortably Numb Sidebar Fixture 05", "force_search": false, "reason": "remote_search_returned_no_candidate", "resolver_trace": [{"apple_http_trace": [{"context": "search:Generated Problem Fixture Comfortably Numb Sidebar Fixture 05 2023", "elapsed_ms": 1660.32, "status": "success:200"}, {"context": "artist-id-search:Generated Problem Fixture", "elapsed_ms": 1636.3, "status": "success:200"}, {"context": "search:Generated Problem Fixture Comfortably Numb Sidebar Fixture 05", "elapsed_ms": 1796.29, "status": "success:200"}, {"context": "artist-id-search:Generated Problem Fixture", "elapsed_ms": 1660.29, "status": "success:200"}], "elapsed_ms": 6755.78, "resolver": "_search_apple", "status": "no_candidate"}], "status": "missing_cover_art"}
2026-09-19 00:39:31,757 [VERBOSE] music_app.services.cover_provider_http: Cover HTTP success service=apple context=artist-id-search:Generated Problem Fixture status=200 url=http://127.0.0.1:5302/itunes/search?term=Generated+Problem+Fixture&entity=musicArtist&limit=10 bytes=33
2026-09-19 00:39:31,758 [INFO] music_app.services.cover_refresh_provider: {"action": "Apple artist lookup results", "album": "Comfortably Numb Sidebar Fixture 06", "artist": "Generated Problem Fixture", "query_artist": "Generated Problem Fixture", "result_count": 0, "top_results": []}
2026-09-19 00:39:31,758 [VERBOSE] music_app: Cover fetch processed artist='Generated Problem Fixture' album='Comfortably Numb Sidebar Fixture 06' folder='D:\\a\\_temp\\album-haven-e2e-functional-fixtures-cover-providers\\shared\\media\\Generated Problem Fixture\\Comfortably Numb Sidebar Fixture 06' downloaded=False has_cover=False
2026-09-19 00:39:31,758 [WARNING] music_app: {"action": "Cover art update failed", "album": "Comfortably Numb Sidebar Fixture 06", "artist": "Generated Problem Fixture", "elapsed_ms": 6730.15, "folder": "D:\\a\\_temp\\album-haven-e2e-functional-fixtures-cover-providers\\shared\\media\\Generated Problem Fixture\\Comfortably Numb Sidebar Fixture 06", "force_search": false, "reason": "remote_search_returned_no_candidate", "resolver_trace": [{"apple_http_trace": [{"context": "search:Generated Problem Fixture Comfortably Numb Sidebar Fixture 06 2023", "elapsed_ms": 1649.0, "status": "success:200"}, {"context": "artist-id-search:Generated Problem Fixture", "elapsed_ms": 1818.15, "status": "success:200"}, {"context": "search:Generated Problem Fixture Comfortably Numb Sidebar Fixture 06", "elapsed_ms": 1690.11, "status": "success:200"}, {"context": "artist-id-search:Generated Problem Fixture", "elapsed_ms": 1567.45, "status": "success:200"}], "elapsed_ms": 6727.6, "resolver": "_search_apple", "status": "no_candidate"}], "status": "missing_cover_art"}
2026-09-19 00:39:32,349 [VERBOSE] music_app.services.cover_provider_http: Cover HTTP success service=apple context=artist-id-search:Generated Problem Fixture status=200 url=http://127.0.0.1:5302/itunes/search?term=Generated+Problem+Fixture&entity=musicArtist&limit=10 bytes=33
2026-09-19 00:39:32,351 [INFO] music_app.services.cover_refresh_provider: {"action": "Apple artist lookup results", "album": "Comfortably Numb Sidebar Fixture 07", "artist": "Generated Problem Fixture", "query_artist": "Generated Problem Fixture", "result_count": 0, "top_results": []}
2026-09-19 00:39:32,351 [VERBOSE] music_app: Cover fetch processed artist='Generated Problem Fixture' album='Comfortably Numb Sidebar Fixture 07' folder='D:\\a\\_temp\\album-haven-e2e-functional-fixtures-cover-providers\\shared\\media\\Generated Problem Fixture\\Comfortably Numb Sidebar Fixture 07' downloaded=False has_cover=False
2026-09-19 00:39:32,351 [WARNING] music_app: {"action": "Cover art update failed", "album": "Comfortably Numb Sidebar Fixture 07", "artist": "Generated Problem Fixture", "elapsed_ms": 6250.28, "folder": "D:\\a\\_temp\\album-haven-e2e-functional-fixtures-cover-providers\\shared\\media\\Generated Problem Fixture\\Comfortably Numb Sidebar Fixture 07", "force_search": false, "reason": "remote_search_returned_no_candidate", "resolver_trace": [{"apple_http_trace": [{"context": "search:Generated Problem Fixture Comfortably Numb Sidebar Fixture 07 2023", "elapsed_ms": 1460.03, "status": "success:200"}, {"context": "artist-id-search:Generated Problem Fixture", "elapsed_ms": 1549.91, "status": "success:200"}, {"context": "search:Generated Problem Fixture Comfortably Numb Sidebar Fixture 07", "elapsed_ms": 1650.51, "status": "success:200"}, {"context": "artist-id-search:Generated Problem Fixture", "elapsed_ms": 1574.67, "status": "success:200"}], "elapsed_ms": 6237.57, "resolver": "_search_apple", "status": "no_candidate"}], "status": "missing_cover_art"}
2026-09-19 00:39:32,961 [VERBOSE] music_app.services.cover_provider_http: Cover HTTP success service=apple context=artist-id-search:Generated Problem Fixture status=200 url=http://127.0.0.1:5302/itunes/search?term=Generated+Problem+Fixture&entity=musicArtist&limit=10 bytes=33
2026-09-19 00:39:32,961 [INFO] music_app.services.cover_refresh_provider: {"action": "Apple artist lookup results", "album": "Comfortably Numb Sidebar Fixture 08", "artist": "Generated Problem Fixture", "query_artist": "Generated Problem Fixture", "result_count": 0, "top_results": []}
2026-09-19 00:39:32,961 [VERBOSE] music_app: Cover fetch processed artist='Generated Problem Fixture' album='Comfortably Numb Sidebar Fixture 08' folder='D:\\a\\_temp\\album-haven-e2e-functional-fixtures-cover-providers\\shared\\media\\Generated Problem Fixture\\Comfortably Numb Sidebar Fixture 08' downloaded=False has_cover=False
2026-09-19 00:39:32,961 [WARNING] music_app: {"action": "Cover art update failed", "album": "Comfortably Numb Sidebar Fixture 08", "artist": "Generated Problem Fixture", "elapsed_ms": 6707.77, "folder": "D:\\a\\_temp\\album-haven-e2e-functional-fixtures-cover-providers\\shared\\media\\Generated Problem Fixture\\Comfortably Numb Sidebar Fixture 08", "force_search": false, "reason": "remote_search_returned_no_candidate", "resolver_trace": [{"apple_http_trace": [{"context": "search:Generated Problem Fixture Comfortably Numb Sidebar Fixture 08 2023", "elapsed_ms": 1685.5, "status": "success:200"}, {"context": "artist-id-search:Generated Problem Fixture", "elapsed_ms": 1466.83, "status": "success:200"}, {"context": "search:Generated Problem Fixture Comfortably Numb Sidebar Fixture 08", "elapsed_ms": 1685.69, "status": "success:200"}, {"context": "artist-id-search:Generated Problem Fixture", "elapsed_ms": 1864.47, "status": "success:200"}], "elapsed_ms": 6705.03, "resolver": "_search_apple", "status": "no_candidate"}], "status": "missing_cover_art"}
2026-09-19 00:39:33,031 [VERBOSE] music_app.services.cover_provider_http: Cover HTTP success service=apple context=search:Generated Problem Fixture Encoding And Missing Metadata status=200 url=http://127.0.0.1:5302/itunes/search?term=Generated+Problem+Fixture+Encoding+And+Missing+Metadata&entity=album&limit=20 bytes=33
2026-09-19 00:39:33,031 [VERBOSE] music_app.services.cover_refresh_provider: Apple raw search results query='Generated Problem Fixture Encoding And Missing Metadata' artist='Generated Problem Fixture' album='Encoding And Missing Metadata' year=None results=[]
2026-09-19 00:39:33,031 [VERBOSE] music_app.services.cover_refresh_provider: Apple search results query='Generated Problem Fixture Encoding And Missing Metadata' count=0 top=[]
2026-09-19 00:39:33,031 [INFO] music_app.services.cover_refresh_provider: {"action": "Apple cover miss", "album": "Encoding And Missing Metadata", "artist": "Generated Problem Fixture", "query_mode": "artist+album:native", "raw_result_count": 0, "raw_results_summary": [], "top_candidates": [], "year": ""}
2026-09-19 00:39:33,226 [VERBOSE] music_app.services.cover_provider_http: Cover HTTP success service=apple context=search:Mastodon Crack The Skye Fixture 07 2009 status=200 url=http://127.0.0.1:5302/itunes/search?term=Mastodon+Crack+The+Skye+Fixture+07+2009&entity=album&limit=20 bytes=33
2026-09-19 00:39:33,226 [VERBOSE] music_app.services.cover_refresh_provider: Apple raw search results query='Mastodon Crack The Skye Fixture 07 2009' artist='Mastodon' album='Crack The Skye Fixture 07' year=2009 results=[]
2026-09-19 00:39:33,226 [VERBOSE] music_app.services.cover_refresh_provider: Apple search results query='Mastodon Crack The Skye Fixture 07 2009' count=0 top=[]
2026-09-19 00:39:33,228 [INFO] music_app.services.cover_refresh_provider: {"action": "Apple cover miss", "album": "Crack The Skye Fixture 07", "artist": "Mastodon", "query_mode": "artist+album+year:native", "raw_result_count": 0, "raw_results_summary": [], "top_candidates": [], "year": 2009}
2026-09-19 00:39:34,411 [VERBOSE] music_app.services.cover_provider_http: Cover HTTP success service=apple context=search:Mastodon Crack The Skye Fixture 09 2009 status=200 url=http://127.0.0.1:5302/itunes/search?term=Mastodon+Crack+The+Skye+Fixture+09+2009&entity=album&limit=20 bytes=557
2026-09-19 00:39:34,411 [VERBOSE] music_app.services.cover_refresh_provider: Apple raw search results query='Mastodon Crack The Skye Fixture 09 2009' artist='Mastodon' album='Crack The Skye Fixture 09' year=2009 results=[{'wrapperType': 'collection', 'collectionType': 'Album', 'artistId': 503584, 'collectionId': 983670, 'artistName': 'Mastodon', 'collectionName': 'Crack The Skye Fixture 09', 'collectionViewUrl': 'http://cover-fixture.example:5302/apple/album/user-owned-improvement-primary', 'artistViewUrl': 'http://cover-fixture.example:5302/apple/artist/user-owned-improvement-primary', 'artworkUrl100': 'http://cover-fixture.example:5302/apple/artwork/user-owned-improvement-primary/100x100bb.jpg', 'releaseDate': '2009-01-01T00:00:00Z'}]
2026-09-19 00:39:34,690 [VERBOSE] music_app.services.cover_provider_http: Cover HTTP success service=apple context=search:Mastodon Crack The Skye Fixture 10 2009 status=200 url=http://127.0.0.1:5302/itunes/search?term=Mastodon+Crack+The+Skye+Fixture+10+2009&entity=album&limit=20 bytes=33
2026-09-19 00:39:34,690 [VERBOSE] music_app.services.cover_refresh_provider: Apple raw search results query='Mastodon Crack The Skye Fixture 10 2009' artist='Mastodon' album='Crack The Skye Fixture 10' year=2009 results=[]
2026-09-19 00:39:34,690 [VERBOSE] music_app.services.cover_refresh_provider: Apple search results query='Mastodon Crack The Skye Fixture 10 2009' count=0 top=[]
2026-09-19 00:39:34,690 [INFO] music_app.services.cover_refresh_provider: {"action": "Apple cover miss", "album": "Crack The Skye Fixture 10", "artist": "Mastodon", "query_mode": "artist+album+year:native", "raw_result_count": 0, "raw_results_summary": [], "top_candidates": [], "year": 2009}
2026-09-19 00:39:34,797 [VERBOSE] music_app.services.cover_provider_http: Cover HTTP success service=apple context=artist-id-search:Generated Problem Fixture status=200 url=http://127.0.0.1:5302/itunes/search?term=Generated+Problem+Fixture&entity=musicArtist&limit=10 bytes=33
2026-09-19 00:39:34,797 [INFO] music_app.services.cover_refresh_provider: {"action": "Apple artist lookup results", "album": "Encoding And Missing Metadata", "artist": "Generated Problem Fixture", "query_artist": "Generated Problem Fixture", "result_count": 0, "top_results": []}
2026-09-19 00:39:34,797 [VERBOSE] music_app: Cover fetch processed artist='Generated Problem Fixture' album='Encoding And Missing Metadata' folder='D:\\a\\_temp\\album-haven-e2e-functional-fixtures-cover-providers\\shared\\media\\Generated Problem Fixture\\Encoding And Missing Metadata' downloaded=False has_cover=False
2026-09-19 00:39:34,798 [WARNING] music_app: {"action": "Cover art update failed", "album": "Encoding And Missing Metadata", "artist": "Generated Problem Fixture", "elapsed_ms": 3207.03, "folder": "D:\\a\\_temp\\album-haven-e2e-functional-fixtures-cover-providers\\shared\\media\\Generated Problem Fixture\\Encoding And Missing Metadata", "force_search": false, "reason": "remote_search_returned_no_candidate", "resolver_trace": [{"apple_http_trace": [{"context": "search:Generated Problem Fixture Encoding And Missing Metadata", "elapsed_ms": 1438.19, "status": "success:200"}, {"context": "artist-id-search:Generated Problem Fixture", "elapsed_ms": 1764.78, "status": "success:200"}], "elapsed_ms": 3204.09, "resolver": "_search_apple", "status": "no_candidate"}], "status": "missing_cover_art"}
2026-09-19 00:39:35,022 [VERBOSE] music_app.services.cover_provider_http: Cover HTTP success service=apple context=artist-id-search:Mastodon status=200 url=http://127.0.0.1:5302/itunes/search?term=Mastodon&entity=musicArtist&limit=10 bytes=33
2026-09-19 00:39:35,022 [INFO] music_app.services.cover_refresh_provider: {"action": "Apple artist lookup results", "album": "Crack The Skye Fixture 07", "artist": "Mastodon", "query_artist": "Mastodon", "result_count": 0, "top_results": []}
2026-09-19 00:39:36,082 [VERBOSE] music_app.services.cover_provider_http: Cover HTTP success service=apple context=probe:api-sufficiency:Mastodon - Crack The Skye Fixture 09 status=200 url=http://cover-fixture.example:5302/apple/artwork/user-owned-improvement-primary/9999x9999-100.jpg bytes=6365793
2026-09-19 00:39:36,256 [VERBOSE] music_app.services.cover_provider_http: Cover HTTP success service=apple context=artist-id-search:Mastodon status=200 url=http://127.0.0.1:5302/itunes/search?term=Mastodon&entity=musicArtist&limit=10 bytes=33
2026-09-19 00:39:36,256 [INFO] music_app.services.cover_refresh_provider: {"action": "Apple artist lookup results", "album": "Crack The Skye Fixture 10", "artist": "Mastodon", "query_artist": "Mastodon", "result_count": 0, "top_results": []}
2026-09-19 00:39:36,388 [VERBOSE] music_app.services.cover_provider_http: Cover HTTP success service=apple context=search:Neal Morse Neal Morse Plays Pink Floyd 2023 status=200 url=http://127.0.0.1:5302/itunes/search?term=Neal+Morse+Neal+Morse+Plays+Pink+Floyd+2023&entity=album&limit=20 bytes=33
2026-09-19 00:39:36,388 [VERBOSE] music_app.services.cover_refresh_provider: Apple raw search results query='Neal Morse Neal Morse Plays Pink Floyd 2023' artist='Neal Morse' album='Neal Morse Plays Pink Floyd' year=2023 results=[]
2026-09-19 00:39:36,388 [VERBOSE] music_app.services.cover_refresh_provider: Apple search results query='Neal Morse Neal Morse Plays Pink Floyd 2023' count=0 top=[]
2026-09-19 00:39:36,388 [INFO] music_app.services.cover_refresh_provider: {"action": "Apple cover miss", "album": "Neal Morse Plays Pink Floyd", "artist": "Neal Morse", "query_mode": "artist+album+year:native", "raw_result_count": 0, "raw_results_summary": [], "top_candidates": [], "year": 2023}
2026-09-19 00:39:36,571 [VERBOSE] music_app.services.cover_refresh_provider: Apple API artwork sufficient artist='Mastodon' album='Crack The Skye Fixture 09' year=2009 score=1.5900 width=4000 height=4000 sharpness=13.8329
2026-09-19 00:39:36,571 [VERBOSE] music_app.services.cover_refresh_provider: Cover candidate probe start source=apple artist='Mastodon' album='Crack The Skye Fixture 09' year=2009 query_mode=artist+album+year:native best_score=1.5900 cutoff=1.4300 contenders=[{'score': 1.59, 'url': 'http://cover-fixture.example:5302/apple/artwork/user-owned-improvement-primary/9999x9999-100.jpg'}]
2026-09-19 00:39:36,572 [VERBOSE] music_app.services.cover_refresh_provider: Cover candidate probe result source=apple artist='Mastodon' album='Crack The Skye Fixture 09' year=2009 result={'score': 1.59, 'width': 4000, 'height': 4000, 'area': 16000000, 'sharpness': 13.8329, 'album': 'Crack The Skye Fixture 09', 'artist': 'Mastodon', 'url': 'http://cover-fixture.example:5302/apple/artwork/user-owned-improvement-primary/9999x9999-100.jpg', 'year': 2009, 'variant': 'api-artwork', 'album_url': 'http://cover-fixture.example:5302/apple/album/user-owned-improvement-primary'}
2026-09-19 00:39:36,572 [VERBOSE] music_app.services.cover_refresh_provider: Cover candidate selected source=apple artist='Mastodon' album='Crack The Skye Fixture 09' year=2009 query_mode=artist+album+year:native score=1.5900 width=4000 height=4000 url=http://cover-fixture.example:5302/apple/artwork/user-owned-improvement-primary/9999x9999-100.jpg
2026-09-19 00:39:36,573 [VERBOSE] music_app.services.cover_provider_http: Cover HTTP success service=apple context=search:Mastodon Crack The Skye Fixture 07 status=200 url=http://127.0.0.1:5302/itunes/search?term=Mastodon+Crack+The+Skye+Fixture+07&entity=album&limit=20 bytes=33
2026-09-19 00:39:36,575 [VERBOSE] music_app.services.cover_refresh_provider: Apple raw search results query='Mastodon Crack The Skye Fixture 07' artist='Mastodon' album='Crack The Skye Fixture 07' year=2009 results=[]
2026-09-19 00:39:36,575 [VERBOSE] music_app.services.cover_refresh_provider: Apple search results query='Mastodon Crack The Skye Fixture 07' count=0 top=[]
2026-09-19 00:39:36,575 [INFO] music_app.services.cover_refresh_provider: {"action": "Apple cover miss", "album": "Crack The Skye Fixture 07", "artist": "Mastodon", "query_mode": "artist+album:native", "raw_result_count": 0, "raw_results_summary": [], "top_candidates": [], "year": 2009}
2026-09-19 00:39:37,507 [VERBOSE] music_app.services.cover_refresh_provider: Cover fetch candidate ready folder='D:\\a\\_temp\\album-haven-e2e-functional-fixtures-cover-providers\\shared\\media\\Mastodon\\Crack The Skye Fixture 09' artist='Mastodon' album='Crack The Skye Fixture 09' year=2009 source=apple width=4000 height=4000 remote_area=16000000 local_area=9000000 remote_sharpness=13.8329 local_sharpness=7.3520
2026-09-19 00:39:37,784 [VERBOSE] music_app.services.cover_provider_http: Cover HTTP success service=apple context=search:Mastodon Crack The Skye Fixture 10 status=200 url=http://127.0.0.1:5302/itunes/search?term=Mastodon+Crack+The+Skye+Fixture+10&entity=album&limit=20 bytes=33
2026-09-19 00:39:37,784 [VERBOSE] music_app.services.cover_refresh_provider: Apple raw search results query='Mastodon Crack The Skye Fixture 10' artist='Mastodon' album='Crack The Skye Fixture 10' year=2009 results=[]
2026-09-19 00:39:37,784 [VERBOSE] music_app.services.cover_refresh_provider: Apple search results query='Mastodon Crack The Skye Fixture 10' count=0 top=[]
2026-09-19 00:39:37,784 [INFO] music_app.services.cover_refresh_provider: {"action": "Apple cover miss", "album": "Crack The Skye Fixture 10", "artist": "Mastodon", "query_mode": "artist+album:native", "raw_result_count": 0, "raw_results_summary": [], "top_candidates": [], "year": 2009}
2026-09-19 00:39:37,875 [VERBOSE] music_app.services.cover_provider_http: Cover HTTP success service=apple context=artist-id-search:Neal Morse status=200 url=http://127.0.0.1:5302/itunes/search?term=Neal+Morse&entity=musicArtist&limit=10 bytes=33
2026-09-19 00:39:37,875 [INFO] music_app.services.cover_refresh_provider: {"action": "Apple artist lookup results", "album": "Neal Morse Plays Pink Floyd", "artist": "Neal Morse", "query_artist": "Neal Morse", "result_count": 0, "top_results": []}
2026-09-19 00:39:37,979 [VERBOSE] music_app.services.cover_provider_http: Cover HTTP success service=apple context=artist-id-search:Mastodon status=200 url=http://127.0.0.1:5302/itunes/search?term=Mastodon&entity=musicArtist&limit=10 bytes=33
2026-09-19 00:39:37,979 [INFO] music_app.services.cover_refresh_provider: {"action": "Apple artist lookup results", "album": "Crack The Skye Fixture 07", "artist": "Mastodon", "query_artist": "Mastodon", "result_count": 0, "top_results": []}
2026-09-19 00:39:37,980 [VERBOSE] music_app: Cover fetch processed artist='Mastodon' album='Crack The Skye Fixture 07' folder='D:\\a\\_temp\\album-haven-e2e-functional-fixtures-cover-providers\\shared\\media\\Mastodon\\Crack The Skye Fixture 07' downloaded=False has_cover=False
2026-09-19 00:39:37,980 [WARNING] music_app: {"action": "Cover art update failed", "album": "Crack The Skye Fixture 07", "artist": "Mastodon", "elapsed_ms": 6221.87, "folder": "D:\\a\\_temp\\album-haven-e2e-functional-fixtures-cover-providers\\shared\\media\\Mastodon\\Crack The Skye Fixture 07", "force_search": false, "reason": "remote_search_returned_no_candidate", "resolver_trace": [{"apple_http_trace": [{"context": "search:Mastodon Crack The Skye Fixture 07 2009", "elapsed_ms": 1466.23, "status": "success:200"}, {"context": "artist-id-search:Mastodon", "elapsed_ms": 1794.26, "status": "success:200"}, {"context": "search:Mastodon Crack The Skye Fixture 07", "elapsed_ms": 1550.13, "status": "success:200"}, {"context": "artist-id-search:Mastodon", "elapsed_ms": 1404.0, "status": "success:200"}], "elapsed_ms": 6218.98, "resolver": "_search_apple", "status": "no_candidate"}], "status": "missing_cover_art"}
2026-09-19 00:39:38,657 [VERBOSE] music_app.services.cover_provider_http: Cover HTTP success service=apple context=artist-id-search:Mastodon status=200 url=http://127.0.0.1:5302/itunes/search?term=Mastodon&entity=musicArtist&limit=10 bytes=33
2026-09-19 00:39:38,657 [INFO] music_app.services.cover_refresh_provider: {"action": "Apple artist lookup results", "album": "Crack The Skye Fixture 10", "artist": "Mastodon", "query_artist": "Mastodon", "result_count": 0, "top_results": []}
2026-09-19 00:39:38,658 [VERBOSE] music_app: Cover fetch processed artist='Mastodon' album='Crack The Skye Fixture 10' folder='D:\\a\\_temp\\album-haven-e2e-functional-fixtures-cover-providers\\shared\\media\\Mastodon\\Crack The Skye Fixture 10' downloaded=False has_cover=True
2026-09-19 00:39:39,065 [VERBOSE] music_app.services.cover_provider_http: Cover HTTP success service=apple context=search:Neal Morse Neal Morse Plays Pink Floyd status=200 url=http://127.0.0.1:5302/itunes/search?term=Neal+Morse+Neal+Morse+Plays+Pink+Floyd&entity=album&limit=20 bytes=33
2026-09-19 00:39:39,065 [VERBOSE] music_app.services.cover_refresh_provider: Apple raw search results query='Neal Morse Neal Morse Plays Pink Floyd' artist='Neal Morse' album='Neal Morse Plays Pink Floyd' year=2023 results=[]
2026-09-19 00:39:39,065 [VERBOSE] music_app.services.cover_refresh_provider: Apple search results query='Neal Morse Neal Morse Plays Pink Floyd' count=0 top=[]
2026-09-19 00:39:39,065 [INFO] music_app.services.cover_refresh_provider: {"action": "Apple cover miss", "album": "Neal Morse Plays Pink Floyd", "artist": "Neal Morse", "query_mode": "artist+album:native", "raw_result_count": 0, "raw_results_summary": [], "top_candidates": [], "year": 2023}
2026-09-19 00:39:39,138 [VERBOSE] music_app: Cover fetch processed artist='Mastodon' album='Crack The Skye Fixture 09' folder='D:\\a\\_temp\\album-haven-e2e-functional-fixtures-cover-providers\\shared\\media\\Mastodon\\Crack The Skye Fixture 09' downloaded=False has_cover=True
2026-09-19 00:39:39,159 [VERBOSE] music_app.services.cover_provider_http: Cover HTTP success service=apple context=search:Various Artists Mulan 1998 status=200 url=http://127.0.0.1:5302/itunes/search?term=Various+Artists+Mulan+1998&entity=album&limit=20 bytes=33
2026-09-19 00:39:39,159 [VERBOSE] music_app.services.cover_refresh_provider: Apple raw search results query='Various Artists Mulan 1998' artist='Various Artists' album='Mulan' year=1998 results=[]
2026-09-19 00:39:39,159 [VERBOSE] music_app.services.cover_refresh_provider: Apple search results query='Various Artists Mulan 1998' count=0 top=[]
2026-09-19 00:39:39,159 [INFO] music_app.services.cover_refresh_provider: {"action": "Apple cover miss", "album": "Mulan", "artist": "Various Artists", "query_mode": "artist+album+year:native", "raw_result_count": 0, "raw_results_summary": [], "top_candidates": [], "year": 1998}
2026-09-19 00:39:39,442 [VERBOSE] music_app.services.cover_provider_http: Cover HTTP success service=apple context=search:\u0414\u0414\u0422 \u0421\u0442\u0443\u0434\u0438\u0439\u043d\u044b\u0435 \u0437\u0430\u043f\u0438\u0441\u0438 1990 status=200 url=http://127.0.0.1:5302/itunes/search?term=%D0%94%D0%94%D0%A2+%D0%A1%D1%82%D1%83%D0%B4%D0%B8%D0%B9%D0%BD%D1%8B%D0%B5+%D0%B7%D0%B0%D0%BF%D0%B8%D1%81%D0%B8+1990&entity=album&limit=20 bytes=33
2026-09-19 00:39:39,442 [VERBOSE] music_app.services.cover_refresh_provider: Apple raw search results query='\u0414\u0414\u0422 \u0421\u0442\u0443\u0434\u0438\u0439\u043d\u044b\u0435 \u0437\u0430\u043f\u0438\u0441\u0438 1990' artist='\u0414\u0414\u0422' album='\u0421\u0442\u0443\u0434\u0438\u0439\u043d\u044b\u0435 \u0437\u0430\u043f\u0438\u0441\u0438' year=1990 results=[]
2026-09-19 00:39:39,442 [VERBOSE] music_app.services.cover_refresh_provider: Apple search results query='\u0414\u0414\u0422 \u0421\u0442\u0443\u0434\u0438\u0439\u043d\u044b\u0435 \u0437\u0430\u043f\u0438\u0441\u0438 1990' count=0 top=[]
2026-09-19 00:39:39,442 [INFO] music_app.services.cover_refresh_provider: {"action": "Apple cover miss", "album": "\u0421\u0442\u0443\u0434\u0438\u0439\u043d\u044b\u0435 \u0437\u0430\u043f\u0438\u0441\u0438", "artist": "\u0414\u0414\u0422", "query_mode": "artist+album+year:native", "raw_result_count": 0, "raw_results_summary": [], "top_candidates": [], "year": 1990}
2026-09-19 00:39:39,859 [VERBOSE] music_app.services.cover_provider_http: Cover HTTP success service=apple context=artist-id-search:Neal Morse status=200 url=http://127.0.0.1:5302/itunes/search?term=Neal+Morse&entity=musicArtist&limit=10 bytes=33
2026-09-19 00:39:39,859 [INFO] music_app.services.cover_refresh_provider: {"action": "Apple artist lookup results", "album": "Neal Morse Plays Pink Floyd", "artist": "Neal Morse", "query_artist": "Neal Morse", "result_count": 0, "top_results": []}
2026-09-19 00:39:39,859 [VERBOSE] music_app: Cover fetch processed artist='Neal Morse' album='Neal Morse Plays Pink Floyd' folder='D:\\a\\_temp\\album-haven-e2e-functional-fixtures-cover-providers\\shared\\media\\Progressive Projects\\Morse Family\\Neal Morse\\Neal Morse Plays Pink Floyd' downloaded=False has_cover=False
2026-09-19 00:39:39,859 [WARNING] music_app: {"action": "Cover art update failed", "album": "Neal Morse Plays Pink Floyd", "artist": "Neal Morse", "elapsed_ms": 5062.71, "folder": "D:\\a\\_temp\\album-haven-e2e-functional-fixtures-cover-providers\\shared\\media\\Progressive Projects\\Morse Family\\Neal Morse\\Neal Morse Plays Pink Floyd", "force_search": false, "reason": "remote_search_returned_no_candidate", "resolver_trace": [{"apple_http_trace": [{"context": "search:Neal Morse Neal Morse Plays Pink Floyd 2023", "elapsed_ms": 1587.89, "status": "success:200"}, {"context": "artist-id-search:Neal Morse", "elapsed_ms": 1486.81, "status": "success:200"}, {"context": "search:Neal Morse Neal Morse Plays Pink Floyd", "elapsed_ms": 1188.85, "status": "success:200"}, {"context": "artist-id-search:Neal Morse", "elapsed_ms": 793.81, "status": "success:200"}], "elapsed_ms": 5059.67, "resolver": "_search_apple", "status": "no_candidate"}], "status": "missing_cover_art"}
2026-09-19 00:39:39,918 [VERBOSE] music_app.services.cover_provider_http: Cover HTTP success service=apple context=artist-id-search:Various Artists status=200 url=http://127.0.0.1:5302/itunes/search?term=Various+Artists&entity=musicArtist&limit=10 bytes=33
2026-09-19 00:39:39,918 [INFO] music_app.services.cover_refresh_provider: {"action": "Apple artist lookup results", "album": "Mulan", "artist": "Various Artists", "query_artist": "Various Artists", "result_count": 0, "top_results": []}
2026-09-19 00:39:40,054 [VERBOSE] music_app.services.cover_provider_http: Cover HTTP success service=apple context=artist-id-search:\u0414\u0414\u0422 status=200 url=http://127.0.0.1:5302/itunes/search?term=%D0%94%D0%94%D0%A2&entity=musicArtist&limit=10 bytes=33
2026-09-19 00:39:40,054 [INFO] music_app.services.cover_refresh_provider: {"action": "Apple artist lookup results", "album": "\u0421\u0442\u0443\u0434\u0438\u0439\u043d\u044b\u0435 \u0437\u0430\u043f\u0438\u0441\u0438", "artist": "\u0414\u0414\u0422", "query_artist": "\u0414\u0414\u0422", "result_count": 0, "top_results": []}
2026-09-19 00:39:40,245 [VERBOSE] music_app.services.cover_provider_http: Cover HTTP success service=apple context=search:Various Artists Mulan status=200 url=http://127.0.0.1:5302/itunes/search?term=Various+Artists+Mulan&entity=album&limit=20 bytes=33
2026-09-19 00:39:40,245 [VERBOSE] music_app.services.cover_refresh_provider: Apple raw search results query='Various Artists Mulan' artist='Various Artists' album='Mulan' year=1998 results=[]
2026-09-19 00:39:40,245 [VERBOSE] music_app.services.cover_refresh_provider: Apple search results query='Various Artists Mulan' count=0 top=[]
2026-09-19 00:39:40,245 [INFO] music_app.services.cover_refresh_provider: {"action": "Apple cover miss", "album": "Mulan", "artist": "Various Artists", "query_mode": "artist+album:native", "raw_result_count": 0, "raw_results_summary": [], "top_candidates": [], "year": 1998}
2026-09-19 00:39:40,423 [VERBOSE] music_app.services.cover_provider_http: Cover HTTP success service=apple context=search:\u0414\u0414\u0422 \u0421\u0442\u0443\u0434\u0438\u0439\u043d\u044b\u0435 \u0437\u0430\u043f\u0438\u0441\u0438 status=200 url=http://127.0.0.1:5302/itunes/search?term=%D0%94%D0%94%D0%A2+%D0%A1%D1%82%D1%83%D0%B4%D0%B8%D0%B9%D0%BD%D1%8B%D0%B5+%D0%B7%D0%B0%D0%BF%D0%B8%D1%81%D0%B8&entity=album&limit=20 bytes=33
2026-09-19 00:39:40,423 [VERBOSE] music_app.services.cover_refresh_provider: Apple raw search results query='\u0414\u0414\u0422 \u0421\u0442\u0443\u0434\u0438\u0439\u043d\u044b\u0435 \u0437\u0430\u043f\u0438\u0441\u0438' artist='\u0414\u0414\u0422' album='\u0421\u0442\u0443\u0434\u0438\u0439\u043d\u044b\u0435 \u0437\u0430\u043f\u0438\u0441\u0438' year=1990 results=[]
2026-09-19 00:39:40,423 [VERBOSE] music_app.services.cover_refresh_provider: Apple search results query='\u0414\u0414\u0422 \u0421\u0442\u0443\u0434\u0438\u0439\u043d\u044b\u0435 \u0437\u0430\u043f\u0438\u0441\u0438' count=0 top=[]
2026-09-19 00:39:40,423 [INFO] music_app.services.cover_refresh_provider: {"action": "Apple cover miss", "album": "\u0421\u0442\u0443\u0434\u0438\u0439\u043d\u044b\u0435 \u0437\u0430\u043f\u0438\u0441\u0438", "artist": "\u0414\u0414\u0422", "query_mode": "artist+album:native", "raw_result_count": 0, "raw_results_summary": [], "top_candidates": [], "year": 1990}
2026-09-19 00:39:40,702 [VERBOSE] music_app.services.cover_provider_http: Cover HTTP success service=apple context=artist-id-search:Various Artists status=200 url=http://127.0.0.1:5302/itunes/search?term=Various+Artists&entity=musicArtist&limit=10 bytes=33
2026-09-19 00:39:40,702 [INFO] music_app.services.cover_refresh_provider: {"action": "Apple artist lookup results", "album": "Mulan", "artist": "Various Artists", "query_artist": "Various Artists", "result_count": 0, "top_results": []}
2026-09-19 00:39:40,702 [VERBOSE] music_app: Cover fetch processed artist='Various Artists' album='Mulan' folder='D:\\a\\_temp\\album-haven-e2e-functional-fixtures-cover-providers\\shared\\media\\Various Artists\\Mulan' downloaded=False has_cover=False
2026-09-19 00:39:40,702 [WARNING] music_app: {"action": "Cover art update failed", "album": "Mulan", "artist": "Various Artists", "elapsed_ms": 2722.3, "folder": "D:\\a\\_temp\\album-haven-e2e-functional-fixtures-cover-providers\\shared\\media\\Various Artists\\Mulan", "force_search": false, "reason": "remote_search_returned_no_candidate", "resolver_trace": [{"apple_http_trace": [{"context": "search:Various Artists Mulan 1998", "elapsed_ms": 1176.84, "status": "success:200"}, {"context": "artist-id-search:Various Artists", "elapsed_ms": 758.24, "status": "success:200"}, {"context": "search:Various Artists Mulan", "elapsed_ms": 326.51, "status": "success:200"}, {"context": "artist-id-search:Various Artists", "elapsed_ms": 456.22, "status": "success:200"}], "elapsed_ms": 2720.03, "resolver": "_search_apple", "status": "no_candidate"}], "status": "missing_cover_art"}
2026-09-19 00:39:40,814 [VERBOSE] music_app.services.cover_provider_http: Cover HTTP success service=apple context=artist-id-search:\u0414\u0414\u0422 status=200 url=http://127.0.0.1:5302/itunes/search?term=%D0%94%D0%94%D0%A2&entity=musicArtist&limit=10 bytes=33
2026-09-19 00:39:40,814 [INFO] music_app.services.cover_refresh_provider: {"action": "Apple artist lookup results", "album": "\u0421\u0442\u0443\u0434\u0438\u0439\u043d\u044b\u0435 \u0437\u0430\u043f\u0438\u0441\u0438", "artist": "\u0414\u0414\u0422", "query_artist": "\u0414\u0414\u0422", "result_count": 0, "top_results": []}
2026-09-19 00:39:41,234 [VERBOSE] music_app.services.cover_provider_http: Cover HTTP success service=apple context=search:DDT Studiynye zapisi 1990 status=200 url=http://127.0.0.1:5302/itunes/search?term=DDT+Studiynye+zapisi+1990&entity=album&limit=20 bytes=33
2026-09-19 00:39:41,234 [VERBOSE] music_app.services.cover_refresh_provider: Apple raw search results query='DDT Studiynye zapisi 1990' artist='\u0414\u0414\u0422' album='\u0421\u0442\u0443\u0434\u0438\u0439\u043d\u044b\u0435 \u0437\u0430\u043f\u0438\u0441\u0438' year=1990 results=[]
2026-09-19 00:39:41,234 [VERBOSE] music_app.services.cover_refresh_provider: Apple search results query='DDT Studiynye zapisi 1990' count=0 top=[]
2026-09-19 00:39:41,234 [INFO] music_app.services.cover_refresh_provider: {"action": "Apple cover miss", "album": "\u0421\u0442\u0443\u0434\u0438\u0439\u043d\u044b\u0435 \u0437\u0430\u043f\u0438\u0441\u0438", "artist": "\u0414\u0414\u0422", "query_mode": "artist+album+year:translit", "raw_result_count": 0, "raw_results_summary": [], "top_candidates": [], "year": 1990}
2026-09-19 00:39:41,503 [VERBOSE] music_app.services.cover_provider_http: Cover HTTP success service=apple context=artist-id-search:DDT status=200 url=http://127.0.0.1:5302/itunes/search?term=DDT&entity=musicArtist&limit=10 bytes=33
2026-09-19 00:39:41,503 [INFO] music_app.services.cover_refresh_provider: {"action": "Apple artist lookup results", "album": "\u0421\u0442\u0443\u0434\u0438\u0439\u043d\u044b\u0435 \u0437\u0430\u043f\u0438\u0441\u0438", "artist": "\u0414\u0414\u0422", "query_artist": "DDT", "result_count": 0, "top_results": []}
2026-09-19 00:39:41,778 [VERBOSE] music_app.services.cover_provider_http: Cover HTTP success service=apple context=search:DDT Studiynye zapisi status=200 url=http://127.0.0.1:5302/itunes/search?term=DDT+Studiynye+zapisi&entity=album&limit=20 bytes=33
2026-09-19 00:39:41,778 [VERBOSE] music_app.services.cover_refresh_provider: Apple raw search results query='DDT Studiynye zapisi' artist='\u0414\u0414\u0422' album='\u0421\u0442\u0443\u0434\u0438\u0439\u043d\u044b\u0435 \u0437\u0430\u043f\u0438\u0441\u0438' year=1990 results=[]
2026-09-19 00:39:41,778 [VERBOSE] music_app.services.cover_refresh_provider: Apple search results query='DDT Studiynye zapisi' count=0 top=[]
2026-09-19 00:39:41,778 [INFO] music_app.services.cover_refresh_provider: {"action": "Apple cover miss", "album": "\u0421\u0442\u0443\u0434\u0438\u0439\u043d\u044b\u0435 \u0437\u0430\u043f\u0438\u0441\u0438", "artist": "\u0414\u0414\u0422", "query_mode": "artist+album:translit", "raw_result_count": 0, "raw_results_summary": [], "top_candidates": [], "year": 1990}
2026-09-19 00:39:42,232 [VERBOSE] music_app.services.cover_provider_http: Cover HTTP success service=apple context=artist-id-search:DDT status=200 url=http://127.0.0.1:5302/itunes/search?term=DDT&entity=musicArtist&limit=10 bytes=33
2026-09-19 00:39:42,232 [INFO] music_app.services.cover_refresh_provider: {"action": "Apple artist lookup results", "album": "\u0421\u0442\u0443\u0434\u0438\u0439\u043d\u044b\u0435 \u0437\u0430\u043f\u0438\u0441\u0438", "artist": "\u0414\u0414\u0422", "query_artist": "DDT", "result_count": 0, "top_results": []}
2026-09-19 00:39:42,232 [VERBOSE] music_app: Cover fetch processed artist='\u0414\u0414\u0422' album='\u0421\u0442\u0443\u0434\u0438\u0439\u043d\u044b\u0435 \u0437\u0430\u043f\u0438\u0441\u0438' folder='D:\\a\\_temp\\album-haven-e2e-functional-fixtures-cover-providers\\shared\\media\\\u0414\u0414\u0422\\\u0421\u0442\u0443\u0434\u0438\u0439\u043d\u044b\u0435 \u0437\u0430\u043f\u0438\u0441\u0438' downloaded=False has_cover=False
2026-09-19 00:39:42,232 [WARNING] music_app: {"action": "Cover art update failed", "album": "\u0421\u0442\u0443\u0434\u0438\u0439\u043d\u044b\u0435 \u0437\u0430\u043f\u0438\u0441\u0438", "artist": "\u0414\u0414\u0422", "elapsed_ms": 3574.32, "folder": "D:\\a\\_temp\\album-haven-e2e-functional-fixtures-cover-providers\\shared\\media\\\u0414\u0414\u0422\\\u0421\u0442\u0443\u0434\u0438\u0439\u043d\u044b\u0435 \u0437\u0430\u043f\u0438\u0441\u0438", "force_search": false, "reason": "remote_search_returned_no_candidate", "resolver_trace": [{"apple_http_trace": [{"context": "search:\u0414\u0414\u0422 \u0421\u0442\u0443\u0434\u0438\u0439\u043d\u044b\u0435 \u0437\u0430\u043f\u0438\u0441\u0438 1990", "elapsed_ms": 782.23, "status": "success:200"}, {"context": "artist-id-search:\u0414\u0414\u0422", "elapsed_ms": 611.4, "status": "success:200"}, {"context": "search:\u0414\u0414\u0422 \u0421\u0442\u0443\u0434\u0438\u0439\u043d\u044b\u0435 \u0437\u0430\u043f\u0438\u0441\u0438", "elapsed_ms": 369.4, "status": "success:200"}, {"context": "artist-id-search:\u0414\u0414\u0422", "elapsed_ms": 389.79, "status": "success:200"}, {"context": "search:DDT Studiynye zapisi 1990", "elapsed_ms": 419.25, "status": "success:200"}, {"context": "artist-id-search:DDT", "elapsed_ms": 268.47, "status": "success:200"}, {"context": "search:DDT Studiynye zapisi", "elapsed_ms": 275.04, "status": "success:200"}, {"context": "artist-id-search:DDT", "elapsed_ms": 452.23, "status": "success:200"}], "elapsed_ms": 3572.5, "resolver": "_search_apple", "status": "no_candidate"}], "status": "missing_cover_art"}
2026-09-19 00:39:42,234 [INFO] music_app: {"action": "Cover art update completed", "album_count": 15, "downloaded": 0, "downloaded_paths": [], "failed": 13, "files": [], "mode": "background", "not_found": 13, "not_touched": 2, "processed": 15, "skipped": 2}
2026-09-19 00:39:43,951 [INFO] music_app: {"action": "Index request completed", "album_count": 0, "artist_count": 0, "bootstrap_mode": "fresh_preview", "covers_in_progress": false, "elapsed_ms": 427.07, "hydrate_in_progress": false, "payload_elapsed_ms": 358.28, "query": "", "scan_in_progress": false, "selected_artist": ""}
  [PASS] Keep different automatic artwork suggestion-only and show its indicator (43521 ms)
  ok 1 [functional] › tests\e2e\specs\coverLookup.spec.js:1276:1 › FTC-COVERS-019 automatic improvement preserves a user-owned cover and clears after gallery open @area:cover-providers (2.0m)
[album-haven-playwright-result] {"version":1,"phase":"tests-complete","nonce":"bcbd180b133d7be70b0d5d0967498ed9c9cd144f364ba18d526ba0cd8a824564","status":"passed","total":1,"completed":1,"failed":0,"skipped":0,"errors":0}



[album-haven-playwright-result] {"version":1,"phase":"run-final","nonce":"bcbd180b133d7be70b0d5d0967498ed9c9cd144f364ba18d526ba0cd8a824564","status":"passed","total":1,"completed":1,"failed":0,"skipped":0,"errors":0}
  1 passed (2.2m)

=== Playwright Summary ===
[✓] coverLookup.spec
  [✓] FTC-COVERS-019 automatic improvement preserves a user-owned cover and clears after gallery open @area:cover-providers (2.0m)

Overall: 1/1 passed
[playwright-wrapper-final-decision] {"wrapperExitCode":0,"attemptReturn":{"exitCode":0,"exitReason":"authoritative-pass"},"fakeDatabaseCleanup":{"status":"completed","error":null,"mode":"lock-only"},"scanAppCleanup":{"status":"not-required","error":null},"isolatedAppCleanup":{"status":"completed","error":null},"tempCleanup":{"status":"completed","error":null,"removedCount":1},"passivePortDiagnostics":[{"port":5300,"status":"completed","error":null,"ownerCount":0},{"port":5302,"status":"completed","error":null,"ownerCount":0}],"finalSummary":{"phase":"run-final","status":"passed","total":1,"completed":1,"failed":0,"skipped":0,"errors":0,"listOnly":false},"exitReason":"authoritative-pass"}
{"restored":1,"removed":1,"unchanged":1496}
Album Haven production E2E app listening on http://127.0.0.1:5300 with 0 artists, 0 albums, 0 tracks, and provider fixtures on http://127.0.0.1:5302
2026-09-19 00:40:30,126 [INFO] music_app: Startup scan-cache hydration completed files=7200 albums=400
2026-09-19 00:40:30,126 [INFO] music_app: Legacy album exclusions migrated albums=1 removed_rules=18 created_rules=1
2026-09-19 00:40:30,652 [INFO] music_app: Relation projection startup readiness ready=true rebuilt=true reason=missing_projection builder_version=local-relation-builder-v9 source_row_count=7438 duration_ms=483.08 source_load=150.12 fingerprint=61.68 pure_build=153.00 family_link_replacement=8.05 snapshot_publication=1.79
2026-09-19 00:40:32,021 [INFO] music_app: {"action": "Index request completed", "album_count": 0, "artist_count": 0, "bootstrap_mode": "fresh_preview", "covers_in_progress": false, "elapsed_ms": 480.05, "hydrate_in_progress": false, "payload_elapsed_ms": 187.38, "query": "", "scan_in_progress": false, "selected_artist": ""}

Running 1 test using 1 worker

2026-09-19 00:41:03,491 [INFO] music_app: {"action": "Index request completed", "album_count": 0, "artist_count": 0, "bootstrap_mode": "fresh_preview", "covers_in_progress": false, "elapsed_ms": 280.56, "hydrate_in_progress": false, "payload_elapsed_ms": 165.42, "query": "", "scan_in_progress": false, "selected_artist": ""}
[TEST] FTC-COVERS-019 later automatic improvement restores the unseen indicator
  [STEP] Prepare a distinct later automatic improvement
  [PASS] Prepare a distinct later automatic improvement (44 ms)
  [STEP] Restore the unseen indicator when a later automatic lookup finds a better result
2026-09-19 00:41:06,603 [INFO] music_app: {"action": "Index request completed", "album_count": 0, "artist_count": 0, "bootstrap_mode": "fresh_preview", "covers_in_progress": false, "elapsed_ms": 360.26, "hydrate_in_progress": false, "payload_elapsed_ms": 153.62, "query": "", "scan_in_progress": false, "selected_artist": ""}
2026-09-19 00:41:09,759 [WARNING] music_app: refresh_api: payload keys=['full_rescan']
2026-09-19 00:41:09,846 [INFO] music_app: {"action": "Library indexing started", "force": true}
2026-09-19 00:41:15,893 [INFO] music_app: {"action": "Library indexing completed", "album_count": 63, "file_count": 1090}
2026-09-19 00:41:15,893 [INFO] music_app: {"action": "Cover art refresh queued after indexing", "added_album_count": 1}
2026-09-19 00:41:16,576 [VERBOSE] music_app: Cover jobs built total_folders=64 queued=64 skipped=0 skipped_samples=[]
2026-09-19 00:41:16,577 [VERBOSE] music_app: Cover refresh background job selection queued=16 user_owned=1 scan_generation=1 file_cache_entries=1090
2026-09-19 00:41:16,578 [VERBOSE] music_app: Cover fetch queue item index=1 total=16 artist='Generated Problem Fixture' album='Comfortably Numb Sidebar Fixture 01' year=2023 folder='D:\\a\\_temp\\album-haven-e2e-functional-fixtures-cover-providers\\shared\\media\\Generated Problem Fixture\\Comfortably Numb Sidebar Fixture 01' track_count=18 force_search=False
2026-09-19 00:41:16,578 [VERBOSE] music_app: Cover fetch queue item index=2 total=16 artist='Generated Problem Fixture' album='Comfortably Numb Sidebar Fixture 02' year=2023 folder='D:\\a\\_temp\\album-haven-e2e-functional-fixtures-cover-providers\\shared\\media\\Generated Problem Fixture\\Comfortably Numb Sidebar Fixture 02' track_count=18 force_search=False
2026-09-19 00:41:16,578 [VERBOSE] music_app: Cover fetch queue item index=3 total=16 artist='Generated Problem Fixture' album='Comfortably Numb Sidebar Fixture 03' year=2023 folder='D:\\a\\_temp\\album-haven-e2e-functional-fixtures-cover-providers\\shared\\media\\Generated Problem Fixture\\Comfortably Numb Sidebar Fixture 03' track_count=18 force_search=False
2026-09-19 00:41:16,578 [VERBOSE] music_app: Cover fetch queue item index=4 total=16 artist='Generated Problem Fixture' album='Comfortably Numb Sidebar Fixture 04' year=2023 folder='D:\\a\\_temp\\album-haven-e2e-functional-fixtures-cover-providers\\shared\\media\\Generated Problem Fixture\\Comfortably Numb Sidebar Fixture 04' track_count=18 force_search=False
2026-09-19 00:41:16,578 [VERBOSE] music_app: Cover fetch queue item index=5 total=16 artist='Generated Problem Fixture' album='Comfortably Numb Sidebar Fixture 05' year=2023 folder='D:\\a\\_temp\\album-haven-e2e-functional-fixtures-cover-providers\\shared\\media\\Generated Problem Fixture\\Comfortably Numb Sidebar Fixture 05' track_count=18 force_search=False
2026-09-19 00:41:16,579 [VERBOSE] music_app: Cover fetch queue item index=6 total=16 artist='Generated Problem Fixture' album='Comfortably Numb Sidebar Fixture 06' year=2023 folder='D:\\a\\_temp\\album-haven-e2e-functional-fixtures-cover-providers\\shared\\media\\Generated Problem Fixture\\Comfortably Numb Sidebar Fixture 06' track_count=18 force_search=False
2026-09-19 00:41:16,579 [VERBOSE] music_app: Cover fetch queue item index=7 total=16 artist='Generated Problem Fixture' album='Comfortably Numb Sidebar Fixture 07' year=2023 folder='D:\\a\\_temp\\album-haven-e2e-functional-fixtures-cover-providers\\shared\\media\\Generated Problem Fixture\\Comfortably Numb Sidebar Fixture 07' track_count=18 force_search=False
2026-09-19 00:41:16,579 [VERBOSE] music_app: Cover fetch queue item index=8 total=16 artist='Generated Problem Fixture' album='Comfortably Numb Sidebar Fixture 08' year=2023 folder='D:\\a\\_temp\\album-haven-e2e-functional-fixtures-cover-providers\\shared\\media\\Generated Problem Fixture\\Comfortably Numb Sidebar Fixture 08' track_count=18 force_search=False
2026-09-19 00:41:16,584 [VERBOSE] music_app: Cover fetch queue item index=9 total=16 artist='Generated Problem Fixture' album='Encoding And Missing Metadata' year=None folder='D:\\a\\_temp\\album-haven-e2e-functional-fixtures-cover-providers\\shared\\media\\Generated Problem Fixture\\Encoding And Missing Metadata' track_count=18 force_search=False
2026-09-19 00:41:16,591 [VERBOSE] music_app: Cover fetch queue item index=10 total=16 artist='Mastodon' album='Crack The Skye Fixture 07' year=2009 folder='D:\\a\\_temp\\album-haven-e2e-functional-fixtures-cover-providers\\shared\\media\\Mastodon\\Crack The Skye Fixture 07' track_count=18 force_search=False
2026-09-19 00:41:16,595 [VERBOSE] music_app: Cover fetch queue item index=11 total=16 artist='Mastodon' album='Crack The Skye Fixture 08' year=2009 folder='D:\\a\\_temp\\album-haven-e2e-functional-fixtures-cover-providers\\shared\\media\\Mastodon\\Crack The Skye Fixture 08' track_count=18 force_search=False
2026-09-19 00:41:16,607 [VERBOSE] music_app: Cover fetch queue item index=12 total=16 artist='Mastodon' album='Crack The Skye Fixture 09' year=2009 folder='D:\\a\\_temp\\album-haven-e2e-functional-fixtures-cover-providers\\shared\\media\\Mastodon\\Crack The Skye Fixture 09' track_count=18 force_search=False
2026-09-19 00:41:16,607 [VERBOSE] music_app: Cover fetch queue item index=13 total=16 artist='Mastodon' album='Crack The Skye Fixture 10' year=2009 folder='D:\\a\\_temp\\album-haven-e2e-functional-fixtures-cover-providers\\shared\\media\\Mastodon\\Crack The Skye Fixture 10' track_count=18 force_search=False
2026-09-19 00:41:16,607 [VERBOSE] music_app: Cover fetch queue item index=14 total=16 artist='Neal Morse' album='Neal Morse Plays Pink Floyd' year=2023 folder='D:\\a\\_temp\\album-haven-e2e-functional-fixtures-cover-providers\\shared\\media\\Progressive Projects\\Morse Family\\Neal Morse\\Neal Morse Plays Pink Floyd' track_count=18 force_search=False
2026-09-19 00:41:16,608 [VERBOSE] music_app: Cover fetch queue item index=15 total=16 artist='Various Artists' album='Mulan' year=1998 folder='D:\\a\\_temp\\album-haven-e2e-functional-fixtures-cover-providers\\shared\\media\\Various Artists\\Mulan' track_count=14 force_search=False
2026-09-19 00:41:16,609 [VERBOSE] music_app: Cover fetch queue item index=16 total=16 artist='\u0414\u0414\u0422' album='\u0421\u0442\u0443\u0434\u0438\u0439\u043d\u044b\u0435 \u0437\u0430\u043f\u0438\u0441\u0438' year=1990 folder='D:\\a\\_temp\\album-haven-e2e-functional-fixtures-cover-providers\\shared\\media\\\u0414\u0414\u0422\\\u0421\u0442\u0443\u0434\u0438\u0439\u043d\u044b\u0435 \u0437\u0430\u043f\u0438\u0441\u0438' track_count=16 force_search=False
2026-09-19 00:41:17,660 [VERBOSE] music_app.services.cover_provider_http: Cover HTTP success service=apple context=search:Generated Problem Fixture Comfortably Numb Sidebar Fixture 01 2023 status=200 url=http://127.0.0.1:5302/itunes/search?term=Generated+Problem+Fixture+Comfortably+Numb+Sidebar+Fixture+01+2023&entity=album&limit=20 bytes=33
2026-09-19 00:41:17,660 [VERBOSE] music_app.services.cover_refresh_provider: Apple raw search results query='Generated Problem Fixture Comfortably Numb Sidebar Fixture 01 2023' artist='Generated Problem Fixture' album='Comfortably Numb Sidebar Fixture 01' year=2023 results=[]
2026-09-19 00:41:17,660 [VERBOSE] music_app.services.cover_refresh_provider: Apple search results query='Generated Problem Fixture Comfortably Numb Sidebar Fixture 01 2023' count=0 top=[]
2026-09-19 00:41:17,660 [INFO] music_app.services.cover_refresh_provider: {"action": "Apple cover miss", "album": "Comfortably Numb Sidebar Fixture 01", "artist": "Generated Problem Fixture", "query_mode": "artist+album+year:native", "raw_result_count": 0, "raw_results_summary": [], "top_candidates": [], "year": 2023}
2026-09-19 00:41:17,749 [VERBOSE] music_app.services.cover_provider_http: Cover HTTP success service=apple context=search:Generated Problem Fixture Comfortably Numb Sidebar Fixture 02 2023 status=200 url=http://127.0.0.1:5302/itunes/search?term=Generated+Problem+Fixture+Comfortably+Numb+Sidebar+Fixture+02+2023&entity=album&limit=20 bytes=33
2026-09-19 00:41:17,749 [VERBOSE] music_app.services.cover_refresh_provider: Apple raw search results query='Generated Problem Fixture Comfortably Numb Sidebar Fixture 02 2023' artist='Generated Problem Fixture' album='Comfortably Numb Sidebar Fixture 02' year=2023 results=[]
2026-09-19 00:41:17,749 [VERBOSE] music_app.services.cover_refresh_provider: Apple search results query='Generated Problem Fixture Comfortably Numb Sidebar Fixture 02 2023' count=0 top=[]
2026-09-19 00:41:17,749 [INFO] music_app.services.cover_refresh_provider: {"action": "Apple cover miss", "album": "Comfortably Numb Sidebar Fixture 02", "artist": "Generated Problem Fixture", "query_mode": "artist+album+year:native", "raw_result_count": 0, "raw_results_summary": [], "top_candidates": [], "year": 2023}
2026-09-19 00:41:17,956 [VERBOSE] music_app.services.cover_provider_http: Cover HTTP success service=apple context=search:Generated Problem Fixture Comfortably Numb Sidebar Fixture 03 2023 status=200 url=http://127.0.0.1:5302/itunes/search?term=Generated+Problem+Fixture+Comfortably+Numb+Sidebar+Fixture+03+2023&entity=album&limit=20 bytes=33
2026-09-19 00:41:17,956 [VERBOSE] music_app.services.cover_refresh_provider: Apple raw search results query='Generated Problem Fixture Comfortably Numb Sidebar Fixture 03 2023' artist='Generated Problem Fixture' album='Comfortably Numb Sidebar Fixture 03' year=2023 results=[]
2026-09-19 00:41:17,956 [VERBOSE] music_app.services.cover_refresh_provider: Apple search results query='Generated Problem Fixture Comfortably Numb Sidebar Fixture 03 2023' count=0 top=[]
2026-09-19 00:41:17,956 [INFO] music_app.services.cover_refresh_provider: {"action": "Apple cover miss", "album": "Comfortably Numb Sidebar Fixture 03", "artist": "Generated Problem Fixture", "query_mode": "artist+album+year:native", "raw_result_count": 0, "raw_results_summary": [], "top_candidates": [], "year": 2023}
2026-09-19 00:41:18,066 [VERBOSE] music_app.services.cover_provider_http: Cover HTTP success service=apple context=search:Generated Problem Fixture Comfortably Numb Sidebar Fixture 04 2023 status=200 url=http://127.0.0.1:5302/itunes/search?term=Generated+Problem+Fixture+Comfortably+Numb+Sidebar+Fixture+04+2023&entity=album&limit=20 bytes=33
2026-09-19 00:41:18,066 [VERBOSE] music_app.services.cover_refresh_provider: Apple raw search results query='Generated Problem Fixture Comfortably Numb Sidebar Fixture 04 2023' artist='Generated Problem Fixture' album='Comfortably Numb Sidebar Fixture 04' year=2023 results=[]
2026-09-19 00:41:18,067 [VERBOSE] music_app.services.cover_refresh_provider: Apple search results query='Generated Problem Fixture Comfortably Numb Sidebar Fixture 04 2023' count=0 top=[]
2026-09-19 00:41:18,067 [INFO] music_app.services.cover_refresh_provider: {"action": "Apple cover miss", "album": "Comfortably Numb Sidebar Fixture 04", "artist": "Generated Problem Fixture", "query_mode": "artist+album+year:native", "raw_result_count": 0, "raw_results_summary": [], "top_candidates": [], "year": 2023}
2026-09-19 00:41:18,257 [VERBOSE] music_app.services.cover_provider_http: Cover HTTP success service=apple context=artist-id-search:Generated Problem Fixture status=200 url=http://127.0.0.1:5302/itunes/search?term=Generated+Problem+Fixture&entity=musicArtist&limit=10 bytes=33
2026-09-19 00:41:18,257 [INFO] music_app.services.cover_refresh_provider: {"action": "Apple artist lookup results", "album": "Comfortably Numb Sidebar Fixture 01", "artist": "Generated Problem Fixture", "query_artist": "Generated Problem Fixture", "result_count": 0, "top_results": []}
2026-09-19 00:41:18,538 [VERBOSE] music_app.services.cover_provider_http: Cover HTTP success service=apple context=artist-id-search:Generated Problem Fixture status=200 url=http://127.0.0.1:5302/itunes/search?term=Generated+Problem+Fixture&entity=musicArtist&limit=10 bytes=33
2026-09-19 00:41:18,538 [INFO] music_app.services.cover_refresh_provider: {"action": "Apple artist lookup results", "album": "Comfortably Numb Sidebar Fixture 02", "artist": "Generated Problem Fixture", "query_artist": "Generated Problem Fixture", "result_count": 0, "top_results": []}
2026-09-19 00:41:18,728 [VERBOSE] music_app.services.cover_provider_http: Cover HTTP success service=apple context=artist-id-search:Generated Problem Fixture status=200 url=http://127.0.0.1:5302/itunes/search?term=Generated+Problem+Fixture&entity=musicArtist&limit=10 bytes=33
2026-09-19 00:41:18,728 [INFO] music_app.services.cover_refresh_provider: {"action": "Apple artist lookup results", "album": "Comfortably Numb Sidebar Fixture 03", "artist": "Generated Problem Fixture", "query_artist": "Generated Problem Fixture", "result_count": 0, "top_results": []}
2026-09-19 00:41:18,911 [VERBOSE] music_app.services.cover_provider_http: Cover HTTP success service=apple context=artist-id-search:Generated Problem Fixture status=200 url=http://127.0.0.1:5302/itunes/search?term=Generated+Problem+Fixture&entity=musicArtist&limit=10 bytes=33
2026-09-19 00:41:18,911 [INFO] music_app.services.cover_refresh_provider: {"action": "Apple artist lookup results", "album": "Comfortably Numb Sidebar Fixture 04", "artist": "Generated Problem Fixture", "query_artist": "Generated Problem Fixture", "result_count": 0, "top_results": []}
2026-09-19 00:41:19,085 [VERBOSE] music_app.services.cover_provider_http: Cover HTTP success service=apple context=search:Generated Problem Fixture Comfortably Numb Sidebar Fixture 01 status=200 url=http://127.0.0.1:5302/itunes/search?term=Generated+Problem+Fixture+Comfortably+Numb+Sidebar+Fixture+01&entity=album&limit=20 bytes=33
2026-09-19 00:41:19,085 [VERBOSE] music_app.services.cover_refresh_provider: Apple raw search results query='Generated Problem Fixture Comfortably Numb Sidebar Fixture 01' artist='Generated Problem Fixture' album='Comfortably Numb Sidebar Fixture 01' year=2023 results=[]
2026-09-19 00:41:19,085 [VERBOSE] music_app.services.cover_refresh_provider: Apple search results query='Generated Problem Fixture Comfortably Numb Sidebar Fixture 01' count=0 top=[]
2026-09-19 00:41:19,085 [INFO] music_app.services.cover_refresh_provider: {"action": "Apple cover miss", "album": "Comfortably Numb Sidebar Fixture 01", "artist": "Generated Problem Fixture", "query_mode": "artist+album:native", "raw_result_count": 0, "raw_results_summary": [], "top_candidates": [], "year": 2023}
2026-09-19 00:41:19,255 [VERBOSE] music_app.services.cover_provider_http: Cover HTTP success service=apple context=search:Generated Problem Fixture Comfortably Numb Sidebar Fixture 02 status=200 url=http://127.0.0.1:5302/itunes/search?term=Generated+Problem+Fixture+Comfortably+Numb+Sidebar+Fixture+02&entity=album&limit=20 bytes=33
2026-09-19 00:41:19,255 [VERBOSE] music_app.services.cover_refresh_provider: Apple raw search results query='Generated Problem Fixture Comfortably Numb Sidebar Fixture 02' artist='Generated Problem Fixture' album='Comfortably Numb Sidebar Fixture 02' year=2023 results=[]
2026-09-19 00:41:19,255 [VERBOSE] music_app.services.cover_refresh_provider: Apple search results query='Generated Problem Fixture Comfortably Numb Sidebar Fixture 02' count=0 top=[]
2026-09-19 00:41:19,255 [INFO] music_app.services.cover_refresh_provider: {"action": "Apple cover miss", "album": "Comfortably Numb Sidebar Fixture 02", "artist": "Generated Problem Fixture", "query_mode": "artist+album:native", "raw_result_count": 0, "raw_results_summary": [], "top_candidates": [], "year": 2023}
2026-09-19 00:41:19,511 [VERBOSE] music_app.services.cover_provider_http: Cover HTTP success service=apple context=search:Generated Problem Fixture Comfortably Numb Sidebar Fixture 03 status=200 url=http://127.0.0.1:5302/itunes/search?term=Generated+Problem+Fixture+Comfortably+Numb+Sidebar+Fixture+03&entity=album&limit=20 bytes=33
2026-09-19 00:41:19,511 [VERBOSE] music_app.services.cover_refresh_provider: Apple raw search results query='Generated Problem Fixture Comfortably Numb Sidebar Fixture 03' artist='Generated Problem Fixture' album='Comfortably Numb Sidebar Fixture 03' year=2023 results=[]
2026-09-19 00:41:19,511 [VERBOSE] music_app.services.cover_refresh_provider: Apple search results query='Generated Problem Fixture Comfortably Numb Sidebar Fixture 03' count=0 top=[]
2026-09-19 00:41:19,511 [INFO] music_app.services.cover_refresh_provider: {"action": "Apple cover miss", "album": "Comfortably Numb Sidebar Fixture 03", "artist": "Generated Problem Fixture", "query_mode": "artist+album:native", "raw_result_count": 0, "raw_results_summary": [], "top_candidates": [], "year": 2023}
2026-09-19 00:41:19,526 [VERBOSE] music_app.services.cover_provider_http: Cover HTTP success service=apple context=search:Generated Problem Fixture Comfortably Numb Sidebar Fixture 04 status=200 url=http://127.0.0.1:5302/itunes/search?term=Generated+Problem+Fixture+Comfortably+Numb+Sidebar+Fixture+04&entity=album&limit=20 bytes=33
2026-09-19 00:41:19,526 [VERBOSE] music_app.services.cover_refresh_provider: Apple raw search results query='Generated Problem Fixture Comfortably Numb Sidebar Fixture 04' artist='Generated Problem Fixture' album='Comfortably Numb Sidebar Fixture 04' year=2023 results=[]
2026-09-19 00:41:19,526 [VERBOSE] music_app.services.cover_refresh_provider: Apple search results query='Generated Problem Fixture Comfortably Numb Sidebar Fixture 04' count=0 top=[]
2026-09-19 00:41:19,526 [INFO] music_app.services.cover_refresh_provider: {"action": "Apple cover miss", "album": "Comfortably Numb Sidebar Fixture 04", "artist": "Generated Problem Fixture", "query_mode": "artist+album:native", "raw_result_count": 0, "raw_results_summary": [], "top_candidates": [], "year": 2023}
2026-09-19 00:41:19,867 [VERBOSE] music_app.services.cover_provider_http: Cover HTTP success service=apple context=artist-id-search:Generated Problem Fixture status=200 url=http://127.0.0.1:5302/itunes/search?term=Generated+Problem+Fixture&entity=musicArtist&limit=10 bytes=33
2026-09-19 00:41:19,869 [INFO] music_app.services.cover_refresh_provider: {"action": "Apple artist lookup results", "album": "Comfortably Numb Sidebar Fixture 01", "artist": "Generated Problem Fixture", "query_artist": "Generated Problem Fixture", "result_count": 0, "top_results": []}
2026-09-19 00:41:19,869 [VERBOSE] music_app: Cover fetch processed artist='Generated Problem Fixture' album='Comfortably Numb Sidebar Fixture 01' folder='D:\\a\\_temp\\album-haven-e2e-functional-fixtures-cover-providers\\shared\\media\\Generated Problem Fixture\\Comfortably Numb Sidebar Fixture 01' downloaded=False has_cover=False
2026-09-19 00:41:19,869 [WARNING] music_app: {"action": "Cover art update failed", "album": "Comfortably Numb Sidebar Fixture 01", "artist": "Generated Problem Fixture", "elapsed_ms": 3247.88, "folder": "D:\\a\\_temp\\album-haven-e2e-functional-fixtures-cover-providers\\shared\\media\\Generated Problem Fixture\\Comfortably Numb Sidebar Fixture 01", "force_search": false, "reason": "remote_search_returned_no_candidate", "resolver_trace": [{"apple_http_trace": [{"context": "search:Generated Problem Fixture Comfortably Numb Sidebar Fixture 01 2023", "elapsed_ms": 1035.33, "status": "success:200"}, {"context": "artist-id-search:Generated Problem Fixture", "elapsed_ms": 597.3, "status": "success:200"}, {"context": "search:Generated Problem Fixture Comfortably Numb Sidebar Fixture 01", "elapsed_ms": 827.38, "status": "success:200"}, {"context": "artist-id-search:Generated Problem Fixture", "elapsed_ms": 783.08, "status": "success:200"}], "elapsed_ms": 3245.44, "resolver": "_search_apple", "status": "no_candidate"}], "status": "missing_cover_art"}
2026-09-19 00:41:19,997 [VERBOSE] music_app.services.cover_provider_http: Cover HTTP success service=apple context=artist-id-search:Generated Problem Fixture status=200 url=http://127.0.0.1:5302/itunes/search?term=Generated+Problem+Fixture&entity=musicArtist&limit=10 bytes=33
2026-09-19 00:41:19,997 [INFO] music_app.services.cover_refresh_provider: {"action": "Apple artist lookup results", "album": "Comfortably Numb Sidebar Fixture 02", "artist": "Generated Problem Fixture", "query_artist": "Generated Problem Fixture", "result_count": 0, "top_results": []}
2026-09-19 00:41:19,997 [VERBOSE] music_app: Cover fetch processed artist='Generated Problem Fixture' album='Comfortably Numb Sidebar Fixture 02' folder='D:\\a\\_temp\\album-haven-e2e-functional-fixtures-cover-providers\\shared\\media\\Generated Problem Fixture\\Comfortably Numb Sidebar Fixture 02' downloaded=False has_cover=False
2026-09-19 00:41:19,999 [WARNING] music_app: {"action": "Cover art update failed", "album": "Comfortably Numb Sidebar Fixture 02", "artist": "Generated Problem Fixture", "elapsed_ms": 3217.17, "folder": "D:\\a\\_temp\\album-haven-e2e-functional-fixtures-cover-providers\\shared\\media\\Generated Problem Fixture\\Comfortably Numb Sidebar Fixture 02", "force_search": false, "reason": "remote_search_returned_no_candidate", "resolver_trace": [{"apple_http_trace": [{"context": "search:Generated Problem Fixture Comfortably Numb Sidebar Fixture 02 2023", "elapsed_ms": 964.67, "status": "success:200"}, {"context": "artist-id-search:Generated Problem Fixture", "elapsed_ms": 789.32, "status": "success:200"}, {"context": "search:Generated Problem Fixture Comfortably Numb Sidebar Fixture 02", "elapsed_ms": 715.87, "status": "success:200"}, {"context": "artist-id-search:Generated Problem Fixture", "elapsed_ms": 742.17, "status": "success:200"}], "elapsed_ms": 3214.66, "resolver": "_search_apple", "status": "no_candidate"}], "status": "missing_cover_art"}
2026-09-19 00:41:20,372 [VERBOSE] music_app.services.cover_provider_http: Cover HTTP success service=apple context=artist-id-search:Generated Problem Fixture status=200 url=http://127.0.0.1:5302/itunes/search?term=Generated+Problem+Fixture&entity=musicArtist&limit=10 bytes=33
2026-09-19 00:41:20,372 [INFO] music_app.services.cover_refresh_provider: {"action": "Apple artist lookup results", "album": "Comfortably Numb Sidebar Fixture 04", "artist": "Generated Problem Fixture", "query_artist": "Generated Problem Fixture", "result_count": 0, "top_results": []}
2026-09-19 00:41:20,372 [VERBOSE] music_app: Cover fetch processed artist='Generated Problem Fixture' album='Comfortably Numb Sidebar Fixture 04' folder='D:\\a\\_temp\\album-haven-e2e-functional-fixtures-cover-providers\\shared\\media\\Generated Problem Fixture\\Comfortably Numb Sidebar Fixture 04' downloaded=False has_cover=False
2026-09-19 00:41:20,372 [WARNING] music_app: {"action": "Cover art update failed", "album": "Comfortably Numb Sidebar Fixture 04", "artist": "Generated Problem Fixture", "elapsed_ms": 3127.68, "folder": "D:\\a\\_temp\\album-haven-e2e-functional-fixtures-cover-providers\\shared\\media\\Generated Problem Fixture\\Comfortably Numb Sidebar Fixture 04", "force_search": false, "reason": "remote_search_returned_no_candidate", "resolver_trace": [{"apple_http_trace": [{"context": "search:Generated Problem Fixture Comfortably Numb Sidebar Fixture 04 2023", "elapsed_ms": 795.95, "status": "success:200"}, {"context": "artist-id-search:Generated Problem Fixture", "elapsed_ms": 843.39, "status": "success:200"}, {"context": "search:Generated Problem Fixture Comfortably Numb Sidebar Fixture 04", "elapsed_ms": 615.44, "status": "success:200"}, {"context": "artist-id-search:Generated Problem Fixture", "elapsed_ms": 844.72, "status": "success:200"}], "elapsed_ms": 3101.95, "resolver": "_search_apple", "status": "no_candidate"}], "status": "missing_cover_art"}
2026-09-19 00:41:20,438 [VERBOSE] music_app.services.cover_provider_http: Cover HTTP success service=apple context=artist-id-search:Generated Problem Fixture status=200 url=http://127.0.0.1:5302/itunes/search?term=Generated+Problem+Fixture&entity=musicArtist&limit=10 bytes=33
2026-09-19 00:41:20,438 [INFO] music_app.services.cover_refresh_provider: {"action": "Apple artist lookup results", "album": "Comfortably Numb Sidebar Fixture 03", "artist": "Generated Problem Fixture", "query_artist": "Generated Problem Fixture", "result_count": 0, "top_results": []}
2026-09-19 00:41:20,439 [VERBOSE] music_app: Cover fetch processed artist='Generated Problem Fixture' album='Comfortably Numb Sidebar Fixture 03' folder='D:\\a\\_temp\\album-haven-e2e-functional-fixtures-cover-providers\\shared\\media\\Generated Problem Fixture\\Comfortably Numb Sidebar Fixture 03' downloaded=False has_cover=False
2026-09-19 00:41:20,439 [WARNING] music_app: {"action": "Cover art update failed", "album": "Comfortably Numb Sidebar Fixture 03", "artist": "Generated Problem Fixture", "elapsed_ms": 3415.4, "folder": "D:\\a\\_temp\\album-haven-e2e-functional-fixtures-cover-providers\\shared\\media\\Generated Problem Fixture\\Comfortably Numb Sidebar Fixture 03", "force_search": false, "reason": "remote_search_returned_no_candidate", "resolver_trace": [{"apple_http_trace": [{"context": "search:Generated Problem Fixture Comfortably Numb Sidebar Fixture 03 2023", "elapsed_ms": 871.74, "status": "success:200"}, {"context": "artist-id-search:Generated Problem Fixture", "elapsed_ms": 771.94, "status": "success:200"}, {"context": "search:Generated Problem Fixture Comfortably Numb Sidebar Fixture 03", "elapsed_ms": 781.48, "status": "success:200"}, {"context": "artist-id-search:Generated Problem Fixture", "elapsed_ms": 926.04, "status": "success:200"}], "elapsed_ms": 3354.41, "resolver": "_search_apple", "status": "no_candidate"}], "status": "missing_cover_art"}
2026-09-19 00:41:20,673 [VERBOSE] music_app.services.cover_provider_http: Cover HTTP success service=apple context=search:Generated Problem Fixture Comfortably Numb Sidebar Fixture 06 2023 status=200 url=http://127.0.0.1:5302/itunes/search?term=Generated+Problem+Fixture+Comfortably+Numb+Sidebar+Fixture+06+2023&entity=album&limit=20 bytes=33
2026-09-19 00:41:20,673 [VERBOSE] music_app.services.cover_refresh_provider: Apple raw search results query='Generated Problem Fixture Comfortably Numb Sidebar Fixture 06 2023' artist='Generated Problem Fixture' album='Comfortably Numb Sidebar Fixture 06' year=2023 results=[]
2026-09-19 00:41:20,673 [VERBOSE] music_app.services.cover_refresh_provider: Apple search results query='Generated Problem Fixture Comfortably Numb Sidebar Fixture 06 2023' count=0 top=[]
2026-09-19 00:41:20,673 [INFO] music_app.services.cover_refresh_provider: {"action": "Apple cover miss", "album": "Comfortably Numb Sidebar Fixture 06", "artist": "Generated Problem Fixture", "query_mode": "artist+album+year:native", "raw_result_count": 0, "raw_results_summary": [], "top_candidates": [], "year": 2023}
2026-09-19 00:41:20,724 [VERBOSE] music_app.services.cover_provider_http: Cover HTTP success service=apple context=search:Generated Problem Fixture Comfortably Numb Sidebar Fixture 05 2023 status=200 url=http://127.0.0.1:5302/itunes/search?term=Generated+Problem+Fixture+Comfortably+Numb+Sidebar+Fixture+05+2023&entity=album&limit=20 bytes=33
2026-09-19 00:41:20,725 [VERBOSE] music_app.services.cover_refresh_provider: Apple raw search results query='Generated Problem Fixture Comfortably Numb Sidebar Fixture 05 2023' artist='Generated Problem Fixture' album='Comfortably Numb Sidebar Fixture 05' year=2023 results=[]
2026-09-19 00:41:20,725 [VERBOSE] music_app.services.cover_refresh_provider: Apple search results query='Generated Problem Fixture Comfortably Numb Sidebar Fixture 05 2023' count=0 top=[]
2026-09-19 00:41:20,725 [INFO] music_app.services.cover_refresh_provider: {"action": "Apple cover miss", "album": "Comfortably Numb Sidebar Fixture 05", "artist": "Generated Problem Fixture", "query_mode": "artist+album+year:native", "raw_result_count": 0, "raw_results_summary": [], "top_candidates": [], "year": 2023}
2026-09-19 00:41:21,176 [VERBOSE] music_app.services.cover_provider_http: Cover HTTP success service=apple context=search:Generated Problem Fixture Comfortably Numb Sidebar Fixture 08 2023 status=200 url=http://127.0.0.1:5302/itunes/search?term=Generated+Problem+Fixture+Comfortably+Numb+Sidebar+Fixture+08+2023&entity=album&limit=20 bytes=33
2026-09-19 00:41:21,176 [VERBOSE] music_app.services.cover_refresh_provider: Apple raw search results query='Generated Problem Fixture Comfortably Numb Sidebar Fixture 08 2023' artist='Generated Problem Fixture' album='Comfortably Numb Sidebar Fixture 08' year=2023 results=[]
2026-09-19 00:41:21,176 [VERBOSE] music_app.services.cover_refresh_provider: Apple search results query='Generated Problem Fixture Comfortably Numb Sidebar Fixture 08 2023' count=0 top=[]
2026-09-19 00:41:21,176 [INFO] music_app.services.cover_refresh_provider: {"action": "Apple cover miss", "album": "Comfortably Numb Sidebar Fixture 08", "artist": "Generated Problem Fixture", "query_mode": "artist+album+year:native", "raw_result_count": 0, "raw_results_summary": [], "top_candidates": [], "year": 2023}
2026-09-19 00:41:21,310 [VERBOSE] music_app.services.cover_provider_http: Cover HTTP success service=apple context=search:Generated Problem Fixture Comfortably Numb Sidebar Fixture 07 2023 status=200 url=http://127.0.0.1:5302/itunes/search?term=Generated+Problem+Fixture+Comfortably+Numb+Sidebar+Fixture+07+2023&entity=album&limit=20 bytes=33
2026-09-19 00:41:21,312 [VERBOSE] music_app.services.cover_refresh_provider: Apple raw search results query='Generated Problem Fixture Comfortably Numb Sidebar Fixture 07 2023' artist='Generated Problem Fixture' album='Comfortably Numb Sidebar Fixture 07' year=2023 results=[]
2026-09-19 00:41:21,312 [VERBOSE] music_app.services.cover_refresh_provider: Apple search results query='Generated Problem Fixture Comfortably Numb Sidebar Fixture 07 2023' count=0 top=[]
2026-09-19 00:41:21,312 [INFO] music_app.services.cover_refresh_provider: {"action": "Apple cover miss", "album": "Comfortably Numb Sidebar Fixture 07", "artist": "Generated Problem Fixture", "query_mode": "artist+album+year:native", "raw_result_count": 0, "raw_results_summary": [], "top_candidates": [], "year": 2023}
2026-09-19 00:41:21,471 [VERBOSE] music_app.services.cover_provider_http: Cover HTTP success service=apple context=artist-id-search:Generated Problem Fixture status=200 url=http://127.0.0.1:5302/itunes/search?term=Generated+Problem+Fixture&entity=musicArtist&limit=10 bytes=33
2026-09-19 00:41:21,472 [INFO] music_app.services.cover_refresh_provider: {"action": "Apple artist lookup results", "album": "Comfortably Numb Sidebar Fixture 06", "artist": "Generated Problem Fixture", "query_artist": "Generated Problem Fixture", "result_count": 0, "top_results": []}
2026-09-19 00:41:21,516 [VERBOSE] music_app.services.cover_provider_http: Cover HTTP success service=apple context=artist-id-search:Generated Problem Fixture status=200 url=http://127.0.0.1:5302/itunes/search?term=Generated+Problem+Fixture&entity=musicArtist&limit=10 bytes=33
2026-09-19 00:41:21,516 [INFO] music_app.services.cover_refresh_provider: {"action": "Apple artist lookup results", "album": "Comfortably Numb Sidebar Fixture 05", "artist": "Generated Problem Fixture", "query_artist": "Generated Problem Fixture", "result_count": 0, "top_results": []}
2026-09-19 00:41:21,926 [VERBOSE] music_app.services.cover_provider_http: Cover HTTP success service=apple context=artist-id-search:Generated Problem Fixture status=200 url=http://127.0.0.1:5302/itunes/search?term=Generated+Problem+Fixture&entity=musicArtist&limit=10 bytes=33
2026-09-19 00:41:21,926 [INFO] music_app.services.cover_refresh_provider: {"action": "Apple artist lookup results", "album": "Comfortably Numb Sidebar Fixture 08", "artist": "Generated Problem Fixture", "query_artist": "Generated Problem Fixture", "result_count": 0, "top_results": []}
2026-09-19 00:41:21,998 [VERBOSE] music_app.services.cover_provider_http: Cover HTTP success service=apple context=artist-id-search:Generated Problem Fixture status=200 url=http://127.0.0.1:5302/itunes/search?term=Generated+Problem+Fixture&entity=musicArtist&limit=10 bytes=33
2026-09-19 00:41:21,998 [INFO] music_app.services.cover_refresh_provider: {"action": "Apple artist lookup results", "album": "Comfortably Numb Sidebar Fixture 07", "artist": "Generated Problem Fixture", "query_artist": "Generated Problem Fixture", "result_count": 0, "top_results": []}
2026-09-19 00:41:22,092 [VERBOSE] music_app.services.cover_provider_http: Cover HTTP success service=apple context=search:Generated Problem Fixture Comfortably Numb Sidebar Fixture 06 status=200 url=http://127.0.0.1:5302/itunes/search?term=Generated+Problem+Fixture+Comfortably+Numb+Sidebar+Fixture+06&entity=album&limit=20 bytes=33
2026-09-19 00:41:22,093 [VERBOSE] music_app.services.cover_refresh_provider: Apple raw search results query='Generated Problem Fixture Comfortably Numb Sidebar Fixture 06' artist='Generated Problem Fixture' album='Comfortably Numb Sidebar Fixture 06' year=2023 results=[]
2026-09-19 00:41:22,093 [VERBOSE] music_app.services.cover_refresh_provider: Apple search results query='Generated Problem Fixture Comfortably Numb Sidebar Fixture 06' count=0 top=[]
2026-09-19 00:41:22,093 [INFO] music_app.services.cover_refresh_provider: {"action": "Apple cover miss", "album": "Comfortably Numb Sidebar Fixture 06", "artist": "Generated Problem Fixture", "query_mode": "artist+album:native", "raw_result_count": 0, "raw_results_summary": [], "top_candidates": [], "year": 2023}
2026-09-19 00:41:22,146 [VERBOSE] music_app.services.cover_provider_http: Cover HTTP success service=apple context=search:Generated Problem Fixture Comfortably Numb Sidebar Fixture 05 status=200 url=http://127.0.0.1:5302/itunes/search?term=Generated+Problem+Fixture+Comfortably+Numb+Sidebar+Fixture+05&entity=album&limit=20 bytes=33
2026-09-19 00:41:22,146 [VERBOSE] music_app.services.cover_refresh_provider: Apple raw search results query='Generated Problem Fixture Comfortably Numb Sidebar Fixture 05' artist='Generated Problem Fixture' album='Comfortably Numb Sidebar Fixture 05' year=2023 results=[]
2026-09-19 00:41:22,146 [VERBOSE] music_app.services.cover_refresh_provider: Apple search results query='Generated Problem Fixture Comfortably Numb Sidebar Fixture 05' count=0 top=[]
2026-09-19 00:41:22,146 [INFO] music_app.services.cover_refresh_provider: {"action": "Apple cover miss", "album": "Comfortably Numb Sidebar Fixture 05", "artist": "Generated Problem Fixture", "query_mode": "artist+album:native", "raw_result_count": 0, "raw_results_summary": [], "top_candidates": [], "year": 2023}
2026-09-19 00:41:22,790 [VERBOSE] music_app.services.cover_provider_http: Cover HTTP success service=apple context=search:Generated Problem Fixture Comfortably Numb Sidebar Fixture 08 status=200 url=http://127.0.0.1:5302/itunes/search?term=Generated+Problem+Fixture+Comfortably+Numb+Sidebar+Fixture+08&entity=album&limit=20 bytes=33
2026-09-19 00:41:22,790 [VERBOSE] music_app.services.cover_refresh_provider: Apple raw search results query='Generated Problem Fixture Comfortably Numb Sidebar Fixture 08' artist='Generated Problem Fixture' album='Comfortably Numb Sidebar Fixture 08' year=2023 results=[]
2026-09-19 00:41:22,790 [VERBOSE] music_app.services.cover_refresh_provider: Apple search results query='Generated Problem Fixture Comfortably Numb Sidebar Fixture 08' count=0 top=[]
2026-09-19 00:41:22,790 [INFO] music_app.services.cover_refresh_provider: {"action": "Apple cover miss", "album": "Comfortably Numb Sidebar Fixture 08", "artist": "Generated Problem Fixture", "query_mode": "artist+album:native", "raw_result_count": 0, "raw_results_summary": [], "top_candidates": [], "year": 2023}
2026-09-19 00:41:22,861 [VERBOSE] music_app.services.cover_provider_http: Cover HTTP success service=apple context=search:Generated Problem Fixture Comfortably Numb Sidebar Fixture 07 status=200 url=http://127.0.0.1:5302/itunes/search?term=Generated+Problem+Fixture+Comfortably+Numb+Sidebar+Fixture+07&entity=album&limit=20 bytes=33
2026-09-19 00:41:22,862 [VERBOSE] music_app.services.cover_refresh_provider: Apple raw search results query='Generated Problem Fixture Comfortably Numb Sidebar Fixture 07' artist='Generated Problem Fixture' album='Comfortably Numb Sidebar Fixture 07' year=2023 results=[]
2026-09-19 00:41:22,862 [VERBOSE] music_app.services.cover_refresh_provider: Apple search results query='Generated Problem Fixture Comfortably Numb Sidebar Fixture 07' count=0 top=[]
2026-09-19 00:41:22,862 [INFO] music_app.services.cover_refresh_provider: {"action": "Apple cover miss", "album": "Comfortably Numb Sidebar Fixture 07", "artist": "Generated Problem Fixture", "query_mode": "artist+album:native", "raw_result_count": 0, "raw_results_summary": [], "top_candidates": [], "year": 2023}
2026-09-19 00:41:22,931 [VERBOSE] music_app.services.cover_provider_http: Cover HTTP success service=apple context=artist-id-search:Generated Problem Fixture status=200 url=http://127.0.0.1:5302/itunes/search?term=Generated+Problem+Fixture&entity=musicArtist&limit=10 bytes=33
2026-09-19 00:41:22,932 [INFO] music_app.services.cover_refresh_provider: {"action": "Apple artist lookup results", "album": "Comfortably Numb Sidebar Fixture 05", "artist": "Generated Problem Fixture", "query_artist": "Generated Problem Fixture", "result_count": 0, "top_results": []}
2026-09-19 00:41:22,932 [VERBOSE] music_app: Cover fetch processed artist='Generated Problem Fixture' album='Comfortably Numb Sidebar Fixture 05' folder='D:\\a\\_temp\\album-haven-e2e-functional-fixtures-cover-providers\\shared\\media\\Generated Problem Fixture\\Comfortably Numb Sidebar Fixture 05' downloaded=False has_cover=False
2026-09-19 00:41:22,932 [WARNING] music_app: {"action": "Cover art update failed", "album": "Comfortably Numb Sidebar Fixture 05", "artist": "Generated Problem Fixture", "elapsed_ms": 3062.94, "folder": "D:\\a\\_temp\\album-haven-e2e-functional-fixtures-cover-providers\\shared\\media\\Generated Problem Fixture\\Comfortably Numb Sidebar Fixture 05", "force_search": false, "reason": "remote_search_returned_no_candidate", "resolver_trace": [{"apple_http_trace": [{"context": "search:Generated Problem Fixture Comfortably Numb Sidebar Fixture 05 2023", "elapsed_ms": 822.46, "status": "success:200"}, {"context": "artist-id-search:Generated Problem Fixture", "elapsed_ms": 790.42, "status": "success:200"}, {"context": "search:Generated Problem Fixture Comfortably Numb Sidebar Fixture 05", "elapsed_ms": 629.58, "status": "success:200"}, {"context": "artist-id-search:Generated Problem Fixture", "elapsed_ms": 785.36, "status": "success:200"}], "elapsed_ms": 3029.99, "resolver": "_search_apple", "status": "no_candidate"}], "status": "missing_cover_art"}
2026-09-19 00:41:23,005 [VERBOSE] music_app.services.cover_provider_http: Cover HTTP success service=apple context=artist-id-search:Generated Problem Fixture status=200 url=http://127.0.0.1:5302/itunes/search?term=Generated+Problem+Fixture&entity=musicArtist&limit=10 bytes=33
2026-09-19 00:41:23,005 [INFO] music_app.services.cover_refresh_provider: {"action": "Apple artist lookup results", "album": "Comfortably Numb Sidebar Fixture 06", "artist": "Generated Problem Fixture", "query_artist": "Generated Problem Fixture", "result_count": 0, "top_results": []}
2026-09-19 00:41:23,005 [VERBOSE] music_app: Cover fetch processed artist='Generated Problem Fixture' album='Comfortably Numb Sidebar Fixture 06' folder='D:\\a\\_temp\\album-haven-e2e-functional-fixtures-cover-providers\\shared\\media\\Generated Problem Fixture\\Comfortably Numb Sidebar Fixture 06' downloaded=False has_cover=False
2026-09-19 00:41:23,005 [WARNING] music_app: {"action": "Cover art update failed", "album": "Comfortably Numb Sidebar Fixture 06", "artist": "Generated Problem Fixture", "elapsed_ms": 3007.17, "folder": "D:\\a\\_temp\\album-haven-e2e-functional-fixtures-cover-providers\\shared\\media\\Generated Problem Fixture\\Comfortably Numb Sidebar Fixture 06", "force_search": false, "reason": "remote_search_returned_no_candidate", "resolver_trace": [{"apple_http_trace": [{"context": "search:Generated Problem Fixture Comfortably Numb Sidebar Fixture 06 2023", "elapsed_ms": 672.59, "status": "success:200"}, {"context": "artist-id-search:Generated Problem Fixture", "elapsed_ms": 797.35, "status": "success:200"}, {"context": "search:Generated Problem Fixture Comfortably Numb Sidebar Fixture 06", "elapsed_ms": 619.81, "status": "success:200"}, {"context": "artist-id-search:Generated Problem Fixture", "elapsed_ms": 912.27, "status": "success:200"}], "elapsed_ms": 3004.73, "resolver": "_search_apple", "status": "no_candidate"}], "status": "missing_cover_art"}
2026-09-19 00:41:23,404 [VERBOSE] music_app.services.cover_provider_http: Cover HTTP success service=apple context=artist-id-search:Generated Problem Fixture status=200 url=http://127.0.0.1:5302/itunes/search?term=Generated+Problem+Fixture&entity=musicArtist&limit=10 bytes=33
2026-09-19 00:41:23,404 [INFO] music_app.services.cover_refresh_provider: {"action": "Apple artist lookup results", "album": "Comfortably Numb Sidebar Fixture 08", "artist": "Generated Problem Fixture", "query_artist": "Generated Problem Fixture", "result_count": 0, "top_results": []}
2026-09-19 00:41:23,404 [VERBOSE] music_app: Cover fetch processed artist='Generated Problem Fixture' album='Comfortably Numb Sidebar Fixture 08' folder='D:\\a\\_temp\\album-haven-e2e-functional-fixtures-cover-providers\\shared\\media\\Generated Problem Fixture\\Comfortably Numb Sidebar Fixture 08' downloaded=False has_cover=False
2026-09-19 00:41:23,404 [WARNING] music_app: {"action": "Cover art update failed", "album": "Comfortably Numb Sidebar Fixture 08", "artist": "Generated Problem Fixture", "elapsed_ms": 2965.18, "folder": "D:\\a\\_temp\\album-haven-e2e-functional-fixtures-cover-providers\\shared\\media\\Generated Problem Fixture\\Comfortably Numb Sidebar Fixture 08", "force_search": false, "reason": "remote_search_returned_no_candidate", "resolver_trace": [{"apple_http_trace": [{"context": "search:Generated Problem Fixture Comfortably Numb Sidebar Fixture 08 2023", "elapsed_ms": 734.47, "status": "success:200"}, {"context": "artist-id-search:Generated Problem Fixture", "elapsed_ms": 750.57, "status": "success:200"}, {"context": "search:Generated Problem Fixture Comfortably Numb Sidebar Fixture 08", "elapsed_ms": 862.7, "status": "success:200"}, {"context": "artist-id-search:Generated Problem Fixture", "elapsed_ms": 612.5, "status": "success:200"}], "elapsed_ms": 2963.09, "resolver": "_search_apple", "status": "no_candidate"}], "status": "missing_cover_art"}
2026-09-19 00:41:23,483 [VERBOSE] music_app.services.cover_provider_http: Cover HTTP success service=apple context=artist-id-search:Generated Problem Fixture status=200 url=http://127.0.0.1:5302/itunes/search?term=Generated+Problem+Fixture&entity=musicArtist&limit=10 bytes=33
2026-09-19 00:41:23,483 [INFO] music_app.services.cover_refresh_provider: {"action": "Apple artist lookup results", "album": "Comfortably Numb Sidebar Fixture 07", "artist": "Generated Problem Fixture", "query_artist": "Generated Problem Fixture", "result_count": 0, "top_results": []}
2026-09-19 00:41:23,485 [VERBOSE] music_app: Cover fetch processed artist='Generated Problem Fixture' album='Comfortably Numb Sidebar Fixture 07' folder='D:\\a\\_temp\\album-haven-e2e-functional-fixtures-cover-providers\\shared\\media\\Generated Problem Fixture\\Comfortably Numb Sidebar Fixture 07' downloaded=False has_cover=False
2026-09-19 00:41:23,485 [WARNING] music_app: {"action": "Cover art update failed", "album": "Comfortably Numb Sidebar Fixture 07", "artist": "Generated Problem Fixture", "elapsed_ms": 3111.9, "folder": "D:\\a\\_temp\\album-haven-e2e-functional-fixtures-cover-providers\\shared\\media\\Generated Problem Fixture\\Comfortably Numb Sidebar Fixture 07", "force_search": false, "reason": "remote_search_returned_no_candidate", "resolver_trace": [{"apple_http_trace": [{"context": "search:Generated Problem Fixture Comfortably Numb Sidebar Fixture 07 2023", "elapsed_ms": 935.99, "status": "success:200"}, {"context": "artist-id-search:Generated Problem Fixture", "elapsed_ms": 686.98, "status": "success:200"}, {"context": "search:Generated Problem Fixture Comfortably Numb Sidebar Fixture 07", "elapsed_ms": 862.84, "status": "success:200"}, {"context": "artist-id-search:Generated Problem Fixture", "elapsed_ms": 621.07, "status": "success:200"}], "elapsed_ms": 3109.35, "resolver": "_search_apple", "status": "no_candidate"}], "status": "missing_cover_art"}
2026-09-19 00:41:23,550 [VERBOSE] music_app.services.cover_provider_http: Cover HTTP success service=apple context=search:Generated Problem Fixture Encoding And Missing Metadata status=200 url=http://127.0.0.1:5302/itunes/search?term=Generated+Problem+Fixture+Encoding+And+Missing+Metadata&entity=album&limit=20 bytes=33
2026-09-19 00:41:23,551 [VERBOSE] music_app.services.cover_refresh_provider: Apple raw search results query='Generated Problem Fixture Encoding And Missing Metadata' artist='Generated Problem Fixture' album='Encoding And Missing Metadata' year=None results=[]
2026-09-19 00:41:23,551 [VERBOSE] music_app.services.cover_refresh_provider: Apple search results query='Generated Problem Fixture Encoding And Missing Metadata' count=0 top=[]
2026-09-19 00:41:23,552 [INFO] music_app.services.cover_refresh_provider: {"action": "Apple cover miss", "album": "Encoding And Missing Metadata", "artist": "Generated Problem Fixture", "query_mode": "artist+album:native", "raw_result_count": 0, "raw_results_summary": [], "top_candidates": [], "year": ""}
2026-09-19 00:41:23,683 [VERBOSE] music_app.services.cover_provider_http: Cover HTTP success service=apple context=search:Mastodon Crack The Skye Fixture 07 2009 status=200 url=http://127.0.0.1:5302/itunes/search?term=Mastodon+Crack+The+Skye+Fixture+07+2009&entity=album&limit=20 bytes=33
2026-09-19 00:41:23,683 [VERBOSE] music_app.services.cover_refresh_provider: Apple raw search results query='Mastodon Crack The Skye Fixture 07 2009' artist='Mastodon' album='Crack The Skye Fixture 07' year=2009 results=[]
2026-09-19 00:41:23,683 [VERBOSE] music_app.services.cover_refresh_provider: Apple search results query='Mastodon Crack The Skye Fixture 07 2009' count=0 top=[]
2026-09-19 00:41:23,683 [INFO] music_app.services.cover_refresh_provider: {"action": "Apple cover miss", "album": "Crack The Skye Fixture 07", "artist": "Mastodon", "query_mode": "artist+album+year:native", "raw_result_count": 0, "raw_results_summary": [], "top_candidates": [], "year": 2009}
2026-09-19 00:41:24,257 [VERBOSE] music_app.services.cover_provider_http: Cover HTTP success service=apple context=search:Mastodon Crack The Skye Fixture 08 2009 status=200 url=http://127.0.0.1:5302/itunes/search?term=Mastodon+Crack+The+Skye+Fixture+08+2009&entity=album&limit=20 bytes=548
2026-09-19 00:41:24,258 [VERBOSE] music_app.services.cover_refresh_provider: Apple raw search results query='Mastodon Crack The Skye Fixture 08 2009' artist='Mastodon' album='Crack The Skye Fixture 08' year=2009 results=[{'wrapperType': 'collection', 'collectionType': 'Album', 'artistId': 857738, 'collectionId': 863044, 'artistName': 'Mastodon', 'collectionName': 'Crack The Skye Fixture 08', 'collectionViewUrl': 'http://cover-fixture.example:5302/apple/album/automatic-candidate-primary', 'artistViewUrl': 'http://cover-fixture.example:5302/apple/artist/automatic-candidate-primary', 'artworkUrl100': 'http://cover-fixture.example:5302/apple/artwork/automatic-candidate-primary/100x100bb.jpg', 'releaseDate': '2009-01-01T00:00:00Z'}]
2026-09-19 00:41:24,313 [VERBOSE] music_app.services.cover_provider_http: Cover HTTP success service=apple context=search:Mastodon Crack The Skye Fixture 09 2009 status=200 url=http://127.0.0.1:5302/itunes/search?term=Mastodon+Crack+The+Skye+Fixture+09+2009&entity=album&limit=20 bytes=560
2026-09-19 00:41:24,313 [VERBOSE] music_app.services.cover_refresh_provider: Apple raw search results query='Mastodon Crack The Skye Fixture 09 2009' artist='Mastodon' album='Crack The Skye Fixture 09' year=2009 results=[{'wrapperType': 'collection', 'collectionType': 'Album', 'artistId': 857738, 'collectionId': 771040, 'artistName': 'Mastodon', 'collectionName': 'Crack The Skye Fixture 09', 'collectionViewUrl': 'http://cover-fixture.example:5302/apple/album/automatic-improvement-alternate', 'artistViewUrl': 'http://cover-fixture.example:5302/apple/artist/automatic-improvement-alternate', 'artworkUrl100': 'http://cover-fixture.example:5302/apple/artwork/automatic-improvement-alternate/100x100bb.jpg', 'releaseDate': '2009-01-01T00:00:00Z'}]
2026-09-19 00:41:24,360 [VERBOSE] music_app.services.cover_provider_http: Cover HTTP success service=apple context=artist-id-search:Generated Problem Fixture status=200 url=http://127.0.0.1:5302/itunes/search?term=Generated+Problem+Fixture&entity=musicArtist&limit=10 bytes=33
2026-09-19 00:41:24,361 [INFO] music_app.services.cover_refresh_provider: {"action": "Apple artist lookup results", "album": "Encoding And Missing Metadata", "artist": "Generated Problem Fixture", "query_artist": "Generated Problem Fixture", "result_count": 0, "top_results": []}
2026-09-19 00:41:24,361 [VERBOSE] music_app: Cover fetch processed artist='Generated Problem Fixture' album='Encoding And Missing Metadata' folder='D:\\a\\_temp\\album-haven-e2e-functional-fixtures-cover-providers\\shared\\media\\Generated Problem Fixture\\Encoding And Missing Metadata' downloaded=False has_cover=False
2026-09-19 00:41:24,361 [WARNING] music_app: {"action": "Cover art update failed", "album": "Encoding And Missing Metadata", "artist": "Generated Problem Fixture", "elapsed_ms": 1428.21, "folder": "D:\\a\\_temp\\album-haven-e2e-functional-fixtures-cover-providers\\shared\\media\\Generated Problem Fixture\\Encoding And Missing Metadata", "force_search": false, "reason": "remote_search_returned_no_candidate", "resolver_trace": [{"apple_http_trace": [{"context": "search:Generated Problem Fixture Encoding And Missing Metadata", "elapsed_ms": 615.53, "status": "success:200"}, {"context": "artist-id-search:Generated Problem Fixture", "elapsed_ms": 808.75, "status": "success:200"}], "elapsed_ms": 1425.9, "resolver": "_search_apple", "status": "no_candidate"}], "status": "missing_cover_art"}
2026-09-19 00:41:24,533 [VERBOSE] music_app.services.cover_provider_http: Cover HTTP success service=apple context=artist-id-search:Mastodon status=200 url=http://127.0.0.1:5302/itunes/search?term=Mastodon&entity=musicArtist&limit=10 bytes=33
2026-09-19 00:41:24,533 [INFO] music_app.services.cover_refresh_provider: {"action": "Apple artist lookup results", "album": "Crack The Skye Fixture 07", "artist": "Mastodon", "query_artist": "Mastodon", "result_count": 0, "top_results": []}
2026-09-19 00:41:24,930 [VERBOSE] music_app.services.cover_provider_http: Cover HTTP success service=apple context=probe:api-sufficiency:Mastodon - Crack The Skye Fixture 08 status=200 url=http://cover-fixture.example:5302/apple/artwork/automatic-candidate-primary/9999x9999-100.jpg bytes=1712782
2026-09-19 00:41:25,051 [VERBOSE] music_app.services.cover_provider_http: Cover HTTP success service=apple context=probe:api-sufficiency:Mastodon - Crack The Skye Fixture 09 status=200 url=http://cover-fixture.example:5302/apple/artwork/automatic-improvement-alternate/9999x9999-100.jpg bytes=4503676
2026-09-19 00:41:25,183 [VERBOSE] music_app.services.cover_provider_http: Cover HTTP success service=apple context=search:Mastodon Crack The Skye Fixture 10 2009 status=200 url=http://127.0.0.1:5302/itunes/search?term=Mastodon+Crack+The+Skye+Fixture+10+2009&entity=album&limit=20 bytes=33
2026-09-19 00:41:25,183 [VERBOSE] music_app.services.cover_refresh_provider: Apple raw search results query='Mastodon Crack The Skye Fixture 10 2009' artist='Mastodon' album='Crack The Skye Fixture 10' year=2009 results=[]
2026-09-19 00:41:25,183 [VERBOSE] music_app.services.cover_refresh_provider: Apple search results query='Mastodon Crack The Skye Fixture 10 2009' count=0 top=[]
2026-09-19 00:41:25,183 [INFO] music_app.services.cover_refresh_provider: {"action": "Apple cover miss", "album": "Crack The Skye Fixture 10", "artist": "Mastodon", "query_mode": "artist+album+year:native", "raw_result_count": 0, "raw_results_summary": [], "top_candidates": [], "year": 2009}
2026-09-19 00:41:25,212 [VERBOSE] music_app.services.cover_provider_http: Cover HTTP success service=apple context=search:Mastodon Crack The Skye Fixture 07 status=200 url=http://127.0.0.1:5302/itunes/search?term=Mastodon+Crack+The+Skye+Fixture+07&entity=album&limit=20 bytes=33
2026-09-19 00:41:25,212 [VERBOSE] music_app.services.cover_refresh_provider: Apple raw search results query='Mastodon Crack The Skye Fixture 07' artist='Mastodon' album='Crack The Skye Fixture 07' year=2009 results=[]
2026-09-19 00:41:25,212 [VERBOSE] music_app.services.cover_refresh_provider: Apple search results query='Mastodon Crack The Skye Fixture 07' count=0 top=[]
2026-09-19 00:41:25,212 [INFO] music_app.services.cover_refresh_provider: {"action": "Apple cover miss", "album": "Crack The Skye Fixture 07", "artist": "Mastodon", "query_mode": "artist+album:native", "raw_result_count": 0, "raw_results_summary": [], "top_candidates": [], "year": 2009}
2026-09-19 00:41:25,374 [VERBOSE] music_app.services.cover_refresh_provider: Apple API artwork sufficient artist='Mastodon' album='Crack The Skye Fixture 09' year=2009 score=1.5900 width=4000 height=4000 sharpness=4.9269
2026-09-19 00:41:25,375 [VERBOSE] music_app.services.cover_refresh_provider: Cover candidate probe start source=apple artist='Mastodon' album='Crack The Skye Fixture 09' year=2009 query_mode=artist+album+year:native best_score=1.5900 cutoff=1.4300 contenders=[{'score': 1.59, 'url': 'http://cover-fixture.example:5302/apple/artwork/automatic-improvement-alternate/9999x9999-100.jpg'}]
2026-09-19 00:41:25,376 [VERBOSE] music_app.services.cover_refresh_provider: Cover candidate probe result source=apple artist='Mastodon' album='Crack The Skye Fixture 09' year=2009 result={'score': 1.59, 'width': 4000, 'height': 4000, 'area': 16000000, 'sharpness': 4.9269, 'album': 'Crack The Skye Fixture 09', 'artist': 'Mastodon', 'url': 'http://cover-fixture.example:5302/apple/artwork/automatic-improvement-alternate/9999x9999-100.jpg', 'year': 2009, 'variant': 'api-artwork', 'album_url': 'http://cover-fixture.example:5302/apple/album/automatic-improvement-alternate'}
2026-09-19 00:41:25,376 [VERBOSE] music_app.services.cover_refresh_provider: Cover candidate selected source=apple artist='Mastodon' album='Crack The Skye Fixture 09' year=2009 query_mode=artist+album+year:native score=1.5900 width=4000 height=4000 url=http://cover-fixture.example:5302/apple/artwork/automatic-improvement-alternate/9999x9999-100.jpg
2026-09-19 00:41:25,799 [VERBOSE] music_app.services.cover_refresh_provider: Cover fetch candidate ready folder='D:\\a\\_temp\\album-haven-e2e-functional-fixtures-cover-providers\\shared\\media\\Mastodon\\Crack The Skye Fixture 09' artist='Mastodon' album='Crack The Skye Fixture 09' year=2009 source=apple width=4000 height=4000 remote_area=16000000 local_area=409600 remote_sharpness=4.9269 local_sharpness=7.4163
2026-09-19 00:41:25,902 [VERBOSE] music_app.services.cover_provider_http: Cover HTTP success service=apple context=album-page:http://cover-fixture.example:5302/apple/album/automatic-candidate-primary status=200 url=http://cover-fixture.example:5302/apple/album/automatic-candidate-primary bytes=746
2026-09-19 00:41:25,904 [VERBOSE] music_app.services.cover_refresh_provider: Apple page artwork candidates page=http://cover-fixture.example:5302/apple/album/automatic-candidate-primary count=1 candidates=['http://cover-fixture.example:5302/apple/artwork/automatic-candidate-primary/9999x9999bb-100.jpg']
2026-09-19 00:41:25,904 [VERBOSE] music_app.services.cover_refresh_provider: Apple search results query='Mastodon Crack The Skye Fixture 08 2009' count=1 top=[{'score': 1.59, 'artist': 'Mastodon', 'album': 'Crack The Skye Fixture 08', 'year': 2009}]
2026-09-19 00:41:25,904 [VERBOSE] music_app.services.cover_refresh_provider: Cover candidate probe start source=apple artist='Mastodon' album='Crack The Skye Fixture 08' year=2009 query_mode=artist+album+year:native best_score=1.5900 cutoff=1.4300 contenders=[{'score': 1.59, 'url': 'http://cover-fixture.example:5302/apple/artwork/automatic-candidate-primary/9999x9999-100.jpg'}]
2026-09-19 00:41:25,905 [VERBOSE] music_app.services.cover_provider_http: Cover HTTP success service=apple context=artist-id-search:Mastodon status=200 url=http://127.0.0.1:5302/itunes/search?term=Mastodon&entity=musicArtist&limit=10 bytes=33
2026-09-19 00:41:25,906 [INFO] music_app.services.cover_refresh_provider: {"action": "Apple artist lookup results", "album": "Crack The Skye Fixture 07", "artist": "Mastodon", "query_artist": "Mastodon", "result_count": 0, "top_results": []}
2026-09-19 00:41:25,913 [VERBOSE] music_app: Cover fetch processed artist='Mastodon' album='Crack The Skye Fixture 07' folder='D:\\a\\_temp\\album-haven-e2e-functional-fixtures-cover-providers\\shared\\media\\Mastodon\\Crack The Skye Fixture 07' downloaded=False has_cover=False
2026-09-19 00:41:25,925 [WARNING] music_app: {"action": "Cover art update failed", "album": "Crack The Skye Fixture 07", "artist": "Mastodon", "elapsed_ms": 2900.28, "folder": "D:\\a\\_temp\\album-haven-e2e-functional-fixtures-cover-providers\\shared\\media\\Mastodon\\Crack The Skye Fixture 07", "force_search": false, "reason": "remote_search_returned_no_candidate", "resolver_trace": [{"apple_http_trace": [{"context": "search:Mastodon Crack The Skye Fixture 07 2009", "elapsed_ms": 674.96, "status": "success:200"}, {"context": "artist-id-search:Mastodon", "elapsed_ms": 850.32, "status": "success:200"}, {"context": "search:Mastodon Crack The Skye Fixture 07", "elapsed_ms": 678.2, "status": "success:200"}, {"context": "artist-id-search:Mastodon", "elapsed_ms": 692.5, "status": "success:200"}], "elapsed_ms": 2898.17, "resolver": "_search_apple", "status": "no_candidate"}], "status": "missing_cover_art"}
2026-09-19 00:41:25,962 [VERBOSE] music_app.services.cover_provider_http: Cover HTTP success service=apple context=artist-id-search:Mastodon status=200 url=http://127.0.0.1:5302/itunes/search?term=Mastodon&entity=musicArtist&limit=10 bytes=33
2026-09-19 00:41:25,962 [INFO] music_app.services.cover_refresh_provider: {"action": "Apple artist lookup results", "album": "Crack The Skye Fixture 10", "artist": "Mastodon", "query_artist": "Mastodon", "result_count": 0, "top_results": []}
2026-09-19 00:41:26,595 [VERBOSE] music_app.services.cover_provider_http: Cover HTTP success service=apple context=search:Neal Morse Neal Morse Plays Pink Floyd 2023 status=200 url=http://127.0.0.1:5302/itunes/search?term=Neal+Morse+Neal+Morse+Plays+Pink+Floyd+2023&entity=album&limit=20 bytes=33
2026-09-19 00:41:26,596 [VERBOSE] music_app.services.cover_refresh_provider: Apple raw search results query='Neal Morse Neal Morse Plays Pink Floyd 2023' artist='Neal Morse' album='Neal Morse Plays Pink Floyd' year=2023 results=[]
2026-09-19 00:41:26,596 [VERBOSE] music_app.services.cover_refresh_provider: Apple search results query='Neal Morse Neal Morse Plays Pink Floyd 2023' count=0 top=[]
2026-09-19 00:41:26,596 [INFO] music_app.services.cover_refresh_provider: {"action": "Apple cover miss", "album": "Neal Morse Plays Pink Floyd", "artist": "Neal Morse", "query_mode": "artist+album+year:native", "raw_result_count": 0, "raw_results_summary": [], "top_candidates": [], "year": 2023}
2026-09-19 00:41:26,769 [VERBOSE] music_app: Cover fetch processed artist='Mastodon' album='Crack The Skye Fixture 09' folder='D:\\a\\_temp\\album-haven-e2e-functional-fixtures-cover-providers\\shared\\media\\Mastodon\\Crack The Skye Fixture 09' downloaded=False has_cover=True
2026-09-19 00:41:26,868 [VERBOSE] music_app.services.cover_provider_http: Cover HTTP success service=apple context=search:Mastodon Crack The Skye Fixture 10 status=200 url=http://127.0.0.1:5302/itunes/search?term=Mastodon+Crack+The+Skye+Fixture+10&entity=album&limit=20 bytes=33
2026-09-19 00:41:26,868 [VERBOSE] music_app.services.cover_refresh_provider: Apple raw search results query='Mastodon Crack The Skye Fixture 10' artist='Mastodon' album='Crack The Skye Fixture 10' year=2009 results=[]
2026-09-19 00:41:26,868 [VERBOSE] music_app.services.cover_refresh_provider: Apple search results query='Mastodon Crack The Skye Fixture 10' count=0 top=[]
2026-09-19 00:41:26,868 [INFO] music_app.services.cover_refresh_provider: {"action": "Apple cover miss", "album": "Crack The Skye Fixture 10", "artist": "Mastodon", "query_mode": "artist+album:native", "raw_result_count": 0, "raw_results_summary": [], "top_candidates": [], "year": 2009}
2026-09-19 00:41:26,973 [VERBOSE] music_app.services.cover_provider_http: Cover HTTP success service=apple context=probe:artist+album+year:native:Mastodon - Crack The Skye Fixture 08 status=200 url=http://cover-fixture.example:5302/apple/artwork/automatic-candidate-primary/9999x9999-100.jpg bytes=1712782
2026-09-19 00:41:27,070 [VERBOSE] music_app.services.cover_refresh_provider: Cover candidate probe result source=apple artist='Mastodon' album='Crack The Skye Fixture 08' year=2009 result={'score': 1.59, 'width': 1800, 'height': 1800, 'area': 3240000, 'sharpness': 13.911, 'album': 'Crack The Skye Fixture 08', 'artist': 'Mastodon', 'url': 'http://cover-fixture.example:5302/apple/artwork/automatic-candidate-primary/9999x9999-100.jpg', 'year': 2009, 'variant': 'api-artwork', 'album_url': 'http://cover-fixture.example:5302/apple/album/automatic-candidate-primary'}
2026-09-19 00:41:27,070 [VERBOSE] music_app.services.cover_refresh_provider: Cover candidate selected source=apple artist='Mastodon' album='Crack The Skye Fixture 08' year=2009 query_mode=artist+album+year:native score=1.5900 width=1800 height=1800 url=http://cover-fixture.example:5302/apple/artwork/automatic-candidate-primary/9999x9999-100.jpg
2026-09-19 00:41:27,277 [VERBOSE] music_app.services.cover_refresh_provider: Cover fetch candidate ready folder='D:\\a\\_temp\\album-haven-e2e-functional-fixtures-cover-providers\\shared\\media\\Mastodon\\Crack The Skye Fixture 08' artist='Mastodon' album='Crack The Skye Fixture 08' year=2009 source=apple width=1800 height=1800 remote_area=3240000 local_area=0 remote_sharpness=13.9110 local_sharpness=0.0000
2026-09-19 00:41:27,388 [VERBOSE] music_app.services.cover_provider_http: Cover HTTP success service=apple context=search:Various Artists Mulan 1998 status=200 url=http://127.0.0.1:5302/itunes/search?term=Various+Artists+Mulan+1998&entity=album&limit=20 bytes=33
2026-09-19 00:41:27,389 [VERBOSE] music_app.services.cover_refresh_provider: Apple raw search results query='Various Artists Mulan 1998' artist='Various Artists' album='Mulan' year=1998 results=[]
2026-09-19 00:41:27,389 [VERBOSE] music_app.services.cover_refresh_provider: Apple search results query='Various Artists Mulan 1998' count=0 top=[]
2026-09-19 00:41:27,389 [INFO] music_app.services.cover_refresh_provider: {"action": "Apple cover miss", "album": "Mulan", "artist": "Various Artists", "query_mode": "artist+album+year:native", "raw_result_count": 0, "raw_results_summary": [], "top_candidates": [], "year": 1998}
2026-09-19 00:41:27,391 [VERBOSE] music_app.services.cover_provider_http: Cover HTTP success service=apple context=artist-id-search:Neal Morse status=200 url=http://127.0.0.1:5302/itunes/search?term=Neal+Morse&entity=musicArtist&limit=10 bytes=33
2026-09-19 00:41:27,391 [INFO] music_app.services.cover_refresh_provider: {"action": "Apple artist lookup results", "album": "Neal Morse Plays Pink Floyd", "artist": "Neal Morse", "query_artist": "Neal Morse", "result_count": 0, "top_results": []}
2026-09-19 00:41:27,683 [VERBOSE] music_app: Cover fetch processed artist='Mastodon' album='Crack The Skye Fixture 08' folder='D:\\a\\_temp\\album-haven-e2e-functional-fixtures-cover-providers\\shared\\media\\Mastodon\\Crack The Skye Fixture 08' downloaded=True has_cover=True
2026-09-19 00:41:27,721 [VERBOSE] music_app.services.cover_provider_http: Cover HTTP success service=apple context=artist-id-search:Mastodon status=200 url=http://127.0.0.1:5302/itunes/search?term=Mastodon&entity=musicArtist&limit=10 bytes=33
2026-09-19 00:41:27,721 [INFO] music_app.services.cover_refresh_provider: {"action": "Apple artist lookup results", "album": "Crack The Skye Fixture 10", "artist": "Mastodon", "query_artist": "Mastodon", "result_count": 0, "top_results": []}
2026-09-19 00:41:27,721 [VERBOSE] music_app: Cover fetch processed artist='Mastodon' album='Crack The Skye Fixture 10' folder='D:\\a\\_temp\\album-haven-e2e-functional-fixtures-cover-providers\\shared\\media\\Mastodon\\Crack The Skye Fixture 10' downloaded=False has_cover=True
2026-09-19 00:41:28,106 [VERBOSE] music_app.services.cover_provider_http: Cover HTTP success service=apple context=artist-id-search:Various Artists status=200 url=http://127.0.0.1:5302/itunes/search?term=Various+Artists&entity=musicArtist&limit=10 bytes=33
2026-09-19 00:41:28,106 [INFO] music_app.services.cover_refresh_provider: {"action": "Apple artist lookup results", "album": "Mulan", "artist": "Various Artists", "query_artist": "Various Artists", "result_count": 0, "top_results": []}
2026-09-19 00:41:28,175 [VERBOSE] music_app.services.cover_provider_http: Cover HTTP success service=apple context=search:Neal Morse Neal Morse Plays Pink Floyd status=200 url=http://127.0.0.1:5302/itunes/search?term=Neal+Morse+Neal+Morse+Plays+Pink+Floyd&entity=album&limit=20 bytes=33
2026-09-19 00:41:28,175 [VERBOSE] music_app.services.cover_refresh_provider: Apple raw search results query='Neal Morse Neal Morse Plays Pink Floyd' artist='Neal Morse' album='Neal Morse Plays Pink Floyd' year=2023 results=[]
2026-09-19 00:41:28,175 [VERBOSE] music_app.services.cover_refresh_provider: Apple search results query='Neal Morse Neal Morse Plays Pink Floyd' count=0 top=[]
2026-09-19 00:41:28,175 [INFO] music_app.services.cover_refresh_provider: {"action": "Apple cover miss", "album": "Neal Morse Plays Pink Floyd", "artist": "Neal Morse", "query_mode": "artist+album:native", "raw_result_count": 0, "raw_results_summary": [], "top_candidates": [], "year": 2023}
2026-09-19 00:41:28,238 [VERBOSE] music_app.services.cover_provider_http: Cover HTTP success service=apple context=search:\u0414\u0414\u0422 \u0421\u0442\u0443\u0434\u0438\u0439\u043d\u044b\u0435 \u0437\u0430\u043f\u0438\u0441\u0438 1990 status=200 url=http://127.0.0.1:5302/itunes/search?term=%D0%94%D0%94%D0%A2+%D0%A1%D1%82%D1%83%D0%B4%D0%B8%D0%B9%D0%BD%D1%8B%D0%B5+%D0%B7%D0%B0%D0%BF%D0%B8%D1%81%D0%B8+1990&entity=album&limit=20 bytes=33
2026-09-19 00:41:28,238 [VERBOSE] music_app.services.cover_refresh_provider: Apple raw search results query='\u0414\u0414\u0422 \u0421\u0442\u0443\u0434\u0438\u0439\u043d\u044b\u0435 \u0437\u0430\u043f\u0438\u0441\u0438 1990' artist='\u0414\u0414\u0422' album='\u0421\u0442\u0443\u0434\u0438\u0439\u043d\u044b\u0435 \u0437\u0430\u043f\u0438\u0441\u0438' year=1990 results=[]
2026-09-19 00:41:28,238 [VERBOSE] music_app.services.cover_refresh_provider: Apple search results query='\u0414\u0414\u0422 \u0421\u0442\u0443\u0434\u0438\u0439\u043d\u044b\u0435 \u0437\u0430\u043f\u0438\u0441\u0438 1990' count=0 top=[]
2026-09-19 00:41:28,238 [INFO] music_app.services.cover_refresh_provider: {"action": "Apple cover miss", "album": "\u0421\u0442\u0443\u0434\u0438\u0439\u043d\u044b\u0435 \u0437\u0430\u043f\u0438\u0441\u0438", "artist": "\u0414\u0414\u0422", "query_mode": "artist+album+year:native", "raw_result_count": 0, "raw_results_summary": [], "top_candidates": [], "year": 1990}
2026-09-19 00:41:28,611 [VERBOSE] music_app.services.cover_provider_http: Cover HTTP success service=apple context=search:Various Artists Mulan status=200 url=http://127.0.0.1:5302/itunes/search?term=Various+Artists+Mulan&entity=album&limit=20 bytes=33
2026-09-19 00:41:28,612 [VERBOSE] music_app.services.cover_refresh_provider: Apple raw search results query='Various Artists Mulan' artist='Various Artists' album='Mulan' year=1998 results=[]
2026-09-19 00:41:28,612 [VERBOSE] music_app.services.cover_refresh_provider: Apple search results query='Various Artists Mulan' count=0 top=[]
2026-09-19 00:41:28,612 [INFO] music_app.services.cover_refresh_provider: {"action": "Apple cover miss", "album": "Mulan", "artist": "Various Artists", "query_mode": "artist+album:native", "raw_result_count": 0, "raw_results_summary": [], "top_candidates": [], "year": 1998}
2026-09-19 00:41:28,693 [VERBOSE] music_app.services.cover_provider_http: Cover HTTP success service=apple context=artist-id-search:Neal Morse status=200 url=http://127.0.0.1:5302/itunes/search?term=Neal+Morse&entity=musicArtist&limit=10 bytes=33
2026-09-19 00:41:28,694 [INFO] music_app.services.cover_refresh_provider: {"action": "Apple artist lookup results", "album": "Neal Morse Plays Pink Floyd", "artist": "Neal Morse", "query_artist": "Neal Morse", "result_count": 0, "top_results": []}
2026-09-19 00:41:28,695 [VERBOSE] music_app: Cover fetch processed artist='Neal Morse' album='Neal Morse Plays Pink Floyd' folder='D:\\a\\_temp\\album-haven-e2e-functional-fixtures-cover-providers\\shared\\media\\Progressive Projects\\Morse Family\\Neal Morse\\Neal Morse Plays Pink Floyd' downloaded=False has_cover=False
2026-09-19 00:41:28,695 [WARNING] music_app: {"action": "Cover art update failed", "album": "Neal Morse Plays Pink Floyd", "artist": "Neal Morse", "elapsed_ms": 2788.38, "folder": "D:\\a\\_temp\\album-haven-e2e-functional-fixtures-cover-providers\\shared\\media\\Progressive Projects\\Morse Family\\Neal Morse\\Neal Morse Plays Pink Floyd", "force_search": false, "reason": "remote_search_returned_no_candidate", "resolver_trace": [{"apple_http_trace": [{"context": "search:Neal Morse Neal Morse Plays Pink Floyd 2023", "elapsed_ms": 686.48, "status": "success:200"}, {"context": "artist-id-search:Neal Morse", "elapsed_ms": 794.95, "status": "success:200"}, {"context": "search:Neal Morse Neal Morse Plays Pink Floyd", "elapsed_ms": 783.11, "status": "success:200"}, {"context": "artist-id-search:Neal Morse", "elapsed_ms": 518.65, "status": "success:200"}], "elapsed_ms": 2785.64, "resolver": "_search_apple", "status": "no_candidate"}], "status": "missing_cover_art"}
2026-09-19 00:41:28,714 [VERBOSE] music_app.services.cover_provider_http: Cover HTTP success service=apple context=artist-id-search:\u0414\u0414\u0422 status=200 url=http://127.0.0.1:5302/itunes/search?term=%D0%94%D0%94%D0%A2&entity=musicArtist&limit=10 bytes=33
2026-09-19 00:41:28,715 [INFO] music_app.services.cover_refresh_provider: {"action": "Apple artist lookup results", "album": "\u0421\u0442\u0443\u0434\u0438\u0439\u043d\u044b\u0435 \u0437\u0430\u043f\u0438\u0441\u0438", "artist": "\u0414\u0414\u0422", "query_artist": "\u0414\u0414\u0422", "result_count": 0, "top_results": []}
2026-09-19 00:41:29,136 [VERBOSE] music_app.services.cover_provider_http: Cover HTTP success service=apple context=artist-id-search:Various Artists status=200 url=http://127.0.0.1:5302/itunes/search?term=Various+Artists&entity=musicArtist&limit=10 bytes=33
2026-09-19 00:41:29,136 [INFO] music_app.services.cover_refresh_provider: {"action": "Apple artist lookup results", "album": "Mulan", "artist": "Various Artists", "query_artist": "Various Artists", "result_count": 0, "top_results": []}
2026-09-19 00:41:29,136 [VERBOSE] music_app: Cover fetch processed artist='Various Artists' album='Mulan' folder='D:\\a\\_temp\\album-haven-e2e-functional-fixtures-cover-providers\\shared\\media\\Various Artists\\Mulan' downloaded=False has_cover=False
2026-09-19 00:41:29,136 [WARNING] music_app: {"action": "Cover art update failed", "album": "Mulan", "artist": "Various Artists", "elapsed_ms": 2442.78, "folder": "D:\\a\\_temp\\album-haven-e2e-functional-fixtures-cover-providers\\shared\\media\\Various Artists\\Mulan", "force_search": false, "reason": "remote_search_returned_no_candidate", "resolver_trace": [{"apple_http_trace": [{"context": "search:Various Artists Mulan 1998", "elapsed_ms": 693.08, "status": "success:200"}, {"context": "artist-id-search:Various Artists", "elapsed_ms": 715.82, "status": "success:200"}, {"context": "search:Various Artists Mulan", "elapsed_ms": 505.48, "status": "success:200"}, {"context": "artist-id-search:Various Artists", "elapsed_ms": 523.73, "status": "success:200"}], "elapsed_ms": 2441.2, "resolver": "_search_apple", "status": "no_candidate"}], "status": "missing_cover_art"}
2026-09-19 00:41:29,203 [VERBOSE] music_app.services.cover_provider_http: Cover HTTP success service=apple context=search:\u0414\u0414\u0422 \u0421\u0442\u0443\u0434\u0438\u0439\u043d\u044b\u0435 \u0437\u0430\u043f\u0438\u0441\u0438 status=200 url=http://127.0.0.1:5302/itunes/search?term=%D0%94%D0%94%D0%A2+%D0%A1%D1%82%D1%83%D0%B4%D0%B8%D0%B9%D0%BD%D1%8B%D0%B5+%D0%B7%D0%B0%D0%BF%D0%B8%D1%81%D0%B8&entity=album&limit=20 bytes=33
2026-09-19 00:41:29,203 [VERBOSE] music_app.services.cover_refresh_provider: Apple raw search results query='\u0414\u0414\u0422 \u0421\u0442\u0443\u0434\u0438\u0439\u043d\u044b\u0435 \u0437\u0430\u043f\u0438\u0441\u0438' artist='\u0414\u0414\u0422' album='\u0421\u0442\u0443\u0434\u0438\u0439\u043d\u044b\u0435 \u0437\u0430\u043f\u0438\u0441\u0438' year=1990 results=[]
2026-09-19 00:41:29,203 [VERBOSE] music_app.services.cover_refresh_provider: Apple search results query='\u0414\u0414\u0422 \u0421\u0442\u0443\u0434\u0438\u0439\u043d\u044b\u0435 \u0437\u0430\u043f\u0438\u0441\u0438' count=0 top=[]
2026-09-19 00:41:29,204 [INFO] music_app.services.cover_refresh_provider: {"action": "Apple cover miss", "album": "\u0421\u0442\u0443\u0434\u0438\u0439\u043d\u044b\u0435 \u0437\u0430\u043f\u0438\u0441\u0438", "artist": "\u0414\u0414\u0422", "query_mode": "artist+album:native", "raw_result_count": 0, "raw_results_summary": [], "top_candidates": [], "year": 1990}
2026-09-19 00:41:29,516 [VERBOSE] music_app.services.cover_provider_http: Cover HTTP success service=apple context=artist-id-search:\u0414\u0414\u0422 status=200 url=http://127.0.0.1:5302/itunes/search?term=%D0%94%D0%94%D0%A2&entity=musicArtist&limit=10 bytes=33
2026-09-19 00:41:29,516 [INFO] music_app.services.cover_refresh_provider: {"action": "Apple artist lookup results", "album": "\u0421\u0442\u0443\u0434\u0438\u0439\u043d\u044b\u0435 \u0437\u0430\u043f\u0438\u0441\u0438", "artist": "\u0414\u0414\u0422", "query_artist": "\u0414\u0414\u0422", "result_count": 0, "top_results": []}
2026-09-19 00:41:29,774 [VERBOSE] music_app.services.cover_provider_http: Cover HTTP success service=apple context=search:DDT Studiynye zapisi 1990 status=200 url=http://127.0.0.1:5302/itunes/search?term=DDT+Studiynye+zapisi+1990&entity=album&limit=20 bytes=33
2026-09-19 00:41:29,774 [VERBOSE] music_app.services.cover_refresh_provider: Apple raw search results query='DDT Studiynye zapisi 1990' artist='\u0414\u0414\u0422' album='\u0421\u0442\u0443\u0434\u0438\u0439\u043d\u044b\u0435 \u0437\u0430\u043f\u0438\u0441\u0438' year=1990 results=[]
2026-09-19 00:41:29,774 [VERBOSE] music_app.services.cover_refresh_provider: Apple search results query='DDT Studiynye zapisi 1990' count=0 top=[]
2026-09-19 00:41:29,775 [INFO] music_app.services.cover_refresh_provider: {"action": "Apple cover miss", "album": "\u0421\u0442\u0443\u0434\u0438\u0439\u043d\u044b\u0435 \u0437\u0430\u043f\u0438\u0441\u0438", "artist": "\u0414\u0414\u0422", "query_mode": "artist+album+year:translit", "raw_result_count": 0, "raw_results_summary": [], "top_candidates": [], "year": 1990}
2026-09-19 00:41:30,048 [VERBOSE] music_app.services.cover_provider_http: Cover HTTP success service=apple context=artist-id-search:DDT status=200 url=http://127.0.0.1:5302/itunes/search?term=DDT&entity=musicArtist&limit=10 bytes=33
2026-09-19 00:41:30,048 [INFO] music_app.services.cover_refresh_provider: {"action": "Apple artist lookup results", "album": "\u0421\u0442\u0443\u0434\u0438\u0439\u043d\u044b\u0435 \u0437\u0430\u043f\u0438\u0441\u0438", "artist": "\u0414\u0414\u0422", "query_artist": "DDT", "result_count": 0, "top_results": []}
2026-09-19 00:41:30,480 [VERBOSE] music_app.services.cover_provider_http: Cover HTTP success service=apple context=search:DDT Studiynye zapisi status=200 url=http://127.0.0.1:5302/itunes/search?term=DDT+Studiynye+zapisi&entity=album&limit=20 bytes=33
2026-09-19 00:41:30,480 [VERBOSE] music_app.services.cover_refresh_provider: Apple raw search results query='DDT Studiynye zapisi' artist='\u0414\u0414\u0422' album='\u0421\u0442\u0443\u0434\u0438\u0439\u043d\u044b\u0435 \u0437\u0430\u043f\u0438\u0441\u0438' year=1990 results=[]
2026-09-19 00:41:30,480 [VERBOSE] music_app.services.cover_refresh_provider: Apple search results query='DDT Studiynye zapisi' count=0 top=[]
2026-09-19 00:41:30,480 [INFO] music_app.services.cover_refresh_provider: {"action": "Apple cover miss", "album": "\u0421\u0442\u0443\u0434\u0438\u0439\u043d\u044b\u0435 \u0437\u0430\u043f\u0438\u0441\u0438", "artist": "\u0414\u0414\u0422", "query_mode": "artist+album:translit", "raw_result_count": 0, "raw_results_summary": [], "top_candidates": [], "year": 1990}
2026-09-19 00:41:30,775 [VERBOSE] music_app.services.cover_provider_http: Cover HTTP success service=apple context=artist-id-search:DDT status=200 url=http://127.0.0.1:5302/itunes/search?term=DDT&entity=musicArtist&limit=10 bytes=33
2026-09-19 00:41:30,775 [INFO] music_app.services.cover_refresh_provider: {"action": "Apple artist lookup results", "album": "\u0421\u0442\u0443\u0434\u0438\u0439\u043d\u044b\u0435 \u0437\u0430\u043f\u0438\u0441\u0438", "artist": "\u0414\u0414\u0422", "query_artist": "DDT", "result_count": 0, "top_results": []}
2026-09-19 00:41:30,777 [VERBOSE] music_app: Cover fetch processed artist='\u0414\u0414\u0422' album='\u0421\u0442\u0443\u0434\u0438\u0439\u043d\u044b\u0435 \u0437\u0430\u043f\u0438\u0441\u0438' folder='D:\\a\\_temp\\album-haven-e2e-functional-fixtures-cover-providers\\shared\\media\\\u0414\u0414\u0422\\\u0421\u0442\u0443\u0434\u0438\u0439\u043d\u044b\u0435 \u0437\u0430\u043f\u0438\u0441\u0438' downloaded=False has_cover=False
2026-09-19 00:41:30,777 [WARNING] music_app: {"action": "Cover art update failed", "album": "\u0421\u0442\u0443\u0434\u0438\u0439\u043d\u044b\u0435 \u0437\u0430\u043f\u0438\u0441\u0438", "artist": "\u0414\u0414\u0422", "elapsed_ms": 3160.55, "folder": "D:\\a\\_temp\\album-haven-e2e-functional-fixtures-cover-providers\\shared\\media\\\u0414\u0414\u0422\\\u0421\u0442\u0443\u0434\u0438\u0439\u043d\u044b\u0435 \u0437\u0430\u043f\u0438\u0441\u0438", "force_search": false, "reason": "remote_search_returned_no_candidate", "resolver_trace": [{"apple_http_trace": [{"context": "search:\u0414\u0414\u0422 \u0421\u0442\u0443\u0434\u0438\u0439\u043d\u044b\u0435 \u0437\u0430\u043f\u0438\u0441\u0438 1990", "elapsed_ms": 613.84, "status": "success:200"}, {"context": "artist-id-search:\u0414\u0414\u0422", "elapsed_ms": 475.43, "status": "success:200"}, {"context": "search:\u0414\u0414\u0422 \u0421\u0442\u0443\u0434\u0438\u0439\u043d\u044b\u0435 \u0437\u0430\u043f\u0438\u0441\u0438", "elapsed_ms": 488.32, "status": "success:200"}, {"context": "artist-id-search:\u0414\u0414\u0422", "elapsed_ms": 312.22, "status": "success:200"}, {"context": "search:DDT Studiynye zapisi 1990", "elapsed_ms": 257.2, "status": "success:200"}, {"context": "artist-id-search:DDT", "elapsed_ms": 274.17, "status": "success:200"}, {"context": "search:DDT Studiynye zapisi", "elapsed_ms": 429.86, "status": "success:200"}, {"context": "artist-id-search:DDT", "elapsed_ms": 295.2, "status": "success:200"}], "elapsed_ms": 3152.14, "resolver": "_search_apple", "status": "no_candidate"}], "status": "missing_cover_art"}
2026-09-19 00:41:32,272 [INFO] music_app: {"action": "Cover art update completed", "album_count": 16, "downloaded": 1, "downloaded_paths": ["D:\\a\\_temp\\album-haven-e2e-functional-fixtures-cover-providers\\shared\\media\\Mastodon\\Crack The Skye Fixture 08\\cover.jpg"], "failed": 13, "files": ["D:\\a\\_temp\\album-haven-e2e-functional-fixtures-cover-providers\\shared\\media\\Mastodon\\Crack The Skye Fixture 08\\cover.jpg"], "mode": "background", "not_found": 13, "not_touched": 2, "processed": 16, "skipped": 2}
2026-09-19 00:41:33,325 [INFO] music_app: {"action": "Index request completed", "album_count": 0, "artist_count": 0, "bootstrap_mode": "fresh_preview", "covers_in_progress": false, "elapsed_ms": 377.95, "hydrate_in_progress": false, "payload_elapsed_ms": 302.18, "query": "", "scan_in_progress": false, "selected_artist": ""}
  [PASS] Restore the unseen indicator when a later automatic lookup finds a better result (41827 ms)
  ok 1 [functional] › tests\e2e\specs\coverLookup.spec.js:1396:1 › FTC-COVERS-019 later automatic improvement restores the unseen indicator @area:cover-providers (42.2s)
[album-haven-playwright-result] {"version":1,"phase":"tests-complete","nonce":"6bbd306a253f5916a9c0ee47bb45358a6249d46004ee47993a29a63fde1666b0","status":"passed","total":1,"completed":1,"failed":0,"skipped":0,"errors":0}



[album-haven-playwright-result] {"version":1,"phase":"run-final","nonce":"6bbd306a253f5916a9c0ee47bb45358a6249d46004ee47993a29a63fde1666b0","status":"passed","total":1,"completed":1,"failed":0,"skipped":0,"errors":0}
  1 passed (48.9s)

=== Playwright Summary ===
[✓] coverLookup.spec
  [✓] FTC-COVERS-019 later automatic improvement restores the unseen indicator @area:cover-providers

Overall: 1/1 passed
[playwright-wrapper-final-decision] {"wrapperExitCode":0,"attemptReturn":{"exitCode":0,"exitReason":"authoritative-pass"},"fakeDatabaseCleanup":{"status":"completed","error":null,"mode":"lock-only"},"scanAppCleanup":{"status":"not-required","error":null},"isolatedAppCleanup":{"status":"completed","error":null},"tempCleanup":{"status":"completed","error":null,"removedCount":1},"passivePortDiagnostics":[{"port":5300,"status":"completed","error":null,"ownerCount":0},{"port":5302,"status":"completed","error":null,"ownerCount":0}],"finalSummary":{"phase":"run-final","status":"passed","total":1,"completed":1,"failed":0,"skipped":0,"errors":0,"listOnly":false},"exitReason":"authoritative-pass"}
{"restored":0,"removed":1,"unchanged":1497}
Album Haven production E2E app listening on http://127.0.0.1:5300 with 0 artists, 0 albums, 0 tracks, and provider fixtures on http://127.0.0.1:5302
2026-09-19 00:42:20,848 [INFO] music_app: Startup scan-cache hydration completed files=7200 albums=400
2026-09-19 00:42:20,848 [INFO] music_app: Legacy album exclusions migrated albums=1 removed_rules=18 created_rules=1
2026-09-19 00:42:21,397 [INFO] music_app: Relation projection startup readiness ready=true rebuilt=true reason=missing_projection builder_version=local-relation-builder-v9 source_row_count=7438 duration_ms=507.02 source_load=161.41 fingerprint=62.08 pure_build=150.52 family_link_replacement=10.09 snapshot_publication=2.54
2026-09-19 00:42:22,777 [INFO] music_app: {"action": "Index request completed", "album_count": 0, "artist_count": 0, "bootstrap_mode": "fresh_preview", "covers_in_progress": false, "elapsed_ms": 538.54, "hydrate_in_progress": false, "payload_elapsed_ms": 200.27, "query": "", "scan_in_progress": false, "selected_artist": ""}

Running 1 test using 1 worker

2026-09-19 00:42:53,658 [INFO] music_app: {"action": "Index request completed", "album_count": 0, "artist_count": 0, "bootstrap_mode": "fresh_preview", "covers_in_progress": false, "elapsed_ms": 282.29, "hydrate_in_progress": false, "payload_elapsed_ms": 166.09, "query": "", "scan_in_progress": false, "selected_artist": ""}
[TEST] FTC-COVERS-011 selected local art remains authoritative after rescan and app restart
  [STEP] Require the managed isolated Postgres app before changing fixture cover files
  [PASS] Require the managed isolated Postgres app before changing fixture cover files (17 ms)
  [STEP] Open filtered Crack The Skye results with canonical cover.jpg active and record the nested candidates
2026-09-19 00:42:56,620 [INFO] music_app: {"action": "Index request completed", "album_count": 0, "artist_count": 0, "bootstrap_mode": "full_view", "covers_in_progress": false, "elapsed_ms": 182.47, "hydrate_in_progress": false, "payload_elapsed_ms": 135.67, "query": "mastodon", "scan_in_progress": false, "selected_artist": "Mastodon"}
  [PASS] Open filtered Crack The Skye results with canonical cover.jpg active and record the nested candidates (5582 ms)
  [STEP] Save nested Front.jpg over canonical cover.jpg and verify every immediate surface
2026-09-19 00:43:03,018 [INFO] music_app: Problematic albums timing: {'kind': 'summary_payload', 'cache_status': 'miss', 'item_count': 19, 'elapsed_ms': 247.42}
2026-09-19 00:43:03,018 [INFO] music_app: {"action": "Local cover selection persisted", "album": "Crack The Skye", "album_rows_updated": 1, "artist": "Mastodon", "target_filename": "cover.jpg", "track_file_rows_updated": 18, "year": 2009}
  [PASS] Save nested Front.jpg over canonical cover.jpg and verify every immediate surface (4501 ms)
  [STEP] Reload the same app process before rescan and retain the selected cover bytes
2026-09-19 00:43:06,654 [INFO] music_app: {"action": "Index request completed", "album_count": 0, "artist_count": 0, "bootstrap_mode": "full_view", "covers_in_progress": false, "elapsed_ms": 168.33, "hydrate_in_progress": false, "payload_elapsed_ms": 122.0, "query": "mastodon", "scan_in_progress": false, "selected_artist": "Mastodon"}
  [PASS] Reload the same app process before rescan and retain the selected cover bytes (2092 ms)
  [STEP] Run a full rescan and confirm the card and detail view still render the selected bytes
2026-09-19 00:43:08,778 [WARNING] music_app: refresh_api: payload keys=['full_rescan']
2026-09-19 00:43:08,833 [INFO] music_app: {"action": "Library indexing started", "force": true}
2026-09-19 00:43:16,889 [INFO] music_app: {"action": "Library indexing completed", "album_count": 63, "file_count": 1090}
2026-09-19 00:43:17,347 [INFO] music_app: {"action": "Cover art refresh queued after indexing", "added_album_count": 1}
2026-09-19 00:43:17,744 [INFO] music_app: {"action": "Index request completed", "album_count": 0, "artist_count": 0, "bootstrap_mode": "full_view", "covers_in_progress": true, "elapsed_ms": 395.88, "hydrate_in_progress": false, "payload_elapsed_ms": 305.01, "query": "mastodon", "scan_in_progress": false, "selected_artist": "Mastodon"}
2026-09-19 00:43:18,692 [VERBOSE] music_app: Cover jobs built total_folders=64 queued=64 skipped=0 skipped_samples=[]
2026-09-19 00:43:18,693 [VERBOSE] music_app: Cover refresh background job selection queued=17 user_owned=0 scan_generation=2 file_cache_entries=1090
2026-09-19 00:43:19,854 [VERBOSE] music_app: Cover fetch queue item index=1 total=17 artist='Generated Problem Fixture' album='Comfortably Numb Sidebar Fixture 01' year=2023 folder='D:\\a\\_temp\\album-haven-e2e-functional-fixtures-cover-providers\\shared\\media\\Generated Problem Fixture\\Comfortably Numb Sidebar Fixture 01' track_count=18 force_search=False
2026-09-19 00:43:19,855 [VERBOSE] music_app: Cover fetch queue item index=2 total=17 artist='Generated Problem Fixture' album='Comfortably Numb Sidebar Fixture 02' year=2023 folder='D:\\a\\_temp\\album-haven-e2e-functional-fixtures-cover-providers\\shared\\media\\Generated Problem Fixture\\Comfortably Numb Sidebar Fixture 02' track_count=18 force_search=False
2026-09-19 00:43:19,855 [VERBOSE] music_app: Cover fetch queue item index=3 total=17 artist='Generated Problem Fixture' album='Comfortably Numb Sidebar Fixture 03' year=2023 folder='D:\\a\\_temp\\album-haven-e2e-functional-fixtures-cover-providers\\shared\\media\\Generated Problem Fixture\\Comfortably Numb Sidebar Fixture 03' track_count=18 force_search=False
2026-09-19 00:43:19,855 [VERBOSE] music_app: Cover fetch queue item index=4 total=17 artist='Generated Problem Fixture' album='Comfortably Numb Sidebar Fixture 04' year=2023 folder='D:\\a\\_temp\\album-haven-e2e-functional-fixtures-cover-providers\\shared\\media\\Generated Problem Fixture\\Comfortably Numb Sidebar Fixture 04' track_count=18 force_search=False
2026-09-19 00:43:19,855 [VERBOSE] music_app: Cover fetch queue item index=5 total=17 artist='Generated Problem Fixture' album='Comfortably Numb Sidebar Fixture 05' year=2023 folder='D:\\a\\_temp\\album-haven-e2e-functional-fixtures-cover-providers\\shared\\media\\Generated Problem Fixture\\Comfortably Numb Sidebar Fixture 05' track_count=18 force_search=False
2026-09-19 00:43:19,855 [VERBOSE] music_app: Cover fetch queue item index=6 total=17 artist='Generated Problem Fixture' album='Comfortably Numb Sidebar Fixture 06' year=2023 folder='D:\\a\\_temp\\album-haven-e2e-functional-fixtures-cover-providers\\shared\\media\\Generated Problem Fixture\\Comfortably Numb Sidebar Fixture 06' track_count=18 force_search=False
2026-09-19 00:43:19,855 [VERBOSE] music_app: Cover fetch queue item index=7 total=17 artist='Generated Problem Fixture' album='Comfortably Numb Sidebar Fixture 07' year=2023 folder='D:\\a\\_temp\\album-haven-e2e-functional-fixtures-cover-providers\\shared\\media\\Generated Problem Fixture\\Comfortably Numb Sidebar Fixture 07' track_count=18 force_search=False
2026-09-19 00:43:19,855 [VERBOSE] music_app: Cover fetch queue item index=8 total=17 artist='Generated Problem Fixture' album='Comfortably Numb Sidebar Fixture 08' year=2023 folder='D:\\a\\_temp\\album-haven-e2e-functional-fixtures-cover-providers\\shared\\media\\Generated Problem Fixture\\Comfortably Numb Sidebar Fixture 08' track_count=18 force_search=False
2026-09-19 00:43:19,855 [VERBOSE] music_app: Cover fetch queue item index=9 total=17 artist='Generated Problem Fixture' album='Encoding And Missing Metadata' year=None folder='D:\\a\\_temp\\album-haven-e2e-functional-fixtures-cover-providers\\shared\\media\\Generated Problem Fixture\\Encoding And Missing Metadata' track_count=18 force_search=False
2026-09-19 00:43:19,855 [VERBOSE] music_app: Cover fetch queue item index=10 total=17 artist='Mastodon' album='Crack The Skye' year=2009 folder='D:\\a\\_temp\\album-haven-e2e-functional-fixtures-cover-providers\\shared\\media\\Mastodon\\Crack The Skye' track_count=18 force_search=False
2026-09-19 00:43:19,855 [VERBOSE] music_app: Cover fetch queue item index=11 total=17 artist='Mastodon' album='Crack The Skye Fixture 07' year=2009 folder='D:\\a\\_temp\\album-haven-e2e-functional-fixtures-cover-providers\\shared\\media\\Mastodon\\Crack The Skye Fixture 07' track_count=18 force_search=False
2026-09-19 00:43:19,855 [VERBOSE] music_app: Cover fetch queue item index=12 total=17 artist='Mastodon' album='Crack The Skye Fixture 08' year=2009 folder='D:\\a\\_temp\\album-haven-e2e-functional-fixtures-cover-providers\\shared\\media\\Mastodon\\Crack The Skye Fixture 08' track_count=18 force_search=False
2026-09-19 00:43:19,855 [VERBOSE] music_app: Cover fetch queue item index=13 total=17 artist='Mastodon' album='Crack The Skye Fixture 09' year=2009 folder='D:\\a\\_temp\\album-haven-e2e-functional-fixtures-cover-providers\\shared\\media\\Mastodon\\Crack The Skye Fixture 09' track_count=18 force_search=False
2026-09-19 00:43:19,855 [VERBOSE] music_app: Cover fetch queue item index=14 total=17 artist='Mastodon' album='Crack The Skye Fixture 10' year=2009 folder='D:\\a\\_temp\\album-haven-e2e-functional-fixtures-cover-providers\\shared\\media\\Mastodon\\Crack The Skye Fixture 10' track_count=18 force_search=False
2026-09-19 00:43:19,855 [VERBOSE] music_app: Cover fetch queue item index=15 total=17 artist='Neal Morse' album='Neal Morse Plays Pink Floyd' year=2023 folder='D:\\a\\_temp\\album-haven-e2e-functional-fixtures-cover-providers\\shared\\media\\Progressive Projects\\Morse Family\\Neal Morse\\Neal Morse Plays Pink Floyd' track_count=18 force_search=False
2026-09-19 00:43:19,855 [VERBOSE] music_app: Cover fetch queue item index=16 total=17 artist='Various Artists' album='Mulan' year=1998 folder='D:\\a\\_temp\\album-haven-e2e-functional-fixtures-cover-providers\\shared\\media\\Various Artists\\Mulan' track_count=14 force_search=False
2026-09-19 00:43:19,855 [VERBOSE] music_app: Cover fetch queue item index=17 total=17 artist='\u0414\u0414\u0422' album='\u0421\u0442\u0443\u0434\u0438\u0439\u043d\u044b\u0435 \u0437\u0430\u043f\u0438\u0441\u0438' year=1990 folder='D:\\a\\_temp\\album-haven-e2e-functional-fixtures-cover-providers\\shared\\media\\\u0414\u0414\u0422\\\u0421\u0442\u0443\u0434\u0438\u0439\u043d\u044b\u0435 \u0437\u0430\u043f\u0438\u0441\u0438' track_count=16 force_search=False
2026-09-19 00:43:20,653 [VERBOSE] music_app.services.cover_provider_http: Cover HTTP success service=apple context=search:Generated Problem Fixture Comfortably Numb Sidebar Fixture 01 2023 status=200 url=http://127.0.0.1:5302/itunes/search?term=Generated+Problem+Fixture+Comfortably+Numb+Sidebar+Fixture+01+2023&entity=album&limit=20 bytes=33
2026-09-19 00:43:20,653 [VERBOSE] music_app.services.cover_refresh_provider: Apple raw search results query='Generated Problem Fixture Comfortably Numb Sidebar Fixture 01 2023' artist='Generated Problem Fixture' album='Comfortably Numb Sidebar Fixture 01' year=2023 results=[]
2026-09-19 00:43:20,653 [VERBOSE] music_app.services.cover_refresh_provider: Apple search results query='Generated Problem Fixture Comfortably Numb Sidebar Fixture 01 2023' count=0 top=[]
2026-09-19 00:43:20,653 [INFO] music_app.services.cover_refresh_provider: {"action": "Apple cover miss", "album": "Comfortably Numb Sidebar Fixture 01", "artist": "Generated Problem Fixture", "query_mode": "artist+album+year:native", "raw_result_count": 0, "raw_results_summary": [], "top_candidates": [], "year": 2023}
2026-09-19 00:43:20,772 [VERBOSE] music_app.services.cover_provider_http: Cover HTTP success service=apple context=search:Generated Problem Fixture Comfortably Numb Sidebar Fixture 02 2023 status=200 url=http://127.0.0.1:5302/itunes/search?term=Generated+Problem+Fixture+Comfortably+Numb+Sidebar+Fixture+02+2023&entity=album&limit=20 bytes=33
2026-09-19 00:43:20,772 [VERBOSE] music_app.services.cover_refresh_provider: Apple raw search results query='Generated Problem Fixture Comfortably Numb Sidebar Fixture 02 2023' artist='Generated Problem Fixture' album='Comfortably Numb Sidebar Fixture 02' year=2023 results=[]
2026-09-19 00:43:20,772 [VERBOSE] music_app.services.cover_refresh_provider: Apple search results query='Generated Problem Fixture Comfortably Numb Sidebar Fixture 02 2023' count=0 top=[]
2026-09-19 00:43:20,772 [INFO] music_app.services.cover_refresh_provider: {"action": "Apple cover miss", "album": "Comfortably Numb Sidebar Fixture 02", "artist": "Generated Problem Fixture", "query_mode": "artist+album+year:native", "raw_result_count": 0, "raw_results_summary": [], "top_candidates": [], "year": 2023}
2026-09-19 00:43:20,840 [VERBOSE] music_app.services.cover_provider_http: Cover HTTP success service=apple context=search:Generated Problem Fixture Comfortably Numb Sidebar Fixture 03 2023 status=200 url=http://127.0.0.1:5302/itunes/search?term=Generated+Problem+Fixture+Comfortably+Numb+Sidebar+Fixture+03+2023&entity=album&limit=20 bytes=33
2026-09-19 00:43:20,840 [VERBOSE] music_app.services.cover_refresh_provider: Apple raw search results query='Generated Problem Fixture Comfortably Numb Sidebar Fixture 03 2023' artist='Generated Problem Fixture' album='Comfortably Numb Sidebar Fixture 03' year=2023 results=[]
2026-09-19 00:43:20,840 [VERBOSE] music_app.services.cover_refresh_provider: Apple search results query='Generated Problem Fixture Comfortably Numb Sidebar Fixture 03 2023' count=0 top=[]
2026-09-19 00:43:20,840 [INFO] music_app.services.cover_refresh_provider: {"action": "Apple cover miss", "album": "Comfortably Numb Sidebar Fixture 03", "artist": "Generated Problem Fixture", "query_mode": "artist+album+year:native", "raw_result_count": 0, "raw_results_summary": [], "top_candidates": [], "year": 2023}
2026-09-19 00:43:20,965 [VERBOSE] music_app.services.cover_provider_http: Cover HTTP success service=apple context=search:Generated Problem Fixture Comfortably Numb Sidebar Fixture 04 2023 status=200 url=http://127.0.0.1:5302/itunes/search?term=Generated+Problem+Fixture+Comfortably+Numb+Sidebar+Fixture+04+2023&entity=album&limit=20 bytes=33
2026-09-19 00:43:20,965 [VERBOSE] music_app.services.cover_refresh_provider: Apple raw search results query='Generated Problem Fixture Comfortably Numb Sidebar Fixture 04 2023' artist='Generated Problem Fixture' album='Comfortably Numb Sidebar Fixture 04' year=2023 results=[]
2026-09-19 00:43:20,965 [VERBOSE] music_app.services.cover_refresh_provider: Apple search results query='Generated Problem Fixture Comfortably Numb Sidebar Fixture 04 2023' count=0 top=[]
2026-09-19 00:43:20,965 [INFO] music_app.services.cover_refresh_provider: {"action": "Apple cover miss", "album": "Comfortably Numb Sidebar Fixture 04", "artist": "Generated Problem Fixture", "query_mode": "artist+album+year:native", "raw_result_count": 0, "raw_results_summary": [], "top_candidates": [], "year": 2023}
2026-09-19 00:43:22,407 [VERBOSE] music_app.services.cover_provider_http: Cover HTTP success service=apple context=artist-id-search:Generated Problem Fixture status=200 url=http://127.0.0.1:5302/itunes/search?term=Generated+Problem+Fixture&entity=musicArtist&limit=10 bytes=33
2026-09-19 00:43:22,407 [INFO] music_app.services.cover_refresh_provider: {"action": "Apple artist lookup results", "album": "Comfortably Numb Sidebar Fixture 01", "artist": "Generated Problem Fixture", "query_artist": "Generated Problem Fixture", "result_count": 0, "top_results": []}
2026-09-19 00:43:22,565 [VERBOSE] music_app.services.cover_provider_http: Cover HTTP success service=apple context=artist-id-search:Generated Problem Fixture status=200 url=http://127.0.0.1:5302/itunes/search?term=Generated+Problem+Fixture&entity=musicArtist&limit=10 bytes=33
2026-09-19 00:43:22,565 [INFO] music_app.services.cover_refresh_provider: {"action": "Apple artist lookup results", "album": "Comfortably Numb Sidebar Fixture 02", "artist": "Generated Problem Fixture", "query_artist": "Generated Problem Fixture", "result_count": 0, "top_results": []}
2026-09-19 00:43:22,704 [VERBOSE] music_app.services.cover_provider_http: Cover HTTP success service=apple context=artist-id-search:Generated Problem Fixture status=200 url=http://127.0.0.1:5302/itunes/search?term=Generated+Problem+Fixture&entity=musicArtist&limit=10 bytes=33
2026-09-19 00:43:22,704 [INFO] music_app.services.cover_refresh_provider: {"action": "Apple artist lookup results", "album": "Comfortably Numb Sidebar Fixture 03", "artist": "Generated Problem Fixture", "query_artist": "Generated Problem Fixture", "result_count": 0, "top_results": []}
2026-09-19 00:43:22,909 [VERBOSE] music_app.services.cover_provider_http: Cover HTTP success service=apple context=artist-id-search:Generated Problem Fixture status=200 url=http://127.0.0.1:5302/itunes/search?term=Generated+Problem+Fixture&entity=musicArtist&limit=10 bytes=33
2026-09-19 00:43:22,909 [INFO] music_app.services.cover_refresh_provider: {"action": "Apple artist lookup results", "album": "Comfortably Numb Sidebar Fixture 04", "artist": "Generated Problem Fixture", "query_artist": "Generated Problem Fixture", "result_count": 0, "top_results": []}
2026-09-19 00:43:23,315 [VERBOSE] music_app.services.cover_provider_http: Cover HTTP success service=apple context=search:Generated Problem Fixture Comfortably Numb Sidebar Fixture 02 status=200 url=http://127.0.0.1:5302/itunes/search?term=Generated+Problem+Fixture+Comfortably+Numb+Sidebar+Fixture+02&entity=album&limit=20 bytes=33
2026-09-19 00:43:23,315 [VERBOSE] music_app.services.cover_refresh_provider: Apple raw search results query='Generated Problem Fixture Comfortably Numb Sidebar Fixture 02' artist='Generated Problem Fixture' album='Comfortably Numb Sidebar Fixture 02' year=2023 results=[]
2026-09-19 00:43:23,315 [VERBOSE] music_app.services.cover_refresh_provider: Apple search results query='Generated Problem Fixture Comfortably Numb Sidebar Fixture 02' count=0 top=[]
2026-09-19 00:43:23,315 [INFO] music_app.services.cover_refresh_provider: {"action": "Apple cover miss", "album": "Comfortably Numb Sidebar Fixture 02", "artist": "Generated Problem Fixture", "query_mode": "artist+album:native", "raw_result_count": 0, "raw_results_summary": [], "top_candidates": [], "year": 2023}
2026-09-19 00:43:23,385 [VERBOSE] music_app.services.cover_provider_http: Cover HTTP success service=apple context=search:Generated Problem Fixture Comfortably Numb Sidebar Fixture 01 status=200 url=http://127.0.0.1:5302/itunes/search?term=Generated+Problem+Fixture+Comfortably+Numb+Sidebar+Fixture+01&entity=album&limit=20 bytes=33
2026-09-19 00:43:23,385 [VERBOSE] music_app.services.cover_refresh_provider: Apple raw search results query='Generated Problem Fixture Comfortably Numb Sidebar Fixture 01' artist='Generated Problem Fixture' album='Comfortably Numb Sidebar Fixture 01' year=2023 results=[]
2026-09-19 00:43:23,386 [VERBOSE] music_app.services.cover_refresh_provider: Apple search results query='Generated Problem Fixture Comfortably Numb Sidebar Fixture 01' count=0 top=[]
2026-09-19 00:43:23,386 [INFO] music_app.services.cover_refresh_provider: {"action": "Apple cover miss", "album": "Comfortably Numb Sidebar Fixture 01", "artist": "Generated Problem Fixture", "query_mode": "artist+album:native", "raw_result_count": 0, "raw_results_summary": [], "top_candidates": [], "year": 2023}
2026-09-19 00:43:23,637 [VERBOSE] music_app.services.cover_provider_http: Cover HTTP success service=apple context=search:Generated Problem Fixture Comfortably Numb Sidebar Fixture 03 status=200 url=http://127.0.0.1:5302/itunes/search?term=Generated+Problem+Fixture+Comfortably+Numb+Sidebar+Fixture+03&entity=album&limit=20 bytes=33
  [PASS] Run a full rescan and confirm the card and detail view still render the selected bytes (15212 ms)
2026-09-19 00:43:23,637 [VERBOSE] music_app.services.cover_refresh_provider: Apple raw search results query='Generated Problem Fixture Comfortably Numb Sidebar Fixture 03' artist='Generated Problem Fixture' album='Comfortably Numb Sidebar Fixture 03' year=2023 results=[]
  [STEP] Restart the real app process and verify fresh card and detail hydration
2026-09-19 00:43:23,638 [VERBOSE] music_app.services.cover_refresh_provider: Apple search results query='Generated Problem Fixture Comfortably Numb Sidebar Fixture 03' count=0 top=[]
2026-09-19 00:43:23,638 [INFO] music_app.services.cover_refresh_provider: {"action": "Apple cover miss", "album": "Comfortably Numb Sidebar Fixture 03", "artist": "Generated Problem Fixture", "query_mode": "artist+album:native", "raw_result_count": 0, "raw_results_summary": [], "top_candidates": [], "year": 2023}
2026-09-19 00:43:23,720 [VERBOSE] music_app.services.cover_provider_http: Cover HTTP success service=apple context=search:Generated Problem Fixture Comfortably Numb Sidebar Fixture 04 status=200 url=http://127.0.0.1:5302/itunes/search?term=Generated+Problem+Fixture+Comfortably+Numb+Sidebar+Fixture+04&entity=album&limit=20 bytes=33
2026-09-19 00:43:23,720 [VERBOSE] music_app.services.cover_refresh_provider: Apple raw search results query='Generated Problem Fixture Comfortably Numb Sidebar Fixture 04' artist='Generated Problem Fixture' album='Comfortably Numb Sidebar Fixture 04' year=2023 results=[]
2026-09-19 00:43:23,720 [VERBOSE] music_app.services.cover_refresh_provider: Apple search results query='Generated Problem Fixture Comfortably Numb Sidebar Fixture 04' count=0 top=[]
2026-09-19 00:43:23,720 [INFO] music_app.services.cover_refresh_provider: {"action": "Apple cover miss", "album": "Comfortably Numb Sidebar Fixture 04", "artist": "Generated Problem Fixture", "query_mode": "artist+album:native", "raw_result_count": 0, "raw_results_summary": [], "top_candidates": [], "year": 2023}
2026-09-19 00:43:24,069 [VERBOSE] music_app.services.cover_provider_http: Cover HTTP success service=apple context=artist-id-search:Generated Problem Fixture status=200 url=http://127.0.0.1:5302/itunes/search?term=Generated+Problem+Fixture&entity=musicArtist&limit=10 bytes=33
2026-09-19 00:43:24,069 [INFO] music_app.services.cover_refresh_provider: {"action": "Apple artist lookup results", "album": "Comfortably Numb Sidebar Fixture 01", "artist": "Generated Problem Fixture", "query_artist": "Generated Problem Fixture", "result_count": 0, "top_results": []}
2026-09-19 00:43:24,069 [VERBOSE] music_app: Cover fetch processed artist='Generated Problem Fixture' album='Comfortably Numb Sidebar Fixture 01' folder='D:\\a\\_temp\\album-haven-e2e-functional-fixtures-cover-providers\\shared\\media\\Generated Problem Fixture\\Comfortably Numb Sidebar Fixture 01' downloaded=False has_cover=False
2026-09-19 00:43:24,069 [WARNING] music_app: {"action": "Cover art update failed", "album": "Comfortably Numb Sidebar Fixture 01", "artist": "Generated Problem Fixture", "elapsed_ms": 4206.26, "folder": "D:\\a\\_temp\\album-haven-e2e-functional-fixtures-cover-providers\\shared\\media\\Generated Problem Fixture\\Comfortably Numb Sidebar Fixture 01", "force_search": false, "reason": "remote_search_returned_no_candidate", "resolver_trace": [{"apple_http_trace": [{"context": "search:Generated Problem Fixture Comfortably Numb Sidebar Fixture 01 2023", "elapsed_ms": 786.6, "status": "success:200"}, {"context": "artist-id-search:Generated Problem Fixture", "elapsed_ms": 1753.59, "status": "success:200"}, {"context": "search:Generated Problem Fixture Comfortably Numb Sidebar Fixture 01", "elapsed_ms": 977.54, "status": "success:200"}, {"context": "artist-id-search:Generated Problem Fixture", "elapsed_ms": 682.78, "status": "success:200"}], "elapsed_ms": 4203.65, "resolver": "_search_apple", "status": "no_candidate"}], "status": "missing_cover_art"}
2026-09-19 00:43:24,113 [VERBOSE] music_app.services.cover_provider_http: Cover HTTP success service=apple context=artist-id-search:Generated Problem Fixture status=200 url=http://127.0.0.1:5302/itunes/search?term=Generated+Problem+Fixture&entity=musicArtist&limit=10 bytes=33
2026-09-19 00:43:24,114 [INFO] music_app.services.cover_refresh_provider: {"action": "Apple artist lookup results", "album": "Comfortably Numb Sidebar Fixture 02", "artist": "Generated Problem Fixture", "query_artist": "Generated Problem Fixture", "result_count": 0, "top_results": []}
2026-09-19 00:43:24,114 [VERBOSE] music_app: Cover fetch processed artist='Generated Problem Fixture' album='Comfortably Numb Sidebar Fixture 02' folder='D:\\a\\_temp\\album-haven-e2e-functional-fixtures-cover-providers\\shared\\media\\Generated Problem Fixture\\Comfortably Numb Sidebar Fixture 02' downloaded=False has_cover=False
2026-09-19 00:43:24,114 [WARNING] music_app: {"action": "Cover art update failed", "album": "Comfortably Numb Sidebar Fixture 02", "artist": "Generated Problem Fixture", "elapsed_ms": 4163.71, "folder": "D:\\a\\_temp\\album-haven-e2e-functional-fixtures-cover-providers\\shared\\media\\Generated Problem Fixture\\Comfortably Numb Sidebar Fixture 02", "force_search": false, "reason": "remote_search_returned_no_candidate", "resolver_trace": [{"apple_http_trace": [{"context": "search:Generated Problem Fixture Comfortably Numb Sidebar Fixture 02 2023", "elapsed_ms": 818.1, "status": "success:200"}, {"context": "artist-id-search:Generated Problem Fixture", "elapsed_ms": 1793.26, "status": "success:200"}, {"context": "search:Generated Problem Fixture Comfortably Numb Sidebar Fixture 02", "elapsed_ms": 749.73, "status": "success:200"}, {"context": "artist-id-search:Generated Problem Fixture", "elapsed_ms": 797.6, "status": "success:200"}], "elapsed_ms": 4161.27, "resolver": "_search_apple", "status": "no_candidate"}], "status": "missing_cover_art"}
2026-09-19 00:43:24,220 [VERBOSE] music_app.services.cover_provider_http: Cover HTTP success service=apple context=artist-id-search:Generated Problem Fixture status=200 url=http://127.0.0.1:5302/itunes/search?term=Generated+Problem+Fixture&entity=musicArtist&limit=10 bytes=33
2026-09-19 00:43:24,220 [INFO] music_app.services.cover_refresh_provider: {"action": "Apple artist lookup results", "album": "Comfortably Numb Sidebar Fixture 03", "artist": "Generated Problem Fixture", "query_artist": "Generated Problem Fixture", "result_count": 0, "top_results": []}
2026-09-19 00:43:24,220 [VERBOSE] music_app: Cover fetch processed artist='Generated Problem Fixture' album='Comfortably Numb Sidebar Fixture 03' folder='D:\\a\\_temp\\album-haven-e2e-functional-fixtures-cover-providers\\shared\\media\\Generated Problem Fixture\\Comfortably Numb Sidebar Fixture 03' downloaded=False has_cover=False
2026-09-19 00:43:24,220 [WARNING] music_app: {"action": "Cover art update failed", "album": "Comfortably Numb Sidebar Fixture 03", "artist": "Generated Problem Fixture", "elapsed_ms": 4195.04, "folder": "D:\\a\\_temp\\album-haven-e2e-functional-fixtures-cover-providers\\shared\\media\\Generated Problem Fixture\\Comfortably Numb Sidebar Fixture 03", "force_search": false, "reason": "remote_search_returned_no_candidate", "resolver_trace": [{"apple_http_trace": [{"context": "search:Generated Problem Fixture Comfortably Numb Sidebar Fixture 03 2023", "elapsed_ms": 809.91, "status": "success:200"}, {"context": "artist-id-search:Generated Problem Fixture", "elapsed_ms": 1864.03, "status": "success:200"}, {"context": "search:Generated Problem Fixture Comfortably Numb Sidebar Fixture 03", "elapsed_ms": 932.12, "status": "success:200"}, {"context": "artist-id-search:Generated Problem Fixture", "elapsed_ms": 583.0, "status": "success:200"}], "elapsed_ms": 4191.77, "resolver": "_search_apple", "status": "no_candidate"}], "status": "missing_cover_art"}
2026-09-19 00:43:24,246 [VERBOSE] music_app.services.cover_provider_http: Cover HTTP success service=apple context=artist-id-search:Generated Problem Fixture status=200 url=http://127.0.0.1:5302/itunes/search?term=Generated+Problem+Fixture&entity=musicArtist&limit=10 bytes=33
2026-09-19 00:43:24,246 [INFO] music_app.services.cover_refresh_provider: {"action": "Apple artist lookup results", "album": "Comfortably Numb Sidebar Fixture 04", "artist": "Generated Problem Fixture", "query_artist": "Generated Problem Fixture", "result_count": 0, "top_results": []}
2026-09-19 00:43:24,246 [VERBOSE] music_app: Cover fetch processed artist='Generated Problem Fixture' album='Comfortably Numb Sidebar Fixture 04' folder='D:\\a\\_temp\\album-haven-e2e-functional-fixtures-cover-providers\\shared\\media\\Generated Problem Fixture\\Comfortably Numb Sidebar Fixture 04' downloaded=False has_cover=False
2026-09-19 00:43:24,248 [WARNING] music_app: {"action": "Cover art update failed", "album": "Comfortably Numb Sidebar Fixture 04", "artist": "Generated Problem Fixture", "elapsed_ms": 4087.61, "folder": "D:\\a\\_temp\\album-haven-e2e-functional-fixtures-cover-providers\\shared\\media\\Generated Problem Fixture\\Comfortably Numb Sidebar Fixture 04", "force_search": false, "reason": "remote_search_returned_no_candidate", "resolver_trace": [{"apple_http_trace": [{"context": "search:Generated Problem Fixture Comfortably Numb Sidebar Fixture 04 2023", "elapsed_ms": 803.7, "status": "success:200"}, {"context": "artist-id-search:Generated Problem Fixture", "elapsed_ms": 1943.09, "status": "success:200"}, {"context": "search:Generated Problem Fixture Comfortably Numb Sidebar Fixture 04", "elapsed_ms": 809.34, "status": "success:200"}, {"context": "artist-id-search:Generated Problem Fixture", "elapsed_ms": 526.25, "status": "success:200"}], "elapsed_ms": 4085.17, "resolver": "_search_apple", "status": "no_candidate"}], "status": "missing_cover_art"}
2026-09-19 00:43:24,584 [VERBOSE] music_app.services.cover_provider_http: Cover HTTP success service=apple context=search:Generated Problem Fixture Comfortably Numb Sidebar Fixture 05 2023 status=200 url=http://127.0.0.1:5302/itunes/search?term=Generated+Problem+Fixture+Comfortably+Numb+Sidebar+Fixture+05+2023&entity=album&limit=20 bytes=33
2026-09-19 00:43:24,584 [VERBOSE] music_app.services.cover_refresh_provider: Apple raw search results query='Generated Problem Fixture Comfortably Numb Sidebar Fixture 05 2023' artist='Generated Problem Fixture' album='Comfortably Numb Sidebar Fixture 05' year=2023 results=[]
2026-09-19 00:43:24,584 [VERBOSE] music_app.services.cover_refresh_provider: Apple search results query='Generated Problem Fixture Comfortably Numb Sidebar Fixture 05 2023' count=0 top=[]
2026-09-19 00:43:24,584 [INFO] music_app.services.cover_refresh_provider: {"action": "Apple cover miss", "album": "Comfortably Numb Sidebar Fixture 05", "artist": "Generated Problem Fixture", "query_mode": "artist+album+year:native", "raw_result_count": 0, "raw_results_summary": [], "top_candidates": [], "year": 2023}
2026-09-19 00:43:24,634 [VERBOSE] music_app.services.cover_provider_http: Cover HTTP success service=apple context=search:Generated Problem Fixture Comfortably Numb Sidebar Fixture 06 2023 status=200 url=http://127.0.0.1:5302/itunes/search?term=Generated+Problem+Fixture+Comfortably+Numb+Sidebar+Fixture+06+2023&entity=album&limit=20 bytes=33
2026-09-19 00:43:24,634 [VERBOSE] music_app.services.cover_refresh_provider: Apple raw search results query='Generated Problem Fixture Comfortably Numb Sidebar Fixture 06 2023' artist='Generated Problem Fixture' album='Comfortably Numb Sidebar Fixture 06' year=2023 results=[]
2026-09-19 00:43:24,634 [VERBOSE] music_app.services.cover_refresh_provider: Apple search results query='Generated Problem Fixture Comfortably Numb Sidebar Fixture 06 2023' count=0 top=[]
2026-09-19 00:43:24,634 [INFO] music_app.services.cover_refresh_provider: {"action": "Apple cover miss", "album": "Comfortably Numb Sidebar Fixture 06", "artist": "Generated Problem Fixture", "query_mode": "artist+album+year:native", "raw_result_count": 0, "raw_results_summary": [], "top_candidates": [], "year": 2023}
2026-09-19 00:43:24,729 [VERBOSE] music_app.services.cover_provider_http: Cover HTTP success service=apple context=search:Generated Problem Fixture Comfortably Numb Sidebar Fixture 07 2023 status=200 url=http://127.0.0.1:5302/itunes/search?term=Generated+Problem+Fixture+Comfortably+Numb+Sidebar+Fixture+07+2023&entity=album&limit=20 bytes=33
2026-09-19 00:43:24,729 [VERBOSE] music_app.services.cover_refresh_provider: Apple raw search results query='Generated Problem Fixture Comfortably Numb Sidebar Fixture 07 2023' artist='Generated Problem Fixture' album='Comfortably Numb Sidebar Fixture 07' year=2023 results=[]
2026-09-19 00:43:24,729 [VERBOSE] music_app.services.cover_refresh_provider: Apple search results query='Generated Problem Fixture Comfortably Numb Sidebar Fixture 07 2023' count=0 top=[]
2026-09-19 00:43:24,729 [INFO] music_app.services.cover_refresh_provider: {"action": "Apple cover miss", "album": "Comfortably Numb Sidebar Fixture 07", "artist": "Generated Problem Fixture", "query_mode": "artist+album+year:native", "raw_result_count": 0, "raw_results_summary": [], "top_candidates": [], "year": 2023}
2026-09-19 00:43:24,765 [VERBOSE] music_app.services.cover_provider_http: Cover HTTP success service=apple context=search:Generated Problem Fixture Comfortably Numb Sidebar Fixture 08 2023 status=200 url=http://127.0.0.1:5302/itunes/search?term=Generated+Problem+Fixture+Comfortably+Numb+Sidebar+Fixture+08+2023&entity=album&limit=20 bytes=33
2026-09-19 00:43:24,765 [VERBOSE] music_app.services.cover_refresh_provider: Apple raw search results query='Generated Problem Fixture Comfortably Numb Sidebar Fixture 08 2023' artist='Generated Problem Fixture' album='Comfortably Numb Sidebar Fixture 08' year=2023 results=[]
2026-09-19 00:43:24,765 [VERBOSE] music_app.services.cover_refresh_provider: Apple search results query='Generated Problem Fixture Comfortably Numb Sidebar Fixture 08 2023' count=0 top=[]
2026-09-19 00:43:24,765 [INFO] music_app.services.cover_refresh_provider: {"action": "Apple cover miss", "album": "Comfortably Numb Sidebar Fixture 08", "artist": "Generated Problem Fixture", "query_mode": "artist+album+year:native", "raw_result_count": 0, "raw_results_summary": [], "top_candidates": [], "year": 2023}
2026-09-19 00:43:25,056 [VERBOSE] music_app.services.cover_provider_http: Cover HTTP success service=apple context=artist-id-search:Generated Problem Fixture status=200 url=http://127.0.0.1:5302/itunes/search?term=Generated+Problem+Fixture&entity=musicArtist&limit=10 bytes=33
2026-09-19 00:43:25,056 [INFO] music_app.services.cover_refresh_provider: {"action": "Apple artist lookup results", "album": "Comfortably Numb Sidebar Fixture 05", "artist": "Generated Problem Fixture", "query_artist": "Generated Problem Fixture", "result_count": 0, "top_results": []}
2026-09-19 00:43:25,122 [VERBOSE] music_app.services.cover_provider_http: Cover HTTP success service=apple context=artist-id-search:Generated Problem Fixture status=200 url=http://127.0.0.1:5302/itunes/search?term=Generated+Problem+Fixture&entity=musicArtist&limit=10 bytes=33
2026-09-19 00:43:25,123 [INFO] music_app.services.cover_refresh_provider: {"action": "Apple artist lookup results", "album": "Comfortably Numb Sidebar Fixture 06", "artist": "Generated Problem Fixture", "query_artist": "Generated Problem Fixture", "result_count": 0, "top_results": []}
2026-09-19 00:43:25,226 [VERBOSE] music_app.services.cover_provider_http: Cover HTTP success service=apple context=artist-id-search:Generated Problem Fixture status=200 url=http://127.0.0.1:5302/itunes/search?term=Generated+Problem+Fixture&entity=musicArtist&limit=10 bytes=33
2026-09-19 00:43:25,226 [INFO] music_app.services.cover_refresh_provider: {"action": "Apple artist lookup results", "album": "Comfortably Numb Sidebar Fixture 07", "artist": "Generated Problem Fixture", "query_artist": "Generated Problem Fixture", "result_count": 0, "top_results": []}
2026-09-19 00:43:25,290 [VERBOSE] music_app.services.cover_provider_http: Cover HTTP success service=apple context=artist-id-search:Generated Problem Fixture status=200 url=http://127.0.0.1:5302/itunes/search?term=Generated+Problem+Fixture&entity=musicArtist&limit=10 bytes=33
2026-09-19 00:43:25,290 [INFO] music_app.services.cover_refresh_provider: {"action": "Apple artist lookup results", "album": "Comfortably Numb Sidebar Fixture 08", "artist": "Generated Problem Fixture", "query_artist": "Generated Problem Fixture", "result_count": 0, "top_results": []}
2026-09-19 00:43:25,559 [VERBOSE] music_app.services.cover_provider_http: Cover HTTP success service=apple context=search:Generated Problem Fixture Comfortably Numb Sidebar Fixture 05 status=200 url=http://127.0.0.1:5302/itunes/search?term=Generated+Problem+Fixture+Comfortably+Numb+Sidebar+Fixture+05&entity=album&limit=20 bytes=33
2026-09-19 00:43:25,559 [VERBOSE] music_app.services.cover_refresh_provider: Apple raw search results query='Generated Problem Fixture Comfortably Numb Sidebar Fixture 05' artist='Generated Problem Fixture' album='Comfortably Numb Sidebar Fixture 05' year=2023 results=[]
2026-09-19 00:43:25,559 [VERBOSE] music_app.services.cover_refresh_provider: Apple search results query='Generated Problem Fixture Comfortably Numb Sidebar Fixture 05' count=0 top=[]
2026-09-19 00:43:25,559 [INFO] music_app.services.cover_refresh_provider: {"action": "Apple cover miss", "album": "Comfortably Numb Sidebar Fixture 05", "artist": "Generated Problem Fixture", "query_mode": "artist+album:native", "raw_result_count": 0, "raw_results_summary": [], "top_candidates": [], "year": 2023}
2026-09-19 00:43:25,612 [VERBOSE] music_app.services.cover_provider_http: Cover HTTP success service=apple context=search:Generated Problem Fixture Comfortably Numb Sidebar Fixture 06 status=200 url=http://127.0.0.1:5302/itunes/search?term=Generated+Problem+Fixture+Comfortably+Numb+Sidebar+Fixture+06&entity=album&limit=20 bytes=33
2026-09-19 00:43:25,612 [VERBOSE] music_app.services.cover_refresh_provider: Apple raw search results query='Generated Problem Fixture Comfortably Numb Sidebar Fixture 06' artist='Generated Problem Fixture' album='Comfortably Numb Sidebar Fixture 06' year=2023 results=[]
2026-09-19 00:43:25,612 [VERBOSE] music_app.services.cover_refresh_provider: Apple search results query='Generated Problem Fixture Comfortably Numb Sidebar Fixture 06' count=0 top=[]
2026-09-19 00:43:25,612 [INFO] music_app.services.cover_refresh_provider: {"action": "Apple cover miss", "album": "Comfortably Numb Sidebar Fixture 06", "artist": "Generated Problem Fixture", "query_mode": "artist+album:native", "raw_result_count": 0, "raw_results_summary": [], "top_candidates": [], "year": 2023}
2026-09-19 00:43:25,784 [VERBOSE] music_app.services.cover_provider_http: Cover HTTP success service=apple context=search:Generated Problem Fixture Comfortably Numb Sidebar Fixture 07 status=200 url=http://127.0.0.1:5302/itunes/search?term=Generated+Problem+Fixture+Comfortably+Numb+Sidebar+Fixture+07&entity=album&limit=20 bytes=33
2026-09-19 00:43:25,784 [VERBOSE] music_app.services.cover_refresh_provider: Apple raw search results query='Generated Problem Fixture Comfortably Numb Sidebar Fixture 07' artist='Generated Problem Fixture' album='Comfortably Numb Sidebar Fixture 07' year=2023 results=[]
2026-09-19 00:43:25,784 [VERBOSE] music_app.services.cover_refresh_provider: Apple search results query='Generated Problem Fixture Comfortably Numb Sidebar Fixture 07' count=0 top=[]
2026-09-19 00:43:25,784 [INFO] music_app.services.cover_refresh_provider: {"action": "Apple cover miss", "album": "Comfortably Numb Sidebar Fixture 07", "artist": "Generated Problem Fixture", "query_mode": "artist+album:native", "raw_result_count": 0, "raw_results_summary": [], "top_candidates": [], "year": 2023}
2026-09-19 00:43:25,802 [VERBOSE] music_app.services.cover_provider_http: Cover HTTP success service=apple context=search:Generated Problem Fixture Comfortably Numb Sidebar Fixture 08 status=200 url=http://127.0.0.1:5302/itunes/search?term=Generated+Problem+Fixture+Comfortably+Numb+Sidebar+Fixture+08&entity=album&limit=20 bytes=33
2026-09-19 00:43:25,802 [VERBOSE] music_app.services.cover_refresh_provider: Apple raw search results query='Generated Problem Fixture Comfortably Numb Sidebar Fixture 08' artist='Generated Problem Fixture' album='Comfortably Numb Sidebar Fixture 08' year=2023 results=[]
2026-09-19 00:43:25,802 [VERBOSE] music_app.services.cover_refresh_provider: Apple search results query='Generated Problem Fixture Comfortably Numb Sidebar Fixture 08' count=0 top=[]
2026-09-19 00:43:25,802 [INFO] music_app.services.cover_refresh_provider: {"action": "Apple cover miss", "album": "Comfortably Numb Sidebar Fixture 08", "artist": "Generated Problem Fixture", "query_mode": "artist+album:native", "raw_result_count": 0, "raw_results_summary": [], "top_candidates": [], "year": 2023}
2026-09-19 00:43:26,056 [VERBOSE] music_app.services.cover_provider_http: Cover HTTP success service=apple context=artist-id-search:Generated Problem Fixture status=200 url=http://127.0.0.1:5302/itunes/search?term=Generated+Problem+Fixture&entity=musicArtist&limit=10 bytes=33
2026-09-19 00:43:26,056 [INFO] music_app.services.cover_refresh_provider: {"action": "Apple artist lookup results", "album": "Comfortably Numb Sidebar Fixture 05", "artist": "Generated Problem Fixture", "query_artist": "Generated Problem Fixture", "result_count": 0, "top_results": []}
2026-09-19 00:43:26,057 [VERBOSE] music_app: Cover fetch processed artist='Generated Problem Fixture' album='Comfortably Numb Sidebar Fixture 05' folder='D:\\a\\_temp\\album-haven-e2e-functional-fixtures-cover-providers\\shared\\media\\Generated Problem Fixture\\Comfortably Numb Sidebar Fixture 05' downloaded=False has_cover=False
2026-09-19 00:43:26,057 [WARNING] music_app: {"action": "Cover art update failed", "album": "Comfortably Numb Sidebar Fixture 05", "artist": "Generated Problem Fixture", "elapsed_ms": 1986.43, "folder": "D:\\a\\_temp\\album-haven-e2e-functional-fixtures-cover-providers\\shared\\media\\Generated Problem Fixture\\Comfortably Numb Sidebar Fixture 05", "force_search": false, "reason": "remote_search_returned_no_candidate", "resolver_trace": [{"apple_http_trace": [{"context": "search:Generated Problem Fixture Comfortably Numb Sidebar Fixture 05 2023", "elapsed_ms": 509.63, "status": "success:200"}, {"context": "artist-id-search:Generated Problem Fixture", "elapsed_ms": 472.87, "status": "success:200"}, {"context": "search:Generated Problem Fixture Comfortably Numb Sidebar Fixture 05", "elapsed_ms": 500.39, "status": "success:200"}, {"context": "artist-id-search:Generated Problem Fixture", "elapsed_ms": 496.63, "status": "success:200"}], "elapsed_ms": 1981.83, "resolver": "_search_apple", "status": "no_candidate"}], "status": "missing_cover_art"}
2026-09-19 00:43:26,106 [VERBOSE] music_app.services.cover_provider_http: Cover HTTP success service=apple context=artist-id-search:Generated Problem Fixture status=200 url=http://127.0.0.1:5302/itunes/search?term=Generated+Problem+Fixture&entity=musicArtist&limit=10 bytes=33
2026-09-19 00:43:26,106 [INFO] music_app.services.cover_refresh_provider: {"action": "Apple artist lookup results", "album": "Comfortably Numb Sidebar Fixture 06", "artist": "Generated Problem Fixture", "query_artist": "Generated Problem Fixture", "result_count": 0, "top_results": []}
2026-09-19 00:43:26,106 [VERBOSE] music_app: Cover fetch processed artist='Generated Problem Fixture' album='Comfortably Numb Sidebar Fixture 06' folder='D:\\a\\_temp\\album-haven-e2e-functional-fixtures-cover-providers\\shared\\media\\Generated Problem Fixture\\Comfortably Numb Sidebar Fixture 06' downloaded=False has_cover=False
2026-09-19 00:43:26,106 [WARNING] music_app: {"action": "Cover art update failed", "album": "Comfortably Numb Sidebar Fixture 06", "artist": "Generated Problem Fixture", "elapsed_ms": 1992.39, "folder": "D:\\a\\_temp\\album-haven-e2e-functional-fixtures-cover-providers\\shared\\media\\Generated Problem Fixture\\Comfortably Numb Sidebar Fixture 06", "force_search": false, "reason": "remote_search_returned_no_candidate", "resolver_trace": [{"apple_http_trace": [{"context": "search:Generated Problem Fixture Comfortably Numb Sidebar Fixture 06 2023", "elapsed_ms": 516.16, "status": "success:200"}, {"context": "artist-id-search:Generated Problem Fixture", "elapsed_ms": 488.26, "status": "success:200"}, {"context": "search:Generated Problem Fixture Comfortably Numb Sidebar Fixture 06", "elapsed_ms": 488.72, "status": "success:200"}, {"context": "artist-id-search:Generated Problem Fixture", "elapsed_ms": 494.64, "status": "success:200"}], "elapsed_ms": 1989.95, "resolver": "_search_apple", "status": "no_candidate"}], "status": "missing_cover_art"}
2026-09-19 00:43:26,269 [VERBOSE] music_app.services.cover_provider_http: Cover HTTP success service=apple context=artist-id-search:Generated Problem Fixture status=200 url=http://127.0.0.1:5302/itunes/search?term=Generated+Problem+Fixture&entity=musicArtist&limit=10 bytes=33
2026-09-19 00:43:26,269 [INFO] music_app.services.cover_refresh_provider: {"action": "Apple artist lookup results", "album": "Comfortably Numb Sidebar Fixture 07", "artist": "Generated Problem Fixture", "query_artist": "Generated Problem Fixture", "result_count": 0, "top_results": []}
2026-09-19 00:43:26,270 [VERBOSE] music_app: Cover fetch processed artist='Generated Problem Fixture' album='Comfortably Numb Sidebar Fixture 07' folder='D:\\a\\_temp\\album-haven-e2e-functional-fixtures-cover-providers\\shared\\media\\Generated Problem Fixture\\Comfortably Numb Sidebar Fixture 07' downloaded=False has_cover=False
2026-09-19 00:43:26,270 [WARNING] music_app: {"action": "Cover art update failed", "album": "Comfortably Numb Sidebar Fixture 07", "artist": "Generated Problem Fixture", "elapsed_ms": 2048.44, "folder": "D:\\a\\_temp\\album-haven-e2e-functional-fixtures-cover-providers\\shared\\media\\Generated Problem Fixture\\Comfortably Numb Sidebar Fixture 07", "force_search": false, "reason": "remote_search_returned_no_candidate", "resolver_trace": [{"apple_http_trace": [{"context": "search:Generated Problem Fixture Comfortably Numb Sidebar Fixture 07 2023", "elapsed_ms": 505.87, "status": "success:200"}, {"context": "artist-id-search:Generated Problem Fixture", "elapsed_ms": 496.67, "status": "success:200"}, {"context": "search:Generated Problem Fixture Comfortably Numb Sidebar Fixture 07", "elapsed_ms": 556.71, "status": "success:200"}, {"context": "artist-id-search:Generated Problem Fixture", "elapsed_ms": 484.51, "status": "success:200"}], "elapsed_ms": 2045.99, "resolver": "_search_apple", "status": "no_candidate"}], "status": "missing_cover_art"}
2026-09-19 00:43:26,330 [VERBOSE] music_app.services.cover_provider_http: Cover HTTP success service=apple context=artist-id-search:Generated Problem Fixture status=200 url=http://127.0.0.1:5302/itunes/search?term=Generated+Problem+Fixture&entity=musicArtist&limit=10 bytes=33
2026-09-19 00:43:26,330 [INFO] music_app.services.cover_refresh_provider: {"action": "Apple artist lookup results", "album": "Comfortably Numb Sidebar Fixture 08", "artist": "Generated Problem Fixture", "query_artist": "Generated Problem Fixture", "result_count": 0, "top_results": []}
2026-09-19 00:43:26,330 [VERBOSE] music_app: Cover fetch processed artist='Generated Problem Fixture' album='Comfortably Numb Sidebar Fixture 08' folder='D:\\a\\_temp\\album-haven-e2e-functional-fixtures-cover-providers\\shared\\media\\Generated Problem Fixture\\Comfortably Numb Sidebar Fixture 08' downloaded=False has_cover=False
2026-09-19 00:43:26,330 [WARNING] music_app: {"action": "Cover art update failed", "album": "Comfortably Numb Sidebar Fixture 08", "artist": "Generated Problem Fixture", "elapsed_ms": 2083.6, "folder": "D:\\a\\_temp\\album-haven-e2e-functional-fixtures-cover-providers\\shared\\media\\Generated Problem Fixture\\Comfortably Numb Sidebar Fixture 08", "force_search": false, "reason": "remote_search_returned_no_candidate", "resolver_trace": [{"apple_http_trace": [{"context": "search:Generated Problem Fixture Comfortably Numb Sidebar Fixture 08 2023", "elapsed_ms": 515.17, "status": "success:200"}, {"context": "artist-id-search:Generated Problem Fixture", "elapsed_ms": 523.82, "status": "success:200"}, {"context": "search:Generated Problem Fixture Comfortably Numb Sidebar Fixture 08", "elapsed_ms": 511.84, "status": "success:200"}, {"context": "artist-id-search:Generated Problem Fixture", "elapsed_ms": 528.22, "status": "success:200"}], "elapsed_ms": 2081.19, "resolver": "_search_apple", "status": "no_candidate"}], "status": "missing_cover_art"}
2026-09-19 00:43:26,588 [VERBOSE] music_app.services.cover_provider_http: Cover HTTP success service=apple context=search:Generated Problem Fixture Encoding And Missing Metadata status=200 url=http://127.0.0.1:5302/itunes/search?term=Generated+Problem+Fixture+Encoding+And+Missing+Metadata&entity=album&limit=20 bytes=33
2026-09-19 00:43:26,588 [VERBOSE] music_app.services.cover_refresh_provider: Apple raw search results query='Generated Problem Fixture Encoding And Missing Metadata' artist='Generated Problem Fixture' album='Encoding And Missing Metadata' year=None results=[]
2026-09-19 00:43:26,588 [VERBOSE] music_app.services.cover_refresh_provider: Apple search results query='Generated Problem Fixture Encoding And Missing Metadata' count=0 top=[]
2026-09-19 00:43:26,588 [INFO] music_app.services.cover_refresh_provider: {"action": "Apple cover miss", "album": "Encoding And Missing Metadata", "artist": "Generated Problem Fixture", "query_mode": "artist+album:native", "raw_result_count": 0, "raw_results_summary": [], "top_candidates": [], "year": ""}
2026-09-19 00:43:26,649 [VERBOSE] music_app.services.cover_provider_http: Cover HTTP success service=apple context=search:Mastodon Crack The Skye 2009 status=200 url=http://127.0.0.1:5302/itunes/search?term=Mastodon+Crack+The+Skye+2009&entity=album&limit=20 bytes=33
2026-09-19 00:43:26,649 [VERBOSE] music_app.services.cover_refresh_provider: Apple raw search results query='Mastodon Crack The Skye 2009' artist='Mastodon' album='Crack The Skye' year=2009 results=[]
2026-09-19 00:43:26,649 [VERBOSE] music_app.services.cover_refresh_provider: Apple search results query='Mastodon Crack The Skye 2009' count=0 top=[]
2026-09-19 00:43:26,649 [INFO] music_app.services.cover_refresh_provider: {"action": "Apple cover miss", "album": "Crack The Skye", "artist": "Mastodon", "query_mode": "artist+album+year:native", "raw_result_count": 0, "raw_results_summary": [], "top_candidates": [], "year": 2009}
2026-09-19 00:43:26,742 [VERBOSE] music_app.services.cover_provider_http: Cover HTTP success service=apple context=search:Mastodon Crack The Skye Fixture 07 2009 status=200 url=http://127.0.0.1:5302/itunes/search?term=Mastodon+Crack+The+Skye+Fixture+07+2009&entity=album&limit=20 bytes=33
2026-09-19 00:43:26,742 [VERBOSE] music_app.services.cover_refresh_provider: Apple raw search results query='Mastodon Crack The Skye Fixture 07 2009' artist='Mastodon' album='Crack The Skye Fixture 07' year=2009 results=[]
2026-09-19 00:43:26,742 [VERBOSE] music_app.services.cover_refresh_provider: Apple search results query='Mastodon Crack The Skye Fixture 07 2009' count=0 top=[]
2026-09-19 00:43:26,742 [INFO] music_app.services.cover_refresh_provider: {"action": "Apple cover miss", "album": "Crack The Skye Fixture 07", "artist": "Mastodon", "query_mode": "artist+album+year:native", "raw_result_count": 0, "raw_results_summary": [], "top_candidates": [], "year": 2009}
2026-09-19 00:43:26,790 [VERBOSE] music_app.services.cover_provider_http: Cover HTTP success service=apple context=search:Mastodon Crack The Skye Fixture 08 2009 status=200 url=http://127.0.0.1:5302/itunes/search?term=Mastodon+Crack+The+Skye+Fixture+08+2009&entity=album&limit=20 bytes=33
2026-09-19 00:43:26,790 [VERBOSE] music_app.services.cover_refresh_provider: Apple raw search results query='Mastodon Crack The Skye Fixture 08 2009' artist='Mastodon' album='Crack The Skye Fixture 08' year=2009 results=[]
2026-09-19 00:43:26,790 [VERBOSE] music_app.services.cover_refresh_provider: Apple search results query='Mastodon Crack The Skye Fixture 08 2009' count=0 top=[]
2026-09-19 00:43:26,790 [INFO] music_app.services.cover_refresh_provider: {"action": "Apple cover miss", "album": "Crack The Skye Fixture 08", "artist": "Mastodon", "query_mode": "artist+album+year:native", "raw_result_count": 0, "raw_results_summary": [], "top_candidates": [], "year": 2009}
Album Haven production E2E app listening on http://127.0.0.1:5300 with 0 artists, 0 albums, 0 tracks, and provider fixtures on http://127.0.0.1:5302
2026-09-19 00:43:30,921 [INFO] music_app: Startup scan-cache hydration completed files=1090 albums=63
2026-09-19 00:43:32,237 [INFO] music_app: {"action": "Index request completed", "album_count": 0, "artist_count": 0, "bootstrap_mode": "fresh_preview", "covers_in_progress": false, "elapsed_ms": 485.65, "hydrate_in_progress": false, "payload_elapsed_ms": 285.48, "query": "", "scan_in_progress": false, "selected_artist": ""}
2026-09-19 00:43:36,499 [INFO] music_app: {"action": "Index request completed", "album_count": 0, "artist_count": 0, "bootstrap_mode": "full_view", "covers_in_progress": false, "elapsed_ms": 239.56, "hydrate_in_progress": false, "payload_elapsed_ms": 141.34, "query": "mastodon", "scan_in_progress": false, "selected_artist": "Mastodon"}
  [PASS] Restart the real app process and verify fresh card and detail hydration (15023 ms)
  [STEP] Reopen local covers and prove the selected bytes are active without a generated existing-cover copy
  [PASS] Reopen local covers and prove the selected bytes are active without a generated existing-cover copy (1476 ms)
  [STEP] Select a larger encoding of the active local art without creating another existing-cover copy
2026-09-19 00:43:42,148 [INFO] music_app: Problematic albums timing: {'kind': 'summary_payload', 'cache_status': 'miss', 'item_count': 19, 'elapsed_ms': 222.99}
2026-09-19 00:43:42,148 [INFO] music_app: {"action": "Local cover selection persisted", "album": "Crack The Skye", "album_rows_updated": 1, "artist": "Mastodon", "target_filename": "cover.jpg", "track_file_rows_updated": 18, "year": 2009}
  [PASS] Select a larger encoding of the active local art without creating another existing-cover copy (4301 ms)
  ok 1 [cover-rescan] › tests\e2e\specs\coverLookup.spec.js:598:1 › FTC-COVERS-011 selected local art remains authoritative after rescan and app restart @area:cover-providers (48.7s)
[album-haven-playwright-result] {"version":1,"phase":"tests-complete","nonce":"9f2fbbeb9b04e09b9b1f6da5c8a8d4ce6770d8bd4438725a1d852f57cc9dab4d","status":"passed","total":1,"completed":1,"failed":0,"skipped":0,"errors":0}



[album-haven-playwright-result] {"version":1,"phase":"run-final","nonce":"9f2fbbeb9b04e09b9b1f6da5c8a8d4ce6770d8bd4438725a1d852f57cc9dab4d","status":"passed","total":1,"completed":1,"failed":0,"skipped":0,"errors":0}
  1 passed (55.5s)

=== Playwright Summary ===
[✓] coverLookup.spec
  [✓] FTC-COVERS-011 selected local art remains authoritative after rescan and app restart @area:cover-providers

Overall: 1/1 passed
[playwright-wrapper-final-decision] {"wrapperExitCode":0,"attemptReturn":{"exitCode":0,"exitReason":"authoritative-pass"},"fakeDatabaseCleanup":{"status":"completed","error":null,"mode":"lock-only"},"scanAppCleanup":{"status":"not-required","error":null},"isolatedAppCleanup":{"status":"completed","error":null},"tempCleanup":{"status":"completed","error":null,"removedCount":1},"passivePortDiagnostics":[{"port":5300,"status":"completed","error":null,"ownerCount":0},{"port":5302,"status":"completed","error":null,"ownerCount":0}],"finalSummary":{"phase":"run-final","status":"passed","total":1,"completed":1,"failed":0,"skipped":0,"errors":0,"listOnly":false},"exitReason":"authoritative-pass"}
{"restored":1,"removed":0,"unchanged":1496}
Album Haven production E2E app listening on http://127.0.0.1:5300 with 0 artists, 0 albums, 0 tracks, and provider fixtures on http://127.0.0.1:5302
2026-09-19 00:44:18,494 [INFO] music_app: Startup scan-cache hydration completed files=7200 albums=400
2026-09-19 00:44:18,494 [INFO] music_app: Legacy album exclusions migrated albums=1 removed_rules=18 created_rules=1
2026-09-19 00:44:19,165 [INFO] music_app: Relation projection startup readiness ready=true rebuilt=true reason=missing_projection builder_version=local-relation-builder-v9 source_row_count=7438 duration_ms=629.90 source_load=163.32 fingerprint=63.22 pure_build=157.12 family_link_replacement=8.37 snapshot_publication=2.33
2026-09-19 00:44:20,514 [INFO] music_app: {"action": "Index request completed", "album_count": 0, "artist_count": 0, "bootstrap_mode": "fresh_preview", "covers_in_progress": false, "elapsed_ms": 491.17, "hydrate_in_progress": false, "payload_elapsed_ms": 210.3, "query": "", "scan_in_progress": false, "selected_artist": ""}

Running 1 test using 1 worker

2026-09-19 00:44:54,158 [INFO] music_app: {"action": "Index request completed", "album_count": 0, "artist_count": 0, "bootstrap_mode": "fresh_preview", "covers_in_progress": false, "elapsed_ms": 398.1, "hydrate_in_progress": false, "payload_elapsed_ms": 176.97, "query": "", "scan_in_progress": false, "selected_artist": ""}
[TEST] FTC-COVERS-019 manual lookup leaves the user-owned cover unchanged before Save
  [STEP] Open the user-owned album and capture its active cover
2026-09-19 00:44:58,013 [INFO] music_app: {"action": "Index request completed", "album_count": 0, "artist_count": 0, "bootstrap_mode": "fresh_preview", "covers_in_progress": false, "elapsed_ms": 310.38, "hydrate_in_progress": false, "payload_elapsed_ms": 171.12, "query": "", "scan_in_progress": false, "selected_artist": ""}
  [PASS] Open the user-owned album and capture its active cover (21046 ms)
  [STEP] Complete a manual all-provider lookup without changing the active cover before Save
2026-09-19 00:45:18,749 [INFO] music_app: {"action": "Cover lookup task queued", "album": "Crack The Skye Fixture 09", "artist": "Mastodon", "edition": "", "task_id": "5ce066f808bd4f12b76480ada00ccc93", "year": 2009}
2026-09-19 00:45:18,823 [INFO] music_app: {"action": "Cover lookup task started", "album": "Crack The Skye Fixture 09", "artist": "Mastodon", "edition": "", "task_id": "5ce066f808bd4f12b76480ada00ccc93", "track_count": 18, "year": 2009}
2026-09-19 00:45:19,130 [INFO] music_app.services.cover_provider_musicbrainz_caa: {"action": "Cover Art Archive lookup started", "album": "Crack The Skye Fixture 09", "artist": "Mastodon", "edition": "", "limit": 8, "query_parts": ["artist:\"Mastodon\"", "release:\"Crack The Skye Fixture 09\"", "date:2009"], "year": 2009}
2026-09-19 00:45:19,131 [INFO] music_app.services.cover_provider_musicbrainz_caa: {"action": "CAA code marker", "album": "Crack The Skye Fixture 09", "artist": "Mastodon", "marker": "2026-05-07-caa-ranked-release-search-v2"}
2026-09-19 00:45:19,133 [INFO] music_app.services.cover_provider_runtime: {"action": "Discogs search started", "album": "Crack The Skye Fixture 09", "artist": "Mastodon", "auth_enabled": false, "edition": "", "has_consumer_key": false, "has_consumer_secret": false, "year": 2009}
2026-09-19 00:45:19,150 [INFO] music_app.services.cover_provider_runtime: {"action": "Cover search provider started", "album": "Crack The Skye Fixture 09", "artist": "Mastodon", "service": "apple", "year": 2009}
2026-09-19 00:45:19,150 [INFO] music_app.services.cover_provider_musicbrainz_caa: {"action": "MusicBrainz release search query completed", "album": "Crack The Skye Fixture 09", "artist": "Mastodon", "context_prefix": "cover-art-archive-release-search", "had_payload": true, "mode": "precise", "result_count": 1}
2026-09-19 00:45:19,806 [VERBOSE] music_app.services.cover_provider_runtime: Cover HTTP success service=discogs context=database-search:master-artist-release status=200 url=http://127.0.0.1:5302/discogs/database/search?type=master&artist=Mastodon&release_title=Crack+The+Skye+Fixture+09&per_page=8&page=1&year=2009 bytes=489
2026-09-19 00:45:19,806 [INFO] music_app.services.cover_provider_runtime: {"action": "Discogs search query completed", "album": "Crack The Skye Fixture 09", "artist": "Mastodon", "payload_type": "dict", "query_mode": "master-artist-release", "raw_result_count": 1, "result_preview": [{"resource_url": "https://api.discogs.com/releases/900024", "title": "Mastodon - Crack The Skye Fixture 09", "type": "release", "year": 2009}], "search_artist": "Mastodon", "search_release_title": "Crack The Skye Fixture 09", "search_type": "master", "search_year": 2009, "year": 2009}
2026-09-19 00:45:19,810 [INFO] music_app.services.cover_provider_runtime: {"accepted_result_count": 1, "action": "Discogs search query filtered", "album": "Crack The Skye Fixture 09", "artist": "Mastodon", "query_mode": "master-artist-release", "raw_result_count": 1, "search_type": "master", "year": 2009}
2026-09-19 00:45:19,824 [VERBOSE] music_app.services.cover_provider_runtime: Cover HTTP success service=apple context=search:Mastodon Crack The Skye Fixture 09 2009 status=200 url=http://127.0.0.1:5302/itunes/search?term=Mastodon+Crack+The+Skye+Fixture+09+2009&entity=album&limit=20 bytes=557
2026-09-19 00:45:19,824 [VERBOSE] music_app.services.cover_provider_runtime: Apple raw search results query='Mastodon Crack The Skye Fixture 09 2009' artist='Mastodon' album='Crack The Skye Fixture 09' year=2009 results=[{'wrapperType': 'collection', 'collectionType': 'Album', 'artistId': 783996, 'collectionId': 984557, 'artistName': 'Mastodon', 'collectionName': 'Crack The Skye Fixture 09', 'collectionViewUrl': 'http://cover-fixture.example:5302/apple/album/user-owned-improvement-primary', 'artistViewUrl': 'http://cover-fixture.example:5302/apple/artist/user-owned-improvement-primary', 'artworkUrl100': 'http://cover-fixture.example:5302/apple/artwork/user-owned-improvement-primary/100x100bb.jpg', 'releaseDate': '2009-01-01T00:00:00Z'}]
2026-09-19 00:45:20,113 [VERBOSE] music_app.services.cover_provider_runtime: Cover HTTP success service=apple context=probe:api-sufficiency:Mastodon - Crack The Skye Fixture 09 status=200 url=http://cover-fixture.example:5302/apple/artwork/user-owned-improvement-primary/9999x9999-100.jpg bytes=6365793
2026-09-19 00:45:20,181 [VERBOSE] music_app.services.cover_provider_runtime: Cover HTTP success service=discogs context=database-search:master-q status=200 url=http://127.0.0.1:5302/discogs/database/search?type=master&q=Mastodon+Crack+The+Skye+Fixture+09+2009&per_page=8&page=1&year=2009 bytes=489
2026-09-19 00:45:20,181 [INFO] music_app.services.cover_provider_runtime: {"action": "Discogs search query completed", "album": "Crack The Skye Fixture 09", "artist": "Mastodon", "payload_type": "dict", "query_mode": "master-q", "raw_result_count": 1, "result_preview": [{"resource_url": "https://api.discogs.com/releases/900024", "title": "Mastodon - Crack The Skye Fixture 09", "type": "release", "year": 2009}], "search_artist": "", "search_release_title": "", "search_type": "master", "search_year": 2009, "year": 2009}
2026-09-19 00:45:20,181 [INFO] music_app.services.cover_provider_runtime: {"accepted_result_count": 0, "action": "Discogs search query filtered", "album": "Crack The Skye Fixture 09", "artist": "Mastodon", "query_mode": "master-q", "raw_result_count": 1, "search_type": "master", "year": 2009}
2026-09-19 00:45:20,207 [INFO] music_app.services.cover_provider_musicbrainz_caa: {"action": "MusicBrainz release search query completed", "album": "Crack The Skye Fixture 09", "artist": "Mastodon", "context_prefix": "cover-art-archive-release-search", "had_payload": true, "mode": "artist-release", "result_count": 1}
2026-09-19 00:45:20,320 [VERBOSE] music_app.services.cover_provider_runtime: Apple API artwork sufficient artist='Mastodon' album='Crack The Skye Fixture 09' year=2009 score=1.5900 width=4000 height=4000 sharpness=13.8329
2026-09-19 00:45:20,449 [VERBOSE] music_app.services.cover_provider_runtime: Cover HTTP success service=discogs context=database-search:release-artist-release status=200 url=http://127.0.0.1:5302/discogs/database/search?type=release&artist=Mastodon&release_title=Crack+The+Skye+Fixture+09&per_page=8&page=1&year=2009 bytes=489
2026-09-19 00:45:20,449 [INFO] music_app.services.cover_provider_runtime: {"action": "Discogs search query completed", "album": "Crack The Skye Fixture 09", "artist": "Mastodon", "payload_type": "dict", "query_mode": "release-artist-release", "raw_result_count": 1, "result_preview": [{"resource_url": "https://api.discogs.com/releases/900024", "title": "Mastodon - Crack The Skye Fixture 09", "type": "release", "year": 2009}], "search_artist": "Mastodon", "search_release_title": "Crack The Skye Fixture 09", "search_type": "release", "search_year": 2009, "year": 2009}
2026-09-19 00:45:20,449 [INFO] music_app.services.cover_provider_runtime: {"accepted_result_count": 0, "action": "Discogs search query filtered", "album": "Crack The Skye Fixture 09", "artist": "Mastodon", "query_mode": "release-artist-release", "raw_result_count": 1, "search_type": "release", "year": 2009}
2026-09-19 00:45:20,620 [VERBOSE] music_app.services.cover_provider_runtime: Cover HTTP success service=apple context=album-page:http://cover-fixture.example:5302/apple/album/user-owned-improvement-primary status=200 url=http://cover-fixture.example:5302/apple/album/user-owned-improvement-primary bytes=752
2026-09-19 00:45:20,622 [VERBOSE] music_app.services.cover_provider_runtime: Apple page artwork candidates page=http://cover-fixture.example:5302/apple/album/user-owned-improvement-primary count=1 candidates=['http://cover-fixture.example:5302/apple/artwork/user-owned-improvement-primary/9999x9999bb-100.jpg']
2026-09-19 00:45:20,622 [VERBOSE] music_app.services.cover_provider_runtime: Apple search results query='Mastodon Crack The Skye Fixture 09 2009' count=1 top=[{'score': 1.59, 'artist': 'Mastodon', 'album': 'Crack The Skye Fixture 09', 'year': 2009}]
2026-09-19 00:45:20,622 [VERBOSE] music_app.services.cover_provider_runtime: Cover candidate probe start source=apple artist='Mastodon' album='Crack The Skye Fixture 09' year=2009 query_mode=artist+album+year:native best_score=1.5900 cutoff=0.0000 contenders=[{'score': 1.59, 'url': 'http://cover-fixture.example:5302/apple/artwork/user-owned-improvement-primary/9999x9999-100.jpg'}]
2026-09-19 00:45:20,622 [VERBOSE] music_app.services.cover_provider_runtime: Cover candidate probe result source=apple artist='Mastodon' album='Crack The Skye Fixture 09' year=2009 result={'score': 1.59, 'width': 4000, 'height': 4000, 'area': 16000000, 'sharpness': 13.8329, 'album': 'Crack The Skye Fixture 09', 'artist': 'Mastodon', 'url': 'http://cover-fixture.example:5302/apple/artwork/user-owned-improvement-primary/9999x9999-100.jpg', 'year': 2009, 'variant': 'api-artwork', 'album_url': 'http://cover-fixture.example:5302/apple/album/user-owned-improvement-primary'}
2026-09-19 00:45:20,624 [INFO] music_app.services.cover_provider_runtime: Cover search provider completed service=apple artist='Mastodon' album='Crack The Skye Fixture 09' year=2009 candidates=1
2026-09-19 00:45:20,624 [INFO] music_app.services.cover_provider_runtime: {"acceptable_candidate_count": 1, "action": "Cover search provider completed", "album": "Crack The Skye Fixture 09", "artist": "Mastodon", "candidate_count": 1, "elapsed_ms": 1473.93, "service": "apple", "year": 2009}
2026-09-19 00:45:20,624 [INFO] music_app.services.cover_provider_runtime: {"acceptable_candidate_count": 1, "action": "Cover search primary services evaluated", "album": "Crack The Skye Fixture 09", "artist": "Mastodon", "primary_has_acceptable": true, "skip_spotify": true, "total_candidate_count": 1, "year": 2009}
2026-09-19 00:45:20,757 [INFO] music_app: {"action": "Cover lookup service candidates collected", "album": "Crack The Skye Fixture 09", "artist": "Mastodon", "candidate_count": 1, "manual_candidate_count": 0, "task_id": "5ce066f808bd4f12b76480ada00ccc93"}
2026-09-19 00:45:20,777 [VERBOSE] music_app.services.cover_provider_runtime: Cover HTTP success service=discogs context=database-search:release-q status=200 url=http://127.0.0.1:5302/discogs/database/search?type=release&q=Mastodon+Crack+The+Skye+Fixture+09+2009&per_page=8&page=1&year=2009 bytes=489
2026-09-19 00:45:20,778 [INFO] music_app.services.cover_provider_runtime: {"action": "Discogs search query completed", "album": "Crack The Skye Fixture 09", "artist": "Mastodon", "payload_type": "dict", "query_mode": "release-q", "raw_result_count": 1, "result_preview": [{"resource_url": "https://api.discogs.com/releases/900024", "title": "Mastodon - Crack The Skye Fixture 09", "type": "release", "year": 2009}], "search_artist": "", "search_release_title": "", "search_type": "release", "search_year": 2009, "year": 2009}
2026-09-19 00:45:20,778 [INFO] music_app.services.cover_provider_runtime: {"accepted_result_count": 0, "action": "Discogs search query filtered", "album": "Crack The Skye Fixture 09", "artist": "Mastodon", "query_mode": "release-q", "raw_result_count": 1, "search_type": "release", "year": 2009}
2026-09-19 00:45:20,877 [INFO] music_app: {"action": "Cover lookup Bandcamp search completed", "album": "Crack The Skye Fixture 09", "artist": "Mastodon", "candidate_count": 0, "task_id": "5ce066f808bd4f12b76480ada00ccc93"}
2026-09-19 00:45:21,090 [VERBOSE] music_app.services.cover_provider_runtime: Cover HTTP success service=discogs context=database-search:release-title-q status=200 url=http://127.0.0.1:5302/discogs/database/search?type=release&q=Crack+The+Skye+Fixture+09+2009&per_page=8&page=1&year=2009 bytes=480
2026-09-19 00:45:21,092 [INFO] music_app.services.cover_provider_runtime: {"action": "Discogs search query completed", "album": "Crack The Skye Fixture 09", "artist": "Mastodon", "payload_type": "dict", "query_mode": "release-title-q", "raw_result_count": 1, "result_preview": [{"resource_url": "https://api.discogs.com/releases/900001", "title": "Mastodon - Crack The Skye", "type": "release", "year": 2009}], "search_artist": "", "search_release_title": "", "search_type": "release", "search_year": 2009, "year": 2009}
2026-09-19 00:45:21,092 [INFO] music_app.services.cover_provider_runtime: {"accepted_result_count": 1, "action": "Discogs search query filtered", "album": "Crack The Skye Fixture 09", "artist": "Mastodon", "query_mode": "release-title-q", "raw_result_count": 1, "search_type": "release", "year": 2009}
2026-09-19 00:45:21,269 [INFO] music_app.services.cover_provider_musicbrainz_caa: {"action": "MusicBrainz release search query completed", "album": "Crack The Skye Fixture 09", "artist": "Mastodon", "context_prefix": "cover-art-archive-release-search", "had_payload": true, "mode": "release-only", "result_count": 1}
2026-09-19 00:45:21,271 [INFO] music_app.services.cover_provider_musicbrainz_caa: {"action": "Cover Art Archive release search completed", "album": "Crack The Skye Fixture 09", "artist": "Mastodon", "release_count": 1, "release_ids": ["cover-01-7500x7500-087120377c13"]}
2026-09-19 00:45:21,271 [INFO] music_app.services.cover_provider_musicbrainz_caa: {"action": "Cover Art Archive ranked release candidates", "album": "Crack The Skye Fixture 09", "artist": "Mastodon", "ranked_release_count": 1, "release_fetch_limit": 1, "releases": [{"artist": "Mastodon", "release_id": "cover-01-7500x7500-087120377c13", "score": 1.175, "title": "Crack The Skye", "year": 2009}], "year": 2009}
2026-09-19 00:45:21,271 [INFO] music_app.services.cover_provider_musicbrainz_caa: {"action": "Cover Art Archive release candidate accepted", "album": "Crack The Skye Fixture 09", "artist": "Mastodon", "release_artist": "Mastodon", "release_id": "cover-01-7500x7500-087120377c13", "release_score": 1.175, "release_title": "Crack The Skye", "release_year": 2009}
2026-09-19 00:45:21,470 [VERBOSE] music_app.services.cover_provider_runtime: Cover HTTP success service=discogs context=release:900024 status=200 url=http://127.0.0.1:5302/discogs/releases/900024 bytes=661
2026-09-19 00:45:21,470 [INFO] music_app.services.cover_provider_runtime: {"action": "Discogs detail evaluated", "album": "Crack The Skye Fixture 09", "artist": "Mastodon", "discogs_id": 900024, "discogs_type": "release", "image_count": 2, "main_release_requested": false, "query_mode": "master-artist-release", "score": 1.35, "title": "Mastodon - Crack The Skye Fixture 09", "variant": "database-search-release", "year": 2009}
2026-09-19 00:45:21,674 [VERBOSE] music_app.services.cover_provider_runtime: Cover HTTP success service=coverartarchive context=release-art:cover-01-7500x7500-087120377c13 status=200 url=http://127.0.0.1:5302/coverartarchive/release/cover-01-7500x7500-087120377c13 bytes=943
2026-09-19 00:45:21,674 [INFO] music_app.services.cover_provider_musicbrainz_caa: {"action": "Cover Art Archive payload diagnostics", "album": "Crack The Skye Fixture 09", "artist": "Mastodon", "has_images_key": true, "images_value_type": "list", "payload_keys": ["images", "release"], "payload_type": "dict", "release_id": "cover-01-7500x7500-087120377c13", "release_title": "Crack The Skye"}
2026-09-19 00:45:21,674 [INFO] music_app.services.cover_provider_musicbrainz_caa: {"action": "Cover Art Archive release images fetched", "album": "Crack The Skye Fixture 09", "artist": "Mastodon", "front_image_count": 1, "image_count": 2, "release_id": "cover-01-7500x7500-087120377c13", "release_title": "Crack The Skye"}
2026-09-19 00:45:21,674 [INFO] music_app.services.cover_provider_musicbrainz_caa: {"action": "Cover Art Archive lookup finished", "album": "Crack The Skye Fixture 09", "artist": "Mastodon", "candidate_count": 2, "candidates": [{"album": "Crack The Skye", "art_label": "Front cover", "artist": "Mastodon", "height": 7500, "release_mbid": "cover-01-7500x7500-087120377c13", "score": 1.175, "url": "http://cover-fixture.example:5302/coverartarchive/image/cover-01-7500x7500-087120377c13.jpg", "width": 7500, "year": 2009}, {"album": "Crack The Skye", "art_label": "Booklet", "artist": "Mastodon", "height": 6234, "release_mbid": "cover-01-7500x7500-087120377c13", "score": 1.175, "url": "http://cover-fixture.example:5302/manual/cover-01-7500x7500-087120377c13/other-art.jpg?source=cover_art_archive", "width": 3273, "year": 2009}], "release_fetch_limit": 1, "releases_examined": 1}
2026-09-19 00:45:21,761 [VERBOSE] music_app.services.cover_provider_runtime: Cover HTTP success service=discogs context=release:900001 status=200 url=http://127.0.0.1:5302/discogs/releases/900001 bytes=654
2026-09-19 00:45:21,761 [INFO] music_app.services.cover_provider_runtime: {"action": "Discogs detail evaluated", "album": "Crack The Skye Fixture 09", "artist": "Mastodon", "discogs_id": 900001, "discogs_type": "release", "image_count": 2, "main_release_requested": false, "query_mode": "release-title-q", "score": 0.935, "title": "Mastodon - Crack The Skye", "variant": "database-search-release", "year": 2009}
2026-09-19 00:45:21,761 [INFO] music_app.services.cover_provider_runtime: {"action": "Discogs search matches prepared", "album": "Crack The Skye Fixture 09", "artist": "Mastodon", "detail_attempt_count": 2, "expanded_master_count": 0, "prepared_match_count": 4, "prepared_matches": [{"album": "Crack The Skye Fixture 09", "artist": "Mastodon", "discogs_type": "release", "query_mode": "master-artist-release", "score": 1.35, "url": "http://cover-fixture.example:5302/covers/user-owned-improvement-primary.jpg", "year": 2009}, {"album": "Crack The Skye Fixture 09", "artist": "Mastodon", "discogs_type": "release", "query_mode": "master-artist-release", "score": 1.35, "url": "http://cover-fixture.example:5302/manual/user-owned-improvement-primary/other-art.jpg?source=discogs", "year": 2009}, {"album": "Crack The Skye", "artist": "Mastodon", "discogs_type": "release", "query_mode": "release-title-q", "score": 0.935, "url": "http://cover-fixture.example:5302/covers/cover-01-7500x7500-087120377c13.jpg", "year": 2009}, {"album": "Crack The Skye", "artist": "Mastodon", "discogs_type": "release", "query_mode": "release-title-q", "score": 0.935, "url": "http://cover-fixture.example:5302/manual/cover-01-7500x7500-087120377c13/other-art.jpg?source=discogs", "year": 2009}], "unique_ranked_result_count": 2, "year": 2009}
2026-09-19 00:45:21,761 [VERBOSE] music_app.services.cover_provider_runtime: Cover candidate probe start source=discogs artist='Mastodon' album='Crack The Skye Fixture 09' year=2009 query_mode=database-search best_score=1.3500 cutoff=0.0000 contenders=[{'score': 1.35, 'url': 'http://cover-fixture.example:5302/covers/user-owned-improvement-primary.jpg'}, {'score': 1.35, 'url': 'http://cover-fixture.example:5302/manual/user-owned-improvement-primary/other-art.jpg?source=discogs'}, {'score': 0.935, 'url': 'http://cover-fixture.example:5302/covers/cover-01-7500x7500-087120377c13.jpg'}, {'score': 0.935, 'url': 'http://cover-fixture.example:5302/manual/cover-01-7500x7500-087120377c13/other-art.jpg?source=discogs'}]
2026-09-19 00:45:22,003 [VERBOSE] music_app.services.cover_provider_runtime: Cover HTTP success service=discogs context=probe:database-search:Mastodon - Crack The Skye Fixture 09 status=200 url=http://cover-fixture.example:5302/covers/user-owned-improvement-primary.jpg bytes=6365793
2026-09-19 00:45:22,181 [VERBOSE] music_app.services.cover_provider_runtime: Cover candidate probe result source=discogs artist='Mastodon' album='Crack The Skye Fixture 09' year=2009 result={'score': 1.35, 'width': 4000, 'height': 4000, 'area': 16000000, 'sharpness': 13.8329, 'album': 'Crack The Skye Fixture 09', 'artist': 'Mastodon', 'url': 'http://cover-fixture.example:5302/covers/user-owned-improvement-primary.jpg', 'year': 2009, 'variant': 'database-search-release', 'album_url': 'https://www.discogs.com/release/900024'}
2026-09-19 00:45:22,719 [VERBOSE] music_app.services.cover_provider_runtime: Cover HTTP success service=discogs context=probe:database-search:Mastodon - Crack The Skye Fixture 09 status=200 url=http://cover-fixture.example:5302/manual/user-owned-improvement-primary/other-art.jpg?source=discogs bytes=8034518
2026-09-19 00:45:23,006 [VERBOSE] music_app.services.cover_provider_runtime: Cover candidate probe result source=discogs artist='Mastodon' album='Crack The Skye Fixture 09' year=2009 result={'score': 1.35, 'width': 3273, 'height': 6234, 'area': 20403882, 'sharpness': 7.3486, 'album': 'Crack The Skye Fixture 09', 'artist': 'Mastodon', 'url': 'http://cover-fixture.example:5302/manual/user-owned-improvement-primary/other-art.jpg?source=discogs', 'year': 2009, 'variant': 'database-search-release', 'album_url': 'https://www.discogs.com/release/900024'}
2026-09-19 00:45:23,470 [VERBOSE] music_app.services.cover_provider_runtime: Cover HTTP success service=discogs context=probe:database-search:Mastodon - Crack The Skye Fixture 09 status=200 url=http://cover-fixture.example:5302/covers/cover-01-7500x7500-087120377c13.jpg bytes=13333242
2026-09-19 00:45:24,099 [VERBOSE] music_app.services.cover_provider_runtime: Cover candidate probe result source=discogs artist='Mastodon' album='Crack The Skye Fixture 09' year=2009 result={'score': 0.935, 'width': 7500, 'height': 7500, 'area': 56250000, 'sharpness': 13.7795, 'album': 'Crack The Skye', 'artist': 'Mastodon', 'url': 'http://cover-fixture.example:5302/covers/cover-01-7500x7500-087120377c13.jpg', 'year': 2009, 'variant': 'database-search-release', 'album_url': 'https://www.discogs.com/release/900001'}
2026-09-19 00:45:24,458 [VERBOSE] music_app.services.cover_provider_runtime: Cover HTTP success service=discogs context=probe:database-search:Mastodon - Crack The Skye Fixture 09 status=200 url=http://cover-fixture.example:5302/manual/cover-01-7500x7500-087120377c13/other-art.jpg?source=discogs bytes=8034518
2026-09-19 00:45:24,639 [VERBOSE] music_app.services.cover_provider_runtime: Cover candidate probe result source=discogs artist='Mastodon' album='Crack The Skye Fixture 09' year=2009 result={'score': 0.935, 'width': 3273, 'height': 6234, 'area': 20403882, 'sharpness': 7.3486, 'album': 'Crack The Skye', 'artist': 'Mastodon', 'url': 'http://cover-fixture.example:5302/manual/cover-01-7500x7500-087120377c13/other-art.jpg?source=discogs', 'year': 2009, 'variant': 'database-search-release', 'album_url': 'https://www.discogs.com/release/900001'}
2026-09-19 00:45:24,639 [INFO] music_app.services.cover_provider_runtime: {"action": "Discogs search probe completed", "album": "Crack The Skye Fixture 09", "artist": "Mastodon", "prepared_match_count": 4, "probed_candidate_count": 4, "selected_urls": ["http://cover-fixture.example:5302/covers/user-owned-improvement-primary.jpg", "http://cover-fixture.example:5302/manual/user-owned-improvement-primary/other-art.jpg?source=discogs", "http://cover-fixture.example:5302/covers/cover-01-7500x7500-087120377c13.jpg", "http://cover-fixture.example:5302/manual/cover-01-7500x7500-087120377c13/other-art.jpg?source=discogs"], "year": 2009}
2026-09-19 00:45:24,643 [INFO] music_app: {"action": "Cover lookup CAA search completed", "album": "Crack The Skye Fixture 09", "artist": "Mastodon", "candidate_count": 2, "task_id": "5ce066f808bd4f12b76480ada00ccc93"}
2026-09-19 00:45:24,643 [INFO] music_app: {"action": "Cover lookup Discogs search completed", "album": "Crack The Skye Fixture 09", "artist": "Mastodon", "candidate_count": 4, "task_id": "5ce066f808bd4f12b76480ada00ccc93"}
2026-09-19 00:45:24,771 [INFO] music_app: {"action": "Cover lookup artist website search completed", "album": "Crack The Skye Fixture 09", "artist": "Mastodon", "candidate_count": 0, "task_id": "5ce066f808bd4f12b76480ada00ccc93"}
2026-09-19 00:45:29,390 [INFO] music_app: {"action": "Index request completed", "album_count": 0, "artist_count": 0, "bootstrap_mode": "fresh_preview", "covers_in_progress": false, "elapsed_ms": 284.86, "hydrate_in_progress": false, "payload_elapsed_ms": 168.27, "query": "", "scan_in_progress": false, "selected_artist": ""}
  [PASS] Complete a manual all-provider lookup without changing the active cover before Save (23572 ms)
  ok 1 [functional] › tests\e2e\specs\coverLookup.spec.js:1433:1 › FTC-COVERS-019 manual lookup leaves the user-owned cover unchanged before Save @area:cover-providers (45.2s)
[album-haven-playwright-result] {"version":1,"phase":"tests-complete","nonce":"492acaa6a80956203f07fc6cc13ae7eed6b3efbd249b221baf30252132d93d1b","status":"passed","total":1,"completed":1,"failed":0,"skipped":0,"errors":0}



[album-haven-playwright-result] {"version":1,"phase":"run-final","nonce":"492acaa6a80956203f07fc6cc13ae7eed6b3efbd249b221baf30252132d93d1b","status":"passed","total":1,"completed":1,"failed":0,"skipped":0,"errors":0}
  1 passed (53.3s)

=== Playwright Summary ===
[✓] coverLookup.spec
  [✓] FTC-COVERS-019 manual lookup leaves the user-owned cover unchanged before Save @area:cover-providers

Overall: 1/1 passed
[playwright-wrapper-final-decision] {"wrapperExitCode":0,"attemptReturn":{"exitCode":0,"exitReason":"authoritative-pass"},"fakeDatabaseCleanup":{"status":"completed","error":null,"mode":"lock-only"},"scanAppCleanup":{"status":"not-required","error":null},"isolatedAppCleanup":{"status":"completed","error":null},"tempCleanup":{"status":"completed","error":null,"removedCount":1},"passivePortDiagnostics":[{"port":5300,"status":"completed","error":null,"ownerCount":0},{"port":5302,"status":"completed","error":null,"ownerCount":0}],"finalSummary":{"phase":"run-final","status":"passed","total":1,"completed":1,"failed":0,"skipped":0,"errors":0,"listOnly":false},"exitReason":"authoritative-pass"}
{"restored":0,"removed":0,"unchanged":1497}
Album Haven production E2E app listening on http://127.0.0.1:5300 with 0 artists, 0 albums, 0 tracks, and provider fixtures on http://127.0.0.1:5302
2026-09-19 00:46:16,142 [INFO] music_app: Startup scan-cache hydration completed files=7200 albums=400
2026-09-19 00:46:16,142 [INFO] music_app: Legacy album exclusions migrated albums=1 removed_rules=18 created_rules=1
2026-09-19 00:46:16,815 [INFO] music_app: Relation projection startup readiness ready=true rebuilt=true reason=missing_projection builder_version=local-relation-builder-v9 source_row_count=7438 duration_ms=629.75 source_load=177.56 fingerprint=63.84 pure_build=155.91 family_link_replacement=8.17 snapshot_publication=1.86
2026-09-19 00:46:18,200 [INFO] music_app: {"action": "Index request completed", "album_count": 0, "artist_count": 0, "bootstrap_mode": "fresh_preview", "covers_in_progress": false, "elapsed_ms": 512.73, "hydrate_in_progress": false, "payload_elapsed_ms": 211.69, "query": "", "scan_in_progress": false, "selected_artist": ""}

Running 1 test using 1 worker

2026-09-19 00:46:50,547 [INFO] music_app: {"action": "Index request completed", "album_count": 0, "artist_count": 0, "bootstrap_mode": "fresh_preview", "covers_in_progress": false, "elapsed_ms": 522.44, "hydrate_in_progress": false, "payload_elapsed_ms": 268.51, "query": "", "scan_in_progress": false, "selected_artist": ""}
[TEST] FTC-COVERS-016 lookup matching rejects larger false Metallica releases before provider autoselection
  [STEP] Open the isolated Postgres Metallica album and its Cover Lookup Gallery
2026-09-19 00:46:54,310 [INFO] music_app: {"action": "Index request completed", "album_count": 0, "artist_count": 0, "bootstrap_mode": "fresh_preview", "covers_in_progress": false, "elapsed_ms": 314.59, "hydrate_in_progress": false, "payload_elapsed_ms": 177.42, "query": "", "scan_in_progress": false, "selected_artist": ""}
  [PASS] Open the isolated Postgres Metallica album and its Cover Lookup Gallery (21442 ms)
  [STEP] Run normal lookup against the deterministic mismatch provider result set
2026-09-19 00:47:15,568 [INFO] music_app: {"action": "Cover lookup task queued", "album": "Kill 'Em All", "artist": "Metallica", "edition": "", "task_id": "6634518ec363472798312442e7c10c5f", "year": 1983}
2026-09-19 00:47:15,630 [INFO] music_app: {"action": "Cover lookup task started", "album": "Kill 'Em All", "artist": "Metallica", "edition": "", "task_id": "6634518ec363472798312442e7c10c5f", "track_count": 18, "year": 1983}
2026-09-19 00:47:15,688 [INFO] music_app.services.cover_provider_runtime: {"action": "Cover search provider started", "album": "Kill 'Em All", "artist": "Metallica", "service": "apple", "year": 1983}
2026-09-19 00:47:15,933 [INFO] music_app.services.cover_provider_musicbrainz_caa: {"action": "Cover Art Archive lookup started", "album": "Kill 'Em All", "artist": "Metallica", "edition": "", "limit": 8, "query_parts": ["artist:\"Metallica\"", "release:\"Kill 'Em All\"", "date:1983"], "year": 1983}
2026-09-19 00:47:15,938 [INFO] music_app.services.cover_provider_musicbrainz_caa: {"action": "CAA code marker", "album": "Kill 'Em All", "artist": "Metallica", "marker": "2026-05-07-caa-ranked-release-search-v2"}
2026-09-19 00:47:16,004 [INFO] music_app.services.cover_provider_runtime: {"action": "Discogs search started", "album": "Kill 'Em All", "artist": "Metallica", "auth_enabled": false, "edition": "", "has_consumer_key": false, "has_consumer_secret": false, "year": 1983}
2026-09-19 00:47:16,006 [INFO] music_app.services.cover_provider_musicbrainz_caa: {"action": "MusicBrainz release search query completed", "album": "Kill 'Em All", "artist": "Metallica", "context_prefix": "cover-art-archive-release-search", "had_payload": true, "mode": "precise", "result_count": 12}
2026-09-19 00:47:17,143 [INFO] music_app.services.cover_provider_musicbrainz_caa: {"action": "MusicBrainz release search query completed", "album": "Kill 'Em All", "artist": "Metallica", "context_prefix": "cover-art-archive-release-search", "had_payload": true, "mode": "artist-release", "result_count": 12}
2026-09-19 00:47:17,171 [VERBOSE] music_app.services.cover_provider_runtime: Cover HTTP success service=apple context=search:Metallica Kill 'Em All 1983 status=200 url=http://127.0.0.1:5302/itunes/search?term=Metallica+Kill+%27Em+All+1983&entity=album&limit=20 bytes=6585
2026-09-19 00:47:17,173 [VERBOSE] music_app.services.cover_provider_runtime: Apple raw search results query="Metallica Kill 'Em All 1983" artist='Metallica' album="Kill 'Em All" year=1983 results=[{'wrapperType': 'collection', 'collectionType': 'Album', 'artistId': 672932, 'collectionId': 894245, 'artistName': 'Metallica', 'collectionName': 'Kill "Em" All', 'collectionViewUrl': 'http://cover-fixture.example:5302/apple/album/metallica-kill-em-all-base', 'artistViewUrl': 'http://cover-fixture.example:5302/apple/artist/metallica-kill-em-all-base', 'artworkUrl100': 'http://cover-fixture.example:5302/apple/artwork/metallica-kill-em-all-base/100x100bb.jpg', 'releaseDate': '1983-01-01T00:00:00Z'}, {'wrapperType': 'collection', 'collectionType': 'Album', 'artistId': 672932, 'collectionId': 132437, 'artistName': 'Metallica', 'collectionName': "Kill 'Em All (Deluxe Edition)", 'collectionViewUrl': 'http://cover-fixture.example:5302/apple/album/metallica-kill-em-all-deluxe', 'artistViewUrl': 'http://cover-fixture.example:5302/apple/artist/metallica-kill-em-all-deluxe', 'artworkUrl100': 'http://cover-fixture.example:5302/apple/artwork/metallica-kill-em-all-deluxe/100x100bb.jpg', 'releaseDate': '1983-01-01T00:00:00Z'}, {'wrapperType': 'collection', 'collectionType': 'Album', 'artistId': 672932, 'collectionId': 752629, 'artistName': 'Metallica', 'collectionName': 'Kill "Em" All (feat. Discrepancies) - Single', 'collectionViewUrl': 'http://cover-fixture.example:5302/apple/album/metallica-kill-em-all-false-single', 'artistViewUrl': 'http://cover-fixture.example:5302/apple/artist/metallica-kill-em-all-false-single', 'artworkUrl100': 'http://cover-fixture.example:5302/apple/artwork/metallica-kill-em-all-false-single/100x100bb.jpg', 'releaseDate': '1983-01-01T00:00:00Z'}, {'wrapperType': 'collection', 'collectionType': 'Album', 'artistId': 145245, 'collectionId': 377917, 'artistName': 'Metallica Tribute Band', 'collectionName': "Kill 'Em All", 'collectionViewUrl': 'http://cover-fixture.example:5302/apple/album/metallica-kill-em-all-false-tribute', 'artistViewUrl': 'http://cover-fixture.example:5302/apple/artist/metallica-kill-em-all-false-tribute', 'artworkUrl100': 'http://cover-fixture.example:5302/apple/artwork/metallica-kill-em-all-false-tribute/100x100bb.jpg', 'releaseDate': '1983-01-01T00:00:00Z'}, {'wrapperType': 'collection', 'collectionType': 'Album', 'artistId': 672932, 'collectionId': 910529, 'artistName': 'Metallica', 'collectionName': "Kill 'Em All - Remixed", 'collectionViewUrl': 'http://cover-fixture.example:5302/apple/album/metallica-kill-em-all-false-remix', 'artistViewUrl': 'http://cover-fixture.example:5302/apple/artist/metallica-kill-em-all-false-remix', 'artworkUrl100': 'http://cover-fixture.example:5302/apple/artwork/metallica-kill-em-all-false-remix/100x100bb.jpg', 'releaseDate': '1983-01-01T00:00:00Z'}, {'wrapperType': 'collection', 'collectionType': 'Album', 'artistId': 672932, 'collectionId': 628595, 'artistName': 'Metallica', 'collectionName': "Kill 'Em All (Featuring Discrepancies)", 'collectionViewUrl': 'http://cover-fixture.example:5302/apple/album/metallica-kill-em-all-false-featuring', 'artistViewUrl': 'http://cover-fixture.example:5302/apple/artist/metallica-kill-em-all-false-featuring', 'artworkUrl100': 'http://cover-fixture.example:5302/apple/artwork/metallica-kill-em-all-false-featuring/100x100bb.jpg', 'releaseDate': '1983-01-01T00:00:00Z'}, {'wrapperType': 'collection', 'collectionType': 'Album', 'artistId': 692650, 'collectionId': 49860, 'artistName': 'Megadeth', 'collectionName': "Kill 'Em All", 'collectionViewUrl': 'http://cover-fixture.example:5302/apple/album/metallica-kill-em-all-false-other-band', 'artistViewUrl': 'http://cover-fixture.example:5302/apple/artist/metallica-kill-em-all-false-other-band', 'artworkUrl100': 'http://cover-fixture.example:5302/apple/artwork/metallica-kill-em-all-false-other-band/100x100bb.jpg', 'releaseDate': '1983-01-01T00:00:00Z'}, {'wrapperType': 'collection', 'collectionType': 'Album', 'artistId': 14246, 'collectionId': 614106, 'artistName': 'Metallica feat. Discrepancies', 'collectionName': "Kill 'Em All", 'collectionViewUrl': 'http://cover-fixture.example:5302/apple/album/metallica-kill-em-all-false-featured-artist', 'artistViewUrl': 'http://cover-fixture.example:5302/apple/artist/metallica-kill-em-all-false-featured-artist', 'artworkUrl100': 'http://cover-fixture.example:5302/apple/artwork/metallica-kill-em-all-false-featured-artist/100x100bb.jpg', 'releaseDate': '1983-01-01T00:00:00Z'}, {'wrapperType': 'collection', 'collectionType': 'Album', 'artistId': 712124, 'collectionId': 261859, 'artistName': 'Metallica & Discrepancies', 'collectionName': "Kill 'Em All", 'collectionViewUrl': 'http://cover-fixture.example:5302/apple/album/metallica-kill-em-all-false-collaboration-artist', 'artistViewUrl': 'http://cover-fixture.example:5302/apple/artist/metallica-kill-em-all-false-collaboration-artist', 'artworkUrl100': 'http://cover-fixture.example:5302/apple/artwork/metallica-kill-em-all-false-collaboration-artist/100x100bb.jpg', 'releaseDate': '1983-01-01T00:00:00Z'}, {'wrapperType': 'collection', 'collectionType': 'Album', 'artistId': 144285, 'collectionId': 796327, 'artistName': 'Metallica Orchestra', 'collectionName': "Kill 'Em All", 'collectionViewUrl': 'http://cover-fixture.example:5302/apple/album/metallica-kill-em-all-false-orchestra', 'artistViewUrl': 'http://cover-fixture.example:5302/apple/artist/metallica-kill-em-all-false-orchestra', 'artworkUrl100': 'http://cover-fixture.example:5302/apple/artwork/metallica-kill-em-all-false-orchestra/100x100bb.jpg', 'releaseDate': '1983-01-01T00:00:00Z'}, {'wrapperType': 'collection', 'collectionType': 'Album', 'artistId': 192203, 'collectionId': 552980, 'artistName': 'Metallica Experience', 'collectionName': "Kill 'Em All", 'collectionViewUrl': 'http://cover-fixture.example:5302/apple/album/metallica-kill-em-all-false-experience', 'artistViewUrl': 'http://cover-fixture.example:5302/apple/artist/metallica-kill-em-all-false-experience', 'artworkUrl100': 'http://cover-fixture.example:5302/apple/artwork/metallica-kill-em-all-false-experience/100x100bb.jpg', 'releaseDate': '1983-01-01T00:00:00Z'}, {'wrapperType': 'collection', 'collectionType': 'Album', 'artistId': 963810, 'collectionId': 524217, 'artistName': 'The Metallica Project', 'collectionName': "Kill 'Em All", 'collectionViewUrl': 'http://cover-fixture.example:5302/apple/album/metallica-kill-em-all-false-project', 'artistViewUrl': 'http://cover-fixture.example:5302/apple/artist/metallica-kill-em-all-false-project', 'artworkUrl100': 'http://cover-fixture.example:5302/apple/artwork/metallica-kill-em-all-false-project/100x100bb.jpg', 'releaseDate': '1983-01-01T00:00:00Z'}]
2026-09-19 00:47:17,269 [VERBOSE] music_app.services.cover_provider_runtime: Cover HTTP success service=discogs context=database-search:master-artist-release status=200 url=http://127.0.0.1:5302/discogs/database/search?type=master&artist=Metallica&release_title=Kill+%27Em+All&per_page=8&page=1&year=1983 bytes=1875
2026-09-19 00:47:17,269 [INFO] music_app.services.cover_provider_runtime: {"action": "Discogs search query completed", "album": "Kill 'Em All", "artist": "Metallica", "payload_type": "dict", "query_mode": "master-artist-release", "raw_result_count": 4, "result_preview": [{"resource_url": "https://api.discogs.com/releases/900010", "title": "Metallica - Kill \"Em\" All", "type": "release", "year": 1983}, {"resource_url": "https://api.discogs.com/releases/900011", "title": "Metallica - Kill 'Em All (Deluxe Edition)", "type": "release", "year": 1983}, {"resource_url": "https://api.discogs.com/releases/900012", "title": "Metallica - Kill \"Em\" All (feat. Discrepancies) - Single", "type": "release", "year": 1983}, {"resource_url": "https://api.discogs.com/releases/900013", "title": "Metallica Tribute Band - Kill 'Em All", "type": "release", "year": 1983}], "search_artist": "Metallica", "search_release_title": "Kill 'Em All", "search_type": "master", "search_year": 1983, "year": 1983}
2026-09-19 00:47:17,271 [INFO] music_app.services.cover_provider_runtime: {"accepted_result_count": 2, "action": "Discogs search query filtered", "album": "Kill 'Em All", "artist": "Metallica", "query_mode": "master-artist-release", "raw_result_count": 4, "search_type": "master", "year": 1983}
2026-09-19 00:47:17,539 [VERBOSE] music_app.services.cover_provider_runtime: Cover HTTP success service=apple context=probe:api-sufficiency:Metallica - Kill 'Em All status=200 url=http://cover-fixture.example:5302/apple/artwork/metallica-kill-em-all-base/9999x9999-100.jpg bytes=625761
2026-09-19 00:47:17,622 [VERBOSE] music_app.services.cover_provider_runtime: Cover HTTP success service=discogs context=database-search:master-q status=200 url=http://127.0.0.1:5302/discogs/database/search?type=master&q=Metallica+Kill+%27Em+All+1983&per_page=8&page=1&year=1983 bytes=1875
2026-09-19 00:47:17,622 [INFO] music_app.services.cover_provider_runtime: {"action": "Discogs search query completed", "album": "Kill 'Em All", "artist": "Metallica", "payload_type": "dict", "query_mode": "master-q", "raw_result_count": 4, "result_preview": [{"resource_url": "https://api.discogs.com/releases/900010", "title": "Metallica - Kill \"Em\" All", "type": "release", "year": 1983}, {"resource_url": "https://api.discogs.com/releases/900011", "title": "Metallica - Kill 'Em All (Deluxe Edition)", "type": "release", "year": 1983}, {"resource_url": "https://api.discogs.com/releases/900012", "title": "Metallica - Kill \"Em\" All (feat. Discrepancies) - Single", "type": "release", "year": 1983}, {"resource_url": "https://api.discogs.com/releases/900013", "title": "Metallica Tribute Band - Kill 'Em All", "type": "release", "year": 1983}], "search_artist": "", "search_release_title": "", "search_type": "master", "search_year": 1983, "year": 1983}
2026-09-19 00:47:17,624 [INFO] music_app.services.cover_provider_runtime: {"accepted_result_count": 0, "action": "Discogs search query filtered", "album": "Kill 'Em All", "artist": "Metallica", "query_mode": "master-q", "raw_result_count": 4, "search_type": "master", "year": 1983}
2026-09-19 00:47:17,951 [VERBOSE] music_app.services.cover_provider_runtime: Cover HTTP success service=apple context=probe:api-sufficiency:Metallica - Kill 'Em All status=200 url=http://cover-fixture.example:5302/apple/artwork/metallica-kill-em-all-deluxe/9999x9999-100.jpg bytes=1113789
2026-09-19 00:47:18,029 [VERBOSE] music_app.services.cover_provider_runtime: Cover HTTP success service=discogs context=database-search:release-artist-release status=200 url=http://127.0.0.1:5302/discogs/database/search?type=release&artist=Metallica&release_title=Kill+%27Em+All&per_page=8&page=1&year=1983 bytes=1875
2026-09-19 00:47:18,029 [INFO] music_app.services.cover_provider_runtime: {"action": "Discogs search query completed", "album": "Kill 'Em All", "artist": "Metallica", "payload_type": "dict", "query_mode": "release-artist-release", "raw_result_count": 4, "result_preview": [{"resource_url": "https://api.discogs.com/releases/900010", "title": "Metallica - Kill \"Em\" All", "type": "release", "year": 1983}, {"resource_url": "https://api.discogs.com/releases/900011", "title": "Metallica - Kill 'Em All (Deluxe Edition)", "type": "release", "year": 1983}, {"resource_url": "https://api.discogs.com/releases/900012", "title": "Metallica - Kill \"Em\" All (feat. Discrepancies) - Single", "type": "release", "year": 1983}, {"resource_url": "https://api.discogs.com/releases/900013", "title": "Metallica Tribute Band - Kill 'Em All", "type": "release", "year": 1983}], "search_artist": "Metallica", "search_release_title": "Kill 'Em All", "search_type": "release", "search_year": 1983, "year": 1983}
2026-09-19 00:47:18,029 [INFO] music_app.services.cover_provider_runtime: {"accepted_result_count": 0, "action": "Discogs search query filtered", "album": "Kill 'Em All", "artist": "Metallica", "query_mode": "release-artist-release", "raw_result_count": 4, "search_type": "release", "year": 1983}
2026-09-19 00:47:18,210 [INFO] music_app.services.cover_provider_musicbrainz_caa: {"action": "MusicBrainz release search query completed", "album": "Kill 'Em All", "artist": "Metallica", "context_prefix": "cover-art-archive-release-search", "had_payload": true, "mode": "release-only", "result_count": 12}
2026-09-19 00:47:18,212 [INFO] music_app.services.cover_provider_musicbrainz_caa: {"action": "Cover Art Archive release search completed", "album": "Kill 'Em All", "artist": "Metallica", "release_count": 12, "release_ids": ["metallica-kill-em-all-base", "metallica-kill-em-all-deluxe", "metallica-kill-em-all-false-single", "metallica-kill-em-all-false-tribute", "metallica-kill-em-all-false-remix"]}
2026-09-19 00:47:18,214 [INFO] music_app.services.cover_provider_musicbrainz_caa: {"action": "Cover Art Archive ranked release candidates", "album": "Kill 'Em All", "artist": "Metallica", "ranked_release_count": 2, "release_fetch_limit": 2, "releases": [{"artist": "Metallica", "release_id": "metallica-kill-em-all-base", "score": 1.59, "title": "Kill \"Em\" All", "year": 1983}, {"artist": "Metallica", "release_id": "metallica-kill-em-all-deluxe", "score": 1.59, "title": "Kill 'Em All (Deluxe Edition)", "year": 1983}], "year": 1983}
2026-09-19 00:47:18,215 [INFO] music_app.services.cover_provider_musicbrainz_caa: {"action": "Cover Art Archive release candidate accepted", "album": "Kill 'Em All", "artist": "Metallica", "release_artist": "Metallica", "release_id": "metallica-kill-em-all-base", "release_score": 1.59, "release_title": "Kill \"Em\" All", "release_year": 1983}
2026-09-19 00:47:18,325 [VERBOSE] music_app.services.cover_provider_runtime: Cover HTTP success service=discogs context=database-search:release-q status=200 url=http://127.0.0.1:5302/discogs/database/search?type=release&q=Metallica+Kill+%27Em+All+1983&per_page=8&page=1&year=1983 bytes=1875
2026-09-19 00:47:18,325 [INFO] music_app.services.cover_provider_runtime: {"action": "Discogs search query completed", "album": "Kill 'Em All", "artist": "Metallica", "payload_type": "dict", "query_mode": "release-q", "raw_result_count": 4, "result_preview": [{"resource_url": "https://api.discogs.com/releases/900010", "title": "Metallica - Kill \"Em\" All", "type": "release", "year": 1983}, {"resource_url": "https://api.discogs.com/releases/900011", "title": "Metallica - Kill 'Em All (Deluxe Edition)", "type": "release", "year": 1983}, {"resource_url": "https://api.discogs.com/releases/900012", "title": "Metallica - Kill \"Em\" All (feat. Discrepancies) - Single", "type": "release", "year": 1983}, {"resource_url": "https://api.discogs.com/releases/900013", "title": "Metallica Tribute Band - Kill 'Em All", "type": "release", "year": 1983}], "search_artist": "", "search_release_title": "", "search_type": "release", "search_year": 1983, "year": 1983}
2026-09-19 00:47:18,325 [INFO] music_app.services.cover_provider_runtime: {"accepted_result_count": 0, "action": "Discogs search query filtered", "album": "Kill 'Em All", "artist": "Metallica", "query_mode": "release-q", "raw_result_count": 4, "search_type": "release", "year": 1983}
2026-09-19 00:47:18,371 [VERBOSE] music_app.services.cover_provider_runtime: Cover HTTP success service=apple context=album-page:http://cover-fixture.example:5302/apple/album/metallica-kill-em-all-base status=200 url=http://cover-fixture.example:5302/apple/album/metallica-kill-em-all-base bytes=738
2026-09-19 00:47:18,373 [VERBOSE] music_app.services.cover_provider_runtime: Apple page artwork candidates page=http://cover-fixture.example:5302/apple/album/metallica-kill-em-all-base count=1 candidates=['http://cover-fixture.example:5302/apple/artwork/metallica-kill-em-all-base/9999x9999bb-100.jpg']
2026-09-19 00:47:18,699 [VERBOSE] music_app.services.cover_provider_runtime: Cover HTTP success service=coverartarchive context=release-art:metallica-kill-em-all-base status=200 url=http://127.0.0.1:5302/coverartarchive/release/metallica-kill-em-all-base bytes=908
2026-09-19 00:47:18,699 [INFO] music_app.services.cover_provider_musicbrainz_caa: {"action": "Cover Art Archive payload diagnostics", "album": "Kill 'Em All", "artist": "Metallica", "has_images_key": true, "images_value_type": "list", "payload_keys": ["images", "release"], "payload_type": "dict", "release_id": "metallica-kill-em-all-base", "release_title": "Kill \"Em\" All"}
2026-09-19 00:47:18,699 [INFO] music_app.services.cover_provider_musicbrainz_caa: {"action": "Cover Art Archive release images fetched", "album": "Kill 'Em All", "artist": "Metallica", "front_image_count": 1, "image_count": 2, "release_id": "metallica-kill-em-all-base", "release_title": "Kill \"Em\" All"}
2026-09-19 00:47:18,700 [INFO] music_app.services.cover_provider_musicbrainz_caa: {"action": "Cover Art Archive release candidate accepted", "album": "Kill 'Em All", "artist": "Metallica", "release_artist": "Metallica", "release_id": "metallica-kill-em-all-deluxe", "release_score": 1.59, "release_title": "Kill 'Em All (Deluxe Edition)", "release_year": 1983}
2026-09-19 00:47:18,856 [VERBOSE] music_app.services.cover_provider_runtime: Cover HTTP success service=discogs context=database-search:release-title-q status=200 url=http://127.0.0.1:5302/discogs/database/search?type=release&q=Kill+%27Em+All+1983&per_page=8&page=1&year=1983 bytes=1875
2026-09-19 00:47:18,856 [INFO] music_app.services.cover_provider_runtime: {"action": "Discogs search query completed", "album": "Kill 'Em All", "artist": "Metallica", "payload_type": "dict", "query_mode": "release-title-q", "raw_result_count": 4, "result_preview": [{"resource_url": "https://api.discogs.com/releases/900010", "title": "Metallica - Kill \"Em\" All", "type": "release", "year": 1983}, {"resource_url": "https://api.discogs.com/releases/900011", "title": "Metallica - Kill 'Em All (Deluxe Edition)", "type": "release", "year": 1983}, {"resource_url": "https://api.discogs.com/releases/900012", "title": "Metallica - Kill \"Em\" All (feat. Discrepancies) - Single", "type": "release", "year": 1983}, {"resource_url": "https://api.discogs.com/releases/900013", "title": "Metallica Tribute Band - Kill 'Em All", "type": "release", "year": 1983}], "search_artist": "", "search_release_title": "", "search_type": "release", "search_year": 1983, "year": 1983}
2026-09-19 00:47:18,856 [INFO] music_app.services.cover_provider_runtime: {"accepted_result_count": 0, "action": "Discogs search query filtered", "album": "Kill 'Em All", "artist": "Metallica", "query_mode": "release-title-q", "raw_result_count": 4, "search_type": "release", "year": 1983}
2026-09-19 00:47:18,919 [VERBOSE] music_app.services.cover_provider_runtime: Cover HTTP success service=apple context=album-page:http://cover-fixture.example:5302/apple/album/metallica-kill-em-all-deluxe status=200 url=http://cover-fixture.example:5302/apple/album/metallica-kill-em-all-deluxe bytes=797
2026-09-19 00:47:18,920 [VERBOSE] music_app.services.cover_provider_runtime: Apple page artwork candidates page=http://cover-fixture.example:5302/apple/album/metallica-kill-em-all-deluxe count=1 candidates=['http://cover-fixture.example:5302/apple/artwork/metallica-kill-em-all-deluxe/9999x9999bb-100.jpg']
2026-09-19 00:47:18,921 [VERBOSE] music_app.services.cover_provider_runtime: Apple search results query="Metallica Kill 'Em All 1983" count=2 top=[{'score': 1.59, 'artist': 'Metallica', 'album': 'Kill "Em" All', 'year': 1983}, {'score': 1.59, 'artist': 'Metallica', 'album': "Kill 'Em All (Deluxe Edition)", 'year': 1983}]
2026-09-19 00:47:18,921 [VERBOSE] music_app.services.cover_provider_runtime: Cover candidate probe start source=apple artist='Metallica' album="Kill 'Em All" year=1983 query_mode=artist+album+year:native best_score=1.5900 cutoff=0.0000 contenders=[{'score': 1.59, 'url': 'http://cover-fixture.example:5302/apple/artwork/metallica-kill-em-all-base/9999x9999-100.jpg'}, {'score': 1.59, 'url': 'http://cover-fixture.example:5302/apple/artwork/metallica-kill-em-all-deluxe/9999x9999-100.jpg'}]
2026-09-19 00:47:19,098 [VERBOSE] music_app.services.cover_provider_runtime: Cover HTTP success service=coverartarchive context=release-art:metallica-kill-em-all-deluxe status=200 url=http://127.0.0.1:5302/coverartarchive/release/metallica-kill-em-all-deluxe bytes=922
2026-09-19 00:47:19,098 [INFO] music_app.services.cover_provider_musicbrainz_caa: {"action": "Cover Art Archive payload diagnostics", "album": "Kill 'Em All", "artist": "Metallica", "has_images_key": true, "images_value_type": "list", "payload_keys": ["images", "release"], "payload_type": "dict", "release_id": "metallica-kill-em-all-deluxe", "release_title": "Kill 'Em All (Deluxe Edition)"}
2026-09-19 00:47:19,098 [INFO] music_app.services.cover_provider_musicbrainz_caa: {"action": "Cover Art Archive release images fetched", "album": "Kill 'Em All", "artist": "Metallica", "front_image_count": 1, "image_count": 2, "release_id": "metallica-kill-em-all-deluxe", "release_title": "Kill 'Em All (Deluxe Edition)"}
2026-09-19 00:47:19,098 [INFO] music_app.services.cover_provider_musicbrainz_caa: {"action": "Cover Art Archive lookup finished", "album": "Kill 'Em All", "artist": "Metallica", "candidate_count": 4, "candidates": [{"album": "Kill \"Em\" All", "art_label": "Front cover", "artist": "Metallica", "height": 1000, "release_mbid": "metallica-kill-em-all-base", "score": 1.59, "url": "http://cover-fixture.example:5302/coverartarchive/image/metallica-kill-em-all-base.jpg", "width": 1000, "year": 1983}, {"album": "Kill \"Em\" All", "art_label": "Booklet", "artist": "Metallica", "height": 6819, "release_mbid": "metallica-kill-em-all-base", "score": 1.59, "url": "http://cover-fixture.example:5302/manual/metallica-kill-em-all-base/other-art.jpg?source=cover_art_archive", "width": 2937, "year": 1983}, {"album": "Kill 'Em All (Deluxe Edition)", "art_label": "Front cover", "artist": "Metallica", "height": 1400, "release_mbid": "metallica-kill-em-all-deluxe", "score": 1.59, "url": "http://cover-fixture.example:5302/coverartarchive/image/metallica-kill-em-all-deluxe.jpg", "width": 1400, "year": 1983}, {"album": "Kill 'Em All (Deluxe Edition)", "art_label": "Booklet", "artist": "Metallica", "height": 6819, "release_mbid": "metallica-kill-em-all-deluxe", "score": 1.59, "url": "http://cover-fixture.example:5302/manual/metallica-kill-em-all-deluxe/other-art.jpg?source=cover_art_archive", "width": 2937, "year": 1983}], "release_fetch_limit": 2, "releases_examined": 2}
2026-09-19 00:47:19,240 [VERBOSE] music_app.services.cover_provider_runtime: Cover HTTP success service=discogs context=release:900010 status=200 url=http://127.0.0.1:5302/discogs/releases/900010 bytes=636
2026-09-19 00:47:19,240 [INFO] music_app.services.cover_provider_runtime: {"action": "Discogs detail evaluated", "album": "Kill 'Em All", "artist": "Metallica", "discogs_id": 900010, "discogs_type": "release", "image_count": 2, "main_release_requested": false, "query_mode": "master-artist-release", "score": 1.35, "title": "Metallica - Kill \"Em\" All", "variant": "database-search-release", "year": 1983}
2026-09-19 00:47:19,316 [VERBOSE] music_app.services.cover_provider_runtime: Cover HTTP success service=apple context=probe:artist+album+year:native:Metallica - Kill 'Em All status=200 url=http://cover-fixture.example:5302/apple/artwork/metallica-kill-em-all-base/9999x9999-100.jpg bytes=625761
2026-09-19 00:47:19,385 [VERBOSE] music_app.services.cover_provider_runtime: Cover candidate probe result source=apple artist='Metallica' album="Kill 'Em All" year=1983 result={'score': 1.59, 'width': 1000, 'height': 1000, 'area': 1000000, 'sharpness': 14.2576, 'album': 'Kill "Em" All', 'artist': 'Metallica', 'url': 'http://cover-fixture.example:5302/apple/artwork/metallica-kill-em-all-base/9999x9999-100.jpg', 'year': 1983, 'variant': 'api-artwork', 'album_url': 'http://cover-fixture.example:5302/apple/album/metallica-kill-em-all-base'}
2026-09-19 00:47:19,644 [VERBOSE] music_app.services.cover_provider_runtime: Cover HTTP success service=discogs context=release:900011 status=200 url=http://127.0.0.1:5302/discogs/releases/900011 bytes=658
2026-09-19 00:47:19,644 [INFO] music_app.services.cover_provider_runtime: {"action": "Discogs detail evaluated", "album": "Kill 'Em All", "artist": "Metallica", "discogs_id": 900011, "discogs_type": "release", "image_count": 2, "main_release_requested": false, "query_mode": "master-artist-release", "score": 1.35, "title": "Metallica - Kill 'Em All (Deluxe Edition)", "variant": "database-search-release", "year": 1983}
2026-09-19 00:47:19,644 [INFO] music_app.services.cover_provider_runtime: {"action": "Discogs search matches prepared", "album": "Kill 'Em All", "artist": "Metallica", "detail_attempt_count": 2, "expanded_master_count": 0, "prepared_match_count": 4, "prepared_matches": [{"album": "Kill \"Em\" All", "artist": "Metallica", "discogs_type": "release", "query_mode": "master-artist-release", "score": 1.35, "url": "http://cover-fixture.example:5302/covers/metallica-kill-em-all-base.jpg", "year": 1983}, {"album": "Kill \"Em\" All", "artist": "Metallica", "discogs_type": "release", "query_mode": "master-artist-release", "score": 1.35, "url": "http://cover-fixture.example:5302/manual/metallica-kill-em-all-base/other-art.jpg?source=discogs", "year": 1983}, {"album": "Kill 'Em All (Deluxe Edition)", "artist": "Metallica", "discogs_type": "release", "query_mode": "master-artist-release", "score": 1.35, "url": "http://cover-fixture.example:5302/covers/metallica-kill-em-all-deluxe.jpg", "year": 1983}, {"album": "Kill 'Em All (Deluxe Edition)", "artist": "Metallica", "discogs_type": "release", "query_mode": "master-artist-release", "score": 1.35, "url": "http://cover-fixture.example:5302/manual/metallica-kill-em-all-deluxe/other-art.jpg?source=discogs", "year": 1983}], "unique_ranked_result_count": 2, "year": 1983}
2026-09-19 00:47:19,644 [VERBOSE] music_app.services.cover_provider_runtime: Cover candidate probe start source=discogs artist='Metallica' album="Kill 'Em All" year=1983 query_mode=database-search best_score=1.3500 cutoff=0.0000 contenders=[{'score': 1.35, 'url': 'http://cover-fixture.example:5302/covers/metallica-kill-em-all-base.jpg'}, {'score': 1.35, 'url': 'http://cover-fixture.example:5302/manual/metallica-kill-em-all-base/other-art.jpg?source=discogs'}, {'score': 1.35, 'url': 'http://cover-fixture.example:5302/covers/metallica-kill-em-all-deluxe.jpg'}, {'score': 1.35, 'url': 'http://cover-fixture.example:5302/manual/metallica-kill-em-all-deluxe/other-art.jpg?source=discogs'}]
2026-09-19 00:47:19,723 [VERBOSE] music_app.services.cover_provider_runtime: Cover HTTP success service=apple context=probe:artist+album+year:native:Metallica - Kill 'Em All status=200 url=http://cover-fixture.example:5302/apple/artwork/metallica-kill-em-all-deluxe/9999x9999-100.jpg bytes=1113789
2026-09-19 00:47:19,788 [VERBOSE] music_app.services.cover_provider_runtime: Cover candidate probe result source=apple artist='Metallica' album="Kill 'Em All" year=1983 result={'score': 1.59, 'width': 1400, 'height': 1400, 'area': 1960000, 'sharpness': 14.0516, 'album': "Kill 'Em All (Deluxe Edition)", 'artist': 'Metallica', 'url': 'http://cover-fixture.example:5302/apple/artwork/metallica-kill-em-all-deluxe/9999x9999-100.jpg', 'year': 1983, 'variant': 'api-artwork', 'album_url': 'http://cover-fixture.example:5302/apple/album/metallica-kill-em-all-deluxe'}
2026-09-19 00:47:19,788 [INFO] music_app.services.cover_provider_runtime: Cover search provider completed service=apple artist='Metallica' album="Kill 'Em All" year=1983 candidates=1
2026-09-19 00:47:19,788 [INFO] music_app.services.cover_provider_runtime: {"acceptable_candidate_count": 1, "action": "Cover search provider completed", "album": "Kill 'Em All", "artist": "Metallica", "candidate_count": 1, "elapsed_ms": 4101.9, "service": "apple", "year": 1983}
2026-09-19 00:47:19,790 [INFO] music_app.services.cover_provider_runtime: {"acceptable_candidate_count": 1, "action": "Cover search primary services evaluated", "album": "Kill 'Em All", "artist": "Metallica", "primary_has_acceptable": true, "skip_spotify": true, "total_candidate_count": 1, "year": 1983}
2026-09-19 00:47:19,909 [INFO] music_app: {"action": "Cover lookup service candidates collected", "album": "Kill 'Em All", "artist": "Metallica", "candidate_count": 1, "manual_candidate_count": 0, "task_id": "6634518ec363472798312442e7c10c5f"}
2026-09-19 00:47:19,990 [VERBOSE] music_app.services.cover_provider_runtime: Cover HTTP success service=discogs context=probe:database-search:Metallica - Kill 'Em All status=200 url=http://cover-fixture.example:5302/covers/metallica-kill-em-all-base.jpg bytes=625761
2026-09-19 00:47:20,030 [VERBOSE] music_app.services.cover_provider_runtime: Cover candidate probe result source=discogs artist='Metallica' album="Kill 'Em All" year=1983 result={'score': 1.35, 'width': 1000, 'height': 1000, 'area': 1000000, 'sharpness': 14.2576, 'album': 'Kill "Em" All', 'artist': 'Metallica', 'url': 'http://cover-fixture.example:5302/covers/metallica-kill-em-all-base.jpg', 'year': 1983, 'variant': 'database-search-release', 'album_url': 'https://www.discogs.com/release/900010'}
2026-09-19 00:47:20,048 [INFO] music_app: {"action": "Cover lookup Bandcamp search completed", "album": "Kill 'Em All", "artist": "Metallica", "candidate_count": 0, "task_id": "6634518ec363472798312442e7c10c5f"}
2026-09-19 00:47:20,265 [VERBOSE] music_app.services.cover_provider_runtime: Cover HTTP success service=discogs context=probe:database-search:Metallica - Kill 'Em All status=200 url=http://cover-fixture.example:5302/manual/metallica-kill-em-all-base/other-art.jpg?source=discogs bytes=12841716
2026-09-19 00:47:20,935 [VERBOSE] music_app.services.cover_provider_runtime: Cover candidate probe result source=discogs artist='Metallica' album="Kill 'Em All" year=1983 result={'score': 1.35, 'width': 2937, 'height': 6819, 'area': 20027403, 'sharpness': 5.0668, 'album': 'Kill "Em" All', 'artist': 'Metallica', 'url': 'http://cover-fixture.example:5302/manual/metallica-kill-em-all-base/other-art.jpg?source=discogs', 'year': 1983, 'variant': 'database-search-release', 'album_url': 'https://www.discogs.com/release/900010'}
2026-09-19 00:47:21,136 [VERBOSE] music_app.services.cover_provider_runtime: Cover HTTP success service=discogs context=probe:database-search:Metallica - Kill 'Em All status=200 url=http://cover-fixture.example:5302/covers/metallica-kill-em-all-deluxe.jpg bytes=1113789
2026-09-19 00:47:21,179 [VERBOSE] music_app.services.cover_provider_runtime: Cover candidate probe result source=discogs artist='Metallica' album="Kill 'Em All" year=1983 result={'score': 1.35, 'width': 1400, 'height': 1400, 'area': 1960000, 'sharpness': 14.0516, 'album': "Kill 'Em All (Deluxe Edition)", 'artist': 'Metallica', 'url': 'http://cover-fixture.example:5302/covers/metallica-kill-em-all-deluxe.jpg', 'year': 1983, 'variant': 'database-search-release', 'album_url': 'https://www.discogs.com/release/900011'}
2026-09-19 00:47:21,433 [VERBOSE] music_app.services.cover_provider_runtime: Cover HTTP success service=discogs context=probe:database-search:Metallica - Kill 'Em All status=200 url=http://cover-fixture.example:5302/manual/metallica-kill-em-all-deluxe/other-art.jpg?source=discogs bytes=12841716
2026-09-19 00:47:22,203 [VERBOSE] music_app.services.cover_provider_runtime: Cover candidate probe result source=discogs artist='Metallica' album="Kill 'Em All" year=1983 result={'score': 1.35, 'width': 2937, 'height': 6819, 'area': 20027403, 'sharpness': 5.0668, 'album': "Kill 'Em All (Deluxe Edition)", 'artist': 'Metallica', 'url': 'http://cover-fixture.example:5302/manual/metallica-kill-em-all-deluxe/other-art.jpg?source=discogs', 'year': 1983, 'variant': 'database-search-release', 'album_url': 'https://www.discogs.com/release/900011'}
2026-09-19 00:47:22,203 [INFO] music_app.services.cover_provider_runtime: {"action": "Discogs search probe completed", "album": "Kill 'Em All", "artist": "Metallica", "prepared_match_count": 4, "probed_candidate_count": 4, "selected_urls": ["http://cover-fixture.example:5302/covers/metallica-kill-em-all-base.jpg", "http://cover-fixture.example:5302/manual/metallica-kill-em-all-base/other-art.jpg?source=discogs", "http://cover-fixture.example:5302/covers/metallica-kill-em-all-deluxe.jpg", "http://cover-fixture.example:5302/manual/metallica-kill-em-all-deluxe/other-art.jpg?source=discogs"], "year": 1983}
2026-09-19 00:47:22,206 [INFO] music_app: {"action": "Cover lookup CAA search completed", "album": "Kill 'Em All", "artist": "Metallica", "candidate_count": 4, "task_id": "6634518ec363472798312442e7c10c5f"}
2026-09-19 00:47:22,206 [INFO] music_app: {"action": "Cover lookup Discogs search completed", "album": "Kill 'Em All", "artist": "Metallica", "candidate_count": 4, "task_id": "6634518ec363472798312442e7c10c5f"}
2026-09-19 00:47:22,318 [INFO] music_app: {"action": "Cover lookup artist website search completed", "album": "Kill 'Em All", "artist": "Metallica", "candidate_count": 0, "task_id": "6634518ec363472798312442e7c10c5f"}
  [PASS] Run normal lookup against the deterministic mismatch provider result set (9569 ms)
  [STEP] Require provider filtering to prefer only the base or legitimate deluxe release
  [PASS] Require provider filtering to prefer only the base or legitimate deluxe release (2322 ms)
  ok 1 [functional] › tests\e2e\specs\coverLookupMatching.spec.js:58:1 › FTC-COVERS-016 lookup matching rejects larger false Metallica releases before provider autoselection @area:cover-providers (34.7s)
[album-haven-playwright-result] {"version":1,"phase":"tests-complete","nonce":"81c1bfc6d34c2467a61ec78588b8c12254e12cf1d8df0135594772e2666b88e0","status":"passed","total":1,"completed":1,"failed":0,"skipped":0,"errors":0}



[album-haven-playwright-result] {"version":1,"phase":"run-final","nonce":"81c1bfc6d34c2467a61ec78588b8c12254e12cf1d8df0135594772e2666b88e0","status":"passed","total":1,"completed":1,"failed":0,"skipped":0,"errors":0}
  1 passed (42.7s)

=== Playwright Summary ===
[✓] coverLookupMatching.spec
  [✓] FTC-COVERS-016 lookup matching rejects larger false Metallica releases before provider autoselection @area:cover-providers

Overall: 1/1 passed
[playwright-wrapper-final-decision] {"wrapperExitCode":0,"attemptReturn":{"exitCode":0,"exitReason":"authoritative-pass"},"fakeDatabaseCleanup":{"status":"completed","error":null,"mode":"lock-only"},"scanAppCleanup":{"status":"not-required","error":null},"isolatedAppCleanup":{"status":"completed","error":null},"tempCleanup":{"status":"completed","error":null,"removedCount":1},"passivePortDiagnostics":[{"port":5300,"status":"completed","error":null,"ownerCount":0},{"port":5302,"status":"completed","error":null,"ownerCount":0}],"finalSummary":{"phase":"run-final","status":"passed","total":1,"completed":1,"failed":0,"skipped":0,"errors":0,"listOnly":false},"exitReason":"authoritative-pass"}
{"restored":0,"removed":0,"unchanged":1497}
Album Haven production E2E app listening on http://127.0.0.1:5300 with 0 artists, 0 albums, 0 tracks, and provider fixtures on http://127.0.0.1:5302
2026-09-19 00:48:00,511 [INFO] music_app: Startup scan-cache hydration completed files=7200 albums=400
2026-09-19 00:48:00,511 [INFO] music_app: Legacy album exclusions migrated albums=1 removed_rules=18 created_rules=1
2026-09-19 00:48:01,020 [INFO] music_app: Relation projection startup readiness ready=true rebuilt=true reason=missing_projection builder_version=local-relation-builder-v9 source_row_count=7438 duration_ms=472.09 source_load=137.94 fingerprint=62.04 pure_build=156.22 family_link_replacement=8.06 snapshot_publication=1.83
2026-09-19 00:48:02,303 [INFO] music_app: {"action": "Index request completed", "album_count": 0, "artist_count": 0, "bootstrap_mode": "fresh_preview", "covers_in_progress": false, "elapsed_ms": 454.15, "hydrate_in_progress": false, "payload_elapsed_ms": 212.44, "query": "", "scan_in_progress": false, "selected_artist": ""}

Running 1 test using 1 worker

2026-09-19 00:48:30,590 [INFO] music_app: {"action": "Index request completed", "album_count": 0, "artist_count": 0, "bootstrap_mode": "fresh_preview", "covers_in_progress": false, "elapsed_ms": 295.92, "hydrate_in_progress": false, "payload_elapsed_ms": 170.92, "query": "", "scan_in_progress": false, "selected_artist": ""}
[TEST] FTC-PLAYBACK-LASTFM-015 browser timezone is auto-detected and persisted exactly once
  [STEP] Confirm pre-start fixture seeding and record the managed-browser IANA timezone
  [PASS] Confirm pre-start fixture seeding and record the managed-browser IANA timezone (36 ms)
  [STEP] Open the Postgres-backed Last.fm integration with no saved timezone
2026-09-19 00:48:33,742 [INFO] music_app: {"action": "Index request completed", "album_count": 0, "artist_count": 0, "bootstrap_mode": "fresh_preview", "covers_in_progress": false, "elapsed_ms": 352.06, "hydrate_in_progress": false, "payload_elapsed_ms": 239.91, "query": "", "scan_in_progress": false, "selected_artist": ""}
  [PASS] Open the Postgres-backed Last.fm integration with no saved timezone (4281 ms)
  [STEP] Reload the production app and retain the saved timezone without another write
2026-09-19 00:48:38,076 [INFO] music_app: {"action": "Index request completed", "album_count": 0, "artist_count": 0, "bootstrap_mode": "fresh_preview", "covers_in_progress": false, "elapsed_ms": 294.04, "hydrate_in_progress": false, "payload_elapsed_ms": 177.51, "query": "", "scan_in_progress": false, "selected_artist": ""}
  [PASS] Reload the production app and retain the saved timezone without another write (3584 ms)
  ok 1 [lastfm-auto-timezone] › tests\e2e\specs\lastfmAutoTimezone.spec.js:3:1 › FTC-PLAYBACK-LASTFM-015 browser timezone is auto-detected and persisted exactly once @area:playback (8.2s)
[album-haven-playwright-result] {"version":1,"phase":"tests-complete","nonce":"ad60a4ee740d7e4a8e5bb7691dabc0b68d162d96acd2e414dacd61379eba50f2","status":"passed","total":1,"completed":1,"failed":0,"skipped":0,"errors":0}



[album-haven-playwright-result] {"version":1,"phase":"run-final","nonce":"ad60a4ee740d7e4a8e5bb7691dabc0b68d162d96acd2e414dacd61379eba50f2","status":"passed","total":1,"completed":1,"failed":0,"skipped":0,"errors":0}
  1 passed (14.9s)

=== Playwright Summary ===
[✓] lastfmAutoTimezone.spec
  [✓] FTC-PLAYBACK-LASTFM-015 browser timezone is auto-detected and persisted exactly once @area:playback

Overall: 1/1 passed
[playwright-wrapper-final-decision] {"wrapperExitCode":0,"attemptReturn":{"exitCode":0,"exitReason":"authoritative-pass"},"fakeDatabaseCleanup":{"status":"completed","error":null,"mode":"lock-only"},"scanAppCleanup":{"status":"not-required","error":null},"isolatedAppCleanup":{"status":"completed","error":null},"tempCleanup":{"status":"completed","error":null,"removedCount":1},"passivePortDiagnostics":[{"port":5300,"status":"completed","error":null,"ownerCount":0},{"port":5302,"status":"completed","error":null,"ownerCount":0}],"finalSummary":{"phase":"run-final","status":"passed","total":1,"completed":1,"failed":0,"skipped":0,"errors":0,"listOnly":false},"exitReason":"authoritative-pass"}
{"restored":0,"removed":0,"unchanged":1497}
{"files":1497}
##[error]Process completed with exit code 1.
##[group]Run $statePath = "D:\a\_temp\album-haven-functional-cover-providers.state.json"
$statePath = "D:\a\_temp\album-haven-functional-cover-providers.state.json"
if (Test-Path -LiteralPath $statePath -PathType Leaf) {
  .\scripts\ci\bootstrap-windows-postgres.ps1 `
    -Mode Teardown `
    -ExpectedMajorVersion 17 `
    -Pgbin $env:PGBIN `
    -HostName 127.0.0.1 `
    -DatabaseSuffix "f_35408558207_1_1" `
    -StatePath "D:\a\_temp\album-haven-functional-cover-providers.state.json"
}
shell: C:\Program Files\PowerShell\7\pwsh.EXE -command ". '{0}'"
env:
  ALBUM_HAVEN_EXPECTED_FFMPEG_VERSION: 7.1-essentials_build-www.gyan.dev
  ALBUM_HAVEN_FIXTURE_RELEASE: fixtures-v1.0.23
  ALBUM_HAVEN_FIXTURE_PROFILE: functional-core
  ALBUM_HAVEN_FIXTURE_ROOT: D:\a\_temp\album-haven-e2e-functional-fixtures-cover-providers\shared
  ALBUM_HAVEN_MEDIA_ROOT: D:\a\_temp\album-haven-e2e-functional-fixtures-cover-providers\shared\media
  pythonLocation: C:\hostedtoolcache\windows\Python\3.11.9\x64
  PKG_CONFIG_PATH: C:\hostedtoolcache\windows\Python\3.11.9\x64/lib/pkgconfig
  Python_ROOT_DIR: C:\hostedtoolcache\windows\Python\3.11.9\x64
  Python2_ROOT_DIR: C:\hostedtoolcache\windows\Python\3.11.9\x64
  Python3_ROOT_DIR: C:\hostedtoolcache\windows\Python\3.11.9\x64
  ALBUM_HAVEN_FUNCTIONAL_FIXTURE_WORK_ROOT: D:\a\_temp\album-haven-e2e-functional-fixtures-cover-providers
  ALBUM_HAVEN_FUNCTIONAL_SOURCE_FIXTURE_ROOT: D:\a\_temp\album-haven-fixtures-c166a7ae018c4afda9abaacbe6b50cc6
  PGPASSFILE: D:\a\_temp\album-haven-postgres-f_35408558207_1_1.pgpass
  ALBUM_HAVEN_CI_DATABASE: album_haven_ci_f_35408558207_1_1
  DATABASE_MIGRATOR_URL: postgresql://album_haven_migrator_f_35408558207_1_1@127.0.0.1/album_haven_ci_f_35408558207_1_1
  DATABASE_APP_URL: postgresql://album_haven_app_f_35408558207_1_1@127.0.0.1/album_haven_ci_f_35408558207_1_1
  DATABASE_READONLY_URL: postgresql://album_haven_readonly_f_35408558207_1_1@127.0.0.1/album_haven_ci_f_35408558207_1_1
  ALBUM_HAVEN_FAKE_E2E_SETUP_DATABASE_URL: postgresql://album_haven_migrator_f_35408558207_1_1@127.0.0.1/album_haven_ci_f_35408558207_1_1
  ALBUM_HAVEN_FAKE_E2E_DATABASE_URL: postgresql://album_haven_app_f_35408558207_1_1@127.0.0.1/album_haven_ci_f_35408558207_1_1
  ALBUM_HAVEN_APP_DATABASE_URL: postgresql://album_haven_app_f_35408558207_1_1@127.0.0.1/album_haven_ci_f_35408558207_1_1
##[endgroup]
 pg_terminate_backend 
----------------------
(0 rows)

DROP DATABASE
DROP ROLE
DROP ROLE
DROP ROLE
Node 20 is being deprecated. This workflow is running with Node 24 by default. If you need to temporarily use Node 20, you can set the ACTIONS_ALLOW_USE_UNSECURE_NODE_VERSION=true environment variable. For more information see: https://github.blog/changelog/2025-09-19-deprecation-of-node-20-on-github-actions-runners/
##[group]Run actions/upload-artifact@v4
with:
  name: foundation-versions-functional-cover-providers-1
  path: D:\a\_temp\foundation-version-manifest-functional-cover-providers.json
  if-no-files-found: error
  retention-days: 14
  compression-level: 6
  overwrite: false
  include-hidden-files: false
env:
  ALBUM_HAVEN_EXPECTED_FFMPEG_VERSION: 7.1-essentials_build-www.gyan.dev
  ALBUM_HAVEN_FIXTURE_RELEASE: fixtures-v1.0.23
  ALBUM_HAVEN_FIXTURE_PROFILE: functional-core
  ALBUM_HAVEN_FIXTURE_ROOT: D:\a\_temp\album-haven-e2e-functional-fixtures-cover-providers\shared
  ALBUM_HAVEN_MEDIA_ROOT: D:\a\_temp\album-haven-e2e-functional-fixtures-cover-providers\shared\media
  pythonLocation: C:\hostedtoolcache\windows\Python\3.11.9\x64
  PKG_CONFIG_PATH: C:\hostedtoolcache\windows\Python\3.11.9\x64/lib/pkgconfig
  Python_ROOT_DIR: C:\hostedtoolcache\windows\Python\3.11.9\x64
  Python2_ROOT_DIR: C:\hostedtoolcache\windows\Python\3.11.9\x64
  Python3_ROOT_DIR: C:\hostedtoolcache\windows\Python\3.11.9\x64
  ALBUM_HAVEN_FUNCTIONAL_FIXTURE_WORK_ROOT: D:\a\_temp\album-haven-e2e-functional-fixtures-cover-providers
  ALBUM_HAVEN_FUNCTIONAL_SOURCE_FIXTURE_ROOT: D:\a\_temp\album-haven-fixtures-c166a7ae018c4afda9abaacbe6b50cc6
  PGPASSFILE: D:\a\_temp\album-haven-postgres-f_35408558207_1_1.pgpass
  ALBUM_HAVEN_CI_DATABASE: album_haven_ci_f_35408558207_1_1
  DATABASE_MIGRATOR_URL: postgresql://album_haven_migrator_f_35408558207_1_1@127.0.0.1/album_haven_ci_f_35408558207_1_1
  DATABASE_APP_URL: postgresql://album_haven_app_f_35408558207_1_1@127.0.0.1/album_haven_ci_f_35408558207_1_1
  DATABASE_READONLY_URL: postgresql://album_haven_readonly_f_35408558207_1_1@127.0.0.1/album_haven_ci_f_35408558207_1_1
  ALBUM_HAVEN_FAKE_E2E_SETUP_DATABASE_URL: postgresql://album_haven_migrator_f_35408558207_1_1@127.0.0.1/album_haven_ci_f_35408558207_1_1
  ALBUM_HAVEN_FAKE_E2E_DATABASE_URL: postgresql://album_haven_app_f_35408558207_1_1@127.0.0.1/album_haven_ci_f_35408558207_1_1
  ALBUM_HAVEN_APP_DATABASE_URL: postgresql://album_haven_app_f_35408558207_1_1@127.0.0.1/album_haven_ci_f_35408558207_1_1
##[endgroup]
(node:5068) [DEP0040] DeprecationWarning: The `punycode` module is deprecated. Please use a userland alternative instead.
(Use `node --trace-deprecation ...` to show where the warning was created)
With the provided path, there will be 1 file uploaded
Artifact name is valid!
Root directory input is valid!
Beginning upload of artifact content to blob storage
(node:5068) [DEP0169] DeprecationWarning: `url.parse()` behavior is not standardized and prone to errors that have security implications. Use the WHATWG URL API instead. CVEs are not issued for `url.parse()` vulnerabilities.
Uploaded bytes 539
Finished uploading artifact content to blob storage!
SHA256 digest of uploaded artifact zip is 9e1aeb34e00f21e799ce64459fcb56cd71677a66ff1a9b3eac8dc973e37c81cb
Finalizing artifact upload
Artifact foundation-versions-functional-cover-providers-1.zip successfully finalized. Artifact ID 10573921494
Artifact foundation-versions-functional-cover-providers-1 has been successfully uploaded! Final size is 539 bytes. Artifact ID is 10573921494
Artifact download URL: https://github.com/idanilovqa/AlbumHaven/actions/runs/35408558207/artifacts/10573921494
Node 20 is being deprecated. This workflow is running with Node 24 by default. If you need to temporarily use Node 20, you can set the ACTIONS_ALLOW_USE_UNSECURE_NODE_VERSION=true environment variable. For more information see: https://github.blog/changelog/2025-09-19-deprecation-of-node-20-on-github-actions-runners/
##[group]Run actions/upload-artifact@v4
with:
  name: functional-blob-cover-providers-1
  path: D:\a\_temp\functional-blobs-cover-providers
  if-no-files-found: error
  retention-days: 14
  compression-level: 6
  overwrite: false
  include-hidden-files: false
env:
  ALBUM_HAVEN_EXPECTED_FFMPEG_VERSION: 7.1-essentials_build-www.gyan.dev
  ALBUM_HAVEN_FIXTURE_RELEASE: fixtures-v1.0.23
  ALBUM_HAVEN_FIXTURE_PROFILE: functional-core
  ALBUM_HAVEN_FIXTURE_ROOT: D:\a\_temp\album-haven-e2e-functional-fixtures-cover-providers\shared
  ALBUM_HAVEN_MEDIA_ROOT: D:\a\_temp\album-haven-e2e-functional-fixtures-cover-providers\shared\media
  pythonLocation: C:\hostedtoolcache\windows\Python\3.11.9\x64
  PKG_CONFIG_PATH: C:\hostedtoolcache\windows\Python\3.11.9\x64/lib/pkgconfig
  Python_ROOT_DIR: C:\hostedtoolcache\windows\Python\3.11.9\x64
  Python2_ROOT_DIR: C:\hostedtoolcache\windows\Python\3.11.9\x64
  Python3_ROOT_DIR: C:\hostedtoolcache\windows\Python\3.11.9\x64
  ALBUM_HAVEN_FUNCTIONAL_FIXTURE_WORK_ROOT: D:\a\_temp\album-haven-e2e-functional-fixtures-cover-providers
  ALBUM_HAVEN_FUNCTIONAL_SOURCE_FIXTURE_ROOT: D:\a\_temp\album-haven-fixtures-c166a7ae018c4afda9abaacbe6b50cc6
  PGPASSFILE: D:\a\_temp\album-haven-postgres-f_35408558207_1_1.pgpass
  ALBUM_HAVEN_CI_DATABASE: album_haven_ci_f_35408558207_1_1
  DATABASE_MIGRATOR_URL: postgresql://album_haven_migrator_f_35408558207_1_1@127.0.0.1/album_haven_ci_f_35408558207_1_1
  DATABASE_APP_URL: postgresql://album_haven_app_f_35408558207_1_1@127.0.0.1/album_haven_ci_f_35408558207_1_1
  DATABASE_READONLY_URL: postgresql://album_haven_readonly_f_35408558207_1_1@127.0.0.1/album_haven_ci_f_35408558207_1_1
  ALBUM_HAVEN_FAKE_E2E_SETUP_DATABASE_URL: postgresql://album_haven_migrator_f_35408558207_1_1@127.0.0.1/album_haven_ci_f_35408558207_1_1
  ALBUM_HAVEN_FAKE_E2E_DATABASE_URL: postgresql://album_haven_app_f_35408558207_1_1@127.0.0.1/album_haven_ci_f_35408558207_1_1
  ALBUM_HAVEN_APP_DATABASE_URL: postgresql://album_haven_app_f_35408558207_1_1@127.0.0.1/album_haven_ci_f_35408558207_1_1
##[endgroup]
(node:7248) [DEP0040] DeprecationWarning: The `punycode` module is deprecated. Please use a userland alternative instead.
(Use `node --trace-deprecation ...` to show where the warning was created)
With the provided path, there will be 18 files uploaded
Artifact name is valid!
Root directory input is valid!
Beginning upload of artifact content to blob storage
(node:7248) [DEP0169] DeprecationWarning: `url.parse()` behavior is not standardized and prone to errors that have security implications. Use the WHATWG URL API instead. CVEs are not issued for `url.parse()` vulnerabilities.
Uploaded bytes 8388608
Uploaded bytes 16777216
Uploaded bytes 24991862
Finished uploading artifact content to blob storage!
SHA256 digest of uploaded artifact zip is d4a9dc724f5cf408b551f67f701e853d97e142250a157960e812d4f2ae39856c
Finalizing artifact upload
Artifact functional-blob-cover-providers-1.zip successfully finalized. Artifact ID 10573891498
Artifact functional-blob-cover-providers-1 has been successfully uploaded! Final size is 24991862 bytes. Artifact ID is 10573891498
Artifact download URL: https://github.com/idanilovqa/AlbumHaven/actions/runs/35408558207/artifacts/10573891498
Node 20 is being deprecated. This workflow is running with Node 24 by default. If you need to temporarily use Node 20, you can set the ACTIONS_ALLOW_USE_UNSECURE_NODE_VERSION=true environment variable. For more information see: https://github.blog/changelog/2025-09-19-deprecation-of-node-20-on-github-actions-runners/
##[group]Run actions/upload-artifact@v4
with:
  name: functional-debug-cover-providers-1
  path: D:\a\_temp\functional-output-cover-providers
  if-no-files-found: error
  retention-days: 7
  compression-level: 6
  overwrite: false
  include-hidden-files: false
env:
  ALBUM_HAVEN_EXPECTED_FFMPEG_VERSION: 7.1-essentials_build-www.gyan.dev
  ALBUM_HAVEN_FIXTURE_RELEASE: fixtures-v1.0.23
  ALBUM_HAVEN_FIXTURE_PROFILE: functional-core
  ALBUM_HAVEN_FIXTURE_ROOT: D:\a\_temp\album-haven-e2e-functional-fixtures-cover-providers\shared
  ALBUM_HAVEN_MEDIA_ROOT: D:\a\_temp\album-haven-e2e-functional-fixtures-cover-providers\shared\media
  pythonLocation: C:\hostedtoolcache\windows\Python\3.11.9\x64
  PKG_CONFIG_PATH: C:\hostedtoolcache\windows\Python\3.11.9\x64/lib/pkgconfig
  Python_ROOT_DIR: C:\hostedtoolcache\windows\Python\3.11.9\x64
  Python2_ROOT_DIR: C:\hostedtoolcache\windows\Python\3.11.9\x64
  Python3_ROOT_DIR: C:\hostedtoolcache\windows\Python\3.11.9\x64
  ALBUM_HAVEN_FUNCTIONAL_FIXTURE_WORK_ROOT: D:\a\_temp\album-haven-e2e-functional-fixtures-cover-providers
  ALBUM_HAVEN_FUNCTIONAL_SOURCE_FIXTURE_ROOT: D:\a\_temp\album-haven-fixtures-c166a7ae018c4afda9abaacbe6b50cc6
  PGPASSFILE: D:\a\_temp\album-haven-postgres-f_35408558207_1_1.pgpass
  ALBUM_HAVEN_CI_DATABASE: album_haven_ci_f_35408558207_1_1
  DATABASE_MIGRATOR_URL: postgresql://album_haven_migrator_f_35408558207_1_1@127.0.0.1/album_haven_ci_f_35408558207_1_1
  DATABASE_APP_URL: postgresql://album_haven_app_f_35408558207_1_1@127.0.0.1/album_haven_ci_f_35408558207_1_1
  DATABASE_READONLY_URL: postgresql://album_haven_readonly_f_35408558207_1_1@127.0.0.1/album_haven_ci_f_35408558207_1_1
  ALBUM_HAVEN_FAKE_E2E_SETUP_DATABASE_URL: postgresql://album_haven_migrator_f_35408558207_1_1@127.0.0.1/album_haven_ci_f_35408558207_1_1
  ALBUM_HAVEN_FAKE_E2E_DATABASE_URL: postgresql://album_haven_app_f_35408558207_1_1@127.0.0.1/album_haven_ci_f_35408558207_1_1
  ALBUM_HAVEN_APP_DATABASE_URL: postgresql://album_haven_app_f_35408558207_1_1@127.0.0.1/album_haven_ci_f_35408558207_1_1
##[endgroup]
(node:9168) [DEP0040] DeprecationWarning: The `punycode` module is deprecated. Please use a userland alternative instead.
(Use `node --trace-deprecation ...` to show where the warning was created)
With the provided path, there will be 2 files uploaded
Artifact name is valid!
Root directory input is valid!
Beginning upload of artifact content to blob storage
(node:9168) [DEP0169] DeprecationWarning: `url.parse()` behavior is not standardized and prone to errors that have security implications. Use the WHATWG URL API instead. CVEs are not issued for `url.parse()` vulnerabilities.
Uploaded bytes 8388608
Uploaded bytes 16777216
Uploaded bytes 23272985
Finished uploading artifact content to blob storage!
SHA256 digest of uploaded artifact zip is 2a94248628812172cebc6f5f0097e470b1fff55c293b28c46f1dc17d98ea9770
Finalizing artifact upload
Artifact functional-debug-cover-providers-1.zip successfully finalized. Artifact ID 10573691658
Artifact functional-debug-cover-providers-1 has been successfully uploaded! Final size is 23272985 bytes. Artifact ID is 10573691658
Artifact download URL: https://github.com/idanilovqa/AlbumHaven/actions/runs/35408558207/artifacts/10573691658
Post job cleanup.
[command]"C:\Program Files\Git\bin\git.exe" version
git version 2.55.0.windows.5
Temporarily overriding HOME='D:\a\_temp\8572f4a6-8b60-490e-a734-3d5d86a30b37' before making global git config changes
Adding repository directory to the temporary git global config as a safe directory
[command]"C:\Program Files\Git\bin\git.exe" config --global --add safe.directory D:\a\AlbumHaven\AlbumHaven\.trusted-ci
[command]"C:\Program Files\Git\bin\git.exe" config --local --name-only --get-regexp core\.sshCommand
[command]"C:\Program Files\Git\bin\git.exe" submodule foreach --recursive "sh -c \"git config --local --name-only --get-regexp 'core\.sshCommand' && git config --local --unset-all 'core.sshCommand' || :\""
[command]"C:\Program Files\Git\bin\git.exe" config --local --name-only --get-regexp http\.https\:\/\/github\.com\/\.extraheader
[command]"C:\Program Files\Git\bin\git.exe" submodule foreach --recursive "sh -c \"git config --local --name-only --get-regexp 'http\.https\:\/\/github\.com\/\.extraheader' && git config --local --unset-all 'http.https://github.com/.extraheader' || :\""
[command]"C:\Program Files\Git\bin\git.exe" config --local --name-only --get-regexp ^includeIf\.gitdir:
[command]"C:\Program Files\Git\bin\git.exe" submodule foreach --recursive "git config --local --show-origin --name-only --get-regexp remote.origin.url"
Post job cleanup.
[command]"C:\Program Files\Git\bin\git.exe" version
git version 2.55.0.windows.5
Temporarily overriding HOME='D:\a\_temp\72e72d11-5665-4e40-88d0-5d7559604d7c' before making global git config changes
Adding repository directory to the temporary git global config as a safe directory
[command]"C:\Program Files\Git\bin\git.exe" config --global --add safe.directory D:\a\AlbumHaven\AlbumHaven
[command]"C:\Program Files\Git\bin\git.exe" config --local --name-only --get-regexp core\.sshCommand
[command]"C:\Program Files\Git\bin\git.exe" submodule foreach --recursive "sh -c \"git config --local --name-only --get-regexp 'core\.sshCommand' && git config --local --unset-all 'core.sshCommand' || :\""
[command]"C:\Program Files\Git\bin\git.exe" config --local --name-only --get-regexp http\.https\:\/\/github\.com\/\.extraheader
[command]"C:\Program Files\Git\bin\git.exe" submodule foreach --recursive "sh -c \"git config --local --name-only --get-regexp 'http\.https\:\/\/github\.com\/\.extraheader' && git config --local --unset-all 'http.https://github.com/.extraheader' || :\""
[command]"C:\Program Files\Git\bin\git.exe" config --local --name-only --get-regexp ^includeIf\.gitdir:
[command]"C:\Program Files\Git\bin\git.exe" submodule foreach --recursive "git config --local --show-origin --name-only --get-regexp remote.origin.url"
Cleaning up orphan processes
##[warning]Node.js 20 is deprecated. The following actions target Node.js 20 but are being forced to run on Node.js 24: actions/setup-node@v4, actions/setup-python@v5, actions/upload-artifact@v4. For more information see: https://github.blog/changelog/2025-09-19-deprecation-of-node-20-on-github-actions-runners/
