2026-09-19T04:53:51.4151054Z Current runner version: '2.337.0'
2026-09-19T04:53:51.4187623Z ##[group]Runner Image Provisioner
2026-09-19T04:53:51.4188924Z Hosted Compute Agent
2026-09-19T04:53:51.4190322Z Version: 20260828.587
2026-09-19T04:53:51.4191417Z Commit: abac92662cab4cc7352de4f9f9d2e2419aad9c29
2026-09-19T04:53:51.4192651Z Build Date: 2026-08-28T16:44:25Z
2026-09-19T04:53:51.4193911Z Worker ID: {dfc8bf4b-4b30-4e43-ba38-d865ff881330}
2026-09-19T04:53:51.4195677Z Azure Region: eastus
2026-09-19T04:53:51.4196652Z ##[endgroup]
2026-09-19T04:53:51.4198903Z ##[group]Operating System
2026-09-19T04:53:51.4200460Z Microsoft Windows Server 2025
2026-09-19T04:53:51.4201553Z 10.0.26100
2026-09-19T04:53:51.4202400Z Datacenter
2026-09-19T04:53:51.4203252Z ##[endgroup]
2026-09-19T04:53:51.4204134Z ##[group]Runner Image
2026-09-19T04:53:51.4205130Z Image: windows-2025-vs2026
2026-09-19T04:53:51.4206104Z Version: 20260907.229.1
2026-09-19T04:53:51.4208814Z Included Software: https://github.com/actions/runner-images/blob/win25-vs2026/20260907.229/images/windows/Windows2025-VS2026-Readme.md
2026-09-19T04:53:51.4212033Z Image Release: https://github.com/actions/runner-images/releases/tag/win25-vs2026%2F20260907.229
2026-09-19T04:53:51.4213869Z ##[endgroup]
2026-09-19T04:53:51.4215826Z ##[group]GITHUB_TOKEN Permissions
2026-09-19T04:53:51.4219139Z Contents: read
2026-09-19T04:53:51.4220047Z Metadata: read
2026-09-19T04:53:51.4221317Z ##[endgroup]
2026-09-19T04:53:51.4224141Z Secret source: Actions
2026-09-19T04:53:51.4225650Z Cache mode: write
2026-09-19T04:53:51.4226808Z Prepare workflow directory
2026-09-19T04:53:51.4669416Z Prepare all required actions
2026-09-19T04:53:51.4718186Z Getting action download info
2026-09-19T04:53:51.6440590Z Download action repository 'actions/checkout@v5' (SHA:fbc6f3992d24b796d5a048ff273f7fcc4a7b6c09)
2026-09-19T04:53:51.7763756Z Download action repository 'actions/setup-node@v4' (SHA:49933ea5288caeca8642d1e84afbd3f7d6820020)
2026-09-19T04:53:51.9428190Z Download action repository 'actions/setup-python@v5' (SHA:a26af69be951a213d495a4c3e4e4022e16d87065)
2026-09-19T04:53:52.0894217Z Download action repository 'browser-actions/setup-chrome@v2' (SHA:48ad923757ca74d66703209fe939badbdf80f2f4)
2026-09-19T04:53:52.2341833Z Download action repository 'actions/upload-artifact@v4' (SHA:ea165f8d65b6e75b540449e92b4886f43607fa02)
2026-09-19T04:53:52.5909274Z Complete job name: E2E: metadata-mutations
2026-09-19T04:53:52.7782459Z ##[group]Run actions/checkout@v5
2026-09-19T04:53:52.7783821Z with:
2026-09-19T04:53:52.7784367Z   fetch-depth: 0
2026-09-19T04:53:52.7784984Z   persist-credentials: false
2026-09-19T04:53:52.7785660Z   repository: idanilovqa/AlbumHaven
2026-09-19T04:53:52.7789684Z   token: ***
2026-09-19T04:53:52.7790140Z   ssh-strict: true
2026-09-19T04:53:52.7790596Z   ssh-user: git
2026-09-19T04:53:52.7791029Z   clean: true
2026-09-19T04:53:52.7791489Z   sparse-checkout-cone-mode: true
2026-09-19T04:53:52.7792037Z   fetch-tags: false
2026-09-19T04:53:52.7792498Z   show-progress: true
2026-09-19T04:53:52.7792990Z   lfs: false
2026-09-19T04:53:52.7793412Z   submodules: false
2026-09-19T04:53:52.7793895Z   set-safe-directory: true
2026-09-19T04:53:52.7794425Z   allow-unsafe-pr-checkout: false
2026-09-19T04:53:52.7795182Z env:
2026-09-19T04:53:52.7795817Z   ALBUM_HAVEN_EXPECTED_FFMPEG_VERSION: 7.1-essentials_build-www.gyan.dev
2026-09-19T04:53:52.7796572Z ##[endgroup]
2026-09-19T04:53:52.9322131Z Syncing repository: idanilovqa/AlbumHaven
2026-09-19T04:53:52.9323956Z ##[group]Getting Git version info
2026-09-19T04:53:52.9324619Z Working directory is 'D:\a\AlbumHaven\AlbumHaven'
2026-09-19T04:53:53.0544103Z [command]"C:\Program Files\Git\bin\git.exe" version
2026-09-19T04:53:53.4255193Z git version 2.55.0.windows.5
2026-09-19T04:53:53.4307386Z ##[endgroup]
2026-09-19T04:53:53.4331119Z Temporarily overriding HOME='D:\a\_temp\a42c9595-7497-4aec-aac4-b3684790f0dc' before making global git config changes
2026-09-19T04:53:53.4335919Z Adding repository directory to the temporary git global config as a safe directory
2026-09-19T04:53:53.4344735Z [command]"C:\Program Files\Git\bin\git.exe" config --global --add safe.directory D:\a\AlbumHaven\AlbumHaven
2026-09-19T04:53:53.5026222Z Deleting the contents of 'D:\a\AlbumHaven\AlbumHaven'
2026-09-19T04:53:53.5034167Z ##[group]Initializing the repository
2026-09-19T04:53:53.5043390Z [command]"C:\Program Files\Git\bin\git.exe" init D:\a\AlbumHaven\AlbumHaven
2026-09-19T04:53:53.5955428Z Initialized empty Git repository in D:/a/AlbumHaven/AlbumHaven/.git/
2026-09-19T04:53:53.6001128Z [command]"C:\Program Files\Git\bin\git.exe" remote add origin https://github.com/idanilovqa/AlbumHaven
2026-09-19T04:53:53.6620517Z ##[endgroup]
2026-09-19T04:53:53.6622441Z ##[group]Disabling automatic garbage collection
2026-09-19T04:53:53.6629574Z [command]"C:\Program Files\Git\bin\git.exe" config --local gc.auto 0
2026-09-19T04:53:53.6935833Z ##[endgroup]
2026-09-19T04:53:53.6937711Z ##[group]Setting up auth
2026-09-19T04:53:53.6949499Z [command]"C:\Program Files\Git\bin\git.exe" config --local --name-only --get-regexp core\.sshCommand
2026-09-19T04:53:53.7257104Z [command]"C:\Program Files\Git\bin\git.exe" submodule foreach --recursive "sh -c \"git config --local --name-only --get-regexp 'core\.sshCommand' && git config --local --unset-all 'core.sshCommand' || :\""
2026-09-19T04:53:55.2803696Z [command]"C:\Program Files\Git\bin\git.exe" config --local --name-only --get-regexp http\.https\:\/\/github\.com\/\.extraheader
2026-09-19T04:53:55.3109958Z [command]"C:\Program Files\Git\bin\git.exe" submodule foreach --recursive "sh -c \"git config --local --name-only --get-regexp 'http\.https\:\/\/github\.com\/\.extraheader' && git config --local --unset-all 'http.https://github.com/.extraheader' || :\""
2026-09-19T04:53:55.8622507Z [command]"C:\Program Files\Git\bin\git.exe" config --local --name-only --get-regexp ^includeIf\.gitdir:
2026-09-19T04:53:55.8931303Z [command]"C:\Program Files\Git\bin\git.exe" submodule foreach --recursive "git config --local --show-origin --name-only --get-regexp remote.origin.url"
2026-09-19T04:53:56.4167213Z [command]"C:\Program Files\Git\bin\git.exe" config --local http.https://github.com/.extraheader "AUTHORIZATION: basic ***"
2026-09-19T04:53:56.4474756Z ##[endgroup]
2026-09-19T04:53:56.4475430Z ##[group]Fetching the repository
2026-09-19T04:53:56.4491753Z [command]"C:\Program Files\Git\bin\git.exe" -c protocol.version=2 fetch --prune --no-recurse-submodules origin +refs/heads/*:refs/remotes/origin/* +refs/tags/*:refs/tags/* +297d222b5b5d73bb89281b3850bd51cc161ba2d8:refs/remotes/pull/3/merge
2026-09-19T04:54:00.0318660Z From https://github.com/idanilovqa/AlbumHaven
2026-09-19T04:54:00.0320205Z  * [new branch]      2026-08-30-phase-7-local-auth            -> origin/2026-08-30-phase-7-local-auth
2026-09-19T04:54:00.0320884Z  * [new branch]      2026-09-05-gallery-refactor              -> origin/2026-09-05-gallery-refactor
2026-09-19T04:54:00.0322824Z  * [new branch]      2026-09-08-settings-refactor             -> origin/2026-09-08-settings-refactor
2026-09-19T04:54:00.0323503Z  * [new branch]      2026-09-17-pr3-rf456-build               -> origin/2026-09-17-pr3-rf456-build
2026-09-19T04:54:00.0324108Z  * [new branch]      2026-09-18-pr3-ci-diagnostics            -> origin/2026-09-18-pr3-ci-diagnostics
2026-09-19T04:54:00.0324723Z  * [new branch]      2026-09-18-pr3-e2e-batch                 -> origin/2026-09-18-pr3-e2e-batch
2026-09-19T04:54:00.0325523Z  * [new branch]      2026-09-18-pr3-js-batch                  -> origin/2026-09-18-pr3-js-batch
2026-09-19T04:54:00.0326096Z  * [new branch]      2026-09-18-pr3-python-batch              -> origin/2026-09-18-pr3-python-batch
2026-09-19T04:54:00.0326759Z  * [new branch]      codex/pr1-review-base-2026-09-10         -> origin/codex/pr1-review-base-2026-09-10
2026-09-19T04:54:00.0327449Z  * [new branch]      codex/pr1-review-snapshot-2026-09-10     -> origin/codex/pr1-review-snapshot-2026-09-10
2026-09-19T04:54:00.0328023Z  * [new branch]      main                                     -> origin/main
2026-09-19T04:54:00.0331177Z  * [new tag]         v0.9.41                                  -> v0.9.41
2026-09-19T04:54:00.0332280Z  * [new tag]         v0.9.42                                  -> v0.9.42
2026-09-19T04:54:00.0332925Z  * [new tag]         v0.9.43                                  -> v0.9.43
2026-09-19T04:54:00.0333558Z  * [new tag]         v0.9.44                                  -> v0.9.44
2026-09-19T04:54:00.0334236Z  * [new ref]         297d222b5b5d73bb89281b3850bd51cc161ba2d8 -> pull/3/merge
2026-09-19T04:54:00.0372738Z ##[endgroup]
2026-09-19T04:54:00.0374875Z ##[group]Determining the checkout info
2026-09-19T04:54:00.0375621Z ##[endgroup]
2026-09-19T04:54:00.0385064Z [command]"C:\Program Files\Git\bin\git.exe" sparse-checkout disable
2026-09-19T04:54:00.0928071Z [command]"C:\Program Files\Git\bin\git.exe" config --local --unset-all extensions.worktreeConfig
2026-09-19T04:54:00.1235754Z ##[group]Checking out the ref
2026-09-19T04:54:00.1245363Z [command]"C:\Program Files\Git\bin\git.exe" checkout --progress --force refs/remotes/pull/3/merge
2026-09-19T04:54:00.7808615Z Note: switching to 'refs/remotes/pull/3/merge'.
2026-09-19T04:54:00.7809091Z 
2026-09-19T04:54:00.7809459Z You are in 'detached HEAD' state. You can look around, make experimental
2026-09-19T04:54:00.7810320Z changes and commit them, and you can discard any commits you make in this
2026-09-19T04:54:00.7810824Z state without impacting any branches by switching back to a branch.
2026-09-19T04:54:00.7811320Z 
2026-09-19T04:54:00.7811603Z If you want to create a new branch to retain commits you create, you may
2026-09-19T04:54:00.7812307Z do so (now or later) by using -c with the switch command. Example:
2026-09-19T04:54:00.7812708Z 
2026-09-19T04:54:00.7812884Z   git switch -c <new-branch-name>
2026-09-19T04:54:00.7813167Z 
2026-09-19T04:54:00.7813303Z Or undo this operation with:
2026-09-19T04:54:00.7813554Z 
2026-09-19T04:54:00.7813656Z   git switch -
2026-09-19T04:54:00.7813848Z 
2026-09-19T04:54:00.7814684Z Turn off this advice by setting config variable advice.detachedHead to false
2026-09-19T04:54:00.7815031Z 
2026-09-19T04:54:00.7815446Z HEAD is now at 297d222 Merge ff81ffd4e846fa6606054b9d3b30dadffa4a6e18 into 38f740a4e984a25c0d501a7a2166d6ccdc09dcf3
2026-09-19T04:54:00.7947092Z ##[endgroup]
2026-09-19T04:54:00.8331711Z [command]"C:\Program Files\Git\bin\git.exe" log -1 --format=%H
2026-09-19T04:54:00.8604193Z 297d222b5b5d73bb89281b3850bd51cc161ba2d8
2026-09-19T04:54:00.8644383Z ##[group]Removing auth
2026-09-19T04:54:00.8653336Z [command]"C:\Program Files\Git\bin\git.exe" config --local --name-only --get-regexp core\.sshCommand
2026-09-19T04:54:00.8960141Z [command]"C:\Program Files\Git\bin\git.exe" submodule foreach --recursive "sh -c \"git config --local --name-only --get-regexp 'core\.sshCommand' && git config --local --unset-all 'core.sshCommand' || :\""
2026-09-19T04:54:01.4446655Z [command]"C:\Program Files\Git\bin\git.exe" config --local --name-only --get-regexp http\.https\:\/\/github\.com\/\.extraheader
2026-09-19T04:54:01.4694576Z http.https://github.com/.extraheader
2026-09-19T04:54:01.4732553Z [command]"C:\Program Files\Git\bin\git.exe" config --local --unset-all http.https://github.com/.extraheader
2026-09-19T04:54:01.5074206Z [command]"C:\Program Files\Git\bin\git.exe" submodule foreach --recursive "sh -c \"git config --local --name-only --get-regexp 'http\.https\:\/\/github\.com\/\.extraheader' && git config --local --unset-all 'http.https://github.com/.extraheader' || :\""
2026-09-19T04:54:02.0337811Z [command]"C:\Program Files\Git\bin\git.exe" config --local --name-only --get-regexp ^includeIf\.gitdir:
2026-09-19T04:54:02.0657914Z [command]"C:\Program Files\Git\bin\git.exe" submodule foreach --recursive "git config --local --show-origin --name-only --get-regexp remote.origin.url"
2026-09-19T04:54:02.6012831Z ##[endgroup]
2026-09-19T04:54:02.6448961Z ##[group]Run actions/checkout@v5
2026-09-19T04:54:02.6449289Z with:
2026-09-19T04:54:02.6449730Z   ref: 38f740a4e984a25c0d501a7a2166d6ccdc09dcf3
2026-09-19T04:54:02.6450021Z   path: .trusted-ci
2026-09-19T04:54:02.6450241Z   persist-credentials: false
2026-09-19T04:54:02.6450496Z   repository: idanilovqa/AlbumHaven
2026-09-19T04:54:02.6453333Z   token: ***
2026-09-19T04:54:02.6453535Z   ssh-strict: true
2026-09-19T04:54:02.6453738Z   ssh-user: git
2026-09-19T04:54:02.6453930Z   clean: true
2026-09-19T04:54:02.6454141Z   sparse-checkout-cone-mode: true
2026-09-19T04:54:02.6454411Z   fetch-depth: 1
2026-09-19T04:54:02.6455047Z   fetch-tags: false
2026-09-19T04:54:02.6455255Z   show-progress: true
2026-09-19T04:54:02.6455462Z   lfs: false
2026-09-19T04:54:02.6455647Z   submodules: false
2026-09-19T04:54:02.6455857Z   set-safe-directory: true
2026-09-19T04:54:02.6456112Z   allow-unsafe-pr-checkout: false
2026-09-19T04:54:02.6456369Z env:
2026-09-19T04:54:02.6456742Z   ALBUM_HAVEN_EXPECTED_FFMPEG_VERSION: 7.1-essentials_build-www.gyan.dev
2026-09-19T04:54:02.6457153Z ##[endgroup]
2026-09-19T04:54:02.7551904Z Syncing repository: idanilovqa/AlbumHaven
2026-09-19T04:54:02.7560199Z ##[group]Getting Git version info
2026-09-19T04:54:02.7592679Z Working directory is 'D:\a\AlbumHaven\AlbumHaven\.trusted-ci'
2026-09-19T04:54:02.8415112Z [command]"C:\Program Files\Git\bin\git.exe" version
2026-09-19T04:54:02.8679494Z git version 2.55.0.windows.5
2026-09-19T04:54:02.8718794Z ##[endgroup]
2026-09-19T04:54:02.8736559Z Temporarily overriding HOME='D:\a\_temp\2c78fab5-78c8-4f9b-8553-bc73c47b942c' before making global git config changes
2026-09-19T04:54:02.8737297Z Adding repository directory to the temporary git global config as a safe directory
2026-09-19T04:54:02.8747106Z [command]"C:\Program Files\Git\bin\git.exe" config --global --add safe.directory D:\a\AlbumHaven\AlbumHaven\.trusted-ci
2026-09-19T04:54:02.9032170Z ##[group]Initializing the repository
2026-09-19T04:54:02.9042754Z [command]"C:\Program Files\Git\bin\git.exe" init D:\a\AlbumHaven\AlbumHaven\.trusted-ci
2026-09-19T04:54:02.9401955Z Initialized empty Git repository in D:/a/AlbumHaven/AlbumHaven/.trusted-ci/.git/
2026-09-19T04:54:02.9444417Z [command]"C:\Program Files\Git\bin\git.exe" remote add origin https://github.com/idanilovqa/AlbumHaven
2026-09-19T04:54:02.9784206Z ##[endgroup]
2026-09-19T04:54:02.9784843Z ##[group]Disabling automatic garbage collection
2026-09-19T04:54:02.9794571Z [command]"C:\Program Files\Git\bin\git.exe" config --local gc.auto 0
2026-09-19T04:54:03.0097447Z ##[endgroup]
2026-09-19T04:54:03.0097979Z ##[group]Setting up auth
2026-09-19T04:54:03.0110466Z [command]"C:\Program Files\Git\bin\git.exe" config --local --name-only --get-regexp core\.sshCommand
2026-09-19T04:54:03.0467169Z [command]"C:\Program Files\Git\bin\git.exe" submodule foreach --recursive "sh -c \"git config --local --name-only --get-regexp 'core\.sshCommand' && git config --local --unset-all 'core.sshCommand' || :\""
2026-09-19T04:54:03.6061529Z [command]"C:\Program Files\Git\bin\git.exe" config --local --name-only --get-regexp http\.https\:\/\/github\.com\/\.extraheader
2026-09-19T04:54:03.6393363Z [command]"C:\Program Files\Git\bin\git.exe" submodule foreach --recursive "sh -c \"git config --local --name-only --get-regexp 'http\.https\:\/\/github\.com\/\.extraheader' && git config --local --unset-all 'http.https://github.com/.extraheader' || :\""
2026-09-19T04:54:04.1987558Z [command]"C:\Program Files\Git\bin\git.exe" config --local --name-only --get-regexp ^includeIf\.gitdir:
2026-09-19T04:54:04.2328124Z [command]"C:\Program Files\Git\bin\git.exe" submodule foreach --recursive "git config --local --show-origin --name-only --get-regexp remote.origin.url"
2026-09-19T04:54:04.7954318Z [command]"C:\Program Files\Git\bin\git.exe" config --local http.https://github.com/.extraheader "AUTHORIZATION: basic ***"
2026-09-19T04:54:04.8264741Z ##[endgroup]
2026-09-19T04:54:04.8265131Z ##[group]Fetching the repository
2026-09-19T04:54:04.8279509Z [command]"C:\Program Files\Git\bin\git.exe" -c protocol.version=2 fetch --no-tags --prune --no-recurse-submodules --depth=1 origin 38f740a4e984a25c0d501a7a2166d6ccdc09dcf3
2026-09-19T04:54:05.7848402Z From https://github.com/idanilovqa/AlbumHaven
2026-09-19T04:54:05.7849175Z  * branch            38f740a4e984a25c0d501a7a2166d6ccdc09dcf3 -> FETCH_HEAD
2026-09-19T04:54:05.7886226Z ##[endgroup]
2026-09-19T04:54:05.7886777Z ##[group]Determining the checkout info
2026-09-19T04:54:05.7889175Z ##[endgroup]
2026-09-19T04:54:05.7899849Z [command]"C:\Program Files\Git\bin\git.exe" sparse-checkout disable
2026-09-19T04:54:05.8231104Z [command]"C:\Program Files\Git\bin\git.exe" config --local --unset-all extensions.worktreeConfig
2026-09-19T04:54:05.8521731Z ##[group]Checking out the ref
2026-09-19T04:54:05.8530872Z [command]"C:\Program Files\Git\bin\git.exe" checkout --progress --force 38f740a4e984a25c0d501a7a2166d6ccdc09dcf3
2026-09-19T04:54:06.3490388Z Note: switching to '38f740a4e984a25c0d501a7a2166d6ccdc09dcf3'.
2026-09-19T04:54:06.3490947Z 
2026-09-19T04:54:06.3491296Z You are in 'detached HEAD' state. You can look around, make experimental
2026-09-19T04:54:06.3492202Z changes and commit them, and you can discard any commits you make in this
2026-09-19T04:54:06.3493080Z state without impacting any branches by switching back to a branch.
2026-09-19T04:54:06.3493601Z 
2026-09-19T04:54:06.3493940Z If you want to create a new branch to retain commits you create, you may
2026-09-19T04:54:06.3494744Z do so (now or later) by using -c with the switch command. Example:
2026-09-19T04:54:06.3495215Z 
2026-09-19T04:54:06.3495377Z   git switch -c <new-branch-name>
2026-09-19T04:54:06.3495685Z 
2026-09-19T04:54:06.3495850Z Or undo this operation with:
2026-09-19T04:54:06.3496126Z 
2026-09-19T04:54:06.3496263Z   git switch -
2026-09-19T04:54:06.3496457Z 
2026-09-19T04:54:06.3496812Z Turn off this advice by setting config variable advice.detachedHead to false
2026-09-19T04:54:06.3497400Z 
2026-09-19T04:54:06.3497826Z HEAD is now at 38f740a Merge pull request #2 from idanilovqa/2026-09-05-gallery-refactor
2026-09-19T04:54:06.3569905Z ##[endgroup]
2026-09-19T04:54:06.3881788Z [command]"C:\Program Files\Git\bin\git.exe" log -1 --format=%H
2026-09-19T04:54:06.4155927Z 38f740a4e984a25c0d501a7a2166d6ccdc09dcf3
2026-09-19T04:54:06.4202178Z ##[group]Removing auth
2026-09-19T04:54:06.4214558Z [command]"C:\Program Files\Git\bin\git.exe" config --local --name-only --get-regexp core\.sshCommand
2026-09-19T04:54:06.4533523Z [command]"C:\Program Files\Git\bin\git.exe" submodule foreach --recursive "sh -c \"git config --local --name-only --get-regexp 'core\.sshCommand' && git config --local --unset-all 'core.sshCommand' || :\""
2026-09-19T04:54:07.0155497Z [command]"C:\Program Files\Git\bin\git.exe" config --local --name-only --get-regexp http\.https\:\/\/github\.com\/\.extraheader
2026-09-19T04:54:07.0410974Z http.https://github.com/.extraheader
2026-09-19T04:54:07.0448351Z [command]"C:\Program Files\Git\bin\git.exe" config --local --unset-all http.https://github.com/.extraheader
2026-09-19T04:54:07.0739216Z [command]"C:\Program Files\Git\bin\git.exe" submodule foreach --recursive "sh -c \"git config --local --name-only --get-regexp 'http\.https\:\/\/github\.com\/\.extraheader' && git config --local --unset-all 'http.https://github.com/.extraheader' || :\""
2026-09-19T04:54:07.6186023Z [command]"C:\Program Files\Git\bin\git.exe" config --local --name-only --get-regexp ^includeIf\.gitdir:
2026-09-19T04:54:07.6479724Z [command]"C:\Program Files\Git\bin\git.exe" submodule foreach --recursive "git config --local --show-origin --name-only --get-regexp remote.origin.url"
2026-09-19T04:54:08.1912621Z ##[endgroup]
2026-09-19T04:54:08.2217541Z ##[group]Run & ".trusted-ci\scripts\ci\fetch-test-fixtures.ps1" `
2026-09-19T04:54:08.2218111Z [36;1m& ".trusted-ci\scripts\ci\fetch-test-fixtures.ps1" `[0m
2026-09-19T04:54:08.2218485Z [36;1m  -Release fixtures-v1.0.23 `[0m
2026-09-19T04:54:08.2218777Z [36;1m  -Profile functional-core `[0m
2026-09-19T04:54:08.2219229Z [36;1m  -ManifestSha256 e3ad2c100a77af2cb25dca2894dbf2c5e8decbc6925acf54c2749f6d3be000c2[0m
2026-09-19T04:54:08.2946271Z shell: C:\Program Files\PowerShell\7\pwsh.EXE -command ". '{0}'"
2026-09-19T04:54:08.2946667Z env:
2026-09-19T04:54:08.2946992Z   ALBUM_HAVEN_EXPECTED_FFMPEG_VERSION: 7.1-essentials_build-www.gyan.dev
2026-09-19T04:54:08.2947986Z   ALBUM_HAVEN_FIXTURES_TOKEN: ***
2026-09-19T04:54:08.2948260Z ##[endgroup]
2026-09-19T04:54:12.4850430Z Node 20 is being deprecated. This workflow is running with Node 24 by default. If you need to temporarily use Node 20, you can set the ACTIONS_ALLOW_USE_UNSECURE_NODE_VERSION=true environment variable. For more information see: https://github.blog/changelog/2025-09-19-deprecation-of-node-20-on-github-actions-runners/
2026-09-19T04:54:12.4852794Z ##[group]Run actions/setup-node@v4
2026-09-19T04:54:12.4853195Z with:
2026-09-19T04:54:12.4853470Z   node-version: 22
2026-09-19T04:54:12.4853773Z   cache: npm
2026-09-19T04:54:12.4854071Z   always-auth: false
2026-09-19T04:54:12.4854396Z   check-latest: false
2026-09-19T04:54:12.4859278Z   token: ***
2026-09-19T04:54:12.4859561Z env:
2026-09-19T04:54:12.4860040Z   ALBUM_HAVEN_EXPECTED_FFMPEG_VERSION: 7.1-essentials_build-www.gyan.dev
2026-09-19T04:54:12.4860743Z   ALBUM_HAVEN_FIXTURE_RELEASE: fixtures-v1.0.23
2026-09-19T04:54:12.4861275Z   ALBUM_HAVEN_FIXTURE_PROFILE: functional-core
2026-09-19T04:54:12.4862101Z   ALBUM_HAVEN_FIXTURE_ROOT: D:\a\_temp\album-haven-fixtures-5187e6984403460ca5142bad9ae03e95
2026-09-19T04:54:12.4863196Z   ALBUM_HAVEN_MEDIA_ROOT: D:\a\_temp\album-haven-fixtures-5187e6984403460ca5142bad9ae03e95\media
2026-09-19T04:54:12.4863962Z ##[endgroup]
2026-09-19T04:54:12.6692699Z Found in cache @ C:\hostedtoolcache\windows\node\22.23.2\x64
2026-09-19T04:54:12.6700576Z (node:3996) [DEP0040] DeprecationWarning: The `punycode` module is deprecated. Please use a userland alternative instead.
2026-09-19T04:54:12.6701408Z (Use `node --trace-deprecation ...` to show where the warning was created)
2026-09-19T04:54:12.6704134Z ##[group]Environment details
2026-09-19T04:54:17.3460873Z node: v22.23.2
2026-09-19T04:54:17.3461201Z npm: 10.9.8
2026-09-19T04:54:17.3461373Z yarn: 1.22.22
2026-09-19T04:54:17.3461791Z ##[endgroup]
2026-09-19T04:54:17.4350747Z [command]C:\Windows\system32\cmd.exe /D /S /C "C:\hostedtoolcache\windows\node\22.23.2\x64\npm.cmd config get cache"
2026-09-19T04:54:18.0113710Z C:\npm\cache
2026-09-19T04:54:18.2726294Z Cache hit for: node-cache-Windows-x64-npm-26253ee3ceab3d8c9b127fb1ff8b52c4c231c2e05275c7ca052f26b453f7dc92
2026-09-19T04:54:18.2847704Z (node:3996) [DEP0169] DeprecationWarning: `url.parse()` behavior is not standardized and prone to errors that have security implications. Use the WHATWG URL API instead. CVEs are not issued for `url.parse()` vulnerabilities.
2026-09-19T04:54:18.4341622Z Received 3822098 of 3822098 (100.0%), 33.4 MBs/sec
2026-09-19T04:54:18.4344573Z Cache Size: ~4 MB (3822098 B)
2026-09-19T04:54:18.4372655Z [command]"C:\Program Files\Git\usr\bin\tar.exe" -xf D:/a/_temp/78de7118-ba08-4df4-ac52-a366c0259f45/cache.tzst -P -C D:/a/AlbumHaven/AlbumHaven --force-local --use-compress-program "zstd -d"
2026-09-19T04:54:18.6245541Z Cache restored successfully
2026-09-19T04:54:18.6258913Z Cache restored from key: node-cache-Windows-x64-npm-26253ee3ceab3d8c9b127fb1ff8b52c4c231c2e05275c7ca052f26b453f7dc92
2026-09-19T04:54:18.6591999Z Node 20 is being deprecated. This workflow is running with Node 24 by default. If you need to temporarily use Node 20, you can set the ACTIONS_ALLOW_USE_UNSECURE_NODE_VERSION=true environment variable. For more information see: https://github.blog/changelog/2025-09-19-deprecation-of-node-20-on-github-actions-runners/
2026-09-19T04:54:18.6593402Z ##[group]Run actions/setup-python@v5
2026-09-19T04:54:18.6593662Z with:
2026-09-19T04:54:18.6593848Z   python-version: 3.11
2026-09-19T04:54:18.6594051Z   cache: pip
2026-09-19T04:54:18.6594266Z   cache-dependency-path: requirements.txt
2026-09-19T04:54:18.6594538Z   check-latest: false
2026-09-19T04:54:18.6596979Z   token: ***
2026-09-19T04:54:18.6597406Z   update-environment: true
2026-09-19T04:54:18.6597645Z   allow-prereleases: false
2026-09-19T04:54:18.6597865Z   freethreaded: false
2026-09-19T04:54:18.6598080Z env:
2026-09-19T04:54:18.6598365Z   ALBUM_HAVEN_EXPECTED_FFMPEG_VERSION: 7.1-essentials_build-www.gyan.dev
2026-09-19T04:54:18.6598826Z   ALBUM_HAVEN_FIXTURE_RELEASE: fixtures-v1.0.23
2026-09-19T04:54:18.6599146Z   ALBUM_HAVEN_FIXTURE_PROFILE: functional-core
2026-09-19T04:54:18.6599600Z   ALBUM_HAVEN_FIXTURE_ROOT: D:\a\_temp\album-haven-fixtures-5187e6984403460ca5142bad9ae03e95
2026-09-19T04:54:18.6600227Z   ALBUM_HAVEN_MEDIA_ROOT: D:\a\_temp\album-haven-fixtures-5187e6984403460ca5142bad9ae03e95\media
2026-09-19T04:54:18.6600670Z ##[endgroup]
2026-09-19T04:54:18.8234423Z ##[group]Installed versions
2026-09-19T04:54:18.8545117Z (node:1056) [DEP0040] DeprecationWarning: The `punycode` module is deprecated. Please use a userland alternative instead.
2026-09-19T04:54:18.8546659Z (Use `node --trace-deprecation ...` to show where the warning was created)
2026-09-19T04:54:18.8547616Z Successfully set up CPython (3.11.9)
2026-09-19T04:54:18.8548413Z ##[endgroup]
2026-09-19T04:54:21.5381165Z Cache hit for: setup-python-Windows-x64-python-3.11.9-pip-0c6be4352e523693f41bb557265b0d204a2348bd0887365f0c4493752562bd14
2026-09-19T04:54:21.5504643Z (node:1056) [DEP0169] DeprecationWarning: `url.parse()` behavior is not standardized and prone to errors that have security implications. Use the WHATWG URL API instead. CVEs are not issued for `url.parse()` vulnerabilities.
2026-09-19T04:54:21.9752483Z Received 58149912 of 58149912 (100.0%), 143.7 MBs/sec
2026-09-19T04:54:21.9753247Z Cache Size: ~55 MB (58149912 B)
2026-09-19T04:54:21.9783243Z [command]"C:\Program Files\Git\usr\bin\tar.exe" -xf D:/a/_temp/663c834b-307c-429c-8e76-53120658f064/cache.tzst -P -C D:/a/AlbumHaven/AlbumHaven --force-local --use-compress-program "zstd -d"
2026-09-19T04:54:22.6508920Z Cache restored successfully
2026-09-19T04:54:22.6552139Z Cache restored from key: setup-python-Windows-x64-python-3.11.9-pip-0c6be4352e523693f41bb557265b0d204a2348bd0887365f0c4493752562bd14
2026-09-19T04:54:22.6881478Z ##[group]Run npm ci
2026-09-19T04:54:22.6881804Z [36;1mnpm ci[0m
2026-09-19T04:54:22.6953285Z shell: C:\Program Files\PowerShell\7\pwsh.EXE -command ". '{0}'"
2026-09-19T04:54:22.6953647Z env:
2026-09-19T04:54:22.6953947Z   ALBUM_HAVEN_EXPECTED_FFMPEG_VERSION: 7.1-essentials_build-www.gyan.dev
2026-09-19T04:54:22.6954376Z   ALBUM_HAVEN_FIXTURE_RELEASE: fixtures-v1.0.23
2026-09-19T04:54:22.6954715Z   ALBUM_HAVEN_FIXTURE_PROFILE: functional-core
2026-09-19T04:54:22.6955175Z   ALBUM_HAVEN_FIXTURE_ROOT: D:\a\_temp\album-haven-fixtures-5187e6984403460ca5142bad9ae03e95
2026-09-19T04:54:22.6955798Z   ALBUM_HAVEN_MEDIA_ROOT: D:\a\_temp\album-haven-fixtures-5187e6984403460ca5142bad9ae03e95\media
2026-09-19T04:54:22.6956327Z   pythonLocation: C:\hostedtoolcache\windows\Python\3.11.9\x64
2026-09-19T04:54:22.6956797Z   PKG_CONFIG_PATH: C:\hostedtoolcache\windows\Python\3.11.9\x64/lib/pkgconfig
2026-09-19T04:54:22.6957316Z   Python_ROOT_DIR: C:\hostedtoolcache\windows\Python\3.11.9\x64
2026-09-19T04:54:22.6957729Z   Python2_ROOT_DIR: C:\hostedtoolcache\windows\Python\3.11.9\x64
2026-09-19T04:54:22.6958139Z   Python3_ROOT_DIR: C:\hostedtoolcache\windows\Python\3.11.9\x64
2026-09-19T04:54:22.6958459Z ##[endgroup]
2026-09-19T04:54:25.9149189Z 
2026-09-19T04:54:25.9150019Z added 3 packages, and audited 4 packages in 3s
2026-09-19T04:54:25.9159244Z 
2026-09-19T04:54:25.9159760Z found 0 vulnerabilities
2026-09-19T04:54:27.2072714Z ##[group]Run python -m pip install --upgrade pip
2026-09-19T04:54:27.2073180Z [36;1mpython -m pip install --upgrade pip[0m
2026-09-19T04:54:27.2073542Z [36;1mpython -m pip install -r requirements.txt[0m
2026-09-19T04:54:27.2144537Z shell: C:\Program Files\PowerShell\7\pwsh.EXE -command ". '{0}'"
2026-09-19T04:54:27.2144891Z env:
2026-09-19T04:54:27.2145188Z   ALBUM_HAVEN_EXPECTED_FFMPEG_VERSION: 7.1-essentials_build-www.gyan.dev
2026-09-19T04:54:27.2145782Z   ALBUM_HAVEN_FIXTURE_RELEASE: fixtures-v1.0.23
2026-09-19T04:54:27.2146114Z   ALBUM_HAVEN_FIXTURE_PROFILE: functional-core
2026-09-19T04:54:27.2146581Z   ALBUM_HAVEN_FIXTURE_ROOT: D:\a\_temp\album-haven-fixtures-5187e6984403460ca5142bad9ae03e95
2026-09-19T04:54:27.2147423Z   ALBUM_HAVEN_MEDIA_ROOT: D:\a\_temp\album-haven-fixtures-5187e6984403460ca5142bad9ae03e95\media
2026-09-19T04:54:27.2148153Z   pythonLocation: C:\hostedtoolcache\windows\Python\3.11.9\x64
2026-09-19T04:54:27.2148651Z   PKG_CONFIG_PATH: C:\hostedtoolcache\windows\Python\3.11.9\x64/lib/pkgconfig
2026-09-19T04:54:27.2149102Z   Python_ROOT_DIR: C:\hostedtoolcache\windows\Python\3.11.9\x64
2026-09-19T04:54:27.2149506Z   Python2_ROOT_DIR: C:\hostedtoolcache\windows\Python\3.11.9\x64
2026-09-19T04:54:27.2149906Z   Python3_ROOT_DIR: C:\hostedtoolcache\windows\Python\3.11.9\x64
2026-09-19T04:54:27.2150227Z ##[endgroup]
2026-09-19T04:54:29.4666433Z Requirement already satisfied: pip in C:\hostedtoolcache\windows\Python\3.11.9\x64\Lib\site-packages (26.2.1)
2026-09-19T04:54:31.4132684Z Collecting jinja2 (from -r requirements.txt (line 1))
2026-09-19T04:54:31.4170821Z   Using cached jinja2-3.1.6-py3-none-any.whl.metadata (2.9 kB)
2026-09-19T04:54:31.4845868Z Collecting markupsafe (from -r requirements.txt (line 2))
2026-09-19T04:54:31.4874908Z   Using cached markupsafe-3.0.3-cp311-cp311-win_amd64.whl.metadata (2.8 kB)
2026-09-19T04:54:31.5410110Z Collecting fastapi==0.115.6 (from -r requirements.txt (line 3))
2026-09-19T04:54:31.5437308Z   Using cached fastapi-0.115.6-py3-none-any.whl.metadata (27 kB)
2026-09-19T04:54:31.5849289Z Collecting uvicorn (from -r requirements.txt (line 4))
2026-09-19T04:54:31.5875510Z   Using cached uvicorn-0.53.0-py3-none-any.whl.metadata (6.6 kB)
2026-09-19T04:54:31.7192975Z Collecting websockets (from -r requirements.txt (line 5))
2026-09-19T04:54:31.7220973Z   Using cached websockets-17.1-cp311-cp311-win_amd64.whl.metadata (6.5 kB)
2026-09-19T04:54:31.7432553Z Collecting mutagen (from -r requirements.txt (line 6))
2026-09-19T04:54:31.7457468Z   Using cached mutagen-1.48.1-py3-none-any.whl.metadata (1.8 kB)
2026-09-19T04:54:31.9227159Z Collecting pillow (from -r requirements.txt (line 7))
2026-09-19T04:54:31.9254837Z   Using cached pillow-12.3.0-cp311-cp311-win_amd64.whl.metadata (9.3 kB)
2026-09-19T04:54:31.9557060Z Collecting imageio-ffmpeg==0.6.0 (from -r requirements.txt (line 8))
2026-09-19T04:54:31.9582477Z   Using cached imageio_ffmpeg-0.6.0-py3-none-win_amd64.whl.metadata (1.5 kB)
2026-09-19T04:54:31.9918131Z Collecting ytmusicapi (from -r requirements.txt (line 9))
2026-09-19T04:54:31.9945260Z   Using cached ytmusicapi-1.12.3-py3-none-any.whl.metadata (4.3 kB)
2026-09-19T04:54:32.0432151Z Collecting pytest (from -r requirements.txt (line 10))
2026-09-19T04:54:32.0459722Z   Using cached pytest-9.1.1-py3-none-any.whl.metadata (7.6 kB)
2026-09-19T04:54:32.1280268Z Collecting zstandard (from -r requirements.txt (line 12))
2026-09-19T04:54:32.1308899Z   Using cached zstandard-0.25.0-cp311-cp311-win_amd64.whl.metadata (3.3 kB)
2026-09-19T04:54:32.1650336Z Collecting argon2-cffi (from -r requirements.txt (line 13))
2026-09-19T04:54:32.1676548Z   Using cached argon2_cffi-25.1.0-py3-none-any.whl.metadata (4.1 kB)
2026-09-19T04:54:32.1965416Z Collecting aiosmtplib (from -r requirements.txt (line 14))
2026-09-19T04:54:32.1991968Z   Using cached aiosmtplib-5.1.3-py3-none-any.whl.metadata (3.6 kB)
2026-09-19T04:54:32.4152959Z Collecting cryptography>=42 (from -r requirements.txt (line 15))
2026-09-19T04:54:32.4184812Z   Using cached cryptography-50.0.1-cp311-abi3-win_amd64.whl.metadata (4.3 kB)
2026-09-19T04:54:32.4740477Z Collecting watchdog<7,>=4.0 (from -r requirements.txt (line 16))
2026-09-19T04:54:32.4769227Z   Using cached watchdog-6.0.0-py3-none-win_amd64.whl.metadata (44 kB)
2026-09-19T04:54:32.5248979Z Collecting psycopg[binary] (from -r requirements.txt (line 11))
2026-09-19T04:54:32.7409475Z   Downloading psycopg-3.3.6-py3-none-any.whl.metadata (4.4 kB)
2026-09-19T04:54:32.7960498Z Collecting starlette<0.42.0,>=0.40.0 (from fastapi==0.115.6->-r requirements.txt (line 3))
2026-09-19T04:54:32.7992997Z   Using cached starlette-0.41.3-py3-none-any.whl.metadata (6.0 kB)
2026-09-19T04:54:32.9213754Z Collecting pydantic!=1.8,!=1.8.1,!=2.0.0,!=2.0.1,!=2.1.0,<3.0.0,>=1.7.4 (from fastapi==0.115.6->-r requirements.txt (line 3))
2026-09-19T04:54:32.9244666Z   Using cached pydantic-2.13.5-py3-none-any.whl.metadata (110 kB)
2026-09-19T04:54:32.9530733Z Collecting typing-extensions>=4.8.0 (from fastapi==0.115.6->-r requirements.txt (line 3))
2026-09-19T04:54:32.9561577Z   Using cached typing_extensions-4.16.0-py3-none-any.whl.metadata (3.3 kB)
2026-09-19T04:54:32.9805869Z Collecting annotated-types>=0.6.0 (from pydantic!=1.8,!=1.8.1,!=2.0.0,!=2.0.1,!=2.1.0,<3.0.0,>=1.7.4->fastapi==0.115.6->-r requirements.txt (line 3))
2026-09-19T04:54:32.9995540Z   Using cached annotated_types-0.8.0-py3-none-any.whl.metadata (15 kB)
2026-09-19T04:54:33.7718007Z Collecting pydantic-core==2.46.5 (from pydantic!=1.8,!=1.8.1,!=2.0.0,!=2.0.1,!=2.1.0,<3.0.0,>=1.7.4->fastapi==0.115.6->-r requirements.txt (line 3))
2026-09-19T04:54:33.7749084Z   Using cached pydantic_core-2.46.5-cp311-cp311-win_amd64.whl.metadata (6.7 kB)
2026-09-19T04:54:33.7969019Z Collecting typing-inspection>=0.4.2 (from pydantic!=1.8,!=1.8.1,!=2.0.0,!=2.0.1,!=2.1.0,<3.0.0,>=1.7.4->fastapi==0.115.6->-r requirements.txt (line 3))
2026-09-19T04:54:33.7999718Z   Using cached typing_inspection-0.4.4-py3-none-any.whl.metadata (2.6 kB)
2026-09-19T04:54:33.8302796Z Collecting anyio<5,>=3.4.0 (from starlette<0.42.0,>=0.40.0->fastapi==0.115.6->-r requirements.txt (line 3))
2026-09-19T04:54:33.8333801Z   Using cached anyio-4.15.1-py3-none-any.whl.metadata (4.7 kB)
2026-09-19T04:54:33.8576412Z Collecting idna>=2.8 (from anyio<5,>=3.4.0->starlette<0.42.0,>=0.40.0->fastapi==0.115.6->-r requirements.txt (line 3))
2026-09-19T04:54:33.8650634Z   Using cached idna-3.20-py3-none-any.whl.metadata (7.2 kB)
2026-09-19T04:54:33.9108362Z Collecting click>=7.0 (from uvicorn->-r requirements.txt (line 4))
2026-09-19T04:54:33.9139115Z   Using cached click-8.5.0-py3-none-any.whl.metadata (2.6 kB)
2026-09-19T04:54:33.9339311Z Collecting h11>=0.8 (from uvicorn->-r requirements.txt (line 4))
2026-09-19T04:54:33.9370829Z   Using cached h11-0.16.0-py3-none-any.whl.metadata (8.3 kB)
2026-09-19T04:54:33.9692629Z Collecting requests>=2.22 (from ytmusicapi->-r requirements.txt (line 9))
2026-09-19T04:54:33.9723329Z   Using cached requests-2.34.2-py3-none-any.whl.metadata (4.8 kB)
2026-09-19T04:54:33.9983851Z Collecting colorama>=0.4 (from pytest->-r requirements.txt (line 10))
2026-09-19T04:54:34.0019627Z   Using cached colorama-0.4.6-py2.py3-none-any.whl.metadata (17 kB)
2026-09-19T04:54:34.0252322Z Collecting iniconfig>=1.0.1 (from pytest->-r requirements.txt (line 10))
2026-09-19T04:54:34.0281502Z   Using cached iniconfig-2.3.0-py3-none-any.whl.metadata (2.5 kB)
2026-09-19T04:54:34.0514968Z Collecting packaging>=22 (from pytest->-r requirements.txt (line 10))
2026-09-19T04:54:34.0543869Z   Using cached packaging-26.3-py3-none-any.whl.metadata (3.5 kB)
2026-09-19T04:54:34.0762734Z Collecting pluggy<2,>=1.5 (from pytest->-r requirements.txt (line 10))
2026-09-19T04:54:34.0791333Z   Using cached pluggy-1.6.0-py3-none-any.whl.metadata (4.8 kB)
2026-09-19T04:54:34.1070058Z Collecting pygments>=2.7.2 (from pytest->-r requirements.txt (line 10))
2026-09-19T04:54:34.1181958Z   Using cached pygments-2.21.0-py3-none-any.whl.metadata (2.5 kB)
2026-09-19T04:54:34.1475877Z Collecting tzdata (from psycopg[binary]->-r requirements.txt (line 11))
2026-09-19T04:54:34.1502458Z   Using cached tzdata-2026.4-py2.py3-none-any.whl.metadata (1.4 kB)
2026-09-19T04:54:34.3468017Z Collecting psycopg-binary==3.3.6 (from psycopg[binary]->-r requirements.txt (line 11))
2026-09-19T04:54:34.3529288Z   Downloading psycopg_binary-3.3.6-cp311-cp311-win_amd64.whl.metadata (2.8 kB)
2026-09-19T04:54:34.3974596Z Collecting argon2-cffi-bindings (from argon2-cffi->-r requirements.txt (line 13))
2026-09-19T04:54:34.4004284Z   Using cached argon2_cffi_bindings-26.1.0-cp310-abi3-win_amd64.whl.metadata (7.5 kB)
2026-09-19T04:54:34.5502503Z Collecting cffi>=2.0.0 (from cryptography>=42->-r requirements.txt (line 15))
2026-09-19T04:54:34.5531313Z   Using cached cffi-2.1.1-cp311-cp311-win_amd64.whl.metadata (2.6 kB)
2026-09-19T04:54:34.5750272Z Collecting pycparser (from cffi>=2.0.0->cryptography>=42->-r requirements.txt (line 15))
2026-09-19T04:54:34.5776789Z   Using cached pycparser-3.0-py3-none-any.whl.metadata (8.2 kB)
2026-09-19T04:54:34.7147385Z Collecting charset_normalizer<4,>=2 (from requests>=2.22->ytmusicapi->-r requirements.txt (line 9))
2026-09-19T04:54:34.7175550Z   Using cached charset_normalizer-3.5.1-cp311-cp311-win_amd64.whl.metadata (46 kB)
2026-09-19T04:54:34.7543977Z Collecting urllib3<3,>=1.26 (from requests>=2.22->ytmusicapi->-r requirements.txt (line 9))
2026-09-19T04:54:34.7570184Z   Using cached urllib3-2.8.0-py3-none-any.whl.metadata (7.4 kB)
2026-09-19T04:54:34.7841811Z Collecting certifi>=2023.5.7 (from requests>=2.22->ytmusicapi->-r requirements.txt (line 9))
2026-09-19T04:54:34.7867066Z   Using cached certifi-2026.7.22-py3-none-any.whl.metadata (2.5 kB)
2026-09-19T04:54:34.7979531Z Using cached fastapi-0.115.6-py3-none-any.whl (94 kB)
2026-09-19T04:54:34.8003161Z Using cached imageio_ffmpeg-0.6.0-py3-none-win_amd64.whl (31.2 MB)
2026-09-19T04:54:34.8192944Z Using cached watchdog-6.0.0-py3-none-win_amd64.whl (79 kB)
2026-09-19T04:54:34.8218239Z Using cached pydantic-2.13.5-py3-none-any.whl (472 kB)
2026-09-19T04:54:34.8243708Z Using cached pydantic_core-2.46.5-cp311-cp311-win_amd64.whl (2.0 MB)
2026-09-19T04:54:34.8277141Z Using cached starlette-0.41.3-py3-none-any.whl (73 kB)
2026-09-19T04:54:34.8303708Z Using cached anyio-4.15.1-py3-none-any.whl (132 kB)
2026-09-19T04:54:34.8327659Z Using cached jinja2-3.1.6-py3-none-any.whl (134 kB)
2026-09-19T04:54:34.8350992Z Using cached markupsafe-3.0.3-cp311-cp311-win_amd64.whl (15 kB)
2026-09-19T04:54:34.8373674Z Using cached uvicorn-0.53.0-py3-none-any.whl (87 kB)
2026-09-19T04:54:34.8400073Z Using cached websockets-17.1-cp311-cp311-win_amd64.whl (217 kB)
2026-09-19T04:54:34.8423406Z Using cached mutagen-1.48.1-py3-none-any.whl (195 kB)
2026-09-19T04:54:34.8446644Z Using cached pillow-12.3.0-cp311-cp311-win_amd64.whl (7.2 MB)
2026-09-19T04:54:34.8504733Z Using cached ytmusicapi-1.12.3-py3-none-any.whl (111 kB)
2026-09-19T04:54:34.8531092Z Using cached pytest-9.1.1-py3-none-any.whl (386 kB)
2026-09-19T04:54:34.8570511Z Using cached pluggy-1.6.0-py3-none-any.whl (20 kB)
2026-09-19T04:54:34.8624413Z Downloading psycopg-3.3.6-py3-none-any.whl (215 kB)
2026-09-19T04:54:35.0045207Z Downloading psycopg_binary-3.3.6-cp311-cp311-win_amd64.whl (3.7 MB)
2026-09-19T04:54:35.0561037Z    ---------------------------------------- 3.7/3.7 MB 72.6 MB/s  0:00:00
2026-09-19T04:54:35.0587155Z Using cached zstandard-0.25.0-cp311-cp311-win_amd64.whl (506 kB)
2026-09-19T04:54:35.0613569Z Using cached argon2_cffi-25.1.0-py3-none-any.whl (14 kB)
2026-09-19T04:54:35.0636091Z Using cached aiosmtplib-5.1.3-py3-none-any.whl (30 kB)
2026-09-19T04:54:35.0659017Z Using cached cryptography-50.0.1-cp311-abi3-win_amd64.whl (3.8 MB)
2026-09-19T04:54:35.0704026Z Using cached annotated_types-0.8.0-py3-none-any.whl (13 kB)
2026-09-19T04:54:35.0743382Z Using cached cffi-2.1.1-cp311-cp311-win_amd64.whl (185 kB)
2026-09-19T04:54:35.0766583Z Using cached click-8.5.0-py3-none-any.whl (125 kB)
2026-09-19T04:54:35.0790049Z Using cached colorama-0.4.6-py2.py3-none-any.whl (25 kB)
2026-09-19T04:54:35.0815978Z Using cached h11-0.16.0-py3-none-any.whl (37 kB)
2026-09-19T04:54:35.0839738Z Using cached idna-3.20-py3-none-any.whl (69 kB)
2026-09-19T04:54:35.0862361Z Using cached iniconfig-2.3.0-py3-none-any.whl (7.5 kB)
2026-09-19T04:54:35.0885075Z Using cached packaging-26.3-py3-none-any.whl (129 kB)
2026-09-19T04:54:35.0911316Z Using cached pygments-2.21.0-py3-none-any.whl (1.3 MB)
2026-09-19T04:54:35.0941461Z Using cached requests-2.34.2-py3-none-any.whl (73 kB)
2026-09-19T04:54:35.0964386Z Using cached charset_normalizer-3.5.1-cp311-cp311-win_amd64.whl (206 kB)
2026-09-19T04:54:35.0987726Z Using cached urllib3-2.8.0-py3-none-any.whl (135 kB)
2026-09-19T04:54:35.1014608Z Using cached certifi-2026.7.22-py3-none-any.whl (136 kB)
2026-09-19T04:54:35.1037888Z Using cached typing_extensions-4.16.0-py3-none-any.whl (45 kB)
2026-09-19T04:54:35.1066149Z Using cached typing_inspection-0.4.4-py3-none-any.whl (14 kB)
2026-09-19T04:54:35.1091699Z Using cached argon2_cffi_bindings-26.1.0-cp310-abi3-win_amd64.whl (25 kB)
2026-09-19T04:54:35.1119026Z Using cached pycparser-3.0-py3-none-any.whl (48 kB)
2026-09-19T04:54:35.1142026Z Using cached tzdata-2026.4-py2.py3-none-any.whl (347 kB)
2026-09-19T04:54:35.5112867Z Installing collected packages: zstandard, websockets, watchdog, urllib3, tzdata, typing-extensions, pygments, pycparser, psycopg-binary, pluggy, pillow, packaging, mutagen, markupsafe, iniconfig, imageio-ffmpeg, idna, h11, colorama, click, charset_normalizer, certifi, annotated-types, aiosmtplib, uvicorn, typing-inspection, requests, pytest, pydantic-core, psycopg, jinja2, cffi, anyio, ytmusicapi, starlette, pydantic, cryptography, argon2-cffi-bindings, fastapi, argon2-cffi
2026-09-19T04:54:48.6323154Z 
2026-09-19T04:54:48.6357991Z Successfully installed aiosmtplib-5.1.3 annotated-types-0.8.0 anyio-4.15.1 argon2-cffi-25.1.0 argon2-cffi-bindings-26.1.0 certifi-2026.7.22 cffi-2.1.1 charset_normalizer-3.5.1 click-8.5.0 colorama-0.4.6 cryptography-50.0.1 fastapi-0.115.6 h11-0.16.0 idna-3.20 imageio-ffmpeg-0.6.0 iniconfig-2.3.0 jinja2-3.1.6 markupsafe-3.0.3 mutagen-1.48.1 packaging-26.3 pillow-12.3.0 pluggy-1.6.0 psycopg-3.3.6 psycopg-binary-3.3.6 pycparser-3.0 pydantic-2.13.5 pydantic-core-2.46.5 pygments-2.21.0 pytest-9.1.1 requests-2.34.2 starlette-0.41.3 typing-extensions-4.16.0 typing-inspection-0.4.4 tzdata-2026.4 urllib3-2.8.0 uvicorn-0.53.0 watchdog-6.0.0 websockets-17.1 ytmusicapi-1.12.3 zstandard-0.25.0
2026-09-19T04:54:48.9110770Z ##[group]Run node scripts/ci/resolve-ci-shard.cjs functional metadata-mutations
2026-09-19T04:54:48.9111456Z [36;1mnode scripts/ci/resolve-ci-shard.cjs functional metadata-mutations[0m
2026-09-19T04:54:48.9185423Z shell: C:\Program Files\PowerShell\7\pwsh.EXE -command ". '{0}'"
2026-09-19T04:54:48.9185800Z env:
2026-09-19T04:54:48.9186128Z   ALBUM_HAVEN_EXPECTED_FFMPEG_VERSION: 7.1-essentials_build-www.gyan.dev
2026-09-19T04:54:48.9186567Z   ALBUM_HAVEN_FIXTURE_RELEASE: fixtures-v1.0.23
2026-09-19T04:54:48.9186916Z   ALBUM_HAVEN_FIXTURE_PROFILE: functional-core
2026-09-19T04:54:48.9187379Z   ALBUM_HAVEN_FIXTURE_ROOT: D:\a\_temp\album-haven-fixtures-5187e6984403460ca5142bad9ae03e95
2026-09-19T04:54:48.9188020Z   ALBUM_HAVEN_MEDIA_ROOT: D:\a\_temp\album-haven-fixtures-5187e6984403460ca5142bad9ae03e95\media
2026-09-19T04:54:48.9188572Z   pythonLocation: C:\hostedtoolcache\windows\Python\3.11.9\x64
2026-09-19T04:54:48.9189130Z   PKG_CONFIG_PATH: C:\hostedtoolcache\windows\Python\3.11.9\x64/lib/pkgconfig
2026-09-19T04:54:48.9189631Z   Python_ROOT_DIR: C:\hostedtoolcache\windows\Python\3.11.9\x64
2026-09-19T04:54:48.9190053Z   Python2_ROOT_DIR: C:\hostedtoolcache\windows\Python\3.11.9\x64
2026-09-19T04:54:48.9190495Z   Python3_ROOT_DIR: C:\hostedtoolcache\windows\Python\3.11.9\x64
2026-09-19T04:54:48.9190838Z ##[endgroup]
2026-09-19T04:54:49.4149806Z ##[group]Run browser-actions/setup-chrome@v2
2026-09-19T04:54:49.4150175Z with:
2026-09-19T04:54:49.4150367Z   chrome-version: 151.0.7922.138
2026-09-19T04:54:49.4150631Z   install-dependencies: false
2026-09-19T04:54:49.4150882Z   install-chromedriver: false
2026-09-19T04:54:49.4151110Z   no-sudo: false
2026-09-19T04:54:49.4151285Z env:
2026-09-19T04:54:49.4151564Z   ALBUM_HAVEN_EXPECTED_FFMPEG_VERSION: 7.1-essentials_build-www.gyan.dev
2026-09-19T04:54:49.4151980Z   ALBUM_HAVEN_FIXTURE_RELEASE: fixtures-v1.0.23
2026-09-19T04:54:49.4152298Z   ALBUM_HAVEN_FIXTURE_PROFILE: functional-core
2026-09-19T04:54:49.4152753Z   ALBUM_HAVEN_FIXTURE_ROOT: D:\a\_temp\album-haven-fixtures-5187e6984403460ca5142bad9ae03e95
2026-09-19T04:54:49.4153685Z   ALBUM_HAVEN_MEDIA_ROOT: D:\a\_temp\album-haven-fixtures-5187e6984403460ca5142bad9ae03e95\media
2026-09-19T04:54:49.4154220Z   pythonLocation: C:\hostedtoolcache\windows\Python\3.11.9\x64
2026-09-19T04:54:49.4154705Z   PKG_CONFIG_PATH: C:\hostedtoolcache\windows\Python\3.11.9\x64/lib/pkgconfig
2026-09-19T04:54:49.4155159Z   Python_ROOT_DIR: C:\hostedtoolcache\windows\Python\3.11.9\x64
2026-09-19T04:54:49.4155567Z   Python2_ROOT_DIR: C:\hostedtoolcache\windows\Python\3.11.9\x64
2026-09-19T04:54:49.4155969Z   Python3_ROOT_DIR: C:\hostedtoolcache\windows\Python\3.11.9\x64
2026-09-19T04:54:49.4156278Z ##[endgroup]
2026-09-19T04:54:49.5156301Z Setup chrome 151.0.7922.138
2026-09-19T04:54:49.5169265Z Attempting to download chrome 151.0.7922.138...
2026-09-19T04:54:49.7825608Z Acquiring chrome 151.0.7922.138 from https://storage.googleapis.com/chrome-for-testing-public/151.0.7922.138/win64/chrome-win64.zip
2026-09-19T04:54:51.0838354Z Installing chrome...
2026-09-19T04:54:51.1881414Z [command]"C:\Program Files\PowerShell\7\pwsh.exe" -NoLogo -NoProfile -NonInteractive -ExecutionPolicy Unrestricted -Command "$ErrorActionPreference = 'Stop' ; try { Add-Type -AssemblyName System.IO.Compression.ZipFile } catch { } ; try { [System.IO.Compression.ZipFile]::ExtractToDirectory('D:\a\_temp\f6e35567-4217-4e79-8791-a159135272fc', 'D:\a\_temp\396f0b02-5f9d-4d52-9e01-da3ab2395aa0', $true) } catch { if (($_.Exception.GetType().FullName -eq 'System.Management.Automation.MethodException') -or ($_.Exception.GetType().FullName -eq 'System.Management.Automation.RuntimeException') ){ Expand-Archive -LiteralPath 'D:\a\_temp\f6e35567-4217-4e79-8791-a159135272fc' -DestinationPath 'D:\a\_temp\396f0b02-5f9d-4d52-9e01-da3ab2395aa0' -Force } else { throw $_ } } ;"
2026-09-19T04:54:53.3440020Z Successfully Installed chrome to C:\hostedtoolcache\windows\setup-chrome\chrome\151.0.7922.138\x64
2026-09-19T04:54:53.4303834Z [command]C:\Windows\System32\WindowsPowerShell\v1.0\powershell.exe -Command "(Get-Item (Get-Command 'C:\hostedtoolcache\windows\setup-chrome\chrome\151.0.7922.138\x64\chrome.exe').Source).VersionInfo.ProductVersion"
2026-09-19T04:54:56.0761237Z 151.0.7922.138
2026-09-19T04:54:56.1159427Z Successfully setup chrome 151.0.7922.138
2026-09-19T04:54:56.1455165Z ##[group]Run $sourceRoot = [IO.Path]::GetFullPath($env:ALBUM_HAVEN_FIXTURE_ROOT)
2026-09-19T04:54:56.1455842Z [36;1m$sourceRoot = [IO.Path]::GetFullPath($env:ALBUM_HAVEN_FIXTURE_ROOT)[0m
2026-09-19T04:54:56.1456547Z [36;1m$workRoot = [IO.Path]::GetFullPath((Join-Path "D:\a\_temp" "album-haven-e2e-functional-fixtures-metadata-mutations"))[0m
2026-09-19T04:54:56.1457186Z [36;1m$sharedRoot = Join-Path $workRoot "shared"[0m
2026-09-19T04:54:56.1457586Z [36;1m$runnerTemp = [IO.Path]::GetFullPath("D:\a\_temp")[0m
2026-09-19T04:54:56.1458367Z [36;1m$relativeWork = [IO.Path]::GetRelativePath($runnerTemp, $workRoot)[0m
2026-09-19T04:54:56.1459168Z [36;1mif ([string]::IsNullOrWhiteSpace($relativeWork) -or $relativeWork.StartsWith("..") -or [IO.Path]::IsPathRooted($relativeWork)) {[0m
2026-09-19T04:54:56.1459935Z [36;1m  throw "Functional fixture work root must be a non-root child of RUNNER_TEMP."[0m
2026-09-19T04:54:56.1460371Z [36;1m}[0m
2026-09-19T04:54:56.1460811Z [36;1mif (-not (Test-Path -LiteralPath (Join-Path $sourceRoot "manifest.json") -PathType Leaf) -or[0m
2026-09-19T04:54:56.1461477Z [36;1m    -not (Test-Path -LiteralPath (Join-Path $sourceRoot "database") -PathType Container) -or[0m
2026-09-19T04:54:56.1462119Z [36;1m    -not (Test-Path -LiteralPath (Join-Path $sourceRoot "media") -PathType Container)) {[0m
2026-09-19T04:54:56.1462640Z [36;1m  throw "Downloaded functional fixture is incomplete."[0m
2026-09-19T04:54:56.1462963Z [36;1m}[0m
2026-09-19T04:54:56.1463181Z [36;1mif (Test-Path -LiteralPath $workRoot) {[0m
2026-09-19T04:54:56.1463569Z [36;1m  throw "Functional fixture work root must not already exist."[0m
2026-09-19T04:54:56.1464129Z [36;1m}[0m
2026-09-19T04:54:56.1464400Z [36;1mNew-Item -ItemType Directory -Path $workRoot | Out-Null[0m
2026-09-19T04:54:56.1464867Z [36;1mCopy-Item -LiteralPath $sourceRoot -Destination $sharedRoot -Recurse[0m
2026-09-19T04:54:56.1465467Z [36;1mif (-not (Test-Path -LiteralPath (Join-Path $sharedRoot "manifest.json") -PathType Leaf) -or[0m
2026-09-19T04:54:56.1466109Z [36;1m    -not (Test-Path -LiteralPath (Join-Path $sharedRoot "database") -PathType Container) -or[0m
2026-09-19T04:54:56.1466736Z [36;1m    -not (Test-Path -LiteralPath (Join-Path $sharedRoot "media") -PathType Container)) {[0m
2026-09-19T04:54:56.1467257Z [36;1m  throw "Writable functional fixture copy is incomplete."[0m
2026-09-19T04:54:56.1467584Z [36;1m}[0m
2026-09-19T04:54:56.1468033Z [36;1m"ALBUM_HAVEN_FUNCTIONAL_FIXTURE_WORK_ROOT=$workRoot" | Out-File -FilePath $env:GITHUB_ENV -Append -Encoding utf8[0m
2026-09-19T04:54:56.1468842Z [36;1m"ALBUM_HAVEN_FUNCTIONAL_SOURCE_FIXTURE_ROOT=$sourceRoot" | Out-File -FilePath $env:GITHUB_ENV -Append -Encoding utf8[0m
2026-09-19T04:54:56.1469592Z [36;1m"ALBUM_HAVEN_FIXTURE_ROOT=$sharedRoot" | Out-File -FilePath $env:GITHUB_ENV -Append -Encoding utf8[0m
2026-09-19T04:54:56.1470342Z [36;1m"ALBUM_HAVEN_MEDIA_ROOT=$(Join-Path $sharedRoot 'media')" | Out-File -FilePath $env:GITHUB_ENV -Append -Encoding utf8[0m
2026-09-19T04:54:56.1544194Z shell: C:\Program Files\PowerShell\7\pwsh.EXE -command ". '{0}'"
2026-09-19T04:54:56.1544556Z env:
2026-09-19T04:54:56.1544851Z   ALBUM_HAVEN_EXPECTED_FFMPEG_VERSION: 7.1-essentials_build-www.gyan.dev
2026-09-19T04:54:56.1545394Z   ALBUM_HAVEN_FIXTURE_RELEASE: fixtures-v1.0.23
2026-09-19T04:54:56.1545734Z   ALBUM_HAVEN_FIXTURE_PROFILE: functional-core
2026-09-19T04:54:56.1546211Z   ALBUM_HAVEN_FIXTURE_ROOT: D:\a\_temp\album-haven-fixtures-5187e6984403460ca5142bad9ae03e95
2026-09-19T04:54:56.1546863Z   ALBUM_HAVEN_MEDIA_ROOT: D:\a\_temp\album-haven-fixtures-5187e6984403460ca5142bad9ae03e95\media
2026-09-19T04:54:56.1547433Z   pythonLocation: C:\hostedtoolcache\windows\Python\3.11.9\x64
2026-09-19T04:54:56.1547898Z   PKG_CONFIG_PATH: C:\hostedtoolcache\windows\Python\3.11.9\x64/lib/pkgconfig
2026-09-19T04:54:56.1548365Z   Python_ROOT_DIR: C:\hostedtoolcache\windows\Python\3.11.9\x64
2026-09-19T04:54:56.1550369Z   Python2_ROOT_DIR: C:\hostedtoolcache\windows\Python\3.11.9\x64
2026-09-19T04:54:56.1550896Z   Python3_ROOT_DIR: C:\hostedtoolcache\windows\Python\3.11.9\x64
2026-09-19T04:54:56.1551244Z ##[endgroup]
2026-09-19T04:54:57.9502770Z ##[group]Run if (-not (Test-Path -LiteralPath ".\scripts\ci\load-fixture-profile.py" -PathType Leaf)) {
2026-09-19T04:54:57.9503604Z [36;1mif (-not (Test-Path -LiteralPath ".\scripts\ci\load-fixture-profile.py" -PathType Leaf)) {[0m
2026-09-19T04:54:57.9504213Z [36;1m  throw "scripts/ci/load-fixture-profile.py is required."[0m
2026-09-19T04:54:57.9504809Z [36;1m}[0m
2026-09-19T04:54:57.9505095Z [36;1m$env:PLAYWRIGHT_PROVIDER_PORT = ([int]"5400" + 2).ToString()[0m
2026-09-19T04:54:57.9505538Z [36;1m.\scripts\ci\bootstrap-windows-postgres.ps1 `[0m
2026-09-19T04:54:57.9505859Z [36;1m  -Mode Provision `[0m
2026-09-19T04:54:57.9506109Z [36;1m  -ExpectedMajorVersion 17 `[0m
2026-09-19T04:54:57.9506388Z [36;1m  -Pgbin $env:PGBIN `[0m
2026-09-19T04:54:57.9506843Z [36;1m  -HostName 127.0.0.1 `[0m
2026-09-19T04:54:57.9507156Z [36;1m  -DatabaseSuffix "f_35419743702_2_2" `[0m
2026-09-19T04:54:57.9507646Z [36;1m  -StatePath "D:\a\_temp\album-haven-functional-metadata-mutations.state.json"[0m
2026-09-19T04:54:57.9578955Z shell: C:\Program Files\PowerShell\7\pwsh.EXE -command ". '{0}'"
2026-09-19T04:54:57.9579306Z env:
2026-09-19T04:54:57.9579616Z   ALBUM_HAVEN_EXPECTED_FFMPEG_VERSION: 7.1-essentials_build-www.gyan.dev
2026-09-19T04:54:57.9580050Z   ALBUM_HAVEN_FIXTURE_RELEASE: fixtures-v1.0.23
2026-09-19T04:54:57.9580384Z   ALBUM_HAVEN_FIXTURE_PROFILE: functional-core
2026-09-19T04:54:57.9580898Z   ALBUM_HAVEN_FIXTURE_ROOT: D:\a\_temp\album-haven-e2e-functional-fixtures-metadata-mutations\shared
2026-09-19T04:54:57.9581793Z   ALBUM_HAVEN_MEDIA_ROOT: D:\a\_temp\album-haven-e2e-functional-fixtures-metadata-mutations\shared\media
2026-09-19T04:54:57.9582395Z   pythonLocation: C:\hostedtoolcache\windows\Python\3.11.9\x64
2026-09-19T04:54:57.9582865Z   PKG_CONFIG_PATH: C:\hostedtoolcache\windows\Python\3.11.9\x64/lib/pkgconfig
2026-09-19T04:54:57.9583316Z   Python_ROOT_DIR: C:\hostedtoolcache\windows\Python\3.11.9\x64
2026-09-19T04:54:57.9583747Z   Python2_ROOT_DIR: C:\hostedtoolcache\windows\Python\3.11.9\x64
2026-09-19T04:54:57.9584149Z   Python3_ROOT_DIR: C:\hostedtoolcache\windows\Python\3.11.9\x64
2026-09-19T04:54:57.9584725Z   ALBUM_HAVEN_FUNCTIONAL_FIXTURE_WORK_ROOT: D:\a\_temp\album-haven-e2e-functional-fixtures-metadata-mutations
2026-09-19T04:54:57.9585824Z   ALBUM_HAVEN_FUNCTIONAL_SOURCE_FIXTURE_ROOT: D:\a\_temp\album-haven-fixtures-5187e6984403460ca5142bad9ae03e95
2026-09-19T04:54:57.9586322Z ##[endgroup]
2026-09-19T04:55:02.1718842Z BEGIN
2026-09-19T04:55:02.3045401Z DO
2026-09-19T04:55:02.3560286Z CREATE ROLE
2026-09-19T04:55:02.3668394Z CREATE ROLE
2026-09-19T04:55:02.3843318Z CREATE ROLE
2026-09-19T04:55:02.3861235Z COMMIT
2026-09-19T04:55:04.1499020Z CREATE DATABASE
2026-09-19T04:55:04.2176515Z REVOKE
2026-09-19T04:55:04.2201063Z GRANT
2026-09-19T04:55:04.2227274Z GRANT
2026-09-19T04:55:04.2973480Z CREATE SCHEMA
2026-09-19T04:55:04.2974655Z CREATE SCHEMA
2026-09-19T04:55:04.2977003Z CREATE SCHEMA
2026-09-19T04:55:04.2978934Z CREATE SCHEMA
2026-09-19T04:55:04.3245675Z CREATE TABLE
2026-09-19T04:55:04.3394187Z CREATE TABLE
2026-09-19T04:55:04.3449567Z CREATE TABLE
2026-09-19T04:55:04.3458446Z CREATE INDEX
2026-09-19T04:55:04.3467712Z CREATE INDEX
2026-09-19T04:55:04.3504615Z CREATE TABLE
2026-09-19T04:55:04.3513013Z CREATE INDEX
2026-09-19T04:55:04.3521230Z CREATE INDEX
2026-09-19T04:55:04.3556091Z CREATE TABLE
2026-09-19T04:55:04.3564902Z CREATE INDEX
2026-09-19T04:55:04.3575683Z CREATE INDEX
2026-09-19T04:55:04.3612980Z CREATE TABLE
2026-09-19T04:55:04.3621796Z CREATE INDEX
2026-09-19T04:55:04.3630766Z CREATE INDEX
2026-09-19T04:55:04.3699084Z CREATE TABLE
2026-09-19T04:55:04.3707774Z CREATE INDEX
2026-09-19T04:55:04.3716700Z CREATE INDEX
2026-09-19T04:55:04.3726399Z CREATE INDEX
2026-09-19T04:55:04.3761780Z CREATE TABLE
2026-09-19T04:55:04.3770901Z CREATE INDEX
2026-09-19T04:55:04.3779383Z CREATE INDEX
2026-09-19T04:55:04.3816322Z CREATE TABLE
2026-09-19T04:55:04.3826220Z CREATE INDEX
2026-09-19T04:55:04.3841284Z CREATE INDEX
2026-09-19T04:55:04.3874244Z CREATE TABLE
2026-09-19T04:55:04.3882723Z CREATE INDEX
2026-09-19T04:55:04.3916896Z CREATE TABLE
2026-09-19T04:55:04.3925677Z CREATE INDEX
2026-09-19T04:55:04.3934444Z CREATE INDEX
2026-09-19T04:55:04.4018127Z CREATE TABLE
2026-09-19T04:55:04.4026981Z CREATE INDEX
2026-09-19T04:55:04.4035394Z CREATE INDEX
2026-09-19T04:55:04.4065008Z CREATE INDEX
2026-09-19T04:55:04.4073803Z CREATE INDEX
2026-09-19T04:55:04.4124608Z CREATE TABLE
2026-09-19T04:55:04.4134538Z CREATE INDEX
2026-09-19T04:55:04.4143636Z CREATE INDEX
2026-09-19T04:55:04.4152806Z CREATE INDEX
2026-09-19T04:55:04.4162026Z CREATE INDEX
2026-09-19T04:55:04.4171469Z CREATE INDEX
2026-09-19T04:55:04.4212942Z CREATE TABLE
2026-09-19T04:55:04.4221718Z CREATE INDEX
2026-09-19T04:55:04.4230827Z CREATE INDEX
2026-09-19T04:55:04.4239472Z CREATE INDEX
2026-09-19T04:55:04.4248177Z CREATE INDEX
2026-09-19T04:55:04.4257899Z CREATE INDEX
2026-09-19T04:55:04.4300015Z CREATE TABLE
2026-09-19T04:55:04.4308495Z CREATE INDEX
2026-09-19T04:55:04.4317887Z CREATE INDEX
2026-09-19T04:55:04.4326172Z CREATE INDEX
2026-09-19T04:55:04.4336692Z CREATE INDEX
2026-09-19T04:55:04.4345462Z CREATE INDEX
2026-09-19T04:55:04.4354199Z CREATE INDEX
2026-09-19T04:55:04.4393209Z CREATE TABLE
2026-09-19T04:55:04.4402105Z CREATE INDEX
2026-09-19T04:55:04.4410434Z CREATE INDEX
2026-09-19T04:55:04.4419378Z CREATE INDEX
2026-09-19T04:55:04.4457334Z CREATE TABLE
2026-09-19T04:55:04.4466341Z CREATE INDEX
2026-09-19T04:55:04.4475903Z CREATE INDEX
2026-09-19T04:55:04.4528145Z CREATE TABLE
2026-09-19T04:55:04.4540309Z CREATE INDEX
2026-09-19T04:55:04.4557193Z CREATE INDEX
2026-09-19T04:55:04.4592708Z CREATE TABLE
2026-09-19T04:55:04.4601191Z CREATE INDEX
2026-09-19T04:55:04.4613734Z CREATE INDEX
2026-09-19T04:55:04.4652906Z CREATE TABLE
2026-09-19T04:55:04.4662433Z CREATE INDEX
2026-09-19T04:55:04.4672866Z CREATE INDEX
2026-09-19T04:55:04.4714761Z CREATE TABLE
2026-09-19T04:55:04.4726470Z CREATE INDEX
2026-09-19T04:55:04.4738514Z CREATE INDEX
2026-09-19T04:55:04.4779245Z CREATE TABLE
2026-09-19T04:55:04.4789565Z CREATE INDEX
2026-09-19T04:55:04.4799103Z CREATE INDEX
2026-09-19T04:55:04.4808774Z CREATE INDEX
2026-09-19T04:55:04.4869138Z CREATE TABLE
2026-09-19T04:55:04.4881110Z CREATE INDEX
2026-09-19T04:55:04.4890583Z CREATE INDEX
2026-09-19T04:55:04.4899153Z CREATE INDEX
2026-09-19T04:55:04.4908654Z CREATE INDEX
2026-09-19T04:55:04.4956383Z CREATE TABLE
2026-09-19T04:55:04.4968432Z CREATE INDEX
2026-09-19T04:55:04.4980739Z CREATE INDEX
2026-09-19T04:55:04.4993011Z CREATE INDEX
2026-09-19T04:55:04.5004707Z CREATE INDEX
2026-09-19T04:55:04.5016592Z CREATE INDEX
2026-09-19T04:55:04.5061422Z CREATE TABLE
2026-09-19T04:55:04.5071748Z CREATE INDEX
2026-09-19T04:55:04.5111690Z CREATE TABLE
2026-09-19T04:55:04.5123751Z CREATE INDEX
2026-09-19T04:55:04.5193181Z CREATE TABLE
2026-09-19T04:55:04.5203297Z CREATE INDEX
2026-09-19T04:55:04.5214259Z CREATE INDEX
2026-09-19T04:55:04.5226802Z CREATE INDEX
2026-09-19T04:55:04.5240672Z CREATE INDEX
2026-09-19T04:55:04.5281835Z CREATE TABLE
2026-09-19T04:55:04.5290957Z CREATE INDEX
2026-09-19T04:55:04.5301264Z CREATE INDEX
2026-09-19T04:55:04.5342968Z CREATE TABLE
2026-09-19T04:55:04.5356139Z CREATE INDEX
2026-09-19T04:55:04.5368723Z CREATE INDEX
2026-09-19T04:55:04.5380151Z CREATE INDEX
2026-09-19T04:55:04.5392093Z CREATE INDEX
2026-09-19T04:55:04.5458998Z CREATE TABLE
2026-09-19T04:55:04.5468617Z CREATE INDEX
2026-09-19T04:55:04.5478586Z CREATE INDEX
2026-09-19T04:55:04.5488576Z CREATE INDEX
2026-09-19T04:55:04.5498860Z CREATE INDEX
2026-09-19T04:55:04.5557197Z CREATE TABLE
2026-09-19T04:55:04.5566721Z CREATE INDEX
2026-09-19T04:55:04.5576930Z CREATE INDEX
2026-09-19T04:55:04.5588753Z CREATE INDEX
2026-09-19T04:55:04.5627824Z CREATE TABLE
2026-09-19T04:55:04.5640301Z CREATE INDEX
2026-09-19T04:55:04.5698682Z CREATE TABLE
2026-09-19T04:55:04.5728067Z CREATE INDEX
2026-09-19T04:55:04.5739928Z CREATE INDEX
2026-09-19T04:55:04.5807581Z DO
2026-09-19T04:55:04.5990017Z DO
2026-09-19T04:55:04.5998904Z DO
2026-09-19T04:55:04.6088153Z DO
2026-09-19T04:55:04.6857808Z INSERT 0 1
2026-09-19T04:55:04.7512237Z CREATE TABLE
2026-09-19T04:55:04.7524162Z CREATE INDEX
2026-09-19T04:55:04.7533103Z CREATE INDEX
2026-09-19T04:55:04.7543103Z CREATE INDEX
2026-09-19T04:55:04.7551044Z CREATE INDEX
2026-09-19T04:55:04.7559998Z CREATE INDEX
2026-09-19T04:55:04.7569853Z CREATE INDEX
2026-09-19T04:55:04.7594148Z CREATE INDEX
2026-09-19T04:55:04.7606417Z DO
2026-09-19T04:55:04.7615206Z DO
2026-09-19T04:55:04.7632988Z DO
2026-09-19T04:55:04.8261610Z INSERT 0 1
2026-09-19T04:55:04.9055380Z ALTER TABLE
2026-09-19T04:55:04.9061105Z ALTER TABLE
2026-09-19T04:55:04.9069502Z ALTER TABLE
2026-09-19T04:55:04.9076765Z ALTER TABLE
2026-09-19T04:55:04.9093230Z CREATE INDEX
2026-09-19T04:55:04.9103540Z CREATE INDEX
2026-09-19T04:55:04.9115040Z CREATE INDEX
2026-09-19T04:55:04.9127269Z CREATE INDEX
2026-09-19T04:55:04.9137195Z CREATE INDEX
2026-09-19T04:55:04.9149767Z CREATE INDEX
2026-09-19T04:55:04.9163030Z CREATE INDEX
2026-09-19T04:55:04.9174556Z CREATE INDEX
2026-09-19T04:55:05.0938684Z INSERT 0 1
2026-09-19T04:55:05.1611654Z CREATE INDEX
2026-09-19T04:55:05.1625059Z CREATE INDEX
2026-09-19T04:55:05.1637853Z CREATE INDEX
2026-09-19T04:55:05.2290550Z INSERT 0 1
2026-09-19T04:55:05.3895475Z CREATE TABLE
2026-09-19T04:55:05.3903402Z INSERT 0 6
2026-09-19T04:55:05.3947168Z CREATE TABLE
2026-09-19T04:55:05.3957268Z CREATE INDEX
2026-09-19T04:55:05.3966805Z CREATE INDEX
2026-09-19T04:55:05.4025198Z CREATE TABLE
2026-09-19T04:55:05.4034416Z CREATE INDEX
2026-09-19T04:55:05.4044604Z CREATE INDEX
2026-09-19T04:55:05.4056193Z CREATE INDEX
2026-09-19T04:55:05.4077852Z DO
2026-09-19T04:55:05.4102114Z DO
2026-09-19T04:55:05.4812454Z INSERT 0 1
2026-09-19T04:55:05.5476062Z UPDATE 0
2026-09-19T04:55:05.5489113Z psql:D:/a/AlbumHaven/AlbumHaven/migrations/postgres/0006_scope_lastfm_sync_identities.sql:26: NOTICE:  index "lastfm_sessions_account_username_idx" does not exist, skipping
2026-09-19T04:55:05.5490565Z DROP INDEX
2026-09-19T04:55:05.5538021Z CREATE INDEX
2026-09-19T04:55:05.5542139Z psql:D:/a/AlbumHaven/AlbumHaven/migrations/postgres/0006_scope_lastfm_sync_identities.sql:31: NOTICE:  index "pending_scrobbles_source_identity_idx" does not exist, skipping
2026-09-19T04:55:05.5543630Z DROP INDEX
2026-09-19T04:55:05.5547539Z psql:D:/a/AlbumHaven/AlbumHaven/migrations/postgres/0006_scope_lastfm_sync_identities.sql:43: NOTICE:  relation "pending_scrobbles_source_identity_idx" already exists, skipping
2026-09-19T04:55:05.5548690Z CREATE INDEX
2026-09-19T04:55:05.5550995Z psql:D:/a/AlbumHaven/AlbumHaven/migrations/postgres/0006_scope_lastfm_sync_identities.sql:45: NOTICE:  index "scrobble_retry_state_source_identity_idx" does not exist, skipping
2026-09-19T04:55:05.5553220Z DROP INDEX
2026-09-19T04:55:05.5555826Z psql:D:/a/AlbumHaven/AlbumHaven/migrations/postgres/0006_scope_lastfm_sync_identities.sql:59: NOTICE:  relation "scrobble_retry_state_source_identity_idx" already exists, skipping
2026-09-19T04:55:05.5556685Z CREATE INDEX
2026-09-19T04:55:05.6250363Z INSERT 0 1
2026-09-19T04:55:05.6980582Z DROP INDEX
2026-09-19T04:55:05.7003795Z CREATE INDEX
2026-09-19T04:55:05.7709062Z INSERT 0 1
2026-09-19T04:55:05.8280654Z DROP INDEX
2026-09-19T04:55:05.8303855Z CREATE INDEX
2026-09-19T04:55:05.9957827Z INSERT 0 1
2026-09-19T04:55:06.1623065Z CREATE TABLE
2026-09-19T04:55:06.1632202Z CREATE INDEX
2026-09-19T04:55:06.1642103Z CREATE INDEX
2026-09-19T04:55:06.1668747Z DO
2026-09-19T04:55:06.2301925Z INSERT 0 1
2026-09-19T04:55:06.2983637Z CREATE TABLE
2026-09-19T04:55:06.2992455Z CREATE INDEX
2026-09-19T04:55:06.3002798Z CREATE INDEX
2026-09-19T04:55:06.3012689Z CREATE INDEX
2026-09-19T04:55:06.3049949Z CREATE TABLE
2026-09-19T04:55:06.3058410Z CREATE INDEX
2026-09-19T04:55:06.3067472Z CREATE INDEX
2026-09-19T04:55:06.3076521Z CREATE INDEX
2026-09-19T04:55:06.3107302Z DO
2026-09-19T04:55:06.3738847Z INSERT 0 1
2026-09-19T04:55:06.4363772Z CREATE TABLE
2026-09-19T04:55:06.4375980Z CREATE INDEX
2026-09-19T04:55:06.4384972Z CREATE INDEX
2026-09-19T04:55:06.4396110Z CREATE INDEX
2026-09-19T04:55:06.4420356Z DO
2026-09-19T04:55:06.6060187Z INSERT 0 1
2026-09-19T04:55:06.6688795Z CREATE TABLE
2026-09-19T04:55:06.6697962Z CREATE INDEX
2026-09-19T04:55:06.6708144Z CREATE INDEX
2026-09-19T04:55:06.6718149Z CREATE INDEX
2026-09-19T04:55:06.6744910Z DO
2026-09-19T04:55:06.7417073Z INSERT 0 1
2026-09-19T04:55:06.8085960Z CREATE TABLE
2026-09-19T04:55:06.8096659Z CREATE INDEX
2026-09-19T04:55:06.8110336Z CREATE INDEX
2026-09-19T04:55:06.8122653Z CREATE INDEX
2026-09-19T04:55:06.8151543Z DO
2026-09-19T04:55:06.9813308Z INSERT 0 1
2026-09-19T04:55:07.1409885Z UPDATE 0
2026-09-19T04:55:07.2010723Z INSERT 0 1
2026-09-19T04:55:07.2648317Z CREATE TABLE
2026-09-19T04:55:07.2658196Z CREATE INDEX
2026-09-19T04:55:07.2667045Z CREATE INDEX
2026-09-19T04:55:07.2676256Z CREATE INDEX
2026-09-19T04:55:07.2685895Z CREATE INDEX
2026-09-19T04:55:07.2694689Z CREATE INDEX
2026-09-19T04:55:07.2707082Z CREATE INDEX
2026-09-19T04:55:07.2734293Z DO
2026-09-19T04:55:07.3375737Z INSERT 0 1
2026-09-19T04:55:07.4035093Z DO
2026-09-19T04:55:07.4665608Z INSERT 0 1
2026-09-19T04:55:07.5313435Z CREATE TABLE
2026-09-19T04:55:07.5323723Z CREATE INDEX
2026-09-19T04:55:07.5334207Z INSERT 0 1
2026-09-19T04:55:07.5337367Z GRANT
2026-09-19T04:55:07.5986347Z INSERT 0 1
2026-09-19T04:55:07.6552873Z DROP INDEX
2026-09-19T04:55:07.6574065Z CREATE INDEX
2026-09-19T04:55:07.6653876Z UPDATE 0
2026-09-19T04:55:07.7269904Z INSERT 0 1
2026-09-19T04:55:07.7826510Z psql:D:/a/AlbumHaven/AlbumHaven/migrations/postgres/0019_create_local_album_featured_artists.sql:13: NOTICE:  relation "local_album_featured_artists" already exists, skipping
2026-09-19T04:55:07.7827373Z CREATE TABLE
2026-09-19T04:55:07.7833335Z psql:D:/a/AlbumHaven/AlbumHaven/migrations/postgres/0019_create_local_album_featured_artists.sql:16: NOTICE:  relation "local_album_featured_artists_library_id_idx" already exists, skipping
2026-09-19T04:55:07.7834638Z CREATE INDEX
2026-09-19T04:55:07.7836974Z psql:D:/a/AlbumHaven/AlbumHaven/migrations/postgres/0019_create_local_album_featured_artists.sql:19: NOTICE:  relation "local_album_featured_artists_album_id_idx" already exists, skipping
2026-09-19T04:55:07.7838756Z CREATE INDEX
2026-09-19T04:55:07.7839813Z psql:D:/a/AlbumHaven/AlbumHaven/migrations/postgres/0019_create_local_album_featured_artists.sql:22: NOTICE:  relation "local_album_featured_artists_artist_id_idx" already exists, skipping
2026-09-19T04:55:07.7840641Z CREATE INDEX
2026-09-19T04:55:07.7843246Z psql:D:/a/AlbumHaven/AlbumHaven/migrations/postgres/0019_create_local_album_featured_artists.sql:25: NOTICE:  relation "local_album_featured_artists_library_artist_idx" already exists, skipping
2026-09-19T04:55:07.7844865Z CREATE INDEX
2026-09-19T04:55:07.7847436Z psql:D:/a/AlbumHaven/AlbumHaven/migrations/postgres/0019_create_local_album_featured_artists.sql:28: NOTICE:  relation "local_album_featured_artists_identity_idx" already exists, skipping
2026-09-19T04:55:07.7848293Z CREATE INDEX
2026-09-19T04:55:07.7878872Z DO
2026-09-19T04:55:07.9539827Z INSERT 0 1
2026-09-19T04:55:08.0143375Z DO
2026-09-19T04:55:08.0757951Z INSERT 0 1
2026-09-19T04:55:08.1327037Z psql:D:/a/AlbumHaven/AlbumHaven/migrations/postgres/0021_add_problematic_file_generated_projection.sql:1: NOTICE:  index "local_track_files_active_track_projection_idx" does not exist, skipping
2026-09-19T04:55:08.1328015Z DROP INDEX
2026-09-19T04:55:08.1352198Z CREATE FUNCTION
2026-09-19T04:55:08.1354345Z REVOKE
2026-09-19T04:55:08.1376313Z DO
2026-09-19T04:55:08.1590361Z ALTER TABLE
2026-09-19T04:55:08.1688670Z ALTER TABLE
2026-09-19T04:55:08.1769299Z ALTER TABLE
2026-09-19T04:55:08.2471510Z INSERT 0 1
2026-09-19T04:55:08.3079819Z DROP INDEX
2026-09-19T04:55:08.3105013Z CREATE INDEX
2026-09-19T04:55:08.3108187Z DROP INDEX
2026-09-19T04:55:08.3121452Z CREATE INDEX
2026-09-19T04:55:08.3744119Z INSERT 0 1
2026-09-19T04:55:08.4309358Z CREATE FUNCTION
2026-09-19T04:55:08.4312791Z CREATE FUNCTION
2026-09-19T04:55:08.4332442Z CREATE FUNCTION
2026-09-19T04:55:08.4338121Z psql:D:/a/AlbumHaven/AlbumHaven/migrations/postgres/0023_link_local_track_files_to_library_***s.sql:162: NOTICE:  function library.windows_path_key(text) does not exist, skipping
2026-09-19T04:55:08.4338974Z DROP FUNCTION
2026-09-19T04:55:08.4346060Z CREATE FUNCTION
2026-09-19T04:55:08.4399191Z UPDATE 0
2026-09-19T04:55:08.4427772Z UPDATE 0
2026-09-19T04:55:08.4434738Z DO
2026-09-19T04:55:08.4436893Z REVOKE
2026-09-19T04:55:08.4438632Z REVOKE
2026-09-19T04:55:08.4442086Z REVOKE
2026-09-19T04:55:08.4444426Z REVOKE
2026-09-19T04:55:08.4465334Z DO
2026-09-19T04:55:08.5182873Z INSERT 0 1
2026-09-19T04:55:08.7122608Z CREATE EXTENSION
2026-09-19T04:55:08.7230388Z DO
2026-09-19T04:55:08.7857974Z INSERT 0 1
2026-09-19T04:55:08.8438858Z DO
2026-09-19T04:55:08.9065963Z INSERT 0 1
2026-09-19T04:55:08.9714092Z CREATE TABLE
2026-09-19T04:55:08.9723979Z CREATE INDEX
2026-09-19T04:55:08.9733393Z CREATE INDEX
2026-09-19T04:55:08.9760883Z DO
2026-09-19T04:55:09.0491075Z INSERT 0 1
2026-09-19T04:55:09.1111722Z DO
2026-09-19T04:55:09.1885597Z INSERT 0 1
2026-09-19T04:55:09.2688513Z DROP INDEX
2026-09-19T04:55:09.2712276Z CREATE INDEX
2026-09-19T04:55:09.3323512Z INSERT 0 1
2026-09-19T04:55:09.3872224Z psql:D:/a/AlbumHaven/AlbumHaven/migrations/postgres/0029_repair_lastfm_session_conflict_identity.sql:2: NOTICE:  relation "lastfm_sessions_account_username_idx" already exists, skipping
2026-09-19T04:55:09.3875444Z CREATE INDEX
2026-09-19T04:55:09.4455356Z INSERT 0 1
2026-09-19T04:55:09.5023845Z DROP TABLE
2026-09-19T04:55:09.6649185Z INSERT 0 1
2026-09-19T04:55:09.8210479Z CREATE INDEX
2026-09-19T04:55:09.8825216Z INSERT 0 1
2026-09-19T04:55:09.9369472Z DROP INDEX
2026-09-19T04:55:09.9393484Z CREATE INDEX
2026-09-19T04:55:09.9989739Z INSERT 0 1
2026-09-19T04:55:10.0537409Z psql:D:/a/AlbumHaven/AlbumHaven/migrations/postgres/0033_repair_section14_album_identity_corruption.sql:9: NOTICE:  schema "pg_temp" does not exist, skipping
2026-09-19T04:55:10.0538399Z DROP TABLE
2026-09-19T04:55:10.0592779Z CREATE TABLE
2026-09-19T04:55:10.0619938Z INSERT 0 0
2026-09-19T04:55:10.0661194Z INSERT 0 0
2026-09-19T04:55:10.0677786Z DO
2026-09-19T04:55:10.0702679Z SELECT 0
2026-09-19T04:55:10.0712650Z UPDATE 0
2026-09-19T04:55:10.0726861Z INSERT 0 0
2026-09-19T04:55:10.0731246Z DELETE 0
2026-09-19T04:55:10.0746864Z INSERT 0 0
2026-09-19T04:55:10.0749522Z DELETE 0
2026-09-19T04:55:10.0764061Z UPDATE 0
2026-09-19T04:55:10.0774369Z DELETE 0
2026-09-19T04:55:10.0783100Z UPDATE 0
2026-09-19T04:55:10.0789132Z DELETE 0
2026-09-19T04:55:10.0800236Z UPDATE 0
2026-09-19T04:55:10.0802713Z UPDATE 0
2026-09-19T04:55:10.0805933Z DELETE 0
2026-09-19T04:55:10.0820937Z DELETE 0
2026-09-19T04:55:10.0853703Z DELETE 0
2026-09-19T04:55:10.0862701Z DROP TABLE
2026-09-19T04:55:10.0869924Z DROP TABLE
2026-09-19T04:55:10.1636382Z INSERT 0 1
2026-09-19T04:55:10.2227358Z LOCK TABLE
2026-09-19T04:55:10.2233159Z psql:D:/a/AlbumHaven/AlbumHaven/migrations/postgres/0034_reconcile_semantic_local_albums.sql:8: NOTICE:  schema "pg_temp" does not exist, skipping
2026-09-19T04:55:10.2234332Z DROP TABLE
2026-09-19T04:55:10.2300750Z CREATE TABLE
2026-09-19T04:55:10.2342415Z INSERT 0 0
2026-09-19T04:55:10.2354780Z  id 
2026-09-19T04:55:10.2355143Z ----
2026-09-19T04:55:10.2355707Z (0 rows)
2026-09-19T04:55:10.2355911Z 
2026-09-19T04:55:10.2380481Z UPDATE 0
2026-09-19T04:55:10.2391010Z INSERT 0 0
2026-09-19T04:55:10.2394206Z DELETE 0
2026-09-19T04:55:10.2403784Z INSERT 0 0
2026-09-19T04:55:10.2406772Z DELETE 0
2026-09-19T04:55:10.2415834Z UPDATE 0
2026-09-19T04:55:10.2423830Z INSERT 0 0
2026-09-19T04:55:10.2426321Z DELETE 0
2026-09-19T04:55:10.2436847Z INSERT 0 0
2026-09-19T04:55:10.2439759Z DELETE 0
2026-09-19T04:55:10.2447550Z UPDATE 0
2026-09-19T04:55:10.2457530Z UPDATE 0
2026-09-19T04:55:10.2460049Z DELETE 0
2026-09-19T04:55:10.2468551Z DROP TABLE
2026-09-19T04:55:10.2485290Z DO
2026-09-19T04:55:10.3098922Z INSERT 0 1
2026-09-19T04:55:10.3643806Z psql:D:/a/AlbumHaven/AlbumHaven/migrations/postgres/0035_enforce_semantic_local_album_identity.sql:7: NOTICE:  trigger "local_albums_semantic_identity_check" for relation "library.local_albums" does not exist, skipping
2026-09-19T04:55:10.3647840Z psql:D:/a/AlbumHaven/AlbumHaven/migrations/postgres/0035_enforce_semantic_local_album_identity.sql:9: NOTICE:  trigger "separate_releases_semantic_identity_check" for relation "library.separate_releases" does not exist, skipping
2026-09-19T04:55:10.3649700Z DROP TRIGGER
2026-09-19T04:55:10.3652418Z psql:D:/a/AlbumHaven/AlbumHaven/migrations/postgres/0035_enforce_semantic_local_album_identity.sql:11: NOTICE:  trigger "local_artists_semantic_identity_check" for relation "library.local_artists" does not exist, skipping
2026-09-19T04:55:10.3654349Z DROP TRIGGER
2026-09-19T04:55:10.3654725Z DROP TRIGGER
2026-09-19T04:55:10.3656708Z psql:D:/a/AlbumHaven/AlbumHaven/migrations/postgres/0035_enforce_semantic_local_album_identity.sql:13: NOTICE:  trigger "local_albums_semantic_identity_discriminator" for relation "library.local_albums" does not exist, skipping
2026-09-19T04:55:10.3660153Z psql:D:/a/AlbumHaven/AlbumHaven/migrations/postgres/0035_enforce_semantic_local_album_identity.sql:15: NOTICE:  trigger "separate_releases_semantic_identity_discriminator" for relation "library.separate_releases" does not exist, skipping
2026-09-19T04:55:10.3661184Z DROP TRIGGER
2026-09-19T04:55:10.3661642Z DROP TRIGGER
2026-09-19T04:55:10.3663878Z psql:D:/a/AlbumHaven/AlbumHaven/migrations/postgres/0035_enforce_semantic_local_album_identity.sql:17: NOTICE:  trigger "separate_releases_semantic_identity_reconciliation" for relation "library.separate_releases" does not exist, skipping
2026-09-19T04:55:10.3665876Z psql:D:/a/AlbumHaven/AlbumHaven/migrations/postgres/0035_enforce_semantic_local_album_identity.sql:19: NOTICE:  trigger "local_artists_semantic_identity_discriminator" for relation "library.local_artists" does not exist, skipping
2026-09-19T04:55:10.3666838Z DROP TRIGGER
2026-09-19T04:55:10.3667048Z DROP TRIGGER
2026-09-19T04:55:10.3668164Z psql:D:/a/AlbumHaven/AlbumHaven/migrations/postgres/0035_enforce_semantic_local_album_identity.sql:21: NOTICE:  trigger "separate_releases_inventory_publication_lock" for relation "library.separate_releases" does not exist, skipping
2026-09-19T04:55:10.3671142Z psql:D:/a/AlbumHaven/AlbumHaven/migrations/postgres/0035_enforce_semantic_local_album_identity.sql:23: NOTICE:  trigger "local_artists_inventory_publication_lock" for relation "library.local_artists" does not exist, skipping
2026-09-19T04:55:10.3672111Z DROP TRIGGER
2026-09-19T04:55:10.3672318Z DROP TRIGGER
2026-09-19T04:55:10.3673240Z psql:D:/a/AlbumHaven/AlbumHaven/migrations/postgres/0035_enforce_semantic_local_album_identity.sql:24: NOTICE:  function library.enforce_semantic_local_album_identity() does not exist, skipping
2026-09-19T04:55:10.3674061Z DROP FUNCTION
2026-09-19T04:55:10.3680880Z ALTER TABLE
2026-09-19T04:55:10.3695930Z CREATE FUNCTION
2026-09-19T04:55:10.3699639Z CREATE TRIGGER
2026-09-19T04:55:10.3701531Z CREATE TRIGGER
2026-09-19T04:55:10.3730988Z UPDATE 0
2026-09-19T04:55:10.3748334Z CREATE INDEX
2026-09-19T04:55:10.3752779Z CREATE FUNCTION
2026-09-19T04:55:10.3755138Z CREATE TRIGGER
2026-09-19T04:55:10.3776477Z CREATE FUNCTION
2026-09-19T04:55:10.3781455Z CREATE FUNCTION
2026-09-19T04:55:10.3783421Z CREATE TRIGGER
2026-09-19T04:55:10.3791415Z CREATE FUNCTION
2026-09-19T04:55:10.3793980Z CREATE TRIGGER
2026-09-19T04:55:10.4394957Z INSERT 0 1
2026-09-19T04:55:10.4959648Z CREATE INDEX
2026-09-19T04:55:10.5559034Z INSERT 0 1
2026-09-19T04:55:10.6114534Z CREATE INDEX
2026-09-19T04:55:10.6753266Z INSERT 0 1
2026-09-19T04:55:10.8308637Z CREATE INDEX
2026-09-19T04:55:10.8323675Z CREATE INDEX
2026-09-19T04:55:10.8328951Z DROP INDEX
2026-09-19T04:55:10.8335041Z psql:D:/a/AlbumHaven/AlbumHaven/migrations/postgres/0038_add_problematic_required_text_candidate.sql:25: NOTICE:  index "local_track_files_problem_candidate_v2_idx" does not exist, skipping
2026-09-19T04:55:10.8337721Z psql:D:/a/AlbumHaven/AlbumHaven/migrations/postgres/0038_add_problematic_required_text_candidate.sql:26: NOTICE:  index "local_track_files_problem_candidate_v3_idx" does not exist, skipping
2026-09-19T04:55:10.8339816Z DROP INDEX
2026-09-19T04:55:10.8340038Z DROP INDEX
2026-09-19T04:55:10.8341056Z psql:D:/a/AlbumHaven/AlbumHaven/migrations/postgres/0038_add_problematic_required_text_candidate.sql:27: NOTICE:  index "local_track_files_problem_candidate_v4_idx" does not exist, skipping
2026-09-19T04:55:10.8342852Z DROP INDEX
2026-09-19T04:55:10.8344766Z psql:D:/a/AlbumHaven/AlbumHaven/migrations/postgres/0038_add_problematic_required_text_candidate.sql:30: NOTICE:  column "scan_file_required_text_missing_candidate" of relation "local_track_files" does not exist, skipping
2026-09-19T04:55:10.8345813Z ALTER TABLE
2026-09-19T04:55:10.9952161Z INSERT 0 1
2026-09-19T04:55:11.0512506Z DO
2026-09-19T04:55:11.1108887Z INSERT 0 1
2026-09-19T04:55:11.1659284Z DO
2026-09-19T04:55:11.2292352Z INSERT 0 1
2026-09-19T04:55:11.2830693Z psql:D:/a/AlbumHaven/AlbumHaven/migrations/postgres/0041_create_local_album_cover_candidate_snapshots.sql:32: NOTICE:  identifier "local_album_cover_candidate_snapshots_automatic_improvement_revision_check" will be truncated to "local_album_cover_candidate_snapshots_automatic_improvement_rev"
2026-09-19T04:55:11.2833160Z psql:D:/a/AlbumHaven/AlbumHaven/migrations/postgres/0041_create_local_album_cover_candidate_snapshots.sql:32: NOTICE:  identifier "local_album_cover_candidate_snapshots_seen_automatic_improvement_revision_check" will be truncated to "local_album_cover_candidate_snapshots_seen_automatic_improvemen"
2026-09-19T04:55:11.2917311Z CREATE TABLE
2026-09-19T04:55:11.2932555Z UPDATE 0
2026-09-19T04:55:11.2951993Z DO
2026-09-19T04:55:11.3551757Z INSERT 0 1
2026-09-19T04:55:11.4118294Z ALTER TABLE
2026-09-19T04:55:11.4705118Z INSERT 0 1
2026-09-19T04:55:11.5299661Z CREATE TABLE
2026-09-19T04:55:11.5323035Z DO
2026-09-19T04:55:11.5974760Z INSERT 0 1
2026-09-19T04:55:11.6594925Z CREATE TABLE
2026-09-19T04:55:11.6606890Z CREATE INDEX
2026-09-19T04:55:11.6630279Z DO
2026-09-19T04:55:11.7254364Z INSERT 0 1
2026-09-19T04:55:11.7879733Z CREATE INDEX
2026-09-19T04:55:11.9455037Z INSERT 0 1
2026-09-19T04:55:12.1022735Z ALTER TABLE
2026-09-19T04:55:12.1031445Z UPDATE 0
2026-09-19T04:55:12.1038536Z ALTER TABLE
2026-09-19T04:55:12.1068649Z DO
2026-09-19T04:55:12.1083558Z CREATE INDEX
2026-09-19T04:55:12.1093397Z CREATE INDEX
2026-09-19T04:55:12.1133363Z CREATE TABLE
2026-09-19T04:55:12.1174237Z CREATE TABLE
2026-09-19T04:55:12.1183305Z CREATE INDEX
2026-09-19T04:55:12.1192795Z CREATE INDEX
2026-09-19T04:55:12.1203195Z CREATE INDEX
2026-09-19T04:55:12.1242531Z CREATE TABLE
2026-09-19T04:55:12.1252616Z CREATE INDEX
2026-09-19T04:55:12.1420458Z DO
2026-09-19T04:55:12.1424422Z ALTER TABLE
2026-09-19T04:55:12.1434207Z UPDATE 0
2026-09-19T04:55:12.1436623Z UPDATE 0
2026-09-19T04:55:12.1440953Z ALTER TABLE
2026-09-19T04:55:12.1459197Z DO
2026-09-19T04:55:12.1469877Z CREATE INDEX
2026-09-19T04:55:12.1509273Z CREATE TABLE
2026-09-19T04:55:12.1517662Z CREATE INDEX
2026-09-19T04:55:12.1526860Z CREATE INDEX
2026-09-19T04:55:12.1535716Z CREATE INDEX
2026-09-19T04:55:12.1582731Z CREATE TABLE
2026-09-19T04:55:12.1592021Z CREATE INDEX
2026-09-19T04:55:12.1601127Z CREATE INDEX
2026-09-19T04:55:12.1610359Z CREATE INDEX
2026-09-19T04:55:12.1619737Z CREATE INDEX
2026-09-19T04:55:12.1659106Z DO
2026-09-19T04:55:12.3352226Z INSERT 0 1
2026-09-19T04:55:12.3960956Z CREATE TABLE
2026-09-19T04:55:12.3971786Z CREATE INDEX
2026-09-19T04:55:12.3982548Z CREATE INDEX
2026-09-19T04:55:12.4010238Z DO
2026-09-19T04:55:12.4604987Z INSERT 0 1
2026-09-19T04:55:12.5149146Z ALTER TABLE
2026-09-19T04:55:12.5157286Z ALTER TABLE
2026-09-19T04:55:12.5212150Z CREATE TABLE
2026-09-19T04:55:12.5221373Z CREATE INDEX
2026-09-19T04:55:12.5230101Z CREATE INDEX
2026-09-19T04:55:12.5240164Z CREATE INDEX
2026-09-19T04:55:12.5265626Z DO
2026-09-19T04:55:12.5860337Z INSERT 0 1
2026-09-19T04:55:12.6414890Z DELETE 0
2026-09-19T04:55:12.6432388Z CREATE INDEX
2026-09-19T04:55:12.7028282Z INSERT 0 1
2026-09-19T04:55:12.7592478Z CREATE INDEX
2026-09-19T04:55:12.8173767Z INSERT 0 1
2026-09-19T04:55:12.8784740Z CREATE INDEX
2026-09-19T04:55:12.9416503Z INSERT 0 1
2026-09-19T04:55:13.0031042Z CREATE TABLE
2026-09-19T04:55:13.0042012Z CREATE INDEX
2026-09-19T04:55:13.0052415Z CREATE INDEX
2026-09-19T04:55:13.0062732Z CREATE INDEX
2026-09-19T04:55:13.0115253Z CREATE TABLE
2026-09-19T04:55:13.0125098Z CREATE INDEX
2026-09-19T04:55:13.0131343Z ALTER TABLE
2026-09-19T04:55:13.0140812Z CREATE INDEX
2026-09-19T04:55:13.0144473Z ALTER TABLE
2026-09-19T04:55:13.0148426Z ALTER TABLE
2026-09-19T04:55:13.0179686Z DO
2026-09-19T04:55:13.0810327Z INSERT 0 1
2026-09-19T04:55:13.1400118Z CREATE TABLE
2026-09-19T04:55:13.1422494Z DO
2026-09-19T04:55:13.2079141Z INSERT 0 1
2026-09-19T04:55:13.2694060Z ALTER TABLE
2026-09-19T04:55:13.2722301Z DO
2026-09-19T04:55:13.4346617Z INSERT 0 1
2026-09-19T04:55:13.4899091Z CREATE FUNCTION
2026-09-19T04:55:13.4901498Z REVOKE
2026-09-19T04:55:13.4954253Z DO
2026-09-19T04:55:13.5542825Z INSERT 0 1
2026-09-19T04:55:13.7093319Z ALTER TABLE
2026-09-19T04:55:13.7146458Z DO
2026-09-19T04:55:13.7768492Z INSERT 0 1
2026-09-19T04:55:13.8324036Z ALTER TABLE
2026-09-19T04:55:13.8337136Z CREATE FUNCTION
2026-09-19T04:55:13.8348396Z INSERT 0 0
2026-09-19T04:55:13.8357477Z UPDATE 0
2026-09-19T04:55:13.8381137Z DO
2026-09-19T04:55:13.8383052Z REVOKE
2026-09-19T04:55:13.8394018Z DO
2026-09-19T04:55:13.9002213Z INSERT 0 1
2026-09-19T04:55:13.9569504Z ALTER TABLE
2026-09-19T04:55:13.9595871Z DO
2026-09-19T04:55:14.0204607Z INSERT 0 1
2026-09-19T04:55:14.0820913Z ALTER TABLE
2026-09-19T04:55:14.0845546Z DO
2026-09-19T04:55:14.1691760Z INSERT 0 1
2026-09-19T04:55:14.2248344Z CREATE FUNCTION
2026-09-19T04:55:14.2263330Z CREATE FUNCTION
2026-09-19T04:55:14.2268976Z CREATE FUNCTION
2026-09-19T04:55:14.2278017Z ALTER TABLE
2026-09-19T04:55:14.2286790Z UPDATE 0
2026-09-19T04:55:14.2292904Z ALTER TABLE
2026-09-19T04:55:14.2311138Z ALTER TABLE
2026-09-19T04:55:14.2312663Z REVOKE
2026-09-19T04:55:14.2315527Z REVOKE
2026-09-19T04:55:14.2317469Z REVOKE
2026-09-19T04:55:14.2334515Z DO
2026-09-19T04:55:14.2945974Z INSERT 0 1
2026-09-19T04:55:14.3518201Z CREATE FUNCTION
2026-09-19T04:55:14.3520203Z REVOKE
2026-09-19T04:55:14.3539178Z DO
2026-09-19T04:55:14.4123577Z INSERT 0 1
2026-09-19T04:55:14.4698107Z DO
2026-09-19T04:55:14.5349105Z INSERT 0 1
2026-09-19T04:55:14.5920694Z CREATE FUNCTION
2026-09-19T04:55:14.5923133Z REVOKE
2026-09-19T04:55:14.5941781Z DO
2026-09-19T04:55:14.6528052Z INSERT 0 1
2026-09-19T04:55:14.7082449Z DO
2026-09-19T04:55:14.7666397Z INSERT 0 1
2026-09-19T04:55:14.8215549Z CREATE FUNCTION
2026-09-19T04:55:14.9800650Z INSERT 0 1
2026-09-19T04:55:15.0356553Z ALTER TABLE
2026-09-19T04:55:15.0381231Z ALTER TABLE
2026-09-19T04:55:15.1031499Z INSERT 0 1
2026-09-19T04:55:15.1602962Z CREATE INDEX
2026-09-19T04:55:15.2247707Z INSERT 0 1
2026-09-19T04:55:15.2842843Z CREATE TABLE
2026-09-19T04:55:15.2855461Z CREATE INDEX
2026-09-19T04:55:15.2895106Z UPDATE 0
2026-09-19T04:55:15.2905974Z UPDATE 0
2026-09-19T04:55:15.2911163Z INSERT 0 0
2026-09-19T04:55:15.2922836Z UPDATE 0
2026-09-19T04:55:15.2940822Z DO
2026-09-19T04:55:15.4555950Z INSERT 0 1
2026-09-19T04:55:15.6231425Z CREATE TABLE
2026-09-19T04:55:15.6269214Z CREATE TABLE
2026-09-19T04:55:15.6279768Z CREATE INDEX
2026-09-19T04:55:15.6290848Z CREATE INDEX
2026-09-19T04:55:15.6313414Z DO
2026-09-19T04:55:15.6963863Z INSERT 0 1
2026-09-19T04:55:15.7574995Z ALTER TABLE
2026-09-19T04:55:15.9481436Z INSERT 0 1
2026-09-19T04:55:16.1912132Z ALTER TABLE
2026-09-19T04:55:16.1927953Z ALTER TABLE
2026-09-19T04:55:16.2953795Z INSERT 0 1
2026-09-19T04:55:16.3557459Z ALTER TABLE
2026-09-19T04:55:16.3575368Z CREATE INDEX
2026-09-19T04:55:16.6126135Z INSERT 0 1
2026-09-19T04:55:16.6743471Z ALTER TABLE
2026-09-19T04:55:16.6761099Z ALTER TABLE
2026-09-19T04:55:16.6792121Z UPDATE 0
2026-09-19T04:55:16.7537223Z INSERT 0 1
2026-09-19T04:55:16.8568346Z WARNING:  no privileges were granted for "show_limit"
2026-09-19T04:55:16.8569202Z WARNING:  no privileges were granted for "show_trgm"
2026-09-19T04:55:16.8572914Z WARNING:  no privileges were granted for "set_limit"
2026-09-19T04:55:16.8574912Z WARNING:  no privileges were granted for "similarity"
2026-09-19T04:55:16.8577081Z WARNING:  no privileges were granted for "similarity_op"
2026-09-19T04:55:16.8579289Z WARNING:  no privileges were granted for "word_similarity"
2026-09-19T04:55:16.8581580Z WARNING:  no privileges were granted for "word_similarity_op"
2026-09-19T04:55:16.8584532Z WARNING:  no privileges were granted for "word_similarity_commutator_op"
2026-09-19T04:55:16.8586976Z WARNING:  no privileges were granted for "similarity_dist"
2026-09-19T04:55:16.8590272Z WARNING:  no privileges were granted for "word_similarity_dist_op"
2026-09-19T04:55:16.8592795Z WARNING:  no privileges were granted for "word_similarity_dist_commutator_op"
2026-09-19T04:55:16.8594911Z WARNING:  no privileges were granted for "gtrgm_in"
2026-09-19T04:55:16.8597455Z WARNING:  no privileges were granted for "gtrgm_out"
2026-09-19T04:55:16.8600136Z WARNING:  no privileges were granted for "gtrgm_consistent"
2026-09-19T04:55:16.8602302Z WARNING:  no privileges were granted for "gtrgm_distance"
2026-09-19T04:55:16.8604394Z WARNING:  no privileges were granted for "gtrgm_compress"
2026-09-19T04:55:16.8606874Z WARNING:  no privileges were granted for "gtrgm_decompress"
2026-09-19T04:55:16.8609031Z WARNING:  no privileges were granted for "gtrgm_penalty"
2026-09-19T04:55:16.8611611Z WARNING:  no privileges were granted for "gtrgm_picksplit"
2026-09-19T04:55:16.8613746Z WARNING:  no privileges were granted for "gtrgm_union"
2026-09-19T04:55:16.8616299Z WARNING:  no privileges were granted for "gtrgm_same"
2026-09-19T04:55:16.8618258Z WARNING:  no privileges were granted for "gin_extract_value_trgm"
2026-09-19T04:55:16.8620361Z WARNING:  no privileges were granted for "gin_extract_query_trgm"
2026-09-19T04:55:16.8622983Z WARNING:  no privileges were granted for "gin_trgm_consistent"
2026-09-19T04:55:16.8625319Z WARNING:  no privileges were granted for "gin_trgm_triconsistent"
2026-09-19T04:55:16.8628059Z WARNING:  no privileges were granted for "strict_word_similarity"
2026-09-19T04:55:16.8630559Z WARNING:  no privileges were granted for "strict_word_similarity_op"
2026-09-19T04:55:16.8633469Z WARNING:  no privileges were granted for "strict_word_similarity_commutator_op"
2026-09-19T04:55:16.8635640Z WARNING:  no privileges were granted for "strict_word_similarity_dist_op"
2026-09-19T04:55:16.8638205Z WARNING:  no privileges were granted for "strict_word_similarity_dist_commutator_op"
2026-09-19T04:55:16.8640547Z WARNING:  no privileges were granted for "gtrgm_options"
2026-09-19T04:55:16.8673764Z DO
2026-09-19T04:55:17.0282677Z BEGIN
2026-09-19T04:55:17.0289859Z CREATE SCHEMA
2026-09-19T04:55:17.0333037Z CREATE TABLE
2026-09-19T04:55:17.0339055Z INSERT 0 1
2026-09-19T04:55:17.0341909Z UPDATE 1
2026-09-19T04:55:17.0343192Z DELETE 1
2026-09-19T04:55:17.0347413Z  nextval 
2026-09-19T04:55:17.0348086Z ---------
2026-09-19T04:55:17.0348782Z        2
2026-09-19T04:55:17.0349094Z (1 row)
2026-09-19T04:55:17.0349274Z 
2026-09-19T04:55:17.0360511Z ROLLBACK
2026-09-19T04:55:17.0382089Z DO
2026-09-19T04:55:17.2031591Z BEGIN
2026-09-19T04:55:17.2068961Z CREATE TABLE
2026-09-19T04:55:17.2074102Z INSERT 0 1
2026-09-19T04:55:17.2089880Z INSERT 0 1
2026-09-19T04:55:17.2098578Z UPDATE 1
2026-09-19T04:55:17.2108820Z ROLLBACK
2026-09-19T04:55:17.2135502Z DO
2026-09-19T04:55:17.2732437Z  ?column? 
2026-09-19T04:55:17.2732809Z ----------
2026-09-19T04:55:17.2733066Z (0 rows)
2026-09-19T04:55:17.2733186Z 
2026-09-19T04:55:17.2755245Z DO
2026-09-19T04:55:24.6877879Z ##[group]Run $env:PGPASSWORD = $null
2026-09-19T04:55:24.6878278Z [36;1m$env:PGPASSWORD = $null[0m
2026-09-19T04:55:24.6879497Z [36;1mnode scripts/ci/write-foundation-version-manifest.cjs --profile=windows --output=D:\a\_temp\foundation-version-manifest-functional-metadata-mutations.json[0m
2026-09-19T04:55:24.6950828Z shell: C:\Program Files\PowerShell\7\pwsh.EXE -command ". '{0}'"
2026-09-19T04:55:24.6951194Z env:
2026-09-19T04:55:24.6951515Z   ALBUM_HAVEN_EXPECTED_FFMPEG_VERSION: 7.1-essentials_build-www.gyan.dev
2026-09-19T04:55:24.6951979Z   ALBUM_HAVEN_FIXTURE_RELEASE: fixtures-v1.0.23
2026-09-19T04:55:24.6952341Z   ALBUM_HAVEN_FIXTURE_PROFILE: functional-core
2026-09-19T04:55:24.6952856Z   ALBUM_HAVEN_FIXTURE_ROOT: D:\a\_temp\album-haven-e2e-functional-fixtures-metadata-mutations\shared
2026-09-19T04:55:24.6953591Z   ALBUM_HAVEN_MEDIA_ROOT: D:\a\_temp\album-haven-e2e-functional-fixtures-metadata-mutations\shared\media
2026-09-19T04:55:24.6954209Z   pythonLocation: C:\hostedtoolcache\windows\Python\3.11.9\x64
2026-09-19T04:55:24.6954676Z   PKG_CONFIG_PATH: C:\hostedtoolcache\windows\Python\3.11.9\x64/lib/pkgconfig
2026-09-19T04:55:24.6955148Z   Python_ROOT_DIR: C:\hostedtoolcache\windows\Python\3.11.9\x64
2026-09-19T04:55:24.6955576Z   Python2_ROOT_DIR: C:\hostedtoolcache\windows\Python\3.11.9\x64
2026-09-19T04:55:24.6956002Z   Python3_ROOT_DIR: C:\hostedtoolcache\windows\Python\3.11.9\x64
2026-09-19T04:55:24.6956596Z   ALBUM_HAVEN_FUNCTIONAL_FIXTURE_WORK_ROOT: D:\a\_temp\album-haven-e2e-functional-fixtures-metadata-mutations
2026-09-19T04:55:24.6957534Z   ALBUM_HAVEN_FUNCTIONAL_SOURCE_FIXTURE_ROOT: D:\a\_temp\album-haven-fixtures-5187e6984403460ca5142bad9ae03e95
2026-09-19T04:55:24.6958140Z   PGPASSFILE: D:\a\_temp\album-haven-postgres-f_35419743702_2_2.pgpass
2026-09-19T04:55:24.6958629Z   ALBUM_HAVEN_CI_DATABASE: album_haven_ci_f_35419743702_2_2
2026-09-19T04:55:24.6959622Z   DATABASE_MIGRATOR_URL: postgresql://album_haven_migrator_f_35419743702_2_2@127.0.0.1/album_haven_ci_f_35419743702_2_2
2026-09-19T04:55:24.6960520Z   DATABASE_APP_URL: postgresql://album_haven_app_f_35419743702_2_2@127.0.0.1/album_haven_ci_f_35419743702_2_2
2026-09-19T04:55:24.6961294Z   DATABASE_READONLY_URL: postgresql://album_haven_readonly_f_35419743702_2_2@127.0.0.1/album_haven_ci_f_35419743702_2_2
2026-09-19T04:55:24.6962160Z   ALBUM_HAVEN_FAKE_E2E_SETUP_DATABASE_URL: postgresql://album_haven_migrator_f_35419743702_2_2@127.0.0.1/album_haven_ci_f_35419743702_2_2
2026-09-19T04:55:24.6963042Z   ALBUM_HAVEN_FAKE_E2E_DATABASE_URL: postgresql://album_haven_app_f_35419743702_2_2@127.0.0.1/album_haven_ci_f_35419743702_2_2
2026-09-19T04:55:24.6963870Z   ALBUM_HAVEN_APP_DATABASE_URL: postgresql://album_haven_app_f_35419743702_2_2@127.0.0.1/album_haven_ci_f_35419743702_2_2
2026-09-19T04:55:24.6964668Z   PLAYWRIGHT_CHROME_EXECUTABLE: C:\hostedtoolcache\windows\setup-chrome\chrome\151.0.7922.138\x64\chrome.exe
2026-09-19T04:55:24.6965181Z ##[endgroup]
2026-09-19T04:55:25.6792408Z D:\a\_temp\foundation-version-manifest-functional-metadata-mutations.json
2026-09-19T04:55:25.8001584Z ##[group]Run node scripts/ci/validate-functional-shards.cjs --list
2026-09-19T04:55:25.8002182Z [36;1mnode scripts/ci/validate-functional-shards.cjs --list[0m
2026-09-19T04:55:25.8072784Z shell: C:\Program Files\PowerShell\7\pwsh.EXE -command ". '{0}'"
2026-09-19T04:55:25.8073148Z env:
2026-09-19T04:55:25.8073453Z   ALBUM_HAVEN_EXPECTED_FFMPEG_VERSION: 7.1-essentials_build-www.gyan.dev
2026-09-19T04:55:25.8073903Z   ALBUM_HAVEN_FIXTURE_RELEASE: fixtures-v1.0.23
2026-09-19T04:55:25.8074248Z   ALBUM_HAVEN_FIXTURE_PROFILE: functional-core
2026-09-19T04:55:25.8074781Z   ALBUM_HAVEN_FIXTURE_ROOT: D:\a\_temp\album-haven-e2e-functional-fixtures-metadata-mutations\shared
2026-09-19T04:55:25.8075506Z   ALBUM_HAVEN_MEDIA_ROOT: D:\a\_temp\album-haven-e2e-functional-fixtures-metadata-mutations\shared\media
2026-09-19T04:55:25.8076096Z   pythonLocation: C:\hostedtoolcache\windows\Python\3.11.9\x64
2026-09-19T04:55:25.8076598Z   PKG_CONFIG_PATH: C:\hostedtoolcache\windows\Python\3.11.9\x64/lib/pkgconfig
2026-09-19T04:55:25.8077059Z   Python_ROOT_DIR: C:\hostedtoolcache\windows\Python\3.11.9\x64
2026-09-19T04:55:25.8077482Z   Python2_ROOT_DIR: C:\hostedtoolcache\windows\Python\3.11.9\x64
2026-09-19T04:55:25.8077901Z   Python3_ROOT_DIR: C:\hostedtoolcache\windows\Python\3.11.9\x64
2026-09-19T04:55:25.8078492Z   ALBUM_HAVEN_FUNCTIONAL_FIXTURE_WORK_ROOT: D:\a\_temp\album-haven-e2e-functional-fixtures-metadata-mutations
2026-09-19T04:55:25.8079257Z   ALBUM_HAVEN_FUNCTIONAL_SOURCE_FIXTURE_ROOT: D:\a\_temp\album-haven-fixtures-5187e6984403460ca5142bad9ae03e95
2026-09-19T04:55:25.8079889Z   PGPASSFILE: D:\a\_temp\album-haven-postgres-f_35419743702_2_2.pgpass
2026-09-19T04:55:25.8080318Z   ALBUM_HAVEN_CI_DATABASE: album_haven_ci_f_35419743702_2_2
2026-09-19T04:55:25.8080911Z   DATABASE_MIGRATOR_URL: postgresql://album_haven_migrator_f_35419743702_2_2@127.0.0.1/album_haven_ci_f_35419743702_2_2
2026-09-19T04:55:25.8081680Z   DATABASE_APP_URL: postgresql://album_haven_app_f_35419743702_2_2@127.0.0.1/album_haven_ci_f_35419743702_2_2
2026-09-19T04:55:25.8082428Z   DATABASE_READONLY_URL: postgresql://album_haven_readonly_f_35419743702_2_2@127.0.0.1/album_haven_ci_f_35419743702_2_2
2026-09-19T04:55:25.8083336Z   ALBUM_HAVEN_FAKE_E2E_SETUP_DATABASE_URL: postgresql://album_haven_migrator_f_35419743702_2_2@127.0.0.1/album_haven_ci_f_35419743702_2_2
2026-09-19T04:55:25.8084211Z   ALBUM_HAVEN_FAKE_E2E_DATABASE_URL: postgresql://album_haven_app_f_35419743702_2_2@127.0.0.1/album_haven_ci_f_35419743702_2_2
2026-09-19T04:55:25.8085189Z   ALBUM_HAVEN_APP_DATABASE_URL: postgresql://album_haven_app_f_35419743702_2_2@127.0.0.1/album_haven_ci_f_35419743702_2_2
2026-09-19T04:55:25.8085725Z ##[endgroup]
2026-09-19T04:55:34.5913431Z {"schemaVersion":1,"cases":113,"shards":{"gallery-search-visual":46,"cover-providers":18,"metadata-mutations":13,"playback-utilities":36}}
2026-09-19T04:55:34.7437976Z ##[group]Run $env:PGPASSWORD = $null
2026-09-19T04:55:34.7438583Z [36;1m$env:PGPASSWORD = $null[0m
2026-09-19T04:55:34.7439309Z [36;1m$env:PLAYWRIGHT_PYTHON = Join-Path $env:pythonLocation "python.exe"[0m
2026-09-19T04:55:34.7440142Z [36;1m$env:ALBUM_HAVEN_FUNCTIONAL_PORT_BASE = "5400"[0m
2026-09-19T04:55:34.7441187Z [36;1m$env:ALBUM_HAVEN_FUNCTIONAL_OUTPUT_ROOT = Join-Path "D:\a\_temp" "functional-output-metadata-mutations"[0m
2026-09-19T04:55:34.7442592Z [36;1m$env:ALBUM_HAVEN_FUNCTIONAL_BLOB_ROOT = Join-Path "D:\a\_temp" "functional-blobs-metadata-mutations"[0m
2026-09-19T04:55:34.7443645Z [36;1m$arguments = @("--run-shard=metadata-mutations")[0m
2026-09-19T04:55:34.7444276Z [36;1mif ("full" -eq "focused-e2e") {[0m
2026-09-19T04:55:34.7444779Z [36;1m  if ("full" -eq "exact") {[0m
2026-09-19T04:55:34.7445667Z [36;1m    @($env:FOCUSED_CASES_JSON | ConvertFrom-Json) | ForEach-Object { $arguments += "--run-case=$_" }[0m
2026-09-19T04:55:34.7446614Z [36;1m  } else {[0m
2026-09-19T04:55:34.7447401Z [36;1m    @($env:FOCUSED_AREAS_JSON | ConvertFrom-Json) | ForEach-Object { $arguments += "--run-area=$_" }[0m
2026-09-19T04:55:34.7448285Z [36;1m  }[0m
2026-09-19T04:55:34.7448609Z [36;1m}[0m
2026-09-19T04:55:34.7449127Z [36;1mnode scripts/ci/validate-functional-shards.cjs @arguments[0m
2026-09-19T04:55:34.7538282Z shell: C:\Program Files\PowerShell\7\pwsh.EXE -command ". '{0}'"
2026-09-19T04:55:34.7538897Z env:
2026-09-19T04:55:34.7539411Z   ALBUM_HAVEN_EXPECTED_FFMPEG_VERSION: 7.1-essentials_build-www.gyan.dev
2026-09-19T04:55:34.7540151Z   ALBUM_HAVEN_FIXTURE_RELEASE: fixtures-v1.0.23
2026-09-19T04:55:34.7540736Z   ALBUM_HAVEN_FIXTURE_PROFILE: functional-core
2026-09-19T04:55:34.7541649Z   ALBUM_HAVEN_FIXTURE_ROOT: D:\a\_temp\album-haven-e2e-functional-fixtures-metadata-mutations\shared
2026-09-19T04:55:34.7542951Z   ALBUM_HAVEN_MEDIA_ROOT: D:\a\_temp\album-haven-e2e-functional-fixtures-metadata-mutations\shared\media
2026-09-19T04:55:34.7544011Z   pythonLocation: C:\hostedtoolcache\windows\Python\3.11.9\x64
2026-09-19T04:55:34.7544830Z   PKG_CONFIG_PATH: C:\hostedtoolcache\windows\Python\3.11.9\x64/lib/pkgconfig
2026-09-19T04:55:34.7545662Z   Python_ROOT_DIR: C:\hostedtoolcache\windows\Python\3.11.9\x64
2026-09-19T04:55:34.7546388Z   Python2_ROOT_DIR: C:\hostedtoolcache\windows\Python\3.11.9\x64
2026-09-19T04:55:34.7547119Z   Python3_ROOT_DIR: C:\hostedtoolcache\windows\Python\3.11.9\x64
2026-09-19T04:55:34.7548206Z   ALBUM_HAVEN_FUNCTIONAL_FIXTURE_WORK_ROOT: D:\a\_temp\album-haven-e2e-functional-fixtures-metadata-mutations
2026-09-19T04:55:34.7549602Z   ALBUM_HAVEN_FUNCTIONAL_SOURCE_FIXTURE_ROOT: D:\a\_temp\album-haven-fixtures-5187e6984403460ca5142bad9ae03e95
2026-09-19T04:55:34.7550683Z   PGPASSFILE: D:\a\_temp\album-haven-postgres-f_35419743702_2_2.pgpass
2026-09-19T04:55:34.7551416Z   ALBUM_HAVEN_CI_DATABASE: album_haven_ci_f_35419743702_2_2
2026-09-19T04:55:34.7552473Z   DATABASE_MIGRATOR_URL: postgresql://album_haven_migrator_f_35419743702_2_2@127.0.0.1/album_haven_ci_f_35419743702_2_2
2026-09-19T04:55:34.7553834Z   DATABASE_APP_URL: postgresql://album_haven_app_f_35419743702_2_2@127.0.0.1/album_haven_ci_f_35419743702_2_2
2026-09-19T04:55:34.7555191Z   DATABASE_READONLY_URL: postgresql://album_haven_readonly_f_35419743702_2_2@127.0.0.1/album_haven_ci_f_35419743702_2_2
2026-09-19T04:55:34.7557026Z   ALBUM_HAVEN_FAKE_E2E_SETUP_DATABASE_URL: postgresql://album_haven_migrator_f_35419743702_2_2@127.0.0.1/album_haven_ci_f_35419743702_2_2
2026-09-19T04:55:34.7558686Z   ALBUM_HAVEN_FAKE_E2E_DATABASE_URL: postgresql://album_haven_app_f_35419743702_2_2@127.0.0.1/album_haven_ci_f_35419743702_2_2
2026-09-19T04:55:34.7560407Z   ALBUM_HAVEN_APP_DATABASE_URL: postgresql://album_haven_app_f_35419743702_2_2@127.0.0.1/album_haven_ci_f_35419743702_2_2
2026-09-19T04:55:34.7561788Z   PLAYWRIGHT_CHROME_EXECUTABLE: C:\hostedtoolcache\windows\setup-chrome\chrome\151.0.7922.138\x64\chrome.exe
2026-09-19T04:55:34.7562695Z   FOCUSED_CASES_JSON: []
2026-09-19T04:55:34.7565219Z   FOCUSED_AREAS_JSON: []
2026-09-19T04:55:34.7565654Z ##[endgroup]
2026-09-19T04:56:02.3877103Z Album Haven production E2E app listening on http://127.0.0.1:5400 with 0 artists, 0 albums, 0 tracks, and provider fixtures on http://127.0.0.1:5402
2026-09-19T04:56:04.0002773Z 2026-09-19 04:56:03,998 [INFO] music_app: Startup scan-cache hydration completed files=7200 albums=400
2026-09-19T04:56:04.0005438Z 2026-09-19 04:56:03,998 [INFO] music_app: Legacy album exclusions migrated albums=1 removed_rules=18 created_rules=1
2026-09-19T04:56:04.6535001Z 2026-09-19 04:56:04,651 [INFO] music_app: Relation projection startup readiness ready=true rebuilt=true reason=missing_projection builder_version=local-relation-builder-v9 source_row_count=7438 duration_ms=611.12 source_load=170.18 fingerprint=59.45 pure_build=158.88 family_link_replacement=7.64 snapshot_publication=1.78
2026-09-19T04:56:05.9883663Z 2026-09-19 04:56:05,987 [INFO] music_app: {"action": "Index request completed", "album_count": 0, "artist_count": 0, "bootstrap_mode": "fresh_preview", "covers_in_progress": false, "elapsed_ms": 563.65, "hydrate_in_progress": false, "payload_elapsed_ms": 303.78, "query": "", "scan_in_progress": false, "selected_artist": ""}
2026-09-19T04:56:29.3063808Z 
2026-09-19T04:56:29.3064447Z Running 1 test using 1 worker
2026-09-19T04:56:29.3095141Z 
2026-09-19T04:56:33.1041334Z 2026-09-19 04:56:33,102 [INFO] music_app: {"action": "Index request completed", "album_count": 0, "artist_count": 0, "bootstrap_mode": "fresh_preview", "covers_in_progress": false, "elapsed_ms": 266.3, "hydrate_in_progress": false, "payload_elapsed_ms": 151.26, "query": "", "scan_in_progress": false, "selected_artist": ""}
2026-09-19T04:56:35.8484000Z [TEST] FTC-TAGS-009 restores tracks from distinct temporary albums without duplicate cards
2026-09-19T04:56:35.8530211Z   [STEP] Open the generated split fixture and retain its local cover
2026-09-19T04:56:36.3278401Z 2026-09-19 04:56:36,327 [INFO] music_app: {"action": "Index request completed", "album_count": 0, "artist_count": 0, "bootstrap_mode": "fresh_preview", "covers_in_progress": false, "elapsed_ms": 328.65, "hydrate_in_progress": false, "payload_elapsed_ms": 255.75, "query": "", "scan_in_progress": false, "selected_artist": "E2E Rarity Artist"}
2026-09-19T04:56:38.7054040Z   [PASS] Open the generated split fixture and retain its local cover (2852 ms)
2026-09-19T04:56:38.7057110Z   [STEP] Rename only the selected generated MP3 and wait for durable save completion
2026-09-19T04:56:40.2180169Z 2026-09-19 04:56:40,216 [INFO] music_app: {"action": "Tags edited", "album": "Selected Track Split Fixture", "artist": "E2E Rarity Artist", "file_count": 1, "files": ["D:\\a\\_temp\\album-haven-e2e-functional-fixtures-metadata-mutations\\shared\\media\\E2E Rarity Artist\\Selected Track Split Fixture\\01 - Split Track 1.mp3"]}
2026-09-19T04:56:41.7808438Z   [PASS] Rename only the selected generated MP3 and wait for durable save completion (3075 ms)
2026-09-19T04:56:41.7810101Z   [STEP] Verify both covered albums and exact track counts in the current gallery
2026-09-19T04:56:43.2619844Z   [PASS] Verify both covered albums and exact track counts in the current gallery (1481 ms)
2026-09-19T04:56:43.2621645Z   [STEP] Move a second source track into a distinct destination album
2026-09-19T04:56:45.1550416Z 2026-09-19 04:56:45,153 [INFO] music_app: {"action": "Tags edited", "album": "Selected Track Split Fixture", "artist": "E2E Rarity Artist", "file_count": 1, "files": ["D:\\a\\_temp\\album-haven-e2e-functional-fixtures-metadata-mutations\\shared\\media\\E2E Rarity Artist\\Selected Track Split Fixture\\02 - Split Track 2.mp3"]}
2026-09-19T04:56:46.7276873Z   [PASS] Move a second source track into a distinct destination album (3464 ms)
2026-09-19T04:56:46.7278382Z   [STEP] Verify both one-track destination albums and their cover authority
2026-09-19T04:56:47.8711128Z   [PASS] Verify both one-track destination albums and their cover authority (1145 ms)
2026-09-19T04:56:47.8713966Z   [STEP] Restore the first moved track without duplicating the original album
2026-09-19T04:56:49.5048034Z 2026-09-19 04:56:49,503 [INFO] music_app: {"action": "Tags edited", "album": "Selected Track Split Fixture 2", "artist": "E2E Rarity Artist", "file_count": 1, "files": ["D:\\a\\_temp\\album-haven-e2e-functional-fixtures-metadata-mutations\\shared\\media\\E2E Rarity Artist\\Selected Track Split Fixture\\01 - Split Track 1.mp3"]}
2026-09-19T04:56:50.3252505Z   [PASS] Restore the first moved track without duplicating the original album (2454 ms)
2026-09-19T04:56:50.3253869Z   [STEP] Restore the second moved track without duplicating the original album
2026-09-19T04:56:51.7420440Z 2026-09-19 04:56:51,740 [INFO] music_app: {"action": "Tags edited", "album": "Selected Track Split Result B", "artist": "E2E Rarity Artist", "file_count": 1, "files": ["D:\\a\\_temp\\album-haven-e2e-functional-fixtures-metadata-mutations\\shared\\media\\E2E Rarity Artist\\Selected Track Split Fixture\\02 - Split Track 2.mp3"]}
2026-09-19T04:56:52.8230727Z   [PASS] Restore the second moved track without duplicating the original album (2497 ms)
2026-09-19T04:56:52.8231846Z   [STEP] Verify both independent merges from a fresh browser context
2026-09-19T04:56:53.5405278Z 2026-09-19 04:56:53,539 [INFO] music_app: {"action": "Index request completed", "album_count": 0, "artist_count": 0, "bootstrap_mode": "fresh_preview", "covers_in_progress": false, "elapsed_ms": 378.21, "hydrate_in_progress": false, "payload_elapsed_ms": 291.06, "query": "", "scan_in_progress": false, "selected_artist": "E2E Rarity Artist"}
2026-09-19T04:56:56.2584424Z   [PASS] Verify both independent merges from a fresh browser context (3435 ms)
2026-09-19T04:56:56.3565367Z   ok 1 [functional] › tests\e2e\specs\albumTagRename.spec.js:411:1 › FTC-TAGS-009 restores tracks from distinct temporary albums without duplicate cards @area:tag-edit (20.7s)
2026-09-19T04:56:56.3571332Z [album-haven-playwright-result] {"version":1,"phase":"tests-complete","nonce":"2077b52da1fe68f725392ba383da50d41d9d8cb8478e1bb5f29bdcc7f1f7923a","status":"passed","total":1,"completed":1,"failed":0,"skipped":0,"errors":0}
2026-09-19T04:56:57.8203470Z 
2026-09-19T04:56:57.8203498Z 
2026-09-19T04:56:57.8203566Z 
2026-09-19T04:56:57.8205024Z [album-haven-playwright-result] {"version":1,"phase":"run-final","nonce":"2077b52da1fe68f725392ba383da50d41d9d8cb8478e1bb5f29bdcc7f1f7923a","status":"passed","total":1,"completed":1,"failed":0,"skipped":0,"errors":0}
2026-09-19T04:56:57.8206337Z   1 passed (28.1s)
2026-09-19T04:56:58.2502926Z 
2026-09-19T04:56:58.2503506Z === Playwright Summary ===
2026-09-19T04:56:58.2508453Z [[32m✓[0m] albumTagRename.spec
2026-09-19T04:56:58.2509990Z   [[32m✓[0m] FTC-TAGS-009 restores tracks from distinct temporary albums without duplicate cards @area:tag-edit
2026-09-19T04:56:58.2510486Z 
2026-09-19T04:56:58.2510617Z Overall: 1/1 passed
2026-09-19T04:57:04.2648851Z [playwright-wrapper-final-decision] {"wrapperExitCode":0,"attemptReturn":{"exitCode":0,"exitReason":"authoritative-pass"},"fakeDatabaseCleanup":{"status":"completed","error":null,"mode":"lock-only"},"scanAppCleanup":{"status":"not-required","error":null},"isolatedAppCleanup":{"status":"completed","error":null},"tempCleanup":{"status":"completed","error":null,"removedCount":1},"passivePortDiagnostics":[{"port":5400,"status":"completed","error":null,"ownerCount":0},{"port":5402,"status":"completed","error":null,"ownerCount":0}],"finalSummary":{"phase":"run-final","status":"passed","total":1,"completed":1,"failed":0,"skipped":0,"errors":0,"listOnly":false},"exitReason":"authoritative-pass"}
2026-09-19T04:57:05.9424167Z {"restored":2,"removed":0,"unchanged":1495}
2026-09-19T04:57:28.3083612Z Album Haven production E2E app listening on http://127.0.0.1:5400 with 0 artists, 0 albums, 0 tracks, and provider fixtures on http://127.0.0.1:5402
2026-09-19T04:57:29.7504515Z 2026-09-19 04:57:29,748 [INFO] music_app: Startup scan-cache hydration completed files=7200 albums=400
2026-09-19T04:57:29.7506438Z 2026-09-19 04:57:29,748 [INFO] music_app: Legacy album exclusions migrated albums=1 removed_rules=18 created_rules=1
2026-09-19T04:57:30.3457739Z 2026-09-19 04:57:30,343 [INFO] music_app: Relation projection startup readiness ready=true rebuilt=true reason=missing_projection builder_version=local-relation-builder-v9 source_row_count=7438 duration_ms=557.12 source_load=135.47 fingerprint=57.86 pure_build=151.55 family_link_replacement=8.12 snapshot_publication=1.71
2026-09-19T04:57:31.7842791Z 2026-09-19 04:57:31,783 [INFO] music_app: {"action": "Index request completed", "album_count": 0, "artist_count": 0, "bootstrap_mode": "fresh_preview", "covers_in_progress": false, "elapsed_ms": 432.8, "hydrate_in_progress": false, "payload_elapsed_ms": 185.37, "query": "", "scan_in_progress": false, "selected_artist": ""}
2026-09-19T04:57:54.7434088Z 
2026-09-19T04:57:54.7434790Z Running 2 tests using 1 worker
2026-09-19T04:57:54.7466515Z 
2026-09-19T04:57:57.7040128Z 2026-09-19 04:57:57,703 [INFO] music_app: {"action": "Index request completed", "album_count": 0, "artist_count": 0, "bootstrap_mode": "fresh_preview", "covers_in_progress": false, "elapsed_ms": 278.67, "hydrate_in_progress": false, "payload_elapsed_ms": 157.81, "query": "", "scan_in_progress": false, "selected_artist": ""}
2026-09-19T04:58:00.4313725Z [TEST] FTC-TAGS-022 derives Start at from filename then deterministic editor position
2026-09-19T04:58:00.4377080Z   [STEP] Use a leading filename number for one natural-order consecutive range
2026-09-19T04:58:00.8539855Z 2026-09-19 04:58:00,853 [INFO] music_app: {"action": "Index request completed", "album_count": 0, "artist_count": 0, "bootstrap_mode": "fresh_preview", "covers_in_progress": false, "elapsed_ms": 274.65, "hydrate_in_progress": false, "payload_elapsed_ms": 165.74, "query": "", "scan_in_progress": false, "selected_artist": ""}
2026-09-19T04:58:11.6412829Z   [PASS] Use a leading filename number for one natural-order consecutive range (11202 ms)
2026-09-19T04:58:11.6414397Z   [STEP] Retain the canonical incomplete-order evidence for the generated album
2026-09-19T04:58:12.7791136Z   [PASS] Retain the canonical incomplete-order evidence for the generated album (1131 ms)
2026-09-19T04:58:12.7807627Z   [STEP] Use the deterministic editor position when filenames have no leading number
2026-09-19T04:58:13.1217478Z 2026-09-19 04:58:13,120 [INFO] music_app: {"action": "Index request completed", "album_count": 0, "artist_count": 0, "bootstrap_mode": "fresh_preview", "covers_in_progress": false, "elapsed_ms": 244.47, "hydrate_in_progress": false, "payload_elapsed_ms": 137.09, "query": "", "scan_in_progress": false, "selected_artist": ""}
2026-09-19T04:58:20.6327806Z   [PASS] Use the deterministic editor position when filenames have no leading number (7861 ms)
2026-09-19T04:58:20.6984340Z   ok 1 [functional] › tests\e2e\specs\tagEditorAutoNumber.spec.js:45:1 › FTC-TAGS-022 derives Start at from filename then deterministic editor position @area:tag-edit (20.5s)
2026-09-19T04:58:20.9219673Z [TEST] FTC-TAGS-016 tag editor backdrop closes only when no tag changes are pending
2026-09-19T04:58:20.9247139Z   [STEP] Open Edit Tags from the generated album details fixture
2026-09-19T04:58:21.4917965Z 2026-09-19 04:58:21,490 [INFO] music_app: {"action": "Index request completed", "album_count": 0, "artist_count": 0, "bootstrap_mode": "fresh_preview", "covers_in_progress": false, "elapsed_ms": 408.24, "hydrate_in_progress": false, "payload_elapsed_ms": 333.77, "query": "", "scan_in_progress": false, "selected_artist": "E2E Rarity Artist"}
2026-09-19T04:58:23.5826800Z   [PASS] Open Edit Tags from the generated album details fixture (2658 ms)
2026-09-19T04:58:23.5828144Z   [STEP] Use shared table and footer with immediate, uniform selection
2026-09-19T04:58:24.1213350Z   [PASS] Use shared table and footer with immediate, uniform selection (539 ms)
2026-09-19T04:58:24.1214896Z   [STEP] Close the clean editor with a real backdrop pointer gesture
2026-09-19T04:58:24.3476323Z   [PASS] Close the clean editor with a real backdrop pointer gesture (226 ms)
2026-09-19T04:58:24.3477405Z   [STEP] Keep a dirty album edit open across the same backdrop gesture
2026-09-19T04:58:24.8726213Z   [PASS] Keep a dirty album edit open across the same backdrop gesture (525 ms)
2026-09-19T04:58:24.8727512Z   [STEP] Close the dirty editor through the explicit Cancel control
2026-09-19T04:58:25.1286213Z   [PASS] Close the dirty editor through the explicit Cancel control (256 ms)
2026-09-19T04:58:25.1666511Z   ok 2 [functional] › tests\e2e\specs\tagEditorBackdrop.spec.js:10:1 › FTC-TAGS-016 tag editor backdrop closes only when no tag changes are pending @area:tag-edit (4.4s)
2026-09-19T04:58:25.1700514Z [album-haven-playwright-result] {"version":1,"phase":"tests-complete","nonce":"b6b53c2e6ab6d9a1a9f8e34efddf5ea910fbca7adb93357858058d98047ca44c","status":"passed","total":2,"completed":2,"failed":0,"skipped":0,"errors":0}
2026-09-19T04:58:25.7337605Z 
2026-09-19T04:58:25.7338050Z 
2026-09-19T04:58:25.7338325Z 
2026-09-19T04:58:25.7340393Z [album-haven-playwright-result] {"version":1,"phase":"run-final","nonce":"b6b53c2e6ab6d9a1a9f8e34efddf5ea910fbca7adb93357858058d98047ca44c","status":"passed","total":2,"completed":2,"failed":0,"skipped":0,"errors":0}
2026-09-19T04:58:25.7342229Z   2 passed (31.5s)
2026-09-19T04:58:26.1723596Z 
2026-09-19T04:58:26.1724066Z === Playwright Summary ===
2026-09-19T04:58:26.1724755Z [[32m✓[0m] tagEditorAutoNumber.spec
2026-09-19T04:58:26.1725495Z   [[32m✓[0m] FTC-TAGS-022 derives Start at from filename then deterministic editor position @area:tag-edit
2026-09-19T04:58:26.1726164Z [[32m✓[0m] tagEditorBackdrop.spec
2026-09-19T04:58:26.1726841Z   [[32m✓[0m] FTC-TAGS-016 tag editor backdrop closes only when no tag changes are pending @area:tag-edit
2026-09-19T04:58:26.1727333Z 
2026-09-19T04:58:26.1727454Z Overall: 2/2 passed
2026-09-19T04:58:31.8115881Z [playwright-wrapper-final-decision] {"wrapperExitCode":0,"attemptReturn":{"exitCode":0,"exitReason":"authoritative-pass"},"fakeDatabaseCleanup":{"status":"completed","error":null,"mode":"lock-only"},"scanAppCleanup":{"status":"not-required","error":null},"isolatedAppCleanup":{"status":"completed","error":null},"tempCleanup":{"status":"completed","error":null,"removedCount":1},"passivePortDiagnostics":[{"port":5400,"status":"completed","error":null,"ownerCount":0},{"port":5402,"status":"completed","error":null,"ownerCount":0}],"finalSummary":{"phase":"run-final","status":"passed","total":2,"completed":2,"failed":0,"skipped":0,"errors":0,"listOnly":false},"exitReason":"authoritative-pass"}
2026-09-19T04:58:33.4647072Z {"restored":0,"removed":0,"unchanged":1497}
2026-09-19T04:58:55.5194509Z Album Haven production E2E app listening on http://127.0.0.1:5400 with 0 artists, 0 albums, 0 tracks, and provider fixtures on http://127.0.0.1:5402
2026-09-19T04:58:56.8781273Z 2026-09-19 04:58:56,876 [INFO] music_app: Startup scan-cache hydration completed files=7200 albums=400
2026-09-19T04:58:56.8782690Z 2026-09-19 04:58:56,876 [INFO] music_app: Legacy album exclusions migrated albums=1 removed_rules=18 created_rules=1
2026-09-19T04:58:57.4742030Z 2026-09-19 04:58:57,472 [INFO] music_app: Relation projection startup readiness ready=true rebuilt=true reason=missing_projection builder_version=local-relation-builder-v9 source_row_count=7438 duration_ms=457.82 source_load=140.98 fingerprint=59.45 pure_build=147.08 family_link_replacement=7.51 snapshot_publication=1.68
2026-09-19T04:58:58.7408247Z 2026-09-19 04:58:58,738 [INFO] music_app: {"action": "Index request completed", "album_count": 0, "artist_count": 0, "bootstrap_mode": "fresh_preview", "covers_in_progress": false, "elapsed_ms": 522.92, "hydrate_in_progress": false, "payload_elapsed_ms": 277.23, "query": "", "scan_in_progress": false, "selected_artist": ""}
2026-09-19T04:59:23.4773745Z 
2026-09-19T04:59:23.4774318Z Running 1 test using 1 worker
2026-09-19T04:59:23.4805586Z 
2026-09-19T04:59:26.4382739Z 2026-09-19 04:59:26,436 [INFO] music_app: {"action": "Index request completed", "album_count": 0, "artist_count": 0, "bootstrap_mode": "fresh_preview", "covers_in_progress": false, "elapsed_ms": 285.32, "hydrate_in_progress": false, "payload_elapsed_ms": 156.17, "query": "", "scan_in_progress": false, "selected_artist": ""}
2026-09-19T04:59:29.2044655Z [TEST] FTC-TAGS-008 completes an album rename before reporting the save task complete
2026-09-19T04:59:29.2085414Z   [STEP] Open the generated MP3 album from its selected-artist gallery
2026-09-19T04:59:29.8532147Z 2026-09-19 04:59:29,851 [INFO] music_app: {"action": "Index request completed", "album_count": 0, "artist_count": 0, "bootstrap_mode": "fresh_preview", "covers_in_progress": false, "elapsed_ms": 421.67, "hydrate_in_progress": false, "payload_elapsed_ms": 344.21, "query": "", "scan_in_progress": false, "selected_artist": "E2E Rarity Artist"}
2026-09-19T04:59:31.9643407Z   [PASS] Open the generated MP3 album from its selected-artist gallery (2756 ms)
2026-09-19T04:59:31.9646229Z   [STEP] Rename and re-year every file through one task notification lifecycle
2026-09-19T04:59:43.1549792Z 2026-09-19 04:59:43,150 [INFO] music_app: {"action": "Tags edited", "album": "Queued Album Rename Fixture", "artist": "E2E Rarity Artist", "file_count": 18, "files": ["D:\\a\\_temp\\album-haven-e2e-functional-fixtures-metadata-mutations\\shared\\media\\E2E Rarity Artist\\Queued Album Rename Fixture\\01 - Rename Track 1.mp3", "D:\\a\\_temp\\album-haven-e2e-functional-fixtures-metadata-mutations\\shared\\media\\E2E Rarity Artist\\Queued Album Rename Fixture\\02 - Rename Track 2.mp3", "D:\\a\\_temp\\album-haven-e2e-functional-fixtures-metadata-mutations\\shared\\media\\E2E Rarity Artist\\Queued Album Rename Fixture\\03 - Rename Track 3.mp3", "D:\\a\\_temp\\album-haven-e2e-functional-fixtures-metadata-mutations\\shared\\media\\E2E Rarity Artist\\Queued Album Rename Fixture\\04 - Rename Track 4.mp3", "D:\\a\\_temp\\album-haven-e2e-functional-fixtures-metadata-mutations\\shared\\media\\E2E Rarity Artist\\Queued Album Rename Fixture\\05 - Rename Track 5.mp3", "D:\\a\\_temp\\album-haven-e2e-functional-fixtures-metadata-mutations\\shared\\media\\E2E Rarity Artist\\Queued Album Rename Fixture\\06 - Rename Track 6.mp3", "D:\\a\\_temp\\album-haven-e2e-functional-fixtures-metadata-mutations\\shared\\media\\E2E Rarity Artist\\Queued Album Rename Fixture\\07 - Rename Track 7.mp3", "D:\\a\\_temp\\album-haven-e2e-functional-fixtures-metadata-mutations\\shared\\media\\E2E Rarity Artist\\Queued Album Rename Fixture\\08 - Rename Track 8.mp3", "D:\\a\\_temp\\album-haven-e2e-functional-fixtures-metadata-mutations\\shared\\media\\E2E Rarity Artist\\Queued Album Rename Fixture\\09 - Rename Track 9.mp3", "D:\\a\\_temp\\album-haven-e2e-functional-fixtures-metadata-mutations\\shared\\media\\E2E Rarity Artist\\Queued Album Rename Fixture\\10 - Rename Track 10.mp3", "D:\\a\\_temp\\album-haven-e2e-functional-fixtures-metadata-mutations\\shared\\media\\E2E Rarity Artist\\Queued Album Rename Fixture\\11 - Rename Track 11.mp3", "D:\\a\\_temp\\album-haven-e2e-functional-fixtures-metadata-mutations\\shared\\media\\E2E Rarity Artist\\Queued Album Rename Fixture\\12 - Rename Track 12.mp3", "D:\\a\\_temp\\album-haven-e2e-functional-fixtures-metadata-mutations\\shared\\media\\E2E Rarity Artist\\Queued Album Rename Fixture\\13 - Rename Track 13.mp3", "D:\\a\\_temp\\album-haven-e2e-functional-fixtures-metadata-mutations\\shared\\media\\E2E Rarity Artist\\Queued Album Rename Fixture\\14 - Rename Track 14.mp3", "D:\\a\\_temp\\album-haven-e2e-functional-fixtures-metadata-mutations\\shared\\media\\E2E Rarity Artist\\Queued Album Rename Fixture\\15 - Rename Track 15.mp3", "D:\\a\\_temp\\album-haven-e2e-functional-fixtures-metadata-mutations\\shared\\media\\E2E Rarity Artist\\Queued Album Rename Fixture\\16 - Rename Track 16.mp3", "D:\\a\\_temp\\album-haven-e2e-functional-fixtures-metadata-mutations\\shared\\media\\E2E Rarity Artist\\Queued Album Rename Fixture\\17 - Rename Track 17.mp3", "D:\\a\\_temp\\album-haven-e2e-functional-fixtures-metadata-mutations\\shared\\media\\E2E Rarity Artist\\Queued Album Rename Fixture\\18 - Rename Track 18.mp3"]}
2026-09-19T04:59:46.3379879Z   [PASS] Rename and re-year every file through one task notification lifecycle (14373 ms)
2026-09-19T04:59:46.3381200Z   [STEP] Show the renamed album in the current gallery and Album Details
2026-09-19T04:59:47.0833834Z   [PASS] Show the renamed album in the current gallery and Album Details (738 ms)
2026-09-19T04:59:47.0835418Z   [STEP] Reload and open a fresh browser on the renamed Postgres state
2026-09-19T04:59:47.5422247Z 2026-09-19 04:59:47,541 [INFO] music_app: {"action": "Index request completed", "album_count": 0, "artist_count": 0, "bootstrap_mode": "fresh_preview", "covers_in_progress": false, "elapsed_ms": 350.21, "hydrate_in_progress": false, "payload_elapsed_ms": 279.01, "query": "", "scan_in_progress": false, "selected_artist": "E2E Rarity Artist"}
2026-09-19T04:59:49.0976995Z 2026-09-19 04:59:49,096 [INFO] music_app: {"action": "Index request completed", "album_count": 0, "artist_count": 0, "bootstrap_mode": "fresh_preview", "covers_in_progress": false, "elapsed_ms": 329.41, "hydrate_in_progress": false, "payload_elapsed_ms": 258.02, "query": "", "scan_in_progress": false, "selected_artist": "E2E Rarity Artist"}
2026-09-19T04:59:51.3176075Z   [PASS] Reload and open a fresh browser on the renamed Postgres state (4242 ms)
2026-09-19T04:59:51.3177923Z   [STEP] Reverse the album name and year through a second task lifecycle
2026-09-19T05:00:01.7207822Z 2026-09-19 05:00:01,660 [INFO] music_app: {"action": "Tags edited", "album": "Durable Album Rename Fixture", "artist": "E2E Rarity Artist", "file_count": 18, "files": ["D:\\a\\_temp\\album-haven-e2e-functional-fixtures-metadata-mutations\\shared\\media\\E2E Rarity Artist\\Queued Album Rename Fixture\\01 - Rename Track 1.mp3", "D:\\a\\_temp\\album-haven-e2e-functional-fixtures-metadata-mutations\\shared\\media\\E2E Rarity Artist\\Queued Album Rename Fixture\\02 - Rename Track 2.mp3", "D:\\a\\_temp\\album-haven-e2e-functional-fixtures-metadata-mutations\\shared\\media\\E2E Rarity Artist\\Queued Album Rename Fixture\\03 - Rename Track 3.mp3", "D:\\a\\_temp\\album-haven-e2e-functional-fixtures-metadata-mutations\\shared\\media\\E2E Rarity Artist\\Queued Album Rename Fixture\\04 - Rename Track 4.mp3", "D:\\a\\_temp\\album-haven-e2e-functional-fixtures-metadata-mutations\\shared\\media\\E2E Rarity Artist\\Queued Album Rename Fixture\\05 - Rename Track 5.mp3", "D:\\a\\_temp\\album-haven-e2e-functional-fixtures-metadata-mutations\\shared\\media\\E2E Rarity Artist\\Queued Album Rename Fixture\\06 - Rename Track 6.mp3", "D:\\a\\_temp\\album-haven-e2e-functional-fixtures-metadata-mutations\\shared\\media\\E2E Rarity Artist\\Queued Album Rename Fixture\\07 - Rename Track 7.mp3", "D:\\a\\_temp\\album-haven-e2e-functional-fixtures-metadata-mutations\\shared\\media\\E2E Rarity Artist\\Queued Album Rename Fixture\\08 - Rename Track 8.mp3", "D:\\a\\_temp\\album-haven-e2e-functional-fixtures-metadata-mutations\\shared\\media\\E2E Rarity Artist\\Queued Album Rename Fixture\\09 - Rename Track 9.mp3", "D:\\a\\_temp\\album-haven-e2e-functional-fixtures-metadata-mutations\\shared\\media\\E2E Rarity Artist\\Queued Album Rename Fixture\\10 - Rename Track 10.mp3", "D:\\a\\_temp\\album-haven-e2e-functional-fixtures-metadata-mutations\\shared\\media\\E2E Rarity Artist\\Queued Album Rename Fixture\\11 - Rename Track 11.mp3", "D:\\a\\_temp\\album-haven-e2e-functional-fixtures-metadata-mutations\\shared\\media\\E2E Rarity Artist\\Queued Album Rename Fixture\\12 - Rename Track 12.mp3", "D:\\a\\_temp\\album-haven-e2e-functional-fixtures-metadata-mutations\\shared\\media\\E2E Rarity Artist\\Queued Album Rename Fixture\\13 - Rename Track 13.mp3", "D:\\a\\_temp\\album-haven-e2e-functional-fixtures-metadata-mutations\\shared\\media\\E2E Rarity Artist\\Queued Album Rename Fixture\\14 - Rename Track 14.mp3", "D:\\a\\_temp\\album-haven-e2e-functional-fixtures-metadata-mutations\\shared\\media\\E2E Rarity Artist\\Queued Album Rename Fixture\\15 - Rename Track 15.mp3", "D:\\a\\_temp\\album-haven-e2e-functional-fixtures-metadata-mutations\\shared\\media\\E2E Rarity Artist\\Queued Album Rename Fixture\\16 - Rename Track 16.mp3", "D:\\a\\_temp\\album-haven-e2e-functional-fixtures-metadata-mutations\\shared\\media\\E2E Rarity Artist\\Queued Album Rename Fixture\\17 - Rename Track 17.mp3", "D:\\a\\_temp\\album-haven-e2e-functional-fixtures-metadata-mutations\\shared\\media\\E2E Rarity Artist\\Queued Album Rename Fixture\\18 - Rename Track 18.mp3"]}
2026-09-19T05:00:05.1142370Z   [PASS] Reverse the album name and year through a second task lifecycle (13792 ms)
2026-09-19T05:00:05.1143678Z   [STEP] Reject the forward alias after reverse in current, reload, and fresh views
2026-09-19T05:00:06.2302061Z 2026-09-19 05:00:06,229 [INFO] music_app: {"action": "Index request completed", "album_count": 0, "artist_count": 0, "bootstrap_mode": "fresh_preview", "covers_in_progress": false, "elapsed_ms": 394.72, "hydrate_in_progress": false, "payload_elapsed_ms": 307.51, "query": "", "scan_in_progress": false, "selected_artist": "E2E Rarity Artist"}
2026-09-19T05:00:08.0615361Z 2026-09-19 05:00:08,060 [INFO] music_app: {"action": "Index request completed", "album_count": 0, "artist_count": 0, "bootstrap_mode": "fresh_preview", "covers_in_progress": false, "elapsed_ms": 322.76, "hydrate_in_progress": false, "payload_elapsed_ms": 248.21, "query": "", "scan_in_progress": false, "selected_artist": "E2E Rarity Artist"}
2026-09-19T05:00:10.4230066Z   [PASS] Reject the forward alias after reverse in current, reload, and fresh views (5312 ms)
2026-09-19T05:00:10.5710911Z   ok 1 [functional] › tests\e2e\specs\albumTagRename.spec.js:44:1 › FTC-TAGS-008 completes an album rename before reporting the save task complete @area:tag-edit (41.6s)
2026-09-19T05:00:10.5716239Z [album-haven-playwright-result] {"version":1,"phase":"tests-complete","nonce":"a8377f67684fe2009b13cbb34559476303c80f1bb6993f0ef8e9ff28dcfd94cd","status":"passed","total":1,"completed":1,"failed":0,"skipped":0,"errors":0}
2026-09-19T05:00:12.7171991Z 
2026-09-19T05:00:12.7172013Z 
2026-09-19T05:00:12.7172133Z 
2026-09-19T05:00:12.7174603Z [album-haven-playwright-result] {"version":1,"phase":"run-final","nonce":"a8377f67684fe2009b13cbb34559476303c80f1bb6993f0ef8e9ff28dcfd94cd","status":"passed","total":1,"completed":1,"failed":0,"skipped":0,"errors":0}
2026-09-19T05:00:12.7176497Z   1 passed (49.8s)
2026-09-19T05:00:13.5598390Z 
2026-09-19T05:00:13.5599345Z === Playwright Summary ===
2026-09-19T05:00:13.5600786Z [[32m✓[0m] albumTagRename.spec
2026-09-19T05:00:13.5602518Z   [[32m✓[0m] FTC-TAGS-008 completes an album rename before reporting the save task complete @area:tag-edit
2026-09-19T05:00:13.5603650Z 
2026-09-19T05:00:13.5604059Z Overall: 1/1 passed
2026-09-19T05:00:20.7798794Z [playwright-wrapper-final-decision] {"wrapperExitCode":0,"attemptReturn":{"exitCode":0,"exitReason":"authoritative-pass"},"fakeDatabaseCleanup":{"status":"completed","error":null,"mode":"lock-only"},"scanAppCleanup":{"status":"not-required","error":null},"isolatedAppCleanup":{"status":"completed","error":null},"tempCleanup":{"status":"completed","error":null,"removedCount":1},"passivePortDiagnostics":[{"port":5400,"status":"completed","error":null,"ownerCount":0},{"port":5402,"status":"completed","error":null,"ownerCount":0}],"finalSummary":{"phase":"run-final","status":"passed","total":1,"completed":1,"failed":0,"skipped":0,"errors":0,"listOnly":false},"exitReason":"authoritative-pass"}
2026-09-19T05:00:22.6916240Z {"restored":18,"removed":0,"unchanged":1479}
2026-09-19T05:00:48.2553567Z Album Haven production E2E app listening on http://127.0.0.1:5400 with 0 artists, 0 albums, 0 tracks, and provider fixtures on http://127.0.0.1:5402
2026-09-19T05:00:49.7168800Z 2026-09-19 05:00:49,715 [INFO] music_app: Startup scan-cache hydration completed files=7200 albums=400
2026-09-19T05:00:49.7170745Z 2026-09-19 05:00:49,715 [INFO] music_app: Legacy album exclusions migrated albums=1 removed_rules=18 created_rules=1
2026-09-19T05:00:50.2265908Z 2026-09-19 05:00:50,224 [INFO] music_app: Relation projection startup readiness ready=true rebuilt=true reason=missing_projection builder_version=local-relation-builder-v9 source_row_count=7438 duration_ms=474.57 source_load=157.78 fingerprint=57.69 pure_build=150.69 family_link_replacement=7.51 snapshot_publication=1.69
2026-09-19T05:00:51.5605588Z 2026-09-19 05:00:51,559 [INFO] music_app: {"action": "Index request completed", "album_count": 0, "artist_count": 0, "bootstrap_mode": "fresh_preview", "covers_in_progress": false, "elapsed_ms": 395.38, "hydrate_in_progress": false, "payload_elapsed_ms": 163.51, "query": "", "scan_in_progress": false, "selected_artist": ""}
2026-09-19T05:01:14.6016756Z 
2026-09-19T05:01:14.6017650Z Running 1 test using 1 worker
2026-09-19T05:01:14.6054455Z 
2026-09-19T05:01:17.6946803Z 2026-09-19 05:01:17,693 [INFO] music_app: {"action": "Index request completed", "album_count": 0, "artist_count": 0, "bootstrap_mode": "fresh_preview", "covers_in_progress": false, "elapsed_ms": 280.67, "hydrate_in_progress": false, "payload_elapsed_ms": 163.7, "query": "", "scan_in_progress": false, "selected_artist": ""}
2026-09-19T05:01:20.2618232Z [TEST] FTC-TAGS-008 keeps an accepted terminal failure readable without false success
2026-09-19T05:01:20.2991059Z   [STEP] Open the generated two-track failure-control album
2026-09-19T05:01:20.9046033Z 2026-09-19 05:01:20,903 [INFO] music_app: {"action": "Index request completed", "album_count": 0, "artist_count": 0, "bootstrap_mode": "fresh_preview", "covers_in_progress": false, "elapsed_ms": 391.85, "hydrate_in_progress": false, "payload_elapsed_ms": 318.93, "query": "", "scan_in_progress": false, "selected_artist": "E2E Rarity Artist"}
2026-09-19T05:01:23.4008990Z   [PASS] Open the generated two-track failure-control album (3130 ms)
2026-09-19T05:01:23.4012665Z   [STEP] Keep the failed task readable after compensation
2026-09-19T05:01:24.8399987Z 2026-09-19 05:01:24,838 [ERROR] music_app: {"action": "Tag edit failed", "album": "Two Track Rarity Fixture", "artist": "E2E Rarity Artist", "error": "permission denied for table ignored_versions", "file_count": 1, "files": ["D:\\a\\_temp\\album-haven-e2e-functional-fixtures-metadata-mutations\\shared\\media\\E2E Rarity Artist\\Two Track Rarity Fixture\\01 - Apply Rarity Here.mp3"]}
2026-09-19T05:01:27.3378716Z   [PASS] Keep the failed task readable after compensation (3937 ms)
2026-09-19T05:01:27.3379929Z   [STEP] Reload the compensated rarity fixture as one exact two-track album
2026-09-19T05:01:28.0111437Z 2026-09-19 05:01:28,010 [INFO] music_app: {"action": "Index request completed", "album_count": 0, "artist_count": 0, "bootstrap_mode": "fresh_preview", "covers_in_progress": false, "elapsed_ms": 488.7, "hydrate_in_progress": false, "payload_elapsed_ms": 419.83, "query": "", "scan_in_progress": false, "selected_artist": "E2E Rarity Artist"}
2026-09-19T05:01:29.7171196Z   [PASS] Reload the compensated rarity fixture as one exact two-track album (2379 ms)
2026-09-19T05:01:29.7876307Z   ok 1 [functional] › tests\e2e\specs\albumTagRename.spec.js:335:1 › FTC-TAGS-008 keeps an accepted terminal failure readable without false success @area:tag-edit (9.8s)
2026-09-19T05:01:29.7879789Z [album-haven-playwright-result] {"version":1,"phase":"tests-complete","nonce":"89abe73f55c2f9300fe1087912f74d3af5bdaf65a39db3e6421f2df24a4214fd","status":"passed","total":1,"completed":1,"failed":0,"skipped":0,"errors":0}
2026-09-19T05:01:30.3314689Z 
2026-09-19T05:01:30.3314713Z 
2026-09-19T05:01:30.3314887Z 
2026-09-19T05:01:30.3317055Z [album-haven-playwright-result] {"version":1,"phase":"run-final","nonce":"89abe73f55c2f9300fe1087912f74d3af5bdaf65a39db3e6421f2df24a4214fd","status":"passed","total":1,"completed":1,"failed":0,"skipped":0,"errors":0}
2026-09-19T05:01:30.3319409Z   1 passed (16.6s)
2026-09-19T05:01:30.7570057Z 
2026-09-19T05:01:30.7570676Z === Playwright Summary ===
2026-09-19T05:01:30.7571574Z [[32m✓[0m] albumTagRename.spec
2026-09-19T05:01:30.7572622Z   [[32m✓[0m] FTC-TAGS-008 keeps an accepted terminal failure readable without false success @area:tag-edit
2026-09-19T05:01:30.7574149Z 
2026-09-19T05:01:30.7574385Z Overall: 1/1 passed
2026-09-19T05:01:36.3557420Z [playwright-wrapper-final-decision] {"wrapperExitCode":0,"attemptReturn":{"exitCode":0,"exitReason":"authoritative-pass"},"fakeDatabaseCleanup":{"status":"completed","error":null,"mode":"lock-only"},"scanAppCleanup":{"status":"not-required","error":null},"isolatedAppCleanup":{"status":"completed","error":null},"tempCleanup":{"status":"completed","error":null,"removedCount":1},"passivePortDiagnostics":[{"port":5400,"status":"completed","error":null,"ownerCount":0},{"port":5402,"status":"completed","error":null,"ownerCount":0}],"finalSummary":{"phase":"run-final","status":"passed","total":1,"completed":1,"failed":0,"skipped":0,"errors":0,"listOnly":false},"exitReason":"authoritative-pass"}
2026-09-19T05:01:38.0294725Z {"restored":1,"removed":0,"unchanged":1496}
2026-09-19T05:02:00.2333632Z Album Haven production E2E app listening on http://127.0.0.1:5400 with 0 artists, 0 albums, 0 tracks, and provider fixtures on http://127.0.0.1:5402
2026-09-19T05:02:01.7944501Z 2026-09-19 05:02:01,792 [INFO] music_app: Startup scan-cache hydration completed files=7200 albums=400
2026-09-19T05:02:01.7946187Z 2026-09-19 05:02:01,792 [INFO] music_app: Legacy album exclusions migrated albums=1 removed_rules=18 created_rules=1
2026-09-19T05:02:02.3035751Z 2026-09-19 05:02:02,302 [INFO] music_app: Relation projection startup readiness ready=true rebuilt=true reason=missing_projection builder_version=local-relation-builder-v9 source_row_count=7438 duration_ms=472.42 source_load=141.09 fingerprint=64.02 pure_build=153.56 family_link_replacement=8.01 snapshot_publication=1.99
2026-09-19T05:02:03.5227316Z 2026-09-19 05:02:03,521 [INFO] music_app: {"action": "Index request completed", "album_count": 0, "artist_count": 0, "bootstrap_mode": "fresh_preview", "covers_in_progress": false, "elapsed_ms": 445.03, "hydrate_in_progress": false, "payload_elapsed_ms": 190.69, "query": "", "scan_in_progress": false, "selected_artist": ""}
2026-09-19T05:02:29.9211046Z 
2026-09-19T05:02:29.9211822Z Running 1 test using 1 worker
2026-09-19T05:02:29.9244989Z 
2026-09-19T05:02:32.9828634Z 2026-09-19 05:02:32,980 [INFO] music_app: {"action": "Index request completed", "album_count": 0, "artist_count": 0, "bootstrap_mode": "fresh_preview", "covers_in_progress": false, "elapsed_ms": 391.48, "hydrate_in_progress": false, "payload_elapsed_ms": 181.52, "query": "", "scan_in_progress": false, "selected_artist": ""}
2026-09-19T05:02:35.6094156Z [TEST] FTC-TAGS-011 keeps a track-name-only edit on one retained album card
2026-09-19T05:02:35.6160359Z   [STEP] Open the generated album and select one physical file
2026-09-19T05:02:36.0344184Z 2026-09-19 05:02:36,033 [INFO] music_app: {"action": "Index request completed", "album_count": 0, "artist_count": 0, "bootstrap_mode": "fresh_preview", "covers_in_progress": false, "elapsed_ms": 274.04, "hydrate_in_progress": false, "payload_elapsed_ms": 157.12, "query": "", "scan_in_progress": false, "selected_artist": ""}
2026-09-19T05:02:57.3732068Z   [FAIL] Open the generated album and select one physical file :: expect(locator).toHaveCSS(expected) failed
2026-09-19T05:02:57.3733324Z 
2026-09-19T05:02:57.3734085Z Locator:  locator('#tag-editor-modal').getByRole('button', { name: 'Apply', exact: true })
2026-09-19T05:02:57.3739964Z Expected: "1"
2026-09-19T05:02:57.3741265Z Received: "0.55"
2026-09-19T05:02:57.3742662Z Timeout:  10000ms
2026-09-19T05:02:57.3743022Z 
2026-09-19T05:02:57.3743289Z Call log:
2026-09-19T05:02:57.3744113Z   - Expect "toHaveCSS" with timeout 10000ms
2026-09-19T05:02:57.3745720Z   - waiting for locator('#tag-editor-modal').getByRole('button', { name: 'Apply', exact: true })
2026-09-19T05:02:57.3750731Z     24 × locator resolved to <button disabled type="button" data-background-save="" data-open-tag-edit-confirm="1" data-ui-button-action="primary" data-editor-footer-action="primary" class="button ui-button ui-button--primary ui-button--medium background-save">…</button>
2026-09-19T05:02:57.3754311Z        - unexpected value "0.55"
2026-09-19T05:02:57.3755914Z  (21728 ms)
2026-09-19T05:02:59.2641855Z   x  1 [functional] › tests\e2e\specs\sparseTagEditReconciliation.spec.js:41:1 › FTC-TAGS-011 keeps a track-name-only edit on one retained album card @area:tag-edit (22.9s)
2026-09-19T05:02:59.2644247Z [album-haven-playwright-result] {"version":1,"phase":"tests-complete","nonce":"64b16e59d983c13f58e0d8a704fdc47328cf9456e4ed61adce10a37164f775d1","status":"failed","total":1,"completed":1,"failed":1,"skipped":0,"errors":0}
2026-09-19T05:02:59.2646065Z [playwright-wrapper-failure-latched] {"phase":"tests-complete","status":"failed","total":1,"completed":1,"failed":1,"skipped":0,"errors":0}
2026-09-19T05:02:59.9092328Z 
2026-09-19T05:02:59.9092348Z 
2026-09-19T05:02:59.9092356Z 
2026-09-19T05:02:59.9095535Z [album-haven-playwright-result] {"version":1,"phase":"run-final","nonce":"64b16e59d983c13f58e0d8a704fdc47328cf9456e4ed61adce10a37164f775d1","status":"failed","total":1,"completed":1,"failed":1,"skipped":0,"errors":0}
2026-09-19T05:02:59.9097181Z 
2026-09-19T05:02:59.9098768Z   1) [functional] › tests\e2e\specs\sparseTagEditReconciliation.spec.js:41:1 › FTC-TAGS-011 keeps a track-name-only edit on one retained album card @area:tag-edit 
2026-09-19T05:02:59.9100023Z 
2026-09-19T05:02:59.9100417Z     Error: expect(locator).toHaveCSS(expected) failed
2026-09-19T05:02:59.9100919Z 
2026-09-19T05:02:59.9101557Z     Locator:  locator('#tag-editor-modal').getByRole('button', { name: 'Apply', exact: true })
2026-09-19T05:02:59.9102513Z     Expected: "1"
2026-09-19T05:02:59.9102985Z     Received: "0.55"
2026-09-19T05:02:59.9103527Z     Timeout:  10000ms
2026-09-19T05:02:59.9105717Z 
2026-09-19T05:02:59.9105972Z     Call log:
2026-09-19T05:02:59.9106595Z       - Expect "toHaveCSS" with timeout 10000ms
2026-09-19T05:02:59.9107719Z       - waiting for locator('#tag-editor-modal').getByRole('button', { name: 'Apply', exact: true })
2026-09-19T05:02:59.9112618Z         24 × locator resolved to <button disabled type="button" data-background-save="" data-open-tag-edit-confirm="1" data-ui-button-action="primary" data-editor-footer-action="primary" class="button ui-button ui-button--primary ui-button--medium background-save">…</button>
2026-09-19T05:02:59.9115233Z            - unexpected value "0.55"
2026-09-19T05:02:59.9115653Z 
2026-09-19T05:02:59.9115663Z 
2026-09-19T05:02:59.9115988Z        at ..\actions\tagEditorActions.js:382
2026-09-19T05:02:59.9116462Z 
2026-09-19T05:02:59.9117830Z       380 |       await expect(this.tagEditor.applyButton).toBeDisabled();
2026-09-19T05:02:59.9119101Z       381 |       await expect(this.tagEditor.applyButton).toHaveCSS('cursor', 'not-allowed');
2026-09-19T05:02:59.9120828Z     > 382 |       await expect(this.tagEditor.applyButton).toHaveCSS('opacity', '1');
2026-09-19T05:02:59.9121803Z           |                                                ^
2026-09-19T05:02:59.9122659Z       383 |       const theme = await this.tagEditor.readApplyTheme();
2026-09-19T05:02:59.9123706Z       384 |       expect(theme.background).toEqual(theme.expectedBackground);
2026-09-19T05:02:59.9124659Z       385 |       expect(theme.ink).toEqual(theme.expectedInk);
2026-09-19T05:02:59.9126250Z         at TagEditorActions.expectPendingChanges (D:\a\AlbumHaven\AlbumHaven\tests\e2e\actions\tagEditorActions.js:382:48)
2026-09-19T05:02:59.9128138Z         at D:\a\AlbumHaven\AlbumHaven\tests\e2e\helpers\sparseTagEditScenario.js:130:7
2026-09-19T05:02:59.9129382Z         at runStep (D:\a\AlbumHaven\AlbumHaven\tests\e2e\support\baseFixtures.js:146:22)
2026-09-19T05:02:59.9130836Z         at runSparseTagEditScenario (D:\a\AlbumHaven\AlbumHaven\tests\e2e\helpers\sparseTagEditScenario.js:88:3)
2026-09-19T05:02:59.9132890Z         at D:\a\AlbumHaven\AlbumHaven\tests\e2e\specs\sparseTagEditReconciliation.spec.js:49:3
2026-09-19T05:02:59.9136695Z 
2026-09-19T05:02:59.9137845Z     attachment #1: step-transcript.txt (text/plain) ────────────────────────────────────────────────
2026-09-19T05:02:59.9139483Z     [TEST] FTC-TAGS-011 keeps a track-name-only edit on one retained album card
2026-09-19T05:02:59.9140634Z       [STEP] Open the generated album and select one physical file
2026-09-19T05:02:59.9142022Z       [FAIL] Open the generated album and select one physical file :: expect(locator).toHaveCSS(expected) fai...
2026-09-19T05:02:59.9143621Z     ────────────────────────────────────────────────────────────────────────────────────────────────
2026-09-19T05:02:59.9144253Z 
2026-09-19T05:02:59.9145071Z     attachment #3: stacktrace.txt (text/plain) ─────────────────────────────────────────────────────
2026-09-19T05:02:59.9145959Z     Error 1
2026-09-19T05:02:59.9146596Z     Error: expect(locator).toHaveCSS(expected) failed
2026-09-19T05:02:59.9147281Z     
2026-09-19T05:02:59.9148154Z     Locator:  locator('#tag-editor-modal').getByRole('button', { name: 'Apply', exact: true })
2026-09-19T05:02:59.9149085Z     Expected: "1"
2026-09-19T05:02:59.9149592Z     Received: "0.55"
2026-09-19T05:02:59.9150139Z     Timeout:  10000ms
2026-09-19T05:02:59.9151924Z     
2026-09-19T05:02:59.9152373Z     Call log:
2026-09-19T05:02:59.9152881Z       - Expect...
2026-09-19T05:02:59.9153940Z     ────────────────────────────────────────────────────────────────────────────────────────────────
2026-09-19T05:02:59.9154589Z 
2026-09-19T05:02:59.9155460Z     attachment #4: runtime-log.txt (text/plain) ────────────────────────────────────────────────────
2026-09-19T05:02:59.9158616Z     [2026-09-19T05:02:45.262Z] requestfailed/net::ERR_ABORTED: GET http://127.0.0.1:5400/cover?path=D%3A%5Ca%5C_temp%5Calbum-haven-e2e-functional-fixtures-metadata-mutations%5Cshared%5Cmedia%5CE2E%20Rarity%20Artist%5CSparse%20Title%20Edit%20Fixture%5Ccover.png&size=480&v=process-9fa8626fc29241b9e5cbee02...
2026-09-19T05:02:59.9163176Z     ────────────────────────────────────────────────────────────────────────────────────────────────
2026-09-19T05:02:59.9163826Z 
2026-09-19T05:02:59.9165414Z     Error Context: ..\..\_temp\functional-output-metadata-mutations\wave-01-05-playwright-config-js\sparseTagEditReconciliatio-5915c--on-one-retained-album-card-functional\error-context.md
2026-09-19T05:02:59.9167003Z 
2026-09-19T05:02:59.9167832Z     attachment #7: trace (application/zip) ─────────────────────────────────────────────────────────
2026-09-19T05:02:59.9169977Z     ..\..\_temp\functional-output-metadata-mutations\wave-01-05-playwright-config-js\sparseTagEditReconciliatio-5915c--on-one-retained-album-card-functional\trace.zip
2026-09-19T05:02:59.9172045Z     Usage:
2026-09-19T05:02:59.9172346Z 
2026-09-19T05:02:59.9176477Z         npx playwright show-trace ..\..\_temp\functional-output-metadata-mutations\wave-01-05-playwright-config-js\sparseTagEditReconciliatio-5915c--on-one-retained-album-card-functional\trace.zip
2026-09-19T05:02:59.9178373Z 
2026-09-19T05:02:59.9179144Z     ────────────────────────────────────────────────────────────────────────────────────────────────
2026-09-19T05:02:59.9179765Z 
2026-09-19T05:02:59.9180153Z   1 failed
2026-09-19T05:02:59.9181762Z     [functional] › tests\e2e\specs\sparseTagEditReconciliation.spec.js:41:1 › FTC-TAGS-011 keeps a track-name-only edit on one retained album card @area:tag-edit 
2026-09-19T05:03:00.4007737Z 
2026-09-19T05:03:00.4008449Z === Playwright Summary ===
2026-09-19T05:03:00.4009470Z [31m[x][0m sparseTagEditReconciliation.spec
2026-09-19T05:03:00.4010274Z   [31m[x][0m FTC-TAGS-011 keeps a track-name-only edit on one retained album card @area:tag-edit
2026-09-19T05:03:00.4010729Z 
2026-09-19T05:03:00.4010892Z Overall: 0/1 passed
2026-09-19T05:03:00.4011226Z Failed tests:
2026-09-19T05:03:00.4011940Z - sparseTagEditReconciliation.spec > FTC-TAGS-011 keeps a track-name-only edit on one retained album card @area:tag-edit
2026-09-19T05:03:00.4013678Z [playwright-wrapper-diagnostic] {"reason":"wrapper-child-lifecycle-mismatch","childExitCode":1,"childExitSignal":null,"childCloseCode":1,"childCloseSignal":null,"processError":null,"stopReason":"none","cleanupOutcome":"completed"}
2026-09-19T05:03:06.2415584Z [playwright-wrapper-final-decision] {"wrapperExitCode":1,"attemptReturn":{"exitCode":1,"exitReason":"wrapper-child-lifecycle-mismatch"},"fakeDatabaseCleanup":{"status":"completed","error":null,"mode":"lock-only"},"scanAppCleanup":{"status":"not-required","error":null},"isolatedAppCleanup":{"status":"completed","error":null},"tempCleanup":{"status":"completed","error":null,"removedCount":1},"passivePortDiagnostics":[{"port":5400,"status":"completed","error":null,"ownerCount":0},{"port":5402,"status":"completed","error":null,"ownerCount":0}],"finalSummary":{"phase":"run-final","status":"failed","total":1,"completed":1,"failed":1,"skipped":0,"errors":0,"listOnly":false},"exitReason":"wrapper-child-lifecycle-mismatch"}
2026-09-19T05:03:07.9085677Z {"restored":0,"removed":0,"unchanged":1497}
2026-09-19T05:03:29.9996962Z Album Haven production E2E app listening on http://127.0.0.1:5400 with 0 artists, 0 albums, 0 tracks, and provider fixtures on http://127.0.0.1:5402
2026-09-19T05:03:31.4612148Z 2026-09-19 05:03:31,459 [INFO] music_app: Startup scan-cache hydration completed files=7200 albums=400
2026-09-19T05:03:31.4613839Z 2026-09-19 05:03:31,459 [INFO] music_app: Legacy album exclusions migrated albums=1 removed_rules=18 created_rules=1
2026-09-19T05:03:31.9613194Z 2026-09-19 05:03:31,959 [INFO] music_app: Relation projection startup readiness ready=true rebuilt=true reason=missing_projection builder_version=local-relation-builder-v9 source_row_count=7438 duration_ms=463.50 source_load=143.79 fingerprint=57.76 pure_build=150.68 family_link_replacement=7.49 snapshot_publication=1.67
2026-09-19T05:03:33.2356531Z 2026-09-19 05:03:33,234 [INFO] music_app: {"action": "Index request completed", "album_count": 0, "artist_count": 0, "bootstrap_mode": "fresh_preview", "covers_in_progress": false, "elapsed_ms": 426.37, "hydrate_in_progress": false, "payload_elapsed_ms": 174.45, "query": "", "scan_in_progress": false, "selected_artist": ""}
2026-09-19T05:03:57.2547760Z 
2026-09-19T05:03:57.2548518Z Running 1 test using 1 worker
2026-09-19T05:03:57.2581637Z 
2026-09-19T05:04:00.4719682Z 2026-09-19 05:04:00,471 [INFO] music_app: {"action": "Index request completed", "album_count": 0, "artist_count": 0, "bootstrap_mode": "fresh_preview", "covers_in_progress": false, "elapsed_ms": 285.12, "hydrate_in_progress": false, "payload_elapsed_ms": 162.08, "query": "", "scan_in_progress": false, "selected_artist": ""}
2026-09-19T05:04:03.1546302Z [TEST] FTC-TAGS-012 carries Genre through selected Postgres payloads and edits only TCON
2026-09-19T05:04:03.1587599Z   [STEP] Open the generated album and select one physical file
2026-09-19T05:04:03.5643724Z 2026-09-19 05:04:03,562 [INFO] music_app: {"action": "Index request completed", "album_count": 0, "artist_count": 0, "bootstrap_mode": "fresh_preview", "covers_in_progress": false, "elapsed_ms": 262.29, "hydrate_in_progress": false, "payload_elapsed_ms": 148.15, "query": "", "scan_in_progress": false, "selected_artist": ""}
2026-09-19T05:04:14.7432632Z   [PASS] Open the generated album and select one physical file (11583 ms)
2026-09-19T05:04:14.7434357Z   [STEP] Apply the exact sparse update and retain the optimistic gallery after the response
2026-09-19T05:04:15.9440205Z 2026-09-19 05:04:15,942 [INFO] music_app: {"action": "Tags edited", "album": "Sparse Genre Edit Fixture", "artist": "E2E Rarity Artist", "file_count": 1, "files": ["D:\\a\\_temp\\album-haven-e2e-functional-fixtures-metadata-mutations\\shared\\media\\E2E Rarity Artist\\Sparse Genre Edit Fixture\\01 - Sparse Genre Track 1.mp3"]}
2026-09-19T05:04:16.8912233Z   [PASS] Apply the exact sparse update and retain the optimistic gallery after the response (2149 ms)
2026-09-19T05:04:16.8926943Z   [STEP] Verify only the requested physical ID3 frame changed
2026-09-19T05:04:16.9946396Z   [PASS] Verify only the requested physical ID3 frame changed (102 ms)
2026-09-19T05:04:16.9947502Z   [STEP] Verify the current authoritative gallery state
2026-09-19T05:04:18.0107664Z   [PASS] Verify the current authoritative gallery state (986 ms)
2026-09-19T05:04:18.0110723Z   [STEP] Verify the authoritative topology in a fresh browser
2026-09-19T05:04:18.9923886Z 2026-09-19 05:04:18,991 [INFO] music_app: {"action": "Index request completed", "album_count": 0, "artist_count": 0, "bootstrap_mode": "fresh_preview", "covers_in_progress": false, "elapsed_ms": 469.07, "hydrate_in_progress": false, "payload_elapsed_ms": 367.09, "query": "", "scan_in_progress": false, "selected_artist": "E2E Rarity Artist"}
2026-09-19T05:04:21.1239993Z   [PASS] Verify the authoritative topology in a fresh browser (3140 ms)
2026-09-19T05:04:21.2250710Z   ok 1 [functional] › tests\e2e\specs\sparseTagEditReconciliation.spec.js:76:1 › FTC-TAGS-012 carries Genre through selected Postgres payloads and edits only TCON @area:tag-edit (18.3s)
2026-09-19T05:04:21.2255058Z [album-haven-playwright-result] {"version":1,"phase":"tests-complete","nonce":"d27fcf4d88682e68ae09f42ca8f9d84464c4d3b9b3831cd747b42ae17f7bccc9","status":"passed","total":1,"completed":1,"failed":0,"skipped":0,"errors":0}
2026-09-19T05:04:21.8376339Z 
2026-09-19T05:04:21.8376361Z 
2026-09-19T05:04:21.8376371Z 
2026-09-19T05:04:21.8378520Z [album-haven-playwright-result] {"version":1,"phase":"run-final","nonce":"d27fcf4d88682e68ae09f42ca8f9d84464c4d3b9b3831cd747b42ae17f7bccc9","status":"passed","total":1,"completed":1,"failed":0,"skipped":0,"errors":0}
2026-09-19T05:04:21.8380374Z   1 passed (25.1s)
2026-09-19T05:04:22.8117352Z 
2026-09-19T05:04:22.8118106Z === Playwright Summary ===
2026-09-19T05:04:22.8119356Z [[32m✓[0m] sparseTagEditReconciliation.spec
2026-09-19T05:04:22.8120720Z   [[32m✓[0m] FTC-TAGS-012 carries Genre through selected Postgres payloads and edits only TCON @area:tag-edit
2026-09-19T05:04:22.8121386Z 
2026-09-19T05:04:22.8121589Z Overall: 1/1 passed
2026-09-19T05:04:28.5457857Z [playwright-wrapper-final-decision] {"wrapperExitCode":0,"attemptReturn":{"exitCode":0,"exitReason":"authoritative-pass"},"fakeDatabaseCleanup":{"status":"completed","error":null,"mode":"lock-only"},"scanAppCleanup":{"status":"not-required","error":null},"isolatedAppCleanup":{"status":"completed","error":null},"tempCleanup":{"status":"completed","error":null,"removedCount":1},"passivePortDiagnostics":[{"port":5400,"status":"completed","error":null,"ownerCount":0},{"port":5402,"status":"completed","error":null,"ownerCount":0}],"finalSummary":{"phase":"run-final","status":"passed","total":1,"completed":1,"failed":0,"skipped":0,"errors":0,"listOnly":false},"exitReason":"authoritative-pass"}
2026-09-19T05:04:30.2532645Z {"restored":1,"removed":0,"unchanged":1496}
2026-09-19T05:04:54.4820597Z Album Haven production E2E app listening on http://127.0.0.1:5400 with 0 artists, 0 albums, 0 tracks, and provider fixtures on http://127.0.0.1:5402
2026-09-19T05:04:56.1601260Z 2026-09-19 05:04:56,158 [INFO] music_app: Startup scan-cache hydration completed files=7200 albums=400
2026-09-19T05:04:56.1603242Z 2026-09-19 05:04:56,158 [INFO] music_app: Legacy album exclusions migrated albums=1 removed_rules=18 created_rules=1
2026-09-19T05:04:56.6546877Z 2026-09-19 05:04:56,653 [INFO] music_app: Relation projection startup readiness ready=true rebuilt=true reason=missing_projection builder_version=local-relation-builder-v9 source_row_count=7438 duration_ms=456.22 source_load=139.41 fingerprint=58.88 pure_build=146.85 family_link_replacement=7.79 snapshot_publication=1.71
2026-09-19T05:04:57.7982198Z 2026-09-19 05:04:57,797 [INFO] music_app: {"action": "Index request completed", "album_count": 0, "artist_count": 0, "bootstrap_mode": "fresh_preview", "covers_in_progress": false, "elapsed_ms": 417.25, "hydrate_in_progress": false, "payload_elapsed_ms": 179.23, "query": "", "scan_in_progress": false, "selected_artist": ""}
2026-09-19T05:05:21.7844872Z 
2026-09-19T05:05:21.7845889Z Running 1 test using 1 worker
2026-09-19T05:05:21.7892073Z 
2026-09-19T05:05:24.9206542Z 2026-09-19 05:05:24,919 [INFO] music_app: {"action": "Index request completed", "album_count": 0, "artist_count": 0, "bootstrap_mode": "fresh_preview", "covers_in_progress": false, "elapsed_ms": 290.55, "hydrate_in_progress": false, "payload_elapsed_ms": 167.81, "query": "", "scan_in_progress": false, "selected_artist": ""}
2026-09-19T05:05:27.6078134Z [TEST] FTC-ALBUM-TASTE-013 keeps app ratings authoritative while import and scan seed missing ratings
2026-09-19T05:05:27.6080074Z   [STEP] Render absent and invalid ratings as ten empty stars in hydrated album cards
2026-09-19T05:05:28.0597214Z 2026-09-19 05:05:28,059 [INFO] music_app: {"action": "Index request completed", "album_count": 0, "artist_count": 0, "bootstrap_mode": "fresh_preview", "covers_in_progress": false, "elapsed_ms": 275.82, "hydrate_in_progress": false, "payload_elapsed_ms": 158.43, "query": "", "scan_in_progress": false, "selected_artist": ""}
2026-09-19T05:05:31.0578479Z 2026-09-19 05:05:31,052 [INFO] music_app: {"action": "Postgres album search request started", "query": "Rating Absent"}
2026-09-19T05:05:31.2150900Z 2026-09-19 05:05:31,191 [INFO] music_app: {"action": "View data request completed", "album_count": 1, "artist_count": 1, "elapsed_ms": 138.73, "query": "Rating Absent", "selected_artist": "Album Rating Contract"}
2026-09-19T05:05:31.7120493Z 2026-09-19 05:05:31,707 [INFO] music_app: {"action": "Postgres album search request started", "query": "Rating Malformed"}
2026-09-19T05:05:31.8610734Z 2026-09-19 05:05:31,843 [INFO] music_app: {"action": "View data request completed", "album_count": 1, "artist_count": 1, "elapsed_ms": 135.91, "query": "Rating Malformed", "selected_artist": "Album Rating Contract"}
2026-09-19T05:05:32.4291201Z 2026-09-19 05:05:32,422 [INFO] music_app: {"action": "Postgres album search request started", "query": "Rating Zero"}
2026-09-19T05:05:32.5869828Z 2026-09-19 05:05:32,569 [INFO] music_app: {"action": "View data request completed", "album_count": 1, "artist_count": 1, "elapsed_ms": 147.66, "query": "Rating Zero", "selected_artist": "Album Rating Contract"}
2026-09-19T05:05:33.1512985Z 2026-09-19 05:05:33,126 [INFO] music_app: {"action": "Postgres album search request started", "query": "Rating Out Of Range"}
2026-09-19T05:05:33.2843750Z 2026-09-19 05:05:33,272 [INFO] music_app: {"action": "View data request completed", "album_count": 1, "artist_count": 1, "elapsed_ms": 146.27, "query": "Rating Out Of Range", "selected_artist": "Album Rating Contract"}
2026-09-19T05:05:33.5489412Z   [PASS] Render absent and invalid ratings as ten empty stars in hydrated album cards (5940 ms)
2026-09-19T05:05:33.5491204Z   [STEP] Prefer the numeric app rating and honor an explicitly cleared app rating
2026-09-19T05:05:33.7127623Z 2026-09-19 05:05:33,708 [INFO] music_app: {"action": "Postgres album search request started", "query": "Rating Numeric Authority"}
2026-09-19T05:05:33.8691013Z 2026-09-19 05:05:33,855 [INFO] music_app: {"action": "View data request completed", "album_count": 1, "artist_count": 1, "elapsed_ms": 147.45, "query": "Rating Numeric Authority", "selected_artist": "Album Rating Contract"}
2026-09-19T05:05:34.3877985Z 2026-09-19 05:05:34,379 [INFO] music_app: {"action": "Postgres album search request started", "query": "Rating Cleared Authority"}
2026-09-19T05:05:34.5783770Z 2026-09-19 05:05:34,513 [INFO] music_app: {"action": "View data request completed", "album_count": 1, "artist_count": 1, "elapsed_ms": 133.49, "query": "Rating Cleared Authority", "selected_artist": "Album Rating Contract"}
2026-09-19T05:05:34.8446402Z   [PASS] Prefer the numeric app rating and honor an explicitly cleared app rating (1297 ms)
2026-09-19T05:05:34.8447500Z   [STEP] Keep the import candidate rendered without an app rating before import
2026-09-19T05:05:35.0033290Z 2026-09-19 05:05:34,998 [INFO] music_app: {"action": "Postgres album search request started", "query": "Rating Import Candidate"}
2026-09-19T05:05:35.1512716Z 2026-09-19 05:05:35,135 [INFO] music_app: {"action": "View data request completed", "album_count": 1, "artist_count": 1, "elapsed_ms": 137.14, "query": "Rating Import Candidate", "selected_artist": "Album Rating Contract"}
2026-09-19T05:05:35.4751331Z   [PASS] Keep the import candidate rendered without an app rating before import (630 ms)
2026-09-19T05:05:35.4752661Z   [STEP] Import the missing tag rating and refresh the already-rendered card
2026-09-19T05:05:37.8129556Z   [PASS] Import the missing tag rating and refresh the already-rendered card (2337 ms)
2026-09-19T05:05:37.8132056Z   [STEP] Repeat the explicit import without creating a duplicate authority row
2026-09-19T05:05:38.7707302Z   [PASS] Repeat the explicit import without creating a duplicate authority row (958 ms)
2026-09-19T05:05:38.7708806Z   [STEP] Keep the existing app rating visible while the incremental scan is active
2026-09-19T05:05:38.9461591Z 2026-09-19 05:05:38,936 [INFO] music_app: {"action": "Postgres album search request started", "query": "Rating Cleared Authority"}
2026-09-19T05:05:39.0870964Z 2026-09-19 05:05:39,072 [INFO] music_app: {"action": "View data request completed", "album_count": 1, "artist_count": 1, "elapsed_ms": 134.99, "query": "Rating Cleared Authority", "selected_artist": "Album Rating Contract"}
2026-09-19T05:05:39.5663533Z 2026-09-19 05:05:39,535 [WARNING] music_app: refresh_api: payload keys=['full_rescan']
2026-09-19T05:05:39.9598917Z 2026-09-19 05:05:39,713 [INFO] music_app: {"action": "Library indexing started", "force": true}
2026-09-19T05:05:40.0579244Z 2026-09-19 05:05:39,829 [INFO] music_app: {"action": "Postgres album search request started", "query": "Rating Numeric Authority"}
2026-09-19T05:05:40.0766167Z 2026-09-19 05:05:39,995 [INFO] music_app: {"action": "View data request completed", "album_count": 1, "artist_count": 1, "elapsed_ms": 166.79, "query": "Rating Numeric Authority", "selected_artist": "Album Rating Contract"}
2026-09-19T05:05:47.5480583Z 2026-09-19 05:05:47,524 [INFO] music_app: {"action": "Library indexing completed", "album_count": 63, "file_count": 1090}
2026-09-19T05:05:47.5502849Z 2026-09-19 05:05:47,524 [INFO] music_app: {"action": "Cover art refresh queued after indexing", "added_album_count": 1}
2026-09-19T05:05:48.1440622Z   [PASS] Keep the existing app rating visible while the incremental scan is active (9356 ms)
2026-09-19T05:05:48.1462637Z   [STEP] Open the newly discovered tagged MP3 after the scan completes
2026-09-19T05:05:48.7511150Z 2026-09-19 05:05:48,492 [INFO] music_app: {"action": "Postgres album search request started", "query": "Rating Scan Discovery"}
2026-09-19T05:05:49.1373220Z 2026-09-19 05:05:49,061 [INFO] music_app: {"action": "View data request completed", "album_count": 1, "artist_count": 1, "elapsed_ms": 567.01, "query": "Rating Scan Discovery", "selected_artist": "Album Rating Contract"}
2026-09-19T05:05:49.1720502Z 2026-09-19 05:05:49,170 [VERBOSE] music_app: Cover jobs built total_folders=64 queued=64 skipped=0 skipped_samples=[]
2026-09-19T05:05:49.1724337Z 2026-09-19 05:05:49,171 [VERBOSE] music_app: Cover refresh background job selection queued=16 user_owned=1 scan_generation=1 file_cache_entries=1090
2026-09-19T05:05:49.1798572Z 2026-09-19 05:05:49,171 [VERBOSE] music_app: Cover fetch queue item index=1 total=16 artist='Generated Problem Fixture' album='Comfortably Numb Sidebar Fixture 01' year=2023 folder='D:\\a\\_temp\\album-haven-e2e-functional-fixtures-metadata-mutations\\shared\\media\\Generated Problem Fixture\\Comfortably Numb Sidebar Fixture 01' track_count=18 force_search=False
2026-09-19T05:05:49.1813193Z 2026-09-19 05:05:49,174 [VERBOSE] music_app: Cover fetch queue item index=2 total=16 artist='Generated Problem Fixture' album='Comfortably Numb Sidebar Fixture 02' year=2023 folder='D:\\a\\_temp\\album-haven-e2e-functional-fixtures-metadata-mutations\\shared\\media\\Generated Problem Fixture\\Comfortably Numb Sidebar Fixture 02' track_count=18 force_search=False
2026-09-19T05:05:49.1823787Z 2026-09-19 05:05:49,174 [VERBOSE] music_app: Cover fetch queue item index=3 total=16 artist='Generated Problem Fixture' album='Comfortably Numb Sidebar Fixture 03' year=2023 folder='D:\\a\\_temp\\album-haven-e2e-functional-fixtures-metadata-mutations\\shared\\media\\Generated Problem Fixture\\Comfortably Numb Sidebar Fixture 03' track_count=18 force_search=False
2026-09-19T05:05:49.1829828Z 2026-09-19 05:05:49,174 [VERBOSE] music_app: Cover fetch queue item index=4 total=16 artist='Generated Problem Fixture' album='Comfortably Numb Sidebar Fixture 04' year=2023 folder='D:\\a\\_temp\\album-haven-e2e-functional-fixtures-metadata-mutations\\shared\\media\\Generated Problem Fixture\\Comfortably Numb Sidebar Fixture 04' track_count=18 force_search=False
2026-09-19T05:05:49.1836734Z 2026-09-19 05:05:49,174 [VERBOSE] music_app: Cover fetch queue item index=5 total=16 artist='Generated Problem Fixture' album='Comfortably Numb Sidebar Fixture 05' year=2023 folder='D:\\a\\_temp\\album-haven-e2e-functional-fixtures-metadata-mutations\\shared\\media\\Generated Problem Fixture\\Comfortably Numb Sidebar Fixture 05' track_count=18 force_search=False
2026-09-19T05:05:49.1862732Z 2026-09-19 05:05:49,174 [VERBOSE] music_app: Cover fetch queue item index=6 total=16 artist='Generated Problem Fixture' album='Comfortably Numb Sidebar Fixture 06' year=2023 folder='D:\\a\\_temp\\album-haven-e2e-functional-fixtures-metadata-mutations\\shared\\media\\Generated Problem Fixture\\Comfortably Numb Sidebar Fixture 06' track_count=18 force_search=False
2026-09-19T05:05:49.1868334Z 2026-09-19 05:05:49,174 [VERBOSE] music_app: Cover fetch queue item index=7 total=16 artist='Generated Problem Fixture' album='Comfortably Numb Sidebar Fixture 07' year=2023 folder='D:\\a\\_temp\\album-haven-e2e-functional-fixtures-metadata-mutations\\shared\\media\\Generated Problem Fixture\\Comfortably Numb Sidebar Fixture 07' track_count=18 force_search=False
2026-09-19T05:05:49.1874483Z 2026-09-19 05:05:49,174 [VERBOSE] music_app: Cover fetch queue item index=8 total=16 artist='Generated Problem Fixture' album='Comfortably Numb Sidebar Fixture 08' year=2023 folder='D:\\a\\_temp\\album-haven-e2e-functional-fixtures-metadata-mutations\\shared\\media\\Generated Problem Fixture\\Comfortably Numb Sidebar Fixture 08' track_count=18 force_search=False
2026-09-19T05:05:49.3800180Z 2026-09-19 05:05:49,175 [VERBOSE] music_app: Cover fetch queue item index=9 total=16 artist='Generated Problem Fixture' album='Encoding And Missing Metadata' year=None folder='D:\\a\\_temp\\album-haven-e2e-functional-fixtures-metadata-mutations\\shared\\media\\Generated Problem Fixture\\Encoding And Missing Metadata' track_count=18 force_search=False
2026-09-19T05:05:49.3805110Z 2026-09-19 05:05:49,175 [VERBOSE] music_app: Cover fetch queue item index=10 total=16 artist='Mastodon' album='Crack The Skye Fixture 07' year=2009 folder='D:\\a\\_temp\\album-haven-e2e-functional-fixtures-metadata-mutations\\shared\\media\\Mastodon\\Crack The Skye Fixture 07' track_count=18 force_search=False
2026-09-19T05:05:49.3829225Z 2026-09-19 05:05:49,175 [VERBOSE] music_app: Cover fetch queue item index=11 total=16 artist='Mastodon' album='Crack The Skye Fixture 08' year=2009 folder='D:\\a\\_temp\\album-haven-e2e-functional-fixtures-metadata-mutations\\shared\\media\\Mastodon\\Crack The Skye Fixture 08' track_count=18 force_search=False
2026-09-19T05:05:49.3834130Z 2026-09-19 05:05:49,175 [VERBOSE] music_app: Cover fetch queue item index=12 total=16 artist='Mastodon' album='Crack The Skye Fixture 09' year=2009 folder='D:\\a\\_temp\\album-haven-e2e-functional-fixtures-metadata-mutations\\shared\\media\\Mastodon\\Crack The Skye Fixture 09' track_count=18 force_search=False
2026-09-19T05:05:49.3844552Z 2026-09-19 05:05:49,175 [VERBOSE] music_app: Cover fetch queue item index=13 total=16 artist='Mastodon' album='Crack The Skye Fixture 10' year=2009 folder='D:\\a\\_temp\\album-haven-e2e-functional-fixtures-metadata-mutations\\shared\\media\\Mastodon\\Crack The Skye Fixture 10' track_count=18 force_search=False
2026-09-19T05:05:49.3851453Z 2026-09-19 05:05:49,175 [VERBOSE] music_app: Cover fetch queue item index=14 total=16 artist='Neal Morse' album='Neal Morse Plays Pink Floyd' year=2023 folder='D:\\a\\_temp\\album-haven-e2e-functional-fixtures-metadata-mutations\\shared\\media\\Progressive Projects\\Morse Family\\Neal Morse\\Neal Morse Plays Pink Floyd' track_count=18 force_search=False
2026-09-19T05:05:49.3858709Z 2026-09-19 05:05:49,175 [VERBOSE] music_app: Cover fetch queue item index=15 total=16 artist='Various Artists' album='Mulan' year=1998 folder='D:\\a\\_temp\\album-haven-e2e-functional-fixtures-metadata-mutations\\shared\\media\\Various Artists\\Mulan' track_count=14 force_search=False
2026-09-19T05:05:49.3869975Z 2026-09-19 05:05:49,176 [VERBOSE] music_app: Cover fetch queue item index=16 total=16 artist='\u0414\u0414\u0422' album='\u0421\u0442\u0443\u0434\u0438\u0439\u043d\u044b\u0435 \u0437\u0430\u043f\u0438\u0441\u0438' year=1990 folder='D:\\a\\_temp\\album-haven-e2e-functional-fixtures-metadata-mutations\\shared\\media\\\u0414\u0414\u0422\\\u0421\u0442\u0443\u0434\u0438\u0439\u043d\u044b\u0435 \u0437\u0430\u043f\u0438\u0441\u0438' track_count=16 force_search=False
2026-09-19T05:05:50.4083389Z   [PASS] Open the newly discovered tagged MP3 after the scan completes (2270 ms)
2026-09-19T05:05:50.7562961Z   [STEP] Keep numeric and cleared authorities unchanged after the regular scan
2026-09-19T05:05:51.8958281Z 2026-09-19 05:05:51,486 [INFO] music_app: {"action": "Postgres album search request started", "query": "Rating Numeric Authority"}
2026-09-19T05:05:52.6846616Z 2026-09-19 05:05:52,642 [VERBOSE] music_app.services.cover_provider_http: Cover HTTP success service=apple context=search:Generated Problem Fixture Comfortably Numb Sidebar Fixture 02 2023 status=200 url=http://127.0.0.1:5402/itunes/search?term=Generated+Problem+Fixture+Comfortably+Numb+Sidebar+Fixture+02+2023&entity=album&limit=20 bytes=33
2026-09-19T05:05:52.7888891Z 2026-09-19 05:05:52,642 [VERBOSE] music_app.services.cover_refresh_provider: Apple raw search results query='Generated Problem Fixture Comfortably Numb Sidebar Fixture 02 2023' artist='Generated Problem Fixture' album='Comfortably Numb Sidebar Fixture 02' year=2023 results=[]
2026-09-19T05:05:52.9658882Z 2026-09-19 05:05:52,642 [VERBOSE] music_app.services.cover_refresh_provider: Apple search results query='Generated Problem Fixture Comfortably Numb Sidebar Fixture 02 2023' count=0 top=[]
2026-09-19T05:05:53.0692580Z 2026-09-19 05:05:52,642 [INFO] music_app.services.cover_refresh_provider: {"action": "Apple cover miss", "album": "Comfortably Numb Sidebar Fixture 02", "artist": "Generated Problem Fixture", "query_mode": "artist+album+year:native", "raw_result_count": 0, "raw_results_summary": [], "top_candidates": [], "year": 2023}
2026-09-19T05:05:53.1644885Z 2026-09-19 05:05:52,659 [INFO] music_app: {"action": "View data request completed", "album_count": 1, "artist_count": 1, "elapsed_ms": 1172.59, "query": "Rating Numeric Authority", "selected_artist": "Album Rating Contract"}
2026-09-19T05:05:53.2572544Z 2026-09-19 05:05:52,968 [VERBOSE] music_app.services.cover_provider_http: Cover HTTP success service=apple context=search:Generated Problem Fixture Comfortably Numb Sidebar Fixture 01 2023 status=200 url=http://127.0.0.1:5402/itunes/search?term=Generated+Problem+Fixture+Comfortably+Numb+Sidebar+Fixture+01+2023&entity=album&limit=20 bytes=33
2026-09-19T05:05:53.2648147Z 2026-09-19 05:05:52,968 [VERBOSE] music_app.services.cover_refresh_provider: Apple raw search results query='Generated Problem Fixture Comfortably Numb Sidebar Fixture 01 2023' artist='Generated Problem Fixture' album='Comfortably Numb Sidebar Fixture 01' year=2023 results=[]
2026-09-19T05:05:53.3142591Z 2026-09-19 05:05:52,968 [VERBOSE] music_app.services.cover_refresh_provider: Apple search results query='Generated Problem Fixture Comfortably Numb Sidebar Fixture 01 2023' count=0 top=[]
2026-09-19T05:05:53.3713747Z 2026-09-19 05:05:52,968 [INFO] music_app.services.cover_refresh_provider: {"action": "Apple cover miss", "album": "Comfortably Numb Sidebar Fixture 01", "artist": "Generated Problem Fixture", "query_mode": "artist+album+year:native", "raw_result_count": 0, "raw_results_summary": [], "top_candidates": [], "year": 2023}
2026-09-19T05:05:53.4405882Z 2026-09-19 05:05:53,292 [VERBOSE] music_app.services.cover_provider_http: Cover HTTP success service=apple context=search:Generated Problem Fixture Comfortably Numb Sidebar Fixture 03 2023 status=200 url=http://127.0.0.1:5402/itunes/search?term=Generated+Problem+Fixture+Comfortably+Numb+Sidebar+Fixture+03+2023&entity=album&limit=20 bytes=33
2026-09-19T05:05:53.5079084Z 2026-09-19 05:05:53,292 [VERBOSE] music_app.services.cover_refresh_provider: Apple raw search results query='Generated Problem Fixture Comfortably Numb Sidebar Fixture 03 2023' artist='Generated Problem Fixture' album='Comfortably Numb Sidebar Fixture 03' year=2023 results=[]
2026-09-19T05:05:53.5535195Z 2026-09-19 05:05:53,292 [VERBOSE] music_app.services.cover_refresh_provider: Apple search results query='Generated Problem Fixture Comfortably Numb Sidebar Fixture 03 2023' count=0 top=[]
2026-09-19T05:05:53.6462788Z 2026-09-19 05:05:53,292 [INFO] music_app.services.cover_refresh_provider: {"action": "Apple cover miss", "album": "Comfortably Numb Sidebar Fixture 03", "artist": "Generated Problem Fixture", "query_mode": "artist+album+year:native", "raw_result_count": 0, "raw_results_summary": [], "top_candidates": [], "year": 2023}
2026-09-19T05:05:53.7088889Z 2026-09-19 05:05:53,424 [VERBOSE] music_app.services.cover_provider_http: Cover HTTP success service=apple context=search:Generated Problem Fixture Comfortably Numb Sidebar Fixture 04 2023 status=200 url=http://127.0.0.1:5402/itunes/search?term=Generated+Problem+Fixture+Comfortably+Numb+Sidebar+Fixture+04+2023&entity=album&limit=20 bytes=33
2026-09-19T05:05:53.7925577Z 2026-09-19 05:05:53,424 [VERBOSE] music_app.services.cover_refresh_provider: Apple raw search results query='Generated Problem Fixture Comfortably Numb Sidebar Fixture 04 2023' artist='Generated Problem Fixture' album='Comfortably Numb Sidebar Fixture 04' year=2023 results=[]
2026-09-19T05:05:54.2838759Z 2026-09-19 05:05:53,424 [VERBOSE] music_app.services.cover_refresh_provider: Apple search results query='Generated Problem Fixture Comfortably Numb Sidebar Fixture 04 2023' count=0 top=[]
2026-09-19T05:05:54.5022333Z 2026-09-19 05:05:53,424 [INFO] music_app.services.cover_refresh_provider: {"action": "Apple cover miss", "album": "Comfortably Numb Sidebar Fixture 04", "artist": "Generated Problem Fixture", "query_mode": "artist+album+year:native", "raw_result_count": 0, "raw_results_summary": [], "top_candidates": [], "year": 2023}
2026-09-19T05:05:54.5598149Z 2026-09-19 05:05:54,100 [INFO] music_app: {"action": "Postgres album search request started", "query": "Rating Cleared Authority"}
2026-09-19T05:05:55.2880257Z 2026-09-19 05:05:54,901 [INFO] music_app: {"action": "View data request completed", "album_count": 1, "artist_count": 1, "elapsed_ms": 799.78, "query": "Rating Cleared Authority", "selected_artist": "Album Rating Contract"}
2026-09-19T05:05:55.3736791Z 2026-09-19 05:05:55,319 [VERBOSE] music_app.services.cover_provider_http: Cover HTTP success service=apple context=artist-id-search:Generated Problem Fixture status=200 url=http://127.0.0.1:5402/itunes/search?term=Generated+Problem+Fixture&entity=musicArtist&limit=10 bytes=33
2026-09-19T05:05:55.3851420Z 2026-09-19 05:05:55,319 [INFO] music_app.services.cover_refresh_provider: {"action": "Apple artist lookup results", "album": "Comfortably Numb Sidebar Fixture 01", "artist": "Generated Problem Fixture", "query_artist": "Generated Problem Fixture", "result_count": 0, "top_results": []}
2026-09-19T05:05:55.6052174Z 2026-09-19 05:05:55,414 [VERBOSE] music_app.services.cover_provider_http: Cover HTTP success service=apple context=artist-id-search:Generated Problem Fixture status=200 url=http://127.0.0.1:5402/itunes/search?term=Generated+Problem+Fixture&entity=musicArtist&limit=10 bytes=33
2026-09-19T05:05:55.6203934Z 2026-09-19 05:05:55,414 [INFO] music_app.services.cover_refresh_provider: {"action": "Apple artist lookup results", "album": "Comfortably Numb Sidebar Fixture 02", "artist": "Generated Problem Fixture", "query_artist": "Generated Problem Fixture", "result_count": 0, "top_results": []}
2026-09-19T05:05:55.6686562Z   [PASS] Keep numeric and cleared authorities unchanged after the regular scan (5258 ms)
2026-09-19T05:05:55.7354314Z 2026-09-19 05:05:55,686 [VERBOSE] music_app.services.cover_provider_http: Cover HTTP success service=apple context=artist-id-search:Generated Problem Fixture status=200 url=http://127.0.0.1:5402/itunes/search?term=Generated+Problem+Fixture&entity=musicArtist&limit=10 bytes=33
2026-09-19T05:05:55.7359605Z   ok 1 [functional] › tests\e2e\specs\albumRatings.spec.js:30:1 › FTC-ALBUM-TASTE-013 keeps app ratings authoritative while import and scan seed missing ratings @area:album-details (28.4s)
2026-09-19T05:05:55.7363638Z 2026-09-19 05:05:55,687 [INFO] music_app.services.cover_refresh_provider: {"action": "Apple artist lookup results", "album": "Comfortably Numb Sidebar Fixture 03", "artist": "Generated Problem Fixture", "query_artist": "Generated Problem Fixture", "result_count": 0, "top_results": []}
2026-09-19T05:05:55.7543527Z [album-haven-playwright-result] {"version":1,"phase":"tests-complete","nonce":"0725b7943ca5d3cc21679a873b6c8453d1ef8a1c74af1580baaea07434c43e18","status":"passed","total":1,"completed":1,"failed":0,"skipped":0,"errors":0}
2026-09-19T05:05:56.9255989Z 2026-09-19 05:05:55,757 [VERBOSE] music_app.services.cover_provider_http: Cover HTTP success service=apple context=artist-id-search:Generated Problem Fixture status=200 url=http://127.0.0.1:5402/itunes/search?term=Generated+Problem+Fixture&entity=musicArtist&limit=10 bytes=33
2026-09-19T05:05:56.9345324Z 2026-09-19 05:05:55,757 [INFO] music_app.services.cover_refresh_provider: {"action": "Apple artist lookup results", "album": "Comfortably Numb Sidebar Fixture 04", "artist": "Generated Problem Fixture", "query_artist": "Generated Problem Fixture", "result_count": 0, "top_results": []}
2026-09-19T05:05:56.9421213Z 2026-09-19 05:05:56,113 [VERBOSE] music_app.services.cover_provider_http: Cover HTTP success service=apple context=search:Generated Problem Fixture Comfortably Numb Sidebar Fixture 01 status=200 url=http://127.0.0.1:5402/itunes/search?term=Generated+Problem+Fixture+Comfortably+Numb+Sidebar+Fixture+01&entity=album&limit=20 bytes=33
2026-09-19T05:05:56.9576130Z 2026-09-19 05:05:56,113 [VERBOSE] music_app.services.cover_refresh_provider: Apple raw search results query='Generated Problem Fixture Comfortably Numb Sidebar Fixture 01' artist='Generated Problem Fixture' album='Comfortably Numb Sidebar Fixture 01' year=2023 results=[]
2026-09-19T05:05:56.9831761Z 2026-09-19 05:05:56,113 [VERBOSE] music_app.services.cover_refresh_provider: Apple search results query='Generated Problem Fixture Comfortably Numb Sidebar Fixture 01' count=0 top=[]
2026-09-19T05:05:57.0014307Z 2026-09-19 05:05:56,113 [INFO] music_app.services.cover_refresh_provider: {"action": "Apple cover miss", "album": "Comfortably Numb Sidebar Fixture 01", "artist": "Generated Problem Fixture", "query_mode": "artist+album:native", "raw_result_count": 0, "raw_results_summary": [], "top_candidates": [], "year": 2023}
2026-09-19T05:05:57.0308606Z 2026-09-19 05:05:56,153 [VERBOSE] music_app.services.cover_provider_http: Cover HTTP success service=apple context=search:Generated Problem Fixture Comfortably Numb Sidebar Fixture 02 status=200 url=http://127.0.0.1:5402/itunes/search?term=Generated+Problem+Fixture+Comfortably+Numb+Sidebar+Fixture+02&entity=album&limit=20 bytes=33
2026-09-19T05:05:57.0347262Z 2026-09-19 05:05:56,153 [VERBOSE] music_app.services.cover_refresh_provider: Apple raw search results query='Generated Problem Fixture Comfortably Numb Sidebar Fixture 02' artist='Generated Problem Fixture' album='Comfortably Numb Sidebar Fixture 02' year=2023 results=[]
2026-09-19T05:05:57.0573522Z 2026-09-19 05:05:56,153 [VERBOSE] music_app.services.cover_refresh_provider: Apple search results query='Generated Problem Fixture Comfortably Numb Sidebar Fixture 02' count=0 top=[]
2026-09-19T05:05:57.0644758Z 2026-09-19 05:05:56,153 [INFO] music_app.services.cover_refresh_provider: {"action": "Apple cover miss", "album": "Comfortably Numb Sidebar Fixture 02", "artist": "Generated Problem Fixture", "query_mode": "artist+album:native", "raw_result_count": 0, "raw_results_summary": [], "top_candidates": [], "year": 2023}
2026-09-19T05:05:57.0669134Z 2026-09-19 05:05:56,227 [VERBOSE] music_app.services.cover_provider_http: Cover HTTP success service=apple context=search:Generated Problem Fixture Comfortably Numb Sidebar Fixture 03 status=200 url=http://127.0.0.1:5402/itunes/search?term=Generated+Problem+Fixture+Comfortably+Numb+Sidebar+Fixture+03&entity=album&limit=20 bytes=33
2026-09-19T05:05:57.0707000Z 2026-09-19 05:05:56,227 [VERBOSE] music_app.services.cover_refresh_provider: Apple raw search results query='Generated Problem Fixture Comfortably Numb Sidebar Fixture 03' artist='Generated Problem Fixture' album='Comfortably Numb Sidebar Fixture 03' year=2023 results=[]
2026-09-19T05:05:57.0712292Z 2026-09-19 05:05:56,227 [VERBOSE] music_app.services.cover_refresh_provider: Apple search results query='Generated Problem Fixture Comfortably Numb Sidebar Fixture 03' count=0 top=[]
2026-09-19T05:05:57.0716938Z 2026-09-19 05:05:56,227 [INFO] music_app.services.cover_refresh_provider: {"action": "Apple cover miss", "album": "Comfortably Numb Sidebar Fixture 03", "artist": "Generated Problem Fixture", "query_mode": "artist+album:native", "raw_result_count": 0, "raw_results_summary": [], "top_candidates": [], "year": 2023}
2026-09-19T05:05:57.0743988Z 2026-09-19 05:05:56,324 [VERBOSE] music_app.services.cover_provider_http: Cover HTTP success service=apple context=search:Generated Problem Fixture Comfortably Numb Sidebar Fixture 04 status=200 url=http://127.0.0.1:5402/itunes/search?term=Generated+Problem+Fixture+Comfortably+Numb+Sidebar+Fixture+04&entity=album&limit=20 bytes=33
2026-09-19T05:05:57.1006782Z 2026-09-19 05:05:56,324 [VERBOSE] music_app.services.cover_refresh_provider: Apple raw search results query='Generated Problem Fixture Comfortably Numb Sidebar Fixture 04' artist='Generated Problem Fixture' album='Comfortably Numb Sidebar Fixture 04' year=2023 results=[]
2026-09-19T05:05:57.1010357Z 2026-09-19 05:05:56,324 [VERBOSE] music_app.services.cover_refresh_provider: Apple search results query='Generated Problem Fixture Comfortably Numb Sidebar Fixture 04' count=0 top=[]
2026-09-19T05:05:57.1057951Z 2026-09-19 05:05:56,324 [INFO] music_app.services.cover_refresh_provider: {"action": "Apple cover miss", "album": "Comfortably Numb Sidebar Fixture 04", "artist": "Generated Problem Fixture", "query_mode": "artist+album:native", "raw_result_count": 0, "raw_results_summary": [], "top_candidates": [], "year": 2023}
2026-09-19T05:05:57.1097556Z 2026-09-19 05:05:56,602 [VERBOSE] music_app.services.cover_provider_http: Cover HTTP success service=apple context=artist-id-search:Generated Problem Fixture status=200 url=http://127.0.0.1:5402/itunes/search?term=Generated+Problem+Fixture&entity=musicArtist&limit=10 bytes=33
2026-09-19T05:05:57.1117742Z 2026-09-19 05:05:56,603 [INFO] music_app.services.cover_refresh_provider: {"action": "Apple artist lookup results", "album": "Comfortably Numb Sidebar Fixture 01", "artist": "Generated Problem Fixture", "query_artist": "Generated Problem Fixture", "result_count": 0, "top_results": []}
2026-09-19T05:05:57.1123384Z 2026-09-19 05:05:56,603 [VERBOSE] music_app: Cover fetch processed artist='Generated Problem Fixture' album='Comfortably Numb Sidebar Fixture 01' folder='D:\\a\\_temp\\album-haven-e2e-functional-fixtures-metadata-mutations\\shared\\media\\Generated Problem Fixture\\Comfortably Numb Sidebar Fixture 01' downloaded=False has_cover=False
2026-09-19T05:05:57.1352256Z 2026-09-19 05:05:56,604 [WARNING] music_app: {"action": "Cover art update failed", "album": "Comfortably Numb Sidebar Fixture 01", "artist": "Generated Problem Fixture", "elapsed_ms": 7421.57, "folder": "D:\\a\\_temp\\album-haven-e2e-functional-fixtures-metadata-mutations\\shared\\media\\Generated Problem Fixture\\Comfortably Numb Sidebar Fixture 01", "force_search": false, "reason": "remote_search_returned_no_candidate", "resolver_trace": [{"apple_http_trace": [{"context": "search:Generated Problem Fixture Comfortably Numb Sidebar Fixture 01 2023", "elapsed_ms": 3781.4, "status": "success:200"}, {"context": "artist-id-search:Generated Problem Fixture", "elapsed_ms": 2350.04, "status": "success:200"}, {"context": "search:Generated Problem Fixture Comfortably Numb Sidebar Fixture 01", "elapsed_ms": 794.39, "status": "success:200"}, {"context": "artist-id-search:Generated Problem Fixture", "elapsed_ms": 488.79, "status": "success:200"}], "elapsed_ms": 7417.33, "resolver": "_search_apple", "status": "no_candidate"}], "status": "missing_cover_art"}
2026-09-19T05:05:57.1381860Z 2026-09-19 05:05:56,610 [VERBOSE] music_app.services.cover_provider_http: Cover HTTP success service=apple context=artist-id-search:Generated Problem Fixture status=200 url=http://127.0.0.1:5402/itunes/search?term=Generated+Problem+Fixture&entity=musicArtist&limit=10 bytes=33
2026-09-19T05:05:57.1505301Z 2026-09-19 05:05:56,610 [INFO] music_app.services.cover_refresh_provider: {"action": "Apple artist lookup results", "album": "Comfortably Numb Sidebar Fixture 02", "artist": "Generated Problem Fixture", "query_artist": "Generated Problem Fixture", "result_count": 0, "top_results": []}
2026-09-19T05:05:57.1699785Z 2026-09-19 05:05:56,610 [VERBOSE] music_app: Cover fetch processed artist='Generated Problem Fixture' album='Comfortably Numb Sidebar Fixture 02' folder='D:\\a\\_temp\\album-haven-e2e-functional-fixtures-metadata-mutations\\shared\\media\\Generated Problem Fixture\\Comfortably Numb Sidebar Fixture 02' downloaded=False has_cover=False
2026-09-19T05:05:57.1845250Z 2026-09-19 05:05:56,611 [WARNING] music_app: {"action": "Cover art update failed", "album": "Comfortably Numb Sidebar Fixture 02", "artist": "Generated Problem Fixture", "elapsed_ms": 7222.85, "folder": "D:\\a\\_temp\\album-haven-e2e-functional-fixtures-metadata-mutations\\shared\\media\\Generated Problem Fixture\\Comfortably Numb Sidebar Fixture 02", "force_search": false, "reason": "remote_search_returned_no_candidate", "resolver_trace": [{"apple_http_trace": [{"context": "search:Generated Problem Fixture Comfortably Numb Sidebar Fixture 02 2023", "elapsed_ms": 3186.09, "status": "success:200"}, {"context": "artist-id-search:Generated Problem Fixture", "elapsed_ms": 2770.29, "status": "success:200"}, {"context": "search:Generated Problem Fixture Comfortably Numb Sidebar Fixture 02", "elapsed_ms": 738.52, "status": "success:200"}, {"context": "artist-id-search:Generated Problem Fixture", "elapsed_ms": 456.37, "status": "success:200"}], "elapsed_ms": 7154.18, "resolver": "_search_apple", "status": "no_candidate"}], "status": "missing_cover_art"}
2026-09-19T05:05:57.1853013Z 
2026-09-19T05:05:57.2235461Z 2026-09-19 05:05:56,800 [VERBOSE] music_app.services.cover_provider_http: Cover HTTP success service=apple context=artist-id-search:Generated Problem Fixture status=200 url=http://127.0.0.1:5402/itunes/search?term=Generated+Problem+Fixture&entity=musicArtist&limit=10 bytes=33
2026-09-19T05:05:57.2255813Z 2026-09-19 05:05:56,800 [INFO] music_app.services.cover_refresh_provider: {"action": "Apple artist lookup results", "album": "Comfortably Numb Sidebar Fixture 03", "artist": "Generated Problem Fixture", "query_artist": "Generated Problem Fixture", "result_count": 0, "top_results": []}
2026-09-19T05:05:57.2480551Z 2026-09-19 05:05:56,802 [VERBOSE] music_app: Cover fetch processed artist='Generated Problem Fixture' album='Comfortably Numb Sidebar Fixture 03' folder='D:\\a\\_temp\\album-haven-e2e-functional-fixtures-metadata-mutations\\shared\\media\\Generated Problem Fixture\\Comfortably Numb Sidebar Fixture 03' downloaded=False has_cover=False
2026-09-19T05:05:57.2595743Z 2026-09-19 05:05:56,802 [WARNING] music_app: {"action": "Cover art update failed", "album": "Comfortably Numb Sidebar Fixture 03", "artist": "Generated Problem Fixture", "elapsed_ms": 7170.31, "folder": "D:\\a\\_temp\\album-haven-e2e-functional-fixtures-metadata-mutations\\shared\\media\\Generated Problem Fixture\\Comfortably Numb Sidebar Fixture 03", "force_search": false, "reason": "remote_search_returned_no_candidate", "resolver_trace": [{"apple_http_trace": [{"context": "search:Generated Problem Fixture Comfortably Numb Sidebar Fixture 03 2023", "elapsed_ms": 3658.49, "status": "success:200"}, {"context": "artist-id-search:Generated Problem Fixture", "elapsed_ms": 2392.81, "status": "success:200"}, {"context": "search:Generated Problem Fixture Comfortably Numb Sidebar Fixture 03", "elapsed_ms": 540.84, "status": "success:200"}, {"context": "artist-id-search:Generated Problem Fixture", "elapsed_ms": 572.44, "status": "success:200"}], "elapsed_ms": 7167.24, "resolver": "_search_apple", "status": "no_candidate"}], "status": "missing_cover_art"}
2026-09-19T05:05:57.2605795Z 2026-09-19 05:05:56,830 [VERBOSE] music_app.services.cover_provider_http: Cover HTTP success service=apple context=artist-id-search:Generated Problem Fixture status=200 url=http://127.0.0.1:5402/itunes/search?term=Generated+Problem+Fixture&entity=musicArtist&limit=10 bytes=33
2026-09-19T05:05:57.2844454Z 2026-09-19 05:05:56,830 [INFO] music_app.services.cover_refresh_provider: {"action": "Apple artist lookup results", "album": "Comfortably Numb Sidebar Fixture 04", "artist": "Generated Problem Fixture", "query_artist": "Generated Problem Fixture", "result_count": 0, "top_results": []}
2026-09-19T05:05:57.2941911Z 2026-09-19 05:05:56,830 [VERBOSE] music_app: Cover fetch processed artist='Generated Problem Fixture' album='Comfortably Numb Sidebar Fixture 04' folder='D:\\a\\_temp\\album-haven-e2e-functional-fixtures-metadata-mutations\\shared\\media\\Generated Problem Fixture\\Comfortably Numb Sidebar Fixture 04' downloaded=False has_cover=False
2026-09-19T05:05:57.2964492Z 2026-09-19 05:05:56,832 [WARNING] music_app: {"action": "Cover art update failed", "album": "Comfortably Numb Sidebar Fixture 04", "artist": "Generated Problem Fixture", "elapsed_ms": 7120.06, "folder": "D:\\a\\_temp\\album-haven-e2e-functional-fixtures-metadata-mutations\\shared\\media\\Generated Problem Fixture\\Comfortably Numb Sidebar Fixture 04", "force_search": false, "reason": "remote_search_returned_no_candidate", "resolver_trace": [{"apple_http_trace": [{"context": "search:Generated Problem Fixture Comfortably Numb Sidebar Fixture 04 2023", "elapsed_ms": 3362.12, "status": "success:200"}, {"context": "artist-id-search:Generated Problem Fixture", "elapsed_ms": 2333.36, "status": "success:200"}, {"context": "search:Generated Problem Fixture Comfortably Numb Sidebar Fixture 04", "elapsed_ms": 565.47, "status": "success:200"}, {"context": "artist-id-search:Generated Problem Fixture", "elapsed_ms": 506.26, "status": "success:200"}], "elapsed_ms": 6770.06, "resolver": "_search_apple", "status": "no_candidate"}], "status": "missing_cover_art"}
2026-09-19T05:05:58.2849793Z 2026-09-19 05:05:57,072 [VERBOSE] music_app.services.cover_provider_http: Cover HTTP success service=apple context=search:Generated Problem Fixture Comfortably Numb Sidebar Fixture 05 2023 status=200 url=http://127.0.0.1:5402/itunes/search?term=Generated+Problem+Fixture+Comfortably+Numb+Sidebar+Fixture+05+2023&entity=album&limit=20 bytes=33
2026-09-19T05:05:58.2906312Z 2026-09-19 05:05:57,072 [VERBOSE] music_app.services.cover_refresh_provider: Apple raw search results query='Generated Problem Fixture Comfortably Numb Sidebar Fixture 05 2023' artist='Generated Problem Fixture' album='Comfortably Numb Sidebar Fixture 05' year=2023 results=[]
2026-09-19T05:05:58.3282425Z 2026-09-19 05:05:57,072 [VERBOSE] music_app.services.cover_refresh_provider: Apple search results query='Generated Problem Fixture Comfortably Numb Sidebar Fixture 05 2023' count=0 top=[]
2026-09-19T05:05:58.3541960Z 2026-09-19 05:05:57,072 [INFO] music_app.services.cover_refresh_provider: {"action": "Apple cover miss", "album": "Comfortably Numb Sidebar Fixture 05", "artist": "Generated Problem Fixture", "query_mode": "artist+album+year:native", "raw_result_count": 0, "raw_results_summary": [], "top_candidates": [], "year": 2023}
2026-09-19T05:05:58.3638574Z 2026-09-19 05:05:57,112 [VERBOSE] music_app.services.cover_provider_http: Cover HTTP success service=apple context=search:Generated Problem Fixture Comfortably Numb Sidebar Fixture 06 2023 status=200 url=http://127.0.0.1:5402/itunes/search?term=Generated+Problem+Fixture+Comfortably+Numb+Sidebar+Fixture+06+2023&entity=album&limit=20 bytes=33
2026-09-19T05:05:58.3754066Z 2026-09-19 05:05:57,114 [VERBOSE] music_app.services.cover_refresh_provider: Apple raw search results query='Generated Problem Fixture Comfortably Numb Sidebar Fixture 06 2023' artist='Generated Problem Fixture' album='Comfortably Numb Sidebar Fixture 06' year=2023 results=[]
2026-09-19T05:05:58.3826328Z 2026-09-19 05:05:57,114 [VERBOSE] music_app.services.cover_refresh_provider: Apple search results query='Generated Problem Fixture Comfortably Numb Sidebar Fixture 06 2023' count=0 top=[]
2026-09-19T05:05:58.3873647Z 2026-09-19 05:05:57,114 [INFO] music_app.services.cover_refresh_provider: {"action": "Apple cover miss", "album": "Comfortably Numb Sidebar Fixture 06", "artist": "Generated Problem Fixture", "query_mode": "artist+album+year:native", "raw_result_count": 0, "raw_results_summary": [], "top_candidates": [], "year": 2023}
2026-09-19T05:05:58.3934581Z 2026-09-19 05:05:57,317 [VERBOSE] music_app.services.cover_provider_http: Cover HTTP success service=apple context=search:Generated Problem Fixture Comfortably Numb Sidebar Fixture 07 2023 status=200 url=http://127.0.0.1:5402/itunes/search?term=Generated+Problem+Fixture+Comfortably+Numb+Sidebar+Fixture+07+2023&entity=album&limit=20 bytes=33
2026-09-19T05:05:58.3940179Z 2026-09-19 05:05:57,317 [VERBOSE] music_app.services.cover_refresh_provider: Apple raw search results query='Generated Problem Fixture Comfortably Numb Sidebar Fixture 07 2023' artist='Generated Problem Fixture' album='Comfortably Numb Sidebar Fixture 07' year=2023 results=[]
2026-09-19T05:05:58.3992510Z 2026-09-19 05:05:57,318 [VERBOSE] music_app.services.cover_refresh_provider: Apple search results query='Generated Problem Fixture Comfortably Numb Sidebar Fixture 07 2023' count=0 top=[]
2026-09-19T05:05:58.4011354Z 2026-09-19 05:05:57,318 [INFO] music_app.services.cover_refresh_provider: {"action": "Apple cover miss", "album": "Comfortably Numb Sidebar Fixture 07", "artist": "Generated Problem Fixture", "query_mode": "artist+album+year:native", "raw_result_count": 0, "raw_results_summary": [], "top_candidates": [], "year": 2023}
2026-09-19T05:05:58.4046355Z 2026-09-19 05:05:57,333 [VERBOSE] music_app.services.cover_provider_http: Cover HTTP success service=apple context=search:Generated Problem Fixture Comfortably Numb Sidebar Fixture 08 2023 status=200 url=http://127.0.0.1:5402/itunes/search?term=Generated+Problem+Fixture+Comfortably+Numb+Sidebar+Fixture+08+2023&entity=album&limit=20 bytes=33
2026-09-19T05:05:58.4202096Z 2026-09-19 05:05:57,333 [VERBOSE] music_app.services.cover_refresh_provider: Apple raw search results query='Generated Problem Fixture Comfortably Numb Sidebar Fixture 08 2023' artist='Generated Problem Fixture' album='Comfortably Numb Sidebar Fixture 08' year=2023 results=[]
2026-09-19T05:05:58.4420590Z 2026-09-19 05:05:57,333 [VERBOSE] music_app.services.cover_refresh_provider: Apple search results query='Generated Problem Fixture Comfortably Numb Sidebar Fixture 08 2023' count=0 top=[]
2026-09-19T05:05:58.4426689Z 2026-09-19 05:05:57,333 [INFO] music_app.services.cover_refresh_provider: {"action": "Apple cover miss", "album": "Comfortably Numb Sidebar Fixture 08", "artist": "Generated Problem Fixture", "query_mode": "artist+album+year:native", "raw_result_count": 0, "raw_results_summary": [], "top_candidates": [], "year": 2023}
2026-09-19T05:05:58.4636379Z 2026-09-19 05:05:57,671 [VERBOSE] music_app.services.cover_provider_http: Cover HTTP success service=apple context=artist-id-search:Generated Problem Fixture status=200 url=http://127.0.0.1:5402/itunes/search?term=Generated+Problem+Fixture&entity=musicArtist&limit=10 bytes=33
2026-09-19T05:05:58.4671202Z 2026-09-19 05:05:57,671 [INFO] music_app.services.cover_refresh_provider: {"action": "Apple artist lookup results", "album": "Comfortably Numb Sidebar Fixture 05", "artist": "Generated Problem Fixture", "query_artist": "Generated Problem Fixture", "result_count": 0, "top_results": []}
2026-09-19T05:05:58.4892957Z 2026-09-19 05:05:57,697 [VERBOSE] music_app.services.cover_provider_http: Cover HTTP success service=apple context=artist-id-search:Generated Problem Fixture status=200 url=http://127.0.0.1:5402/itunes/search?term=Generated+Problem+Fixture&entity=musicArtist&limit=10 bytes=33
2026-09-19T05:05:58.5062019Z 2026-09-19 05:05:57,699 [INFO] music_app.services.cover_refresh_provider: {"action": "Apple artist lookup results", "album": "Comfortably Numb Sidebar Fixture 06", "artist": "Generated Problem Fixture", "query_artist": "Generated Problem Fixture", "result_count": 0, "top_results": []}
2026-09-19T05:05:58.5098536Z 2026-09-19 05:05:57,864 [VERBOSE] music_app.services.cover_provider_http: Cover HTTP success service=apple context=artist-id-search:Generated Problem Fixture status=200 url=http://127.0.0.1:5402/itunes/search?term=Generated+Problem+Fixture&entity=musicArtist&limit=10 bytes=33
2026-09-19T05:05:58.5283790Z 2026-09-19 05:05:57,864 [INFO] music_app.services.cover_refresh_provider: {"action": "Apple artist lookup results", "album": "Comfortably Numb Sidebar Fixture 07", "artist": "Generated Problem Fixture", "query_artist": "Generated Problem Fixture", "result_count": 0, "top_results": []}
2026-09-19T05:05:58.5386730Z 2026-09-19 05:05:57,887 [VERBOSE] music_app.services.cover_provider_http: Cover HTTP success service=apple context=artist-id-search:Generated Problem Fixture status=200 url=http://127.0.0.1:5402/itunes/search?term=Generated+Problem+Fixture&entity=musicArtist&limit=10 bytes=33
2026-09-19T05:05:58.5441034Z 2026-09-19 05:05:57,887 [INFO] music_app.services.cover_refresh_provider: {"action": "Apple artist lookup results", "album": "Comfortably Numb Sidebar Fixture 08", "artist": "Generated Problem Fixture", "query_artist": "Generated Problem Fixture", "result_count": 0, "top_results": []}
2026-09-19T05:05:58.5703100Z 2026-09-19 05:05:58,162 [VERBOSE] music_app.services.cover_provider_http: Cover HTTP success service=apple context=search:Generated Problem Fixture Comfortably Numb Sidebar Fixture 05 status=200 url=http://127.0.0.1:5402/itunes/search?term=Generated+Problem+Fixture+Comfortably+Numb+Sidebar+Fixture+05&entity=album&limit=20 bytes=33
2026-09-19T05:05:58.5916294Z 2026-09-19 05:05:58,162 [VERBOSE] music_app.services.cover_refresh_provider: Apple raw search results query='Generated Problem Fixture Comfortably Numb Sidebar Fixture 05' artist='Generated Problem Fixture' album='Comfortably Numb Sidebar Fixture 05' year=2023 results=[]
2026-09-19T05:05:58.6086603Z 2026-09-19 05:05:58,163 [VERBOSE] music_app.services.cover_refresh_provider: Apple search results query='Generated Problem Fixture Comfortably Numb Sidebar Fixture 05' count=0 top=[]
2026-09-19T05:05:58.6178080Z 2026-09-19 05:05:58,163 [INFO] music_app.services.cover_refresh_provider: {"action": "Apple cover miss", "album": "Comfortably Numb Sidebar Fixture 05", "artist": "Generated Problem Fixture", "query_mode": "artist+album:native", "raw_result_count": 0, "raw_results_summary": [], "top_candidates": [], "year": 2023}
2026-09-19T05:05:58.6241721Z 2026-09-19 05:05:58,274 [VERBOSE] music_app.services.cover_provider_http: Cover HTTP success service=apple context=search:Generated Problem Fixture Comfortably Numb Sidebar Fixture 06 status=200 url=http://127.0.0.1:5402/itunes/search?term=Generated+Problem+Fixture+Comfortably+Numb+Sidebar+Fixture+06&entity=album&limit=20 bytes=33
2026-09-19T05:05:58.6320053Z 2026-09-19 05:05:58,274 [VERBOSE] music_app.services.cover_refresh_provider: Apple raw search results query='Generated Problem Fixture Comfortably Numb Sidebar Fixture 06' artist='Generated Problem Fixture' album='Comfortably Numb Sidebar Fixture 06' year=2023 results=[]
2026-09-19T05:05:58.6357863Z 2026-09-19 05:05:58,276 [VERBOSE] music_app.services.cover_refresh_provider: Apple search results query='Generated Problem Fixture Comfortably Numb Sidebar Fixture 06' count=0 top=[]
2026-09-19T05:05:58.6525963Z 2026-09-19 05:05:58,276 [INFO] music_app.services.cover_refresh_provider: {"action": "Apple cover miss", "album": "Comfortably Numb Sidebar Fixture 06", "artist": "Generated Problem Fixture", "query_mode": "artist+album:native", "raw_result_count": 0, "raw_results_summary": [], "top_candidates": [], "year": 2023}
2026-09-19T05:05:58.6684314Z 2026-09-19 05:05:58,395 [VERBOSE] music_app.services.cover_provider_http: Cover HTTP success service=apple context=search:Generated Problem Fixture Comfortably Numb Sidebar Fixture 07 status=200 url=http://127.0.0.1:5402/itunes/search?term=Generated+Problem+Fixture+Comfortably+Numb+Sidebar+Fixture+07&entity=album&limit=20 bytes=33
2026-09-19T05:05:58.6689456Z 2026-09-19 05:05:58,395 [VERBOSE] music_app.services.cover_refresh_provider: Apple raw search results query='Generated Problem Fixture Comfortably Numb Sidebar Fixture 07' artist='Generated Problem Fixture' album='Comfortably Numb Sidebar Fixture 07' year=2023 results=[]
2026-09-19T05:05:58.6737528Z 2026-09-19 05:05:58,395 [VERBOSE] music_app.services.cover_refresh_provider: Apple search results query='Generated Problem Fixture Comfortably Numb Sidebar Fixture 07' count=0 top=[]
2026-09-19T05:05:58.6905233Z 2026-09-19 05:05:58,395 [INFO] music_app.services.cover_refresh_provider: {"action": "Apple cover miss", "album": "Comfortably Numb Sidebar Fixture 07", "artist": "Generated Problem Fixture", "query_mode": "artist+album:native", "raw_result_count": 0, "raw_results_summary": [], "top_candidates": [], "year": 2023}
2026-09-19T05:05:58.7023528Z 2026-09-19 05:05:58,443 [VERBOSE] music_app.services.cover_provider_http: Cover HTTP success service=apple context=search:Generated Problem Fixture Comfortably Numb Sidebar Fixture 08 status=200 url=http://127.0.0.1:5402/itunes/search?term=Generated+Problem+Fixture+Comfortably+Numb+Sidebar+Fixture+08&entity=album&limit=20 bytes=33
2026-09-19T05:05:58.7144243Z 2026-09-19 05:05:58,444 [VERBOSE] music_app.services.cover_refresh_provider: Apple raw search results query='Generated Problem Fixture Comfortably Numb Sidebar Fixture 08' artist='Generated Problem Fixture' album='Comfortably Numb Sidebar Fixture 08' year=2023 results=[]
2026-09-19T05:05:58.7202145Z 2026-09-19 05:05:58,444 [VERBOSE] music_app.services.cover_refresh_provider: Apple search results query='Generated Problem Fixture Comfortably Numb Sidebar Fixture 08' count=0 top=[]
2026-09-19T05:05:58.7232078Z 2026-09-19 05:05:58,444 [INFO] music_app.services.cover_refresh_provider: {"action": "Apple cover miss", "album": "Comfortably Numb Sidebar Fixture 08", "artist": "Generated Problem Fixture", "query_mode": "artist+album:native", "raw_result_count": 0, "raw_results_summary": [], "top_candidates": [], "year": 2023}
2026-09-19T05:05:58.7245803Z 2026-09-19 05:05:58,625 [VERBOSE] music_app.services.cover_provider_http: Cover HTTP success service=apple context=artist-id-search:Generated Problem Fixture status=200 url=http://127.0.0.1:5402/itunes/search?term=Generated+Problem+Fixture&entity=musicArtist&limit=10 bytes=33
2026-09-19T05:05:58.7251078Z 2026-09-19 05:05:58,625 [INFO] music_app.services.cover_refresh_provider: {"action": "Apple artist lookup results", "album": "Comfortably Numb Sidebar Fixture 05", "artist": "Generated Problem Fixture", "query_artist": "Generated Problem Fixture", "result_count": 0, "top_results": []}
2026-09-19T05:05:58.7256242Z 2026-09-19 05:05:58,625 [VERBOSE] music_app: Cover fetch processed artist='Generated Problem Fixture' album='Comfortably Numb Sidebar Fixture 05' folder='D:\\a\\_temp\\album-haven-e2e-functional-fixtures-metadata-mutations\\shared\\media\\Generated Problem Fixture\\Comfortably Numb Sidebar Fixture 05' downloaded=False has_cover=False
2026-09-19T05:05:58.7377506Z 2026-09-19 05:05:58,625 [WARNING] music_app: {"action": "Cover art update failed", "album": "Comfortably Numb Sidebar Fixture 05", "artist": "Generated Problem Fixture", "elapsed_ms": 2022.04, "folder": "D:\\a\\_temp\\album-haven-e2e-functional-fixtures-metadata-mutations\\shared\\media\\Generated Problem Fixture\\Comfortably Numb Sidebar Fixture 05", "force_search": false, "reason": "remote_search_returned_no_candidate", "resolver_trace": [{"apple_http_trace": [{"context": "search:Generated Problem Fixture Comfortably Numb Sidebar Fixture 05 2023", "elapsed_ms": 466.43, "status": "success:200"}, {"context": "artist-id-search:Generated Problem Fixture", "elapsed_ms": 597.78, "status": "success:200"}, {"context": "search:Generated Problem Fixture Comfortably Numb Sidebar Fixture 05", "elapsed_ms": 490.45, "status": "success:200"}, {"context": "artist-id-search:Generated Problem Fixture", "elapsed_ms": 462.11, "status": "success:200"}], "elapsed_ms": 2019.42, "resolver": "_search_apple", "status": "no_candidate"}], "status": "missing_cover_art"}
2026-09-19T05:05:58.7471046Z 2026-09-19 05:05:58,725 [VERBOSE] music_app.services.cover_provider_http: Cover HTTP success service=apple context=artist-id-search:Generated Problem Fixture status=200 url=http://127.0.0.1:5402/itunes/search?term=Generated+Problem+Fixture&entity=musicArtist&limit=10 bytes=33
2026-09-19T05:05:58.7620142Z 2026-09-19 05:05:58,726 [INFO] music_app.services.cover_refresh_provider: {"action": "Apple artist lookup results", "album": "Comfortably Numb Sidebar Fixture 06", "artist": "Generated Problem Fixture", "query_artist": "Generated Problem Fixture", "result_count": 0, "top_results": []}
2026-09-19T05:05:58.7739332Z 2026-09-19 05:05:58,727 [VERBOSE] music_app: Cover fetch processed artist='Generated Problem Fixture' album='Comfortably Numb Sidebar Fixture 06' folder='D:\\a\\_temp\\album-haven-e2e-functional-fixtures-metadata-mutations\\shared\\media\\Generated Problem Fixture\\Comfortably Numb Sidebar Fixture 06' downloaded=False has_cover=False
2026-09-19T05:05:58.7782002Z 2026-09-19 05:05:58,727 [WARNING] music_app: {"action": "Cover art update failed", "album": "Comfortably Numb Sidebar Fixture 06", "artist": "Generated Problem Fixture", "elapsed_ms": 2116.24, "folder": "D:\\a\\_temp\\album-haven-e2e-functional-fixtures-metadata-mutations\\shared\\media\\Generated Problem Fixture\\Comfortably Numb Sidebar Fixture 06", "force_search": false, "reason": "remote_search_returned_no_candidate", "resolver_trace": [{"apple_http_trace": [{"context": "search:Generated Problem Fixture Comfortably Numb Sidebar Fixture 06 2023", "elapsed_ms": 500.34, "status": "success:200"}, {"context": "artist-id-search:Generated Problem Fixture", "elapsed_ms": 584.32, "status": "success:200"}, {"context": "search:Generated Problem Fixture Comfortably Numb Sidebar Fixture 06", "elapsed_ms": 576.46, "status": "success:200"}, {"context": "artist-id-search:Generated Problem Fixture", "elapsed_ms": 450.28, "status": "success:200"}], "elapsed_ms": 2113.92, "resolver": "_search_apple", "status": "no_candidate"}], "status": "missing_cover_art"}
2026-09-19T05:05:58.8849647Z 2026-09-19 05:05:58,881 [VERBOSE] music_app.services.cover_provider_http: Cover HTTP success service=apple context=artist-id-search:Generated Problem Fixture status=200 url=http://127.0.0.1:5402/itunes/search?term=Generated+Problem+Fixture&entity=musicArtist&limit=10 bytes=33
2026-09-19T05:05:58.8865739Z 2026-09-19 05:05:58,881 [INFO] music_app.services.cover_refresh_provider: {"action": "Apple artist lookup results", "album": "Comfortably Numb Sidebar Fixture 07", "artist": "Generated Problem Fixture", "query_artist": "Generated Problem Fixture", "result_count": 0, "top_results": []}
2026-09-19T05:05:58.8904507Z 2026-09-19 05:05:58,883 [VERBOSE] music_app: Cover fetch processed artist='Generated Problem Fixture' album='Comfortably Numb Sidebar Fixture 07' folder='D:\\a\\_temp\\album-haven-e2e-functional-fixtures-metadata-mutations\\shared\\media\\Generated Problem Fixture\\Comfortably Numb Sidebar Fixture 07' downloaded=False has_cover=False
2026-09-19T05:05:58.8916573Z 2026-09-19 05:05:58,883 [WARNING] music_app: {"action": "Cover art update failed", "album": "Comfortably Numb Sidebar Fixture 07", "artist": "Generated Problem Fixture", "elapsed_ms": 2081.63, "folder": "D:\\a\\_temp\\album-haven-e2e-functional-fixtures-metadata-mutations\\shared\\media\\Generated Problem Fixture\\Comfortably Numb Sidebar Fixture 07", "force_search": false, "reason": "remote_search_returned_no_candidate", "resolver_trace": [{"apple_http_trace": [{"context": "search:Generated Problem Fixture Comfortably Numb Sidebar Fixture 07 2023", "elapsed_ms": 513.42, "status": "success:200"}, {"context": "artist-id-search:Generated Problem Fixture", "elapsed_ms": 546.2, "status": "success:200"}, {"context": "search:Generated Problem Fixture Comfortably Numb Sidebar Fixture 07", "elapsed_ms": 529.85, "status": "success:200"}, {"context": "artist-id-search:Generated Problem Fixture", "elapsed_ms": 487.48, "status": "success:200"}], "elapsed_ms": 2079.25, "resolver": "_search_apple", "status": "no_candidate"}], "status": "missing_cover_art"}
2026-09-19T05:05:58.9150194Z 2026-09-19 05:05:58,892 [VERBOSE] music_app.services.cover_provider_http: Cover HTTP success service=apple context=artist-id-search:Generated Problem Fixture status=200 url=http://127.0.0.1:5402/itunes/search?term=Generated+Problem+Fixture&entity=musicArtist&limit=10 bytes=33
2026-09-19T05:05:58.9203750Z 2026-09-19 05:05:58,892 [INFO] music_app.services.cover_refresh_provider: {"action": "Apple artist lookup results", "album": "Comfortably Numb Sidebar Fixture 08", "artist": "Generated Problem Fixture", "query_artist": "Generated Problem Fixture", "result_count": 0, "top_results": []}
2026-09-19T05:05:58.9210814Z 2026-09-19 05:05:58,893 [VERBOSE] music_app: Cover fetch processed artist='Generated Problem Fixture' album='Comfortably Numb Sidebar Fixture 08' folder='D:\\a\\_temp\\album-haven-e2e-functional-fixtures-metadata-mutations\\shared\\media\\Generated Problem Fixture\\Comfortably Numb Sidebar Fixture 08' downloaded=False has_cover=False
2026-09-19T05:05:58.9443619Z 2026-09-19 05:05:58,893 [WARNING] music_app: {"action": "Cover art update failed", "album": "Comfortably Numb Sidebar Fixture 08", "artist": "Generated Problem Fixture", "elapsed_ms": 2061.57, "folder": "D:\\a\\_temp\\album-haven-e2e-functional-fixtures-metadata-mutations\\shared\\media\\Generated Problem Fixture\\Comfortably Numb Sidebar Fixture 08", "force_search": false, "reason": "remote_search_returned_no_candidate", "resolver_trace": [{"apple_http_trace": [{"context": "search:Generated Problem Fixture Comfortably Numb Sidebar Fixture 08 2023", "elapsed_ms": 499.88, "status": "success:200"}, {"context": "artist-id-search:Generated Problem Fixture", "elapsed_ms": 553.13, "status": "success:200"}, {"context": "search:Generated Problem Fixture Comfortably Numb Sidebar Fixture 08", "elapsed_ms": 555.13, "status": "success:200"}, {"context": "artist-id-search:Generated Problem Fixture", "elapsed_ms": 448.42, "status": "success:200"}], "elapsed_ms": 2059.02, "resolver": "_search_apple", "status": "no_candidate"}], "status": "missing_cover_art"}
2026-09-19T05:05:59.0555312Z 2026-09-19 05:05:59,044 [VERBOSE] music_app.services.cover_provider_http: Cover HTTP success service=apple context=search:Generated Problem Fixture Encoding And Missing Metadata status=200 url=http://127.0.0.1:5402/itunes/search?term=Generated+Problem+Fixture+Encoding+And+Missing+Metadata&entity=album&limit=20 bytes=33
2026-09-19T05:05:59.0566715Z 2026-09-19 05:05:59,044 [VERBOSE] music_app.services.cover_refresh_provider: Apple raw search results query='Generated Problem Fixture Encoding And Missing Metadata' artist='Generated Problem Fixture' album='Encoding And Missing Metadata' year=None results=[]
2026-09-19T05:05:59.0585999Z 2026-09-19 05:05:59,044 [VERBOSE] music_app.services.cover_refresh_provider: Apple search results query='Generated Problem Fixture Encoding And Missing Metadata' count=0 top=[]
2026-09-19T05:05:59.0906566Z 2026-09-19 05:05:59,044 [INFO] music_app.services.cover_refresh_provider: {"action": "Apple cover miss", "album": "Encoding And Missing Metadata", "artist": "Generated Problem Fixture", "query_mode": "artist+album:native", "raw_result_count": 0, "raw_results_summary": [], "top_candidates": [], "year": ""}
2026-09-19T05:05:59.1632824Z 2026-09-19 05:05:59,160 [VERBOSE] music_app.services.cover_provider_http: Cover HTTP success service=apple context=search:Mastodon Crack The Skye Fixture 07 2009 status=200 url=http://127.0.0.1:5402/itunes/search?term=Mastodon+Crack+The+Skye+Fixture+07+2009&entity=album&limit=20 bytes=33
2026-09-19T05:05:59.1732571Z 2026-09-19 05:05:59,160 [VERBOSE] music_app.services.cover_refresh_provider: Apple raw search results query='Mastodon Crack The Skye Fixture 07 2009' artist='Mastodon' album='Crack The Skye Fixture 07' year=2009 results=[]
2026-09-19T05:05:59.1902028Z 2026-09-19 05:05:59,160 [VERBOSE] music_app.services.cover_refresh_provider: Apple search results query='Mastodon Crack The Skye Fixture 07 2009' count=0 top=[]
2026-09-19T05:05:59.1931279Z 2026-09-19 05:05:59,160 [INFO] music_app.services.cover_refresh_provider: {"action": "Apple cover miss", "album": "Crack The Skye Fixture 07", "artist": "Mastodon", "query_mode": "artist+album+year:native", "raw_result_count": 0, "raw_results_summary": [], "top_candidates": [], "year": 2009}
2026-09-19T05:05:59.2910622Z 2026-09-19 05:05:59,274 [VERBOSE] music_app.services.cover_provider_http: Cover HTTP success service=apple context=search:Mastodon Crack The Skye Fixture 08 2009 status=200 url=http://127.0.0.1:5402/itunes/search?term=Mastodon+Crack+The+Skye+Fixture+08+2009&entity=album&limit=20 bytes=33
2026-09-19T05:05:59.2933470Z 2026-09-19 05:05:59,276 [VERBOSE] music_app.services.cover_refresh_provider: Apple raw search results query='Mastodon Crack The Skye Fixture 08 2009' artist='Mastodon' album='Crack The Skye Fixture 08' year=2009 results=[]
2026-09-19T05:05:59.3109121Z 2026-09-19 05:05:59,276 [VERBOSE] music_app.services.cover_refresh_provider: Apple search results query='Mastodon Crack The Skye Fixture 08 2009' count=0 top=[]
2026-09-19T05:05:59.3229179Z 2026-09-19 05:05:59,276 [INFO] music_app.services.cover_refresh_provider: {"action": "Apple cover miss", "album": "Crack The Skye Fixture 08", "artist": "Mastodon", "query_mode": "artist+album+year:native", "raw_result_count": 0, "raw_results_summary": [], "top_candidates": [], "year": 2009}
2026-09-19T05:05:59.3641960Z 2026-09-19 05:05:59,362 [VERBOSE] music_app.services.cover_provider_http: Cover HTTP success service=apple context=search:Mastodon Crack The Skye Fixture 09 2009 status=200 url=http://127.0.0.1:5402/itunes/search?term=Mastodon+Crack+The+Skye+Fixture+09+2009&entity=album&limit=20 bytes=33
2026-09-19T05:05:59.3662041Z 2026-09-19 05:05:59,362 [VERBOSE] music_app.services.cover_refresh_provider: Apple raw search results query='Mastodon Crack The Skye Fixture 09 2009' artist='Mastodon' album='Crack The Skye Fixture 09' year=2009 results=[]
2026-09-19T05:05:59.3967017Z 2026-09-19 05:05:59,362 [VERBOSE] music_app.services.cover_refresh_provider: Apple search results query='Mastodon Crack The Skye Fixture 09 2009' count=0 top=[]
2026-09-19T05:05:59.4110342Z 2026-09-19 05:05:59,362 [INFO] music_app.services.cover_refresh_provider: {"action": "Apple cover miss", "album": "Crack The Skye Fixture 09", "artist": "Mastodon", "query_mode": "artist+album+year:native", "raw_result_count": 0, "raw_results_summary": [], "top_candidates": [], "year": 2009}
2026-09-19T05:05:59.4970568Z 2026-09-19 05:05:59,494 [VERBOSE] music_app.services.cover_provider_http: Cover HTTP success service=apple context=artist-id-search:Generated Problem Fixture status=200 url=http://127.0.0.1:5402/itunes/search?term=Generated+Problem+Fixture&entity=musicArtist&limit=10 bytes=33
2026-09-19T05:05:59.5029943Z 2026-09-19 05:05:59,494 [INFO] music_app.services.cover_refresh_provider: {"action": "Apple artist lookup results", "album": "Encoding And Missing Metadata", "artist": "Generated Problem Fixture", "query_artist": "Generated Problem Fixture", "result_count": 0, "top_results": []}
2026-09-19T05:05:59.5128965Z 2026-09-19 05:05:59,494 [VERBOSE] music_app: Cover fetch processed artist='Generated Problem Fixture' album='Encoding And Missing Metadata' folder='D:\\a\\_temp\\album-haven-e2e-functional-fixtures-metadata-mutations\\shared\\media\\Generated Problem Fixture\\Encoding And Missing Metadata' downloaded=False has_cover=False
2026-09-19T05:05:59.5282116Z 2026-09-19 05:05:59,494 [WARNING] music_app: {"action": "Cover art update failed", "album": "Encoding And Missing Metadata", "artist": "Generated Problem Fixture", "elapsed_ms": 869.74, "folder": "D:\\a\\_temp\\album-haven-e2e-functional-fixtures-metadata-mutations\\shared\\media\\Generated Problem Fixture\\Encoding And Missing Metadata", "force_search": false, "reason": "remote_search_returned_no_candidate", "resolver_trace": [{"apple_http_trace": [{"context": "search:Generated Problem Fixture Encoding And Missing Metadata", "elapsed_ms": 415.53, "status": "success:200"}, {"context": "artist-id-search:Generated Problem Fixture", "elapsed_ms": 450.64, "status": "success:200"}], "elapsed_ms": 867.41, "resolver": "_search_apple", "status": "no_candidate"}], "status": "missing_cover_art"}
2026-09-19T05:05:59.6037930Z 2026-09-19 05:05:59,583 [VERBOSE] music_app.services.cover_provider_http: Cover HTTP success service=apple context=artist-id-search:Mastodon status=200 url=http://127.0.0.1:5402/itunes/search?term=Mastodon&entity=musicArtist&limit=10 bytes=33
2026-09-19T05:05:59.6079500Z 2026-09-19 05:05:59,583 [INFO] music_app.services.cover_refresh_provider: {"action": "Apple artist lookup results", "album": "Crack The Skye Fixture 07", "artist": "Mastodon", "query_artist": "Mastodon", "result_count": 0, "top_results": []}
2026-09-19T05:05:59.6793947Z 2026-09-19 05:05:59,676 [VERBOSE] music_app.services.cover_provider_http: Cover HTTP success service=apple context=artist-id-search:Mastodon status=200 url=http://127.0.0.1:5402/itunes/search?term=Mastodon&entity=musicArtist&limit=10 bytes=33
2026-09-19T05:05:59.7003111Z 2026-09-19 05:05:59,677 [INFO] music_app.services.cover_refresh_provider: {"action": "Apple artist lookup results", "album": "Crack The Skye Fixture 08", "artist": "Mastodon", "query_artist": "Mastodon", "result_count": 0, "top_results": []}
2026-09-19T05:05:59.7659980Z 2026-09-19 05:05:59,751 [VERBOSE] music_app.services.cover_provider_http: Cover HTTP success service=apple context=artist-id-search:Mastodon status=200 url=http://127.0.0.1:5402/itunes/search?term=Mastodon&entity=musicArtist&limit=10 bytes=33
2026-09-19T05:05:59.7750286Z 2026-09-19 05:05:59,751 [INFO] music_app.services.cover_refresh_provider: {"action": "Apple artist lookup results", "album": "Crack The Skye Fixture 09", "artist": "Mastodon", "query_artist": "Mastodon", "result_count": 0, "top_results": []}
2026-09-19T05:05:59.9682097Z 2026-09-19 05:05:59,965 [VERBOSE] music_app.services.cover_provider_http: Cover HTTP success service=apple context=search:Mastodon Crack The Skye Fixture 10 2009 status=200 url=http://127.0.0.1:5402/itunes/search?term=Mastodon+Crack+The+Skye+Fixture+10+2009&entity=album&limit=20 bytes=33
2026-09-19T05:05:59.9801345Z 2026-09-19 05:05:59,965 [VERBOSE] music_app.services.cover_refresh_provider: Apple raw search results query='Mastodon Crack The Skye Fixture 10 2009' artist='Mastodon' album='Crack The Skye Fixture 10' year=2009 results=[]
2026-09-19T05:05:59.9805268Z 2026-09-19 05:05:59,965 [VERBOSE] music_app.services.cover_refresh_provider: Apple search results query='Mastodon Crack The Skye Fixture 10 2009' count=0 top=[]
2026-09-19T05:05:59.9809032Z 2026-09-19 05:05:59,965 [INFO] music_app.services.cover_refresh_provider: {"action": "Apple cover miss", "album": "Crack The Skye Fixture 10", "artist": "Mastodon", "query_mode": "artist+album+year:native", "raw_result_count": 0, "raw_results_summary": [], "top_candidates": [], "year": 2009}
2026-09-19T05:05:59.9939374Z 2026-09-19 05:05:59,981 [VERBOSE] music_app.services.cover_provider_http: Cover HTTP success service=apple context=search:Mastodon Crack The Skye Fixture 07 status=200 url=http://127.0.0.1:5402/itunes/search?term=Mastodon+Crack+The+Skye+Fixture+07&entity=album&limit=20 bytes=33
2026-09-19T05:05:59.9978856Z 2026-09-19 05:05:59,981 [VERBOSE] music_app.services.cover_refresh_provider: Apple raw search results query='Mastodon Crack The Skye Fixture 07' artist='Mastodon' album='Crack The Skye Fixture 07' year=2009 results=[]
2026-09-19T05:05:59.9981540Z 2026-09-19 05:05:59,981 [VERBOSE] music_app.services.cover_refresh_provider: Apple search results query='Mastodon Crack The Skye Fixture 07' count=0 top=[]
2026-09-19T05:06:00.0059366Z 2026-09-19 05:05:59,981 [INFO] music_app.services.cover_refresh_provider: {"action": "Apple cover miss", "album": "Crack The Skye Fixture 07", "artist": "Mastodon", "query_mode": "artist+album:native", "raw_result_count": 0, "raw_results_summary": [], "top_candidates": [], "year": 2009}
2026-09-19T05:06:00.1027825Z 2026-09-19 05:06:00,101 [VERBOSE] music_app.services.cover_provider_http: Cover HTTP success service=apple context=search:Mastodon Crack The Skye Fixture 08 status=200 url=http://127.0.0.1:5402/itunes/search?term=Mastodon+Crack+The+Skye+Fixture+08&entity=album&limit=20 bytes=33
2026-09-19T05:06:00.1078166Z 2026-09-19 05:06:00,101 [VERBOSE] music_app.services.cover_refresh_provider: Apple raw search results query='Mastodon Crack The Skye Fixture 08' artist='Mastodon' album='Crack The Skye Fixture 08' year=2009 results=[]
2026-09-19T05:06:00.1138105Z 2026-09-19 05:06:00,101 [VERBOSE] music_app.services.cover_refresh_provider: Apple search results query='Mastodon Crack The Skye Fixture 08' count=0 top=[]
2026-09-19T05:06:00.1386902Z 2026-09-19 05:06:00,101 [INFO] music_app.services.cover_refresh_provider: {"action": "Apple cover miss", "album": "Crack The Skye Fixture 08", "artist": "Mastodon", "query_mode": "artist+album:native", "raw_result_count": 0, "raw_results_summary": [], "top_candidates": [], "year": 2009}
2026-09-19T05:06:00.1746119Z 2026-09-19 05:06:00,161 [VERBOSE] music_app.services.cover_provider_http: Cover HTTP success service=apple context=search:Mastodon Crack The Skye Fixture 09 status=200 url=http://127.0.0.1:5402/itunes/search?term=Mastodon+Crack+The+Skye+Fixture+09&entity=album&limit=20 bytes=33
2026-09-19T05:06:00.1810301Z 2026-09-19 05:06:00,161 [VERBOSE] music_app.services.cover_refresh_provider: Apple raw search results query='Mastodon Crack The Skye Fixture 09' artist='Mastodon' album='Crack The Skye Fixture 09' year=2009 results=[]
2026-09-19T05:06:00.2042792Z 2026-09-19 05:06:00,161 [VERBOSE] music_app.services.cover_refresh_provider: Apple search results query='Mastodon Crack The Skye Fixture 09' count=0 top=[]
2026-09-19T05:06:00.2083743Z 2026-09-19 05:06:00,161 [INFO] music_app.services.cover_refresh_provider: {"action": "Apple cover miss", "album": "Crack The Skye Fixture 09", "artist": "Mastodon", "query_mode": "artist+album:native", "raw_result_count": 0, "raw_results_summary": [], "top_candidates": [], "year": 2009}
2026-09-19T05:06:00.3746380Z 2026-09-19 05:06:00,364 [VERBOSE] music_app.services.cover_provider_http: Cover HTTP success service=apple context=artist-id-search:Mastodon status=200 url=http://127.0.0.1:5402/itunes/search?term=Mastodon&entity=musicArtist&limit=10 bytes=33
2026-09-19T05:06:00.3749965Z 2026-09-19 05:06:00,364 [INFO] music_app.services.cover_refresh_provider: {"action": "Apple artist lookup results", "album": "Crack The Skye Fixture 10", "artist": "Mastodon", "query_artist": "Mastodon", "result_count": 0, "top_results": []}
2026-09-19T05:06:00.4080285Z 2026-09-19 05:06:00,402 [VERBOSE] music_app.services.cover_provider_http: Cover HTTP success service=apple context=artist-id-search:Mastodon status=200 url=http://127.0.0.1:5402/itunes/search?term=Mastodon&entity=musicArtist&limit=10 bytes=33
2026-09-19T05:06:00.4087012Z 2026-09-19 05:06:00,402 [INFO] music_app.services.cover_refresh_provider: {"action": "Apple artist lookup results", "album": "Crack The Skye Fixture 07", "artist": "Mastodon", "query_artist": "Mastodon", "result_count": 0, "top_results": []}
2026-09-19T05:06:00.4165233Z 2026-09-19 05:06:00,402 [VERBOSE] music_app: Cover fetch processed artist='Mastodon' album='Crack The Skye Fixture 07' folder='D:\\a\\_temp\\album-haven-e2e-functional-fixtures-metadata-mutations\\shared\\media\\Mastodon\\Crack The Skye Fixture 07' downloaded=False has_cover=False
2026-09-19T05:06:00.4184351Z 2026-09-19 05:06:00,402 [WARNING] music_app: {"action": "Cover art update failed", "album": "Crack The Skye Fixture 07", "artist": "Mastodon", "elapsed_ms": 1674.96, "folder": "D:\\a\\_temp\\album-haven-e2e-functional-fixtures-metadata-mutations\\shared\\media\\Mastodon\\Crack The Skye Fixture 07", "force_search": false, "reason": "remote_search_returned_no_candidate", "resolver_trace": [{"apple_http_trace": [{"context": "search:Mastodon Crack The Skye Fixture 07 2009", "elapsed_ms": 431.95, "status": "success:200"}, {"context": "artist-id-search:Mastodon", "elapsed_ms": 421.0, "status": "success:200"}, {"context": "search:Mastodon Crack The Skye Fixture 07", "elapsed_ms": 397.93, "status": "success:200"}, {"context": "artist-id-search:Mastodon", "elapsed_ms": 419.19, "status": "success:200"}], "elapsed_ms": 1672.61, "resolver": "_search_apple", "status": "no_candidate"}], "status": "missing_cover_art"}
2026-09-19T05:06:00.5237747Z 2026-09-19 05:06:00,521 [VERBOSE] music_app.services.cover_provider_http: Cover HTTP success service=apple context=artist-id-search:Mastodon status=200 url=http://127.0.0.1:5402/itunes/search?term=Mastodon&entity=musicArtist&limit=10 bytes=33
2026-09-19T05:06:00.5311510Z 2026-09-19 05:06:00,522 [INFO] music_app.services.cover_refresh_provider: {"action": "Apple artist lookup results", "album": "Crack The Skye Fixture 08", "artist": "Mastodon", "query_artist": "Mastodon", "result_count": 0, "top_results": []}
2026-09-19T05:06:00.5351149Z 2026-09-19 05:06:00,522 [VERBOSE] music_app: Cover fetch processed artist='Mastodon' album='Crack The Skye Fixture 08' folder='D:\\a\\_temp\\album-haven-e2e-functional-fixtures-metadata-mutations\\shared\\media\\Mastodon\\Crack The Skye Fixture 08' downloaded=False has_cover=False
2026-09-19T05:06:00.5551900Z 2026-09-19 05:06:00,523 [WARNING] music_app: {"action": "Cover art update failed", "album": "Crack The Skye Fixture 08", "artist": "Mastodon", "elapsed_ms": 1638.98, "folder": "D:\\a\\_temp\\album-haven-e2e-functional-fixtures-metadata-mutations\\shared\\media\\Mastodon\\Crack The Skye Fixture 08", "force_search": false, "reason": "remote_search_returned_no_candidate", "resolver_trace": [{"apple_http_trace": [{"context": "search:Mastodon Crack The Skye Fixture 08 2009", "elapsed_ms": 390.11, "status": "success:200"}, {"context": "artist-id-search:Mastodon", "elapsed_ms": 399.71, "status": "success:200"}, {"context": "search:Mastodon Crack The Skye Fixture 08", "elapsed_ms": 424.56, "status": "success:200"}, {"context": "artist-id-search:Mastodon", "elapsed_ms": 419.52, "status": "success:200"}], "elapsed_ms": 1636.64, "resolver": "_search_apple", "status": "no_candidate"}], "status": "missing_cover_art"}
2026-09-19T05:06:00.5947222Z 2026-09-19 05:06:00,576 [VERBOSE] music_app.services.cover_provider_http: Cover HTTP success service=apple context=artist-id-search:Mastodon status=200 url=http://127.0.0.1:5402/itunes/search?term=Mastodon&entity=musicArtist&limit=10 bytes=33
2026-09-19T05:06:00.6073298Z 2026-09-19 05:06:00,576 [INFO] music_app.services.cover_refresh_provider: {"action": "Apple artist lookup results", "album": "Crack The Skye Fixture 09", "artist": "Mastodon", "query_artist": "Mastodon", "result_count": 0, "top_results": []}
2026-09-19T05:06:00.6104672Z 2026-09-19 05:06:00,578 [VERBOSE] music_app: Cover fetch processed artist='Mastodon' album='Crack The Skye Fixture 09' folder='D:\\a\\_temp\\album-haven-e2e-functional-fixtures-metadata-mutations\\shared\\media\\Mastodon\\Crack The Skye Fixture 09' downloaded=False has_cover=True
2026-09-19T05:06:00.7674956Z 2026-09-19 05:06:00,760 [VERBOSE] music_app.services.cover_provider_http: Cover HTTP success service=apple context=search:Mastodon Crack The Skye Fixture 10 status=200 url=http://127.0.0.1:5402/itunes/search?term=Mastodon+Crack+The+Skye+Fixture+10&entity=album&limit=20 bytes=33
2026-09-19T05:06:00.7762513Z 2026-09-19 05:06:00,762 [VERBOSE] music_app.services.cover_refresh_provider: Apple raw search results query='Mastodon Crack The Skye Fixture 10' artist='Mastodon' album='Crack The Skye Fixture 10' year=2009 results=[]
2026-09-19T05:06:00.7852993Z 2026-09-19 05:06:00,762 [VERBOSE] music_app.services.cover_refresh_provider: Apple search results query='Mastodon Crack The Skye Fixture 10' count=0 top=[]
2026-09-19T05:06:00.7991396Z 2026-09-19 05:06:00,762 [INFO] music_app.services.cover_refresh_provider: {"action": "Apple cover miss", "album": "Crack The Skye Fixture 10", "artist": "Mastodon", "query_mode": "artist+album:native", "raw_result_count": 0, "raw_results_summary": [], "top_candidates": [], "year": 2009}
2026-09-19T05:06:00.8746410Z 2026-09-19 05:06:00,852 [VERBOSE] music_app.services.cover_provider_http: Cover HTTP success service=apple context=search:Neal Morse Neal Morse Plays Pink Floyd 2023 status=200 url=http://127.0.0.1:5402/itunes/search?term=Neal+Morse+Neal+Morse+Plays+Pink+Floyd+2023&entity=album&limit=20 bytes=33
2026-09-19T05:06:00.8865714Z 2026-09-19 05:06:00,852 [VERBOSE] music_app.services.cover_refresh_provider: Apple raw search results query='Neal Morse Neal Morse Plays Pink Floyd 2023' artist='Neal Morse' album='Neal Morse Plays Pink Floyd' year=2023 results=[]
2026-09-19T05:06:00.8904090Z 2026-09-19 05:06:00,854 [VERBOSE] music_app.services.cover_refresh_provider: Apple search results query='Neal Morse Neal Morse Plays Pink Floyd 2023' count=0 top=[]
2026-09-19T05:06:00.9084604Z 2026-09-19 05:06:00,854 [INFO] music_app.services.cover_refresh_provider: {"action": "Apple cover miss", "album": "Neal Morse Plays Pink Floyd", "artist": "Neal Morse", "query_mode": "artist+album+year:native", "raw_result_count": 0, "raw_results_summary": [], "top_candidates": [], "year": 2023}
2026-09-19T05:06:00.9488603Z 2026-09-19 05:06:00,941 [VERBOSE] music_app.services.cover_provider_http: Cover HTTP success service=apple context=search:Various Artists Mulan 1998 status=200 url=http://127.0.0.1:5402/itunes/search?term=Various+Artists+Mulan+1998&entity=album&limit=20 bytes=33
2026-09-19T05:06:00.9636694Z 2026-09-19 05:06:00,942 [VERBOSE] music_app.services.cover_refresh_provider: Apple raw search results query='Various Artists Mulan 1998' artist='Various Artists' album='Mulan' year=1998 results=[]
2026-09-19T05:06:00.9760556Z 2026-09-19 05:06:00,942 [VERBOSE] music_app.services.cover_refresh_provider: Apple search results query='Various Artists Mulan 1998' count=0 top=[]
2026-09-19T05:06:00.9859880Z 2026-09-19 05:06:00,942 [INFO] music_app.services.cover_refresh_provider: {"action": "Apple cover miss", "album": "Mulan", "artist": "Various Artists", "query_mode": "artist+album+year:native", "raw_result_count": 0, "raw_results_summary": [], "top_candidates": [], "year": 1998}
2026-09-19T05:06:01.0061693Z 2026-09-19 05:06:00,994 [VERBOSE] music_app.services.cover_provider_http: Cover HTTP success service=apple context=search:\u0414\u0414\u0422 \u0421\u0442\u0443\u0434\u0438\u0439\u043d\u044b\u0435 \u0437\u0430\u043f\u0438\u0441\u0438 1990 status=200 url=http://127.0.0.1:5402/itunes/search?term=%D0%94%D0%94%D0%A2+%D0%A1%D1%82%D1%83%D0%B4%D0%B8%D0%B9%D0%BD%D1%8B%D0%B5+%D0%B7%D0%B0%D0%BF%D0%B8%D1%81%D0%B8+1990&entity=album&limit=20 bytes=33
2026-09-19T05:06:01.0136315Z 2026-09-19 05:06:00,994 [VERBOSE] music_app.services.cover_refresh_provider: Apple raw search results query='\u0414\u0414\u0422 \u0421\u0442\u0443\u0434\u0438\u0439\u043d\u044b\u0435 \u0437\u0430\u043f\u0438\u0441\u0438 1990' artist='\u0414\u0414\u0422' album='\u0421\u0442\u0443\u0434\u0438\u0439\u043d\u044b\u0435 \u0437\u0430\u043f\u0438\u0441\u0438' year=1990 results=[]
2026-09-19T05:06:01.0215454Z 2026-09-19 05:06:00,995 [VERBOSE] music_app.services.cover_refresh_provider: Apple search results query='\u0414\u0414\u0422 \u0421\u0442\u0443\u0434\u0438\u0439\u043d\u044b\u0435 \u0437\u0430\u043f\u0438\u0441\u0438 1990' count=0 top=[]
2026-09-19T05:06:01.0474061Z 2026-09-19 05:06:00,995 [INFO] music_app.services.cover_refresh_provider: {"action": "Apple cover miss", "album": "\u0421\u0442\u0443\u0434\u0438\u0439\u043d\u044b\u0435 \u0437\u0430\u043f\u0438\u0441\u0438", "artist": "\u0414\u0414\u0422", "query_mode": "artist+album+year:native", "raw_result_count": 0, "raw_results_summary": [], "top_candidates": [], "year": 1990}
2026-09-19T05:06:01.1790282Z 2026-09-19 05:06:01,176 [VERBOSE] music_app.services.cover_provider_http: Cover HTTP success service=apple context=artist-id-search:Mastodon status=200 url=http://127.0.0.1:5402/itunes/search?term=Mastodon&entity=musicArtist&limit=10 bytes=33
2026-09-19T05:06:01.1794243Z 2026-09-19 05:06:01,178 [INFO] music_app.services.cover_refresh_provider: {"action": "Apple artist lookup results", "album": "Crack The Skye Fixture 10", "artist": "Mastodon", "query_artist": "Mastodon", "result_count": 0, "top_results": []}
2026-09-19T05:06:01.1798130Z 2026-09-19 05:06:01,178 [VERBOSE] music_app: Cover fetch processed artist='Mastodon' album='Crack The Skye Fixture 10' folder='D:\\a\\_temp\\album-haven-e2e-functional-fixtures-metadata-mutations\\shared\\media\\Mastodon\\Crack The Skye Fixture 10' downloaded=False has_cover=True
2026-09-19T05:06:01.3146165Z 2026-09-19 05:06:01,302 [VERBOSE] music_app.services.cover_provider_http: Cover HTTP success service=apple context=artist-id-search:Neal Morse status=200 url=http://127.0.0.1:5402/itunes/search?term=Neal+Morse&entity=musicArtist&limit=10 bytes=33
2026-09-19T05:06:01.3233026Z 2026-09-19 05:06:01,302 [INFO] music_app.services.cover_refresh_provider: {"action": "Apple artist lookup results", "album": "Neal Morse Plays Pink Floyd", "artist": "Neal Morse", "query_artist": "Neal Morse", "result_count": 0, "top_results": []}
2026-09-19T05:06:01.3922593Z 2026-09-19 05:06:01,391 [VERBOSE] music_app.services.cover_provider_http: Cover HTTP success service=apple context=artist-id-search:Various Artists status=200 url=http://127.0.0.1:5402/itunes/search?term=Various+Artists&entity=musicArtist&limit=10 bytes=33
2026-09-19T05:06:01.3926427Z 2026-09-19 05:06:01,391 [INFO] music_app.services.cover_refresh_provider: {"action": "Apple artist lookup results", "album": "Mulan", "artist": "Various Artists", "query_artist": "Various Artists", "result_count": 0, "top_results": []}
2026-09-19T05:06:01.5289807Z 2026-09-19 05:06:01,514 [VERBOSE] music_app.services.cover_provider_http: Cover HTTP success service=apple context=artist-id-search:\u0414\u0414\u0422 status=200 url=http://127.0.0.1:5402/itunes/search?term=%D0%94%D0%94%D0%A2&entity=musicArtist&limit=10 bytes=33
2026-09-19T05:06:01.5294339Z 2026-09-19 05:06:01,514 [INFO] music_app.services.cover_refresh_provider: {"action": "Apple artist lookup results", "album": "\u0421\u0442\u0443\u0434\u0438\u0439\u043d\u044b\u0435 \u0437\u0430\u043f\u0438\u0441\u0438", "artist": "\u0414\u0414\u0422", "query_artist": "\u0414\u0414\u0422", "result_count": 0, "top_results": []}
2026-09-19T05:06:01.8120098Z 2026-09-19 05:06:01,805 [VERBOSE] music_app.services.cover_provider_http: Cover HTTP success service=apple context=search:Neal Morse Neal Morse Plays Pink Floyd status=200 url=http://127.0.0.1:5402/itunes/search?term=Neal+Morse+Neal+Morse+Plays+Pink+Floyd&entity=album&limit=20 bytes=33
2026-09-19T05:06:01.8199864Z 2026-09-19 05:06:01,807 [VERBOSE] music_app.services.cover_refresh_provider: Apple raw search results query='Neal Morse Neal Morse Plays Pink Floyd' artist='Neal Morse' album='Neal Morse Plays Pink Floyd' year=2023 results=[]
2026-09-19T05:06:01.8392253Z 2026-09-19 05:06:01,807 [VERBOSE] music_app.services.cover_refresh_provider: Apple search results query='Neal Morse Neal Morse Plays Pink Floyd' count=0 top=[]
2026-09-19T05:06:01.8397390Z 2026-09-19 05:06:01,807 [INFO] music_app.services.cover_refresh_provider: {"action": "Apple cover miss", "album": "Neal Morse Plays Pink Floyd", "artist": "Neal Morse", "query_mode": "artist+album:native", "raw_result_count": 0, "raw_results_summary": [], "top_candidates": [], "year": 2023}
2026-09-19T05:06:01.8866561Z 2026-09-19 05:06:01,882 [VERBOSE] music_app.services.cover_provider_http: Cover HTTP success service=apple context=search:Various Artists Mulan status=200 url=http://127.0.0.1:5402/itunes/search?term=Various+Artists+Mulan&entity=album&limit=20 bytes=33
2026-09-19T05:06:01.8966921Z 2026-09-19 05:06:01,882 [VERBOSE] music_app.services.cover_refresh_provider: Apple raw search results query='Various Artists Mulan' artist='Various Artists' album='Mulan' year=1998 results=[]
2026-09-19T05:06:01.9203837Z 2026-09-19 05:06:01,882 [VERBOSE] music_app.services.cover_refresh_provider: Apple search results query='Various Artists Mulan' count=0 top=[]
2026-09-19T05:06:01.9224075Z 2026-09-19 05:06:01,882 [INFO] music_app.services.cover_refresh_provider: {"action": "Apple cover miss", "album": "Mulan", "artist": "Various Artists", "query_mode": "artist+album:native", "raw_result_count": 0, "raw_results_summary": [], "top_candidates": [], "year": 1998}
2026-09-19T05:06:01.9728429Z 2026-09-19 05:06:01,968 [VERBOSE] music_app.services.cover_provider_http: Cover HTTP success service=apple context=search:\u0414\u0414\u0422 \u0421\u0442\u0443\u0434\u0438\u0439\u043d\u044b\u0435 \u0437\u0430\u043f\u0438\u0441\u0438 status=200 url=http://127.0.0.1:5402/itunes/search?term=%D0%94%D0%94%D0%A2+%D0%A1%D1%82%D1%83%D0%B4%D0%B8%D0%B9%D0%BD%D1%8B%D0%B5+%D0%B7%D0%B0%D0%BF%D0%B8%D1%81%D0%B8&entity=album&limit=20 bytes=33
2026-09-19T05:06:01.9940048Z 2026-09-19 05:06:01,968 [VERBOSE] music_app.services.cover_refresh_provider: Apple raw search results query='\u0414\u0414\u0422 \u0421\u0442\u0443\u0434\u0438\u0439\u043d\u044b\u0435 \u0437\u0430\u043f\u0438\u0441\u0438' artist='\u0414\u0414\u0422' album='\u0421\u0442\u0443\u0434\u0438\u0439\u043d\u044b\u0435 \u0437\u0430\u043f\u0438\u0441\u0438' year=1990 results=[]
2026-09-19T05:06:02.0115686Z 2026-09-19 05:06:01,968 [VERBOSE] music_app.services.cover_refresh_provider: Apple search results query='\u0414\u0414\u0422 \u0421\u0442\u0443\u0434\u0438\u0439\u043d\u044b\u0435 \u0437\u0430\u043f\u0438\u0441\u0438' count=0 top=[]
2026-09-19T05:06:02.0201144Z 2026-09-19 05:06:01,968 [INFO] music_app.services.cover_refresh_provider: {"action": "Apple cover miss", "album": "\u0421\u0442\u0443\u0434\u0438\u0439\u043d\u044b\u0435 \u0437\u0430\u043f\u0438\u0441\u0438", "artist": "\u0414\u0414\u0422", "query_mode": "artist+album:native", "raw_result_count": 0, "raw_results_summary": [], "top_candidates": [], "year": 1990}
2026-09-19T05:06:02.2434924Z 2026-09-19 05:06:02,241 [VERBOSE] music_app.services.cover_provider_http: Cover HTTP success service=apple context=artist-id-search:Neal Morse status=200 url=http://127.0.0.1:5402/itunes/search?term=Neal+Morse&entity=musicArtist&limit=10 bytes=33
2026-09-19T05:06:02.2439831Z 2026-09-19 05:06:02,242 [INFO] music_app.services.cover_refresh_provider: {"action": "Apple artist lookup results", "album": "Neal Morse Plays Pink Floyd", "artist": "Neal Morse", "query_artist": "Neal Morse", "result_count": 0, "top_results": []}
2026-09-19T05:06:02.2444663Z 2026-09-19 05:06:02,242 [VERBOSE] music_app: Cover fetch processed artist='Neal Morse' album='Neal Morse Plays Pink Floyd' folder='D:\\a\\_temp\\album-haven-e2e-functional-fixtures-metadata-mutations\\shared\\media\\Progressive Projects\\Morse Family\\Neal Morse\\Neal Morse Plays Pink Floyd' downloaded=False has_cover=False
2026-09-19T05:06:02.2454325Z 2026-09-19 05:06:02,242 [WARNING] music_app: {"action": "Cover art update failed", "album": "Neal Morse Plays Pink Floyd", "artist": "Neal Morse", "elapsed_ms": 1840.29, "folder": "D:\\a\\_temp\\album-haven-e2e-functional-fixtures-metadata-mutations\\shared\\media\\Progressive Projects\\Morse Family\\Neal Morse\\Neal Morse Plays Pink Floyd", "force_search": false, "reason": "remote_search_returned_no_candidate", "resolver_trace": [{"apple_http_trace": [{"context": "search:Neal Morse Neal Morse Plays Pink Floyd 2023", "elapsed_ms": 448.89, "status": "success:200"}, {"context": "artist-id-search:Neal Morse", "elapsed_ms": 448.01, "status": "success:200"}, {"context": "search:Neal Morse Neal Morse Plays Pink Floyd", "elapsed_ms": 504.08, "status": "success:200"}, {"context": "artist-id-search:Neal Morse", "elapsed_ms": 434.15, "status": "success:200"}], "elapsed_ms": 1837.84, "resolver": "_search_apple", "status": "no_candidate"}], "status": "missing_cover_art"}
2026-09-19T05:06:02.3373062Z 2026-09-19 05:06:02,336 [VERBOSE] music_app.services.cover_provider_http: Cover HTTP success service=apple context=artist-id-search:Various Artists status=200 url=http://127.0.0.1:5402/itunes/search?term=Various+Artists&entity=musicArtist&limit=10 bytes=33
2026-09-19T05:06:02.3377100Z 2026-09-19 05:06:02,336 [INFO] music_app.services.cover_refresh_provider: {"action": "Apple artist lookup results", "album": "Mulan", "artist": "Various Artists", "query_artist": "Various Artists", "result_count": 0, "top_results": []}
2026-09-19T05:06:02.3381256Z 2026-09-19 05:06:02,336 [VERBOSE] music_app: Cover fetch processed artist='Various Artists' album='Mulan' folder='D:\\a\\_temp\\album-haven-e2e-functional-fixtures-metadata-mutations\\shared\\media\\Various Artists\\Mulan' downloaded=False has_cover=False
2026-09-19T05:06:02.3390029Z 2026-09-19 05:06:02,336 [WARNING] music_app: {"action": "Cover art update failed", "album": "Mulan", "artist": "Various Artists", "elapsed_ms": 1813.74, "folder": "D:\\a\\_temp\\album-haven-e2e-functional-fixtures-metadata-mutations\\shared\\media\\Various Artists\\Mulan", "force_search": false, "reason": "remote_search_returned_no_candidate", "resolver_trace": [{"apple_http_trace": [{"context": "search:Various Artists Mulan 1998", "elapsed_ms": 417.25, "status": "success:200"}, {"context": "artist-id-search:Various Artists", "elapsed_ms": 448.6, "status": "success:200"}, {"context": "search:Various Artists Mulan", "elapsed_ms": 491.05, "status": "success:200"}, {"context": "artist-id-search:Various Artists", "elapsed_ms": 452.61, "status": "success:200"}], "elapsed_ms": 1811.73, "resolver": "_search_apple", "status": "no_candidate"}], "status": "missing_cover_art"}
2026-09-19T05:06:02.4103980Z 2026-09-19 05:06:02,407 [VERBOSE] music_app.services.cover_provider_http: Cover HTTP success service=apple context=artist-id-search:\u0414\u0414\u0422 status=200 url=http://127.0.0.1:5402/itunes/search?term=%D0%94%D0%94%D0%A2&entity=musicArtist&limit=10 bytes=33
2026-09-19T05:06:02.4108332Z 2026-09-19 05:06:02,409 [INFO] music_app.services.cover_refresh_provider: {"action": "Apple artist lookup results", "album": "\u0421\u0442\u0443\u0434\u0438\u0439\u043d\u044b\u0435 \u0437\u0430\u043f\u0438\u0441\u0438", "artist": "\u0414\u0414\u0422", "query_artist": "\u0414\u0414\u0422", "result_count": 0, "top_results": []}
2026-09-19T05:06:02.5342679Z 
2026-09-19T05:06:03.4270307Z 2026-09-19 05:06:03,012 [VERBOSE] music_app.services.cover_provider_http: Cover HTTP success service=apple context=search:DDT Studiynye zapisi 1990 status=200 url=http://127.0.0.1:5402/itunes/search?term=DDT+Studiynye+zapisi+1990&entity=album&limit=20 bytes=33
2026-09-19T05:06:03.4274567Z 2026-09-19 05:06:03,012 [VERBOSE] music_app.services.cover_refresh_provider: Apple raw search results query='DDT Studiynye zapisi 1990' artist='\u0414\u0414\u0422' album='\u0421\u0442\u0443\u0434\u0438\u0439\u043d\u044b\u0435 \u0437\u0430\u043f\u0438\u0441\u0438' year=1990 results=[]
2026-09-19T05:06:03.4277476Z 2026-09-19 05:06:03,012 [VERBOSE] music_app.services.cover_refresh_provider: Apple search results query='DDT Studiynye zapisi 1990' count=0 top=[]
2026-09-19T05:06:03.4281181Z 2026-09-19 05:06:03,012 [INFO] music_app.services.cover_refresh_provider: {"action": "Apple cover miss", "album": "\u0421\u0442\u0443\u0434\u0438\u0439\u043d\u044b\u0435 \u0437\u0430\u043f\u0438\u0441\u0438", "artist": "\u0414\u0414\u0422", "query_mode": "artist+album+year:translit", "raw_result_count": 0, "raw_results_summary": [], "top_candidates": [], "year": 1990}
2026-09-19T05:06:03.4285638Z 2026-09-19 05:06:03,364 [VERBOSE] music_app.services.cover_provider_http: Cover HTTP success service=apple context=artist-id-search:DDT status=200 url=http://127.0.0.1:5402/itunes/search?term=DDT&entity=musicArtist&limit=10 bytes=33
2026-09-19T05:06:03.4289411Z 2026-09-19 05:06:03,364 [INFO] music_app.services.cover_refresh_provider: {"action": "Apple artist lookup results", "album": "\u0421\u0442\u0443\u0434\u0438\u0439\u043d\u044b\u0435 \u0437\u0430\u043f\u0438\u0441\u0438", "artist": "\u0414\u0414\u0422", "query_artist": "DDT", "result_count": 0, "top_results": []}
2026-09-19T05:06:03.4291324Z 
2026-09-19T05:06:03.4292998Z [album-haven-playwright-result] {"version":1,"phase":"run-final","nonce":"0725b7943ca5d3cc21679a873b6c8453d1ef8a1c74af1580baaea07434c43e18","status":"passed","total":1,"completed":1,"failed":0,"skipped":0,"errors":0}
2026-09-19T05:06:03.4294669Z   1 passed (41.5s)
2026-09-19T05:06:03.9170864Z 
2026-09-19T05:06:03.9171450Z === Playwright Summary ===
2026-09-19T05:06:03.9172347Z [[32m✓[0m] albumRatings.spec
2026-09-19T05:06:03.9174668Z   [[32m✓[0m] FTC-ALBUM-TASTE-013 keeps app ratings authoritative while import and scan seed missing ratings @area:album-details
2026-09-19T05:06:03.9175627Z 
2026-09-19T05:06:03.9175818Z Overall: 1/1 passed
2026-09-19T05:06:05.5591715Z 2026-09-19 05:06:03,619 [VERBOSE] music_app.services.cover_provider_http: Cover HTTP success service=apple context=search:DDT Studiynye zapisi status=200 url=http://127.0.0.1:5402/itunes/search?term=DDT+Studiynye+zapisi&entity=album&limit=20 bytes=33
2026-09-19T05:06:05.5593858Z 2026-09-19 05:06:03,619 [VERBOSE] music_app.services.cover_refresh_provider: Apple raw search results query='DDT Studiynye zapisi' artist='\u0414\u0414\u0422' album='\u0421\u0442\u0443\u0434\u0438\u0439\u043d\u044b\u0435 \u0437\u0430\u043f\u0438\u0441\u0438' year=1990 results=[]
2026-09-19T05:06:05.5595409Z 2026-09-19 05:06:03,619 [VERBOSE] music_app.services.cover_refresh_provider: Apple search results query='DDT Studiynye zapisi' count=0 top=[]
2026-09-19T05:06:05.5597356Z 2026-09-19 05:06:03,619 [INFO] music_app.services.cover_refresh_provider: {"action": "Apple cover miss", "album": "\u0421\u0442\u0443\u0434\u0438\u0439\u043d\u044b\u0435 \u0437\u0430\u043f\u0438\u0441\u0438", "artist": "\u0414\u0414\u0422", "query_mode": "artist+album:translit", "raw_result_count": 0, "raw_results_summary": [], "top_candidates": [], "year": 1990}
2026-09-19T05:06:05.5599481Z 2026-09-19 05:06:03,854 [VERBOSE] music_app.services.cover_provider_http: Cover HTTP success service=apple context=artist-id-search:DDT status=200 url=http://127.0.0.1:5402/itunes/search?term=DDT&entity=musicArtist&limit=10 bytes=33
2026-09-19T05:06:05.5601497Z 2026-09-19 05:06:03,854 [INFO] music_app.services.cover_refresh_provider: {"action": "Apple artist lookup results", "album": "\u0421\u0442\u0443\u0434\u0438\u0439\u043d\u044b\u0435 \u0437\u0430\u043f\u0438\u0441\u0438", "artist": "\u0414\u0414\u0422", "query_artist": "DDT", "result_count": 0, "top_results": []}
2026-09-19T05:06:05.5604663Z 2026-09-19 05:06:03,855 [VERBOSE] music_app: Cover fetch processed artist='\u0414\u0414\u0422' album='\u0421\u0442\u0443\u0434\u0438\u0439\u043d\u044b\u0435 \u0437\u0430\u043f\u0438\u0441\u0438' folder='D:\\a\\_temp\\album-haven-e2e-functional-fixtures-metadata-mutations\\shared\\media\\\u0414\u0414\u0422\\\u0421\u0442\u0443\u0434\u0438\u0439\u043d\u044b\u0435 \u0437\u0430\u043f\u0438\u0441\u0438' downloaded=False has_cover=False
2026-09-19T05:06:05.5612618Z 2026-09-19 05:06:03,855 [WARNING] music_app: {"action": "Cover art update failed", "album": "\u0421\u0442\u0443\u0434\u0438\u0439\u043d\u044b\u0435 \u0437\u0430\u043f\u0438\u0441\u0438", "artist": "\u0414\u0414\u0422", "elapsed_ms": 3277.15, "folder": "D:\\a\\_temp\\album-haven-e2e-functional-fixtures-metadata-mutations\\shared\\media\\\u0414\u0414\u0422\\\u0421\u0442\u0443\u0434\u0438\u0439\u043d\u044b\u0435 \u0437\u0430\u043f\u0438\u0441\u0438", "force_search": false, "reason": "remote_search_returned_no_candidate", "resolver_trace": [{"apple_http_trace": [{"context": "search:\u0414\u0414\u0422 \u0421\u0442\u0443\u0434\u0438\u0439\u043d\u044b\u0435 \u0437\u0430\u043f\u0438\u0441\u0438 1990", "elapsed_ms": 415.03, "status": "success:200"}, {"context": "artist-id-search:\u0414\u0414\u0422", "elapsed_ms": 519.39, "status": "success:200"}, {"context": "search:\u0414\u0414\u0422 \u0421\u0442\u0443\u0434\u0438\u0439\u043d\u044b\u0435 \u0437\u0430\u043f\u0438\u0441\u0438", "elapsed_ms": 452.99, "status": "success:200"}, {"context": "artist-id-search:\u0414\u0414\u0422", "elapsed_ms": 439.21, "status": "success:200"}, {"context": "search:DDT Studiynye zapisi 1990", "elapsed_ms": 602.56, "status": "success:200"}, {"context": "artist-id-search:DDT", "elapsed_ms": 353.11, "status": "success:200"}, {"context": "search:DDT Studiynye zapisi", "elapsed_ms": 252.86, "status": "success:200"}, {"context": "artist-id-search:DDT", "elapsed_ms": 234.99, "status": "success:200"}], "elapsed_ms": 3275.07, "resolver": "_search_apple", "status": "no_candidate"}], "status": "missing_cover_art"}
2026-09-19T05:06:05.5618734Z 2026-09-19 05:06:03,856 [INFO] music_app: {"action": "Cover art update completed", "album_count": 16, "downloaded": 0, "downloaded_paths": [], "failed": 14, "files": [], "mode": "background", "not_found": 14, "not_touched": 2, "processed": 16, "skipped": 2}
2026-09-19T05:06:10.0371267Z [playwright-wrapper-final-decision] {"wrapperExitCode":0,"attemptReturn":{"exitCode":0,"exitReason":"authoritative-pass"},"fakeDatabaseCleanup":{"status":"completed","error":null,"mode":"lock-only"},"scanAppCleanup":{"status":"not-required","error":null},"isolatedAppCleanup":{"status":"completed","error":null},"tempCleanup":{"status":"completed","error":null,"removedCount":1},"passivePortDiagnostics":[{"port":5400,"status":"completed","error":null,"ownerCount":0},{"port":5402,"status":"completed","error":null,"ownerCount":0}],"finalSummary":{"phase":"run-final","status":"passed","total":1,"completed":1,"failed":0,"skipped":0,"errors":0,"listOnly":false},"exitReason":"authoritative-pass"}
2026-09-19T05:06:12.0756118Z {"restored":0,"removed":0,"unchanged":1497}
2026-09-19T05:06:35.1281665Z Album Haven production E2E app listening on http://127.0.0.1:5400 with 0 artists, 0 albums, 0 tracks, and provider fixtures on http://127.0.0.1:5402
2026-09-19T05:06:36.4631109Z 2026-09-19 05:06:36,461 [INFO] music_app: Startup scan-cache hydration completed files=7200 albums=400
2026-09-19T05:06:36.4632607Z 2026-09-19 05:06:36,461 [INFO] music_app: Legacy album exclusions migrated albums=1 removed_rules=18 created_rules=1
2026-09-19T05:06:37.0775741Z 2026-09-19 05:06:37,075 [INFO] music_app: Relation projection startup readiness ready=true rebuilt=true reason=missing_projection builder_version=local-relation-builder-v9 source_row_count=7438 duration_ms=463.58 source_load=139.86 fingerprint=58.17 pure_build=148.44 family_link_replacement=7.45 snapshot_publication=1.70
2026-09-19T05:06:38.2541985Z 2026-09-19 05:06:38,253 [INFO] music_app: {"action": "Index request completed", "album_count": 0, "artist_count": 0, "bootstrap_mode": "fresh_preview", "covers_in_progress": false, "elapsed_ms": 419.57, "hydrate_in_progress": false, "payload_elapsed_ms": 176.28, "query": "", "scan_in_progress": false, "selected_artist": ""}
2026-09-19T05:07:02.4635186Z 
2026-09-19T05:07:02.4635824Z Running 1 test using 1 worker
2026-09-19T05:07:02.4670057Z 
2026-09-19T05:07:05.7155502Z 2026-09-19 05:07:05,714 [INFO] music_app: {"action": "Index request completed", "album_count": 0, "artist_count": 0, "bootstrap_mode": "fresh_preview", "covers_in_progress": false, "elapsed_ms": 276.11, "hydrate_in_progress": false, "payload_elapsed_ms": 153.56, "query": "", "scan_in_progress": false, "selected_artist": ""}
2026-09-19T05:07:08.3646922Z [TEST] FTC-TAGS-010 keeps an album-only edit sparse and retains its optimistic split
2026-09-19T05:07:08.3685318Z   [STEP] Open the generated album and select one physical file
2026-09-19T05:07:08.8949467Z 2026-09-19 05:07:08,893 [INFO] music_app: {"action": "Index request completed", "album_count": 0, "artist_count": 0, "bootstrap_mode": "fresh_preview", "covers_in_progress": false, "elapsed_ms": 340.45, "hydrate_in_progress": false, "payload_elapsed_ms": 223.94, "query": "", "scan_in_progress": false, "selected_artist": ""}
2026-09-19T05:07:19.9132740Z   [PASS] Open the generated album and select one physical file (11544 ms)
2026-09-19T05:07:19.9135544Z   [STEP] Apply the exact sparse update and retain the optimistic gallery after the response
2026-09-19T05:07:20.9747242Z 2026-09-19 05:07:20,972 [INFO] music_app: {"action": "Tags edited", "album": "Sparse Album Edit Fixture", "artist": "E2E Rarity Artist", "file_count": 1, "files": ["D:\\a\\_temp\\album-haven-e2e-functional-fixtures-metadata-mutations\\shared\\media\\E2E Rarity Artist\\Sparse Album Edit Fixture\\01 - Sparse Album Track 1.mp3"]}
2026-09-19T05:07:21.9134622Z   [PASS] Apply the exact sparse update and retain the optimistic gallery after the response (2001 ms)
2026-09-19T05:07:21.9151246Z   [STEP] Verify only the requested physical ID3 frame changed
2026-09-19T05:07:22.0091773Z   [PASS] Verify only the requested physical ID3 frame changed (94 ms)
2026-09-19T05:07:22.0092883Z   [STEP] Verify the current authoritative gallery state
2026-09-19T05:07:23.9829437Z   [PASS] Verify the current authoritative gallery state (1973 ms)
2026-09-19T05:07:23.9830377Z   [STEP] Verify the authoritative topology in a fresh browser
2026-09-19T05:07:24.6717238Z 2026-09-19 05:07:24,670 [INFO] music_app: {"action": "Index request completed", "album_count": 0, "artist_count": 0, "bootstrap_mode": "fresh_preview", "covers_in_progress": false, "elapsed_ms": 361.31, "hydrate_in_progress": false, "payload_elapsed_ms": 280.08, "query": "", "scan_in_progress": false, "selected_artist": "E2E Rarity Artist"}
2026-09-19T05:07:27.7106348Z   [PASS] Verify the authoritative topology in a fresh browser (3727 ms)
2026-09-19T05:07:27.8552273Z   ok 1 [functional] › tests\e2e\specs\sparseTagEditReconciliation.spec.js:4:1 › FTC-TAGS-010 keeps an album-only edit sparse and retains its optimistic split @area:tag-edit (19.7s)
2026-09-19T05:07:27.8558835Z [album-haven-playwright-result] {"version":1,"phase":"tests-complete","nonce":"0eb5501de99a25727c8e3173faec21e5923f13afd2281223f6f5111d554eafdd","status":"passed","total":1,"completed":1,"failed":0,"skipped":0,"errors":0}
2026-09-19T05:07:28.4900934Z 
2026-09-19T05:07:28.4900955Z 
2026-09-19T05:07:28.4900962Z 
2026-09-19T05:07:28.4902286Z [album-haven-playwright-result] {"version":1,"phase":"run-final","nonce":"0eb5501de99a25727c8e3173faec21e5923f13afd2281223f6f5111d554eafdd","status":"passed","total":1,"completed":1,"failed":0,"skipped":0,"errors":0}
2026-09-19T05:07:28.4903264Z   1 passed (26.5s)
2026-09-19T05:07:28.9678240Z 
2026-09-19T05:07:28.9678723Z === Playwright Summary ===
2026-09-19T05:07:28.9679602Z [[32m✓[0m] sparseTagEditReconciliation.spec
2026-09-19T05:07:28.9680878Z   [[32m✓[0m] FTC-TAGS-010 keeps an album-only edit sparse and retains its optimistic split @area:tag-edit
2026-09-19T05:07:28.9681416Z 
2026-09-19T05:07:28.9681558Z Overall: 1/1 passed
2026-09-19T05:07:34.9909674Z [playwright-wrapper-final-decision] {"wrapperExitCode":0,"attemptReturn":{"exitCode":0,"exitReason":"authoritative-pass"},"fakeDatabaseCleanup":{"status":"completed","error":null,"mode":"lock-only"},"scanAppCleanup":{"status":"not-required","error":null},"isolatedAppCleanup":{"status":"completed","error":null},"tempCleanup":{"status":"completed","error":null,"removedCount":1},"passivePortDiagnostics":[{"port":5400,"status":"completed","error":null,"ownerCount":0},{"port":5402,"status":"completed","error":null,"ownerCount":0}],"finalSummary":{"phase":"run-final","status":"passed","total":1,"completed":1,"failed":0,"skipped":0,"errors":0,"listOnly":false},"exitReason":"authoritative-pass"}
2026-09-19T05:07:36.7670799Z {"restored":1,"removed":0,"unchanged":1496}
2026-09-19T05:07:58.7952736Z Album Haven production E2E app listening on http://127.0.0.1:5400 with 0 artists, 0 albums, 0 tracks, and provider fixtures on http://127.0.0.1:5402
2026-09-19T05:08:00.1479423Z 2026-09-19 05:08:00,145 [INFO] music_app: Startup scan-cache hydration completed files=7200 albums=400
2026-09-19T05:08:00.1480800Z 2026-09-19 05:08:00,147 [INFO] music_app: Legacy album exclusions migrated albums=1 removed_rules=18 created_rules=1
2026-09-19T05:08:00.6541282Z 2026-09-19 05:08:00,653 [INFO] music_app: Relation projection startup readiness ready=true rebuilt=true reason=missing_projection builder_version=local-relation-builder-v9 source_row_count=7438 duration_ms=468.29 source_load=140.81 fingerprint=61.35 pure_build=151.10 family_link_replacement=8.10 snapshot_publication=1.65
2026-09-19T05:08:01.7352397Z 2026-09-19 05:08:01,732 [INFO] music_app: {"action": "Index request completed", "album_count": 0, "artist_count": 0, "bootstrap_mode": "fresh_preview", "covers_in_progress": false, "elapsed_ms": 399.49, "hydrate_in_progress": false, "payload_elapsed_ms": 173.24, "query": "", "scan_in_progress": false, "selected_artist": ""}
2026-09-19T05:08:24.9804226Z 
2026-09-19T05:08:24.9809708Z Running 1 test using 1 worker
2026-09-19T05:08:24.9839790Z 
2026-09-19T05:08:27.8452612Z 2026-09-19 05:08:27,844 [INFO] music_app: {"action": "Index request completed", "album_count": 0, "artist_count": 0, "bootstrap_mode": "fresh_preview", "covers_in_progress": false, "elapsed_ms": 275.87, "hydrate_in_progress": false, "payload_elapsed_ms": 159.78, "query": "", "scan_in_progress": false, "selected_artist": ""}
2026-09-19T05:08:30.3679260Z [TEST] FTC-TAGS-008 returns one terminal saved response after optimistic rename persistence
2026-09-19T05:08:30.3718333Z   [STEP] Open the generated album and hold only structural persistence
2026-09-19T05:08:30.8449825Z 2026-09-19 05:08:30,844 [INFO] music_app: {"action": "Index request completed", "album_count": 0, "artist_count": 0, "bootstrap_mode": "fresh_preview", "covers_in_progress": false, "elapsed_ms": 311.83, "hydrate_in_progress": false, "payload_elapsed_ms": 241.85, "query": "", "scan_in_progress": false, "selected_artist": "E2E Rarity Artist"}
2026-09-19T05:08:32.9667495Z   [PASS] Open the generated album and hold only structural persistence (2595 ms)
2026-09-19T05:08:32.9670854Z   [STEP] Keep the optimistic rename visible while the authoritative POST remains pending
2026-09-19T05:08:36.1351987Z 2026-09-19 05:08:36,131 [INFO] music_app: {"action": "Tags edited", "album": "Queued Album Rename Fixture", "artist": "E2E Rarity Artist", "file_count": 18, "files": ["D:\\a\\_temp\\album-haven-e2e-functional-fixtures-metadata-mutations\\shared\\media\\E2E Rarity Artist\\Queued Album Rename Fixture\\01 - Rename Track 1.mp3", "D:\\a\\_temp\\album-haven-e2e-functional-fixtures-metadata-mutations\\shared\\media\\E2E Rarity Artist\\Queued Album Rename Fixture\\02 - Rename Track 2.mp3", "D:\\a\\_temp\\album-haven-e2e-functional-fixtures-metadata-mutations\\shared\\media\\E2E Rarity Artist\\Queued Album Rename Fixture\\03 - Rename Track 3.mp3", "D:\\a\\_temp\\album-haven-e2e-functional-fixtures-metadata-mutations\\shared\\media\\E2E Rarity Artist\\Queued Album Rename Fixture\\04 - Rename Track 4.mp3", "D:\\a\\_temp\\album-haven-e2e-functional-fixtures-metadata-mutations\\shared\\media\\E2E Rarity Artist\\Queued Album Rename Fixture\\05 - Rename Track 5.mp3", "D:\\a\\_temp\\album-haven-e2e-functional-fixtures-metadata-mutations\\shared\\media\\E2E Rarity Artist\\Queued Album Rename Fixture\\06 - Rename Track 6.mp3", "D:\\a\\_temp\\album-haven-e2e-functional-fixtures-metadata-mutations\\shared\\media\\E2E Rarity Artist\\Queued Album Rename Fixture\\07 - Rename Track 7.mp3", "D:\\a\\_temp\\album-haven-e2e-functional-fixtures-metadata-mutations\\shared\\media\\E2E Rarity Artist\\Queued Album Rename Fixture\\08 - Rename Track 8.mp3", "D:\\a\\_temp\\album-haven-e2e-functional-fixtures-metadata-mutations\\shared\\media\\E2E Rarity Artist\\Queued Album Rename Fixture\\09 - Rename Track 9.mp3", "D:\\a\\_temp\\album-haven-e2e-functional-fixtures-metadata-mutations\\shared\\media\\E2E Rarity Artist\\Queued Album Rename Fixture\\10 - Rename Track 10.mp3", "D:\\a\\_temp\\album-haven-e2e-functional-fixtures-metadata-mutations\\shared\\media\\E2E Rarity Artist\\Queued Album Rename Fixture\\11 - Rename Track 11.mp3", "D:\\a\\_temp\\album-haven-e2e-functional-fixtures-metadata-mutations\\shared\\media\\E2E Rarity Artist\\Queued Album Rename Fixture\\12 - Rename Track 12.mp3", "D:\\a\\_temp\\album-haven-e2e-functional-fixtures-metadata-mutations\\shared\\media\\E2E Rarity Artist\\Queued Album Rename Fixture\\13 - Rename Track 13.mp3", "D:\\a\\_temp\\album-haven-e2e-functional-fixtures-metadata-mutations\\shared\\media\\E2E Rarity Artist\\Queued Album Rename Fixture\\14 - Rename Track 14.mp3", "D:\\a\\_temp\\album-haven-e2e-functional-fixtures-metadata-mutations\\shared\\media\\E2E Rarity Artist\\Queued Album Rename Fixture\\15 - Rename Track 15.mp3", "D:\\a\\_temp\\album-haven-e2e-functional-fixtures-metadata-mutations\\shared\\media\\E2E Rarity Artist\\Queued Album Rename Fixture\\16 - Rename Track 16.mp3", "D:\\a\\_temp\\album-haven-e2e-functional-fixtures-metadata-mutations\\shared\\media\\E2E Rarity Artist\\Queued Album Rename Fixture\\17 - Rename Track 17.mp3", "D:\\a\\_temp\\album-haven-e2e-functional-fixtures-metadata-mutations\\shared\\media\\E2E Rarity Artist\\Queued Album Rename Fixture\\18 - Rename Track 18.mp3"]}
2026-09-19T05:08:36.4910269Z   [PASS] Keep the optimistic rename visible while the authoritative POST remains pending (3523 ms)
2026-09-19T05:08:36.4911828Z   [STEP] Reload onto the authoritative renamed topology
2026-09-19T05:08:36.9379917Z 2026-09-19 05:08:36,936 [INFO] music_app: {"action": "Index request completed", "album_count": 0, "artist_count": 0, "bootstrap_mode": "fresh_preview", "covers_in_progress": false, "elapsed_ms": 326.25, "hydrate_in_progress": false, "payload_elapsed_ms": 244.03, "query": "", "scan_in_progress": false, "selected_artist": "E2E Rarity Artist"}
2026-09-19T05:08:38.7488623Z   [PASS] Reload onto the authoritative renamed topology (2259 ms)
2026-09-19T05:08:38.7489787Z   [STEP] Reverse the terminal-response rename through the normal Edit Tags UI
2026-09-19T05:08:39.3246229Z 2026-09-19 05:08:39,323 [INFO] music_app: {"action": "Index request completed", "album_count": 0, "artist_count": 0, "bootstrap_mode": "fresh_preview", "covers_in_progress": false, "elapsed_ms": 387.2, "hydrate_in_progress": false, "payload_elapsed_ms": 316.6, "query": "", "scan_in_progress": false, "selected_artist": "E2E Rarity Artist"}
2026-09-19T05:08:44.1224314Z 2026-09-19 05:08:44,119 [INFO] music_app: {"action": "Tags edited", "album": "Poll Window Album Rename Fixture", "artist": "E2E Rarity Artist", "file_count": 18, "files": ["D:\\a\\_temp\\album-haven-e2e-functional-fixtures-metadata-mutations\\shared\\media\\E2E Rarity Artist\\Queued Album Rename Fixture\\01 - Rename Track 1.mp3", "D:\\a\\_temp\\album-haven-e2e-functional-fixtures-metadata-mutations\\shared\\media\\E2E Rarity Artist\\Queued Album Rename Fixture\\02 - Rename Track 2.mp3", "D:\\a\\_temp\\album-haven-e2e-functional-fixtures-metadata-mutations\\shared\\media\\E2E Rarity Artist\\Queued Album Rename Fixture\\03 - Rename Track 3.mp3", "D:\\a\\_temp\\album-haven-e2e-functional-fixtures-metadata-mutations\\shared\\media\\E2E Rarity Artist\\Queued Album Rename Fixture\\04 - Rename Track 4.mp3", "D:\\a\\_temp\\album-haven-e2e-functional-fixtures-metadata-mutations\\shared\\media\\E2E Rarity Artist\\Queued Album Rename Fixture\\05 - Rename Track 5.mp3", "D:\\a\\_temp\\album-haven-e2e-functional-fixtures-metadata-mutations\\shared\\media\\E2E Rarity Artist\\Queued Album Rename Fixture\\06 - Rename Track 6.mp3", "D:\\a\\_temp\\album-haven-e2e-functional-fixtures-metadata-mutations\\shared\\media\\E2E Rarity Artist\\Queued Album Rename Fixture\\07 - Rename Track 7.mp3", "D:\\a\\_temp\\album-haven-e2e-functional-fixtures-metadata-mutations\\shared\\media\\E2E Rarity Artist\\Queued Album Rename Fixture\\08 - Rename Track 8.mp3", "D:\\a\\_temp\\album-haven-e2e-functional-fixtures-metadata-mutations\\shared\\media\\E2E Rarity Artist\\Queued Album Rename Fixture\\09 - Rename Track 9.mp3", "D:\\a\\_temp\\album-haven-e2e-functional-fixtures-metadata-mutations\\shared\\media\\E2E Rarity Artist\\Queued Album Rename Fixture\\10 - Rename Track 10.mp3", "D:\\a\\_temp\\album-haven-e2e-functional-fixtures-metadata-mutations\\shared\\media\\E2E Rarity Artist\\Queued Album Rename Fixture\\11 - Rename Track 11.mp3", "D:\\a\\_temp\\album-haven-e2e-functional-fixtures-metadata-mutations\\shared\\media\\E2E Rarity Artist\\Queued Album Rename Fixture\\12 - Rename Track 12.mp3", "D:\\a\\_temp\\album-haven-e2e-functional-fixtures-metadata-mutations\\shared\\media\\E2E Rarity Artist\\Queued Album Rename Fixture\\13 - Rename Track 13.mp3", "D:\\a\\_temp\\album-haven-e2e-functional-fixtures-metadata-mutations\\shared\\media\\E2E Rarity Artist\\Queued Album Rename Fixture\\14 - Rename Track 14.mp3", "D:\\a\\_temp\\album-haven-e2e-functional-fixtures-metadata-mutations\\shared\\media\\E2E Rarity Artist\\Queued Album Rename Fixture\\15 - Rename Track 15.mp3", "D:\\a\\_temp\\album-haven-e2e-functional-fixtures-metadata-mutations\\shared\\media\\E2E Rarity Artist\\Queued Album Rename Fixture\\16 - Rename Track 16.mp3", "D:\\a\\_temp\\album-haven-e2e-functional-fixtures-metadata-mutations\\shared\\media\\E2E Rarity Artist\\Queued Album Rename Fixture\\17 - Rename Track 17.mp3", "D:\\a\\_temp\\album-haven-e2e-functional-fixtures-metadata-mutations\\shared\\media\\E2E Rarity Artist\\Queued Album Rename Fixture\\18 - Rename Track 18.mp3"]}
2026-09-19T05:08:45.0563922Z 2026-09-19 05:08:45,053 [INFO] music_app: {"action": "Index request completed", "album_count": 0, "artist_count": 0, "bootstrap_mode": "fresh_preview", "covers_in_progress": false, "elapsed_ms": 341.34, "hydrate_in_progress": false, "payload_elapsed_ms": 262.24, "query": "", "scan_in_progress": false, "selected_artist": "E2E Rarity Artist"}
2026-09-19T05:08:45.9994737Z   [PASS] Reverse the terminal-response rename through the normal Edit Tags UI (7250 ms)
2026-09-19T05:08:46.0680386Z   ok 1 [functional] › tests\e2e\specs\albumTagRename.spec.js:227:1 › FTC-TAGS-008 returns one terminal saved response after optimistic rename persistence @area:tag-edit (15.9s)
2026-09-19T05:08:46.0685653Z [album-haven-playwright-result] {"version":1,"phase":"tests-complete","nonce":"2fe84690bf6f6a0ebf5200a6436f60df6ff6e1856c70109d02486c9a8da642ef","status":"passed","total":1,"completed":1,"failed":0,"skipped":0,"errors":0}
2026-09-19T05:08:46.6523504Z 
2026-09-19T05:08:46.6523574Z 
2026-09-19T05:08:46.6523584Z 
2026-09-19T05:08:46.6525057Z [album-haven-playwright-result] {"version":1,"phase":"run-final","nonce":"2fe84690bf6f6a0ebf5200a6436f60df6ff6e1856c70109d02486c9a8da642ef","status":"passed","total":1,"completed":1,"failed":0,"skipped":0,"errors":0}
2026-09-19T05:08:46.6526019Z   1 passed (22.2s)
2026-09-19T05:08:47.1079397Z 
2026-09-19T05:08:47.1080013Z === Playwright Summary ===
2026-09-19T05:08:47.1082932Z [[32m✓[0m] albumTagRename.spec
2026-09-19T05:08:47.1083868Z   [[32m✓[0m] FTC-TAGS-008 returns one terminal saved response after optimistic rename persistence @area:tag-edit
2026-09-19T05:08:47.1084553Z 
2026-09-19T05:08:47.1084679Z Overall: 1/1 passed
2026-09-19T05:08:52.7507325Z [playwright-wrapper-final-decision] {"wrapperExitCode":0,"attemptReturn":{"exitCode":0,"exitReason":"authoritative-pass"},"fakeDatabaseCleanup":{"status":"completed","error":null,"mode":"lock-only"},"scanAppCleanup":{"status":"not-required","error":null},"isolatedAppCleanup":{"status":"completed","error":null},"tempCleanup":{"status":"completed","error":null,"removedCount":1},"passivePortDiagnostics":[{"port":5400,"status":"completed","error":null,"ownerCount":0},{"port":5402,"status":"completed","error":null,"ownerCount":0}],"finalSummary":{"phase":"run-final","status":"passed","total":1,"completed":1,"failed":0,"skipped":0,"errors":0,"listOnly":false},"exitReason":"authoritative-pass"}
2026-09-19T05:08:54.4668141Z {"restored":18,"removed":0,"unchanged":1479}
2026-09-19T05:09:17.1953816Z Album Haven production E2E app listening on http://127.0.0.1:5400 with 0 artists, 0 albums, 0 tracks, and provider fixtures on http://127.0.0.1:5402
2026-09-19T05:09:18.7151730Z 2026-09-19 05:09:18,713 [INFO] music_app: Startup scan-cache hydration completed files=7200 albums=400
2026-09-19T05:09:18.7154183Z 2026-09-19 05:09:18,713 [INFO] music_app: Legacy album exclusions migrated albums=1 removed_rules=18 created_rules=1
2026-09-19T05:09:19.2609026Z 2026-09-19 05:09:19,259 [INFO] music_app: Relation projection startup readiness ready=true rebuilt=true reason=missing_projection builder_version=local-relation-builder-v9 source_row_count=7438 duration_ms=506.22 source_load=145.18 fingerprint=64.34 pure_build=175.08 family_link_replacement=7.98 snapshot_publication=1.83
2026-09-19T05:09:20.5119942Z 2026-09-19 05:09:20,511 [INFO] music_app: {"action": "Index request completed", "album_count": 0, "artist_count": 0, "bootstrap_mode": "fresh_preview", "covers_in_progress": false, "elapsed_ms": 474.45, "hydrate_in_progress": false, "payload_elapsed_ms": 188.65, "query": "", "scan_in_progress": false, "selected_artist": ""}
2026-09-19T05:09:47.1706936Z 
2026-09-19T05:09:47.1707567Z Running 1 test using 1 worker
2026-09-19T05:09:47.1738335Z 
2026-09-19T05:09:50.1273915Z 2026-09-19 05:09:50,126 [INFO] music_app: {"action": "Index request completed", "album_count": 0, "artist_count": 0, "bootstrap_mode": "fresh_preview", "covers_in_progress": false, "elapsed_ms": 278.97, "hydrate_in_progress": false, "payload_elapsed_ms": 156.52, "query": "", "scan_in_progress": false, "selected_artist": ""}
2026-09-19T05:09:52.6611346Z [TEST] FTC-TAGS-015 / FTC-UTIL-PROBLEMS-012 keeps one stable destination through five selected-track moves and restores
2026-09-19T05:09:52.6901911Z   [STEP] Open the source album and verify its exact track order
2026-09-19T05:09:53.1991623Z 2026-09-19 05:09:53,198 [INFO] music_app: {"action": "Index request completed", "album_count": 0, "artist_count": 0, "bootstrap_mode": "fresh_preview", "covers_in_progress": false, "elapsed_ms": 307.76, "hydrate_in_progress": false, "payload_elapsed_ms": 239.28, "query": "", "scan_in_progress": false, "selected_artist": "E2E Rarity Artist"}
2026-09-19T05:09:57.4045926Z   [PASS] Open the source album and verify its exact track order (4716 ms)
2026-09-19T05:09:57.4048369Z   [STEP] Move the first track into the destination album
2026-09-19T05:09:58.5410261Z   [PASS] Move the first track into the destination album (1132 ms)
2026-09-19T05:09:58.5412567Z   [STEP] Move the second track into the same destination album
2026-09-19T05:10:00.2939128Z 2026-09-19 05:10:00,292 [INFO] music_app: {"action": "Tags edited", "album": "Selected Track Split Fixture", "artist": "E2E Rarity Artist", "file_count": 1, "files": ["D:\\a\\_temp\\album-haven-e2e-functional-fixtures-metadata-mutations\\shared\\media\\E2E Rarity Artist\\Selected Track Split Fixture\\01 - Split Track 1.mp3"]}
2026-09-19T05:10:00.7283394Z   [PASS] Move the second track into the same destination album (2192 ms)
2026-09-19T05:10:00.7285842Z   [STEP] Prove exact source and destination contents after the overlapping second move
2026-09-19T05:10:01.3427380Z 2026-09-19 05:10:01,333 [INFO] music_app: {"action": "Tags edited", "album": "Selected Track Split Fixture", "artist": "E2E Rarity Artist", "file_count": 1, "files": ["D:\\a\\_temp\\album-haven-e2e-functional-fixtures-metadata-mutations\\shared\\media\\E2E Rarity Artist\\Selected Track Split Fixture\\02 - Split Track 2.mp3"]}
2026-09-19T05:10:03.9782714Z   [PASS] Prove exact source and destination contents after the overlapping second move (3249 ms)
2026-09-19T05:10:03.9783929Z   [STEP] Verify effective source numbering and the incomplete-order diagnosis
2026-09-19T05:10:05.9645052Z 2026-09-19 05:10:05,963 [INFO] music_app: {"action": "Index request completed", "album_count": 0, "artist_count": 0, "bootstrap_mode": "fresh_preview", "covers_in_progress": false, "elapsed_ms": 297.44, "hydrate_in_progress": false, "payload_elapsed_ms": 220.9, "query": "", "scan_in_progress": false, "selected_artist": "E2E Rarity Artist"}
2026-09-19T05:10:07.8410050Z   [PASS] Verify effective source numbering and the incomplete-order diagnosis (3862 ms)
2026-09-19T05:10:07.8412188Z   [STEP] Repeat the same destination move through the owner-reported fifth edit
2026-09-19T05:10:09.7808984Z 2026-09-19 05:10:09,779 [INFO] music_app: {"action": "Tags edited", "album": "Selected Track Split Fixture", "artist": "E2E Rarity Artist", "file_count": 1, "files": ["D:\\a\\_temp\\album-haven-e2e-functional-fixtures-metadata-mutations\\shared\\media\\E2E Rarity Artist\\Selected Track Split Fixture\\03 - Split Track 3.mp3"]}
2026-09-19T05:10:14.7171385Z 2026-09-19 05:10:14,715 [INFO] music_app: {"action": "Tags edited", "album": "Selected Track Split Fixture", "artist": "E2E Rarity Artist", "file_count": 1, "files": ["D:\\a\\_temp\\album-haven-e2e-functional-fixtures-metadata-mutations\\shared\\media\\E2E Rarity Artist\\Selected Track Split Fixture\\04 - Split Track 4.mp3"]}
2026-09-19T05:10:19.8689041Z 2026-09-19 05:10:19,867 [INFO] music_app: {"action": "Tags edited", "album": "Selected Track Split Fixture", "artist": "E2E Rarity Artist", "file_count": 1, "files": ["D:\\a\\_temp\\album-haven-e2e-functional-fixtures-metadata-mutations\\shared\\media\\E2E Rarity Artist\\Selected Track Split Fixture\\05 - Split Track 5.mp3"]}
2026-09-19T05:10:22.3185665Z   [PASS] Repeat the same destination move through the owner-reported fifth edit (14478 ms)
2026-09-19T05:10:22.3187098Z   [STEP] Verify exact five-edit source and destination contents
2026-09-19T05:10:25.1237692Z   [PASS] Verify exact five-edit source and destination contents (2805 ms)
2026-09-19T05:10:25.1239574Z   [STEP] Open a real problematic track after the five structural edits without repeated errors
2026-09-19T05:10:25.6682679Z 2026-09-19 05:10:25,667 [INFO] music_app: {"action": "Index request completed", "album_count": 0, "artist_count": 0, "bootstrap_mode": "fresh_preview", "covers_in_progress": false, "elapsed_ms": 338.43, "hydrate_in_progress": false, "payload_elapsed_ms": 174.81, "query": "", "scan_in_progress": false, "selected_artist": ""}
2026-09-19T05:10:28.9181692Z 2026-09-19 05:10:28,705 [INFO] music_app: {"action": "Postgres album search request started", "query": "Neal Morse Plays Pink Floyd"}
2026-09-19T05:10:28.9188536Z 2026-09-19 05:10:28,896 [INFO] music_app: {"action": "View data request completed", "album_count": 41, "artist_count": 5, "elapsed_ms": 190.99, "query": "Neal Morse Plays Pink Floyd", "selected_artist": "Neal Morse"}
2026-09-19T05:10:33.8564424Z 2026-09-19 05:10:33,855 [INFO] music_app: {"action": "Index request completed", "album_count": 0, "artist_count": 0, "bootstrap_mode": "fresh_preview", "covers_in_progress": false, "elapsed_ms": 390.41, "hydrate_in_progress": false, "payload_elapsed_ms": 278.28, "query": "", "scan_in_progress": false, "selected_artist": "E2E Rarity Artist"}
2026-09-19T05:10:35.1805527Z   [PASS] Open a real problematic track after the five structural edits without repeated errors (10051 ms)
2026-09-19T05:10:35.1807248Z   [STEP] Capture the verified stable gallery, details, and editors
2026-09-19T05:10:38.3653518Z   [PASS] Capture the verified stable gallery, details, and editors (3186 ms)
2026-09-19T05:10:38.3657161Z   [STEP] Restore one track and then merge every remaining track into one source card
2026-09-19T05:10:39.5272958Z 2026-09-19 05:10:39,524 [INFO] music_app: {"action": "Tags edited", "album": "Selected Track Split Fixture 2", "artist": "E2E Rarity Artist", "file_count": 1, "files": ["D:\\a\\_temp\\album-haven-e2e-functional-fixtures-metadata-mutations\\shared\\media\\E2E Rarity Artist\\Selected Track Split Fixture\\01 - Split Track 1.mp3"]}
2026-09-19T05:10:45.0268509Z 2026-09-19 05:10:45,024 [INFO] music_app: {"action": "Tags edited", "album": "Selected Track Split Fixture 2", "artist": "E2E Rarity Artist", "file_count": 4, "files": ["D:\\a\\_temp\\album-haven-e2e-functional-fixtures-metadata-mutations\\shared\\media\\E2E Rarity Artist\\Selected Track Split Fixture\\02 - Split Track 2.mp3", "D:\\a\\_temp\\album-haven-e2e-functional-fixtures-metadata-mutations\\shared\\media\\E2E Rarity Artist\\Selected Track Split Fixture\\03 - Split Track 3.mp3", "D:\\a\\_temp\\album-haven-e2e-functional-fixtures-metadata-mutations\\shared\\media\\E2E Rarity Artist\\Selected Track Split Fixture\\04 - Split Track 4.mp3", "D:\\a\\_temp\\album-haven-e2e-functional-fixtures-metadata-mutations\\shared\\media\\E2E Rarity Artist\\Selected Track Split Fixture\\05 - Split Track 5.mp3"]}
2026-09-19T05:10:47.0215997Z   [PASS] Restore one track and then merge every remaining track into one source card (8659 ms)
2026-09-19T05:10:47.0217469Z   [STEP] Verify physical tags and fresh-browser restored state
2026-09-19T05:10:48.0497835Z 2026-09-19 05:10:48,048 [INFO] music_app: {"action": "Index request completed", "album_count": 0, "artist_count": 0, "bootstrap_mode": "fresh_preview", "covers_in_progress": false, "elapsed_ms": 390.5, "hydrate_in_progress": false, "payload_elapsed_ms": 305.8, "query": "", "scan_in_progress": false, "selected_artist": "E2E Rarity Artist"}
2026-09-19T05:10:51.4493723Z   [PASS] Verify physical tags and fresh-browser restored state (4429 ms)
2026-09-19T05:10:51.6121289Z   ok 1 [functional] › tests\e2e\specs\albumTagRename.spec.js:844:1 › FTC-TAGS-015 / FTC-UTIL-PROBLEMS-012 keeps one stable destination through five selected-track moves and restores @area:problematic-files (59.2s)
2026-09-19T05:10:51.6178272Z [album-haven-playwright-result] {"version":1,"phase":"tests-complete","nonce":"3fb3b28ea772fcf4d4b816d483147966ff079b933d57963d383b99e4d743c3e8","status":"passed","total":1,"completed":1,"failed":0,"skipped":0,"errors":0}
2026-09-19T05:10:52.4224802Z 
2026-09-19T05:10:52.4224827Z 
2026-09-19T05:10:52.4224838Z 
2026-09-19T05:10:52.4226907Z [album-haven-playwright-result] {"version":1,"phase":"run-final","nonce":"3fb3b28ea772fcf4d4b816d483147966ff079b933d57963d383b99e4d743c3e8","status":"passed","total":1,"completed":1,"failed":0,"skipped":0,"errors":0}
2026-09-19T05:10:52.4229137Z   1 passed (1.1m)
2026-09-19T05:10:52.9411209Z 
2026-09-19T05:10:52.9412016Z === Playwright Summary ===
2026-09-19T05:10:52.9413025Z [[32m✓[0m] albumTagRename.spec
2026-09-19T05:10:52.9414043Z   [[32m✓[0m] FTC-TAGS-015 / FTC-UTIL-PROBLEMS-012 keeps one stable destination through five selected-track moves and restores @area:problematic-files
2026-09-19T05:10:52.9414714Z 
2026-09-19T05:10:52.9414874Z Overall: 1/1 passed
2026-09-19T05:10:58.9457953Z [playwright-wrapper-final-decision] {"wrapperExitCode":0,"attemptReturn":{"exitCode":0,"exitReason":"authoritative-pass"},"fakeDatabaseCleanup":{"status":"completed","error":null,"mode":"lock-only"},"scanAppCleanup":{"status":"not-required","error":null},"isolatedAppCleanup":{"status":"completed","error":null},"tempCleanup":{"status":"completed","error":null,"removedCount":1},"passivePortDiagnostics":[{"port":5400,"status":"completed","error":null,"ownerCount":0},{"port":5402,"status":"completed","error":null,"ownerCount":0}],"finalSummary":{"phase":"run-final","status":"passed","total":1,"completed":1,"failed":0,"skipped":0,"errors":0,"listOnly":false},"exitReason":"authoritative-pass"}
2026-09-19T05:11:00.6454942Z {"restored":5,"removed":0,"unchanged":1492}
2026-09-19T05:11:22.2148721Z Album Haven production E2E app listening on http://127.0.0.1:5400 with 0 artists, 0 albums, 0 tracks, and provider fixtures on http://127.0.0.1:5402
2026-09-19T05:11:23.5972447Z 2026-09-19 05:11:23,595 [INFO] music_app: Startup scan-cache hydration completed files=7200 albums=400
2026-09-19T05:11:23.5974058Z 2026-09-19 05:11:23,595 [INFO] music_app: Legacy album exclusions migrated albums=1 removed_rules=18 created_rules=1
2026-09-19T05:11:24.1779531Z 2026-09-19 05:11:24,176 [INFO] music_app: Relation projection startup readiness ready=true rebuilt=true reason=missing_projection builder_version=local-relation-builder-v9 source_row_count=7438 duration_ms=546.32 source_load=134.42 fingerprint=56.74 pure_build=147.77 family_link_replacement=7.43 snapshot_publication=1.64
2026-09-19T05:11:25.3675761Z 2026-09-19 05:11:25,365 [INFO] music_app: {"action": "Index request completed", "album_count": 0, "artist_count": 0, "bootstrap_mode": "fresh_preview", "covers_in_progress": false, "elapsed_ms": 420.08, "hydrate_in_progress": false, "payload_elapsed_ms": 169.61, "query": "", "scan_in_progress": false, "selected_artist": ""}
2026-09-19T05:11:51.3875242Z 
2026-09-19T05:11:51.3876235Z Running 1 test using 1 worker
2026-09-19T05:11:51.3914812Z 
2026-09-19T05:11:54.8243970Z 2026-09-19 05:11:54,822 [INFO] music_app: {"action": "Index request completed", "album_count": 0, "artist_count": 0, "bootstrap_mode": "fresh_preview", "covers_in_progress": false, "elapsed_ms": 304.44, "hydrate_in_progress": false, "payload_elapsed_ms": 174.79, "query": "", "scan_in_progress": false, "selected_artist": ""}
2026-09-19T05:11:57.7724596Z [TEST] FTC-TAGS-022 restarts one consecutive selection for each disc
2026-09-19T05:11:57.7763924Z   [STEP] Create a second disc through the production tag-save path
2026-09-19T05:11:58.2871446Z 2026-09-19 05:11:58,286 [INFO] music_app: {"action": "Index request completed", "album_count": 0, "artist_count": 0, "bootstrap_mode": "fresh_preview", "covers_in_progress": false, "elapsed_ms": 323.22, "hydrate_in_progress": false, "payload_elapsed_ms": 188.7, "query": "", "scan_in_progress": false, "selected_artist": ""}
2026-09-19T05:12:11.7919849Z 2026-09-19 05:12:11,790 [INFO] music_app: {"action": "Tags edited", "album": "Auto Number Selected Fixture", "artist": "E2E Rarity Artist", "file_count": 3, "files": ["D:\\a\\_temp\\album-haven-e2e-functional-fixtures-metadata-mutations\\shared\\media\\E2E Rarity Artist\\Auto Number Selected Fixture\\03 - Auto Number Track 3.mp3", "D:\\a\\_temp\\album-haven-e2e-functional-fixtures-metadata-mutations\\shared\\media\\E2E Rarity Artist\\Auto Number Selected Fixture\\04 - Auto Number Track 4.mp3", "D:\\a\\_temp\\album-haven-e2e-functional-fixtures-metadata-mutations\\shared\\media\\E2E Rarity Artist\\Auto Number Selected Fixture\\05 - Auto Number Track 5.mp3"]}
2026-09-19T05:12:12.8452197Z   [PASS] Create a second disc through the production tag-save path (15065 ms)
2026-09-19T05:12:12.9466829Z   [STEP] Preserve the editor and hide the exact footer group for one or gapped files
2026-09-19T05:12:24.1088555Z   [FAIL] Preserve the editor and hide the exact footer group for one or gapped files :: expect(locator).toHaveCSS(expected) failed
2026-09-19T05:12:24.1091918Z 
2026-09-19T05:12:24.1093591Z Locator:  locator('#tag-editor-modal').getByRole('button', { name: 'Apply', exact: true })
2026-09-19T05:12:24.1095655Z Expected: "1"
2026-09-19T05:12:24.1096405Z Received: "0.55"
2026-09-19T05:12:24.1097097Z Timeout:  10000ms
2026-09-19T05:12:24.1097521Z 
2026-09-19T05:12:24.1099900Z Call log:
2026-09-19T05:12:24.1100651Z   - Expect "toHaveCSS" with timeout 10000ms
2026-09-19T05:12:24.1102231Z   - waiting for locator('#tag-editor-modal').getByRole('button', { name: 'Apply', exact: true })
2026-09-19T05:12:24.1105560Z     24 × locator resolved to <button disabled type="button" data-background-save="" data-open-tag-edit-confirm="1" data-ui-button-action="primary" data-editor-footer-action="primary" class="button ui-button ui-button--primary ui-button--medium background-save">…</button>
2026-09-19T05:12:24.1106916Z        - unexpected value "0.55"
2026-09-19T05:12:24.1107273Z  (11135 ms)
2026-09-19T05:12:26.1733652Z   x  1 [functional] › tests\e2e\specs\tagEditorAutoNumber.spec.js:109:1 › FTC-TAGS-022 restarts one consecutive selection for each disc @area:tag-edit (27.6s)
2026-09-19T05:12:26.1735856Z [album-haven-playwright-result] {"version":1,"phase":"tests-complete","nonce":"72d1528d4a65a205485efde1c308a3b78b44ebe9e7707aa6c43f8c76be980346","status":"failed","total":1,"completed":1,"failed":1,"skipped":0,"errors":0}
2026-09-19T05:12:26.1737701Z [playwright-wrapper-failure-latched] {"phase":"tests-complete","status":"failed","total":1,"completed":1,"failed":1,"skipped":0,"errors":0}
2026-09-19T05:12:26.7745460Z 
2026-09-19T05:12:26.7745482Z 
2026-09-19T05:12:26.7745492Z 
2026-09-19T05:12:26.7748290Z [album-haven-playwright-result] {"version":1,"phase":"run-final","nonce":"72d1528d4a65a205485efde1c308a3b78b44ebe9e7707aa6c43f8c76be980346","status":"failed","total":1,"completed":1,"failed":1,"skipped":0,"errors":0}
2026-09-19T05:12:26.7749909Z 
2026-09-19T05:12:26.7751979Z   1) [functional] › tests\e2e\specs\tagEditorAutoNumber.spec.js:109:1 › FTC-TAGS-022 restarts one consecutive selection for each disc @area:tag-edit 
2026-09-19T05:12:26.7753116Z 
2026-09-19T05:12:26.7753748Z     Error: expect(locator).toHaveCSS(expected) failed
2026-09-19T05:12:26.7754490Z 
2026-09-19T05:12:26.7755204Z     Locator:  locator('#tag-editor-modal').getByRole('button', { name: 'Apply', exact: true })
2026-09-19T05:12:26.7756496Z     Expected: "1"
2026-09-19T05:12:26.7756972Z     Received: "0.55"
2026-09-19T05:12:26.7757474Z     Timeout:  10000ms
2026-09-19T05:12:26.7757802Z 
2026-09-19T05:12:26.7758003Z     Call log:
2026-09-19T05:12:26.7758574Z       - Expect "toHaveCSS" with timeout 10000ms
2026-09-19T05:12:26.7759680Z       - waiting for locator('#tag-editor-modal').getByRole('button', { name: 'Apply', exact: true })
2026-09-19T05:12:26.7762821Z         24 × locator resolved to <button disabled type="button" data-background-save="" data-open-tag-edit-confirm="1" data-ui-button-action="primary" data-editor-footer-action="primary" class="button ui-button ui-button--primary ui-button--medium background-save">…</button>
2026-09-19T05:12:26.7765606Z            - unexpected value "0.55"
2026-09-19T05:12:26.7766011Z 
2026-09-19T05:12:26.7766021Z 
2026-09-19T05:12:26.7766332Z        at ..\actions\tagEditorActions.js:382
2026-09-19T05:12:26.7786343Z 
2026-09-19T05:12:26.7786856Z       380 |       await expect(this.tagEditor.applyButton).toBeDisabled();
2026-09-19T05:12:26.7788052Z       381 |       await expect(this.tagEditor.applyButton).toHaveCSS('cursor', 'not-allowed');
2026-09-19T05:12:26.7789394Z     > 382 |       await expect(this.tagEditor.applyButton).toHaveCSS('opacity', '1');
2026-09-19T05:12:26.7790295Z           |                                                ^
2026-09-19T05:12:26.7791175Z       383 |       const theme = await this.tagEditor.readApplyTheme();
2026-09-19T05:12:26.7792213Z       384 |       expect(theme.background).toEqual(theme.expectedBackground);
2026-09-19T05:12:26.7793223Z       385 |       expect(theme.ink).toEqual(theme.expectedInk);
2026-09-19T05:12:26.7794611Z         at TagEditorActions.expectPendingChanges (D:\a\AlbumHaven\AlbumHaven\tests\e2e\actions\tagEditorActions.js:382:48)
2026-09-19T05:12:26.7796083Z         at D:\a\AlbumHaven\AlbumHaven\tests\e2e\specs\tagEditorAutoNumber.spec.js:151:5
2026-09-19T05:12:26.8020390Z         at runStep (D:\a\AlbumHaven\AlbumHaven\tests\e2e\support\baseFixtures.js:146:22)
2026-09-19T05:12:26.8021725Z         at D:\a\AlbumHaven\AlbumHaven\tests\e2e\specs\tagEditorAutoNumber.spec.js:138:3
2026-09-19T05:12:26.8022794Z 
2026-09-19T05:12:26.8023808Z     attachment #1: step-transcript.txt (text/plain) ────────────────────────────────────────────────
2026-09-19T05:12:26.8024925Z     [TEST] FTC-TAGS-022 restarts one consecutive selection for each disc
2026-09-19T05:12:26.8026084Z       [STEP] Create a second disc through the production tag-save path
2026-09-19T05:12:26.8027046Z       [PASS] Create a second disc through the production tag-save path (15065 ms)
2026-09-19T05:12:26.8028173Z       [STEP] Preserve the editor and hide the exact footer group for one or gapped files
2026-09-19T05:12:26.8028947Z      ...
2026-09-19T05:12:26.8029830Z     ────────────────────────────────────────────────────────────────────────────────────────────────
2026-09-19T05:12:26.8030368Z 
2026-09-19T05:12:26.8031076Z     attachment #3: stacktrace.txt (text/plain) ─────────────────────────────────────────────────────
2026-09-19T05:12:26.8031923Z     Error 1
2026-09-19T05:12:26.8032458Z     Error: expect(locator).toHaveCSS(expected) failed
2026-09-19T05:12:26.8033038Z     
2026-09-19T05:12:26.8033808Z     Locator:  locator('#tag-editor-modal').getByRole('button', { name: 'Apply', exact: true })
2026-09-19T05:12:26.8034722Z     Expected: "1"
2026-09-19T05:12:26.8035152Z     Received: "0.55"
2026-09-19T05:12:26.8035649Z     Timeout:  10000ms
2026-09-19T05:12:26.8036106Z     
2026-09-19T05:12:26.8036531Z     Call log:
2026-09-19T05:12:26.8036960Z       - Expect...
2026-09-19T05:12:26.8037804Z     ────────────────────────────────────────────────────────────────────────────────────────────────
2026-09-19T05:12:26.8038373Z 
2026-09-19T05:12:26.8039409Z     attachment #4: runtime-log.txt (text/plain) ────────────────────────────────────────────────────
2026-09-19T05:12:26.8041994Z     [2026-09-19T05:12:08.800Z] requestfailed/net::ERR_ABORTED: GET http://127.0.0.1:5400/cover?path=D%3A%5Ca%5C_temp%5Calbum-haven-e2e-functional-fixtures-metadata-mutations%5Cshared%5Cmedia%5CE2E%20Rarity%20Artist%5CSparse%20Year%20Edit%20Fixture%5Ccover.png&size=480&v=process-f6259067880b3597323eaaa0c...
2026-09-19T05:12:26.8044509Z     ────────────────────────────────────────────────────────────────────────────────────────────────
2026-09-19T05:12:26.8045048Z 
2026-09-19T05:12:26.8046373Z     Error Context: ..\..\_temp\functional-output-metadata-mutations\wave-03-11-playwright-config-js\tagEditorAutoNumber-FTC-TA-f7ef6-ive-selection-for-each-disc-functional\error-context.md
2026-09-19T05:12:26.8047735Z 
2026-09-19T05:12:26.8048422Z     attachment #7: trace (application/zip) ─────────────────────────────────────────────────────────
2026-09-19T05:12:26.8094646Z     ..\..\_temp\functional-output-metadata-mutations\wave-03-11-playwright-config-js\tagEditorAutoNumber-FTC-TA-f7ef6-ive-selection-for-each-disc-functional\trace.zip
2026-09-19T05:12:26.8096981Z     Usage:
2026-09-19T05:12:26.8097270Z 
2026-09-19T05:12:26.8098823Z         npx playwright show-trace ..\..\_temp\functional-output-metadata-mutations\wave-03-11-playwright-config-js\tagEditorAutoNumber-FTC-TA-f7ef6-ive-selection-for-each-disc-functional\trace.zip
2026-09-19T05:12:26.8101063Z 
2026-09-19T05:12:26.8101897Z     ────────────────────────────────────────────────────────────────────────────────────────────────
2026-09-19T05:12:26.8102521Z 
2026-09-19T05:12:26.8103011Z   1 failed
2026-09-19T05:12:26.8104552Z     [functional] › tests\e2e\specs\tagEditorAutoNumber.spec.js:109:1 › FTC-TAGS-022 restarts one consecutive selection for each disc @area:tag-edit 
2026-09-19T05:12:27.2948823Z 
2026-09-19T05:12:27.2949357Z === Playwright Summary ===
2026-09-19T05:12:27.2950699Z [31m[x][0m tagEditorAutoNumber.spec
2026-09-19T05:12:27.2952565Z   [31m[x][0m FTC-TAGS-022 restarts one consecutive selection for each disc @area:tag-edit
2026-09-19T05:12:27.2953362Z 
2026-09-19T05:12:27.2953644Z Overall: 0/1 passed
2026-09-19T05:12:27.2954218Z Failed tests:
2026-09-19T05:12:27.2955335Z - tagEditorAutoNumber.spec > FTC-TAGS-022 restarts one consecutive selection for each disc @area:tag-edit
2026-09-19T05:12:27.2958491Z [playwright-wrapper-diagnostic] {"reason":"wrapper-child-lifecycle-mismatch","childExitCode":1,"childExitSignal":null,"childCloseCode":1,"childCloseSignal":null,"processError":null,"stopReason":"none","cleanupOutcome":"completed"}
2026-09-19T05:12:32.9323395Z [playwright-wrapper-final-decision] {"wrapperExitCode":1,"attemptReturn":{"exitCode":1,"exitReason":"wrapper-child-lifecycle-mismatch"},"fakeDatabaseCleanup":{"status":"completed","error":null,"mode":"lock-only"},"scanAppCleanup":{"status":"not-required","error":null},"isolatedAppCleanup":{"status":"completed","error":null},"tempCleanup":{"status":"completed","error":null,"removedCount":1},"passivePortDiagnostics":[{"port":5400,"status":"completed","error":null,"ownerCount":0},{"port":5402,"status":"completed","error":null,"ownerCount":0}],"finalSummary":{"phase":"run-final","status":"failed","total":1,"completed":1,"failed":1,"skipped":0,"errors":0,"listOnly":false},"exitReason":"wrapper-child-lifecycle-mismatch"}
2026-09-19T05:12:34.6008995Z {"restored":3,"removed":0,"unchanged":1494}
2026-09-19T05:12:57.3718300Z Album Haven production E2E app listening on http://127.0.0.1:5400 with 0 artists, 0 albums, 0 tracks, and provider fixtures on http://127.0.0.1:5402
2026-09-19T05:12:58.9930644Z 2026-09-19 05:12:58,991 [INFO] music_app: Startup scan-cache hydration completed files=7200 albums=400
2026-09-19T05:12:58.9933775Z 2026-09-19 05:12:58,991 [INFO] music_app: Legacy album exclusions migrated albums=1 removed_rules=18 created_rules=1
2026-09-19T05:12:59.5716134Z 2026-09-19 05:12:59,568 [INFO] music_app: Relation projection startup readiness ready=true rebuilt=true reason=missing_projection builder_version=local-relation-builder-v9 source_row_count=7438 duration_ms=537.44 source_load=176.13 fingerprint=58.13 pure_build=175.39 family_link_replacement=7.87 snapshot_publication=1.73
2026-09-19T05:13:00.8704373Z 2026-09-19 05:13:00,868 [INFO] music_app: {"action": "Index request completed", "album_count": 0, "artist_count": 0, "bootstrap_mode": "fresh_preview", "covers_in_progress": false, "elapsed_ms": 492.86, "hydrate_in_progress": false, "payload_elapsed_ms": 176.55, "query": "", "scan_in_progress": false, "selected_artist": ""}
2026-09-19T05:13:27.2134888Z 
2026-09-19T05:13:27.2135546Z Running 1 test using 1 worker
2026-09-19T05:13:27.2167435Z 
2026-09-19T05:13:30.2689636Z 2026-09-19 05:13:30,267 [INFO] music_app: {"action": "Index request completed", "album_count": 0, "artist_count": 0, "bootstrap_mode": "fresh_preview", "covers_in_progress": false, "elapsed_ms": 273.04, "hydrate_in_progress": false, "payload_elapsed_ms": 157.07, "query": "", "scan_in_progress": false, "selected_artist": ""}
2026-09-19T05:13:32.8950884Z [TEST] FTC-TAGS-013 keeps a year-only edit sparse and retains its optimistic split
2026-09-19T05:13:32.8992268Z   [STEP] Open the generated album and select one physical file
2026-09-19T05:13:33.3099492Z 2026-09-19 05:13:33,309 [INFO] music_app: {"action": "Index request completed", "album_count": 0, "artist_count": 0, "bootstrap_mode": "fresh_preview", "covers_in_progress": false, "elapsed_ms": 264.66, "hydrate_in_progress": false, "payload_elapsed_ms": 150.42, "query": "", "scan_in_progress": false, "selected_artist": ""}
2026-09-19T05:13:43.7112722Z   [PASS] Open the generated album and select one physical file (10811 ms)
2026-09-19T05:13:43.7114353Z   [STEP] Apply the exact sparse update and retain the optimistic gallery after the response
2026-09-19T05:13:44.6639089Z 2026-09-19 05:13:44,662 [INFO] music_app: {"action": "Tags edited", "album": "Sparse Year Edit Fixture", "artist": "E2E Rarity Artist", "file_count": 1, "files": ["D:\\a\\_temp\\album-haven-e2e-functional-fixtures-metadata-mutations\\shared\\media\\E2E Rarity Artist\\Sparse Year Edit Fixture\\01 - Sparse Year Track 1.mp3"]}
2026-09-19T05:13:45.6186018Z   [PASS] Apply the exact sparse update and retain the optimistic gallery after the response (1908 ms)
2026-09-19T05:13:45.6199452Z   [STEP] Verify only the requested physical ID3 frame changed
2026-09-19T05:13:45.7095718Z   [PASS] Verify only the requested physical ID3 frame changed (89 ms)
2026-09-19T05:13:45.7097018Z   [STEP] Verify the current authoritative gallery state
2026-09-19T05:13:47.1310524Z   [PASS] Verify the current authoritative gallery state (1421 ms)
2026-09-19T05:13:47.1311702Z   [STEP] Run an incremental scan and retain the exact year-split topology
2026-09-19T05:13:47.2990287Z 2026-09-19 05:13:47,297 [WARNING] music_app: refresh_api: payload keys=['full_rescan']
2026-09-19T05:13:47.5336549Z 2026-09-19 05:13:47,403 [INFO] music_app: {"action": "Library indexing started", "force": true}
2026-09-19T05:13:53.4263313Z 2026-09-19 05:13:53,424 [INFO] music_app: {"action": "Library indexing completed", "album_count": 64, "file_count": 1090}
2026-09-19T05:13:53.4265887Z 2026-09-19 05:13:53,425 [INFO] music_app: {"action": "Cover art refresh queued after indexing", "added_album_count": 1}
2026-09-19T05:13:54.1882061Z 2026-09-19 05:13:54,187 [VERBOSE] music_app: Cover jobs built total_folders=64 queued=64 skipped=0 skipped_samples=[]
2026-09-19T05:13:54.1886706Z 2026-09-19 05:13:54,187 [VERBOSE] music_app: Cover refresh background job selection queued=16 user_owned=1 scan_generation=1 file_cache_entries=1090
2026-09-19T05:13:54.1900173Z 2026-09-19 05:13:54,187 [VERBOSE] music_app: Cover fetch queue item index=1 total=16 artist='Generated Problem Fixture' album='Comfortably Numb Sidebar Fixture 01' year=2023 folder='D:\\a\\_temp\\album-haven-e2e-functional-fixtures-metadata-mutations\\shared\\media\\Generated Problem Fixture\\Comfortably Numb Sidebar Fixture 01' track_count=18 force_search=False
2026-09-19T05:13:54.1905711Z 2026-09-19 05:13:54,187 [VERBOSE] music_app: Cover fetch queue item index=2 total=16 artist='Generated Problem Fixture' album='Comfortably Numb Sidebar Fixture 02' year=2023 folder='D:\\a\\_temp\\album-haven-e2e-functional-fixtures-metadata-mutations\\shared\\media\\Generated Problem Fixture\\Comfortably Numb Sidebar Fixture 02' track_count=18 force_search=False
2026-09-19T05:13:54.1914092Z 2026-09-19 05:13:54,187 [VERBOSE] music_app: Cover fetch queue item index=3 total=16 artist='Generated Problem Fixture' album='Comfortably Numb Sidebar Fixture 03' year=2023 folder='D:\\a\\_temp\\album-haven-e2e-functional-fixtures-metadata-mutations\\shared\\media\\Generated Problem Fixture\\Comfortably Numb Sidebar Fixture 03' track_count=18 force_search=False
2026-09-19T05:13:54.1921291Z 2026-09-19 05:13:54,187 [VERBOSE] music_app: Cover fetch queue item index=4 total=16 artist='Generated Problem Fixture' album='Comfortably Numb Sidebar Fixture 04' year=2023 folder='D:\\a\\_temp\\album-haven-e2e-functional-fixtures-metadata-mutations\\shared\\media\\Generated Problem Fixture\\Comfortably Numb Sidebar Fixture 04' track_count=18 force_search=False
2026-09-19T05:13:54.1934398Z 2026-09-19 05:13:54,187 [VERBOSE] music_app: Cover fetch queue item index=5 total=16 artist='Generated Problem Fixture' album='Comfortably Numb Sidebar Fixture 05' year=2023 folder='D:\\a\\_temp\\album-haven-e2e-functional-fixtures-metadata-mutations\\shared\\media\\Generated Problem Fixture\\Comfortably Numb Sidebar Fixture 05' track_count=18 force_search=False
2026-09-19T05:13:54.1943041Z 2026-09-19 05:13:54,187 [VERBOSE] music_app: Cover fetch queue item index=6 total=16 artist='Generated Problem Fixture' album='Comfortably Numb Sidebar Fixture 06' year=2023 folder='D:\\a\\_temp\\album-haven-e2e-functional-fixtures-metadata-mutations\\shared\\media\\Generated Problem Fixture\\Comfortably Numb Sidebar Fixture 06' track_count=18 force_search=False
2026-09-19T05:13:54.1949699Z 2026-09-19 05:13:54,187 [VERBOSE] music_app: Cover fetch queue item index=7 total=16 artist='Generated Problem Fixture' album='Comfortably Numb Sidebar Fixture 07' year=2023 folder='D:\\a\\_temp\\album-haven-e2e-functional-fixtures-metadata-mutations\\shared\\media\\Generated Problem Fixture\\Comfortably Numb Sidebar Fixture 07' track_count=18 force_search=False
2026-09-19T05:13:54.1952882Z 2026-09-19 05:13:54,187 [VERBOSE] music_app: Cover fetch queue item index=8 total=16 artist='Generated Problem Fixture' album='Comfortably Numb Sidebar Fixture 08' year=2023 folder='D:\\a\\_temp\\album-haven-e2e-functional-fixtures-metadata-mutations\\shared\\media\\Generated Problem Fixture\\Comfortably Numb Sidebar Fixture 08' track_count=18 force_search=False
2026-09-19T05:13:54.1959585Z 2026-09-19 05:13:54,187 [VERBOSE] music_app: Cover fetch queue item index=9 total=16 artist='Generated Problem Fixture' album='Encoding And Missing Metadata' year=None folder='D:\\a\\_temp\\album-haven-e2e-functional-fixtures-metadata-mutations\\shared\\media\\Generated Problem Fixture\\Encoding And Missing Metadata' track_count=18 force_search=False
2026-09-19T05:13:54.1966099Z 2026-09-19 05:13:54,187 [VERBOSE] music_app: Cover fetch queue item index=10 total=16 artist='Mastodon' album='Crack The Skye Fixture 07' year=2009 folder='D:\\a\\_temp\\album-haven-e2e-functional-fixtures-metadata-mutations\\shared\\media\\Mastodon\\Crack The Skye Fixture 07' track_count=18 force_search=False
2026-09-19T05:13:54.1970944Z 2026-09-19 05:13:54,187 [VERBOSE] music_app: Cover fetch queue item index=11 total=16 artist='Mastodon' album='Crack The Skye Fixture 08' year=2009 folder='D:\\a\\_temp\\album-haven-e2e-functional-fixtures-metadata-mutations\\shared\\media\\Mastodon\\Crack The Skye Fixture 08' track_count=18 force_search=False
2026-09-19T05:13:54.1976332Z 2026-09-19 05:13:54,187 [VERBOSE] music_app: Cover fetch queue item index=12 total=16 artist='Mastodon' album='Crack The Skye Fixture 09' year=2009 folder='D:\\a\\_temp\\album-haven-e2e-functional-fixtures-metadata-mutations\\shared\\media\\Mastodon\\Crack The Skye Fixture 09' track_count=18 force_search=False
2026-09-19T05:13:54.1985164Z 2026-09-19 05:13:54,187 [VERBOSE] music_app: Cover fetch queue item index=13 total=16 artist='Mastodon' album='Crack The Skye Fixture 10' year=2009 folder='D:\\a\\_temp\\album-haven-e2e-functional-fixtures-metadata-mutations\\shared\\media\\Mastodon\\Crack The Skye Fixture 10' track_count=18 force_search=False
2026-09-19T05:13:54.1993509Z 2026-09-19 05:13:54,187 [VERBOSE] music_app: Cover fetch queue item index=14 total=16 artist='Neal Morse' album='Neal Morse Plays Pink Floyd' year=2023 folder='D:\\a\\_temp\\album-haven-e2e-functional-fixtures-metadata-mutations\\shared\\media\\Progressive Projects\\Morse Family\\Neal Morse\\Neal Morse Plays Pink Floyd' track_count=18 force_search=False
2026-09-19T05:13:54.2003710Z 2026-09-19 05:13:54,187 [VERBOSE] music_app: Cover fetch queue item index=15 total=16 artist='Various Artists' album='Mulan' year=1998 folder='D:\\a\\_temp\\album-haven-e2e-functional-fixtures-metadata-mutations\\shared\\media\\Various Artists\\Mulan' track_count=14 force_search=False
2026-09-19T05:13:54.2012085Z 2026-09-19 05:13:54,187 [VERBOSE] music_app: Cover fetch queue item index=16 total=16 artist='\u0414\u0414\u0422' album='\u0421\u0442\u0443\u0434\u0438\u0439\u043d\u044b\u0435 \u0437\u0430\u043f\u0438\u0441\u0438' year=1990 folder='D:\\a\\_temp\\album-haven-e2e-functional-fixtures-metadata-mutations\\shared\\media\\\u0414\u0414\u0422\\\u0421\u0442\u0443\u0434\u0438\u0439\u043d\u044b\u0435 \u0437\u0430\u043f\u0438\u0441\u0438' track_count=16 force_search=False
2026-09-19T05:13:54.2023578Z 2026-09-19 05:13:54,191 [VERBOSE] music_app.services.cover_refresh_provider: Cover fetch skipped folder='D:\\a\\_temp\\album-haven-e2e-functional-fixtures-metadata-mutations\\shared\\media\\Generated Problem Fixture\\Comfortably Numb Sidebar Fixture 01' artist='Generated Problem Fixture' album='Comfortably Numb Sidebar Fixture 01' year=2023 reason=negative_cache_ttl_active cache_key='generated problem fixture::comfortably numb sidebar fixture 01::::2023' age_seconds=63.95 ttl_seconds=43200.0
2026-09-19T05:13:54.2033229Z 2026-09-19 05:13:54,193 [VERBOSE] music_app: Cover fetch processed artist='Generated Problem Fixture' album='Comfortably Numb Sidebar Fixture 01' folder='D:\\a\\_temp\\album-haven-e2e-functional-fixtures-metadata-mutations\\shared\\media\\Generated Problem Fixture\\Comfortably Numb Sidebar Fixture 01' downloaded=False has_cover=False
2026-09-19T05:13:54.2045174Z 2026-09-19 05:13:54,200 [VERBOSE] music_app.services.cover_refresh_provider: Cover fetch skipped folder='D:\\a\\_temp\\album-haven-e2e-functional-fixtures-metadata-mutations\\shared\\media\\Generated Problem Fixture\\Comfortably Numb Sidebar Fixture 02' artist='Generated Problem Fixture' album='Comfortably Numb Sidebar Fixture 02' year=2023 reason=negative_cache_ttl_active cache_key='generated problem fixture::comfortably numb sidebar fixture 02::::2023' age_seconds=63.96 ttl_seconds=43200.0
2026-09-19T05:13:54.2059306Z 2026-09-19 05:13:54,200 [VERBOSE] music_app.services.cover_refresh_provider: Cover fetch skipped folder='D:\\a\\_temp\\album-haven-e2e-functional-fixtures-metadata-mutations\\shared\\media\\Generated Problem Fixture\\Comfortably Numb Sidebar Fixture 04' artist='Generated Problem Fixture' album='Comfortably Numb Sidebar Fixture 04' year=2023 reason=negative_cache_ttl_active cache_key='generated problem fixture::comfortably numb sidebar fixture 04::::2023' age_seconds=63.96 ttl_seconds=43200.0
2026-09-19T05:13:54.2085804Z 2026-09-19 05:13:54,200 [VERBOSE] music_app: Cover fetch processed artist='Generated Problem Fixture' album='Comfortably Numb Sidebar Fixture 02' folder='D:\\a\\_temp\\album-haven-e2e-functional-fixtures-metadata-mutations\\shared\\media\\Generated Problem Fixture\\Comfortably Numb Sidebar Fixture 02' downloaded=False has_cover=False
2026-09-19T05:13:54.2109488Z 2026-09-19 05:13:54,202 [VERBOSE] music_app: Cover fetch processed artist='Generated Problem Fixture' album='Comfortably Numb Sidebar Fixture 04' folder='D:\\a\\_temp\\album-haven-e2e-functional-fixtures-metadata-mutations\\shared\\media\\Generated Problem Fixture\\Comfortably Numb Sidebar Fixture 04' downloaded=False has_cover=False
2026-09-19T05:13:54.2129962Z 2026-09-19 05:13:54,202 [VERBOSE] music_app.services.cover_refresh_provider: Cover fetch skipped folder='D:\\a\\_temp\\album-haven-e2e-functional-fixtures-metadata-mutations\\shared\\media\\Generated Problem Fixture\\Comfortably Numb Sidebar Fixture 03' artist='Generated Problem Fixture' album='Comfortably Numb Sidebar Fixture 03' year=2023 reason=negative_cache_ttl_active cache_key='generated problem fixture::comfortably numb sidebar fixture 03::::2023' age_seconds=63.96 ttl_seconds=43200.0
2026-09-19T05:13:54.2140036Z 2026-09-19 05:13:54,203 [VERBOSE] music_app: Cover fetch processed artist='Generated Problem Fixture' album='Comfortably Numb Sidebar Fixture 03' folder='D:\\a\\_temp\\album-haven-e2e-functional-fixtures-metadata-mutations\\shared\\media\\Generated Problem Fixture\\Comfortably Numb Sidebar Fixture 03' downloaded=False has_cover=False
2026-09-19T05:13:54.2148212Z 2026-09-19 05:13:54,203 [VERBOSE] music_app.services.cover_refresh_provider: Cover fetch skipped folder='D:\\a\\_temp\\album-haven-e2e-functional-fixtures-metadata-mutations\\shared\\media\\Generated Problem Fixture\\Comfortably Numb Sidebar Fixture 05' artist='Generated Problem Fixture' album='Comfortably Numb Sidebar Fixture 05' year=2023 reason=negative_cache_ttl_active cache_key='generated problem fixture::comfortably numb sidebar fixture 05::::2023' age_seconds=63.96 ttl_seconds=43200.0
2026-09-19T05:13:54.2214114Z 2026-09-19 05:13:54,205 [VERBOSE] music_app: Cover fetch processed artist='Generated Problem Fixture' album='Comfortably Numb Sidebar Fixture 05' folder='D:\\a\\_temp\\album-haven-e2e-functional-fixtures-metadata-mutations\\shared\\media\\Generated Problem Fixture\\Comfortably Numb Sidebar Fixture 05' downloaded=False has_cover=False
2026-09-19T05:13:54.2221592Z 2026-09-19 05:13:54,207 [VERBOSE] music_app.services.cover_refresh_provider: Cover fetch skipped folder='D:\\a\\_temp\\album-haven-e2e-functional-fixtures-metadata-mutations\\shared\\media\\Generated Problem Fixture\\Comfortably Numb Sidebar Fixture 06' artist='Generated Problem Fixture' album='Comfortably Numb Sidebar Fixture 06' year=2023 reason=negative_cache_ttl_active cache_key='generated problem fixture::comfortably numb sidebar fixture 06::::2023' age_seconds=63.96 ttl_seconds=43200.0
2026-09-19T05:13:54.2229425Z 2026-09-19 05:13:54,207 [VERBOSE] music_app: Cover fetch processed artist='Generated Problem Fixture' album='Comfortably Numb Sidebar Fixture 06' folder='D:\\a\\_temp\\album-haven-e2e-functional-fixtures-metadata-mutations\\shared\\media\\Generated Problem Fixture\\Comfortably Numb Sidebar Fixture 06' downloaded=False has_cover=False
2026-09-19T05:13:54.2238299Z 2026-09-19 05:13:54,209 [VERBOSE] music_app.services.cover_refresh_provider: Cover fetch skipped folder='D:\\a\\_temp\\album-haven-e2e-functional-fixtures-metadata-mutations\\shared\\media\\Generated Problem Fixture\\Comfortably Numb Sidebar Fixture 07' artist='Generated Problem Fixture' album='Comfortably Numb Sidebar Fixture 07' year=2023 reason=negative_cache_ttl_active cache_key='generated problem fixture::comfortably numb sidebar fixture 07::::2023' age_seconds=63.96 ttl_seconds=43200.0
2026-09-19T05:13:54.2246728Z 2026-09-19 05:13:54,209 [VERBOSE] music_app: Cover fetch processed artist='Generated Problem Fixture' album='Comfortably Numb Sidebar Fixture 07' folder='D:\\a\\_temp\\album-haven-e2e-functional-fixtures-metadata-mutations\\shared\\media\\Generated Problem Fixture\\Comfortably Numb Sidebar Fixture 07' downloaded=False has_cover=False
2026-09-19T05:13:54.2253356Z 2026-09-19 05:13:54,211 [VERBOSE] music_app.services.cover_refresh_provider: Cover fetch skipped folder='D:\\a\\_temp\\album-haven-e2e-functional-fixtures-metadata-mutations\\shared\\media\\Generated Problem Fixture\\Comfortably Numb Sidebar Fixture 08' artist='Generated Problem Fixture' album='Comfortably Numb Sidebar Fixture 08' year=2023 reason=negative_cache_ttl_active cache_key='generated problem fixture::comfortably numb sidebar fixture 08::::2023' age_seconds=63.97 ttl_seconds=43200.0
2026-09-19T05:13:54.2259635Z 2026-09-19 05:13:54,211 [VERBOSE] music_app: Cover fetch processed artist='Generated Problem Fixture' album='Comfortably Numb Sidebar Fixture 08' folder='D:\\a\\_temp\\album-haven-e2e-functional-fixtures-metadata-mutations\\shared\\media\\Generated Problem Fixture\\Comfortably Numb Sidebar Fixture 08' downloaded=False has_cover=False
2026-09-19T05:13:54.2291577Z 2026-09-19 05:13:54,213 [VERBOSE] music_app.services.cover_refresh_provider: Cover fetch skipped folder='D:\\a\\_temp\\album-haven-e2e-functional-fixtures-metadata-mutations\\shared\\media\\Generated Problem Fixture\\Encoding And Missing Metadata' artist='Generated Problem Fixture' album='Encoding And Missing Metadata' year=None reason=negative_cache_ttl_active cache_key='generated problem fixture::encoding and missing metadata::::' age_seconds=63.97 ttl_seconds=43200.0
2026-09-19T05:13:54.2298371Z 2026-09-19 05:13:54,213 [VERBOSE] music_app: Cover fetch processed artist='Generated Problem Fixture' album='Encoding And Missing Metadata' folder='D:\\a\\_temp\\album-haven-e2e-functional-fixtures-metadata-mutations\\shared\\media\\Generated Problem Fixture\\Encoding And Missing Metadata' downloaded=False has_cover=False
2026-09-19T05:13:54.2305719Z 2026-09-19 05:13:54,215 [VERBOSE] music_app.services.cover_refresh_provider: Cover fetch skipped folder='D:\\a\\_temp\\album-haven-e2e-functional-fixtures-metadata-mutations\\shared\\media\\Mastodon\\Crack The Skye Fixture 07' artist='Mastodon' album='Crack The Skye Fixture 07' year=2009 reason=negative_cache_ttl_active cache_key='mastodon::crack the skye fixture 07::::2009' age_seconds=63.97 ttl_seconds=43200.0
2026-09-19T05:13:54.2311493Z 2026-09-19 05:13:54,215 [VERBOSE] music_app: Cover fetch processed artist='Mastodon' album='Crack The Skye Fixture 07' folder='D:\\a\\_temp\\album-haven-e2e-functional-fixtures-metadata-mutations\\shared\\media\\Mastodon\\Crack The Skye Fixture 07' downloaded=False has_cover=False
2026-09-19T05:13:54.2317314Z 2026-09-19 05:13:54,217 [VERBOSE] music_app.services.cover_refresh_provider: Cover fetch skipped folder='D:\\a\\_temp\\album-haven-e2e-functional-fixtures-metadata-mutations\\shared\\media\\Progressive Projects\\Morse Family\\Neal Morse\\Neal Morse Plays Pink Floyd' artist='Neal Morse' album='Neal Morse Plays Pink Floyd' year=2023 reason=negative_cache_ttl_active cache_key='neal morse::neal morse plays pink floyd::::2023' age_seconds=63.97 ttl_seconds=43200.0
2026-09-19T05:13:54.2323185Z 2026-09-19 05:13:54,219 [VERBOSE] music_app: Cover fetch processed artist='Neal Morse' album='Neal Morse Plays Pink Floyd' folder='D:\\a\\_temp\\album-haven-e2e-functional-fixtures-metadata-mutations\\shared\\media\\Progressive Projects\\Morse Family\\Neal Morse\\Neal Morse Plays Pink Floyd' downloaded=False has_cover=False
2026-09-19T05:13:54.2329156Z 2026-09-19 05:13:54,219 [VERBOSE] music_app.services.cover_refresh_provider: Cover fetch skipped folder='D:\\a\\_temp\\album-haven-e2e-functional-fixtures-metadata-mutations\\shared\\media\\Mastodon\\Crack The Skye Fixture 08' artist='Mastodon' album='Crack The Skye Fixture 08' year=2009 reason=negative_cache_ttl_active cache_key='mastodon::crack the skye fixture 08::::2009' age_seconds=63.97 ttl_seconds=43200.0
2026-09-19T05:13:54.2334277Z 2026-09-19 05:13:54,226 [VERBOSE] music_app: Cover fetch processed artist='Mastodon' album='Crack The Skye Fixture 08' folder='D:\\a\\_temp\\album-haven-e2e-functional-fixtures-metadata-mutations\\shared\\media\\Mastodon\\Crack The Skye Fixture 08' downloaded=False has_cover=False
2026-09-19T05:13:54.2340712Z 2026-09-19 05:13:54,228 [VERBOSE] music_app.services.cover_refresh_provider: Cover fetch skipped folder='D:\\a\\_temp\\album-haven-e2e-functional-fixtures-metadata-mutations\\shared\\media\\\u0414\u0414\u0422\\\u0421\u0442\u0443\u0434\u0438\u0439\u043d\u044b\u0435 \u0437\u0430\u043f\u0438\u0441\u0438' artist='\u0414\u0414\u0422' album='\u0421\u0442\u0443\u0434\u0438\u0439\u043d\u044b\u0435 \u0437\u0430\u043f\u0438\u0441\u0438' year=1990 reason=negative_cache_ttl_active cache_key='ddt::studiynye zapisi::::1990' age_seconds=63.98 ttl_seconds=43200.0
2026-09-19T05:13:54.2410553Z 2026-09-19 05:13:54,239 [VERBOSE] music_app: Cover fetch processed artist='\u0414\u0414\u0422' album='\u0421\u0442\u0443\u0434\u0438\u0439\u043d\u044b\u0435 \u0437\u0430\u043f\u0438\u0441\u0438' folder='D:\\a\\_temp\\album-haven-e2e-functional-fixtures-metadata-mutations\\shared\\media\\\u0414\u0414\u0422\\\u0421\u0442\u0443\u0434\u0438\u0439\u043d\u044b\u0435 \u0437\u0430\u043f\u0438\u0441\u0438' downloaded=False has_cover=False
2026-09-19T05:13:54.2761496Z 2026-09-19 05:13:54,269 [VERBOSE] music_app.services.cover_refresh_provider: Cover fetch skipped folder='D:\\a\\_temp\\album-haven-e2e-functional-fixtures-metadata-mutations\\shared\\media\\Various Artists\\Mulan' artist='Various Artists' album='Mulan' year=1998 reason=negative_cache_ttl_active cache_key='various artists::mulan::::1998' age_seconds=64.02 ttl_seconds=43200.0
2026-09-19T05:13:54.2766365Z 2026-09-19 05:13:54,269 [VERBOSE] music_app: Cover fetch processed artist='Various Artists' album='Mulan' folder='D:\\a\\_temp\\album-haven-e2e-functional-fixtures-metadata-mutations\\shared\\media\\Various Artists\\Mulan' downloaded=False has_cover=False
2026-09-19T05:13:54.9793541Z 2026-09-19 05:13:54,976 [VERBOSE] music_app.services.cover_provider_http: Cover HTTP success service=apple context=search:Mastodon Crack The Skye Fixture 09 2009 status=200 url=http://127.0.0.1:5402/itunes/search?term=Mastodon+Crack+The+Skye+Fixture+09+2009&entity=album&limit=20 bytes=33
2026-09-19T05:13:54.9797800Z 2026-09-19 05:13:54,978 [VERBOSE] music_app.services.cover_refresh_provider: Apple raw search results query='Mastodon Crack The Skye Fixture 09 2009' artist='Mastodon' album='Crack The Skye Fixture 09' year=2009 results=[]
2026-09-19T05:13:54.9801070Z 2026-09-19 05:13:54,978 [VERBOSE] music_app.services.cover_refresh_provider: Apple search results query='Mastodon Crack The Skye Fixture 09 2009' count=0 top=[]
2026-09-19T05:13:54.9804470Z 2026-09-19 05:13:54,978 [INFO] music_app.services.cover_refresh_provider: {"action": "Apple cover miss", "album": "Crack The Skye Fixture 09", "artist": "Mastodon", "query_mode": "artist+album+year:native", "raw_result_count": 0, "raw_results_summary": [], "top_candidates": [], "year": 2009}
2026-09-19T05:13:55.0277822Z 2026-09-19 05:13:55,016 [VERBOSE] music_app.services.cover_provider_http: Cover HTTP success service=apple context=search:Mastodon Crack The Skye Fixture 10 2009 status=200 url=http://127.0.0.1:5402/itunes/search?term=Mastodon+Crack+The+Skye+Fixture+10+2009&entity=album&limit=20 bytes=33
2026-09-19T05:13:55.0669346Z 2026-09-19 05:13:55,017 [VERBOSE] music_app.services.cover_refresh_provider: Apple raw search results query='Mastodon Crack The Skye Fixture 10 2009' artist='Mastodon' album='Crack The Skye Fixture 10' year=2009 results=[]
2026-09-19T05:13:55.0818850Z 2026-09-19 05:13:55,017 [VERBOSE] music_app.services.cover_refresh_provider: Apple search results query='Mastodon Crack The Skye Fixture 10 2009' count=0 top=[]
2026-09-19T05:13:55.0852201Z 2026-09-19 05:13:55,017 [INFO] music_app.services.cover_refresh_provider: {"action": "Apple cover miss", "album": "Crack The Skye Fixture 10", "artist": "Mastodon", "query_mode": "artist+album+year:native", "raw_result_count": 0, "raw_results_summary": [], "top_candidates": [], "year": 2009}
2026-09-19T05:13:56.9139015Z 2026-09-19 05:13:56,911 [VERBOSE] music_app.services.cover_provider_http: Cover HTTP success service=apple context=artist-id-search:Mastodon status=200 url=http://127.0.0.1:5402/itunes/search?term=Mastodon&entity=musicArtist&limit=10 bytes=33
2026-09-19T05:13:56.9535704Z 2026-09-19 05:13:56,911 [INFO] music_app.services.cover_refresh_provider: {"action": "Apple artist lookup results", "album": "Crack The Skye Fixture 09", "artist": "Mastodon", "query_artist": "Mastodon", "result_count": 0, "top_results": []}
2026-09-19T05:13:57.0041817Z 2026-09-19 05:13:56,965 [VERBOSE] music_app.services.cover_provider_http: Cover HTTP success service=apple context=artist-id-search:Mastodon status=200 url=http://127.0.0.1:5402/itunes/search?term=Mastodon&entity=musicArtist&limit=10 bytes=33
2026-09-19T05:13:57.0099031Z 2026-09-19 05:13:56,965 [INFO] music_app.services.cover_refresh_provider: {"action": "Apple artist lookup results", "album": "Crack The Skye Fixture 10", "artist": "Mastodon", "query_artist": "Mastodon", "result_count": 0, "top_results": []}
2026-09-19T05:13:57.4291446Z 2026-09-19 05:13:57,404 [VERBOSE] music_app.services.cover_provider_http: Cover HTTP success service=apple context=search:Mastodon Crack The Skye Fixture 09 status=200 url=http://127.0.0.1:5402/itunes/search?term=Mastodon+Crack+The+Skye+Fixture+09&entity=album&limit=20 bytes=33
2026-09-19T05:13:57.4341968Z 2026-09-19 05:13:57,404 [VERBOSE] music_app.services.cover_refresh_provider: Apple raw search results query='Mastodon Crack The Skye Fixture 09' artist='Mastodon' album='Crack The Skye Fixture 09' year=2009 results=[]
2026-09-19T05:13:57.4347435Z 2026-09-19 05:13:57,404 [VERBOSE] music_app.services.cover_refresh_provider: Apple search results query='Mastodon Crack The Skye Fixture 09' count=0 top=[]
2026-09-19T05:13:57.4450615Z 2026-09-19 05:13:57,405 [INFO] music_app.services.cover_refresh_provider: {"action": "Apple cover miss", "album": "Crack The Skye Fixture 09", "artist": "Mastodon", "query_mode": "artist+album:native", "raw_result_count": 0, "raw_results_summary": [], "top_candidates": [], "year": 2009}
2026-09-19T05:13:57.4619116Z 2026-09-19 05:13:57,445 [VERBOSE] music_app.services.cover_provider_http: Cover HTTP success service=apple context=search:Mastodon Crack The Skye Fixture 10 status=200 url=http://127.0.0.1:5402/itunes/search?term=Mastodon+Crack+The+Skye+Fixture+10&entity=album&limit=20 bytes=33
2026-09-19T05:13:57.4627276Z 2026-09-19 05:13:57,445 [VERBOSE] music_app.services.cover_refresh_provider: Apple raw search results query='Mastodon Crack The Skye Fixture 10' artist='Mastodon' album='Crack The Skye Fixture 10' year=2009 results=[]
2026-09-19T05:13:57.4630347Z 2026-09-19 05:13:57,445 [VERBOSE] music_app.services.cover_refresh_provider: Apple search results query='Mastodon Crack The Skye Fixture 10' count=0 top=[]
2026-09-19T05:13:57.4633799Z 2026-09-19 05:13:57,445 [INFO] music_app.services.cover_refresh_provider: {"action": "Apple cover miss", "album": "Crack The Skye Fixture 10", "artist": "Mastodon", "query_mode": "artist+album:native", "raw_result_count": 0, "raw_results_summary": [], "top_candidates": [], "year": 2009}
2026-09-19T05:13:57.9224744Z 2026-09-19 05:13:57,920 [VERBOSE] music_app.services.cover_provider_http: Cover HTTP success service=apple context=artist-id-search:Mastodon status=200 url=http://127.0.0.1:5402/itunes/search?term=Mastodon&entity=musicArtist&limit=10 bytes=33
2026-09-19T05:13:57.9229451Z 2026-09-19 05:13:57,921 [INFO] music_app.services.cover_refresh_provider: {"action": "Apple artist lookup results", "album": "Crack The Skye Fixture 09", "artist": "Mastodon", "query_artist": "Mastodon", "result_count": 0, "top_results": []}
2026-09-19T05:13:57.9233529Z 2026-09-19 05:13:57,921 [VERBOSE] music_app: Cover fetch processed artist='Mastodon' album='Crack The Skye Fixture 09' folder='D:\\a\\_temp\\album-haven-e2e-functional-fixtures-metadata-mutations\\shared\\media\\Mastodon\\Crack The Skye Fixture 09' downloaded=False has_cover=True
2026-09-19T05:13:57.9731588Z 2026-09-19 05:13:57,957 [VERBOSE] music_app.services.cover_provider_http: Cover HTTP success service=apple context=artist-id-search:Mastodon status=200 url=http://127.0.0.1:5402/itunes/search?term=Mastodon&entity=musicArtist&limit=10 bytes=33
2026-09-19T05:13:57.9735927Z 2026-09-19 05:13:57,957 [INFO] music_app.services.cover_refresh_provider: {"action": "Apple artist lookup results", "album": "Crack The Skye Fixture 10", "artist": "Mastodon", "query_artist": "Mastodon", "result_count": 0, "top_results": []}
2026-09-19T05:13:57.9740770Z 2026-09-19 05:13:57,958 [VERBOSE] music_app: Cover fetch processed artist='Mastodon' album='Crack The Skye Fixture 10' folder='D:\\a\\_temp\\album-haven-e2e-functional-fixtures-metadata-mutations\\shared\\media\\Mastodon\\Crack The Skye Fixture 10' downloaded=False has_cover=True
2026-09-19T05:13:57.9746242Z 2026-09-19 05:13:57,971 [INFO] music_app: {"action": "Cover art update completed", "album_count": 16, "downloaded": 0, "downloaded_paths": [], "failed": 14, "files": [], "mode": "background", "not_found": 14, "not_touched": 2, "processed": 16, "skipped": 2}
2026-09-19T05:14:00.5483138Z   [PASS] Run an incremental scan and retain the exact year-split topology (13416 ms)
2026-09-19T05:14:00.5484539Z   [STEP] Verify the authoritative topology in a fresh browser
2026-09-19T05:14:01.3832777Z 2026-09-19 05:14:01,382 [INFO] music_app: {"action": "Index request completed", "album_count": 0, "artist_count": 0, "bootstrap_mode": "fresh_preview", "covers_in_progress": false, "elapsed_ms": 515.13, "hydrate_in_progress": false, "payload_elapsed_ms": 441.16, "query": "", "scan_in_progress": false, "selected_artist": "E2E Rarity Artist"}
2026-09-19T05:14:04.1863876Z   [PASS] Verify the authoritative topology in a fresh browser (3637 ms)
2026-09-19T05:14:04.2812394Z   ok 1 [functional] › tests\e2e\specs\sparseTagEditReconciliation.spec.js:110:1 › FTC-TAGS-013 keeps a year-only edit sparse and retains its optimistic split @area:tag-edit (31.7s)
2026-09-19T05:14:04.2817078Z [album-haven-playwright-result] {"version":1,"phase":"tests-complete","nonce":"f2c1bf33afbd2de2bb133727401fe26995b20fc6c7a955f2485a52504467b0ea","status":"passed","total":1,"completed":1,"failed":0,"skipped":0,"errors":0}
2026-09-19T05:14:04.8672219Z 
2026-09-19T05:14:04.8672238Z 
2026-09-19T05:14:04.8672248Z 
2026-09-19T05:14:04.8673809Z [album-haven-playwright-result] {"version":1,"phase":"run-final","nonce":"f2c1bf33afbd2de2bb133727401fe26995b20fc6c7a955f2485a52504467b0ea","status":"passed","total":1,"completed":1,"failed":0,"skipped":0,"errors":0}
2026-09-19T05:14:04.8674893Z   1 passed (38.1s)
2026-09-19T05:14:05.3030607Z 
2026-09-19T05:14:05.3031313Z === Playwright Summary ===
2026-09-19T05:14:05.3032264Z [[32m✓[0m] sparseTagEditReconciliation.spec
2026-09-19T05:14:05.3033257Z   [[32m✓[0m] FTC-TAGS-013 keeps a year-only edit sparse and retains its optimistic split @area:tag-edit
2026-09-19T05:14:05.3033871Z 
2026-09-19T05:14:05.3034039Z Overall: 1/1 passed
2026-09-19T05:14:10.9385695Z [playwright-wrapper-final-decision] {"wrapperExitCode":0,"attemptReturn":{"exitCode":0,"exitReason":"authoritative-pass"},"fakeDatabaseCleanup":{"status":"completed","error":null,"mode":"lock-only"},"scanAppCleanup":{"status":"not-required","error":null},"isolatedAppCleanup":{"status":"completed","error":null},"tempCleanup":{"status":"completed","error":null,"removedCount":1},"passivePortDiagnostics":[{"port":5400,"status":"completed","error":null,"ownerCount":0},{"port":5402,"status":"completed","error":null,"ownerCount":0}],"finalSummary":{"phase":"run-final","status":"passed","total":1,"completed":1,"failed":0,"skipped":0,"errors":0,"listOnly":false},"exitReason":"authoritative-pass"}
2026-09-19T05:14:12.6080006Z {"restored":1,"removed":0,"unchanged":1496}
2026-09-19T05:14:17.4640113Z {"files":1497}
2026-09-19T05:14:17.8642471Z ##[error]Process completed with exit code 1.
2026-09-19T05:14:17.8841384Z ##[group]Run $statePath = "D:\a\_temp\album-haven-functional-metadata-mutations.state.json"
2026-09-19T05:14:17.8842239Z [36;1m$statePath = "D:\a\_temp\album-haven-functional-metadata-mutations.state.json"[0m
2026-09-19T05:14:17.8842831Z [36;1mif (Test-Path -LiteralPath $statePath -PathType Leaf) {[0m
2026-09-19T05:14:17.8843282Z [36;1m  .\scripts\ci\bootstrap-windows-postgres.ps1 `[0m
2026-09-19T05:14:17.8843619Z [36;1m    -Mode Teardown `[0m
2026-09-19T05:14:17.8843890Z [36;1m    -ExpectedMajorVersion 17 `[0m
2026-09-19T05:14:17.8844185Z [36;1m    -Pgbin $env:PGBIN `[0m
2026-09-19T05:14:17.8844441Z [36;1m    -HostName 127.0.0.1 `[0m
2026-09-19T05:14:17.8844738Z [36;1m    -DatabaseSuffix "f_35419743702_2_2" `[0m
2026-09-19T05:14:17.8845224Z [36;1m    -StatePath "D:\a\_temp\album-haven-functional-metadata-mutations.state.json"[0m
2026-09-19T05:14:17.8845679Z [36;1m}[0m
2026-09-19T05:14:17.8921809Z shell: C:\Program Files\PowerShell\7\pwsh.EXE -command ". '{0}'"
2026-09-19T05:14:17.8922183Z env:
2026-09-19T05:14:17.8922505Z   ALBUM_HAVEN_EXPECTED_FFMPEG_VERSION: 7.1-essentials_build-www.gyan.dev
2026-09-19T05:14:17.8922958Z   ALBUM_HAVEN_FIXTURE_RELEASE: fixtures-v1.0.23
2026-09-19T05:14:17.8923303Z   ALBUM_HAVEN_FIXTURE_PROFILE: functional-core
2026-09-19T05:14:17.8923832Z   ALBUM_HAVEN_FIXTURE_ROOT: D:\a\_temp\album-haven-e2e-functional-fixtures-metadata-mutations\shared
2026-09-19T05:14:17.8924594Z   ALBUM_HAVEN_MEDIA_ROOT: D:\a\_temp\album-haven-e2e-functional-fixtures-metadata-mutations\shared\media
2026-09-19T05:14:17.8925186Z   pythonLocation: C:\hostedtoolcache\windows\Python\3.11.9\x64
2026-09-19T05:14:17.8925651Z   PKG_CONFIG_PATH: C:\hostedtoolcache\windows\Python\3.11.9\x64/lib/pkgconfig
2026-09-19T05:14:17.8926147Z   Python_ROOT_DIR: C:\hostedtoolcache\windows\Python\3.11.9\x64
2026-09-19T05:14:17.8926597Z   Python2_ROOT_DIR: C:\hostedtoolcache\windows\Python\3.11.9\x64
2026-09-19T05:14:17.8927245Z   Python3_ROOT_DIR: C:\hostedtoolcache\windows\Python\3.11.9\x64
2026-09-19T05:14:17.8927855Z   ALBUM_HAVEN_FUNCTIONAL_FIXTURE_WORK_ROOT: D:\a\_temp\album-haven-e2e-functional-fixtures-metadata-mutations
2026-09-19T05:14:17.8928623Z   ALBUM_HAVEN_FUNCTIONAL_SOURCE_FIXTURE_ROOT: D:\a\_temp\album-haven-fixtures-5187e6984403460ca5142bad9ae03e95
2026-09-19T05:14:17.8929232Z   PGPASSFILE: D:\a\_temp\album-haven-postgres-f_35419743702_2_2.pgpass
2026-09-19T05:14:17.8929664Z   ALBUM_HAVEN_CI_DATABASE: album_haven_ci_f_35419743702_2_2
2026-09-19T05:14:17.8930263Z   DATABASE_MIGRATOR_URL: postgresql://album_haven_migrator_f_35419743702_2_2@127.0.0.1/album_haven_ci_f_35419743702_2_2
2026-09-19T05:14:17.8931029Z   DATABASE_APP_URL: postgresql://album_haven_app_f_35419743702_2_2@127.0.0.1/album_haven_ci_f_35419743702_2_2
2026-09-19T05:14:17.8931786Z   DATABASE_READONLY_URL: postgresql://album_haven_readonly_f_35419743702_2_2@127.0.0.1/album_haven_ci_f_35419743702_2_2
2026-09-19T05:14:17.8932650Z   ALBUM_HAVEN_FAKE_E2E_SETUP_DATABASE_URL: postgresql://album_haven_migrator_f_35419743702_2_2@127.0.0.1/album_haven_ci_f_35419743702_2_2
2026-09-19T05:14:17.8933571Z   ALBUM_HAVEN_FAKE_E2E_DATABASE_URL: postgresql://album_haven_app_f_35419743702_2_2@127.0.0.1/album_haven_ci_f_35419743702_2_2
2026-09-19T05:14:17.8934404Z   ALBUM_HAVEN_APP_DATABASE_URL: postgresql://album_haven_app_f_35419743702_2_2@127.0.0.1/album_haven_ci_f_35419743702_2_2
2026-09-19T05:14:17.8934947Z ##[endgroup]
2026-09-19T05:14:18.5279812Z  pg_terminate_backend 
2026-09-19T05:14:18.5280560Z ----------------------
2026-09-19T05:14:18.5281027Z (0 rows)
2026-09-19T05:14:18.5281262Z 
2026-09-19T05:14:19.2525325Z DROP DATABASE
2026-09-19T05:14:19.2546415Z DROP ROLE
2026-09-19T05:14:19.2565339Z DROP ROLE
2026-09-19T05:14:19.2583934Z DROP ROLE
2026-09-19T05:14:19.3521256Z Node 20 is being deprecated. This workflow is running with Node 24 by default. If you need to temporarily use Node 20, you can set the ACTIONS_ALLOW_USE_UNSECURE_NODE_VERSION=true environment variable. For more information see: https://github.blog/changelog/2025-09-19-deprecation-of-node-20-on-github-actions-runners/
2026-09-19T05:14:19.3522859Z ##[group]Run actions/upload-artifact@v4
2026-09-19T05:14:19.3523207Z with:
2026-09-19T05:14:19.3523600Z   name: foundation-versions-functional-metadata-mutations-2
2026-09-19T05:14:19.3524221Z   path: D:\a\_temp\foundation-version-manifest-functional-metadata-mutations.json
2026-09-19T05:14:19.3524767Z   if-no-files-found: error
2026-09-19T05:14:19.3525094Z   retention-days: 14
2026-09-19T05:14:19.3525375Z   compression-level: 6
2026-09-19T05:14:19.3526128Z   overwrite: false
2026-09-19T05:14:19.3526427Z   include-hidden-files: false
2026-09-19T05:14:19.3526735Z env:
2026-09-19T05:14:19.3527203Z   ALBUM_HAVEN_EXPECTED_FFMPEG_VERSION: 7.1-essentials_build-www.gyan.dev
2026-09-19T05:14:19.3527707Z   ALBUM_HAVEN_FIXTURE_RELEASE: fixtures-v1.0.23
2026-09-19T05:14:19.3528160Z   ALBUM_HAVEN_FIXTURE_PROFILE: functional-core
2026-09-19T05:14:19.3528785Z   ALBUM_HAVEN_FIXTURE_ROOT: D:\a\_temp\album-haven-e2e-functional-fixtures-metadata-mutations\shared
2026-09-19T05:14:19.3529623Z   ALBUM_HAVEN_MEDIA_ROOT: D:\a\_temp\album-haven-e2e-functional-fixtures-metadata-mutations\shared\media
2026-09-19T05:14:19.3530287Z   pythonLocation: C:\hostedtoolcache\windows\Python\3.11.9\x64
2026-09-19T05:14:19.3530872Z   PKG_CONFIG_PATH: C:\hostedtoolcache\windows\Python\3.11.9\x64/lib/pkgconfig
2026-09-19T05:14:19.3531411Z   Python_ROOT_DIR: C:\hostedtoolcache\windows\Python\3.11.9\x64
2026-09-19T05:14:19.3531939Z   Python2_ROOT_DIR: C:\hostedtoolcache\windows\Python\3.11.9\x64
2026-09-19T05:14:19.3532436Z   Python3_ROOT_DIR: C:\hostedtoolcache\windows\Python\3.11.9\x64
2026-09-19T05:14:19.3533115Z   ALBUM_HAVEN_FUNCTIONAL_FIXTURE_WORK_ROOT: D:\a\_temp\album-haven-e2e-functional-fixtures-metadata-mutations
2026-09-19T05:14:19.3533974Z   ALBUM_HAVEN_FUNCTIONAL_SOURCE_FIXTURE_ROOT: D:\a\_temp\album-haven-fixtures-5187e6984403460ca5142bad9ae03e95
2026-09-19T05:14:19.3536609Z   PGPASSFILE: D:\a\_temp\album-haven-postgres-f_35419743702_2_2.pgpass
2026-09-19T05:14:19.3537129Z   ALBUM_HAVEN_CI_DATABASE: album_haven_ci_f_35419743702_2_2
2026-09-19T05:14:19.3537833Z   DATABASE_MIGRATOR_URL: postgresql://album_haven_migrator_f_35419743702_2_2@127.0.0.1/album_haven_ci_f_35419743702_2_2
2026-09-19T05:14:19.3538696Z   DATABASE_APP_URL: postgresql://album_haven_app_f_35419743702_2_2@127.0.0.1/album_haven_ci_f_35419743702_2_2
2026-09-19T05:14:19.3539540Z   DATABASE_READONLY_URL: postgresql://album_haven_readonly_f_35419743702_2_2@127.0.0.1/album_haven_ci_f_35419743702_2_2
2026-09-19T05:14:19.3540453Z   ALBUM_HAVEN_FAKE_E2E_SETUP_DATABASE_URL: postgresql://album_haven_migrator_f_35419743702_2_2@127.0.0.1/album_haven_ci_f_35419743702_2_2
2026-09-19T05:14:19.3541430Z   ALBUM_HAVEN_FAKE_E2E_DATABASE_URL: postgresql://album_haven_app_f_35419743702_2_2@127.0.0.1/album_haven_ci_f_35419743702_2_2
2026-09-19T05:14:19.3542338Z   ALBUM_HAVEN_APP_DATABASE_URL: postgresql://album_haven_app_f_35419743702_2_2@127.0.0.1/album_haven_ci_f_35419743702_2_2
2026-09-19T05:14:19.3542969Z ##[endgroup]
2026-09-19T05:14:19.5541469Z (node:8812) [DEP0040] DeprecationWarning: The `punycode` module is deprecated. Please use a userland alternative instead.
2026-09-19T05:14:19.5542423Z (Use `node --trace-deprecation ...` to show where the warning was created)
2026-09-19T05:14:19.5594381Z With the provided path, there will be 1 file uploaded
2026-09-19T05:14:19.5600009Z Artifact name is valid!
2026-09-19T05:14:19.5602150Z Root directory input is valid!
2026-09-19T05:14:19.7795518Z Beginning upload of artifact content to blob storage
2026-09-19T05:14:19.8004557Z (node:8812) [DEP0169] DeprecationWarning: `url.parse()` behavior is not standardized and prone to errors that have security implications. Use the WHATWG URL API instead. CVEs are not issued for `url.parse()` vulnerabilities.
2026-09-19T05:14:19.8251338Z Uploaded bytes 545
2026-09-19T05:14:19.8393012Z Finished uploading artifact content to blob storage!
2026-09-19T05:14:19.8394627Z SHA256 digest of uploaded artifact zip is 0001b16e551ebdea09df0088e583c848d70bdc7205f852820deeefc6323bebe2
2026-09-19T05:14:19.8397475Z Finalizing artifact upload
2026-09-19T05:14:20.0904527Z Artifact foundation-versions-functional-metadata-mutations-2.zip successfully finalized. Artifact ID 10578120870
2026-09-19T05:14:20.0906198Z Artifact foundation-versions-functional-metadata-mutations-2 has been successfully uploaded! Final size is 545 bytes. Artifact ID is 10578120870
2026-09-19T05:14:20.0915685Z Artifact download URL: https://github.com/idanilovqa/AlbumHaven/actions/runs/35419743702/artifacts/10578120870
2026-09-19T05:14:20.1231153Z Node 20 is being deprecated. This workflow is running with Node 24 by default. If you need to temporarily use Node 20, you can set the ACTIONS_ALLOW_USE_UNSECURE_NODE_VERSION=true environment variable. For more information see: https://github.blog/changelog/2025-09-19-deprecation-of-node-20-on-github-actions-runners/
2026-09-19T05:14:20.1232636Z ##[group]Run actions/upload-artifact@v4
2026-09-19T05:14:20.1232941Z with:
2026-09-19T05:14:20.1233192Z   name: functional-blob-metadata-mutations-2
2026-09-19T05:14:20.1233572Z   path: D:\a\_temp\functional-blobs-metadata-mutations
2026-09-19T05:14:20.1233926Z   if-no-files-found: error
2026-09-19T05:14:20.1234173Z   retention-days: 14
2026-09-19T05:14:20.1234400Z   compression-level: 6
2026-09-19T05:14:20.1234621Z   overwrite: false
2026-09-19T05:14:20.1234845Z   include-hidden-files: false
2026-09-19T05:14:20.1235087Z env:
2026-09-19T05:14:20.1235401Z   ALBUM_HAVEN_EXPECTED_FFMPEG_VERSION: 7.1-essentials_build-www.gyan.dev
2026-09-19T05:14:20.1235873Z   ALBUM_HAVEN_FIXTURE_RELEASE: fixtures-v1.0.23
2026-09-19T05:14:20.1236220Z   ALBUM_HAVEN_FIXTURE_PROFILE: functional-core
2026-09-19T05:14:20.1236754Z   ALBUM_HAVEN_FIXTURE_ROOT: D:\a\_temp\album-haven-e2e-functional-fixtures-metadata-mutations\shared
2026-09-19T05:14:20.1237718Z   ALBUM_HAVEN_MEDIA_ROOT: D:\a\_temp\album-haven-e2e-functional-fixtures-metadata-mutations\shared\media
2026-09-19T05:14:20.1238336Z   pythonLocation: C:\hostedtoolcache\windows\Python\3.11.9\x64
2026-09-19T05:14:20.1238834Z   PKG_CONFIG_PATH: C:\hostedtoolcache\windows\Python\3.11.9\x64/lib/pkgconfig
2026-09-19T05:14:20.1239310Z   Python_ROOT_DIR: C:\hostedtoolcache\windows\Python\3.11.9\x64
2026-09-19T05:14:20.1239750Z   Python2_ROOT_DIR: C:\hostedtoolcache\windows\Python\3.11.9\x64
2026-09-19T05:14:20.1240176Z   Python3_ROOT_DIR: C:\hostedtoolcache\windows\Python\3.11.9\x64
2026-09-19T05:14:20.1240783Z   ALBUM_HAVEN_FUNCTIONAL_FIXTURE_WORK_ROOT: D:\a\_temp\album-haven-e2e-functional-fixtures-metadata-mutations
2026-09-19T05:14:20.1241822Z   ALBUM_HAVEN_FUNCTIONAL_SOURCE_FIXTURE_ROOT: D:\a\_temp\album-haven-fixtures-5187e6984403460ca5142bad9ae03e95
2026-09-19T05:14:20.1242430Z   PGPASSFILE: D:\a\_temp\album-haven-postgres-f_35419743702_2_2.pgpass
2026-09-19T05:14:20.1242861Z   ALBUM_HAVEN_CI_DATABASE: album_haven_ci_f_35419743702_2_2
2026-09-19T05:14:20.1243482Z   DATABASE_MIGRATOR_URL: postgresql://album_haven_migrator_f_35419743702_2_2@127.0.0.1/album_haven_ci_f_35419743702_2_2
2026-09-19T05:14:20.1244542Z   DATABASE_APP_URL: postgresql://album_haven_app_f_35419743702_2_2@127.0.0.1/album_haven_ci_f_35419743702_2_2
2026-09-19T05:14:20.1245308Z   DATABASE_READONLY_URL: postgresql://album_haven_readonly_f_35419743702_2_2@127.0.0.1/album_haven_ci_f_35419743702_2_2
2026-09-19T05:14:20.1246165Z   ALBUM_HAVEN_FAKE_E2E_SETUP_DATABASE_URL: postgresql://album_haven_migrator_f_35419743702_2_2@127.0.0.1/album_haven_ci_f_35419743702_2_2
2026-09-19T05:14:20.1247053Z   ALBUM_HAVEN_FAKE_E2E_DATABASE_URL: postgresql://album_haven_app_f_35419743702_2_2@127.0.0.1/album_haven_ci_f_35419743702_2_2
2026-09-19T05:14:20.1247874Z   ALBUM_HAVEN_APP_DATABASE_URL: postgresql://album_haven_app_f_35419743702_2_2@127.0.0.1/album_haven_ci_f_35419743702_2_2
2026-09-19T05:14:20.1248407Z ##[endgroup]
2026-09-19T05:14:20.3170617Z (node:3996) [DEP0040] DeprecationWarning: The `punycode` module is deprecated. Please use a userland alternative instead.
2026-09-19T05:14:20.3171702Z (Use `node --trace-deprecation ...` to show where the warning was created)
2026-09-19T05:14:20.3356387Z With the provided path, there will be 12 files uploaded
2026-09-19T05:14:20.3362839Z Artifact name is valid!
2026-09-19T05:14:20.3365939Z Root directory input is valid!
2026-09-19T05:14:20.5696285Z Beginning upload of artifact content to blob storage
2026-09-19T05:14:20.8888242Z (node:3996) [DEP0169] DeprecationWarning: `url.parse()` behavior is not standardized and prone to errors that have security implications. Use the WHATWG URL API instead. CVEs are not issued for `url.parse()` vulnerabilities.
2026-09-19T05:14:21.0342069Z Uploaded bytes 8388608
2026-09-19T05:14:21.3162858Z Uploaded bytes 16777216
2026-09-19T05:14:21.6441033Z Uploaded bytes 25165824
2026-09-19T05:14:21.6733418Z Uploaded bytes 26058802
2026-09-19T05:14:21.6875734Z Finished uploading artifact content to blob storage!
2026-09-19T05:14:21.6877701Z SHA256 digest of uploaded artifact zip is 5dc831e1be0889c878a63a6d9f383c46023c11b9394d71b2ce66ca718c616fb6
2026-09-19T05:14:21.6881242Z Finalizing artifact upload
2026-09-19T05:14:21.8751414Z Artifact functional-blob-metadata-mutations-2.zip successfully finalized. Artifact ID 10578405766
2026-09-19T05:14:21.8753276Z Artifact functional-blob-metadata-mutations-2 has been successfully uploaded! Final size is 26058802 bytes. Artifact ID is 10578405766
2026-09-19T05:14:21.8764061Z Artifact download URL: https://github.com/idanilovqa/AlbumHaven/actions/runs/35419743702/artifacts/10578405766
2026-09-19T05:14:21.9175177Z Node 20 is being deprecated. This workflow is running with Node 24 by default. If you need to temporarily use Node 20, you can set the ACTIONS_ALLOW_USE_UNSECURE_NODE_VERSION=true environment variable. For more information see: https://github.blog/changelog/2025-09-19-deprecation-of-node-20-on-github-actions-runners/
2026-09-19T05:14:21.9177924Z ##[group]Run actions/upload-artifact@v4
2026-09-19T05:14:21.9178402Z with:
2026-09-19T05:14:21.9178795Z   name: functional-debug-metadata-mutations-2
2026-09-19T05:14:21.9179429Z   path: D:\a\_temp\functional-output-metadata-mutations
2026-09-19T05:14:21.9180015Z   if-no-files-found: error
2026-09-19T05:14:21.9180420Z   retention-days: 7
2026-09-19T05:14:21.9180782Z   compression-level: 6
2026-09-19T05:14:21.9181153Z   overwrite: false
2026-09-19T05:14:21.9181523Z   include-hidden-files: false
2026-09-19T05:14:21.9181932Z env:
2026-09-19T05:14:21.9182455Z   ALBUM_HAVEN_EXPECTED_FFMPEG_VERSION: 7.1-essentials_build-www.gyan.dev
2026-09-19T05:14:21.9183227Z   ALBUM_HAVEN_FIXTURE_RELEASE: fixtures-v1.0.23
2026-09-19T05:14:21.9183815Z   ALBUM_HAVEN_FIXTURE_PROFILE: functional-core
2026-09-19T05:14:21.9184727Z   ALBUM_HAVEN_FIXTURE_ROOT: D:\a\_temp\album-haven-e2e-functional-fixtures-metadata-mutations\shared
2026-09-19T05:14:21.9186035Z   ALBUM_HAVEN_MEDIA_ROOT: D:\a\_temp\album-haven-e2e-functional-fixtures-metadata-mutations\shared\media
2026-09-19T05:14:21.9187097Z   pythonLocation: C:\hostedtoolcache\windows\Python\3.11.9\x64
2026-09-19T05:14:21.9187920Z   PKG_CONFIG_PATH: C:\hostedtoolcache\windows\Python\3.11.9\x64/lib/pkgconfig
2026-09-19T05:14:21.9188757Z   Python_ROOT_DIR: C:\hostedtoolcache\windows\Python\3.11.9\x64
2026-09-19T05:14:21.9189498Z   Python2_ROOT_DIR: C:\hostedtoolcache\windows\Python\3.11.9\x64
2026-09-19T05:14:21.9190239Z   Python3_ROOT_DIR: C:\hostedtoolcache\windows\Python\3.11.9\x64
2026-09-19T05:14:21.9191315Z   ALBUM_HAVEN_FUNCTIONAL_FIXTURE_WORK_ROOT: D:\a\_temp\album-haven-e2e-functional-fixtures-metadata-mutations
2026-09-19T05:14:21.9192699Z   ALBUM_HAVEN_FUNCTIONAL_SOURCE_FIXTURE_ROOT: D:\a\_temp\album-haven-fixtures-5187e6984403460ca5142bad9ae03e95
2026-09-19T05:14:21.9194074Z   PGPASSFILE: D:\a\_temp\album-haven-postgres-f_35419743702_2_2.pgpass
2026-09-19T05:14:21.9194830Z   ALBUM_HAVEN_CI_DATABASE: album_haven_ci_f_35419743702_2_2
2026-09-19T05:14:21.9195906Z   DATABASE_MIGRATOR_URL: postgresql://album_haven_migrator_f_35419743702_2_2@127.0.0.1/album_haven_ci_f_35419743702_2_2
2026-09-19T05:14:21.9197300Z   DATABASE_APP_URL: postgresql://album_haven_app_f_35419743702_2_2@127.0.0.1/album_haven_ci_f_35419743702_2_2
2026-09-19T05:14:21.9198684Z   DATABASE_READONLY_URL: postgresql://album_haven_readonly_f_35419743702_2_2@127.0.0.1/album_haven_ci_f_35419743702_2_2
2026-09-19T05:14:21.9200298Z   ALBUM_HAVEN_FAKE_E2E_SETUP_DATABASE_URL: postgresql://album_haven_migrator_f_35419743702_2_2@127.0.0.1/album_haven_ci_f_35419743702_2_2
2026-09-19T05:14:21.9201924Z   ALBUM_HAVEN_FAKE_E2E_DATABASE_URL: postgresql://album_haven_app_f_35419743702_2_2@127.0.0.1/album_haven_ci_f_35419743702_2_2
2026-09-19T05:14:21.9203418Z   ALBUM_HAVEN_APP_DATABASE_URL: postgresql://album_haven_app_f_35419743702_2_2@127.0.0.1/album_haven_ci_f_35419743702_2_2
2026-09-19T05:14:21.9204383Z ##[endgroup]
2026-09-19T05:14:22.1343618Z (node:5048) [DEP0040] DeprecationWarning: The `punycode` module is deprecated. Please use a userland alternative instead.
2026-09-19T05:14:22.1345079Z (Use `node --trace-deprecation ...` to show where the warning was created)
2026-09-19T05:14:22.1658039Z With the provided path, there will be 26 files uploaded
2026-09-19T05:14:22.1671048Z Artifact name is valid!
2026-09-19T05:14:22.1671862Z Root directory input is valid!
2026-09-19T05:14:22.4044143Z Beginning upload of artifact content to blob storage
2026-09-19T05:14:22.7357786Z (node:5048) [DEP0169] DeprecationWarning: `url.parse()` behavior is not standardized and prone to errors that have security implications. Use the WHATWG URL API instead. CVEs are not issued for `url.parse()` vulnerabilities.
2026-09-19T05:14:22.9755276Z Uploaded bytes 8388608
2026-09-19T05:14:23.2153495Z Uploaded bytes 16777216
2026-09-19T05:14:23.5118289Z Uploaded bytes 25165824
2026-09-19T05:14:23.5985059Z Uploaded bytes 27940656
2026-09-19T05:14:23.6123960Z Finished uploading artifact content to blob storage!
2026-09-19T05:14:23.6125579Z SHA256 digest of uploaded artifact zip is 0c0463055157d227fcc53707de0269aa3da81a94d11bf88e6e6e7709ee1c0054
2026-09-19T05:14:23.6128302Z Finalizing artifact upload
2026-09-19T05:14:23.8152354Z Artifact functional-debug-metadata-mutations-2.zip successfully finalized. Artifact ID 10578520710
2026-09-19T05:14:23.8153852Z Artifact functional-debug-metadata-mutations-2 has been successfully uploaded! Final size is 27940656 bytes. Artifact ID is 10578520710
2026-09-19T05:14:23.8164106Z Artifact download URL: https://github.com/idanilovqa/AlbumHaven/actions/runs/35419743702/artifacts/10578520710
2026-09-19T05:14:23.8549106Z Post job cleanup.
2026-09-19T05:14:24.0567370Z [command]"C:\Program Files\Git\bin\git.exe" version
2026-09-19T05:14:24.0835256Z git version 2.55.0.windows.5
2026-09-19T05:14:24.0905659Z Temporarily overriding HOME='D:\a\_temp\0dfa48f0-21c5-48e2-a40a-5c5256e494f0' before making global git config changes
2026-09-19T05:14:24.0906769Z Adding repository directory to the temporary git global config as a safe directory
2026-09-19T05:14:24.0917993Z [command]"C:\Program Files\Git\bin\git.exe" config --global --add safe.directory D:\a\AlbumHaven\AlbumHaven\.trusted-ci
2026-09-19T05:14:24.1217706Z [command]"C:\Program Files\Git\bin\git.exe" config --local --name-only --get-regexp core\.sshCommand
2026-09-19T05:14:24.1511067Z [command]"C:\Program Files\Git\bin\git.exe" submodule foreach --recursive "sh -c \"git config --local --name-only --get-regexp 'core\.sshCommand' && git config --local --unset-all 'core.sshCommand' || :\""
2026-09-19T05:14:24.6929203Z [command]"C:\Program Files\Git\bin\git.exe" config --local --name-only --get-regexp http\.https\:\/\/github\.com\/\.extraheader
2026-09-19T05:14:24.7238585Z [command]"C:\Program Files\Git\bin\git.exe" submodule foreach --recursive "sh -c \"git config --local --name-only --get-regexp 'http\.https\:\/\/github\.com\/\.extraheader' && git config --local --unset-all 'http.https://github.com/.extraheader' || :\""
2026-09-19T05:14:25.2612424Z [command]"C:\Program Files\Git\bin\git.exe" config --local --name-only --get-regexp ^includeIf\.gitdir:
2026-09-19T05:14:25.2903806Z [command]"C:\Program Files\Git\bin\git.exe" submodule foreach --recursive "git config --local --show-origin --name-only --get-regexp remote.origin.url"
2026-09-19T05:14:25.8788585Z Post job cleanup.
2026-09-19T05:14:26.0894347Z [command]"C:\Program Files\Git\bin\git.exe" version
2026-09-19T05:14:26.1165220Z git version 2.55.0.windows.5
2026-09-19T05:14:26.1232869Z Temporarily overriding HOME='D:\a\_temp\7b98a14d-94cc-4da2-9e16-00b1a7119b6d' before making global git config changes
2026-09-19T05:14:26.1233959Z Adding repository directory to the temporary git global config as a safe directory
2026-09-19T05:14:26.1245505Z [command]"C:\Program Files\Git\bin\git.exe" config --global --add safe.directory D:\a\AlbumHaven\AlbumHaven
2026-09-19T05:14:26.1564808Z [command]"C:\Program Files\Git\bin\git.exe" config --local --name-only --get-regexp core\.sshCommand
2026-09-19T05:14:26.1881396Z [command]"C:\Program Files\Git\bin\git.exe" submodule foreach --recursive "sh -c \"git config --local --name-only --get-regexp 'core\.sshCommand' && git config --local --unset-all 'core.sshCommand' || :\""
2026-09-19T05:14:26.7481464Z [command]"C:\Program Files\Git\bin\git.exe" config --local --name-only --get-regexp http\.https\:\/\/github\.com\/\.extraheader
2026-09-19T05:14:26.7781056Z [command]"C:\Program Files\Git\bin\git.exe" submodule foreach --recursive "sh -c \"git config --local --name-only --get-regexp 'http\.https\:\/\/github\.com\/\.extraheader' && git config --local --unset-all 'http.https://github.com/.extraheader' || :\""
2026-09-19T05:14:27.3202050Z [command]"C:\Program Files\Git\bin\git.exe" config --local --name-only --get-regexp ^includeIf\.gitdir:
2026-09-19T05:14:27.3497455Z [command]"C:\Program Files\Git\bin\git.exe" submodule foreach --recursive "git config --local --show-origin --name-only --get-regexp remote.origin.url"
2026-09-19T05:14:27.9147208Z Cleaning up orphan processes
2026-09-19T05:14:28.0141169Z ##[warning]Node.js 20 is deprecated. The following actions target Node.js 20 but are being forced to run on Node.js 24: actions/setup-node@v4, actions/setup-python@v5, actions/upload-artifact@v4. For more information see: https://github.blog/changelog/2025-09-19-deprecation-of-node-20-on-github-actions-runners/
