2026-09-19T04:53:51.8199965Z Current runner version: '2.337.0'
2026-09-19T04:53:51.8224898Z ##[group]Runner Image Provisioner
2026-09-19T04:53:51.8225697Z Hosted Compute Agent
2026-09-19T04:53:51.8226283Z Version: 20260828.587
2026-09-19T04:53:51.8226936Z Commit: abac92662cab4cc7352de4f9f9d2e2419aad9c29
2026-09-19T04:53:51.8227643Z Build Date: 2026-08-28T16:44:25Z
2026-09-19T04:53:51.8228305Z Worker ID: {29b50ef1-c23f-47c2-b2c6-425b01485230}
2026-09-19T04:53:51.8228996Z Azure Region: westcentralus
2026-09-19T04:53:51.8229573Z ##[endgroup]
2026-09-19T04:53:51.8230960Z ##[group]Operating System
2026-09-19T04:53:51.8232039Z Microsoft Windows Server 2025
2026-09-19T04:53:51.8232754Z 10.0.26100
2026-09-19T04:53:51.8233257Z Datacenter
2026-09-19T04:53:51.8233772Z ##[endgroup]
2026-09-19T04:53:51.8234300Z ##[group]Runner Image
2026-09-19T04:53:51.8234859Z Image: windows-2025-vs2026
2026-09-19T04:53:51.8235528Z Version: 20260907.229.1
2026-09-19T04:53:51.8237018Z Included Software: https://github.com/actions/runner-images/blob/win25-vs2026/20260907.229/images/windows/Windows2025-VS2026-Readme.md
2026-09-19T04:53:51.8238724Z Image Release: https://github.com/actions/runner-images/releases/tag/win25-vs2026%2F20260907.229
2026-09-19T04:53:51.8239689Z ##[endgroup]
2026-09-19T04:53:51.8240787Z ##[group]GITHUB_TOKEN Permissions
2026-09-19T04:53:51.8243337Z Contents: read
2026-09-19T04:53:51.8243932Z Metadata: read
2026-09-19T04:53:51.8244478Z ##[endgroup]
2026-09-19T04:53:51.8246534Z Secret source: Actions
2026-09-19T04:53:51.8247432Z Cache mode: write
2026-09-19T04:53:51.8248128Z Prepare workflow directory
2026-09-19T04:53:51.8694984Z Prepare all required actions
2026-09-19T04:53:51.8742807Z Getting action download info
2026-09-19T04:53:52.1506744Z Download action repository 'actions/checkout@v5' (SHA:fbc6f3992d24b796d5a048ff273f7fcc4a7b6c09)
2026-09-19T04:53:52.2862897Z Download action repository 'actions/setup-node@v4' (SHA:49933ea5288caeca8642d1e84afbd3f7d6820020)
2026-09-19T04:53:52.4522437Z Download action repository 'actions/setup-python@v5' (SHA:a26af69be951a213d495a4c3e4e4022e16d87065)
2026-09-19T04:53:52.5974109Z Download action repository 'browser-actions/setup-chrome@v2' (SHA:48ad923757ca74d66703209fe939badbdf80f2f4)
2026-09-19T04:53:53.0630661Z Download action repository 'actions/upload-artifact@v4' (SHA:ea165f8d65b6e75b540449e92b4886f43607fa02)
2026-09-19T04:53:53.5282360Z Complete job name: E2E: gallery-search-visual
2026-09-19T04:53:53.9287976Z ##[group]Run actions/checkout@v5
2026-09-19T04:53:53.9289455Z with:
2026-09-19T04:53:53.9290269Z   fetch-depth: 0
2026-09-19T04:53:53.9291202Z   persist-credentials: false
2026-09-19T04:53:53.9292496Z   repository: idanilovqa/AlbumHaven
2026-09-19T04:53:53.9302187Z   token: ***
2026-09-19T04:53:53.9303047Z   ssh-strict: true
2026-09-19T04:53:53.9303900Z   ssh-user: git
2026-09-19T04:53:53.9304720Z   clean: true
2026-09-19T04:53:53.9305583Z   sparse-checkout-cone-mode: true
2026-09-19T04:53:53.9306604Z   fetch-tags: false
2026-09-19T04:53:53.9307455Z   show-progress: true
2026-09-19T04:53:53.9308363Z   lfs: false
2026-09-19T04:53:53.9309186Z   submodules: false
2026-09-19T04:53:53.9310048Z   set-safe-directory: true
2026-09-19T04:53:53.9311034Z   allow-unsafe-pr-checkout: false
2026-09-19T04:53:53.9312919Z env:
2026-09-19T04:53:53.9314465Z   ALBUM_HAVEN_EXPECTED_FFMPEG_VERSION: 7.1-essentials_build-www.gyan.dev
2026-09-19T04:53:53.9315891Z ##[endgroup]
2026-09-19T04:53:54.1465716Z Syncing repository: idanilovqa/AlbumHaven
2026-09-19T04:53:54.1469318Z ##[group]Getting Git version info
2026-09-19T04:53:54.1471048Z Working directory is 'D:\a\AlbumHaven\AlbumHaven'
2026-09-19T04:53:54.3328623Z [command]"C:\Program Files\Git\bin\git.exe" version
2026-09-19T04:53:56.1850579Z git version 2.55.0.windows.5
2026-09-19T04:53:56.1901148Z ##[endgroup]
2026-09-19T04:53:56.1924220Z Temporarily overriding HOME='D:\a\_temp\fcf42928-1bc0-456d-b43d-aee3db5ec83c' before making global git config changes
2026-09-19T04:53:56.1936503Z Adding repository directory to the temporary git global config as a safe directory
2026-09-19T04:53:56.1941024Z [command]"C:\Program Files\Git\bin\git.exe" config --global --add safe.directory D:\a\AlbumHaven\AlbumHaven
2026-09-19T04:53:56.2786402Z Deleting the contents of 'D:\a\AlbumHaven\AlbumHaven'
2026-09-19T04:53:56.2792869Z ##[group]Initializing the repository
2026-09-19T04:53:56.2801285Z [command]"C:\Program Files\Git\bin\git.exe" init D:\a\AlbumHaven\AlbumHaven
2026-09-19T04:53:56.3632874Z Initialized empty Git repository in D:/a/AlbumHaven/AlbumHaven/.git/
2026-09-19T04:53:56.3687783Z [command]"C:\Program Files\Git\bin\git.exe" remote add origin https://github.com/idanilovqa/AlbumHaven
2026-09-19T04:53:56.4713357Z ##[endgroup]
2026-09-19T04:53:56.4713933Z ##[group]Disabling automatic garbage collection
2026-09-19T04:53:56.4722871Z [command]"C:\Program Files\Git\bin\git.exe" config --local gc.auto 0
2026-09-19T04:53:56.5012923Z ##[endgroup]
2026-09-19T04:53:56.5013389Z ##[group]Setting up auth
2026-09-19T04:53:56.5025575Z [command]"C:\Program Files\Git\bin\git.exe" config --local --name-only --get-regexp core\.sshCommand
2026-09-19T04:53:56.5330385Z [command]"C:\Program Files\Git\bin\git.exe" submodule foreach --recursive "sh -c \"git config --local --name-only --get-regexp 'core\.sshCommand' && git config --local --unset-all 'core.sshCommand' || :\""
2026-09-19T04:54:08.2003981Z [command]"C:\Program Files\Git\bin\git.exe" config --local --name-only --get-regexp http\.https\:\/\/github\.com\/\.extraheader
2026-09-19T04:54:08.2304239Z [command]"C:\Program Files\Git\bin\git.exe" submodule foreach --recursive "sh -c \"git config --local --name-only --get-regexp 'http\.https\:\/\/github\.com\/\.extraheader' && git config --local --unset-all 'http.https://github.com/.extraheader' || :\""
2026-09-19T04:54:08.7676773Z [command]"C:\Program Files\Git\bin\git.exe" config --local --name-only --get-regexp ^includeIf\.gitdir:
2026-09-19T04:54:08.7990490Z [command]"C:\Program Files\Git\bin\git.exe" submodule foreach --recursive "git config --local --show-origin --name-only --get-regexp remote.origin.url"
2026-09-19T04:54:09.3275507Z [command]"C:\Program Files\Git\bin\git.exe" config --local http.https://github.com/.extraheader "AUTHORIZATION: basic ***"
2026-09-19T04:54:09.3579649Z ##[endgroup]
2026-09-19T04:54:09.3580399Z ##[group]Fetching the repository
2026-09-19T04:54:09.3596596Z [command]"C:\Program Files\Git\bin\git.exe" -c protocol.version=2 fetch --prune --no-recurse-submodules origin +refs/heads/*:refs/remotes/origin/* +refs/tags/*:refs/tags/* +297d222b5b5d73bb89281b3850bd51cc161ba2d8:refs/remotes/pull/3/merge
2026-09-19T04:54:14.0911597Z From https://github.com/idanilovqa/AlbumHaven
2026-09-19T04:54:14.0912562Z  * [new branch]      2026-08-30-phase-7-local-auth            -> origin/2026-08-30-phase-7-local-auth
2026-09-19T04:54:14.0913712Z  * [new branch]      2026-09-05-gallery-refactor              -> origin/2026-09-05-gallery-refactor
2026-09-19T04:54:14.0915598Z  * [new branch]      2026-09-08-settings-refactor             -> origin/2026-09-08-settings-refactor
2026-09-19T04:54:14.0917173Z  * [new branch]      2026-09-17-pr3-rf456-build               -> origin/2026-09-17-pr3-rf456-build
2026-09-19T04:54:14.0918573Z  * [new branch]      2026-09-18-pr3-ci-diagnostics            -> origin/2026-09-18-pr3-ci-diagnostics
2026-09-19T04:54:14.0920093Z  * [new branch]      2026-09-18-pr3-e2e-batch                 -> origin/2026-09-18-pr3-e2e-batch
2026-09-19T04:54:14.0921086Z  * [new branch]      2026-09-18-pr3-js-batch                  -> origin/2026-09-18-pr3-js-batch
2026-09-19T04:54:14.0922090Z  * [new branch]      2026-09-18-pr3-python-batch              -> origin/2026-09-18-pr3-python-batch
2026-09-19T04:54:14.0923239Z  * [new branch]      codex/pr1-review-base-2026-09-10         -> origin/codex/pr1-review-base-2026-09-10
2026-09-19T04:54:14.0924795Z  * [new branch]      codex/pr1-review-snapshot-2026-09-10     -> origin/codex/pr1-review-snapshot-2026-09-10
2026-09-19T04:54:14.0926343Z  * [new branch]      main                                     -> origin/main
2026-09-19T04:54:14.0928272Z  * [new tag]         v0.9.41                                  -> v0.9.41
2026-09-19T04:54:14.0928911Z  * [new tag]         v0.9.42                                  -> v0.9.42
2026-09-19T04:54:14.0929529Z  * [new tag]         v0.9.43                                  -> v0.9.43
2026-09-19T04:54:14.0930168Z  * [new tag]         v0.9.44                                  -> v0.9.44
2026-09-19T04:54:14.0930897Z  * [new ref]         297d222b5b5d73bb89281b3850bd51cc161ba2d8 -> pull/3/merge
2026-09-19T04:54:14.0969627Z ##[endgroup]
2026-09-19T04:54:14.0970274Z ##[group]Determining the checkout info
2026-09-19T04:54:14.0971030Z ##[endgroup]
2026-09-19T04:54:14.0981342Z [command]"C:\Program Files\Git\bin\git.exe" sparse-checkout disable
2026-09-19T04:54:14.1461983Z [command]"C:\Program Files\Git\bin\git.exe" config --local --unset-all extensions.worktreeConfig
2026-09-19T04:54:14.1747176Z ##[group]Checking out the ref
2026-09-19T04:54:14.1756273Z [command]"C:\Program Files\Git\bin\git.exe" checkout --progress --force refs/remotes/pull/3/merge
2026-09-19T04:54:14.9322524Z Note: switching to 'refs/remotes/pull/3/merge'.
2026-09-19T04:54:14.9323649Z 
2026-09-19T04:54:14.9323895Z You are in 'detached HEAD' state. You can look around, make experimental
2026-09-19T04:54:14.9324414Z changes and commit them, and you can discard any commits you make in this
2026-09-19T04:54:14.9324866Z state without impacting any branches by switching back to a branch.
2026-09-19T04:54:14.9325137Z 
2026-09-19T04:54:14.9325309Z If you want to create a new branch to retain commits you create, you may
2026-09-19T04:54:14.9325746Z do so (now or later) by using -c with the switch command. Example:
2026-09-19T04:54:14.9325991Z 
2026-09-19T04:54:14.9326128Z   git switch -c <new-branch-name>
2026-09-19T04:54:14.9326303Z 
2026-09-19T04:54:14.9326393Z Or undo this operation with:
2026-09-19T04:54:14.9326541Z 
2026-09-19T04:54:14.9326614Z   git switch -
2026-09-19T04:54:14.9326738Z 
2026-09-19T04:54:14.9326935Z Turn off this advice by setting config variable advice.detachedHead to false
2026-09-19T04:54:14.9327234Z 
2026-09-19T04:54:14.9327562Z HEAD is now at 297d222 Merge ff81ffd4e846fa6606054b9d3b30dadffa4a6e18 into 38f740a4e984a25c0d501a7a2166d6ccdc09dcf3
2026-09-19T04:54:14.9844909Z ##[endgroup]
2026-09-19T04:54:14.9861589Z [command]"C:\Program Files\Git\bin\git.exe" log -1 --format=%H
2026-09-19T04:54:15.0125248Z 297d222b5b5d73bb89281b3850bd51cc161ba2d8
2026-09-19T04:54:15.0168406Z ##[group]Removing auth
2026-09-19T04:54:15.0180208Z [command]"C:\Program Files\Git\bin\git.exe" config --local --name-only --get-regexp core\.sshCommand
2026-09-19T04:54:15.0482236Z [command]"C:\Program Files\Git\bin\git.exe" submodule foreach --recursive "sh -c \"git config --local --name-only --get-regexp 'core\.sshCommand' && git config --local --unset-all 'core.sshCommand' || :\""
2026-09-19T04:54:15.5858929Z [command]"C:\Program Files\Git\bin\git.exe" config --local --name-only --get-regexp http\.https\:\/\/github\.com\/\.extraheader
2026-09-19T04:54:15.6125856Z http.https://github.com/.extraheader
2026-09-19T04:54:15.6169934Z [command]"C:\Program Files\Git\bin\git.exe" config --local --unset-all http.https://github.com/.extraheader
2026-09-19T04:54:15.6484419Z [command]"C:\Program Files\Git\bin\git.exe" submodule foreach --recursive "sh -c \"git config --local --name-only --get-regexp 'http\.https\:\/\/github\.com\/\.extraheader' && git config --local --unset-all 'http.https://github.com/.extraheader' || :\""
2026-09-19T04:54:16.1780721Z [command]"C:\Program Files\Git\bin\git.exe" config --local --name-only --get-regexp ^includeIf\.gitdir:
2026-09-19T04:54:16.2072155Z [command]"C:\Program Files\Git\bin\git.exe" submodule foreach --recursive "git config --local --show-origin --name-only --get-regexp remote.origin.url"
2026-09-19T04:54:16.7317675Z ##[endgroup]
2026-09-19T04:54:16.7760865Z ##[group]Run actions/checkout@v5
2026-09-19T04:54:16.7761173Z with:
2026-09-19T04:54:16.7761612Z   ref: 38f740a4e984a25c0d501a7a2166d6ccdc09dcf3
2026-09-19T04:54:16.7761891Z   path: .trusted-ci
2026-09-19T04:54:16.7762104Z   persist-credentials: false
2026-09-19T04:54:16.7762343Z   repository: idanilovqa/AlbumHaven
2026-09-19T04:54:16.7764769Z   token: ***
2026-09-19T04:54:16.7764956Z   ssh-strict: true
2026-09-19T04:54:16.7765140Z   ssh-user: git
2026-09-19T04:54:16.7765302Z   clean: true
2026-09-19T04:54:16.7765487Z   sparse-checkout-cone-mode: true
2026-09-19T04:54:16.7765716Z   fetch-depth: 1
2026-09-19T04:54:16.7765891Z   fetch-tags: false
2026-09-19T04:54:16.7766072Z   show-progress: true
2026-09-19T04:54:16.7766254Z   lfs: false
2026-09-19T04:54:16.7766421Z   submodules: false
2026-09-19T04:54:16.7766603Z   set-safe-directory: true
2026-09-19T04:54:16.7766820Z   allow-unsafe-pr-checkout: false
2026-09-19T04:54:16.7767043Z env:
2026-09-19T04:54:16.7767350Z   ALBUM_HAVEN_EXPECTED_FFMPEG_VERSION: 7.1-essentials_build-www.gyan.dev
2026-09-19T04:54:16.7767704Z ##[endgroup]
2026-09-19T04:54:16.8849006Z Syncing repository: idanilovqa/AlbumHaven
2026-09-19T04:54:16.8857896Z ##[group]Getting Git version info
2026-09-19T04:54:16.8858372Z Working directory is 'D:\a\AlbumHaven\AlbumHaven\.trusted-ci'
2026-09-19T04:54:16.9682262Z [command]"C:\Program Files\Git\bin\git.exe" version
2026-09-19T04:54:16.9955738Z git version 2.55.0.windows.5
2026-09-19T04:54:17.0007375Z ##[endgroup]
2026-09-19T04:54:17.0026457Z Temporarily overriding HOME='D:\a\_temp\b21f67ff-8840-4f26-9fc6-dcec3160652a' before making global git config changes
2026-09-19T04:54:17.0027858Z Adding repository directory to the temporary git global config as a safe directory
2026-09-19T04:54:17.0037161Z [command]"C:\Program Files\Git\bin\git.exe" config --global --add safe.directory D:\a\AlbumHaven\AlbumHaven\.trusted-ci
2026-09-19T04:54:17.0338191Z ##[group]Initializing the repository
2026-09-19T04:54:17.0347211Z [command]"C:\Program Files\Git\bin\git.exe" init D:\a\AlbumHaven\AlbumHaven\.trusted-ci
2026-09-19T04:54:17.0687570Z Initialized empty Git repository in D:/a/AlbumHaven/AlbumHaven/.trusted-ci/.git/
2026-09-19T04:54:17.0730920Z [command]"C:\Program Files\Git\bin\git.exe" remote add origin https://github.com/idanilovqa/AlbumHaven
2026-09-19T04:54:17.1027883Z ##[endgroup]
2026-09-19T04:54:17.1028515Z ##[group]Disabling automatic garbage collection
2026-09-19T04:54:17.1036943Z [command]"C:\Program Files\Git\bin\git.exe" config --local gc.auto 0
2026-09-19T04:54:17.1317018Z ##[endgroup]
2026-09-19T04:54:17.1317366Z ##[group]Setting up auth
2026-09-19T04:54:17.1327720Z [command]"C:\Program Files\Git\bin\git.exe" config --local --name-only --get-regexp core\.sshCommand
2026-09-19T04:54:17.1625031Z [command]"C:\Program Files\Git\bin\git.exe" submodule foreach --recursive "sh -c \"git config --local --name-only --get-regexp 'core\.sshCommand' && git config --local --unset-all 'core.sshCommand' || :\""
2026-09-19T04:54:17.7106660Z [command]"C:\Program Files\Git\bin\git.exe" config --local --name-only --get-regexp http\.https\:\/\/github\.com\/\.extraheader
2026-09-19T04:54:17.7442557Z [command]"C:\Program Files\Git\bin\git.exe" submodule foreach --recursive "sh -c \"git config --local --name-only --get-regexp 'http\.https\:\/\/github\.com\/\.extraheader' && git config --local --unset-all 'http.https://github.com/.extraheader' || :\""
2026-09-19T04:54:18.2831563Z [command]"C:\Program Files\Git\bin\git.exe" config --local --name-only --get-regexp ^includeIf\.gitdir:
2026-09-19T04:54:18.3143400Z [command]"C:\Program Files\Git\bin\git.exe" submodule foreach --recursive "git config --local --show-origin --name-only --get-regexp remote.origin.url"
2026-09-19T04:54:18.8424989Z [command]"C:\Program Files\Git\bin\git.exe" config --local http.https://github.com/.extraheader "AUTHORIZATION: basic ***"
2026-09-19T04:54:18.8777471Z ##[endgroup]
2026-09-19T04:54:18.8778068Z ##[group]Fetching the repository
2026-09-19T04:54:18.8792985Z [command]"C:\Program Files\Git\bin\git.exe" -c protocol.version=2 fetch --no-tags --prune --no-recurse-submodules --depth=1 origin 38f740a4e984a25c0d501a7a2166d6ccdc09dcf3
2026-09-19T04:54:20.2982849Z From https://github.com/idanilovqa/AlbumHaven
2026-09-19T04:54:20.2983350Z  * branch            38f740a4e984a25c0d501a7a2166d6ccdc09dcf3 -> FETCH_HEAD
2026-09-19T04:54:20.3025744Z ##[endgroup]
2026-09-19T04:54:20.3026276Z ##[group]Determining the checkout info
2026-09-19T04:54:20.3028908Z ##[endgroup]
2026-09-19T04:54:20.3038622Z [command]"C:\Program Files\Git\bin\git.exe" sparse-checkout disable
2026-09-19T04:54:20.3363773Z [command]"C:\Program Files\Git\bin\git.exe" config --local --unset-all extensions.worktreeConfig
2026-09-19T04:54:20.3646969Z ##[group]Checking out the ref
2026-09-19T04:54:20.3655352Z [command]"C:\Program Files\Git\bin\git.exe" checkout --progress --force 38f740a4e984a25c0d501a7a2166d6ccdc09dcf3
2026-09-19T04:54:20.8602161Z Note: switching to '38f740a4e984a25c0d501a7a2166d6ccdc09dcf3'.
2026-09-19T04:54:20.8602953Z 
2026-09-19T04:54:20.8603309Z You are in 'detached HEAD' state. You can look around, make experimental
2026-09-19T04:54:20.8604195Z changes and commit them, and you can discard any commits you make in this
2026-09-19T04:54:20.8605005Z state without impacting any branches by switching back to a branch.
2026-09-19T04:54:20.8605483Z 
2026-09-19T04:54:20.8605814Z If you want to create a new branch to retain commits you create, you may
2026-09-19T04:54:20.8606595Z do so (now or later) by using -c with the switch command. Example:
2026-09-19T04:54:20.8607054Z 
2026-09-19T04:54:20.8607222Z   git switch -c <new-branch-name>
2026-09-19T04:54:20.8607522Z 
2026-09-19T04:54:20.8607684Z Or undo this operation with:
2026-09-19T04:54:20.8607946Z 
2026-09-19T04:54:20.8608084Z   git switch -
2026-09-19T04:54:20.8608284Z 
2026-09-19T04:54:20.8608633Z Turn off this advice by setting config variable advice.detachedHead to false
2026-09-19T04:54:20.8609193Z 
2026-09-19T04:54:20.8609594Z HEAD is now at 38f740a Merge pull request #2 from idanilovqa/2026-09-05-gallery-refactor
2026-09-19T04:54:20.8687509Z ##[endgroup]
2026-09-19T04:54:20.9005157Z [command]"C:\Program Files\Git\bin\git.exe" log -1 --format=%H
2026-09-19T04:54:20.9262112Z 38f740a4e984a25c0d501a7a2166d6ccdc09dcf3
2026-09-19T04:54:20.9301515Z ##[group]Removing auth
2026-09-19T04:54:20.9309248Z [command]"C:\Program Files\Git\bin\git.exe" config --local --name-only --get-regexp core\.sshCommand
2026-09-19T04:54:20.9597118Z [command]"C:\Program Files\Git\bin\git.exe" submodule foreach --recursive "sh -c \"git config --local --name-only --get-regexp 'core\.sshCommand' && git config --local --unset-all 'core.sshCommand' || :\""
2026-09-19T04:54:21.5156385Z [command]"C:\Program Files\Git\bin\git.exe" config --local --name-only --get-regexp http\.https\:\/\/github\.com\/\.extraheader
2026-09-19T04:54:21.5542752Z http.https://github.com/.extraheader
2026-09-19T04:54:21.5582841Z [command]"C:\Program Files\Git\bin\git.exe" config --local --unset-all http.https://github.com/.extraheader
2026-09-19T04:54:21.5874044Z [command]"C:\Program Files\Git\bin\git.exe" submodule foreach --recursive "sh -c \"git config --local --name-only --get-regexp 'http\.https\:\/\/github\.com\/\.extraheader' && git config --local --unset-all 'http.https://github.com/.extraheader' || :\""
2026-09-19T04:54:22.1169971Z [command]"C:\Program Files\Git\bin\git.exe" config --local --name-only --get-regexp ^includeIf\.gitdir:
2026-09-19T04:54:22.1478544Z [command]"C:\Program Files\Git\bin\git.exe" submodule foreach --recursive "git config --local --show-origin --name-only --get-regexp remote.origin.url"
2026-09-19T04:54:22.6724487Z ##[endgroup]
2026-09-19T04:54:22.7047597Z ##[group]Run & ".trusted-ci\scripts\ci\fetch-test-fixtures.ps1" `
2026-09-19T04:54:22.7048331Z [36;1m& ".trusted-ci\scripts\ci\fetch-test-fixtures.ps1" `[0m
2026-09-19T04:54:22.7048695Z [36;1m  -Release fixtures-v1.0.23 `[0m
2026-09-19T04:54:22.7048980Z [36;1m  -Profile functional-core `[0m
2026-09-19T04:54:22.7049434Z [36;1m  -ManifestSha256 e3ad2c100a77af2cb25dca2894dbf2c5e8decbc6925acf54c2749f6d3be000c2[0m
2026-09-19T04:54:22.7749472Z shell: C:\Program Files\PowerShell\7\pwsh.EXE -command ". '{0}'"
2026-09-19T04:54:22.7749945Z env:
2026-09-19T04:54:22.7750342Z   ALBUM_HAVEN_EXPECTED_FFMPEG_VERSION: 7.1-essentials_build-www.gyan.dev
2026-09-19T04:54:22.7751471Z   ALBUM_HAVEN_FIXTURES_TOKEN: ***
2026-09-19T04:54:22.7751800Z ##[endgroup]
2026-09-19T04:54:28.1976765Z Node 20 is being deprecated. This workflow is running with Node 24 by default. If you need to temporarily use Node 20, you can set the ACTIONS_ALLOW_USE_UNSECURE_NODE_VERSION=true environment variable. For more information see: https://github.blog/changelog/2025-09-19-deprecation-of-node-20-on-github-actions-runners/
2026-09-19T04:54:28.1978092Z ##[group]Run actions/setup-node@v4
2026-09-19T04:54:28.1978326Z with:
2026-09-19T04:54:28.1978500Z   node-version: 22
2026-09-19T04:54:28.1978681Z   cache: npm
2026-09-19T04:54:28.1978856Z   always-auth: false
2026-09-19T04:54:28.1979047Z   check-latest: false
2026-09-19T04:54:28.1981431Z   token: ***
2026-09-19T04:54:28.1981602Z env:
2026-09-19T04:54:28.1981875Z   ALBUM_HAVEN_EXPECTED_FFMPEG_VERSION: 7.1-essentials_build-www.gyan.dev
2026-09-19T04:54:28.1982273Z   ALBUM_HAVEN_FIXTURE_RELEASE: fixtures-v1.0.23
2026-09-19T04:54:28.1982575Z   ALBUM_HAVEN_FIXTURE_PROFILE: functional-core
2026-09-19T04:54:28.1983031Z   ALBUM_HAVEN_FIXTURE_ROOT: D:\a\_temp\album-haven-fixtures-61c4851832ff47d6af9dea2a6d059bd4
2026-09-19T04:54:28.1983625Z   ALBUM_HAVEN_MEDIA_ROOT: D:\a\_temp\album-haven-fixtures-61c4851832ff47d6af9dea2a6d059bd4\media
2026-09-19T04:54:28.1984302Z ##[endgroup]
2026-09-19T04:54:28.3803974Z Found in cache @ C:\hostedtoolcache\windows\node\22.23.2\x64
2026-09-19T04:54:28.3811348Z (node:3484) [DEP0040] DeprecationWarning: The `punycode` module is deprecated. Please use a userland alternative instead.
2026-09-19T04:54:28.3812223Z (Use `node --trace-deprecation ...` to show where the warning was created)
2026-09-19T04:54:28.3814901Z ##[group]Environment details
2026-09-19T04:54:33.5438149Z node: v22.23.2
2026-09-19T04:54:33.5438462Z npm: 10.9.8
2026-09-19T04:54:33.5438634Z yarn: 1.22.22
2026-09-19T04:54:33.5439046Z ##[endgroup]
2026-09-19T04:54:33.6284027Z [command]C:\Windows\system32\cmd.exe /D /S /C "C:\hostedtoolcache\windows\node\22.23.2\x64\npm.cmd config get cache"
2026-09-19T04:54:34.1986374Z C:\npm\cache
2026-09-19T04:54:34.6154904Z Cache hit for: node-cache-Windows-x64-npm-26253ee3ceab3d8c9b127fb1ff8b52c4c231c2e05275c7ca052f26b453f7dc92
2026-09-19T04:54:34.6273502Z (node:3484) [DEP0169] DeprecationWarning: `url.parse()` behavior is not standardized and prone to errors that have security implications. Use the WHATWG URL API instead. CVEs are not issued for `url.parse()` vulnerabilities.
2026-09-19T04:54:35.2936081Z Received 3822098 of 3822098 (100.0%), 7.8 MBs/sec
2026-09-19T04:54:35.2939178Z Cache Size: ~4 MB (3822098 B)
2026-09-19T04:54:35.2966484Z [command]"C:\Program Files\Git\usr\bin\tar.exe" -xf D:/a/_temp/3c939554-cb59-4fd6-909d-f52d6421a3bb/cache.tzst -P -C D:/a/AlbumHaven/AlbumHaven --force-local --use-compress-program "zstd -d"
2026-09-19T04:54:35.5292576Z Cache restored successfully
2026-09-19T04:54:35.5304739Z Cache restored from key: node-cache-Windows-x64-npm-26253ee3ceab3d8c9b127fb1ff8b52c4c231c2e05275c7ca052f26b453f7dc92
2026-09-19T04:54:35.5640510Z Node 20 is being deprecated. This workflow is running with Node 24 by default. If you need to temporarily use Node 20, you can set the ACTIONS_ALLOW_USE_UNSECURE_NODE_VERSION=true environment variable. For more information see: https://github.blog/changelog/2025-09-19-deprecation-of-node-20-on-github-actions-runners/
2026-09-19T04:54:35.5641863Z ##[group]Run actions/setup-python@v5
2026-09-19T04:54:35.5642112Z with:
2026-09-19T04:54:35.5642286Z   python-version: 3.11
2026-09-19T04:54:35.5642481Z   cache: pip
2026-09-19T04:54:35.5642688Z   cache-dependency-path: requirements.txt
2026-09-19T04:54:35.5643333Z   check-latest: false
2026-09-19T04:54:35.5645906Z   token: ***
2026-09-19T04:54:35.5646098Z   update-environment: true
2026-09-19T04:54:35.5646324Z   allow-prereleases: false
2026-09-19T04:54:35.5646529Z   freethreaded: false
2026-09-19T04:54:35.5646718Z env:
2026-09-19T04:54:35.5646991Z   ALBUM_HAVEN_EXPECTED_FFMPEG_VERSION: 7.1-essentials_build-www.gyan.dev
2026-09-19T04:54:35.5647429Z   ALBUM_HAVEN_FIXTURE_RELEASE: fixtures-v1.0.23
2026-09-19T04:54:35.5647735Z   ALBUM_HAVEN_FIXTURE_PROFILE: functional-core
2026-09-19T04:54:35.5648169Z   ALBUM_HAVEN_FIXTURE_ROOT: D:\a\_temp\album-haven-fixtures-61c4851832ff47d6af9dea2a6d059bd4
2026-09-19T04:54:35.5648786Z   ALBUM_HAVEN_MEDIA_ROOT: D:\a\_temp\album-haven-fixtures-61c4851832ff47d6af9dea2a6d059bd4\media
2026-09-19T04:54:35.5649215Z ##[endgroup]
2026-09-19T04:54:35.7251604Z ##[group]Installed versions
2026-09-19T04:54:35.7572952Z (node:5956) [DEP0040] DeprecationWarning: The `punycode` module is deprecated. Please use a userland alternative instead.
2026-09-19T04:54:35.7573774Z (Use `node --trace-deprecation ...` to show where the warning was created)
2026-09-19T04:54:35.7574282Z Successfully set up CPython (3.11.9)
2026-09-19T04:54:35.7574706Z ##[endgroup]
2026-09-19T04:54:38.6421373Z Cache hit for: setup-python-Windows-x64-python-3.11.9-pip-0c6be4352e523693f41bb557265b0d204a2348bd0887365f0c4493752562bd14
2026-09-19T04:54:38.6538294Z (node:5956) [DEP0169] DeprecationWarning: `url.parse()` behavior is not standardized and prone to errors that have security implications. Use the WHATWG URL API instead. CVEs are not issued for `url.parse()` vulnerabilities.
2026-09-19T04:54:39.7029083Z Received 58149912 of 58149912 (100.0%), 65.3 MBs/sec
2026-09-19T04:54:39.7033549Z Cache Size: ~55 MB (58149912 B)
2026-09-19T04:54:39.7120020Z [command]"C:\Program Files\Git\usr\bin\tar.exe" -xf D:/a/_temp/da749c87-ba95-42d1-9716-aef3a8468c3c/cache.tzst -P -C D:/a/AlbumHaven/AlbumHaven --force-local --use-compress-program "zstd -d"
2026-09-19T04:54:42.3971695Z Cache restored successfully
2026-09-19T04:54:42.4017853Z Cache restored from key: setup-python-Windows-x64-python-3.11.9-pip-0c6be4352e523693f41bb557265b0d204a2348bd0887365f0c4493752562bd14
2026-09-19T04:54:42.4336416Z ##[group]Run npm ci
2026-09-19T04:54:42.4336733Z [36;1mnpm ci[0m
2026-09-19T04:54:42.4408899Z shell: C:\Program Files\PowerShell\7\pwsh.EXE -command ". '{0}'"
2026-09-19T04:54:42.4409260Z env:
2026-09-19T04:54:42.4409572Z   ALBUM_HAVEN_EXPECTED_FFMPEG_VERSION: 7.1-essentials_build-www.gyan.dev
2026-09-19T04:54:42.4410003Z   ALBUM_HAVEN_FIXTURE_RELEASE: fixtures-v1.0.23
2026-09-19T04:54:42.4410340Z   ALBUM_HAVEN_FIXTURE_PROFILE: functional-core
2026-09-19T04:54:42.4410793Z   ALBUM_HAVEN_FIXTURE_ROOT: D:\a\_temp\album-haven-fixtures-61c4851832ff47d6af9dea2a6d059bd4
2026-09-19T04:54:42.4411414Z   ALBUM_HAVEN_MEDIA_ROOT: D:\a\_temp\album-haven-fixtures-61c4851832ff47d6af9dea2a6d059bd4\media
2026-09-19T04:54:42.4411953Z   pythonLocation: C:\hostedtoolcache\windows\Python\3.11.9\x64
2026-09-19T04:54:42.4412420Z   PKG_CONFIG_PATH: C:\hostedtoolcache\windows\Python\3.11.9\x64/lib/pkgconfig
2026-09-19T04:54:42.4412922Z   Python_ROOT_DIR: C:\hostedtoolcache\windows\Python\3.11.9\x64
2026-09-19T04:54:42.4413339Z   Python2_ROOT_DIR: C:\hostedtoolcache\windows\Python\3.11.9\x64
2026-09-19T04:54:42.4413739Z   Python3_ROOT_DIR: C:\hostedtoolcache\windows\Python\3.11.9\x64
2026-09-19T04:54:42.4414065Z ##[endgroup]
2026-09-19T04:54:45.3913639Z 
2026-09-19T04:54:45.3914381Z added 3 packages, and audited 4 packages in 2s
2026-09-19T04:54:45.3922944Z 
2026-09-19T04:54:45.3923644Z found 0 vulnerabilities
2026-09-19T04:54:47.4374976Z ##[group]Run python -m pip install --upgrade pip
2026-09-19T04:54:47.4375449Z [36;1mpython -m pip install --upgrade pip[0m
2026-09-19T04:54:47.4375813Z [36;1mpython -m pip install -r requirements.txt[0m
2026-09-19T04:54:47.4447272Z shell: C:\Program Files\PowerShell\7\pwsh.EXE -command ". '{0}'"
2026-09-19T04:54:47.4447635Z env:
2026-09-19T04:54:47.4447929Z   ALBUM_HAVEN_EXPECTED_FFMPEG_VERSION: 7.1-essentials_build-www.gyan.dev
2026-09-19T04:54:47.4448532Z   ALBUM_HAVEN_FIXTURE_RELEASE: fixtures-v1.0.23
2026-09-19T04:54:47.4448866Z   ALBUM_HAVEN_FIXTURE_PROFILE: functional-core
2026-09-19T04:54:47.4449325Z   ALBUM_HAVEN_FIXTURE_ROOT: D:\a\_temp\album-haven-fixtures-61c4851832ff47d6af9dea2a6d059bd4
2026-09-19T04:54:47.4450519Z   ALBUM_HAVEN_MEDIA_ROOT: D:\a\_temp\album-haven-fixtures-61c4851832ff47d6af9dea2a6d059bd4\media
2026-09-19T04:54:47.4451086Z   pythonLocation: C:\hostedtoolcache\windows\Python\3.11.9\x64
2026-09-19T04:54:47.4451582Z   PKG_CONFIG_PATH: C:\hostedtoolcache\windows\Python\3.11.9\x64/lib/pkgconfig
2026-09-19T04:54:47.4452036Z   Python_ROOT_DIR: C:\hostedtoolcache\windows\Python\3.11.9\x64
2026-09-19T04:54:47.4452442Z   Python2_ROOT_DIR: C:\hostedtoolcache\windows\Python\3.11.9\x64
2026-09-19T04:54:47.4452840Z   Python3_ROOT_DIR: C:\hostedtoolcache\windows\Python\3.11.9\x64
2026-09-19T04:54:47.4453165Z ##[endgroup]
2026-09-19T04:54:49.7408028Z Requirement already satisfied: pip in C:\hostedtoolcache\windows\Python\3.11.9\x64\Lib\site-packages (26.2.1)
2026-09-19T04:54:51.7379711Z Collecting jinja2 (from -r requirements.txt (line 1))
2026-09-19T04:54:51.7408180Z   Using cached jinja2-3.1.6-py3-none-any.whl.metadata (2.9 kB)
2026-09-19T04:54:51.8284271Z Collecting markupsafe (from -r requirements.txt (line 2))
2026-09-19T04:54:51.8309583Z   Using cached markupsafe-3.0.3-cp311-cp311-win_amd64.whl.metadata (2.8 kB)
2026-09-19T04:54:51.9001058Z Collecting fastapi==0.115.6 (from -r requirements.txt (line 3))
2026-09-19T04:54:51.9028099Z   Using cached fastapi-0.115.6-py3-none-any.whl.metadata (27 kB)
2026-09-19T04:54:51.9631770Z Collecting uvicorn (from -r requirements.txt (line 4))
2026-09-19T04:54:51.9657183Z   Using cached uvicorn-0.53.0-py3-none-any.whl.metadata (6.6 kB)
2026-09-19T04:54:52.1051889Z Collecting websockets (from -r requirements.txt (line 5))
2026-09-19T04:54:52.1078735Z   Using cached websockets-17.1-cp311-cp311-win_amd64.whl.metadata (6.5 kB)
2026-09-19T04:54:52.1539280Z Collecting mutagen (from -r requirements.txt (line 6))
2026-09-19T04:54:52.1563642Z   Using cached mutagen-1.48.1-py3-none-any.whl.metadata (1.8 kB)
2026-09-19T04:54:52.3549247Z Collecting pillow (from -r requirements.txt (line 7))
2026-09-19T04:54:52.3576582Z   Using cached pillow-12.3.0-cp311-cp311-win_amd64.whl.metadata (9.3 kB)
2026-09-19T04:54:52.4249254Z Collecting imageio-ffmpeg==0.6.0 (from -r requirements.txt (line 8))
2026-09-19T04:54:52.4273624Z   Using cached imageio_ffmpeg-0.6.0-py3-none-win_amd64.whl.metadata (1.5 kB)
2026-09-19T04:54:52.4767223Z Collecting ytmusicapi (from -r requirements.txt (line 9))
2026-09-19T04:54:52.4792341Z   Using cached ytmusicapi-1.12.3-py3-none-any.whl.metadata (4.3 kB)
2026-09-19T04:54:52.5427172Z Collecting pytest (from -r requirements.txt (line 10))
2026-09-19T04:54:52.5451042Z   Using cached pytest-9.1.1-py3-none-any.whl.metadata (7.6 kB)
2026-09-19T04:54:52.6391933Z Collecting zstandard (from -r requirements.txt (line 12))
2026-09-19T04:54:52.6417818Z   Using cached zstandard-0.25.0-cp311-cp311-win_amd64.whl.metadata (3.3 kB)
2026-09-19T04:54:52.6904291Z Collecting argon2-cffi (from -r requirements.txt (line 13))
2026-09-19T04:54:52.6928762Z   Using cached argon2_cffi-25.1.0-py3-none-any.whl.metadata (4.1 kB)
2026-09-19T04:54:52.7365323Z Collecting aiosmtplib (from -r requirements.txt (line 14))
2026-09-19T04:54:52.7389245Z   Using cached aiosmtplib-5.1.3-py3-none-any.whl.metadata (3.6 kB)
2026-09-19T04:54:52.9653849Z Collecting cryptography>=42 (from -r requirements.txt (line 15))
2026-09-19T04:54:52.9683728Z   Using cached cryptography-50.0.1-cp311-abi3-win_amd64.whl.metadata (4.3 kB)
2026-09-19T04:54:53.0408999Z Collecting watchdog<7,>=4.0 (from -r requirements.txt (line 16))
2026-09-19T04:54:53.0433445Z   Using cached watchdog-6.0.0-py3-none-win_amd64.whl.metadata (44 kB)
2026-09-19T04:54:53.1121559Z Collecting psycopg[binary] (from -r requirements.txt (line 11))
2026-09-19T04:54:53.3582082Z   Downloading psycopg-3.3.6-py3-none-any.whl.metadata (4.4 kB)
2026-09-19T04:54:53.4346175Z Collecting starlette<0.42.0,>=0.40.0 (from fastapi==0.115.6->-r requirements.txt (line 3))
2026-09-19T04:54:53.4370165Z   Using cached starlette-0.41.3-py3-none-any.whl.metadata (6.0 kB)
2026-09-19T04:54:53.5756036Z Collecting pydantic!=1.8,!=1.8.1,!=2.0.0,!=2.0.1,!=2.1.0,<3.0.0,>=1.7.4 (from fastapi==0.115.6->-r requirements.txt (line 3))
2026-09-19T04:54:53.5780481Z   Using cached pydantic-2.13.5-py3-none-any.whl.metadata (110 kB)
2026-09-19T04:54:53.6254276Z Collecting typing-extensions>=4.8.0 (from fastapi==0.115.6->-r requirements.txt (line 3))
2026-09-19T04:54:53.6286805Z   Using cached typing_extensions-4.16.0-py3-none-any.whl.metadata (3.3 kB)
2026-09-19T04:54:53.6673705Z Collecting annotated-types>=0.6.0 (from pydantic!=1.8,!=1.8.1,!=2.0.0,!=2.0.1,!=2.1.0,<3.0.0,>=1.7.4->fastapi==0.115.6->-r requirements.txt (line 3))
2026-09-19T04:54:53.6697304Z   Using cached annotated_types-0.8.0-py3-none-any.whl.metadata (15 kB)
2026-09-19T04:54:54.4206576Z Collecting pydantic-core==2.46.5 (from pydantic!=1.8,!=1.8.1,!=2.0.0,!=2.0.1,!=2.1.0,<3.0.0,>=1.7.4->fastapi==0.115.6->-r requirements.txt (line 3))
2026-09-19T04:54:54.4234562Z   Using cached pydantic_core-2.46.5-cp311-cp311-win_amd64.whl.metadata (6.7 kB)
2026-09-19T04:54:54.4702552Z Collecting typing-inspection>=0.4.2 (from pydantic!=1.8,!=1.8.1,!=2.0.0,!=2.0.1,!=2.1.0,<3.0.0,>=1.7.4->fastapi==0.115.6->-r requirements.txt (line 3))
2026-09-19T04:54:54.4727200Z   Using cached typing_inspection-0.4.4-py3-none-any.whl.metadata (2.6 kB)
2026-09-19T04:54:54.5302999Z Collecting anyio<5,>=3.4.0 (from starlette<0.42.0,>=0.40.0->fastapi==0.115.6->-r requirements.txt (line 3))
2026-09-19T04:54:54.5326407Z   Using cached anyio-4.15.1-py3-none-any.whl.metadata (4.7 kB)
2026-09-19T04:54:54.5876141Z Collecting idna>=2.8 (from anyio<5,>=3.4.0->starlette<0.42.0,>=0.40.0->fastapi==0.115.6->-r requirements.txt (line 3))
2026-09-19T04:54:54.5900211Z   Using cached idna-3.20-py3-none-any.whl.metadata (7.2 kB)
2026-09-19T04:54:54.6437192Z Collecting click>=7.0 (from uvicorn->-r requirements.txt (line 4))
2026-09-19T04:54:54.6460627Z   Using cached click-8.5.0-py3-none-any.whl.metadata (2.6 kB)
2026-09-19T04:54:54.6822838Z Collecting h11>=0.8 (from uvicorn->-r requirements.txt (line 4))
2026-09-19T04:54:54.6847800Z   Using cached h11-0.16.0-py3-none-any.whl.metadata (8.3 kB)
2026-09-19T04:54:54.7406446Z Collecting requests>=2.22 (from ytmusicapi->-r requirements.txt (line 9))
2026-09-19T04:54:54.7430240Z   Using cached requests-2.34.2-py3-none-any.whl.metadata (4.8 kB)
2026-09-19T04:54:54.7831821Z Collecting colorama>=0.4 (from pytest->-r requirements.txt (line 10))
2026-09-19T04:54:54.7855821Z   Using cached colorama-0.4.6-py2.py3-none-any.whl.metadata (17 kB)
2026-09-19T04:54:54.8301503Z Collecting iniconfig>=1.0.1 (from pytest->-r requirements.txt (line 10))
2026-09-19T04:54:54.8325330Z   Using cached iniconfig-2.3.0-py3-none-any.whl.metadata (2.5 kB)
2026-09-19T04:54:54.8774052Z Collecting packaging>=22 (from pytest->-r requirements.txt (line 10))
2026-09-19T04:54:54.8797480Z   Using cached packaging-26.3-py3-none-any.whl.metadata (3.5 kB)
2026-09-19T04:54:54.9188869Z Collecting pluggy<2,>=1.5 (from pytest->-r requirements.txt (line 10))
2026-09-19T04:54:54.9212698Z   Using cached pluggy-1.6.0-py3-none-any.whl.metadata (4.8 kB)
2026-09-19T04:54:54.9663608Z Collecting pygments>=2.7.2 (from pytest->-r requirements.txt (line 10))
2026-09-19T04:54:54.9730615Z   Using cached pygments-2.21.0-py3-none-any.whl.metadata (2.5 kB)
2026-09-19T04:54:55.0198209Z Collecting tzdata (from psycopg[binary]->-r requirements.txt (line 11))
2026-09-19T04:54:55.0221353Z   Using cached tzdata-2026.4-py2.py3-none-any.whl.metadata (1.4 kB)
2026-09-19T04:54:55.2955620Z Collecting psycopg-binary==3.3.6 (from psycopg[binary]->-r requirements.txt (line 11))
2026-09-19T04:54:55.3217406Z   Downloading psycopg_binary-3.3.6-cp311-cp311-win_amd64.whl.metadata (2.8 kB)
2026-09-19T04:54:55.3876287Z Collecting argon2-cffi-bindings (from argon2-cffi->-r requirements.txt (line 13))
2026-09-19T04:54:55.3902668Z   Using cached argon2_cffi_bindings-26.1.0-cp310-abi3-win_amd64.whl.metadata (7.5 kB)
2026-09-19T04:54:55.5416036Z Collecting cffi>=2.0.0 (from cryptography>=42->-r requirements.txt (line 15))
2026-09-19T04:54:55.5446703Z   Using cached cffi-2.1.1-cp311-cp311-win_amd64.whl.metadata (2.6 kB)
2026-09-19T04:54:55.5853481Z Collecting pycparser (from cffi>=2.0.0->cryptography>=42->-r requirements.txt (line 15))
2026-09-19T04:54:55.5890273Z   Using cached pycparser-3.0-py3-none-any.whl.metadata (8.2 kB)
2026-09-19T04:54:55.7384221Z Collecting charset_normalizer<4,>=2 (from requests>=2.22->ytmusicapi->-r requirements.txt (line 9))
2026-09-19T04:54:55.7414593Z   Using cached charset_normalizer-3.5.1-cp311-cp311-win_amd64.whl.metadata (46 kB)
2026-09-19T04:54:55.7990946Z Collecting urllib3<3,>=1.26 (from requests>=2.22->ytmusicapi->-r requirements.txt (line 9))
2026-09-19T04:54:55.8017284Z   Using cached urllib3-2.8.0-py3-none-any.whl.metadata (7.4 kB)
2026-09-19T04:54:55.8471265Z Collecting certifi>=2023.5.7 (from requests>=2.22->ytmusicapi->-r requirements.txt (line 9))
2026-09-19T04:54:55.8496715Z   Using cached certifi-2026.7.22-py3-none-any.whl.metadata (2.5 kB)
2026-09-19T04:54:55.8603256Z Using cached fastapi-0.115.6-py3-none-any.whl (94 kB)
2026-09-19T04:54:55.8626951Z Using cached imageio_ffmpeg-0.6.0-py3-none-win_amd64.whl (31.2 MB)
2026-09-19T04:54:55.8817018Z Using cached watchdog-6.0.0-py3-none-win_amd64.whl (79 kB)
2026-09-19T04:54:55.8839477Z Using cached pydantic-2.13.5-py3-none-any.whl (472 kB)
2026-09-19T04:54:55.8867400Z Using cached pydantic_core-2.46.5-cp311-cp311-win_amd64.whl (2.0 MB)
2026-09-19T04:54:55.8901412Z Using cached starlette-0.41.3-py3-none-any.whl (73 kB)
2026-09-19T04:54:55.8923109Z Using cached anyio-4.15.1-py3-none-any.whl (132 kB)
2026-09-19T04:54:55.8945628Z Using cached jinja2-3.1.6-py3-none-any.whl (134 kB)
2026-09-19T04:54:55.9009788Z Using cached markupsafe-3.0.3-cp311-cp311-win_amd64.whl (15 kB)
2026-09-19T04:54:55.9032505Z Using cached uvicorn-0.53.0-py3-none-any.whl (87 kB)
2026-09-19T04:54:55.9054824Z Using cached websockets-17.1-cp311-cp311-win_amd64.whl (217 kB)
2026-09-19T04:54:55.9077526Z Using cached mutagen-1.48.1-py3-none-any.whl (195 kB)
2026-09-19T04:54:55.9102538Z Using cached pillow-12.3.0-cp311-cp311-win_amd64.whl (7.2 MB)
2026-09-19T04:54:55.9158375Z Using cached ytmusicapi-1.12.3-py3-none-any.whl (111 kB)
2026-09-19T04:54:55.9181115Z Using cached pytest-9.1.1-py3-none-any.whl (386 kB)
2026-09-19T04:54:55.9259821Z Using cached pluggy-1.6.0-py3-none-any.whl (20 kB)
2026-09-19T04:54:55.9467736Z Downloading psycopg-3.3.6-py3-none-any.whl (215 kB)
2026-09-19T04:54:56.0882129Z Downloading psycopg_binary-3.3.6-cp311-cp311-win_amd64.whl (3.7 MB)
2026-09-19T04:54:56.1982627Z    ---------------------------------------- 3.7/3.7 MB 36.7 MB/s  0:00:00
2026-09-19T04:54:56.2004679Z Using cached zstandard-0.25.0-cp311-cp311-win_amd64.whl (506 kB)
2026-09-19T04:54:56.2030867Z Using cached argon2_cffi-25.1.0-py3-none-any.whl (14 kB)
2026-09-19T04:54:56.2057552Z Using cached aiosmtplib-5.1.3-py3-none-any.whl (30 kB)
2026-09-19T04:54:56.2079991Z Using cached cryptography-50.0.1-cp311-abi3-win_amd64.whl (3.8 MB)
2026-09-19T04:54:56.2122160Z Using cached annotated_types-0.8.0-py3-none-any.whl (13 kB)
2026-09-19T04:54:56.2167812Z Using cached cffi-2.1.1-cp311-cp311-win_amd64.whl (185 kB)
2026-09-19T04:54:56.2195278Z Using cached click-8.5.0-py3-none-any.whl (125 kB)
2026-09-19T04:54:56.2218327Z Using cached colorama-0.4.6-py2.py3-none-any.whl (25 kB)
2026-09-19T04:54:56.2240384Z Using cached h11-0.16.0-py3-none-any.whl (37 kB)
2026-09-19T04:54:56.2262594Z Using cached idna-3.20-py3-none-any.whl (69 kB)
2026-09-19T04:54:56.2288260Z Using cached iniconfig-2.3.0-py3-none-any.whl (7.5 kB)
2026-09-19T04:54:56.2310794Z Using cached packaging-26.3-py3-none-any.whl (129 kB)
2026-09-19T04:54:56.2333474Z Using cached pygments-2.21.0-py3-none-any.whl (1.3 MB)
2026-09-19T04:54:56.2363714Z Using cached requests-2.34.2-py3-none-any.whl (73 kB)
2026-09-19T04:54:56.2390342Z Using cached charset_normalizer-3.5.1-cp311-cp311-win_amd64.whl (206 kB)
2026-09-19T04:54:56.2413090Z Using cached urllib3-2.8.0-py3-none-any.whl (135 kB)
2026-09-19T04:54:56.2435772Z Using cached certifi-2026.7.22-py3-none-any.whl (136 kB)
2026-09-19T04:54:56.2458638Z Using cached typing_extensions-4.16.0-py3-none-any.whl (45 kB)
2026-09-19T04:54:56.2484300Z Using cached typing_inspection-0.4.4-py3-none-any.whl (14 kB)
2026-09-19T04:54:56.2507000Z Using cached argon2_cffi_bindings-26.1.0-cp310-abi3-win_amd64.whl (25 kB)
2026-09-19T04:54:56.2529650Z Using cached pycparser-3.0-py3-none-any.whl (48 kB)
2026-09-19T04:54:56.2562974Z Using cached tzdata-2026.4-py2.py3-none-any.whl (347 kB)
2026-09-19T04:54:56.5746262Z Installing collected packages: zstandard, websockets, watchdog, urllib3, tzdata, typing-extensions, pygments, pycparser, psycopg-binary, pluggy, pillow, packaging, mutagen, markupsafe, iniconfig, imageio-ffmpeg, idna, h11, colorama, click, charset_normalizer, certifi, annotated-types, aiosmtplib, uvicorn, typing-inspection, requests, pytest, pydantic-core, psycopg, jinja2, cffi, anyio, ytmusicapi, starlette, pydantic, cryptography, argon2-cffi-bindings, fastapi, argon2-cffi
2026-09-19T04:55:18.5433692Z 
2026-09-19T04:55:18.5462758Z Successfully installed aiosmtplib-5.1.3 annotated-types-0.8.0 anyio-4.15.1 argon2-cffi-25.1.0 argon2-cffi-bindings-26.1.0 certifi-2026.7.22 cffi-2.1.1 charset_normalizer-3.5.1 click-8.5.0 colorama-0.4.6 cryptography-50.0.1 fastapi-0.115.6 h11-0.16.0 idna-3.20 imageio-ffmpeg-0.6.0 iniconfig-2.3.0 jinja2-3.1.6 markupsafe-3.0.3 mutagen-1.48.1 packaging-26.3 pillow-12.3.0 pluggy-1.6.0 psycopg-3.3.6 psycopg-binary-3.3.6 pycparser-3.0 pydantic-2.13.5 pydantic-core-2.46.5 pygments-2.21.0 pytest-9.1.1 requests-2.34.2 starlette-0.41.3 typing-extensions-4.16.0 typing-inspection-0.4.4 tzdata-2026.4 urllib3-2.8.0 uvicorn-0.53.0 watchdog-6.0.0 websockets-17.1 ytmusicapi-1.12.3 zstandard-0.25.0
2026-09-19T04:55:18.8070570Z ##[group]Run node scripts/ci/resolve-ci-shard.cjs functional gallery-search-visual
2026-09-19T04:55:18.8071253Z [36;1mnode scripts/ci/resolve-ci-shard.cjs functional gallery-search-visual[0m
2026-09-19T04:55:18.8142652Z shell: C:\Program Files\PowerShell\7\pwsh.EXE -command ". '{0}'"
2026-09-19T04:55:18.8142999Z env:
2026-09-19T04:55:18.8143307Z   ALBUM_HAVEN_EXPECTED_FFMPEG_VERSION: 7.1-essentials_build-www.gyan.dev
2026-09-19T04:55:18.8143731Z   ALBUM_HAVEN_FIXTURE_RELEASE: fixtures-v1.0.23
2026-09-19T04:55:18.8144076Z   ALBUM_HAVEN_FIXTURE_PROFILE: functional-core
2026-09-19T04:55:18.8144540Z   ALBUM_HAVEN_FIXTURE_ROOT: D:\a\_temp\album-haven-fixtures-61c4851832ff47d6af9dea2a6d059bd4
2026-09-19T04:55:18.8145175Z   ALBUM_HAVEN_MEDIA_ROOT: D:\a\_temp\album-haven-fixtures-61c4851832ff47d6af9dea2a6d059bd4\media
2026-09-19T04:55:18.8145707Z   pythonLocation: C:\hostedtoolcache\windows\Python\3.11.9\x64
2026-09-19T04:55:18.8146215Z   PKG_CONFIG_PATH: C:\hostedtoolcache\windows\Python\3.11.9\x64/lib/pkgconfig
2026-09-19T04:55:18.8146681Z   Python_ROOT_DIR: C:\hostedtoolcache\windows\Python\3.11.9\x64
2026-09-19T04:55:18.8147080Z   Python2_ROOT_DIR: C:\hostedtoolcache\windows\Python\3.11.9\x64
2026-09-19T04:55:18.8147485Z   Python3_ROOT_DIR: C:\hostedtoolcache\windows\Python\3.11.9\x64
2026-09-19T04:55:18.8147797Z ##[endgroup]
2026-09-19T04:55:19.2770980Z ##[group]Run browser-actions/setup-chrome@v2
2026-09-19T04:55:19.2771348Z with:
2026-09-19T04:55:19.2771546Z   chrome-version: 151.0.7922.138
2026-09-19T04:55:19.2771810Z   install-dependencies: false
2026-09-19T04:55:19.2772058Z   install-chromedriver: false
2026-09-19T04:55:19.2772290Z   no-sudo: false
2026-09-19T04:55:19.2772474Z env:
2026-09-19T04:55:19.2772756Z   ALBUM_HAVEN_EXPECTED_FFMPEG_VERSION: 7.1-essentials_build-www.gyan.dev
2026-09-19T04:55:19.2773176Z   ALBUM_HAVEN_FIXTURE_RELEASE: fixtures-v1.0.23
2026-09-19T04:55:19.2773512Z   ALBUM_HAVEN_FIXTURE_PROFILE: functional-core
2026-09-19T04:55:19.2774196Z   ALBUM_HAVEN_FIXTURE_ROOT: D:\a\_temp\album-haven-fixtures-61c4851832ff47d6af9dea2a6d059bd4
2026-09-19T04:55:19.2774822Z   ALBUM_HAVEN_MEDIA_ROOT: D:\a\_temp\album-haven-fixtures-61c4851832ff47d6af9dea2a6d059bd4\media
2026-09-19T04:55:19.2775361Z   pythonLocation: C:\hostedtoolcache\windows\Python\3.11.9\x64
2026-09-19T04:55:19.2775849Z   PKG_CONFIG_PATH: C:\hostedtoolcache\windows\Python\3.11.9\x64/lib/pkgconfig
2026-09-19T04:55:19.2776299Z   Python_ROOT_DIR: C:\hostedtoolcache\windows\Python\3.11.9\x64
2026-09-19T04:55:19.2776710Z   Python2_ROOT_DIR: C:\hostedtoolcache\windows\Python\3.11.9\x64
2026-09-19T04:55:19.2777110Z   Python3_ROOT_DIR: C:\hostedtoolcache\windows\Python\3.11.9\x64
2026-09-19T04:55:19.2777429Z ##[endgroup]
2026-09-19T04:55:19.3763373Z Setup chrome 151.0.7922.138
2026-09-19T04:55:19.3776497Z Attempting to download chrome 151.0.7922.138...
2026-09-19T04:55:19.7664306Z Acquiring chrome 151.0.7922.138 from https://storage.googleapis.com/chrome-for-testing-public/151.0.7922.138/win64/chrome-win64.zip
2026-09-19T04:55:21.2031300Z Installing chrome...
2026-09-19T04:55:21.2893610Z [command]"C:\Program Files\PowerShell\7\pwsh.exe" -NoLogo -NoProfile -NonInteractive -ExecutionPolicy Unrestricted -Command "$ErrorActionPreference = 'Stop' ; try { Add-Type -AssemblyName System.IO.Compression.ZipFile } catch { } ; try { [System.IO.Compression.ZipFile]::ExtractToDirectory('D:\a\_temp\be705e78-2c94-4fe1-92f2-cc77e28b8306', 'D:\a\_temp\5e832af8-56f2-4bd4-84dd-6f641d05c047', $true) } catch { if (($_.Exception.GetType().FullName -eq 'System.Management.Automation.MethodException') -or ($_.Exception.GetType().FullName -eq 'System.Management.Automation.RuntimeException') ){ Expand-Archive -LiteralPath 'D:\a\_temp\be705e78-2c94-4fe1-92f2-cc77e28b8306' -DestinationPath 'D:\a\_temp\5e832af8-56f2-4bd4-84dd-6f641d05c047' -Force } else { throw $_ } } ;"
2026-09-19T04:55:23.5204732Z Successfully Installed chrome to C:\hostedtoolcache\windows\setup-chrome\chrome\151.0.7922.138\x64
2026-09-19T04:55:23.6138053Z [command]C:\Windows\System32\WindowsPowerShell\v1.0\powershell.exe -Command "(Get-Item (Get-Command 'C:\hostedtoolcache\windows\setup-chrome\chrome\151.0.7922.138\x64\chrome.exe').Source).VersionInfo.ProductVersion"
2026-09-19T04:55:26.3939181Z 151.0.7922.138
2026-09-19T04:55:26.4368785Z Successfully setup chrome 151.0.7922.138
2026-09-19T04:55:26.4659957Z ##[group]Run $sourceRoot = [IO.Path]::GetFullPath($env:ALBUM_HAVEN_FIXTURE_ROOT)
2026-09-19T04:55:26.4660630Z [36;1m$sourceRoot = [IO.Path]::GetFullPath($env:ALBUM_HAVEN_FIXTURE_ROOT)[0m
2026-09-19T04:55:26.4661349Z [36;1m$workRoot = [IO.Path]::GetFullPath((Join-Path "D:\a\_temp" "album-haven-e2e-functional-fixtures-gallery-search-visual"))[0m
2026-09-19T04:55:26.4661985Z [36;1m$sharedRoot = Join-Path $workRoot "shared"[0m
2026-09-19T04:55:26.4662343Z [36;1m$runnerTemp = [IO.Path]::GetFullPath("D:\a\_temp")[0m
2026-09-19T04:55:26.4662772Z [36;1m$relativeWork = [IO.Path]::GetRelativePath($runnerTemp, $workRoot)[0m
2026-09-19T04:55:26.4663487Z [36;1mif ([string]::IsNullOrWhiteSpace($relativeWork) -or $relativeWork.StartsWith("..") -or [IO.Path]::IsPathRooted($relativeWork)) {[0m
2026-09-19T04:55:26.4664218Z [36;1m  throw "Functional fixture work root must be a non-root child of RUNNER_TEMP."[0m
2026-09-19T04:55:26.4664620Z [36;1m}[0m
2026-09-19T04:55:26.4665048Z [36;1mif (-not (Test-Path -LiteralPath (Join-Path $sourceRoot "manifest.json") -PathType Leaf) -or[0m
2026-09-19T04:55:26.4665697Z [36;1m    -not (Test-Path -LiteralPath (Join-Path $sourceRoot "database") -PathType Container) -or[0m
2026-09-19T04:55:26.4666318Z [36;1m    -not (Test-Path -LiteralPath (Join-Path $sourceRoot "media") -PathType Container)) {[0m
2026-09-19T04:55:26.4666823Z [36;1m  throw "Downloaded functional fixture is incomplete."[0m
2026-09-19T04:55:26.4667134Z [36;1m}[0m
2026-09-19T04:55:26.4667347Z [36;1mif (Test-Path -LiteralPath $workRoot) {[0m
2026-09-19T04:55:26.4667732Z [36;1m  throw "Functional fixture work root must not already exist."[0m
2026-09-19T04:55:26.4668276Z [36;1m}[0m
2026-09-19T04:55:26.4668617Z [36;1mNew-Item -ItemType Directory -Path $workRoot | Out-Null[0m
2026-09-19T04:55:26.4669382Z [36;1mCopy-Item -LiteralPath $sourceRoot -Destination $sharedRoot -Recurse[0m
2026-09-19T04:55:26.4669978Z [36;1mif (-not (Test-Path -LiteralPath (Join-Path $sharedRoot "manifest.json") -PathType Leaf) -or[0m
2026-09-19T04:55:26.4670615Z [36;1m    -not (Test-Path -LiteralPath (Join-Path $sharedRoot "database") -PathType Container) -or[0m
2026-09-19T04:55:26.4671222Z [36;1m    -not (Test-Path -LiteralPath (Join-Path $sharedRoot "media") -PathType Container)) {[0m
2026-09-19T04:55:26.4671770Z [36;1m  throw "Writable functional fixture copy is incomplete."[0m
2026-09-19T04:55:26.4672091Z [36;1m}[0m
2026-09-19T04:55:26.4672542Z [36;1m"ALBUM_HAVEN_FUNCTIONAL_FIXTURE_WORK_ROOT=$workRoot" | Out-File -FilePath $env:GITHUB_ENV -Append -Encoding utf8[0m
2026-09-19T04:55:26.4673337Z [36;1m"ALBUM_HAVEN_FUNCTIONAL_SOURCE_FIXTURE_ROOT=$sourceRoot" | Out-File -FilePath $env:GITHUB_ENV -Append -Encoding utf8[0m
2026-09-19T04:55:26.4674093Z [36;1m"ALBUM_HAVEN_FIXTURE_ROOT=$sharedRoot" | Out-File -FilePath $env:GITHUB_ENV -Append -Encoding utf8[0m
2026-09-19T04:55:26.4674832Z [36;1m"ALBUM_HAVEN_MEDIA_ROOT=$(Join-Path $sharedRoot 'media')" | Out-File -FilePath $env:GITHUB_ENV -Append -Encoding utf8[0m
2026-09-19T04:55:26.4747656Z shell: C:\Program Files\PowerShell\7\pwsh.EXE -command ". '{0}'"
2026-09-19T04:55:26.4748020Z env:
2026-09-19T04:55:26.4748317Z   ALBUM_HAVEN_EXPECTED_FFMPEG_VERSION: 7.1-essentials_build-www.gyan.dev
2026-09-19T04:55:26.4748858Z   ALBUM_HAVEN_FIXTURE_RELEASE: fixtures-v1.0.23
2026-09-19T04:55:26.4749218Z   ALBUM_HAVEN_FIXTURE_PROFILE: functional-core
2026-09-19T04:55:26.4749687Z   ALBUM_HAVEN_FIXTURE_ROOT: D:\a\_temp\album-haven-fixtures-61c4851832ff47d6af9dea2a6d059bd4
2026-09-19T04:55:26.4750304Z   ALBUM_HAVEN_MEDIA_ROOT: D:\a\_temp\album-haven-fixtures-61c4851832ff47d6af9dea2a6d059bd4\media
2026-09-19T04:55:26.4750854Z   pythonLocation: C:\hostedtoolcache\windows\Python\3.11.9\x64
2026-09-19T04:55:26.4751302Z   PKG_CONFIG_PATH: C:\hostedtoolcache\windows\Python\3.11.9\x64/lib/pkgconfig
2026-09-19T04:55:26.4751758Z   Python_ROOT_DIR: C:\hostedtoolcache\windows\Python\3.11.9\x64
2026-09-19T04:55:26.4754117Z   Python2_ROOT_DIR: C:\hostedtoolcache\windows\Python\3.11.9\x64
2026-09-19T04:55:26.4754686Z   Python3_ROOT_DIR: C:\hostedtoolcache\windows\Python\3.11.9\x64
2026-09-19T04:55:26.4755019Z ##[endgroup]
2026-09-19T04:55:28.1892494Z ##[group]Run if (-not (Test-Path -LiteralPath ".\scripts\ci\load-fixture-profile.py" -PathType Leaf)) {
2026-09-19T04:55:28.1893322Z [36;1mif (-not (Test-Path -LiteralPath ".\scripts\ci\load-fixture-profile.py" -PathType Leaf)) {[0m
2026-09-19T04:55:28.1893903Z [36;1m  throw "scripts/ci/load-fixture-profile.py is required."[0m
2026-09-19T04:55:28.1894241Z [36;1m}[0m
2026-09-19T04:55:28.1894527Z [36;1m$env:PLAYWRIGHT_PROVIDER_PORT = ([int]"5200" + 2).ToString()[0m
2026-09-19T04:55:28.1894954Z [36;1m.\scripts\ci\bootstrap-windows-postgres.ps1 `[0m
2026-09-19T04:55:28.1895274Z [36;1m  -Mode Provision `[0m
2026-09-19T04:55:28.1895517Z [36;1m  -ExpectedMajorVersion 17 `[0m
2026-09-19T04:55:28.1895778Z [36;1m  -Pgbin $env:PGBIN `[0m
2026-09-19T04:55:28.1896011Z [36;1m  -HostName 127.0.0.1 `[0m
2026-09-19T04:55:28.1896264Z [36;1m  -DatabaseSuffix "f_35419743702_2_0" `[0m
2026-09-19T04:55:28.1896747Z [36;1m  -StatePath "D:\a\_temp\album-haven-functional-gallery-search-visual.state.json"[0m
2026-09-19T04:55:28.1967422Z shell: C:\Program Files\PowerShell\7\pwsh.EXE -command ". '{0}'"
2026-09-19T04:55:28.1967769Z env:
2026-09-19T04:55:28.1968061Z   ALBUM_HAVEN_EXPECTED_FFMPEG_VERSION: 7.1-essentials_build-www.gyan.dev
2026-09-19T04:55:28.1968938Z   ALBUM_HAVEN_FIXTURE_RELEASE: fixtures-v1.0.23
2026-09-19T04:55:28.1969270Z   ALBUM_HAVEN_FIXTURE_PROFILE: functional-core
2026-09-19T04:55:28.1969788Z   ALBUM_HAVEN_FIXTURE_ROOT: D:\a\_temp\album-haven-e2e-functional-fixtures-gallery-search-visual\shared
2026-09-19T04:55:28.1970719Z   ALBUM_HAVEN_MEDIA_ROOT: D:\a\_temp\album-haven-e2e-functional-fixtures-gallery-search-visual\shared\media
2026-09-19T04:55:28.1971297Z   pythonLocation: C:\hostedtoolcache\windows\Python\3.11.9\x64
2026-09-19T04:55:28.1971738Z   PKG_CONFIG_PATH: C:\hostedtoolcache\windows\Python\3.11.9\x64/lib/pkgconfig
2026-09-19T04:55:28.1972180Z   Python_ROOT_DIR: C:\hostedtoolcache\windows\Python\3.11.9\x64
2026-09-19T04:55:28.1972581Z   Python2_ROOT_DIR: C:\hostedtoolcache\windows\Python\3.11.9\x64
2026-09-19T04:55:28.1972978Z   Python3_ROOT_DIR: C:\hostedtoolcache\windows\Python\3.11.9\x64
2026-09-19T04:55:28.1973547Z   ALBUM_HAVEN_FUNCTIONAL_FIXTURE_WORK_ROOT: D:\a\_temp\album-haven-e2e-functional-fixtures-gallery-search-visual
2026-09-19T04:55:28.1974283Z   ALBUM_HAVEN_FUNCTIONAL_SOURCE_FIXTURE_ROOT: D:\a\_temp\album-haven-fixtures-61c4851832ff47d6af9dea2a6d059bd4
2026-09-19T04:55:28.1974759Z ##[endgroup]
2026-09-19T04:55:31.2245891Z BEGIN
2026-09-19T04:55:31.3166374Z DO
2026-09-19T04:55:31.3670023Z CREATE ROLE
2026-09-19T04:55:31.3767090Z CREATE ROLE
2026-09-19T04:55:31.3862249Z CREATE ROLE
2026-09-19T04:55:31.4041220Z COMMIT
2026-09-19T04:55:33.0624899Z CREATE DATABASE
2026-09-19T04:55:33.1261841Z REVOKE
2026-09-19T04:55:33.1299209Z GRANT
2026-09-19T04:55:33.1329095Z GRANT
2026-09-19T04:55:33.2044419Z CREATE SCHEMA
2026-09-19T04:55:33.2045803Z CREATE SCHEMA
2026-09-19T04:55:33.2047528Z CREATE SCHEMA
2026-09-19T04:55:33.2049327Z CREATE SCHEMA
2026-09-19T04:55:33.2105860Z CREATE TABLE
2026-09-19T04:55:33.2147340Z CREATE TABLE
2026-09-19T04:55:33.2189359Z CREATE TABLE
2026-09-19T04:55:33.2197976Z CREATE INDEX
2026-09-19T04:55:33.2206345Z CREATE INDEX
2026-09-19T04:55:33.2241066Z CREATE TABLE
2026-09-19T04:55:33.2249032Z CREATE INDEX
2026-09-19T04:55:33.2257914Z CREATE INDEX
2026-09-19T04:55:33.2290810Z CREATE TABLE
2026-09-19T04:55:33.2299504Z CREATE INDEX
2026-09-19T04:55:33.2310243Z CREATE INDEX
2026-09-19T04:55:33.2346684Z CREATE TABLE
2026-09-19T04:55:33.2354617Z CREATE INDEX
2026-09-19T04:55:33.2363940Z CREATE INDEX
2026-09-19T04:55:33.2401579Z CREATE TABLE
2026-09-19T04:55:33.2409853Z CREATE INDEX
2026-09-19T04:55:33.2418965Z CREATE INDEX
2026-09-19T04:55:33.2427569Z CREATE INDEX
2026-09-19T04:55:33.2463956Z CREATE TABLE
2026-09-19T04:55:33.2472754Z CREATE INDEX
2026-09-19T04:55:33.2482108Z CREATE INDEX
2026-09-19T04:55:33.2519097Z CREATE TABLE
2026-09-19T04:55:33.2527034Z CREATE INDEX
2026-09-19T04:55:33.2539818Z CREATE INDEX
2026-09-19T04:55:33.2572355Z CREATE TABLE
2026-09-19T04:55:33.2581004Z CREATE INDEX
2026-09-19T04:55:33.2613661Z CREATE TABLE
2026-09-19T04:55:33.2621981Z CREATE INDEX
2026-09-19T04:55:33.2630927Z CREATE INDEX
2026-09-19T04:55:33.2666924Z CREATE TABLE
2026-09-19T04:55:33.2675446Z CREATE INDEX
2026-09-19T04:55:33.2684071Z CREATE INDEX
2026-09-19T04:55:33.2733071Z CREATE INDEX
2026-09-19T04:55:33.2742340Z CREATE INDEX
2026-09-19T04:55:33.2816045Z CREATE TABLE
2026-09-19T04:55:33.2824756Z CREATE INDEX
2026-09-19T04:55:33.2833761Z CREATE INDEX
2026-09-19T04:55:33.2842676Z CREATE INDEX
2026-09-19T04:55:33.2851526Z CREATE INDEX
2026-09-19T04:55:33.2860992Z CREATE INDEX
2026-09-19T04:55:33.2902415Z CREATE TABLE
2026-09-19T04:55:33.2911481Z CREATE INDEX
2026-09-19T04:55:33.2920993Z CREATE INDEX
2026-09-19T04:55:33.2928901Z CREATE INDEX
2026-09-19T04:55:33.2937867Z CREATE INDEX
2026-09-19T04:55:33.2949399Z CREATE INDEX
2026-09-19T04:55:33.2992923Z CREATE TABLE
2026-09-19T04:55:33.3002127Z CREATE INDEX
2026-09-19T04:55:33.3011236Z CREATE INDEX
2026-09-19T04:55:33.3020172Z CREATE INDEX
2026-09-19T04:55:33.3030629Z CREATE INDEX
2026-09-19T04:55:33.3041078Z CREATE INDEX
2026-09-19T04:55:33.3050705Z CREATE INDEX
2026-09-19T04:55:33.3109683Z CREATE TABLE
2026-09-19T04:55:33.3120068Z CREATE INDEX
2026-09-19T04:55:33.3129913Z CREATE INDEX
2026-09-19T04:55:33.3138631Z CREATE INDEX
2026-09-19T04:55:33.3176032Z CREATE TABLE
2026-09-19T04:55:33.3186736Z CREATE INDEX
2026-09-19T04:55:33.3195712Z CREATE INDEX
2026-09-19T04:55:33.3232884Z CREATE TABLE
2026-09-19T04:55:33.3242026Z CREATE INDEX
2026-09-19T04:55:33.3256492Z CREATE INDEX
2026-09-19T04:55:33.3293147Z CREATE TABLE
2026-09-19T04:55:33.3302272Z CREATE INDEX
2026-09-19T04:55:33.3312204Z CREATE INDEX
2026-09-19T04:55:33.3347962Z CREATE TABLE
2026-09-19T04:55:33.3357051Z CREATE INDEX
2026-09-19T04:55:33.3366832Z CREATE INDEX
2026-09-19T04:55:33.3422443Z CREATE TABLE
2026-09-19T04:55:33.3433872Z CREATE INDEX
2026-09-19T04:55:33.3446105Z CREATE INDEX
2026-09-19T04:55:33.3484641Z CREATE TABLE
2026-09-19T04:55:33.3495680Z CREATE INDEX
2026-09-19T04:55:33.3506989Z CREATE INDEX
2026-09-19T04:55:33.3519110Z CREATE INDEX
2026-09-19T04:55:33.3606477Z CREATE TABLE
2026-09-19T04:55:33.3615491Z CREATE INDEX
2026-09-19T04:55:33.3624350Z CREATE INDEX
2026-09-19T04:55:33.3632693Z CREATE INDEX
2026-09-19T04:55:33.3641328Z CREATE INDEX
2026-09-19T04:55:33.3688958Z CREATE TABLE
2026-09-19T04:55:33.3698339Z CREATE INDEX
2026-09-19T04:55:33.3707669Z CREATE INDEX
2026-09-19T04:55:33.3715991Z CREATE INDEX
2026-09-19T04:55:33.3725653Z CREATE INDEX
2026-09-19T04:55:33.3734010Z CREATE INDEX
2026-09-19T04:55:33.3773712Z CREATE TABLE
2026-09-19T04:55:33.3783079Z CREATE INDEX
2026-09-19T04:55:33.3819486Z CREATE TABLE
2026-09-19T04:55:33.3828923Z CREATE INDEX
2026-09-19T04:55:33.3873983Z CREATE TABLE
2026-09-19T04:55:33.3884198Z CREATE INDEX
2026-09-19T04:55:33.3893372Z CREATE INDEX
2026-09-19T04:55:33.3902409Z CREATE INDEX
2026-09-19T04:55:33.3911946Z CREATE INDEX
2026-09-19T04:55:33.3951024Z CREATE TABLE
2026-09-19T04:55:33.3960145Z CREATE INDEX
2026-09-19T04:55:33.3970629Z CREATE INDEX
2026-09-19T04:55:33.4011264Z CREATE TABLE
2026-09-19T04:55:33.4020034Z CREATE INDEX
2026-09-19T04:55:33.4028613Z CREATE INDEX
2026-09-19T04:55:33.4038135Z CREATE INDEX
2026-09-19T04:55:33.4047293Z CREATE INDEX
2026-09-19T04:55:33.4088880Z CREATE TABLE
2026-09-19T04:55:33.4098071Z CREATE INDEX
2026-09-19T04:55:33.4107519Z CREATE INDEX
2026-09-19T04:55:33.4115844Z CREATE INDEX
2026-09-19T04:55:33.4125134Z CREATE INDEX
2026-09-19T04:55:33.4163365Z CREATE TABLE
2026-09-19T04:55:33.4171917Z CREATE INDEX
2026-09-19T04:55:33.4180913Z CREATE INDEX
2026-09-19T04:55:33.4189505Z CREATE INDEX
2026-09-19T04:55:33.4239494Z CREATE TABLE
2026-09-19T04:55:33.4248076Z CREATE INDEX
2026-09-19T04:55:33.4285009Z CREATE TABLE
2026-09-19T04:55:33.4368319Z CREATE INDEX
2026-09-19T04:55:33.4378708Z CREATE INDEX
2026-09-19T04:55:33.4400165Z DO
2026-09-19T04:55:33.4646085Z DO
2026-09-19T04:55:33.4652348Z DO
2026-09-19T04:55:33.4658897Z DO
2026-09-19T04:55:33.5366028Z INSERT 0 1
2026-09-19T04:55:33.5986981Z CREATE TABLE
2026-09-19T04:55:33.5996171Z CREATE INDEX
2026-09-19T04:55:33.6016603Z CREATE INDEX
2026-09-19T04:55:33.6017365Z CREATE INDEX
2026-09-19T04:55:33.6024499Z CREATE INDEX
2026-09-19T04:55:33.6033260Z CREATE INDEX
2026-09-19T04:55:33.6043182Z CREATE INDEX
2026-09-19T04:55:33.6052281Z CREATE INDEX
2026-09-19T04:55:33.6073512Z DO
2026-09-19T04:55:33.6081583Z DO
2026-09-19T04:55:33.6099992Z DO
2026-09-19T04:55:33.6733668Z INSERT 0 1
2026-09-19T04:55:33.7299150Z ALTER TABLE
2026-09-19T04:55:33.7304818Z ALTER TABLE
2026-09-19T04:55:33.7312799Z ALTER TABLE
2026-09-19T04:55:33.7320419Z ALTER TABLE
2026-09-19T04:55:33.7336178Z CREATE INDEX
2026-09-19T04:55:33.7346021Z CREATE INDEX
2026-09-19T04:55:33.7358125Z CREATE INDEX
2026-09-19T04:55:33.7369397Z CREATE INDEX
2026-09-19T04:55:33.7380504Z CREATE INDEX
2026-09-19T04:55:33.7392896Z CREATE INDEX
2026-09-19T04:55:33.7402236Z CREATE INDEX
2026-09-19T04:55:33.7411956Z CREATE INDEX
2026-09-19T04:55:33.8102960Z INSERT 0 1
2026-09-19T04:55:33.8747647Z CREATE INDEX
2026-09-19T04:55:33.8762596Z CREATE INDEX
2026-09-19T04:55:33.8773469Z CREATE INDEX
2026-09-19T04:55:33.9587036Z INSERT 0 1
2026-09-19T04:55:34.2735269Z CREATE TABLE
2026-09-19T04:55:34.2744001Z INSERT 0 6
2026-09-19T04:55:34.2791509Z CREATE TABLE
2026-09-19T04:55:34.2802461Z CREATE INDEX
2026-09-19T04:55:34.2811551Z CREATE INDEX
2026-09-19T04:55:34.2854427Z CREATE TABLE
2026-09-19T04:55:34.2863184Z CREATE INDEX
2026-09-19T04:55:34.2872351Z CREATE INDEX
2026-09-19T04:55:34.2882615Z CREATE INDEX
2026-09-19T04:55:34.2901832Z DO
2026-09-19T04:55:34.2924755Z DO
2026-09-19T04:55:34.3556838Z INSERT 0 1
2026-09-19T04:55:34.4133645Z UPDATE 0
2026-09-19T04:55:34.4138506Z psql:D:/a/AlbumHaven/AlbumHaven/migrations/postgres/0006_scope_lastfm_sync_identities.sql:26: NOTICE:  index "lastfm_sessions_account_username_idx" does not exist, skipping
2026-09-19T04:55:34.4140177Z DROP INDEX
2026-09-19T04:55:34.4156356Z CREATE INDEX
2026-09-19T04:55:34.4160264Z psql:D:/a/AlbumHaven/AlbumHaven/migrations/postgres/0006_scope_lastfm_sync_identities.sql:31: NOTICE:  index "pending_scrobbles_source_identity_idx" does not exist, skipping
2026-09-19T04:55:34.4161056Z DROP INDEX
2026-09-19T04:55:34.4164521Z psql:D:/a/AlbumHaven/AlbumHaven/migrations/postgres/0006_scope_lastfm_sync_identities.sql:43: NOTICE:  relation "pending_scrobbles_source_identity_idx" already exists, skipping
2026-09-19T04:55:34.4165549Z CREATE INDEX
2026-09-19T04:55:34.4167712Z psql:D:/a/AlbumHaven/AlbumHaven/migrations/postgres/0006_scope_lastfm_sync_identities.sql:45: NOTICE:  index "scrobble_retry_state_source_identity_idx" does not exist, skipping
2026-09-19T04:55:34.4169101Z DROP INDEX
2026-09-19T04:55:34.4172023Z psql:D:/a/AlbumHaven/AlbumHaven/migrations/postgres/0006_scope_lastfm_sync_identities.sql:59: NOTICE:  relation "scrobble_retry_state_source_identity_idx" already exists, skipping
2026-09-19T04:55:34.4173277Z CREATE INDEX
2026-09-19T04:55:34.4772733Z INSERT 0 1
2026-09-19T04:55:34.5315497Z DROP INDEX
2026-09-19T04:55:34.5339696Z CREATE INDEX
2026-09-19T04:55:34.6066061Z INSERT 0 1
2026-09-19T04:55:34.6655275Z DROP INDEX
2026-09-19T04:55:34.6676297Z CREATE INDEX
2026-09-19T04:55:34.7331795Z INSERT 0 1
2026-09-19T04:55:34.7925163Z CREATE TABLE
2026-09-19T04:55:34.7933588Z CREATE INDEX
2026-09-19T04:55:34.7943777Z CREATE INDEX
2026-09-19T04:55:34.7969772Z DO
2026-09-19T04:55:34.8570661Z INSERT 0 1
2026-09-19T04:55:34.9174303Z CREATE TABLE
2026-09-19T04:55:34.9183717Z CREATE INDEX
2026-09-19T04:55:34.9193676Z CREATE INDEX
2026-09-19T04:55:34.9203387Z CREATE INDEX
2026-09-19T04:55:34.9242391Z CREATE TABLE
2026-09-19T04:55:34.9252667Z CREATE INDEX
2026-09-19T04:55:34.9261819Z CREATE INDEX
2026-09-19T04:55:34.9270512Z CREATE INDEX
2026-09-19T04:55:34.9300138Z DO
2026-09-19T04:55:34.9974446Z INSERT 0 1
2026-09-19T04:55:35.0581718Z CREATE TABLE
2026-09-19T04:55:35.0591718Z CREATE INDEX
2026-09-19T04:55:35.0599787Z CREATE INDEX
2026-09-19T04:55:35.0610611Z CREATE INDEX
2026-09-19T04:55:35.0633213Z DO
2026-09-19T04:55:35.1421232Z INSERT 0 1
2026-09-19T04:55:35.2043924Z CREATE TABLE
2026-09-19T04:55:35.2052589Z CREATE INDEX
2026-09-19T04:55:35.2062126Z CREATE INDEX
2026-09-19T04:55:35.2072219Z CREATE INDEX
2026-09-19T04:55:35.2098092Z DO
2026-09-19T04:55:35.2752966Z INSERT 0 1
2026-09-19T04:55:35.3367408Z CREATE TABLE
2026-09-19T04:55:35.3376174Z CREATE INDEX
2026-09-19T04:55:35.3387270Z CREATE INDEX
2026-09-19T04:55:35.3397165Z CREATE INDEX
2026-09-19T04:55:35.3420264Z DO
2026-09-19T04:55:35.4046715Z INSERT 0 1
2026-09-19T04:55:35.4623524Z UPDATE 0
2026-09-19T04:55:35.5193025Z INSERT 0 1
2026-09-19T04:55:35.5796849Z CREATE TABLE
2026-09-19T04:55:35.5805896Z CREATE INDEX
2026-09-19T04:55:35.5814389Z CREATE INDEX
2026-09-19T04:55:35.5823249Z CREATE INDEX
2026-09-19T04:55:35.5832712Z CREATE INDEX
2026-09-19T04:55:35.5841224Z CREATE INDEX
2026-09-19T04:55:35.5853396Z CREATE INDEX
2026-09-19T04:55:35.5879743Z DO
2026-09-19T04:55:35.6492317Z INSERT 0 1
2026-09-19T04:55:35.7135954Z DO
2026-09-19T04:55:35.7781497Z INSERT 0 1
2026-09-19T04:55:35.8405181Z CREATE TABLE
2026-09-19T04:55:35.8414741Z CREATE INDEX
2026-09-19T04:55:35.8425568Z INSERT 0 1
2026-09-19T04:55:35.8428841Z GRANT
2026-09-19T04:55:35.9076912Z INSERT 0 1
2026-09-19T04:55:35.9625940Z DROP INDEX
2026-09-19T04:55:35.9646717Z CREATE INDEX
2026-09-19T04:55:35.9721948Z UPDATE 0
2026-09-19T04:55:36.0328111Z INSERT 0 1
2026-09-19T04:55:36.0917650Z psql:D:/a/AlbumHaven/AlbumHaven/migrations/postgres/0019_create_local_album_featured_artists.sql:13: NOTICE:  relation "local_album_featured_artists" already exists, skipping
2026-09-19T04:55:36.0919032Z CREATE TABLE
2026-09-19T04:55:36.0926603Z psql:D:/a/AlbumHaven/AlbumHaven/migrations/postgres/0019_create_local_album_featured_artists.sql:16: NOTICE:  relation "local_album_featured_artists_library_id_idx" already exists, skipping
2026-09-19T04:55:36.0929286Z psql:D:/a/AlbumHaven/AlbumHaven/migrations/postgres/0019_create_local_album_featured_artists.sql:19: NOTICE:  relation "local_album_featured_artists_album_id_idx" already exists, skipping
2026-09-19T04:55:36.0930705Z CREATE INDEX
2026-09-19T04:55:36.0933243Z psql:D:/a/AlbumHaven/AlbumHaven/migrations/postgres/0019_create_local_album_featured_artists.sql:22: NOTICE:  relation "local_album_featured_artists_artist_id_idx" already exists, skipping
2026-09-19T04:55:36.0934698Z CREATE INDEX
2026-09-19T04:55:36.0936406Z psql:D:/a/AlbumHaven/AlbumHaven/migrations/postgres/0019_create_local_album_featured_artists.sql:25: NOTICE:  relation "local_album_featured_artists_library_artist_idx" already exists, skipping
2026-09-19T04:55:36.0937854Z CREATE INDEX
2026-09-19T04:55:36.0938207Z CREATE INDEX
2026-09-19T04:55:36.0941099Z psql:D:/a/AlbumHaven/AlbumHaven/migrations/postgres/0019_create_local_album_featured_artists.sql:28: NOTICE:  relation "local_album_featured_artists_identity_idx" already exists, skipping
2026-09-19T04:55:36.0943021Z CREATE INDEX
2026-09-19T04:55:36.0977904Z DO
2026-09-19T04:55:36.1606430Z INSERT 0 1
2026-09-19T04:55:36.3255723Z DO
2026-09-19T04:55:36.3977809Z INSERT 0 1
2026-09-19T04:55:36.4564369Z psql:D:/a/AlbumHaven/AlbumHaven/migrations/postgres/0021_add_problematic_file_generated_projection.sql:1: NOTICE:  index "local_track_files_active_track_projection_idx" does not exist, skipping
2026-09-19T04:55:36.4565866Z DROP INDEX
2026-09-19T04:55:36.4587419Z CREATE FUNCTION
2026-09-19T04:55:36.4589821Z REVOKE
2026-09-19T04:55:36.4616661Z DO
2026-09-19T04:55:36.4774017Z ALTER TABLE
2026-09-19T04:55:36.4871969Z ALTER TABLE
2026-09-19T04:55:36.4971717Z ALTER TABLE
2026-09-19T04:55:36.5748308Z INSERT 0 1
2026-09-19T04:55:36.7311179Z DROP INDEX
2026-09-19T04:55:36.7336344Z CREATE INDEX
2026-09-19T04:55:36.7338994Z DROP INDEX
2026-09-19T04:55:36.7351847Z CREATE INDEX
2026-09-19T04:55:36.8060576Z INSERT 0 1
2026-09-19T04:55:36.8617011Z CREATE FUNCTION
2026-09-19T04:55:36.8620188Z CREATE FUNCTION
2026-09-19T04:55:36.8639572Z CREATE FUNCTION
2026-09-19T04:55:36.8644568Z psql:D:/a/AlbumHaven/AlbumHaven/migrations/postgres/0023_link_local_track_files_to_library_***s.sql:162: NOTICE:  function library.windows_path_key(text) does not exist, skipping
2026-09-19T04:55:36.8645401Z DROP FUNCTION
2026-09-19T04:55:36.8652484Z CREATE FUNCTION
2026-09-19T04:55:36.8704948Z UPDATE 0
2026-09-19T04:55:36.8728447Z UPDATE 0
2026-09-19T04:55:36.8735220Z DO
2026-09-19T04:55:36.8737009Z REVOKE
2026-09-19T04:55:36.8738680Z REVOKE
2026-09-19T04:55:36.8741604Z REVOKE
2026-09-19T04:55:36.8743378Z REVOKE
2026-09-19T04:55:36.8759493Z DO
2026-09-19T04:55:36.9362615Z INSERT 0 1
2026-09-19T04:55:37.1165836Z CREATE EXTENSION
2026-09-19T04:55:37.1264370Z DO
2026-09-19T04:55:37.1911337Z INSERT 0 1
2026-09-19T04:55:37.2491909Z DO
2026-09-19T04:55:37.3108653Z INSERT 0 1
2026-09-19T04:55:37.3753412Z CREATE TABLE
2026-09-19T04:55:37.3766439Z CREATE INDEX
2026-09-19T04:55:37.3775593Z CREATE INDEX
2026-09-19T04:55:37.3802735Z DO
2026-09-19T04:55:37.4452105Z INSERT 0 1
2026-09-19T04:55:37.5172875Z DO
2026-09-19T04:55:37.5828698Z INSERT 0 1
2026-09-19T04:55:37.7419728Z DROP INDEX
2026-09-19T04:55:37.7442614Z CREATE INDEX
2026-09-19T04:55:37.9152323Z INSERT 0 1
2026-09-19T04:55:37.9707131Z psql:D:/a/AlbumHaven/AlbumHaven/migrations/postgres/0029_repair_lastfm_session_conflict_identity.sql:2: NOTICE:  relation "lastfm_sessions_account_username_idx" already exists, skipping
2026-09-19T04:55:37.9709944Z CREATE INDEX
2026-09-19T04:55:38.0281990Z INSERT 0 1
2026-09-19T04:55:38.0847475Z DROP TABLE
2026-09-19T04:55:38.1524446Z INSERT 0 1
2026-09-19T04:55:38.2159218Z CREATE INDEX
2026-09-19T04:55:38.2785314Z INSERT 0 1
2026-09-19T04:55:38.4343308Z DROP INDEX
2026-09-19T04:55:38.4368202Z CREATE INDEX
2026-09-19T04:55:38.4980279Z INSERT 0 1
2026-09-19T04:55:38.5572004Z psql:D:/a/AlbumHaven/AlbumHaven/migrations/postgres/0033_repair_section14_album_identity_corruption.sql:9: NOTICE:  schema "pg_temp" does not exist, skipping
2026-09-19T04:55:38.5572775Z DROP TABLE
2026-09-19T04:55:38.5617213Z CREATE TABLE
2026-09-19T04:55:38.5644815Z INSERT 0 0
2026-09-19T04:55:38.5689818Z INSERT 0 0
2026-09-19T04:55:38.5705102Z DO
2026-09-19T04:55:38.5731792Z SELECT 0
2026-09-19T04:55:38.5741441Z UPDATE 0
2026-09-19T04:55:38.5754313Z INSERT 0 0
2026-09-19T04:55:38.5758594Z DELETE 0
2026-09-19T04:55:38.5774471Z INSERT 0 0
2026-09-19T04:55:38.5777162Z DELETE 0
2026-09-19T04:55:38.5791336Z UPDATE 0
2026-09-19T04:55:38.5799950Z DELETE 0
2026-09-19T04:55:38.5809737Z UPDATE 0
2026-09-19T04:55:38.5815651Z DELETE 0
2026-09-19T04:55:38.5827116Z UPDATE 0
2026-09-19T04:55:38.5829928Z UPDATE 0
2026-09-19T04:55:38.5832497Z DELETE 0
2026-09-19T04:55:38.5844345Z DELETE 0
2026-09-19T04:55:38.5867694Z DELETE 0
2026-09-19T04:55:38.5875788Z DROP TABLE
2026-09-19T04:55:38.5880665Z DROP TABLE
2026-09-19T04:55:38.7688547Z INSERT 0 1
2026-09-19T04:55:38.8229442Z LOCK TABLE
2026-09-19T04:55:38.8233863Z psql:D:/a/AlbumHaven/AlbumHaven/migrations/postgres/0034_reconcile_semantic_local_albums.sql:8: NOTICE:  schema "pg_temp" does not exist, skipping
2026-09-19T04:55:38.8234572Z DROP TABLE
2026-09-19T04:55:38.8275913Z CREATE TABLE
2026-09-19T04:55:38.8313522Z INSERT 0 0
2026-09-19T04:55:38.8501822Z  id 
2026-09-19T04:55:38.8502173Z ----
2026-09-19T04:55:38.8502508Z (0 rows)
2026-09-19T04:55:38.8502711Z 
2026-09-19T04:55:38.8528145Z UPDATE 0
2026-09-19T04:55:38.8538391Z INSERT 0 0
2026-09-19T04:55:38.8541648Z DELETE 0
2026-09-19T04:55:38.8550341Z INSERT 0 0
2026-09-19T04:55:38.8552499Z DELETE 0
2026-09-19T04:55:38.8561660Z UPDATE 0
2026-09-19T04:55:38.8568906Z INSERT 0 0
2026-09-19T04:55:38.8571615Z DELETE 0
2026-09-19T04:55:38.8582017Z INSERT 0 0
2026-09-19T04:55:38.8584584Z DELETE 0
2026-09-19T04:55:38.8592445Z UPDATE 0
2026-09-19T04:55:38.8602638Z UPDATE 0
2026-09-19T04:55:38.8605227Z DELETE 0
2026-09-19T04:55:38.8612846Z DROP TABLE
2026-09-19T04:55:38.8630344Z DO
2026-09-19T04:55:38.9255003Z INSERT 0 1
2026-09-19T04:55:38.9816715Z psql:D:/a/AlbumHaven/AlbumHaven/migrations/postgres/0035_enforce_semantic_local_album_identity.sql:7: NOTICE:  trigger "local_albums_semantic_identity_check" for relation "library.local_albums" does not exist, skipping
2026-09-19T04:55:38.9818891Z DROP TRIGGER
2026-09-19T04:55:38.9820100Z psql:D:/a/AlbumHaven/AlbumHaven/migrations/postgres/0035_enforce_semantic_local_album_identity.sql:9: NOTICE:  trigger "separate_releases_semantic_identity_check" for relation "library.separate_releases" does not exist, skipping
2026-09-19T04:55:38.9823232Z DROP TRIGGER
2026-09-19T04:55:38.9825274Z psql:D:/a/AlbumHaven/AlbumHaven/migrations/postgres/0035_enforce_semantic_local_album_identity.sql:11: NOTICE:  trigger "local_artists_semantic_identity_check" for relation "library.local_artists" does not exist, skipping
2026-09-19T04:55:38.9826934Z DROP TRIGGER
2026-09-19T04:55:38.9829414Z psql:D:/a/AlbumHaven/AlbumHaven/migrations/postgres/0035_enforce_semantic_local_album_identity.sql:13: NOTICE:  trigger "local_albums_semantic_identity_discriminator" for relation "library.local_albums" does not exist, skipping
2026-09-19T04:55:38.9833111Z psql:D:/a/AlbumHaven/AlbumHaven/migrations/postgres/0035_enforce_semantic_local_album_identity.sql:15: NOTICE:  trigger "separate_releases_semantic_identity_discriminator" for relation "library.separate_releases" does not exist, skipping
2026-09-19T04:55:38.9835119Z DROP TRIGGER
2026-09-19T04:55:38.9837268Z psql:D:/a/AlbumHaven/AlbumHaven/migrations/postgres/0035_enforce_semantic_local_album_identity.sql:17: NOTICE:  trigger "separate_releases_semantic_identity_reconciliation" for relation "library.separate_releases" does not exist, skipping
2026-09-19T04:55:38.9840386Z psql:D:/a/AlbumHaven/AlbumHaven/migrations/postgres/0035_enforce_semantic_local_album_identity.sql:19: NOTICE:  trigger "local_artists_semantic_identity_discriminator" for relation "library.local_artists" does not exist, skipping
2026-09-19T04:55:38.9841934Z DROP TRIGGER
2026-09-19T04:55:38.9842301Z DROP TRIGGER
2026-09-19T04:55:38.9842614Z DROP TRIGGER
2026-09-19T04:55:38.9843690Z psql:D:/a/AlbumHaven/AlbumHaven/migrations/postgres/0035_enforce_semantic_local_album_identity.sql:21: NOTICE:  trigger "separate_releases_inventory_publication_lock" for relation "library.separate_releases" does not exist, skipping
2026-09-19T04:55:38.9845429Z psql:D:/a/AlbumHaven/AlbumHaven/migrations/postgres/0035_enforce_semantic_local_album_identity.sql:23: NOTICE:  trigger "local_artists_inventory_publication_lock" for relation "library.local_artists" does not exist, skipping
2026-09-19T04:55:38.9848606Z psql:D:/a/AlbumHaven/AlbumHaven/migrations/postgres/0035_enforce_semantic_local_album_identity.sql:24: NOTICE:  function library.enforce_semantic_local_album_identity() does not exist, skipping
2026-09-19T04:55:38.9849459Z DROP TRIGGER
2026-09-19T04:55:38.9849646Z DROP TRIGGER
2026-09-19T04:55:38.9849836Z DROP FUNCTION
2026-09-19T04:55:38.9856834Z ALTER TABLE
2026-09-19T04:55:38.9871617Z CREATE FUNCTION
2026-09-19T04:55:38.9875393Z CREATE TRIGGER
2026-09-19T04:55:38.9877258Z CREATE TRIGGER
2026-09-19T04:55:38.9906372Z UPDATE 0
2026-09-19T04:55:38.9924388Z CREATE INDEX
2026-09-19T04:55:38.9929347Z CREATE FUNCTION
2026-09-19T04:55:38.9931952Z CREATE TRIGGER
2026-09-19T04:55:38.9953597Z CREATE FUNCTION
2026-09-19T04:55:38.9958340Z CREATE FUNCTION
2026-09-19T04:55:38.9961086Z CREATE TRIGGER
2026-09-19T04:55:38.9968369Z CREATE FUNCTION
2026-09-19T04:55:38.9971545Z CREATE TRIGGER
2026-09-19T04:55:39.1583968Z INSERT 0 1
2026-09-19T04:55:39.2149057Z CREATE INDEX
2026-09-19T04:55:39.2758749Z INSERT 0 1
2026-09-19T04:55:39.3322869Z CREATE INDEX
2026-09-19T04:55:39.3957712Z INSERT 0 1
2026-09-19T04:55:39.4530666Z CREATE INDEX
2026-09-19T04:55:39.4545248Z CREATE INDEX
2026-09-19T04:55:39.4549971Z DROP INDEX
2026-09-19T04:55:39.4556280Z psql:D:/a/AlbumHaven/AlbumHaven/migrations/postgres/0038_add_problematic_required_text_candidate.sql:25: NOTICE:  index "local_track_files_problem_candidate_v2_idx" does not exist, skipping
2026-09-19T04:55:39.4558750Z psql:D:/a/AlbumHaven/AlbumHaven/migrations/postgres/0038_add_problematic_required_text_candidate.sql:26: NOTICE:  index "local_track_files_problem_candidate_v3_idx" does not exist, skipping
2026-09-19T04:55:39.4560971Z DROP INDEX
2026-09-19T04:55:39.4561324Z DROP INDEX
2026-09-19T04:55:39.4562919Z psql:D:/a/AlbumHaven/AlbumHaven/migrations/postgres/0038_add_problematic_required_text_candidate.sql:27: NOTICE:  index "local_track_files_problem_candidate_v4_idx" does not exist, skipping
2026-09-19T04:55:39.4565325Z DROP INDEX
2026-09-19T04:55:39.4566383Z psql:D:/a/AlbumHaven/AlbumHaven/migrations/postgres/0038_add_problematic_required_text_candidate.sql:30: NOTICE:  column "scan_file_required_text_missing_candidate" of relation "local_track_files" does not exist, skipping
2026-09-19T04:55:39.4567277Z ALTER TABLE
2026-09-19T04:55:39.6211657Z INSERT 0 1
2026-09-19T04:55:39.6787382Z DO
2026-09-19T04:55:39.7401802Z INSERT 0 1
2026-09-19T04:55:39.7968699Z DO
2026-09-19T04:55:39.8561651Z INSERT 0 1
2026-09-19T04:55:39.9102137Z psql:D:/a/AlbumHaven/AlbumHaven/migrations/postgres/0041_create_local_album_cover_candidate_snapshots.sql:32: NOTICE:  identifier "local_album_cover_candidate_snapshots_automatic_improvement_revision_check" will be truncated to "local_album_cover_candidate_snapshots_automatic_improvement_rev"
2026-09-19T04:55:39.9104536Z psql:D:/a/AlbumHaven/AlbumHaven/migrations/postgres/0041_create_local_album_cover_candidate_snapshots.sql:32: NOTICE:  identifier "local_album_cover_candidate_snapshots_seen_automatic_improvement_revision_check" will be truncated to "local_album_cover_candidate_snapshots_seen_automatic_improvemen"
2026-09-19T04:55:39.9193256Z CREATE TABLE
2026-09-19T04:55:39.9208665Z UPDATE 0
2026-09-19T04:55:39.9229544Z DO
2026-09-19T04:55:40.0907414Z INSERT 0 1
2026-09-19T04:55:40.1468214Z ALTER TABLE
2026-09-19T04:55:40.2063333Z INSERT 0 1
2026-09-19T04:55:40.3876012Z CREATE TABLE
2026-09-19T04:55:40.3899940Z DO
2026-09-19T04:55:40.4522750Z INSERT 0 1
2026-09-19T04:55:40.5124073Z CREATE TABLE
2026-09-19T04:55:40.5136783Z CREATE INDEX
2026-09-19T04:55:40.5160256Z DO
2026-09-19T04:55:40.5761251Z INSERT 0 1
2026-09-19T04:55:40.6359348Z CREATE INDEX
2026-09-19T04:55:40.6986223Z INSERT 0 1
2026-09-19T04:55:40.7543070Z ALTER TABLE
2026-09-19T04:55:40.7552413Z UPDATE 0
2026-09-19T04:55:40.7559729Z ALTER TABLE
2026-09-19T04:55:40.7590803Z DO
2026-09-19T04:55:40.7605251Z CREATE INDEX
2026-09-19T04:55:40.7614707Z CREATE INDEX
2026-09-19T04:55:40.7653348Z CREATE TABLE
2026-09-19T04:55:40.7694769Z CREATE TABLE
2026-09-19T04:55:40.7703355Z CREATE INDEX
2026-09-19T04:55:40.7713489Z CREATE INDEX
2026-09-19T04:55:40.7723074Z CREATE INDEX
2026-09-19T04:55:40.7762640Z CREATE TABLE
2026-09-19T04:55:40.7772965Z CREATE INDEX
2026-09-19T04:55:40.7884880Z DO
2026-09-19T04:55:40.7888758Z ALTER TABLE
2026-09-19T04:55:40.7895745Z UPDATE 0
2026-09-19T04:55:40.7897930Z UPDATE 0
2026-09-19T04:55:40.7901839Z ALTER TABLE
2026-09-19T04:55:40.7919841Z DO
2026-09-19T04:55:40.7929892Z CREATE INDEX
2026-09-19T04:55:40.7967821Z CREATE TABLE
2026-09-19T04:55:40.7976610Z CREATE INDEX
2026-09-19T04:55:40.7984852Z CREATE INDEX
2026-09-19T04:55:40.7995364Z CREATE INDEX
2026-09-19T04:55:40.8040496Z CREATE TABLE
2026-09-19T04:55:40.8049587Z CREATE INDEX
2026-09-19T04:55:40.8058774Z CREATE INDEX
2026-09-19T04:55:40.8068197Z CREATE INDEX
2026-09-19T04:55:40.8077702Z CREATE INDEX
2026-09-19T04:55:40.8116535Z DO
2026-09-19T04:55:40.9760508Z INSERT 0 1
2026-09-19T04:55:41.0370537Z CREATE TABLE
2026-09-19T04:55:41.0381741Z CREATE INDEX
2026-09-19T04:55:41.0391025Z CREATE INDEX
2026-09-19T04:55:41.0418154Z DO
2026-09-19T04:55:41.1032103Z INSERT 0 1
2026-09-19T04:55:41.2601881Z ALTER TABLE
2026-09-19T04:55:41.2610858Z ALTER TABLE
2026-09-19T04:55:41.2665103Z CREATE TABLE
2026-09-19T04:55:41.2674792Z CREATE INDEX
2026-09-19T04:55:41.2683314Z CREATE INDEX
2026-09-19T04:55:41.2693799Z CREATE INDEX
2026-09-19T04:55:41.2720161Z DO
2026-09-19T04:55:41.3330322Z INSERT 0 1
2026-09-19T04:55:41.3884113Z DELETE 0
2026-09-19T04:55:41.3900632Z CREATE INDEX
2026-09-19T04:55:41.4499694Z INSERT 0 1
2026-09-19T04:55:41.5058235Z CREATE INDEX
2026-09-19T04:55:41.5656214Z INSERT 0 1
2026-09-19T04:55:41.6217807Z CREATE INDEX
2026-09-19T04:55:41.6972360Z INSERT 0 1
2026-09-19T04:55:41.7614844Z CREATE TABLE
2026-09-19T04:55:41.7625330Z CREATE INDEX
2026-09-19T04:55:41.7635012Z CREATE INDEX
2026-09-19T04:55:41.7645501Z CREATE INDEX
2026-09-19T04:55:41.7740169Z CREATE TABLE
2026-09-19T04:55:41.7749819Z CREATE INDEX
2026-09-19T04:55:41.7755274Z ALTER TABLE
2026-09-19T04:55:41.7764984Z CREATE INDEX
2026-09-19T04:55:41.7768647Z ALTER TABLE
2026-09-19T04:55:41.7772558Z ALTER TABLE
2026-09-19T04:55:41.7804628Z DO
2026-09-19T04:55:41.8419802Z INSERT 0 1
2026-09-19T04:55:41.9015786Z CREATE TABLE
2026-09-19T04:55:41.9038538Z DO
2026-09-19T04:55:41.9700613Z INSERT 0 1
2026-09-19T04:55:42.0266037Z ALTER TABLE
2026-09-19T04:55:42.0293872Z DO
2026-09-19T04:55:42.0910081Z INSERT 0 1
2026-09-19T04:55:42.1459845Z CREATE FUNCTION
2026-09-19T04:55:42.1462548Z REVOKE
2026-09-19T04:55:42.1515536Z DO
2026-09-19T04:55:42.2144435Z INSERT 0 1
2026-09-19T04:55:42.2780347Z ALTER TABLE
2026-09-19T04:55:42.2832630Z DO
2026-09-19T04:55:42.3570298Z INSERT 0 1
2026-09-19T04:55:42.4169320Z ALTER TABLE
2026-09-19T04:55:42.4180842Z CREATE FUNCTION
2026-09-19T04:55:42.4191940Z INSERT 0 0
2026-09-19T04:55:42.4201289Z UPDATE 0
2026-09-19T04:55:42.4225239Z DO
2026-09-19T04:55:42.4227642Z REVOKE
2026-09-19T04:55:42.4238868Z DO
2026-09-19T04:55:42.4875312Z INSERT 0 1
2026-09-19T04:55:42.6426289Z ALTER TABLE
2026-09-19T04:55:42.6451528Z DO
2026-09-19T04:55:42.7155440Z INSERT 0 1
2026-09-19T04:55:42.8785855Z ALTER TABLE
2026-09-19T04:55:42.8810929Z DO
2026-09-19T04:55:42.9410843Z INSERT 0 1
2026-09-19T04:55:42.9958585Z CREATE FUNCTION
2026-09-19T04:55:42.9975153Z CREATE FUNCTION
2026-09-19T04:55:42.9978091Z CREATE FUNCTION
2026-09-19T04:55:42.9987045Z ALTER TABLE
2026-09-19T04:55:42.9995333Z UPDATE 0
2026-09-19T04:55:43.0001108Z ALTER TABLE
2026-09-19T04:55:43.0018581Z ALTER TABLE
2026-09-19T04:55:43.0021111Z REVOKE
2026-09-19T04:55:43.0024477Z REVOKE
2026-09-19T04:55:43.0026569Z REVOKE
2026-09-19T04:55:43.0044598Z DO
2026-09-19T04:55:43.0681357Z INSERT 0 1
2026-09-19T04:55:43.1247325Z CREATE FUNCTION
2026-09-19T04:55:43.1249838Z REVOKE
2026-09-19T04:55:43.1268810Z DO
2026-09-19T04:55:43.2916818Z INSERT 0 1
2026-09-19T04:55:43.4503545Z DO
2026-09-19T04:55:43.5103755Z INSERT 0 1
2026-09-19T04:55:43.5663467Z CREATE FUNCTION
2026-09-19T04:55:43.5666625Z REVOKE
2026-09-19T04:55:43.5684096Z DO
2026-09-19T04:55:43.6275852Z INSERT 0 1
2026-09-19T04:55:43.6828219Z DO
2026-09-19T04:55:43.7501654Z INSERT 0 1
2026-09-19T04:55:43.8055174Z CREATE FUNCTION
2026-09-19T04:55:43.9725665Z INSERT 0 1
2026-09-19T04:55:44.0276536Z ALTER TABLE
2026-09-19T04:55:44.0299304Z ALTER TABLE
2026-09-19T04:55:44.1770046Z INSERT 0 1
2026-09-19T04:55:44.3369193Z CREATE INDEX
2026-09-19T04:55:44.5298937Z INSERT 0 1
2026-09-19T04:55:44.6365187Z CREATE TABLE
2026-09-19T04:55:44.6379130Z CREATE INDEX
2026-09-19T04:55:44.6420527Z UPDATE 0
2026-09-19T04:55:44.6430925Z UPDATE 0
2026-09-19T04:55:44.6436733Z INSERT 0 0
2026-09-19T04:55:44.6447806Z UPDATE 0
2026-09-19T04:55:44.6466913Z DO
2026-09-19T04:55:44.8323652Z INSERT 0 1
2026-09-19T04:55:44.8966623Z CREATE TABLE
2026-09-19T04:55:44.9006725Z CREATE TABLE
2026-09-19T04:55:44.9018058Z CREATE INDEX
2026-09-19T04:55:44.9027908Z CREATE INDEX
2026-09-19T04:55:44.9054842Z DO
2026-09-19T04:55:44.9746664Z INSERT 0 1
2026-09-19T04:55:45.0458299Z ALTER TABLE
2026-09-19T04:55:45.1188696Z INSERT 0 1
2026-09-19T04:55:45.1734696Z ALTER TABLE
2026-09-19T04:55:45.1751636Z ALTER TABLE
2026-09-19T04:55:45.2411311Z INSERT 0 1
2026-09-19T04:55:45.3995425Z ALTER TABLE
2026-09-19T04:55:45.4013101Z CREATE INDEX
2026-09-19T04:55:45.4626995Z INSERT 0 1
2026-09-19T04:55:45.5167629Z ALTER TABLE
2026-09-19T04:55:45.5182639Z ALTER TABLE
2026-09-19T04:55:45.5208437Z UPDATE 0
2026-09-19T04:55:45.5824624Z INSERT 0 1
2026-09-19T04:55:45.6631352Z WARNING:  no privileges were granted for "show_limit"
2026-09-19T04:55:45.6632301Z WARNING:  no privileges were granted for "show_trgm"
2026-09-19T04:55:45.6635839Z WARNING:  no privileges were granted for "set_limit"
2026-09-19T04:55:45.6638215Z WARNING:  no privileges were granted for "similarity"
2026-09-19T04:55:45.6640455Z WARNING:  no privileges were granted for "similarity_op"
2026-09-19T04:55:45.6643007Z WARNING:  no privileges were granted for "word_similarity"
2026-09-19T04:55:45.6644969Z WARNING:  no privileges were granted for "word_similarity_op"
2026-09-19T04:55:45.6647149Z WARNING:  no privileges were granted for "word_similarity_commutator_op"
2026-09-19T04:55:45.6649150Z WARNING:  no privileges were granted for "similarity_dist"
2026-09-19T04:55:45.6651508Z WARNING:  no privileges were granted for "word_similarity_dist_op"
2026-09-19T04:55:45.6653977Z WARNING:  no privileges were granted for "word_similarity_dist_commutator_op"
2026-09-19T04:55:45.6655948Z WARNING:  no privileges were granted for "gtrgm_in"
2026-09-19T04:55:45.6658852Z WARNING:  no privileges were granted for "gtrgm_out"
2026-09-19T04:55:45.6661014Z WARNING:  no privileges were granted for "gtrgm_consistent"
2026-09-19T04:55:45.6663231Z WARNING:  no privileges were granted for "gtrgm_distance"
2026-09-19T04:55:45.6665705Z WARNING:  no privileges were granted for "gtrgm_compress"
2026-09-19T04:55:45.6667881Z WARNING:  no privileges were granted for "gtrgm_decompress"
2026-09-19T04:55:45.6670391Z WARNING:  no privileges were granted for "gtrgm_penalty"
2026-09-19T04:55:45.6672339Z WARNING:  no privileges were granted for "gtrgm_picksplit"
2026-09-19T04:55:45.6674620Z WARNING:  no privileges were granted for "gtrgm_union"
2026-09-19T04:55:45.6676867Z WARNING:  no privileges were granted for "gtrgm_same"
2026-09-19T04:55:45.6679347Z WARNING:  no privileges were granted for "gin_extract_value_trgm"
2026-09-19T04:55:45.6681366Z WARNING:  no privileges were granted for "gin_extract_query_trgm"
2026-09-19T04:55:45.6683572Z WARNING:  no privileges were granted for "gin_trgm_consistent"
2026-09-19T04:55:45.6685590Z WARNING:  no privileges were granted for "gin_trgm_triconsistent"
2026-09-19T04:55:45.6687844Z WARNING:  no privileges were granted for "strict_word_similarity"
2026-09-19T04:55:45.6689954Z WARNING:  no privileges were granted for "strict_word_similarity_op"
2026-09-19T04:55:45.6692217Z WARNING:  no privileges were granted for "strict_word_similarity_commutator_op"
2026-09-19T04:55:45.6694462Z WARNING:  no privileges were granted for "strict_word_similarity_dist_op"
2026-09-19T04:55:45.6697146Z WARNING:  no privileges were granted for "strict_word_similarity_dist_commutator_op"
2026-09-19T04:55:45.6699623Z WARNING:  no privileges were granted for "gtrgm_options"
2026-09-19T04:55:45.6735939Z DO
2026-09-19T04:55:45.7278086Z BEGIN
2026-09-19T04:55:45.7284609Z CREATE SCHEMA
2026-09-19T04:55:45.7323942Z CREATE TABLE
2026-09-19T04:55:45.7329014Z INSERT 0 1
2026-09-19T04:55:45.7331788Z UPDATE 1
2026-09-19T04:55:45.7333242Z DELETE 1
2026-09-19T04:55:45.7337445Z  nextval 
2026-09-19T04:55:45.7337659Z ---------
2026-09-19T04:55:45.7337861Z        2
2026-09-19T04:55:45.7338039Z (1 row)
2026-09-19T04:55:45.7338146Z 
2026-09-19T04:55:45.7348401Z ROLLBACK
2026-09-19T04:55:45.7365801Z DO
2026-09-19T04:55:45.7964290Z BEGIN
2026-09-19T04:55:45.7998894Z CREATE TABLE
2026-09-19T04:55:45.8004086Z INSERT 0 1
2026-09-19T04:55:45.8019752Z INSERT 0 1
2026-09-19T04:55:45.8026619Z UPDATE 1
2026-09-19T04:55:45.8035198Z ROLLBACK
2026-09-19T04:55:45.8060429Z DO
2026-09-19T04:55:45.8617452Z  ?column? 
2026-09-19T04:55:45.8617837Z ----------
2026-09-19T04:55:45.8618165Z (0 rows)
2026-09-19T04:55:45.8618356Z 
2026-09-19T04:55:45.8639487Z DO
2026-09-19T04:55:53.7779510Z ##[group]Run $env:PGPASSWORD = $null
2026-09-19T04:55:53.7780537Z [36;1m$env:PGPASSWORD = $null[0m
2026-09-19T04:55:53.7782296Z [36;1mnode scripts/ci/write-foundation-version-manifest.cjs --profile=windows --output=D:\a\_temp\foundation-version-manifest-functional-gallery-search-visual.json[0m
2026-09-19T04:55:53.7854424Z shell: C:\Program Files\PowerShell\7\pwsh.EXE -command ". '{0}'"
2026-09-19T04:55:53.7854789Z env:
2026-09-19T04:55:53.7855096Z   ALBUM_HAVEN_EXPECTED_FFMPEG_VERSION: 7.1-essentials_build-www.gyan.dev
2026-09-19T04:55:53.7855546Z   ALBUM_HAVEN_FIXTURE_RELEASE: fixtures-v1.0.23
2026-09-19T04:55:53.7855882Z   ALBUM_HAVEN_FIXTURE_PROFILE: functional-core
2026-09-19T04:55:53.7856410Z   ALBUM_HAVEN_FIXTURE_ROOT: D:\a\_temp\album-haven-e2e-functional-fixtures-gallery-search-visual\shared
2026-09-19T04:55:53.7857180Z   ALBUM_HAVEN_MEDIA_ROOT: D:\a\_temp\album-haven-e2e-functional-fixtures-gallery-search-visual\shared\media
2026-09-19T04:55:53.7857819Z   pythonLocation: C:\hostedtoolcache\windows\Python\3.11.9\x64
2026-09-19T04:55:53.7858283Z   PKG_CONFIG_PATH: C:\hostedtoolcache\windows\Python\3.11.9\x64/lib/pkgconfig
2026-09-19T04:55:53.7858742Z   Python_ROOT_DIR: C:\hostedtoolcache\windows\Python\3.11.9\x64
2026-09-19T04:55:53.7859151Z   Python2_ROOT_DIR: C:\hostedtoolcache\windows\Python\3.11.9\x64
2026-09-19T04:55:53.7859556Z   Python3_ROOT_DIR: C:\hostedtoolcache\windows\Python\3.11.9\x64
2026-09-19T04:55:53.7860425Z   ALBUM_HAVEN_FUNCTIONAL_FIXTURE_WORK_ROOT: D:\a\_temp\album-haven-e2e-functional-fixtures-gallery-search-visual
2026-09-19T04:55:53.7861388Z   ALBUM_HAVEN_FUNCTIONAL_SOURCE_FIXTURE_ROOT: D:\a\_temp\album-haven-fixtures-61c4851832ff47d6af9dea2a6d059bd4
2026-09-19T04:55:53.7862241Z   PGPASSFILE: D:\a\_temp\album-haven-postgres-f_35419743702_2_0.pgpass
2026-09-19T04:55:53.7862665Z   ALBUM_HAVEN_CI_DATABASE: album_haven_ci_f_35419743702_2_0
2026-09-19T04:55:53.7863286Z   DATABASE_MIGRATOR_URL: postgresql://album_haven_migrator_f_35419743702_2_0@127.0.0.1/album_haven_ci_f_35419743702_2_0
2026-09-19T04:55:53.7864049Z   DATABASE_APP_URL: postgresql://album_haven_app_f_35419743702_2_0@127.0.0.1/album_haven_ci_f_35419743702_2_0
2026-09-19T04:55:53.7864790Z   DATABASE_READONLY_URL: postgresql://album_haven_readonly_f_35419743702_2_0@127.0.0.1/album_haven_ci_f_35419743702_2_0
2026-09-19T04:55:53.7865617Z   ALBUM_HAVEN_FAKE_E2E_SETUP_DATABASE_URL: postgresql://album_haven_migrator_f_35419743702_2_0@127.0.0.1/album_haven_ci_f_35419743702_2_0
2026-09-19T04:55:53.7866466Z   ALBUM_HAVEN_FAKE_E2E_DATABASE_URL: postgresql://album_haven_app_f_35419743702_2_0@127.0.0.1/album_haven_ci_f_35419743702_2_0
2026-09-19T04:55:53.7867255Z   ALBUM_HAVEN_APP_DATABASE_URL: postgresql://album_haven_app_f_35419743702_2_0@127.0.0.1/album_haven_ci_f_35419743702_2_0
2026-09-19T04:55:53.7868000Z   PLAYWRIGHT_CHROME_EXECUTABLE: C:\hostedtoolcache\windows\setup-chrome\chrome\151.0.7922.138\x64\chrome.exe
2026-09-19T04:55:53.7868482Z ##[endgroup]
2026-09-19T04:55:55.8454250Z D:\a\_temp\foundation-version-manifest-functional-gallery-search-visual.json
2026-09-19T04:55:55.9767503Z ##[group]Run node scripts/ci/validate-functional-shards.cjs --list
2026-09-19T04:55:55.9768090Z [36;1mnode scripts/ci/validate-functional-shards.cjs --list[0m
2026-09-19T04:55:55.9840970Z shell: C:\Program Files\PowerShell\7\pwsh.EXE -command ". '{0}'"
2026-09-19T04:55:55.9841341Z env:
2026-09-19T04:55:55.9841650Z   ALBUM_HAVEN_EXPECTED_FFMPEG_VERSION: 7.1-essentials_build-www.gyan.dev
2026-09-19T04:55:55.9842071Z   ALBUM_HAVEN_FIXTURE_RELEASE: fixtures-v1.0.23
2026-09-19T04:55:55.9842429Z   ALBUM_HAVEN_FIXTURE_PROFILE: functional-core
2026-09-19T04:55:55.9842953Z   ALBUM_HAVEN_FIXTURE_ROOT: D:\a\_temp\album-haven-e2e-functional-fixtures-gallery-search-visual\shared
2026-09-19T04:55:55.9843702Z   ALBUM_HAVEN_MEDIA_ROOT: D:\a\_temp\album-haven-e2e-functional-fixtures-gallery-search-visual\shared\media
2026-09-19T04:55:55.9844293Z   pythonLocation: C:\hostedtoolcache\windows\Python\3.11.9\x64
2026-09-19T04:55:55.9844797Z   PKG_CONFIG_PATH: C:\hostedtoolcache\windows\Python\3.11.9\x64/lib/pkgconfig
2026-09-19T04:55:55.9845258Z   Python_ROOT_DIR: C:\hostedtoolcache\windows\Python\3.11.9\x64
2026-09-19T04:55:55.9845687Z   Python2_ROOT_DIR: C:\hostedtoolcache\windows\Python\3.11.9\x64
2026-09-19T04:55:55.9846106Z   Python3_ROOT_DIR: C:\hostedtoolcache\windows\Python\3.11.9\x64
2026-09-19T04:55:55.9846693Z   ALBUM_HAVEN_FUNCTIONAL_FIXTURE_WORK_ROOT: D:\a\_temp\album-haven-e2e-functional-fixtures-gallery-search-visual
2026-09-19T04:55:55.9847439Z   ALBUM_HAVEN_FUNCTIONAL_SOURCE_FIXTURE_ROOT: D:\a\_temp\album-haven-fixtures-61c4851832ff47d6af9dea2a6d059bd4
2026-09-19T04:55:55.9848037Z   PGPASSFILE: D:\a\_temp\album-haven-postgres-f_35419743702_2_0.pgpass
2026-09-19T04:55:55.9848451Z   ALBUM_HAVEN_CI_DATABASE: album_haven_ci_f_35419743702_2_0
2026-09-19T04:55:55.9849356Z   DATABASE_MIGRATOR_URL: postgresql://album_haven_migrator_f_35419743702_2_0@127.0.0.1/album_haven_ci_f_35419743702_2_0
2026-09-19T04:55:55.9851629Z   DATABASE_APP_URL: postgresql://album_haven_app_f_35419743702_2_0@127.0.0.1/album_haven_ci_f_35419743702_2_0
2026-09-19T04:55:55.9853161Z   DATABASE_READONLY_URL: postgresql://album_haven_readonly_f_35419743702_2_0@127.0.0.1/album_haven_ci_f_35419743702_2_0
2026-09-19T04:55:55.9854563Z   ALBUM_HAVEN_FAKE_E2E_SETUP_DATABASE_URL: postgresql://album_haven_migrator_f_35419743702_2_0@127.0.0.1/album_haven_ci_f_35419743702_2_0
2026-09-19T04:55:55.9857022Z   ALBUM_HAVEN_FAKE_E2E_DATABASE_URL: postgresql://album_haven_app_f_35419743702_2_0@127.0.0.1/album_haven_ci_f_35419743702_2_0
2026-09-19T04:55:55.9858150Z   ALBUM_HAVEN_APP_DATABASE_URL: postgresql://album_haven_app_f_35419743702_2_0@127.0.0.1/album_haven_ci_f_35419743702_2_0
2026-09-19T04:55:55.9858686Z ##[endgroup]
2026-09-19T04:56:04.5875953Z {"schemaVersion":1,"cases":113,"shards":{"gallery-search-visual":46,"cover-providers":18,"metadata-mutations":13,"playback-utilities":36}}
2026-09-19T04:56:04.7219547Z ##[group]Run $env:PGPASSWORD = $null
2026-09-19T04:56:04.7219952Z [36;1m$env:PGPASSWORD = $null[0m
2026-09-19T04:56:04.7220355Z [36;1m$env:PLAYWRIGHT_PYTHON = Join-Path $env:pythonLocation "python.exe"[0m
2026-09-19T04:56:04.7220808Z [36;1m$env:ALBUM_HAVEN_FUNCTIONAL_PORT_BASE = "5200"[0m
2026-09-19T04:56:04.7221385Z [36;1m$env:ALBUM_HAVEN_FUNCTIONAL_OUTPUT_ROOT = Join-Path "D:\a\_temp" "functional-output-gallery-search-visual"[0m
2026-09-19T04:56:04.7222130Z [36;1m$env:ALBUM_HAVEN_FUNCTIONAL_BLOB_ROOT = Join-Path "D:\a\_temp" "functional-blobs-gallery-search-visual"[0m
2026-09-19T04:56:04.7222709Z [36;1m$arguments = @("--run-shard=gallery-search-visual")[0m
2026-09-19T04:56:04.7223053Z [36;1mif ("full" -eq "focused-e2e") {[0m
2026-09-19T04:56:04.7223337Z [36;1m  if ("full" -eq "exact") {[0m
2026-09-19T04:56:04.7223809Z [36;1m    @($env:FOCUSED_CASES_JSON | ConvertFrom-Json) | ForEach-Object { $arguments += "--run-case=$_" }[0m
2026-09-19T04:56:04.7224303Z [36;1m  } else {[0m
2026-09-19T04:56:04.7224713Z [36;1m    @($env:FOCUSED_AREAS_JSON | ConvertFrom-Json) | ForEach-Object { $arguments += "--run-area=$_" }[0m
2026-09-19T04:56:04.7225160Z [36;1m  }[0m
2026-09-19T04:56:04.7225341Z [36;1m}[0m
2026-09-19T04:56:04.7225629Z [36;1mnode scripts/ci/validate-functional-shards.cjs @arguments[0m
2026-09-19T04:56:04.7323500Z shell: C:\Program Files\PowerShell\7\pwsh.EXE -command ". '{0}'"
2026-09-19T04:56:04.7324090Z env:
2026-09-19T04:56:04.7324575Z   ALBUM_HAVEN_EXPECTED_FFMPEG_VERSION: 7.1-essentials_build-www.gyan.dev
2026-09-19T04:56:04.7325279Z   ALBUM_HAVEN_FIXTURE_RELEASE: fixtures-v1.0.23
2026-09-19T04:56:04.7325847Z   ALBUM_HAVEN_FIXTURE_PROFILE: functional-core
2026-09-19T04:56:04.7326740Z   ALBUM_HAVEN_FIXTURE_ROOT: D:\a\_temp\album-haven-e2e-functional-fixtures-gallery-search-visual\shared
2026-09-19T04:56:04.7328055Z   ALBUM_HAVEN_MEDIA_ROOT: D:\a\_temp\album-haven-e2e-functional-fixtures-gallery-search-visual\shared\media
2026-09-19T04:56:04.7329133Z   pythonLocation: C:\hostedtoolcache\windows\Python\3.11.9\x64
2026-09-19T04:56:04.7329919Z   PKG_CONFIG_PATH: C:\hostedtoolcache\windows\Python\3.11.9\x64/lib/pkgconfig
2026-09-19T04:56:04.7330685Z   Python_ROOT_DIR: C:\hostedtoolcache\windows\Python\3.11.9\x64
2026-09-19T04:56:04.7331379Z   Python2_ROOT_DIR: C:\hostedtoolcache\windows\Python\3.11.9\x64
2026-09-19T04:56:04.7332076Z   Python3_ROOT_DIR: C:\hostedtoolcache\windows\Python\3.11.9\x64
2026-09-19T04:56:04.7333104Z   ALBUM_HAVEN_FUNCTIONAL_FIXTURE_WORK_ROOT: D:\a\_temp\album-haven-e2e-functional-fixtures-gallery-search-visual
2026-09-19T04:56:04.7334440Z   ALBUM_HAVEN_FUNCTIONAL_SOURCE_FIXTURE_ROOT: D:\a\_temp\album-haven-fixtures-61c4851832ff47d6af9dea2a6d059bd4
2026-09-19T04:56:04.7335927Z   PGPASSFILE: D:\a\_temp\album-haven-postgres-f_35419743702_2_0.pgpass
2026-09-19T04:56:04.7336637Z   ALBUM_HAVEN_CI_DATABASE: album_haven_ci_f_35419743702_2_0
2026-09-19T04:56:04.7337666Z   DATABASE_MIGRATOR_URL: postgresql://album_haven_migrator_f_35419743702_2_0@127.0.0.1/album_haven_ci_f_35419743702_2_0
2026-09-19T04:56:04.7338984Z   DATABASE_APP_URL: postgresql://album_haven_app_f_35419743702_2_0@127.0.0.1/album_haven_ci_f_35419743702_2_0
2026-09-19T04:56:04.7340520Z   DATABASE_READONLY_URL: postgresql://album_haven_readonly_f_35419743702_2_0@127.0.0.1/album_haven_ci_f_35419743702_2_0
2026-09-19T04:56:04.7342001Z   ALBUM_HAVEN_FAKE_E2E_SETUP_DATABASE_URL: postgresql://album_haven_migrator_f_35419743702_2_0@127.0.0.1/album_haven_ci_f_35419743702_2_0
2026-09-19T04:56:04.7343503Z   ALBUM_HAVEN_FAKE_E2E_DATABASE_URL: postgresql://album_haven_app_f_35419743702_2_0@127.0.0.1/album_haven_ci_f_35419743702_2_0
2026-09-19T04:56:04.7345113Z   ALBUM_HAVEN_APP_DATABASE_URL: postgresql://album_haven_app_f_35419743702_2_0@127.0.0.1/album_haven_ci_f_35419743702_2_0
2026-09-19T04:56:04.7346443Z   PLAYWRIGHT_CHROME_EXECUTABLE: C:\hostedtoolcache\windows\setup-chrome\chrome\151.0.7922.138\x64\chrome.exe
2026-09-19T04:56:04.7349137Z   FOCUSED_CASES_JSON: []
2026-09-19T04:56:04.7349583Z   FOCUSED_AREAS_JSON: []
2026-09-19T04:56:04.7349943Z ##[endgroup]
2026-09-19T04:56:28.2240961Z Album Haven production E2E app listening on http://127.0.0.1:5200 with 0 artists, 0 albums, 0 tracks, and provider fixtures on http://127.0.0.1:5202
2026-09-19T04:56:29.7351214Z 2026-09-19 04:56:29,733 [INFO] music_app: Startup scan-cache hydration completed files=7200 albums=400
2026-09-19T04:56:29.7353558Z 2026-09-19 04:56:29,733 [INFO] music_app: Legacy album exclusions migrated albums=1 removed_rules=18 created_rules=1
2026-09-19T04:56:30.3276121Z 2026-09-19 04:56:30,325 [INFO] music_app: Relation projection startup readiness ready=true rebuilt=true reason=missing_projection builder_version=local-relation-builder-v9 source_row_count=7438 duration_ms=556.83 source_load=142.93 fingerprint=58.18 pure_build=141.43 family_link_replacement=7.51 snapshot_publication=1.74
2026-09-19T04:56:31.4690426Z 2026-09-19 04:56:31,467 [INFO] music_app: {"action": "Index request completed", "album_count": 0, "artist_count": 0, "bootstrap_mode": "fresh_preview", "covers_in_progress": false, "elapsed_ms": 393.33, "hydrate_in_progress": false, "payload_elapsed_ms": 165.41, "query": "", "scan_in_progress": false, "selected_artist": ""}
2026-09-19T04:57:01.1969773Z 
2026-09-19T04:57:01.1970559Z Running 4 tests using 1 worker
2026-09-19T04:57:01.2010430Z 
2026-09-19T04:57:06.9465775Z 2026-09-19 04:57:06,944 [INFO] music_app: {"action": "Index request completed", "album_count": 0, "artist_count": 0, "bootstrap_mode": "fresh_preview", "covers_in_progress": false, "elapsed_ms": 332.06, "hydrate_in_progress": false, "payload_elapsed_ms": 179.69, "query": "", "scan_in_progress": false, "selected_artist": ""}
2026-09-19T04:57:10.7364683Z [TEST] FTC-SEARCH-NAV-020 resolves punctuation-credit aliases through startup and keeps both raw credits
2026-09-19T04:57:10.7366084Z   [STEP] Open the normal Postgres-backed library after startup rebuilt the missing projection
2026-09-19T04:57:11.1824177Z 2026-09-19 04:57:11,181 [INFO] music_app: {"action": "Index request completed", "album_count": 0, "artist_count": 0, "bootstrap_mode": "fresh_preview", "covers_in_progress": false, "elapsed_ms": 300.53, "hydrate_in_progress": false, "payload_elapsed_ms": 181.46, "query": "", "scan_in_progress": false, "selected_artist": ""}
2026-09-19T04:57:14.9239976Z   [PASS] Open the normal Postgres-backed library after startup rebuilt the missing projection (3423 ms)
2026-09-19T04:57:15.0875419Z 2026-09-19 04:57:14,486 [INFO] music_app: {"action": "Postgres album search request started", "query": "Morse Portnoy George"}
2026-09-19T04:57:15.0879332Z   [STEP] Reach the canonical scope through the exact unpunctuated credit
2026-09-19T04:57:15.5907168Z 2026-09-19 04:57:14,714 [INFO] music_app: {"action": "View data request completed", "album_count": 40, "artist_count": 4, "elapsed_ms": 229.62, "query": "Morse Portnoy George", "selected_artist": "Morse Portnoy George"}
2026-09-19T04:57:16.4401392Z   [PASS] Reach the canonical scope through the exact unpunctuated credit (2260 ms)
2026-09-19T04:57:16.4416597Z   [STEP] Reach the same canonical scope through the exact punctuation alias
2026-09-19T04:57:16.9228579Z 2026-09-19 04:57:16,902 [INFO] music_app: {"action": "Postgres album search request started", "query": "Morse, Portnoy & George"}
2026-09-19T04:57:17.1380588Z 2026-09-19 04:57:17,119 [INFO] music_app: {"action": "View data request completed", "album_count": 40, "artist_count": 4, "elapsed_ms": 216.87, "query": "Morse, Portnoy & George", "selected_artist": "Morse Portnoy George"}
2026-09-19T04:57:18.0888984Z   [PASS] Reach the same canonical scope through the exact punctuation alias (1660 ms)
2026-09-19T04:57:18.0890471Z   [STEP] Open the canonical artist directly from the production sidebar
2026-09-19T04:57:18.9988935Z   [PASS] Open the canonical artist directly from the production sidebar (911 ms)
2026-09-19T04:57:18.9992337Z   [STEP] Exercise the existing Artist Family chip semantics without losing either source credit
2026-09-19T04:57:21.8514108Z   [PASS] Exercise the existing Artist Family chip semantics without losing either source credit (2808 ms)
2026-09-19T04:57:21.8528457Z   [STEP] Reset the deep gallery viewport when the family tree selects a different artist
2026-09-19T04:57:22.3408853Z 2026-09-19 04:57:22,051 [INFO] music_app: {"action": "Postgres album search request started", "query": "Morse Portnoy George"}
2026-09-19T04:57:22.3545824Z 2026-09-19 04:57:22,295 [INFO] music_app: {"action": "View data request completed", "album_count": 40, "artist_count": 4, "elapsed_ms": 243.48, "query": "Morse Portnoy George", "selected_artist": "Morse Portnoy George"}
2026-09-19T04:57:23.9249595Z   [PASS] Reset the deep gallery viewport when the family tree selects a different artist (2127 ms)
2026-09-19T04:57:23.9251259Z   [STEP] Keep both source credits under the canonical *** grouping
2026-09-19T04:57:24.3050230Z 2026-09-19 04:57:24,303 [INFO] music_app: {"action": "Index request completed", "album_count": 0, "artist_count": 0, "bootstrap_mode": "fresh_preview", "covers_in_progress": false, "elapsed_ms": 276.95, "hydrate_in_progress": false, "payload_elapsed_ms": 154.16, "query": "", "scan_in_progress": false, "selected_artist": ""}
2026-09-19T04:57:28.3232385Z   [PASS] Keep both source credits under the canonical *** grouping (4398 ms)
2026-09-19T04:57:28.4292946Z   ok 1 [functional] › tests\e2e\specs\artistAliasParity.spec.js:21:1 › FTC-SEARCH-NAV-020 resolves punctuation-credit aliases through startup and keeps both raw credits @area:gallery-search (18.1s)
2026-09-19T04:57:28.6799408Z [TEST] FTC-SEARCH-NAV-021 keeps empty normalized artist keys isolated
2026-09-19T04:57:28.6801332Z   [STEP] Open the normal library and verify startup projection readiness
2026-09-19T04:57:29.1437205Z 2026-09-19 04:57:29,142 [INFO] music_app: {"action": "Index request completed", "album_count": 0, "artist_count": 0, "bootstrap_mode": "fresh_preview", "covers_in_progress": false, "elapsed_ms": 324.09, "hydrate_in_progress": false, "payload_elapsed_ms": 185.66, "query": "", "scan_in_progress": false, "selected_artist": ""}
2026-09-19T04:57:32.7583300Z   [PASS] Open the normal library and verify startup projection readiness (3568 ms)
2026-09-19T04:57:32.8655328Z 2026-09-19 04:57:32,558 [INFO] music_app: {"action": "Postgres album search request started", "query": "\u6771\u4eac\u4e8b\u5909"}
2026-09-19T04:57:32.8656953Z   [STEP] Open only the exact 東京事変 artist identity
2026-09-19T04:57:32.9275353Z 2026-09-19 04:57:32,708 [INFO] music_app: {"action": "View data request completed", "album_count": 1, "artist_count": 1, "elapsed_ms": 149.97, "query": "\u6771\u4eac\u4e8b\u5909", "selected_artist": "\u6771\u4eac\u4e8b\u5909"}
2026-09-19T04:57:33.6239974Z   [PASS] Open only the exact 東京事変 artist identity (1383 ms)
2026-09-19T04:57:33.6241269Z   [STEP] Open only the exact Борис artist identity
2026-09-19T04:57:33.8760778Z 2026-09-19 04:57:33,847 [INFO] music_app: {"action": "Postgres album search request started", "query": "\u0411\u043e\u0440\u0438\u0441"}
2026-09-19T04:57:34.0013004Z 2026-09-19 04:57:33,994 [INFO] music_app: {"action": "View data request completed", "album_count": 1, "artist_count": 1, "elapsed_ms": 146.58, "query": "\u0411\u043e\u0440\u0438\u0441", "selected_artist": "\u0411\u043e\u0440\u0438\u0441"}
2026-09-19T04:57:34.3252312Z   [PASS] Open only the exact Борис artist identity (701 ms)
2026-09-19T04:57:34.3253474Z   [STEP] Open only the exact !!! artist identity
2026-09-19T04:57:34.7312553Z 2026-09-19 04:57:34,512 [INFO] music_app: {"action": "Postgres album search request started", "query": "!!!"}
2026-09-19T04:57:34.7640035Z 2026-09-19 04:57:34,754 [INFO] music_app: {"action": "View data request completed", "album_count": 1, "artist_count": 1, "elapsed_ms": 240.69, "query": "!!!", "selected_artist": "!!!"}
2026-09-19T04:57:35.0844032Z   [PASS] Open only the exact !!! artist identity (755 ms)
2026-09-19T04:57:35.0845625Z   [STEP] Open only the exact *** artist identity
2026-09-19T04:57:35.3260939Z 2026-09-19 04:57:35,245 [INFO] music_app: {"action": "Postgres album search request started", "query": "***"}
2026-09-19T04:57:35.5044207Z 2026-09-19 04:57:35,480 [INFO] music_app: {"action": "View data request completed", "album_count": 1, "artist_count": 1, "elapsed_ms": 234.71, "query": "***", "selected_artist": "***"}
2026-09-19T04:57:35.8125963Z   [PASS] Open only the exact *** artist identity (732 ms)
2026-09-19T04:57:35.8590510Z   ok 2 [functional] › tests\e2e\specs\artistAliasParity.spec.js:158:1 › FTC-SEARCH-NAV-021 keeps empty normalized artist keys isolated @area:gallery-search (7.4s)
2026-09-19T04:57:36.1083880Z [TEST] FTC-SEARCH-NAV-022 starts with a collapsed scan identity and browses its repeated-space artist family
2026-09-19T04:57:36.1085466Z   [STEP] Open the production app after lifespan rebuilt the relation projection
2026-09-19T04:57:36.5836524Z 2026-09-19 04:57:36,582 [INFO] music_app: {"action": "Index request completed", "album_count": 0, "artist_count": 0, "bootstrap_mode": "fresh_preview", "covers_in_progress": false, "elapsed_ms": 338.08, "hydrate_in_progress": false, "payload_elapsed_ms": 200.26, "query": "", "scan_in_progress": false, "selected_artist": ""}
2026-09-19T04:57:39.1447068Z   [PASS] Open the production app after lifespan rebuilt the relation projection (3036 ms)
2026-09-19T04:57:39.1448518Z   [STEP] Search by the collapsed scan identity and retain the stored display credit
2026-09-19T04:57:39.3930282Z 2026-09-19 04:57:39,371 [INFO] music_app: {"action": "Postgres album search request started", "query": "Signal Family Lead"}
2026-09-19T04:57:39.5696948Z 2026-09-19 04:57:39,558 [INFO] music_app: {"action": "View data request completed", "album_count": 2, "artist_count": 2, "elapsed_ms": 185.41, "query": "Signal Family Lead", "selected_artist": "Signal  Family Lead"}
2026-09-19T04:57:39.8859716Z   [PASS] Search by the collapsed scan identity and retain the stored display credit (742 ms)
2026-09-19T04:57:39.8861312Z   [STEP] Browse the folder-derived relation through Artist Family controls
2026-09-19T04:57:40.2325240Z   [PASS] Browse the folder-derived relation through Artist Family controls (346 ms)
2026-09-19T04:57:40.2723912Z   ok 3 [functional] › tests\e2e\specs\artistAliasParity.spec.js:189:1 › FTC-SEARCH-NAV-022 starts with a collapsed scan identity and browses its repeated-space artist family @area:gallery-search (4.4s)
2026-09-19T04:57:40.4873128Z [TEST] FTC-ARTIST-FAMILY-015 excludes compilation track credits from family relations while keeping ordinary shared releases related
2026-09-19T04:57:40.4878120Z   [STEP] Open the production app after startup builds the Postgres relation projection
2026-09-19T04:57:40.9674516Z 2026-09-19 04:57:40,966 [INFO] music_app: {"action": "Index request completed", "album_count": 0, "artist_count": 0, "bootstrap_mode": "fresh_preview", "covers_in_progress": false, "elapsed_ms": 359.08, "hydrate_in_progress": false, "payload_elapsed_ms": 152.23, "query": "", "scan_in_progress": false, "selected_artist": ""}
2026-09-19T04:57:43.2908877Z   [PASS] Open the production app after startup builds the Postgres relation projection (2805 ms)
2026-09-19T04:57:43.2911508Z   [STEP] Select one compilation member without inheriting the other member as family
2026-09-19T04:57:44.3475317Z   [PASS] Select one compilation member without inheriting the other member as family (1051 ms)
2026-09-19T04:57:44.3482440Z   [STEP] Open the second compilation member through the normal sidebar
2026-09-19T04:57:45.6758461Z   [PASS] Open the second compilation member through the normal sidebar (1333 ms)
2026-09-19T04:57:45.6759743Z   [STEP] Keep a separate non-compilation shared release in Artist Family
2026-09-19T04:57:48.4365900Z   [PASS] Keep a separate non-compilation shared release in Artist Family (2760 ms)
2026-09-19T04:57:48.4367119Z   [STEP] Exclude Soundtracks and OST folder evidence
2026-09-19T04:57:49.4546118Z   [PASS] Exclude Soundtracks and OST folder evidence (1018 ms)
2026-09-19T04:57:49.4549462Z   [STEP] Require every emitted family pill to resolve a contributing album
2026-09-19T04:57:52.4116195Z   [PASS] Require every emitted family pill to resolve a contributing album (2958 ms)
2026-09-19T04:57:52.4513022Z   ok 4 [functional] › tests\e2e\specs\artistCompilationFamily.spec.js:180:1 › FTC-ARTIST-FAMILY-015 excludes compilation track credits from family relations while keeping ordinary shared releases related @area:gallery-search (12.1s)
2026-09-19T04:57:52.4522439Z [album-haven-playwright-result] {"version":1,"phase":"tests-complete","nonce":"4b822fa2616d76666e0943b87183789f9d563e80a72fdf77711b706e36aef23d","status":"passed","total":4,"completed":4,"failed":0,"skipped":0,"errors":0}
2026-09-19T04:57:54.0030855Z 
2026-09-19T04:57:54.0030882Z 
2026-09-19T04:57:54.0030896Z 
2026-09-19T04:57:54.0032553Z [album-haven-playwright-result] {"version":1,"phase":"run-final","nonce":"4b822fa2616d76666e0943b87183789f9d563e80a72fdf77711b706e36aef23d","status":"passed","total":4,"completed":4,"failed":0,"skipped":0,"errors":0}
2026-09-19T04:57:54.0033793Z   4 passed (52.8s)
2026-09-19T04:57:54.4700318Z 
2026-09-19T04:57:54.4700887Z === Playwright Summary ===
2026-09-19T04:57:54.4715065Z [[32m✓[0m] artistAliasParity.spec
2026-09-19T04:57:54.4716681Z   [[32m✓[0m] FTC-SEARCH-NAV-020 resolves punctuation-credit aliases through startup and keeps both raw credits @area:gallery-search
2026-09-19T04:57:54.4718293Z   [[32m✓[0m] FTC-SEARCH-NAV-021 keeps empty normalized artist keys isolated @area:gallery-search
2026-09-19T04:57:54.4719928Z   [[32m✓[0m] FTC-SEARCH-NAV-022 starts with a collapsed scan identity and browses its repeated-space artist family @area:gallery-search
2026-09-19T04:57:54.4720795Z [[32m✓[0m] artistCompilationFamily.spec
2026-09-19T04:57:54.4721743Z   [[32m✓[0m] FTC-ARTIST-FAMILY-015 excludes compilation track credits from family relations while keeping ordinary shared releases related @area:gallery-search
2026-09-19T04:57:54.4722348Z 
2026-09-19T04:57:54.4722463Z Overall: 4/4 passed
2026-09-19T04:58:00.0463608Z [playwright-wrapper-final-decision] {"wrapperExitCode":0,"attemptReturn":{"exitCode":0,"exitReason":"authoritative-pass"},"fakeDatabaseCleanup":{"status":"completed","error":null,"mode":"lock-only"},"scanAppCleanup":{"status":"not-required","error":null},"isolatedAppCleanup":{"status":"completed","error":null},"tempCleanup":{"status":"completed","error":null,"removedCount":1},"passivePortDiagnostics":[{"port":5200,"status":"completed","error":null,"ownerCount":0},{"port":5202,"status":"completed","error":null,"ownerCount":0}],"finalSummary":{"phase":"run-final","status":"passed","total":4,"completed":4,"failed":0,"skipped":0,"errors":0,"listOnly":false},"exitReason":"authoritative-pass"}
2026-09-19T04:58:01.9132001Z {"restored":0,"removed":0,"unchanged":1497}
2026-09-19T04:58:21.8842311Z Album Haven production E2E app listening on http://127.0.0.1:5200 with 0 artists, 0 albums, 0 tracks, and provider fixtures on http://127.0.0.1:5202
2026-09-19T04:58:23.3017497Z 2026-09-19 04:58:23,300 [INFO] music_app: Startup scan-cache hydration completed files=7200 albums=400
2026-09-19T04:58:23.3019182Z 2026-09-19 04:58:23,300 [INFO] music_app: Legacy album exclusions migrated albums=1 removed_rules=18 created_rules=1
2026-09-19T04:58:23.7845607Z 2026-09-19 04:58:23,782 [INFO] music_app: Relation projection startup readiness ready=true rebuilt=true reason=missing_projection builder_version=local-relation-builder-v9 source_row_count=7438 duration_ms=442.15 source_load=136.66 fingerprint=58.00 pure_build=140.87 family_link_replacement=7.53 snapshot_publication=1.66
2026-09-19T04:58:25.0393830Z 2026-09-19 04:58:25,037 [INFO] music_app: {"action": "Index request completed", "album_count": 0, "artist_count": 0, "bootstrap_mode": "fresh_preview", "covers_in_progress": false, "elapsed_ms": 402.85, "hydrate_in_progress": false, "payload_elapsed_ms": 165.24, "query": "", "scan_in_progress": false, "selected_artist": ""}
2026-09-19T04:58:49.4717596Z 
2026-09-19T04:58:49.4718141Z Running 26 tests using 1 worker
2026-09-19T04:58:49.4758419Z 
2026-09-19T04:58:52.7070587Z 2026-09-19 04:58:52,706 [INFO] music_app: {"action": "Index request completed", "album_count": 0, "artist_count": 0, "bootstrap_mode": "fresh_preview", "covers_in_progress": false, "elapsed_ms": 368.77, "hydrate_in_progress": false, "payload_elapsed_ms": 261.7, "query": "", "scan_in_progress": false, "selected_artist": ""}
2026-09-19T04:58:55.3189465Z [TEST] FTC-ALBUM-TRACK-CREDITS-001 shows clean titles and per-track credits on a Various Artists release
2026-09-19T04:58:55.3216300Z   [STEP] Find the persisted Various Artists fixture through normal album search
2026-09-19T04:58:55.8024075Z 2026-09-19 04:58:55,800 [INFO] music_app: {"action": "Index request completed", "album_count": 0, "artist_count": 0, "bootstrap_mode": "fresh_preview", "covers_in_progress": false, "elapsed_ms": 326.68, "hydrate_in_progress": false, "payload_elapsed_ms": 209.69, "query": "", "scan_in_progress": false, "selected_artist": ""}
2026-09-19T04:58:58.6865332Z 2026-09-19 04:58:58,634 [INFO] music_app: {"action": "Postgres album search request started", "query": "Featured Signal Collection"}
2026-09-19T04:58:58.7888653Z 2026-09-19 04:58:58,773 [INFO] music_app: {"action": "View data request completed", "album_count": 1, "artist_count": 1, "elapsed_ms": 138.18, "query": "Featured Signal Collection", "selected_artist": "Various Artists"}
2026-09-19T04:58:59.0125994Z   [PASS] Find the persisted Various Artists fixture through normal album search (3692 ms)
2026-09-19T04:58:59.0129014Z   [STEP] Open album details and verify the server-owned track-row presentation
2026-09-19T04:58:59.9604080Z   [PASS] Open album details and verify the server-owned track-row presentation (947 ms)
2026-09-19T04:58:59.9605471Z   [STEP] Verify an ordinary album labels title and artist guest markers without changing playback metadata
2026-09-19T04:59:00.1417044Z 2026-09-19 04:59:00,136 [INFO] music_app: {"action": "Postgres album search request started", "query": "\u0428\u0442\u0438\u043b\u044c Feature Credit"}
2026-09-19T04:59:00.2787705Z 2026-09-19 04:59:00,267 [INFO] music_app: {"action": "View data request completed", "album_count": 1, "artist_count": 1, "elapsed_ms": 131.46, "query": "\u0428\u0442\u0438\u043b\u044c Feature Credit", "selected_artist": "\u0410\u0440\u0438\u044f"}
2026-09-19T04:59:01.2045326Z   [PASS] Verify an ordinary album labels title and artist guest markers without changing playback metadata (1244 ms)
2026-09-19T04:59:01.2046483Z   [STEP] Keep title-derived guests and composite credits out of Artist Family
2026-09-19T04:59:01.3542571Z   [PASS] Keep title-derived guests and composite credits out of Artist Family (150 ms)
2026-09-19T04:59:01.4115775Z   ok  1 [functional] › tests\e2e\specs\albumTrackCredits.spec.js:78:1 › FTC-ALBUM-TRACK-CREDITS-001 shows clean titles and per-track credits on a Various Artists release @area:album-details (6.4s)
2026-09-19T04:59:01.6421271Z [TEST] FTC-ALBUM-TRACK-CREDITS-002 shows each normalized album-header artist once
2026-09-19T04:59:01.6426243Z   [STEP] Find the Postgres album whose stored display credit repeats artists
2026-09-19T04:59:02.0464490Z 2026-09-19 04:59:02,045 [INFO] music_app: {"action": "Index request completed", "album_count": 0, "artist_count": 0, "bootstrap_mode": "fresh_preview", "covers_in_progress": false, "elapsed_ms": 269.13, "hydrate_in_progress": false, "payload_elapsed_ms": 157.54, "query": "", "scan_in_progress": false, "selected_artist": ""}
2026-09-19T04:59:04.6310416Z 2026-09-19 04:59:04,629 [INFO] music_app: {"action": "Postgres album search request started", "query": "Snow White And The Seven Dwarfs"}
2026-09-19T04:59:04.7892779Z 2026-09-19 04:59:04,773 [INFO] music_app: {"action": "View data request completed", "album_count": 1, "artist_count": 1, "elapsed_ms": 143.41, "query": "Snow White And The Seven Dwarfs", "selected_artist": "Frank Churchill / Leigh Harline / Larry Morey"}
2026-09-19T04:59:04.9919378Z   [PASS] Find the Postgres album whose stored display credit repeats artists (3349 ms)
2026-09-19T04:59:04.9920854Z   [STEP] Open Album Details without repeating the album credit on each track
2026-09-19T04:59:05.6216053Z   [PASS] Open Album Details without repeating the album credit on each track (630 ms)
2026-09-19T04:59:05.6620678Z   ok  2 [functional] › tests\e2e\specs\albumTrackCredits.spec.js:269:1 › FTC-ALBUM-TRACK-CREDITS-002 shows each normalized album-header artist once @area:album-details (4.2s)
2026-09-19T04:59:05.8792301Z [TEST] FTC-ALBUM-DETAILS-017 orders missing track numbers by natural filename
2026-09-19T04:59:05.8793465Z   [STEP] Open the generated missing-track-number album through normal search
2026-09-19T04:59:06.2811385Z 2026-09-19 04:59:06,280 [INFO] music_app: {"action": "Index request completed", "album_count": 0, "artist_count": 0, "bootstrap_mode": "fresh_preview", "covers_in_progress": false, "elapsed_ms": 262.36, "hydrate_in_progress": false, "payload_elapsed_ms": 145.92, "query": "", "scan_in_progress": false, "selected_artist": ""}
2026-09-19T04:59:09.0042281Z 2026-09-19 04:59:08,915 [INFO] music_app: {"action": "Postgres album search request started", "query": "Natural Filename Order Fixture"}
2026-09-19T04:59:09.0594334Z 2026-09-19 04:59:09,057 [INFO] music_app: {"action": "View data request completed", "album_count": 1, "artist_count": 1, "elapsed_ms": 141.59, "query": "Natural Filename Order Fixture", "selected_artist": "E2E Rarity Artist"}
2026-09-19T04:59:09.3608992Z   [PASS] Open the generated missing-track-number album through normal search (3476 ms)
2026-09-19T04:59:09.3610702Z   [STEP] Verify natural filename order when positive track numbers are absent
2026-09-19T04:59:09.9582899Z   [PASS] Verify natural filename order when positive track numbers are absent (602 ms)
2026-09-19T04:59:09.9992776Z   ok  3 [functional] › tests\e2e\specs\albumTrackCredits.spec.js:298:1 › FTC-ALBUM-DETAILS-017 orders missing track numbers by natural filename @area:album-details (4.3s)
2026-09-19T04:59:10.2189853Z [TEST] FTC-ALBUM-DETAILS-005 shows bonus duration only for an explicit bonus-disc label
2026-09-19T04:59:10.2199078Z   [STEP] Open a mixed album with an explicit raw bonus-disc label
2026-09-19T04:59:10.6851060Z 2026-09-19 04:59:10,684 [INFO] music_app: {"action": "Index request completed", "album_count": 0, "artist_count": 0, "bootstrap_mode": "fresh_preview", "covers_in_progress": false, "elapsed_ms": 261.16, "hydrate_in_progress": false, "payload_elapsed_ms": 144.76, "query": "", "scan_in_progress": false, "selected_artist": ""}
2026-09-19T04:59:13.1531986Z 2026-09-19 04:59:13,140 [INFO] music_app: {"action": "Postgres album search request started", "query": "Explicit Disc Label Control"}
2026-09-19T04:59:13.2746492Z 2026-09-19 04:59:13,272 [INFO] music_app: {"action": "View data request completed", "album_count": 1, "artist_count": 1, "elapsed_ms": 132.41, "query": "Explicit Disc Label Control", "selected_artist": "Various Artists"}
2026-09-19T04:59:14.1585122Z   [PASS] Open a mixed album with an explicit raw bonus-disc label (3930 ms)
2026-09-19T04:59:14.1586459Z   [STEP] Show the exact main-album and bonus-disc durations
2026-09-19T04:59:14.1973802Z   [FAIL] Show the exact main-album and bonus-disc durations :: expect(received).toEqual(expected) // deep equality
2026-09-19T04:59:14.1975323Z 
2026-09-19T04:59:14.1975511Z - Expected  - 1
2026-09-19T04:59:14.1975870Z + Received  + 5
2026-09-19T04:59:14.1976059Z 
2026-09-19T04:59:14.1976206Z - Array []
2026-09-19T04:59:14.1976822Z + Array [
2026-09-19T04:59:14.1979606Z +   "Total Length: 25m 30s",
2026-09-19T04:59:14.1984329Z +   "Total Main Album Length: 3:00",
2026-09-19T04:59:14.1984921Z +   "Bonus Disc Length: 22:30",
2026-09-19T04:59:14.1986162Z + ] (37 ms)
2026-09-19T04:59:15.5930323Z   x   4 [functional] › tests\e2e\specs\albumTrackCredits.spec.js:327:1 › FTC-ALBUM-DETAILS-005 shows bonus duration only for an explicit bonus-disc label @area:album-details (4.8s)
2026-09-19T04:59:18.5187972Z 2026-09-19 04:59:18,517 [INFO] music_app: {"action": "Index request completed", "album_count": 0, "artist_count": 0, "bootstrap_mode": "fresh_preview", "covers_in_progress": false, "elapsed_ms": 275.67, "hydrate_in_progress": false, "payload_elapsed_ms": 156.34, "query": "", "scan_in_progress": false, "selected_artist": ""}
2026-09-19T04:59:21.0641785Z [TEST] FTC-ALBUM-DETAILS-005 ignores bonus-like album and path words
2026-09-19T04:59:21.0668556Z   [STEP] Open an ordinary album whose title and path contain bonus-like words
2026-09-19T04:59:21.5801265Z 2026-09-19 04:59:21,579 [INFO] music_app: {"action": "Index request completed", "album_count": 0, "artist_count": 0, "bootstrap_mode": "fresh_preview", "covers_in_progress": false, "elapsed_ms": 347.1, "hydrate_in_progress": false, "payload_elapsed_ms": 141.39, "query": "", "scan_in_progress": false, "selected_artist": ""}
2026-09-19T04:59:24.3890051Z 2026-09-19 04:59:24,350 [INFO] music_app: {"action": "Postgres album search request started", "query": "Rarity Outtakes Archive"}
2026-09-19T04:59:24.5056451Z 2026-09-19 04:59:24,493 [INFO] music_app: {"action": "View data request completed", "album_count": 1, "artist_count": 1, "elapsed_ms": 142.58, "query": "Rarity Outtakes Archive", "selected_artist": "Various Artists"}
2026-09-19T04:59:25.2992355Z   [PASS] Open an ordinary album whose title and path contain bonus-like words (4232 ms)
2026-09-19T04:59:25.2995344Z   [STEP] Show only the ordinary album total
2026-09-19T04:59:25.3508535Z   [PASS] Show only the ordinary album total (52 ms)
2026-09-19T04:59:25.3980100Z   ok  5 [functional] › tests\e2e\specs\albumTrackCredits.spec.js:355:1 › FTC-ALBUM-DETAILS-005 ignores bonus-like album and path words @area:album-details (4.6s)
2026-09-19T04:59:25.6298312Z [TEST] FTC-ALBUM-DETAILS-005 infers CD1 beside an ordinary numeric CD2
2026-09-19T04:59:25.6299679Z   [STEP] Open a numeric two-disc album whose first tracks omit disc tags
2026-09-19T04:59:26.1135408Z 2026-09-19 04:59:26,112 [INFO] music_app: {"action": "Index request completed", "album_count": 0, "artist_count": 0, "bootstrap_mode": "fresh_preview", "covers_in_progress": false, "elapsed_ms": 354.39, "hydrate_in_progress": false, "payload_elapsed_ms": 147.77, "query": "", "scan_in_progress": false, "selected_artist": ""}
2026-09-19T04:59:28.9335926Z 2026-09-19 04:59:28,907 [INFO] music_app: {"action": "Postgres album search request started", "query": "Ordinary Numeric Disc Control"}
2026-09-19T04:59:29.0495264Z 2026-09-19 04:59:29,034 [INFO] music_app: {"action": "View data request completed", "album_count": 1, "artist_count": 1, "elapsed_ms": 127.19, "query": "Ordinary Numeric Disc Control", "selected_artist": "Various Artists"}
2026-09-19T04:59:29.8043476Z   [PASS] Open a numeric two-disc album whose first tracks omit disc tags (4177 ms)
2026-09-19T04:59:29.8044593Z   [STEP] Render inferred CD1 and numeric CD2 without bonus semantics
2026-09-19T04:59:29.8345645Z   [FAIL] Render inferred CD1 and numeric CD2 without bonus semantics :: expect(received).toEqual(expected) // deep equality
2026-09-19T04:59:29.8346520Z 
2026-09-19T04:59:29.8346698Z - Expected  - 1
2026-09-19T04:59:29.8347094Z + Received  + 3
2026-09-19T04:59:29.8347314Z 
2026-09-19T04:59:29.8347460Z   Object {
2026-09-19T04:59:29.8347810Z     "headers": Array [
2026-09-19T04:59:29.8348184Z       "CD 1",
2026-09-19T04:59:29.8348492Z       "CD 2",
2026-09-19T04:59:29.8348812Z     ],
2026-09-19T04:59:29.8349549Z -   "totals": Array [],
2026-09-19T04:59:29.8350263Z +   "totals": Array [
2026-09-19T04:59:29.8351249Z +     "Total Length: 18m 00s",
2026-09-19T04:59:29.8351740Z +   ],
2026-09-19T04:59:29.8352075Z   } (24 ms)
2026-09-19T04:59:31.2237639Z   x   6 [functional] › tests\e2e\specs\albumTrackCredits.spec.js:382:1 › FTC-ALBUM-DETAILS-005 infers CD1 beside an ordinary numeric CD2 @area:album-details (5.0s)
2026-09-19T04:59:33.9326340Z 2026-09-19 04:59:33,931 [INFO] music_app: {"action": "Index request completed", "album_count": 0, "artist_count": 0, "bootstrap_mode": "fresh_preview", "covers_in_progress": false, "elapsed_ms": 288.62, "hydrate_in_progress": false, "payload_elapsed_ms": 164.44, "query": "", "scan_in_progress": false, "selected_artist": ""}
2026-09-19T04:59:36.4077622Z [TEST] FTC-ARTIST-FAMILY-016 reuses complete virtualized family data for no-query member navigation
2026-09-19T04:59:36.4090437Z   [STEP] Open the complete unfiltered ordinary family with viewport virtualization
2026-09-19T04:59:36.8963464Z 2026-09-19 04:59:36,894 [INFO] music_app: {"action": "Index request completed", "album_count": 0, "artist_count": 0, "bootstrap_mode": "fresh_preview", "covers_in_progress": false, "elapsed_ms": 317.82, "hydrate_in_progress": false, "payload_elapsed_ms": 186.08, "query": "", "scan_in_progress": false, "selected_artist": ""}
2026-09-19T04:59:41.2797491Z   [PASS] Open the complete unfiltered ordinary family with viewport virtualization (4574 ms)
2026-09-19T04:59:41.2807229Z   [STEP] Promote another family member locally without a loading transition
2026-09-19T04:59:41.4944834Z   [PASS] Promote another family member locally without a loading transition (507 ms)
2026-09-19T04:59:41.6725960Z   [STEP] Keep the rearranged primary and virtualized family albums reachable
2026-09-19T04:59:43.9486661Z   [PASS] Keep the rearranged primary and virtualized family albums reachable (2458 ms)
2026-09-19T04:59:43.9932753Z   ok  7 [functional] › tests\e2e\specs\artistCompilationFamily.spec.js:287:1 › FTC-ARTIST-FAMILY-016 reuses complete virtualized family data for no-query member navigation @area:gallery-search (7.8s)
2026-09-19T04:59:44.2129269Z [TEST] FTC-ARTIST-FAMILY-014 deduplicates the Snow White display credit without changing its click identity
2026-09-19T04:59:44.2144102Z   [STEP] Open the production app against the isolated Postgres library
2026-09-19T04:59:44.6067697Z 2026-09-19 04:59:44,605 [INFO] music_app: {"action": "Index request completed", "album_count": 0, "artist_count": 0, "bootstrap_mode": "fresh_preview", "covers_in_progress": false, "elapsed_ms": 270.99, "hydrate_in_progress": false, "payload_elapsed_ms": 150.17, "query": "", "scan_in_progress": false, "selected_artist": ""}
2026-09-19T04:59:47.3279359Z   [PASS] Open the production app against the isolated Postgres library (3093 ms)
2026-09-19T04:59:47.3355272Z   [STEP] Select the merged composite artist row through its clean tree label
2026-09-19T04:59:47.6675699Z 2026-09-19 04:59:47,661 [INFO] music_app: {"action": "Postgres album search request started", "query": "Snow White And The Seven Dwarfs"}
2026-09-19T04:59:47.8046116Z 2026-09-19 04:59:47,791 [INFO] music_app: {"action": "View data request completed", "album_count": 1, "artist_count": 1, "elapsed_ms": 129.07, "query": "Snow White And The Seven Dwarfs", "selected_artist": "Frank Churchill / Leigh Harline / Larry Morey"}
2026-09-19T04:59:48.1371783Z   [PASS] Select the merged composite artist row through its clean tree label (829 ms)
2026-09-19T04:59:48.1374416Z   [STEP] Verify the deduplicated display credit and normalized durable album key
2026-09-19T04:59:48.2900102Z   [PASS] Verify the deduplicated display credit and normalized durable album key (153 ms)
2026-09-19T04:59:48.2901629Z   [STEP] Open the album through its visible title and retain the legitimate composite identity
2026-09-19T04:59:48.9237542Z   [PASS] Open the album through its visible title and retain the legitimate composite identity (631 ms)
2026-09-19T04:59:48.9670688Z   ok  8 [functional] › tests\e2e\specs\artistCompositeCredits.spec.js:10:1 › FTC-ARTIST-FAMILY-014 deduplicates the Snow White display credit without changing its click identity @area:gallery-search (4.9s)
2026-09-19T04:59:49.1926432Z [TEST] FTC-GALLERY-030 counts each Mulan soundtrack track once across artist credits
2026-09-19T04:59:49.1931158Z   [STEP] Unfiltered gallery counts each soundtrack track once
2026-09-19T04:59:49.5887747Z 2026-09-19 04:59:49,587 [INFO] music_app: {"action": "Index request completed", "album_count": 0, "artist_count": 0, "bootstrap_mode": "fresh_preview", "covers_in_progress": false, "elapsed_ms": 260.2, "hydrate_in_progress": false, "payload_elapsed_ms": 147.06, "query": "", "scan_in_progress": false, "selected_artist": ""}
2026-09-19T04:59:54.6341357Z   [PASS] Unfiltered gallery counts each soundtrack track once (5442 ms)
2026-09-19T04:59:54.6342572Z   [STEP] Search the multi-artist soundtrack and count its duration once
2026-09-19T04:59:55.2301575Z 2026-09-19 04:59:55,229 [INFO] music_app: {"action": "Index request completed", "album_count": 0, "artist_count": 0, "bootstrap_mode": "fresh_preview", "covers_in_progress": false, "elapsed_ms": 344.3, "hydrate_in_progress": false, "payload_elapsed_ms": 210.68, "query": "", "scan_in_progress": false, "selected_artist": ""}
2026-09-19T04:59:57.3787149Z 2026-09-19 04:59:57,361 [INFO] music_app: {"action": "Postgres album search request started", "query": "Mulan"}
2026-09-19T04:59:57.4961941Z 2026-09-19 04:59:57,494 [INFO] music_app: {"action": "View data request completed", "album_count": 1, "artist_count": 9, "elapsed_ms": 133.16, "query": "Mulan", "selected_artist": "U.D.O."}
2026-09-19T04:59:57.7244419Z   [PASS] Search the multi-artist soundtrack and count its duration once (3090 ms)
2026-09-19T04:59:57.7256438Z   [STEP] Album Details independently shows 14 tracks totaling 56m 18s
2026-09-19T04:59:58.2802634Z   [PASS] Album Details independently shows 14 tracks totaling 56m 18s (551 ms)
2026-09-19T04:59:58.2804808Z   [STEP] Artist navigation and reload preserve the same gallery total
2026-09-19T04:59:59.8010117Z 2026-09-19 04:59:59,799 [INFO] music_app: {"action": "Index request completed", "album_count": 0, "artist_count": 0, "bootstrap_mode": "fresh_preview", "covers_in_progress": false, "elapsed_ms": 352.56, "hydrate_in_progress": false, "payload_elapsed_ms": 278.26, "query": "", "scan_in_progress": false, "selected_artist": "Compilation Signal Lead"}
2026-09-19T05:00:00.8592935Z   [PASS] Artist navigation and reload preserve the same gallery total (2584 ms)
2026-09-19T05:00:00.9109169Z   ok  9 [functional] › tests\e2e\specs\gallerySoundtrackDuration.spec.js:9:1 › FTC-GALLERY-030 counts each Mulan soundtrack track once across artist credits @area:gallery-search (11.9s)
2026-09-19T05:00:01.1794105Z [TEST] FTC-SEARCH-NAV-027 keeps canonical positive card counts on direct load and reload
2026-09-19T05:00:01.2016407Z   [STEP] Direct-load and reload the selected-artist gallery in a fresh browser
2026-09-19T05:00:01.9777683Z 2026-09-19 05:00:01,976 [INFO] music_app: {"action": "Index request completed", "album_count": 0, "artist_count": 0, "bootstrap_mode": "fresh_preview", "covers_in_progress": false, "elapsed_ms": 671.7, "hydrate_in_progress": false, "payload_elapsed_ms": 473.99, "query": "", "scan_in_progress": false, "selected_artist": "\u0414\u0414\u0422"}
2026-09-19T05:00:08.6920606Z 2026-09-19 05:00:08,690 [INFO] music_app: {"action": "Index request completed", "album_count": 0, "artist_count": 0, "bootstrap_mode": "fresh_preview", "covers_in_progress": false, "elapsed_ms": 484.89, "hydrate_in_progress": false, "payload_elapsed_ms": 303.48, "query": "", "scan_in_progress": false, "selected_artist": "\u0414\u0414\u0422"}
2026-09-19T05:00:13.1312014Z   [PASS] Direct-load and reload the selected-artist gallery in a fresh browser (11962 ms)
2026-09-19T05:00:13.1313592Z   [STEP] Direct-load and reload the search-results gallery in a fresh browser
2026-09-19T05:00:13.7739640Z 2026-09-19 05:00:13,773 [INFO] music_app: {"action": "Index request completed", "album_count": 0, "artist_count": 0, "bootstrap_mode": "full_view", "covers_in_progress": false, "elapsed_ms": 234.83, "hydrate_in_progress": false, "payload_elapsed_ms": 163.34, "query": "\u0414\u0414\u0422", "scan_in_progress": false, "selected_artist": "\u0414\u0414\u0422"}
2026-09-19T05:00:16.2755361Z 2026-09-19 05:00:16,273 [INFO] music_app: {"action": "Index request completed", "album_count": 0, "artist_count": 0, "bootstrap_mode": "full_view", "covers_in_progress": false, "elapsed_ms": 303.34, "hydrate_in_progress": false, "payload_elapsed_ms": 214.92, "query": "\u0414\u0414\u0422", "scan_in_progress": false, "selected_artist": "\u0414\u0414\u0422"}
2026-09-19T05:00:18.8483300Z   [PASS] Direct-load and reload the search-results gallery in a fresh browser (5717 ms)
2026-09-19T05:00:18.9310753Z   ok 10 [functional] › tests\e2e\specs\searchTreeCorrectness.spec.js:46:1 › FTC-SEARCH-NAV-027 keeps canonical positive card counts on direct load and reload @area:gallery-search (18.0s)
2026-09-19T05:00:19.1545787Z [TEST] FTC-SEARCH-NAV-028 limits a content-matched family artist while keeping an artist-name match complete
2026-09-19T05:00:19.1550256Z   [STEP] Capture the complete Transatlantic artist-name gallery
2026-09-19T05:00:19.6644566Z 2026-09-19 05:00:19,663 [INFO] music_app: {"action": "Index request completed", "album_count": 0, "artist_count": 0, "bootstrap_mode": "fresh_preview", "covers_in_progress": false, "elapsed_ms": 377.83, "hydrate_in_progress": false, "payload_elapsed_ms": 280.23, "query": "", "scan_in_progress": false, "selected_artist": "Transatlantic"}
2026-09-19T05:00:21.2800758Z   [PASS] Capture the complete Transatlantic artist-name gallery (2099 ms)
2026-09-19T05:00:21.2802266Z   [STEP] Search for Transatlantic from Neal Morse
2026-09-19T05:00:22.0032231Z 2026-09-19 05:00:22,001 [INFO] music_app: {"action": "Index request completed", "album_count": 0, "artist_count": 0, "bootstrap_mode": "fresh_preview", "covers_in_progress": false, "elapsed_ms": 575.78, "hydrate_in_progress": false, "payload_elapsed_ms": 462.06, "query": "", "scan_in_progress": false, "selected_artist": "Neal Morse"}
2026-09-19T05:00:23.2633239Z 2026-09-19 05:00:23,242 [INFO] music_app: {"action": "Postgres album search request started", "query": "transatlantic"}
2026-09-19T05:00:23.4182715Z 2026-09-19 05:00:23,407 [INFO] music_app: {"action": "View data request completed", "album_count": 40, "artist_count": 4, "elapsed_ms": 165.24, "query": "transatlantic", "selected_artist": "Transatlantic"}
2026-09-19T05:00:23.9101075Z   [PASS] Search for Transatlantic from Neal Morse (2656 ms)
2026-09-19T05:00:23.9106722Z   [STEP] Selecting a different primary artist preserves the query until explicit Clear restores its complete gallery
2026-09-19T05:00:25.3762397Z   [PASS] Selecting a different primary artist preserves the query until explicit Clear restores its complete gallery (1465 ms)
2026-09-19T05:00:25.3764222Z   [STEP] Explicit Neal Morse album-title search remains narrow through same-primary selection
2026-09-19T05:00:25.7494455Z 2026-09-19 05:00:25,748 [INFO] music_app: {"action": "Index request completed", "album_count": 0, "artist_count": 0, "bootstrap_mode": "full_view", "covers_in_progress": false, "elapsed_ms": 235.26, "hydrate_in_progress": false, "payload_elapsed_ms": 173.13, "query": "transatlantic", "scan_in_progress": false, "selected_artist": "Neal Morse"}
2026-09-19T05:00:26.6997066Z   [PASS] Explicit Neal Morse album-title search remains narrow through same-primary selection (1324 ms)
2026-09-19T05:00:26.6999615Z   [STEP] Explicit Transatlantic search keeps its full artist-name match
2026-09-19T05:00:27.0884338Z 2026-09-19 05:00:27,087 [INFO] music_app: {"action": "Index request completed", "album_count": 0, "artist_count": 0, "bootstrap_mode": "full_view", "covers_in_progress": false, "elapsed_ms": 194.8, "hydrate_in_progress": false, "payload_elapsed_ms": 139.17, "query": "transatlantic", "scan_in_progress": false, "selected_artist": "Transatlantic"}
2026-09-19T05:00:28.2126522Z   [PASS] Explicit Transatlantic search keeps its full artist-name match (1512 ms)
2026-09-19T05:00:28.2128953Z   [STEP] Search by a Neal Morse track title and keep the same record-only scope
2026-09-19T05:00:28.5566244Z 2026-09-19 05:00:28,555 [INFO] music_app: {"action": "Index request completed", "album_count": 0, "artist_count": 0, "bootstrap_mode": "full_view", "covers_in_progress": false, "elapsed_ms": 243.2, "hydrate_in_progress": false, "payload_elapsed_ms": 103.17, "query": "family scope beacon", "scan_in_progress": false, "selected_artist": "Neal Morse"}
2026-09-19T05:00:29.6362376Z   [PASS] Search by a Neal Morse track title and keep the same record-only scope (1423 ms)
2026-09-19T05:00:29.6777815Z   ok 11 [functional] › tests\e2e\specs\searchTreeCorrectness.spec.js:179:1 › FTC-SEARCH-NAV-028 limits a content-matched family artist while keeping an artist-name match complete @area:gallery-search (10.7s)
2026-09-19T05:00:29.8912899Z [TEST] FTC-SEARCH-NAV-026 clears Neal Morse search without remounting the selected gallery or family filters and restores the full tree
2026-09-19T05:00:29.8915798Z   [STEP] Capture the complete pre-search artist tree
2026-09-19T05:00:30.2847312Z 2026-09-19 05:00:30,283 [INFO] music_app: {"action": "Index request completed", "album_count": 0, "artist_count": 0, "bootstrap_mode": "fresh_preview", "covers_in_progress": false, "elapsed_ms": 256.79, "hydrate_in_progress": false, "payload_elapsed_ms": 140.86, "query": "", "scan_in_progress": false, "selected_artist": ""}
2026-09-19T05:00:32.7715887Z   [PASS] Capture the complete pre-search artist tree (2875 ms)
2026-09-19T05:00:32.7719129Z   [STEP] Search for Neal Morse and retain its automatic strongest-match selection
2026-09-19T05:00:33.0167586Z 2026-09-19 05:00:32,973 [INFO] music_app: {"action": "Postgres album search request started", "query": "Neal Morse"}
2026-09-19T05:00:33.2481289Z 2026-09-19 05:00:33,199 [INFO] music_app: {"action": "View data request completed", "album_count": 50, "artist_count": 5, "elapsed_ms": 227.37, "query": "Neal Morse", "selected_artist": "Neal Morse"}
2026-09-19T05:00:33.6367724Z   [PASS] Search for Neal Morse and retain its automatic strongest-match selection (852 ms)
2026-09-19T05:00:33.6375652Z   [STEP] Clear with the search control while preserving the mounted gallery and family filters
2026-09-19T05:00:35.4741660Z   [PASS] Clear with the search control while preserving the mounted gallery and family filters (1844 ms)
2026-09-19T05:00:35.5254243Z   ok 12 [functional] › tests\e2e\specs\searchTreeCorrectness.spec.js:288:1 › FTC-SEARCH-NAV-026 clears Neal Morse search without remounting the selected gallery or family filters and restores the full tree @area:gallery-search (5.8s)
2026-09-19T05:00:35.7502177Z [TEST] FTC-SEARCH-NAV-002, FTC-SEARCH-NAV-003, and FTC-SEARCH-NAV-026 keep one-family search narrow, alphabetical, and selected through full-tree restoration
2026-09-19T05:00:35.7504422Z   [STEP] Open the canonical *** and capture its complete artist context
2026-09-19T05:00:36.2418145Z 2026-09-19 05:00:36,239 [INFO] music_app: {"action": "Index request completed", "album_count": 0, "artist_count": 0, "bootstrap_mode": "fresh_preview", "covers_in_progress": false, "elapsed_ms": 354.27, "hydrate_in_progress": false, "payload_elapsed_ms": 240.4, "query": "", "scan_in_progress": false, "selected_artist": ""}
2026-09-19T05:00:38.7352888Z   [PASS] Open the canonical *** and capture its complete artist context (2984 ms)
2026-09-19T05:00:38.7354556Z   [STEP] Search for one exact artist inside one family
2026-09-19T05:00:38.9659702Z 2026-09-19 05:00:38,942 [INFO] music_app: {"action": "Postgres album search request started", "query": "The Neal Morse Band"}
2026-09-19T05:00:39.1261084Z 2026-09-19 05:00:39,113 [INFO] music_app: {"action": "View data request completed", "album_count": 40, "artist_count": 4, "elapsed_ms": 171.01, "query": "The Neal Morse Band", "selected_artist": "The Neal Morse Band"}
2026-09-19T05:00:39.4587784Z   [PASS] Search for one exact artist inside one family (724 ms)
2026-09-19T05:00:39.4589394Z   [STEP] Keep the best match and its gallery selected without showing a misleading All artists row
2026-09-19T05:00:39.5651416Z   [PASS] Keep the best match and its gallery selected without showing a misleading All artists row (102 ms)
2026-09-19T05:00:39.5654044Z   [STEP] Display the one-family search tree alphabetically instead of relevance order
2026-09-19T05:00:39.6059819Z   [PASS] Display the one-family search tree alphabetically instead of relevance order (39 ms)
2026-09-19T05:00:39.6071623Z   [STEP] Clear the query while retaining the best-match selection and gallery in the restored full tree
2026-09-19T05:00:41.3796023Z   [PASS] Clear the query while retaining the best-match selection and gallery in the restored full tree (1769 ms)
2026-09-19T05:00:41.3798443Z   [STEP] Repeat the search and explicitly select a different artist from the filtered tree
2026-09-19T05:00:41.7815547Z 2026-09-19 05:00:41,761 [INFO] music_app: {"action": "Postgres album search request started", "query": "The Neal Morse Band"}
2026-09-19T05:00:41.9440559Z 2026-09-19 05:00:41,931 [INFO] music_app: {"action": "View data request completed", "album_count": 40, "artist_count": 4, "elapsed_ms": 169.63, "query": "The Neal Morse Band", "selected_artist": "The Neal Morse Band"}
2026-09-19T05:00:42.5608240Z   [PASS] Repeat the search and explicitly select a different artist from the filtered tree (1176 ms)
2026-09-19T05:00:42.5618886Z   [STEP] Reapply the same committed query with Enter and reselect its best match
2026-09-19T05:00:42.8161563Z 2026-09-19 05:00:42,726 [INFO] music_app: {"action": "Postgres album search request started", "query": "The Neal Morse Band"}
2026-09-19T05:00:42.9223003Z 2026-09-19 05:00:42,905 [INFO] music_app: {"action": "View data request completed", "album_count": 40, "artist_count": 4, "elapsed_ms": 180.06, "query": "The Neal Morse Band", "selected_artist": "The Neal Morse Band"}
2026-09-19T05:00:43.2545454Z   [PASS] Reapply the same committed query with Enter and reselect its best match (710 ms)
2026-09-19T05:00:43.2546887Z   [STEP] Reapply the same committed query with Apply and reselect its best match
2026-09-19T05:00:43.6380904Z 2026-09-19 05:00:43,631 [INFO] music_app: {"action": "Postgres album search request started", "query": "The Neal Morse Band"}
2026-09-19T05:00:43.8025990Z 2026-09-19 05:00:43,800 [INFO] music_app: {"action": "View data request completed", "album_count": 40, "artist_count": 4, "elapsed_ms": 169.64, "query": "The Neal Morse Band", "selected_artist": "The Neal Morse Band"}
2026-09-19T05:00:44.1437372Z   [PASS] Reapply the same committed query with Apply and reselect its best match (889 ms)
2026-09-19T05:00:44.1438865Z   [STEP] Restore the manual family selection before validating clear-search retention
2026-09-19T05:00:44.2659668Z   [PASS] Restore the manual family selection before validating clear-search retention (122 ms)
2026-09-19T05:00:44.2661163Z   [STEP] Clear the query while retaining the manually selected artist and gallery in the restored full tree
2026-09-19T05:00:45.0765580Z   [PASS] Clear the query while retaining the manually selected artist and gallery in the restored full tree (811 ms)
2026-09-19T05:00:45.0766884Z   [STEP] Settle a no-match search with no artist selection
2026-09-19T05:00:45.2347468Z 2026-09-19 05:00:45,231 [INFO] music_app: {"action": "Postgres album search request started", "query": "Album Haven deterministic no-match 7f4c29"}
2026-09-19T05:00:45.3694408Z 2026-09-19 05:00:45,355 [INFO] music_app: {"action": "View data request completed", "album_count": 0, "artist_count": 0, "elapsed_ms": 123.9, "query": "Album Haven deterministic no-match 7f4c29", "selected_artist": ""}
2026-09-19T05:00:45.5530227Z   [PASS] Settle a no-match search with no artist selection (476 ms)
2026-09-19T05:00:45.5533266Z   [STEP] Clear the no-selection search naturally and restore the nonempty canonical *** at its top
2026-09-19T05:00:46.6710486Z   [PASS] Clear the no-selection search naturally and restore the nonempty canonical *** at its top (1118 ms)
2026-09-19T05:00:46.7164292Z   ok 13 [functional] › tests\e2e\specs\searchTreeCorrectness.spec.js:369:1 › FTC-SEARCH-NAV-002, FTC-SEARCH-NAV-003, and FTC-SEARCH-NAV-026 keep one-family search narrow, alphabetical, and selected through full-tree restoration @area:gallery-search (11.2s)
2026-09-19T05:00:46.9385168Z [TEST] FTC-SEARCH-NAV-026 keeps a cold direct-loaded selected gallery mounted through natural search clear
2026-09-19T05:00:46.9388093Z   [STEP] Direct-load the selected family without first warming the *** browse cache
2026-09-19T05:00:47.2414359Z 2026-09-19 05:00:47,240 [INFO] music_app: {"action": "Index request completed", "album_count": 0, "artist_count": 0, "bootstrap_mode": "full_view", "covers_in_progress": false, "elapsed_ms": 184.73, "hydrate_in_progress": false, "payload_elapsed_ms": 135.26, "query": "Signal Family Lead", "scan_in_progress": false, "selected_artist": "Signal  Family Lead"}
2026-09-19T05:00:48.0860115Z   [PASS] Direct-load the selected family without first warming the *** browse cache (1148 ms)
2026-09-19T05:00:48.0862377Z   [STEP] Clear naturally while one ***-sidebar request preserves the mounted gallery
2026-09-19T05:00:48.9280011Z   [PASS] Clear naturally while one ***-sidebar request preserves the mounted gallery (842 ms)
2026-09-19T05:00:48.9721539Z   ok 14 [functional] › tests\e2e\specs\searchTreeCorrectness.spec.js:610:1 › FTC-SEARCH-NAV-026 keeps a cold direct-loaded selected gallery mounted through natural search clear @area:gallery-search (2.2s)
2026-09-19T05:00:49.1783414Z [TEST] FTC-SEARCH-NAV-003 direct query links hydrate the same one-family tree as visible search
2026-09-19T05:00:49.1787185Z   [STEP] Capture the full *** tree and the filtered Neal Morse tree produced by visible search
2026-09-19T05:00:49.3957173Z 2026-09-19 05:00:49,394 [INFO] music_app: {"action": "Index request completed", "album_count": 0, "artist_count": 0, "bootstrap_mode": "shell_only", "covers_in_progress": false, "elapsed_ms": 94.89, "hydrate_in_progress": false, "payload_elapsed_ms": 0.0, "query": "", "scan_in_progress": false, "selected_artist": ""}
2026-09-19T05:00:50.8327889Z 2026-09-19 05:00:50,818 [INFO] music_app: {"action": "Postgres album search request started", "query": "neal morse"}
2026-09-19T05:00:51.1004312Z 2026-09-19 05:00:51,057 [INFO] music_app: {"action": "View data request completed", "album_count": 50, "artist_count": 5, "elapsed_ms": 238.81, "query": "neal morse", "selected_artist": "Neal Morse"}
2026-09-19T05:00:51.6332317Z   [PASS] Capture the full *** tree and the filtered Neal Morse tree produced by visible search (2453 ms)
2026-09-19T05:00:51.6334551Z   [STEP] Open the selected-artist link without q and retain the full *** tree
2026-09-19T05:00:52.3811018Z 2026-09-19 05:00:52,380 [INFO] music_app: {"action": "Index request completed", "album_count": 0, "artist_count": 0, "bootstrap_mode": "fresh_preview", "covers_in_progress": false, "elapsed_ms": 602.22, "hydrate_in_progress": false, "payload_elapsed_ms": 388.86, "query": "", "scan_in_progress": false, "selected_artist": "Neal Morse"}
2026-09-19T05:00:54.0033023Z   [PASS] Open the selected-artist link without q and retain the full *** tree (2371 ms)
2026-09-19T05:00:54.0034331Z   [STEP] Open the equivalent query link as a new document
2026-09-19T05:00:54.4484237Z 2026-09-19 05:00:54,447 [INFO] music_app: {"action": "Index request completed", "album_count": 0, "artist_count": 0, "bootstrap_mode": "full_view", "covers_in_progress": false, "elapsed_ms": 305.54, "hydrate_in_progress": false, "payload_elapsed_ms": 210.26, "query": "neal morse", "scan_in_progress": false, "selected_artist": "Neal Morse"}
2026-09-19T05:00:55.5026837Z   [PASS] Open the equivalent query link as a new document (1429 ms)
2026-09-19T05:00:55.5028196Z   [STEP] Hydrate the exact manual-search family tree without a misleading All artists row
2026-09-19T05:00:55.5996542Z   [PASS] Hydrate the exact manual-search family tree without a misleading All artists row (166 ms)
2026-09-19T05:00:55.6538924Z   ok 15 [functional] › tests\e2e\specs\searchTreeCorrectness.spec.js:681:1 › FTC-SEARCH-NAV-003 direct query links hydrate the same one-family tree as visible search @area:gallery-search (6.6s)
2026-09-19T05:00:55.8645575Z [TEST] FTC-SEARCH-NAV-004A keeps a clicked related-family artist selected as the primary artist
2026-09-19T05:00:55.8647647Z   [STEP] Open the Neal Morse family search with Neal Morse as the initial primary artist
2026-09-19T05:00:56.0877887Z 2026-09-19 05:00:56,086 [INFO] music_app: {"action": "Index request completed", "album_count": 0, "artist_count": 0, "bootstrap_mode": "shell_only", "covers_in_progress": false, "elapsed_ms": 91.16, "hydrate_in_progress": false, "payload_elapsed_ms": 0.0, "query": "", "scan_in_progress": false, "selected_artist": ""}
2026-09-19T05:00:57.8176289Z 2026-09-19 05:00:57,775 [INFO] music_app: {"action": "Postgres album search request started", "query": "neal morse"}
2026-09-19T05:00:58.0367181Z 2026-09-19 05:00:58,021 [INFO] music_app: {"action": "View data request completed", "album_count": 50, "artist_count": 5, "elapsed_ms": 246.66, "query": "neal morse", "selected_artist": "Neal Morse"}
2026-09-19T05:00:58.9465554Z   [PASS] Open the Neal Morse family search with Neal Morse as the initial primary artist (2912 ms)
2026-09-19T05:00:58.9633004Z   [STEP] Make the clicked Resonance row the selected primary artist instead of reverting to Neal Morse
2026-09-19T05:00:59.3716815Z   [PASS] Make the clicked Resonance row the selected primary artist instead of reverting to Neal Morse (565 ms)
2026-09-19T05:00:59.4903791Z   [STEP] Keep Resonance primary after server-authoritative reload hydration
2026-09-19T05:00:59.8699749Z 2026-09-19 05:00:59,828 [INFO] music_app: {"action": "Index request completed", "album_count": 0, "artist_count": 0, "bootstrap_mode": "full_view", "covers_in_progress": false, "elapsed_ms": 328.75, "hydrate_in_progress": false, "payload_elapsed_ms": 235.21, "query": "neal morse", "scan_in_progress": false, "selected_artist": "Neal Morse & The Resonance"}
2026-09-19T05:01:01.1376651Z   [PASS] Keep Resonance primary after server-authoritative reload hydration (1796 ms)
2026-09-19T05:01:01.1897249Z   ok 16 [functional] › tests\e2e\specs\searchTreeCorrectness.spec.js:755:1 › FTC-SEARCH-NAV-004A keeps a clicked related-family artist selected as the primary artist @area:gallery-search (5.5s)
2026-09-19T05:01:01.4274656Z [TEST] FTC-SEARCH-NAV-004A and FTC-SEARCH-NAV-007A (BUG-06) hide stale Artist Family content while an unrelated artist selection loads
2026-09-19T05:01:01.4277295Z   [STEP] Open a Neal-family artist through the production sidebar
2026-09-19T05:01:01.9342798Z 2026-09-19 05:01:01,933 [INFO] music_app: {"action": "Index request completed", "album_count": 0, "artist_count": 0, "bootstrap_mode": "fresh_preview", "covers_in_progress": false, "elapsed_ms": 359.02, "hydrate_in_progress": false, "payload_elapsed_ms": 146.28, "query": "", "scan_in_progress": false, "selected_artist": ""}
2026-09-19T05:01:05.0587798Z   [PASS] Open a Neal-family artist through the production sidebar (3632 ms)
2026-09-19T05:01:05.0590350Z   [STEP] Hide the mounted Neal-family panel immediately when a different search commits
2026-09-19T05:01:05.4232202Z 2026-09-19 05:01:05,331 [INFO] music_app: {"action": "Postgres album search request started", "query": "Album Haven Last.fm Fixture"}
2026-09-19T05:01:05.4921499Z 2026-09-19 05:01:05,477 [INFO] music_app: {"action": "View data request completed", "album_count": 1, "artist_count": 1, "elapsed_ms": 146.84, "query": "Album Haven Last.fm Fixture", "selected_artist": "Album Haven Last.fm Fixture"}
2026-09-19T05:01:05.6896833Z   [PASS] Hide the mounted Neal-family panel immediately when a different search commits (631 ms)
2026-09-19T05:01:05.6898330Z   [STEP] Restore the Neal-family starting point for the sidebar-navigation contract
2026-09-19T05:01:06.1117368Z 2026-09-19 05:01:06,110 [INFO] music_app: {"action": "Index request completed", "album_count": 0, "artist_count": 0, "bootstrap_mode": "fresh_preview", "covers_in_progress": false, "elapsed_ms": 329.66, "hydrate_in_progress": false, "payload_elapsed_ms": 215.09, "query": "", "scan_in_progress": false, "selected_artist": ""}
2026-09-19T05:01:08.7444196Z   [PASS] Restore the Neal-family starting point for the sidebar-navigation contract (3053 ms)
2026-09-19T05:01:08.7445815Z   [STEP] Hide the Neal-family panel immediately when an unrelated artist starts loading
2026-09-19T05:01:08.9442559Z   [PASS] Hide the Neal-family panel immediately when an unrelated artist starts loading (127 ms)
2026-09-19T05:01:08.9444570Z   [STEP] Settle on the unrelated artist without restoring the stale family panel
2026-09-19T05:01:09.1585914Z   [PASS] Settle on the unrelated artist without restoring the stale family panel (289 ms)
2026-09-19T05:01:09.1991155Z   ok 17 [functional] › tests\e2e\specs\searchTreeCorrectness.spec.js:820:1 › FTC-SEARCH-NAV-004A and FTC-SEARCH-NAV-007A (BUG-06) hide stale Artist Family content while an unrelated artist selection loads @area:gallery-search (8.0s)
2026-09-19T05:01:09.4161306Z [TEST] FTC-SEARCH-NAV-003 accepts a new search from direct-loaded state and clearing restores the full tree while retaining selection
2026-09-19T05:01:09.4163089Z   [STEP] Capture the unfiltered main-library tree and All artists count
2026-09-19T05:01:09.7423223Z 2026-09-19 05:01:09,741 [INFO] music_app: {"action": "Index request completed", "album_count": 0, "artist_count": 0, "bootstrap_mode": "shell_only", "covers_in_progress": false, "elapsed_ms": 186.97, "hydrate_in_progress": false, "payload_elapsed_ms": 0.0, "query": "", "scan_in_progress": false, "selected_artist": ""}
2026-09-19T05:01:11.3028904Z   [PASS] Capture the unfiltered main-library tree and All artists count (1885 ms)
2026-09-19T05:01:11.3069160Z   [STEP] Direct-load query, artist, and category state and capture its selected gallery
2026-09-19T05:01:11.5667885Z 2026-09-19 05:01:11,565 [INFO] music_app: {"action": "Index request completed", "album_count": 0, "artist_count": 0, "bootstrap_mode": "full_view", "covers_in_progress": false, "elapsed_ms": 152.73, "hydrate_in_progress": false, "payload_elapsed_ms": 111.15, "query": "Signal Family Lead", "scan_in_progress": false, "selected_artist": "Signal  Family Lead"}
2026-09-19T05:01:12.1424636Z   [PASS] Direct-load query, artist, and category state and capture its selected gallery (842 ms)
2026-09-19T05:01:12.1429075Z   [STEP] Clear the direct-loaded query while retaining its artist and gallery in the restored full tree
2026-09-19T05:01:12.6896485Z   [PASS] Clear the direct-loaded query while retaining its artist and gallery in the restored full tree (547 ms)
2026-09-19T05:01:12.6898140Z   [STEP] Commit a different search after clearing the direct-loaded state and capture its selected gallery
2026-09-19T05:01:12.8911862Z 2026-09-19 05:01:12,862 [INFO] music_app: {"action": "Postgres album search request started", "query": "The Neal Morse Band"}
2026-09-19T05:01:13.1556688Z 2026-09-19 05:01:13,144 [INFO] music_app: {"action": "View data request completed", "album_count": 40, "artist_count": 4, "elapsed_ms": 282.13, "query": "The Neal Morse Band", "selected_artist": "The Neal Morse Band"}
2026-09-19T05:01:13.7667678Z   [PASS] Commit a different search after clearing the direct-loaded state and capture its selected gallery (1069 ms)
2026-09-19T05:01:13.7669593Z   [STEP] Clear search and restore the full tree and count while retaining the current artist gallery
2026-09-19T05:01:14.3328226Z   [PASS] Clear search and restore the full tree and count while retaining the current artist gallery (573 ms)
2026-09-19T05:01:14.3980913Z   ok 18 [functional] › tests\e2e\specs\searchTreeCorrectness.spec.js:876:1 › FTC-SEARCH-NAV-003 accepts a new search from direct-loaded state and clearing restores the full tree while retaining selection @area:gallery-search (5.2s)
2026-09-19T05:01:14.6100960Z [TEST] FTC-SEARCH-NAV-025 keeps committed searches in an app-owned keyboard and mouse popover
2026-09-19T05:01:14.6102201Z   [STEP] Commit two searches without browser-native autocomplete
2026-09-19T05:01:15.0279420Z 2026-09-19 05:01:15,027 [INFO] music_app: {"action": "Index request completed", "album_count": 0, "artist_count": 0, "bootstrap_mode": "fresh_preview", "covers_in_progress": false, "elapsed_ms": 285.06, "hydrate_in_progress": false, "payload_elapsed_ms": 162.42, "query": "", "scan_in_progress": false, "selected_artist": ""}
2026-09-19T05:01:17.7290662Z 2026-09-19 05:01:17,651 [INFO] music_app: {"action": "Postgres album search request started", "query": "The Neal Morse Band"}
2026-09-19T05:01:17.8700166Z 2026-09-19 05:01:17,825 [INFO] music_app: {"action": "View data request completed", "album_count": 40, "artist_count": 4, "elapsed_ms": 173.29, "query": "The Neal Morse Band", "selected_artist": "The Neal Morse Band"}
2026-09-19T05:01:18.3666043Z 2026-09-19 05:01:18,351 [INFO] music_app: {"action": "Postgres album search request started", "query": "Joseph"}
2026-09-19T05:01:18.5704786Z 2026-09-19 05:01:18,529 [INFO] music_app: {"action": "View data request completed", "album_count": 41, "artist_count": 5, "elapsed_ms": 178.98, "query": "Joseph", "selected_artist": "Neal Morse"}
2026-09-19T05:01:18.9567818Z   [PASS] Commit two searches without browser-native autocomplete (4345 ms)
2026-09-19T05:01:18.9569136Z   [STEP] Reload the same tab and restore both session-scoped searches
2026-09-19T05:01:19.4584211Z 2026-09-19 05:01:19,451 [INFO] music_app: {"action": "Index request completed", "album_count": 0, "artist_count": 0, "bootstrap_mode": "full_view", "covers_in_progress": false, "elapsed_ms": 345.5, "hydrate_in_progress": false, "payload_elapsed_ms": 282.71, "query": "Joseph", "scan_in_progress": false, "selected_artist": "Neal Morse"}
2026-09-19T05:01:20.0854623Z   [PASS] Reload the same tab and restore both session-scoped searches (1129 ms)
2026-09-19T05:01:20.0858912Z   [STEP] Show committed searches newest first and select the older query with the mouse
2026-09-19T05:01:20.4763357Z 2026-09-19 05:01:20,334 [INFO] music_app: {"action": "Postgres album search request started", "query": "The Neal Morse Band"}
2026-09-19T05:01:20.5625256Z 2026-09-19 05:01:20,536 [INFO] music_app: {"action": "View data request completed", "album_count": 40, "artist_count": 4, "elapsed_ms": 201.03, "query": "The Neal Morse Band", "selected_artist": "The Neal Morse Band"}
2026-09-19T05:01:21.0316228Z   [PASS] Show committed searches newest first and select the older query with the mouse (941 ms)
2026-09-19T05:01:21.0317474Z   [STEP] Select Joseph with two ArrowDown presses and Enter
2026-09-19T05:01:21.8552136Z 2026-09-19 05:01:21,810 [INFO] music_app: {"action": "Postgres album search request started", "query": "Joseph"}
2026-09-19T05:01:22.0228585Z 2026-09-19 05:01:21,990 [INFO] music_app: {"action": "View data request completed", "album_count": 41, "artist_count": 5, "elapsed_ms": 179.68, "query": "Joseph", "selected_artist": "Neal Morse"}
2026-09-19T05:01:22.4016127Z   [PASS] Select Joseph with two ArrowDown presses and Enter (1358 ms)
2026-09-19T05:01:22.4114900Z   [STEP] Dismiss the popover with Enter, Tab, focus loss, and an outside click
2026-09-19T05:01:24.0231463Z   [PASS] Dismiss the popover with Enter, Tab, focus loss, and an outside click (1460 ms)
2026-09-19T05:01:24.0396441Z   ok 19 [functional] › tests\e2e\specs\searchTreeCorrectness.spec.js:974:1 › FTC-SEARCH-NAV-025 keeps committed searches in an app-owned keyboard and mouse popover @area:gallery-search (9.6s)
2026-09-19T05:01:24.3199496Z [TEST] FTC-SEARCH-NAV-025 persists only an explicitly submitted completed query after debounced prefixes
2026-09-19T05:01:24.3210470Z   [STEP] Settle slow typed prefixes before explicitly submitting the completed query
2026-09-19T05:01:24.8568996Z 2026-09-19 05:01:24,854 [INFO] music_app: {"action": "Index request completed", "album_count": 0, "artist_count": 0, "bootstrap_mode": "fresh_preview", "covers_in_progress": false, "elapsed_ms": 376.99, "hydrate_in_progress": false, "payload_elapsed_ms": 202.56, "query": "", "scan_in_progress": false, "selected_artist": ""}
2026-09-19T05:01:28.7992113Z 2026-09-19 05:01:28,471 [INFO] music_app: {"action": "Postgres album search request started", "query": "J"}
2026-09-19T05:01:28.8034889Z 2026-09-19 05:01:28,756 [INFO] music_app: {"action": "View data request completed", "album_count": 41, "artist_count": 6, "elapsed_ms": 283.79, "query": "J", "selected_artist": "Neal Morse"}
2026-09-19T05:01:29.7601337Z 2026-09-19 05:01:29,722 [INFO] music_app: {"action": "Postgres album search request started", "query": "Jo"}
2026-09-19T05:01:29.9916492Z 2026-09-19 05:01:29,974 [INFO] music_app: {"action": "View data request completed", "album_count": 41, "artist_count": 6, "elapsed_ms": 253.2, "query": "Jo", "selected_artist": "Neal Morse"}
2026-09-19T05:01:30.8904796Z 2026-09-19 05:01:30,884 [INFO] music_app: {"action": "Postgres album search request started", "query": "Jos"}
2026-09-19T05:01:31.0663737Z 2026-09-19 05:01:31,054 [INFO] music_app: {"action": "View data request completed", "album_count": 41, "artist_count": 5, "elapsed_ms": 169.71, "query": "Jos", "selected_artist": "Neal Morse"}
2026-09-19T05:01:31.6829229Z 2026-09-19 05:01:31,676 [INFO] music_app: {"action": "Postgres album search request started", "query": "Jose"}
2026-09-19T05:01:31.8599129Z 2026-09-19 05:01:31,845 [INFO] music_app: {"action": "View data request completed", "album_count": 41, "artist_count": 5, "elapsed_ms": 169.99, "query": "Jose", "selected_artist": "Neal Morse"}
2026-09-19T05:01:32.7500606Z 2026-09-19 05:01:32,630 [INFO] music_app: {"action": "Postgres album search request started", "query": "Joseph"}
2026-09-19T05:01:32.8508568Z 2026-09-19 05:01:32,836 [INFO] music_app: {"action": "View data request completed", "album_count": 41, "artist_count": 5, "elapsed_ms": 203.59, "query": "Joseph", "selected_artist": "Neal Morse"}
2026-09-19T05:01:33.3188138Z   [PASS] Settle slow typed prefixes before explicitly submitting the completed query (9005 ms)
2026-09-19T05:01:33.3190636Z   [STEP] Keep only the explicit completed query in recent searches
2026-09-19T05:01:33.4325471Z   [PASS] Keep only the explicit completed query in recent searches (114 ms)
2026-09-19T05:01:33.5318328Z   ok 20 [functional] › tests\e2e\specs\searchTreeCorrectness.spec.js:1035:1 › FTC-SEARCH-NAV-025 persists only an explicitly submitted completed query after debounced prefixes @area:gallery-search (9.5s)
2026-09-19T05:01:33.7581479Z [TEST] FTC-SEARCH-NAV-025 aligns the desktop recent-search popover below the search input
2026-09-19T05:01:33.7774760Z   [STEP] Start with no recent searches in the fresh browser context
2026-09-19T05:01:34.2644469Z 2026-09-19 05:01:34,263 [INFO] music_app: {"action": "Index request completed", "album_count": 0, "artist_count": 0, "bootstrap_mode": "fresh_preview", "covers_in_progress": false, "elapsed_ms": 355.24, "hydrate_in_progress": false, "payload_elapsed_ms": 148.6, "query": "", "scan_in_progress": false, "selected_artist": ""}
2026-09-19T05:01:36.8703643Z   [PASS] Start with no recent searches in the fresh browser context (3061 ms)
2026-09-19T05:01:36.8704603Z   [STEP] Open one committed recent search at desktop width
2026-09-19T05:01:36.9819809Z 2026-09-19 05:01:36,946 [ERROR] asyncio: Exception in callback _ProactorBasePipeTransport._call_connection_lost(None)
2026-09-19T05:01:36.9822498Z handle: <Handle _ProactorBasePipeTransport._call_connection_lost(None)>
2026-09-19T05:01:36.9922030Z Traceback (most recent call last):
2026-09-19T05:01:36.9923192Z   File "C:\hostedtoolcache\windows\Python\3.11.9\x64\Lib\asyncio\events.py", line 84, in _run
2026-09-19T05:01:36.9924301Z     self._context.run(self._callback, *self._args)
2026-09-19T05:01:36.9927002Z   File "C:\hostedtoolcache\windows\Python\3.11.9\x64\Lib\asyncio\proactor_events.py", line 165, in _call_connection_lost
2026-09-19T05:01:36.9928274Z     self._sock.shutdown(socket.SHUT_RDWR)
2026-09-19T05:01:36.9931956Z ConnectionResetError: [WinError 10054] An existing connection was forcibly closed by the remote host
2026-09-19T05:01:37.0701649Z 2026-09-19 05:01:37,056 [INFO] music_app: {"action": "Postgres album search request started", "query": "The Neal Morse Band"}
2026-09-19T05:01:37.2446697Z 2026-09-19 05:01:37,226 [INFO] music_app: {"action": "View data request completed", "album_count": 40, "artist_count": 4, "elapsed_ms": 170.32, "query": "The Neal Morse Band", "selected_artist": "The Neal Morse Band"}
2026-09-19T05:01:37.8075751Z   [PASS] Open one committed recent search at desktop width (974 ms)
2026-09-19T05:01:37.8080052Z   [STEP] Keep the popover aligned, unclipped, and visually stable
2026-09-19T05:01:37.9573014Z   [PASS] Keep the popover aligned, unclipped, and visually stable (97 ms)
2026-09-19T05:01:38.0088655Z   ok 21 [functional] › tests\e2e\specs\searchTreeCorrectness.spec.js:1058:1 › FTC-SEARCH-NAV-025 aligns the desktop recent-search popover below the search input @area:gallery-search (4.4s)
2026-09-19T05:01:38.8595504Z 2026-09-19 05:01:38,858 [INFO] music_app: {"action": "Index request completed", "album_count": 0, "artist_count": 0, "bootstrap_mode": "fresh_preview", "covers_in_progress": false, "elapsed_ms": 340.24, "hydrate_in_progress": false, "payload_elapsed_ms": 230.78, "query": "", "scan_in_progress": false, "selected_artist": ""}
2026-09-19T05:01:43.6945241Z   ok 22 [functional] › tests\e2e\specs\settingsRefactorShell.spec.js:31:1 › FTC-SETTINGS-S01 six tabs preserve keyboard wrapping and joined Close hit testing @area:settings (5.6s)
2026-09-19T05:01:44.4077425Z 2026-09-19 05:01:44,406 [INFO] music_app: {"action": "Index request completed", "album_count": 0, "artist_count": 0, "bootstrap_mode": "fresh_preview", "covers_in_progress": false, "elapsed_ms": 279.8, "hydrate_in_progress": false, "payload_elapsed_ms": 164.74, "query": "", "scan_in_progress": false, "selected_artist": ""}
2026-09-19T05:01:49.0303033Z   ok 23 [functional] › tests\e2e\specs\settingsRefactorShell.spec.js:63:1 › FTC-SETTINGS-S02 combined search and Filters retain selection and keyboard anchor focus @area:settings (5.3s)
2026-09-19T05:01:49.7354027Z 2026-09-19 05:01:49,734 [INFO] music_app: {"action": "Index request completed", "album_count": 0, "artist_count": 0, "bootstrap_mode": "fresh_preview", "covers_in_progress": false, "elapsed_ms": 309.66, "hydrate_in_progress": false, "payload_elapsed_ms": 188.71, "query": "", "scan_in_progress": false, "selected_artist": ""}
2026-09-19T05:01:53.7924827Z   ok 24 [functional] › tests\e2e\specs\settingsRefactorShell.spec.js:101:1 › FTC-SETTINGS-S03 deep Problems selection retains the mounted tree scroll and focused row @area:settings (4.7s)
2026-09-19T05:01:54.4232363Z 2026-09-19 05:01:54,421 [INFO] music_app: {"action": "Index request completed", "album_count": 0, "artist_count": 0, "bootstrap_mode": "fresh_preview", "covers_in_progress": false, "elapsed_ms": 293.18, "hydrate_in_progress": false, "payload_elapsed_ms": 164.91, "query": "", "scan_in_progress": false, "selected_artist": ""}
2026-09-19T05:01:59.4197643Z   ok 25 [functional] › tests\e2e\specs\settingsRefactorShell.spec.js:128:1 › FTC-SETTINGS-S04 ready and missing Problems artwork preserve selection through the real lightbox lifecycle @area:settings (5.6s)
2026-09-19T05:02:00.1627907Z 2026-09-19 05:02:00,161 [INFO] music_app: {"action": "Index request completed", "album_count": 0, "artist_count": 0, "bootstrap_mode": "fresh_preview", "covers_in_progress": false, "elapsed_ms": 386.61, "hydrate_in_progress": false, "payload_elapsed_ms": 163.95, "query": "", "scan_in_progress": false, "selected_artist": ""}
2026-09-19T05:02:05.4922490Z [playwright-wrapper-failure-latched] {"phase":"tests-complete","status":"failed","total":26,"completed":26,"failed":2,"skipped":0,"errors":0}
2026-09-19T05:02:05.4925108Z   ok 26 [functional] › tests\e2e\specs\settingsRefactorShell.spec.js:157:1 › FTC-SETTINGS-S05 an open Filters surface remains inside Settings after narrow resize and reopen @area:settings (6.0s)
2026-09-19T05:02:05.4936393Z [album-haven-playwright-result] {"version":1,"phase":"tests-complete","nonce":"53a02dfb7954dd653348a9bedad960bb8b0c6430862f2cec5a494a7ec47b09da","status":"failed","total":26,"completed":26,"failed":2,"skipped":0,"errors":0}
2026-09-19T05:02:06.2060169Z 
2026-09-19T05:02:06.2060189Z 
2026-09-19T05:02:06.2060242Z 
2026-09-19T05:02:06.2062127Z [album-haven-playwright-result] {"version":1,"phase":"run-final","nonce":"53a02dfb7954dd653348a9bedad960bb8b0c6430862f2cec5a494a7ec47b09da","status":"failed","total":26,"completed":26,"failed":2,"skipped":0,"errors":0}
2026-09-19T05:02:06.2063928Z 
2026-09-19T05:02:06.2065460Z   1) [functional] › tests\e2e\specs\albumTrackCredits.spec.js:327:1 › FTC-ALBUM-DETAILS-005 shows bonus duration only for an explicit bonus-disc label @area:album-details 
2026-09-19T05:02:06.2066645Z 
2026-09-19T05:02:06.2067636Z     Error: expect(received).toEqual(expected) // deep equality
2026-09-19T05:02:06.2069845Z 
2026-09-19T05:02:06.2070044Z     - Expected  - 1
2026-09-19T05:02:06.2095875Z     + Received  + 5
2026-09-19T05:02:06.2096144Z 
2026-09-19T05:02:06.2096316Z     - Array []
2026-09-19T05:02:06.2096674Z     + Array [
2026-09-19T05:02:06.2097054Z     +   "Total Length: 25m 30s",
2026-09-19T05:02:06.2097550Z     +   "Total Main Album Length: 3:00",
2026-09-19T05:02:06.2098074Z     +   "Bonus Disc Length: 22:30",
2026-09-19T05:02:06.2098505Z     + ]
2026-09-19T05:02:06.2098695Z 
2026-09-19T05:02:06.2099564Z       344 |     const groups = await trackModalActions.readDiscGroupPresentation();
2026-09-19T05:02:06.2101581Z       345 |     expect(groups.headers).toEqual(['Bonus Disc']);
2026-09-19T05:02:06.2102282Z     > 346 |     expect(groups.totals).toEqual([]);
2026-09-19T05:02:06.2102854Z           |                           ^
2026-09-19T05:02:06.2103685Z       347 |     expect(await trackModalActions.trackModal.readAlbumTrackTableTotal())
2026-09-19T05:02:06.2104583Z       348 |       .toBe('Total Length: 25m 30s');
2026-09-19T05:02:06.2106194Z       349 |     await expect(trackModalActions.trackModal.albumTrackTable.mainTotal).toHaveText('Total Main Album Length: 3:00');
2026-09-19T05:02:06.2108377Z         at D:\a\AlbumHaven\AlbumHaven\tests\e2e\specs\albumTrackCredits.spec.js:346:27
2026-09-19T05:02:06.2109461Z         at runStep (D:\a\AlbumHaven\AlbumHaven\tests\e2e\support\baseFixtures.js:146:22)
2026-09-19T05:02:06.2111673Z         at D:\a\AlbumHaven\AlbumHaven\tests\e2e\specs\albumTrackCredits.spec.js:343:3
2026-09-19T05:02:06.2112295Z 
2026-09-19T05:02:06.2113257Z     attachment #1: step-transcript.txt (text/plain) ────────────────────────────────────────────────
2026-09-19T05:02:06.2114523Z     [TEST] FTC-ALBUM-DETAILS-005 shows bonus duration only for an explicit bonus-disc label
2026-09-19T05:02:06.2115571Z       [STEP] Open a mixed album with an explicit raw bonus-disc label
2026-09-19T05:02:06.2116500Z       [PASS] Open a mixed album with an explicit raw bonus-disc label (3930 ms)
2026-09-19T05:02:06.2117374Z       [STEP] Show the exact main-album and bonus-disc durations
2026-09-19T05:02:06.2117964Z       [FAIL] S...
2026-09-19T05:02:06.2119813Z     ────────────────────────────────────────────────────────────────────────────────────────────────
2026-09-19T05:02:06.2120329Z 
2026-09-19T05:02:06.2121090Z     attachment #3: stacktrace.txt (text/plain) ─────────────────────────────────────────────────────
2026-09-19T05:02:06.2121871Z     Error 1
2026-09-19T05:02:06.2122387Z     Error: expect(received).toEqual(expected) // deep equality
2026-09-19T05:02:06.2123012Z     
2026-09-19T05:02:06.2123352Z     - Expected  - 1
2026-09-19T05:02:06.2123734Z     + Received  + 5
2026-09-19T05:02:06.2124092Z     
2026-09-19T05:02:06.2124413Z     - Array []
2026-09-19T05:02:06.2124757Z     + Array [
2026-09-19T05:02:06.2125140Z     +   "Total Length: 25m 30s",
2026-09-19T05:02:06.2125813Z     +   "Total Main Album Length: 3:00",[...
2026-09-19T05:02:06.2127069Z     ────────────────────────────────────────────────────────────────────────────────────────────────
2026-09-19T05:02:06.2128751Z 
2026-09-19T05:02:06.2129525Z     attachment #4: runtime-log.txt (text/plain) ────────────────────────────────────────────────────
2026-09-19T05:02:06.2132001Z     [2026-09-19T04:59:13.015Z] requestfailed/net::ERR_ABORTED: GET http://127.0.0.1:5200/cover?path=D%3A%5Ca%5C_temp%5Calbum-haven-e2e-functional-fixtures-gallery-search-visual%5Cshared%5Cmedia%5C!!!%5CThree%20Bangs%5Ccover.png&size=480&v=process-51b4b66b61130076169ec8aff7c3cf32
2026-09-19T05:02:06.2134210Z     [2026-09-19T04:59:13.016...
2026-09-19T05:02:06.2136629Z     ────────────────────────────────────────────────────────────────────────────────────────────────
2026-09-19T05:02:06.2137259Z 
2026-09-19T05:02:06.2138966Z     Error Context: ..\..\_temp\functional-output-gallery-search-visual\wave-01-02-playwright-config-js\albumTrackCredits-FTC-ALBU-cd3ea-n-explicit-bonus-disc-label-functional\error-context.md
2026-09-19T05:02:06.2140421Z 
2026-09-19T05:02:06.2141233Z     attachment #7: trace (application/zip) ─────────────────────────────────────────────────────────
2026-09-19T05:02:06.2144351Z     ..\..\_temp\functional-output-gallery-search-visual\wave-01-02-playwright-config-js\albumTrackCredits-FTC-ALBU-cd3ea-n-explicit-bonus-disc-label-functional\trace.zip
2026-09-19T05:02:06.2145900Z     Usage:
2026-09-19T05:02:06.2146114Z 
2026-09-19T05:02:06.2147577Z         npx playwright show-trace ..\..\_temp\functional-output-gallery-search-visual\wave-01-02-playwright-config-js\albumTrackCredits-FTC-ALBU-cd3ea-n-explicit-bonus-disc-label-functional\trace.zip
2026-09-19T05:02:06.2149097Z 
2026-09-19T05:02:06.2149768Z     ────────────────────────────────────────────────────────────────────────────────────────────────
2026-09-19T05:02:06.2150294Z 
2026-09-19T05:02:06.2151622Z   2) [functional] › tests\e2e\specs\albumTrackCredits.spec.js:382:1 › FTC-ALBUM-DETAILS-005 infers CD1 beside an ordinary numeric CD2 @area:album-details 
2026-09-19T05:02:06.2152421Z 
2026-09-19T05:02:06.2152781Z     Error: expect(received).toEqual(expected) // deep equality
2026-09-19T05:02:06.2153232Z 
2026-09-19T05:02:06.2153398Z     - Expected  - 1
2026-09-19T05:02:06.2153766Z     + Received  + 3
2026-09-19T05:02:06.2153980Z 
2026-09-19T05:02:06.2154174Z       Object {
2026-09-19T05:02:06.2154611Z         "headers": Array [
2026-09-19T05:02:06.2155119Z           "CD 1",
2026-09-19T05:02:06.2155582Z           "CD 2",
2026-09-19T05:02:06.2156031Z         ],
2026-09-19T05:02:06.2156447Z     -   "totals": Array [],
2026-09-19T05:02:06.2156989Z     +   "totals": Array [
2026-09-19T05:02:06.2157537Z     +     "Total Length: 18m 00s",
2026-09-19T05:02:06.2158062Z     +   ],
2026-09-19T05:02:06.2158463Z       }
2026-09-19T05:02:06.2158671Z 
2026-09-19T05:02:06.2158809Z       400 |
2026-09-19T05:02:06.2160075Z       401 |   await stepLogger.step('Render inferred CD1 and numeric CD2 without bonus semantics', async () => {
2026-09-19T05:02:06.2161495Z     > 402 |     expect(await trackModalActions.readDiscGroupPresentation()).toEqual({
2026-09-19T05:02:06.2162611Z           |                                                                 ^
2026-09-19T05:02:06.2163310Z       403 |       headers: ['CD 1', 'CD 2'],
2026-09-19T05:02:06.2164494Z       404 |       totals: [],
2026-09-19T05:02:06.2165035Z       405 |     });
2026-09-19T05:02:06.2166223Z         at D:\a\AlbumHaven\AlbumHaven\tests\e2e\specs\albumTrackCredits.spec.js:402:65
2026-09-19T05:02:06.2168015Z         at runStep (D:\a\AlbumHaven\AlbumHaven\tests\e2e\support\baseFixtures.js:146:22)
2026-09-19T05:02:06.2169527Z         at D:\a\AlbumHaven\AlbumHaven\tests\e2e\specs\albumTrackCredits.spec.js:401:3
2026-09-19T05:02:06.2170196Z 
2026-09-19T05:02:06.2171077Z     attachment #1: step-transcript.txt (text/plain) ────────────────────────────────────────────────
2026-09-19T05:02:06.2175464Z     [TEST] FTC-ALBUM-DETAILS-005 infers CD1 beside an ordinary numeric CD2
2026-09-19T05:02:06.2176633Z       [STEP] Open a numeric two-disc album whose first tracks omit disc tags
2026-09-19T05:02:06.2177533Z       [PASS] Open a numeric two-disc album whose first tracks omit disc tags (4177 ms)
2026-09-19T05:02:06.2178643Z       [STEP] Render inferred CD1 and numeric CD2 without bonus semantics
2026-09-19T05:02:06.2179473Z       [F...
2026-09-19T05:02:06.2180294Z     ────────────────────────────────────────────────────────────────────────────────────────────────
2026-09-19T05:02:06.2180665Z 
2026-09-19T05:02:06.2181136Z     attachment #3: stacktrace.txt (text/plain) ─────────────────────────────────────────────────────
2026-09-19T05:02:06.2182742Z     Error 1
2026-09-19T05:02:06.2184205Z     Error: expect(received).toEqual(expected) // deep equality
2026-09-19T05:02:06.2185008Z     
2026-09-19T05:02:06.2185886Z     - Expected  - 1
2026-09-19T05:02:06.2186477Z     + Received  + 3
2026-09-19T05:02:06.2186936Z     
2026-09-19T05:02:06.2187463Z       Object {
2026-09-19T05:02:06.2188011Z         "headers": Array [
2026-09-19T05:02:06.2188587Z           "CD 1",
2026-09-19T05:02:06.2189064Z           "CD 2",
2026-09-19T05:02:06.2189584Z         ],
2026-09-19T05:02:06.2190074Z     -   ...
2026-09-19T05:02:06.2194101Z     ────────────────────────────────────────────────────────────────────────────────────────────────
2026-09-19T05:02:06.2194809Z 
2026-09-19T05:02:06.2195582Z     attachment #4: runtime-log.txt (text/plain) ────────────────────────────────────────────────────
2026-09-19T05:02:06.2197620Z     [2026-09-19T04:59:28.744Z] requestfailed/net::ERR_ABORTED: GET http://127.0.0.1:5200/cover?path=D%3A%5Ca%5C_temp%5Calbum-haven-e2e-functional-fixtures-gallery-search-visual%5Cshared%5Cmedia%5C!!!%5CThree%20Bangs%5Ccover.png&size=480&v=process-51b4b66b61130076169ec8aff7c3cf32
2026-09-19T05:02:06.2199969Z     [2026-09-19T04:59:28.744...
2026-09-19T05:02:06.2201150Z     ────────────────────────────────────────────────────────────────────────────────────────────────
2026-09-19T05:02:06.2201806Z 
2026-09-19T05:02:06.2206376Z     Error Context: ..\..\_temp\functional-output-gallery-search-visual\wave-01-02-playwright-config-js\albumTrackCredits-FTC-ALBU-84295-ide-an-ordinary-numeric-CD2-functional\error-context.md
2026-09-19T05:02:06.2207959Z 
2026-09-19T05:02:06.2208860Z     attachment #7: trace (application/zip) ─────────────────────────────────────────────────────────
2026-09-19T05:02:06.2212330Z     ..\..\_temp\functional-output-gallery-search-visual\wave-01-02-playwright-config-js\albumTrackCredits-FTC-ALBU-84295-ide-an-ordinary-numeric-CD2-functional\trace.zip
2026-09-19T05:02:06.2214228Z     Usage:
2026-09-19T05:02:06.2214515Z 
2026-09-19T05:02:06.2216078Z         npx playwright show-trace ..\..\_temp\functional-output-gallery-search-visual\wave-01-02-playwright-config-js\albumTrackCredits-FTC-ALBU-84295-ide-an-ordinary-numeric-CD2-functional\trace.zip
2026-09-19T05:02:06.2217656Z 
2026-09-19T05:02:06.2220068Z     ────────────────────────────────────────────────────────────────────────────────────────────────
2026-09-19T05:02:06.2220768Z 
2026-09-19T05:02:06.2220971Z   2 failed
2026-09-19T05:02:06.2222723Z     [functional] › tests\e2e\specs\albumTrackCredits.spec.js:327:1 › FTC-ALBUM-DETAILS-005 shows bonus duration only for an explicit bonus-disc label @area:album-details 
2026-09-19T05:02:06.2225254Z     [functional] › tests\e2e\specs\albumTrackCredits.spec.js:382:1 › FTC-ALBUM-DETAILS-005 infers CD1 beside an ordinary numeric CD2 @area:album-details 
2026-09-19T05:02:06.2228313Z   24 passed (3.3m)
2026-09-19T05:02:07.1296329Z 
2026-09-19T05:02:07.1297038Z === Playwright Summary ===
2026-09-19T05:02:07.1298539Z [31m[x][0m albumTrackCredits.spec
2026-09-19T05:02:07.1300247Z   [[32m✓[0m] FTC-ALBUM-TRACK-CREDITS-001 shows clean titles and per-track credits on a Various Artists release @area:album-details
2026-09-19T05:02:07.1302172Z   [[32m✓[0m] FTC-ALBUM-TRACK-CREDITS-002 shows each normalized album-header artist once @area:album-details
2026-09-19T05:02:07.1303916Z   [[32m✓[0m] FTC-ALBUM-DETAILS-017 orders missing track numbers by natural filename @area:album-details
2026-09-19T05:02:07.1305702Z   [31m[x][0m FTC-ALBUM-DETAILS-005 shows bonus duration only for an explicit bonus-disc label @area:album-details
2026-09-19T05:02:07.1307348Z   [[32m✓[0m] FTC-ALBUM-DETAILS-005 ignores bonus-like album and path words @area:album-details
2026-09-19T05:02:07.1309145Z   [31m[x][0m FTC-ALBUM-DETAILS-005 infers CD1 beside an ordinary numeric CD2 @area:album-details
2026-09-19T05:02:07.1310316Z [[32m✓[0m] artistCompilationFamily.spec
2026-09-19T05:02:07.1311760Z   [[32m✓[0m] FTC-ARTIST-FAMILY-016 reuses complete virtualized family data for no-query member navigation @area:gallery-search
2026-09-19T05:02:07.1313160Z [[32m✓[0m] artistCompositeCredits.spec
2026-09-19T05:02:07.1314624Z   [[32m✓[0m] FTC-ARTIST-FAMILY-014 deduplicates the Snow White display credit without changing its click identity @area:gallery-search
2026-09-19T05:02:07.1315998Z [[32m✓[0m] gallerySoundtrackDuration.spec
2026-09-19T05:02:07.1317241Z   [[32m✓[0m] FTC-GALLERY-030 counts each Mulan soundtrack track once across artist credits @area:gallery-search
2026-09-19T05:02:07.1318438Z [[32m✓[0m] searchTreeCorrectness.spec
2026-09-19T05:02:07.1319709Z   [[32m✓[0m] FTC-SEARCH-NAV-027 keeps canonical positive card counts on direct load and reload @area:gallery-search
2026-09-19T05:02:07.1322419Z [playwright-wrapper-diagnostic] {"reason":"wrapper-child-lifecycle-mismatch","childExitCode":1,"childExitSignal":null,"childCloseCode":1,"childCloseSignal":null,"processError":null,"stopReason":"none","cleanupOutcome":"completed"}
2026-09-19T05:02:07.1325474Z   [[32m✓[0m] FTC-SEARCH-NAV-028 limits a content-matched family artist while keeping an artist-name match complete @area:gallery-search
2026-09-19T05:02:07.1327837Z   [[32m✓[0m] FTC-SEARCH-NAV-026 clears Neal Morse search without remounting the selected gallery or family filters and restores the full tree @area:gallery-search
2026-09-19T05:02:07.1330822Z   [[32m✓[0m] FTC-SEARCH-NAV-002, FTC-SEARCH-NAV-003, and FTC-SEARCH-NAV-026 keep one-family search narrow, alphabetical, and selected through full-tree restoration @area:gallery-search
2026-09-19T05:02:07.1333223Z   [[32m✓[0m] FTC-SEARCH-NAV-026 keeps a cold direct-loaded selected gallery mounted through natural search clear @area:gallery-search
2026-09-19T05:02:07.1335154Z   [[32m✓[0m] FTC-SEARCH-NAV-003 direct query links hydrate the same one-family tree as visible search @area:gallery-search
2026-09-19T05:02:07.1337024Z   [[32m✓[0m] FTC-SEARCH-NAV-004A keeps a clicked related-family artist selected as the primary artist @area:gallery-search
2026-09-19T05:02:07.1339677Z   [[32m✓[0m] FTC-SEARCH-NAV-004A and FTC-SEARCH-NAV-007A (BUG-06) hide stale Artist Family content while an unrelated artist selection loads @area:gallery-search
2026-09-19T05:02:07.1342339Z   [[32m✓[0m] FTC-SEARCH-NAV-003 accepts a new search from direct-loaded state and clearing restores the full tree while retaining selection @area:gallery-search
2026-09-19T05:02:07.1344562Z   [[32m✓[0m] FTC-SEARCH-NAV-025 keeps committed searches in an app-owned keyboard and mouse popover @area:gallery-search
2026-09-19T05:02:07.1346581Z   [[32m✓[0m] FTC-SEARCH-NAV-025 persists only an explicitly submitted completed query after debounced prefixes @area:gallery-search
2026-09-19T05:02:07.1348348Z   [[32m✓[0m] FTC-SEARCH-NAV-025 aligns the desktop recent-search popover below the search input @area:gallery-search
2026-09-19T05:02:07.1349492Z [[32m✓[0m] settingsRefactorShell.spec
2026-09-19T05:02:07.1350362Z   [[32m✓[0m] FTC-SETTINGS-S01 six tabs preserve keyboard wrapping and joined Close hit testing @area:settings
2026-09-19T05:02:07.1351361Z   [[32m✓[0m] FTC-SETTINGS-S02 combined search and Filters retain selection and keyboard anchor focus @area:settings
2026-09-19T05:02:07.1352376Z   [[32m✓[0m] FTC-SETTINGS-S03 deep Problems selection retains the mounted tree scroll and focused row @area:settings
2026-09-19T05:02:07.1353462Z   [[32m✓[0m] FTC-SETTINGS-S04 ready and missing Problems artwork preserve selection through the real lightbox lifecycle @area:settings
2026-09-19T05:02:07.1354558Z   [[32m✓[0m] FTC-SETTINGS-S05 an open Filters surface remains inside Settings after narrow resize and reopen @area:settings
2026-09-19T05:02:07.1355051Z 
2026-09-19T05:02:07.1355182Z Overall: 24/26 passed
2026-09-19T05:02:07.1355504Z Failed tests:
2026-09-19T05:02:07.1356246Z - albumTrackCredits.spec > FTC-ALBUM-DETAILS-005 shows bonus duration only for an explicit bonus-disc label @area:album-details
2026-09-19T05:02:07.1357250Z - albumTrackCredits.spec > FTC-ALBUM-DETAILS-005 infers CD1 beside an ordinary numeric CD2 @area:album-details
2026-09-19T05:02:12.5461910Z [playwright-wrapper-final-decision] {"wrapperExitCode":1,"attemptReturn":{"exitCode":1,"exitReason":"wrapper-child-lifecycle-mismatch"},"fakeDatabaseCleanup":{"status":"completed","error":null,"mode":"lock-only"},"scanAppCleanup":{"status":"not-required","error":null},"isolatedAppCleanup":{"status":"completed","error":null},"tempCleanup":{"status":"completed","error":null,"removedCount":1},"passivePortDiagnostics":[{"port":5200,"status":"completed","error":null,"ownerCount":0},{"port":5202,"status":"completed","error":null,"ownerCount":0}],"finalSummary":{"phase":"run-final","status":"failed","total":26,"completed":26,"failed":2,"skipped":0,"errors":0,"listOnly":false},"exitReason":"wrapper-child-lifecycle-mismatch"}
2026-09-19T05:02:14.2387754Z {"restored":0,"removed":0,"unchanged":1497}
2026-09-19T05:02:36.2119071Z Album Haven production E2E app listening on http://127.0.0.1:5200 with 0 artists, 0 albums, 0 tracks, and provider fixtures on http://127.0.0.1:5202
2026-09-19T05:02:37.6899627Z 2026-09-19 05:02:37,687 [INFO] music_app: Startup scan-cache hydration completed files=7200 albums=400
2026-09-19T05:02:37.6901424Z 2026-09-19 05:02:37,687 [INFO] music_app: Legacy album exclusions migrated albums=1 removed_rules=18 created_rules=1
2026-09-19T05:02:38.2314704Z 2026-09-19 05:02:38,228 [INFO] music_app: Relation projection startup readiness ready=true rebuilt=true reason=missing_projection builder_version=local-relation-builder-v9 source_row_count=7438 duration_ms=501.66 source_load=160.05 fingerprint=65.74 pure_build=150.49 family_link_replacement=8.27 snapshot_publication=1.79
2026-09-19T05:02:39.5666609Z 2026-09-19 05:02:39,565 [INFO] music_app: {"action": "Index request completed", "album_count": 0, "artist_count": 0, "bootstrap_mode": "fresh_preview", "covers_in_progress": false, "elapsed_ms": 470.27, "hydrate_in_progress": false, "payload_elapsed_ms": 188.11, "query": "", "scan_in_progress": false, "selected_artist": ""}
2026-09-19T05:03:06.9622110Z 
2026-09-19T05:03:06.9622918Z Running 1 test using 1 worker
2026-09-19T05:03:06.9658099Z 
2026-09-19T05:03:09.9789016Z 2026-09-19 05:03:09,977 [INFO] music_app: {"action": "Index request completed", "album_count": 0, "artist_count": 0, "bootstrap_mode": "fresh_preview", "covers_in_progress": false, "elapsed_ms": 287.42, "hydrate_in_progress": false, "payload_elapsed_ms": 165.55, "query": "", "scan_in_progress": false, "selected_artist": ""}
2026-09-19T05:03:12.7241872Z [TEST] FTC-TAGS-021 and FTC-ALBUM-DETAILS-018 consolidate one logical release
2026-09-19T05:03:12.7293013Z   [STEP] Set the reported release year on the complete source album
2026-09-19T05:03:13.6018765Z 2026-09-19 05:03:13,600 [INFO] music_app: {"action": "Index request completed", "album_count": 0, "artist_count": 0, "bootstrap_mode": "fresh_preview", "covers_in_progress": false, "elapsed_ms": 735.56, "hydrate_in_progress": false, "payload_elapsed_ms": 441.6, "query": "", "scan_in_progress": false, "selected_artist": "\u0414\u0414\u0422"}
2026-09-19T05:03:21.3471756Z 2026-09-19 05:03:21,339 [INFO] music_app: {"action": "Tags edited", "album": "\u0421\u0442\u0443\u0434\u0438\u0439\u043d\u044b\u0435 \u0437\u0430\u043f\u0438\u0441\u0438", "artist": "\u0414\u0414\u0422", "file_count": 16, "files": ["D:\\a\\_temp\\album-haven-e2e-functional-fixtures-gallery-search-visual\\shared\\media\\\u0414\u0414\u0422\\\u0421\u0442\u0443\u0434\u0438\u0439\u043d\u044b\u0435 \u0437\u0430\u043f\u0438\u0441\u0438\\01. \u0421\u0442\u0443\u0434\u0438\u0439\u043d\u0430\u044f \u0437\u0430\u043f\u0438\u0441\u044c 1.mp3", "D:\\a\\_temp\\album-haven-e2e-functional-fixtures-gallery-search-visual\\shared\\media\\\u0414\u0414\u0422\\\u0421\u0442\u0443\u0434\u0438\u0439\u043d\u044b\u0435 \u0437\u0430\u043f\u0438\u0441\u0438\\02. \u0421\u0442\u0443\u0434\u0438\u0439\u043d\u0430\u044f \u0437\u0430\u043f\u0438\u0441\u044c 2.mp3", "D:\\a\\_temp\\album-haven-e2e-functional-fixtures-gallery-search-visual\\shared\\media\\\u0414\u0414\u0422\\\u0421\u0442\u0443\u0434\u0438\u0439\u043d\u044b\u0435 \u0437\u0430\u043f\u0438\u0441\u0438\\03. \u0421\u0442\u0443\u0434\u0438\u0439\u043d\u0430\u044f \u0437\u0430\u043f\u0438\u0441\u044c 3.mp3", "D:\\a\\_temp\\album-haven-e2e-functional-fixtures-gallery-search-visual\\shared\\media\\\u0414\u0414\u0422\\\u0421\u0442\u0443\u0434\u0438\u0439\u043d\u044b\u0435 \u0437\u0430\u043f\u0438\u0441\u0438\\04. \u0421\u0442\u0443\u0434\u0438\u0439\u043d\u0430\u044f \u0437\u0430\u043f\u0438\u0441\u044c 4.mp3", "D:\\a\\_temp\\album-haven-e2e-functional-fixtures-gallery-search-visual\\shared\\media\\\u0414\u0414\u0422\\\u0421\u0442\u0443\u0434\u0438\u0439\u043d\u044b\u0435 \u0437\u0430\u043f\u0438\u0441\u0438\\05. \u0421\u0442\u0443\u0434\u0438\u0439\u043d\u0430\u044f \u0437\u0430\u043f\u0438\u0441\u044c 5.mp3", "D:\\a\\_temp\\album-haven-e2e-functional-fixtures-gallery-search-visual\\shared\\media\\\u0414\u0414\u0422\\\u0421\u0442\u0443\u0434\u0438\u0439\u043d\u044b\u0435 \u0437\u0430\u043f\u0438\u0441\u0438\\06. \u0421\u0442\u0443\u0434\u0438\u0439\u043d\u0430\u044f \u0437\u0430\u043f\u0438\u0441\u044c 6.mp3", "D:\\a\\_temp\\album-haven-e2e-functional-fixtures-gallery-search-visual\\shared\\media\\\u0414\u0414\u0422\\\u0421\u0442\u0443\u0434\u0438\u0439\u043d\u044b\u0435 \u0437\u0430\u043f\u0438\u0441\u0438\\07. \u0421\u0442\u0443\u0434\u0438\u0439\u043d\u0430\u044f \u0437\u0430\u043f\u0438\u0441\u044c 7.mp3", "D:\\a\\_temp\\album-haven-e2e-functional-fixtures-gallery-search-visual\\shared\\media\\\u0414\u0414\u0422\\\u0421\u0442\u0443\u0434\u0438\u0439\u043d\u044b\u0435 \u0437\u0430\u043f\u0438\u0441\u0438\\08. \u0421\u0442\u0443\u0434\u0438\u0439\u043d\u0430\u044f \u0437\u0430\u043f\u0438\u0441\u044c 8.mp3", "D:\\a\\_temp\\album-haven-e2e-functional-fixtures-gallery-search-visual\\shared\\media\\\u0414\u0414\u0422\\\u0421\u0442\u0443\u0434\u0438\u0439\u043d\u044b\u0435 \u0437\u0430\u043f\u0438\u0441\u0438\\09. \u0421\u0442\u0443\u0434\u0438\u0439\u043d\u0430\u044f \u0437\u0430\u043f\u0438\u0441\u044c 9.mp3", "D:\\a\\_temp\\album-haven-e2e-functional-fixtures-gallery-search-visual\\shared\\media\\\u0414\u0414\u0422\\\u0421\u0442\u0443\u0434\u0438\u0439\u043d\u044b\u0435 \u0437\u0430\u043f\u0438\u0441\u0438\\10. \u0421\u0442\u0443\u0434\u0438\u0439\u043d\u0430\u044f \u0437\u0430\u043f\u0438\u0441\u044c 10.mp3", "D:\\a\\_temp\\album-haven-e2e-functional-fixtures-gallery-search-visual\\shared\\media\\\u0414\u0414\u0422\\\u0421\u0442\u0443\u0434\u0438\u0439\u043d\u044b\u0435 \u0437\u0430\u043f\u0438\u0441\u0438\\11. \u0421\u0442\u0443\u0434\u0438\u0439\u043d\u0430\u044f \u0437\u0430\u043f\u0438\u0441\u044c 11.mp3", "D:\\a\\_temp\\album-haven-e2e-functional-fixtures-gallery-search-visual\\shared\\media\\\u0414\u0414\u0422\\\u0421\u0442\u0443\u0434\u0438\u0439\u043d\u044b\u0435 \u0437\u0430\u043f\u0438\u0441\u0438\\12. \u0421\u0442\u0443\u0434\u0438\u0439\u043d\u0430\u044f \u0437\u0430\u043f\u0438\u0441\u044c 12.mp3", "D:\\a\\_temp\\album-haven-e2e-functional-fixtures-gallery-search-visual\\shared\\media\\\u0414\u0414\u0422\\\u0421\u0442\u0443\u0434\u0438\u0439\u043d\u044b\u0435 \u0437\u0430\u043f\u0438\u0441\u0438\\13. \u0421\u0442\u0443\u0434\u0438\u0439\u043d\u0430\u044f \u0437\u0430\u043f\u0438\u0441\u044c 13.mp3", "D:\\a\\_temp\\album-haven-e2e-functional-fixtures-gallery-search-visual\\shared\\media\\\u0414\u0414\u0422\\\u0421\u0442\u0443\u0434\u0438\u0439\u043d\u044b\u0435 \u0437\u0430\u043f\u0438\u0441\u0438\\14. \u0421\u0442\u0443\u0434\u0438\u0439\u043d\u0430\u044f \u0437\u0430\u043f\u0438\u0441\u044c 14.mp3", "D:\\a\\_temp\\album-haven-e2e-functional-fixtures-gallery-search-visual\\shared\\media\\\u0414\u0414\u0422\\\u0421\u0442\u0443\u0434\u0438\u0439\u043d\u044b\u0435 \u0437\u0430\u043f\u0438\u0441\u0438\\15. \u0421\u0442\u0443\u0434\u0438\u0439\u043d\u0430\u044f \u0437\u0430\u043f\u0438\u0441\u044c 15.mp3", "D:\\a\\_temp\\album-haven-e2e-functional-fixtures-gallery-search-visual\\shared\\media\\\u0414\u0414\u0422\\\u0421\u0442\u0443\u0434\u0438\u0439\u043d\u044b\u0435 \u0437\u0430\u043f\u0438\u0441\u0438\\16. \u0421\u0442\u0443\u0434\u0438\u0439\u043d\u0430\u044f \u0437\u0430\u043f\u0438\u0441\u044c 16.mp3"]}
2026-09-19T05:03:23.8509155Z 2026-09-19 05:03:23,849 [INFO] music_app: {"action": "Index request completed", "album_count": 0, "artist_count": 0, "bootstrap_mode": "fresh_preview", "covers_in_progress": false, "elapsed_ms": 682.95, "hydrate_in_progress": false, "payload_elapsed_ms": 393.63, "query": "", "scan_in_progress": false, "selected_artist": "\u0414\u0414\u0422"}
2026-09-19T05:03:25.8200180Z   [PASS] Set the reported release year on the complete source album (13090 ms)
2026-09-19T05:03:25.8203062Z   [STEP] Create a second durable release identity through the normal tag editor
2026-09-19T05:03:28.0328964Z 2026-09-19 05:03:28,030 [INFO] music_app: {"action": "Tags edited", "album": "\u0421\u0442\u0443\u0434\u0438\u0439\u043d\u044b\u0435 \u0437\u0430\u043f\u0438\u0441\u0438", "artist": "\u0414\u0414\u0422", "file_count": 3, "files": ["D:\\a\\_temp\\album-haven-e2e-functional-fixtures-gallery-search-visual\\shared\\media\\\u0414\u0414\u0422\\\u0421\u0442\u0443\u0434\u0438\u0439\u043d\u044b\u0435 \u0437\u0430\u043f\u0438\u0441\u0438\\14. \u0421\u0442\u0443\u0434\u0438\u0439\u043d\u0430\u044f \u0437\u0430\u043f\u0438\u0441\u044c 14.mp3", "D:\\a\\_temp\\album-haven-e2e-functional-fixtures-gallery-search-visual\\shared\\media\\\u0414\u0414\u0422\\\u0421\u0442\u0443\u0434\u0438\u0439\u043d\u044b\u0435 \u0437\u0430\u043f\u0438\u0441\u0438\\15. \u0421\u0442\u0443\u0434\u0438\u0439\u043d\u0430\u044f \u0437\u0430\u043f\u0438\u0441\u044c 15.mp3", "D:\\a\\_temp\\album-haven-e2e-functional-fixtures-gallery-search-visual\\shared\\media\\\u0414\u0414\u0422\\\u0421\u0442\u0443\u0434\u0438\u0439\u043d\u044b\u0435 \u0437\u0430\u043f\u0438\u0441\u0438\\16. \u0421\u0442\u0443\u0434\u0438\u0439\u043d\u0430\u044f \u0437\u0430\u043f\u0438\u0441\u044c 16.mp3"]}
2026-09-19T05:03:29.3919204Z   [PASS] Create a second durable release identity through the normal tag editor (3572 ms)
2026-09-19T05:03:29.3921764Z   [STEP] Create a numbering gap and a distinct missing-number problem
2026-09-19T05:03:31.3477662Z 2026-09-19 05:03:31,345 [INFO] music_app: {"action": "Tags edited", "album": "\u0421\u0442\u0443\u0434\u0438\u0439\u043d\u044b\u0435 \u0437\u0430\u043f\u0438\u0441\u0438 merge candidate", "artist": "\u0414\u0414\u0422", "file_count": 2, "files": ["D:\\a\\_temp\\album-haven-e2e-functional-fixtures-gallery-search-visual\\shared\\media\\\u0414\u0414\u0422\\\u0421\u0442\u0443\u0434\u0438\u0439\u043d\u044b\u0435 \u0437\u0430\u043f\u0438\u0441\u0438\\14. \u0421\u0442\u0443\u0434\u0438\u0439\u043d\u0430\u044f \u0437\u0430\u043f\u0438\u0441\u044c 14.mp3", "D:\\a\\_temp\\album-haven-e2e-functional-fixtures-gallery-search-visual\\shared\\media\\\u0414\u0414\u0422\\\u0421\u0442\u0443\u0434\u0438\u0439\u043d\u044b\u0435 \u0437\u0430\u043f\u0438\u0441\u0438\\15. \u0421\u0442\u0443\u0434\u0438\u0439\u043d\u0430\u044f \u0437\u0430\u043f\u0438\u0441\u044c 15.mp3"]}
2026-09-19T05:03:32.6891696Z   [PASS] Create a numbering gap and a distinct missing-number problem (3296 ms)
2026-09-19T05:03:32.6900166Z   [STEP] Merge the split identity back and capture the complete immediate gallery
2026-09-19T05:03:35.4256012Z 2026-09-19 05:03:35,423 [INFO] music_app: {"action": "Tags edited", "album": "\u0421\u0442\u0443\u0434\u0438\u0439\u043d\u044b\u0435 \u0437\u0430\u043f\u0438\u0441\u0438 merge candidate", "artist": "\u0414\u0414\u0422", "file_count": 3, "files": ["D:\\a\\_temp\\album-haven-e2e-functional-fixtures-gallery-search-visual\\shared\\media\\\u0414\u0414\u0422\\\u0421\u0442\u0443\u0434\u0438\u0439\u043d\u044b\u0435 \u0437\u0430\u043f\u0438\u0441\u0438\\14. \u0421\u0442\u0443\u0434\u0438\u0439\u043d\u0430\u044f \u0437\u0430\u043f\u0438\u0441\u044c 14.mp3", "D:\\a\\_temp\\album-haven-e2e-functional-fixtures-gallery-search-visual\\shared\\media\\\u0414\u0414\u0422\\\u0421\u0442\u0443\u0434\u0438\u0439\u043d\u044b\u0435 \u0437\u0430\u043f\u0438\u0441\u0438\\15. \u0421\u0442\u0443\u0434\u0438\u0439\u043d\u0430\u044f \u0437\u0430\u043f\u0438\u0441\u044c 15.mp3", "D:\\a\\_temp\\album-haven-e2e-functional-fixtures-gallery-search-visual\\shared\\media\\\u0414\u0414\u0422\\\u0421\u0442\u0443\u0434\u0438\u0439\u043d\u044b\u0435 \u0437\u0430\u043f\u0438\u0441\u0438\\16. \u0421\u0442\u0443\u0434\u0438\u0439\u043d\u0430\u044f \u0437\u0430\u043f\u0438\u0441\u044c 16.mp3"]}
2026-09-19T05:04:01.9391201Z   [PASS] Merge the split identity back and capture the complete immediate gallery (29249 ms)
2026-09-19T05:04:01.9392516Z   [STEP] Show one 16-track release without a redundant Original tab
2026-09-19T05:04:02.6347090Z   [PASS] Show one 16-track release without a redundant Original tab (654 ms)
2026-09-19T05:04:02.6426234Z   [STEP] Retain the consolidated release in a fresh browser
2026-09-19T05:04:03.6879328Z 2026-09-19 05:04:03,687 [INFO] music_app: {"action": "Index request completed", "album_count": 0, "artist_count": 0, "bootstrap_mode": "fresh_preview", "covers_in_progress": false, "elapsed_ms": 564.31, "hydrate_in_progress": false, "payload_elapsed_ms": 352.76, "query": "", "scan_in_progress": false, "selected_artist": "\u0414\u0414\u0422"}
2026-09-19T05:04:22.7922896Z 2026-09-19 05:04:22,755 [INFO] music_app: {"action": "Tags edited", "album": "\u0421\u0442\u0443\u0434\u0438\u0439\u043d\u044b\u0435 \u0437\u0430\u043f\u0438\u0441\u0438", "artist": "\u0414\u0414\u0422", "file_count": 16, "files": ["D:\\a\\_temp\\album-haven-e2e-functional-fixtures-gallery-search-visual\\shared\\media\\\u0414\u0414\u0422\\\u0421\u0442\u0443\u0434\u0438\u0439\u043d\u044b\u0435 \u0437\u0430\u043f\u0438\u0441\u0438\\01. \u0421\u0442\u0443\u0434\u0438\u0439\u043d\u0430\u044f \u0437\u0430\u043f\u0438\u0441\u044c 1.mp3", "D:\\a\\_temp\\album-haven-e2e-functional-fixtures-gallery-search-visual\\shared\\media\\\u0414\u0414\u0422\\\u0421\u0442\u0443\u0434\u0438\u0439\u043d\u044b\u0435 \u0437\u0430\u043f\u0438\u0441\u0438\\02. \u0421\u0442\u0443\u0434\u0438\u0439\u043d\u0430\u044f \u0437\u0430\u043f\u0438\u0441\u044c 2.mp3", "D:\\a\\_temp\\album-haven-e2e-functional-fixtures-gallery-search-visual\\shared\\media\\\u0414\u0414\u0422\\\u0421\u0442\u0443\u0434\u0438\u0439\u043d\u044b\u0435 \u0437\u0430\u043f\u0438\u0441\u0438\\03. \u0421\u0442\u0443\u0434\u0438\u0439\u043d\u0430\u044f \u0437\u0430\u043f\u0438\u0441\u044c 3.mp3", "D:\\a\\_temp\\album-haven-e2e-functional-fixtures-gallery-search-visual\\shared\\media\\\u0414\u0414\u0422\\\u0421\u0442\u0443\u0434\u0438\u0439\u043d\u044b\u0435 \u0437\u0430\u043f\u0438\u0441\u0438\\04. \u0421\u0442\u0443\u0434\u0438\u0439\u043d\u0430\u044f \u0437\u0430\u043f\u0438\u0441\u044c 4.mp3", "D:\\a\\_temp\\album-haven-e2e-functional-fixtures-gallery-search-visual\\shared\\media\\\u0414\u0414\u0422\\\u0421\u0442\u0443\u0434\u0438\u0439\u043d\u044b\u0435 \u0437\u0430\u043f\u0438\u0441\u0438\\05. \u0421\u0442\u0443\u0434\u0438\u0439\u043d\u0430\u044f \u0437\u0430\u043f\u0438\u0441\u044c 5.mp3", "D:\\a\\_temp\\album-haven-e2e-functional-fixtures-gallery-search-visual\\shared\\media\\\u0414\u0414\u0422\\\u0421\u0442\u0443\u0434\u0438\u0439\u043d\u044b\u0435 \u0437\u0430\u043f\u0438\u0441\u0438\\06. \u0421\u0442\u0443\u0434\u0438\u0439\u043d\u0430\u044f \u0437\u0430\u043f\u0438\u0441\u044c 6.mp3", "D:\\a\\_temp\\album-haven-e2e-functional-fixtures-gallery-search-visual\\shared\\media\\\u0414\u0414\u0422\\\u0421\u0442\u0443\u0434\u0438\u0439\u043d\u044b\u0435 \u0437\u0430\u043f\u0438\u0441\u0438\\07. \u0421\u0442\u0443\u0434\u0438\u0439\u043d\u0430\u044f \u0437\u0430\u043f\u0438\u0441\u044c 7.mp3", "D:\\a\\_temp\\album-haven-e2e-functional-fixtures-gallery-search-visual\\shared\\media\\\u0414\u0414\u0422\\\u0421\u0442\u0443\u0434\u0438\u0439\u043d\u044b\u0435 \u0437\u0430\u043f\u0438\u0441\u0438\\08. \u0421\u0442\u0443\u0434\u0438\u0439\u043d\u0430\u044f \u0437\u0430\u043f\u0438\u0441\u044c 8.mp3", "D:\\a\\_temp\\album-haven-e2e-functional-fixtures-gallery-search-visual\\shared\\media\\\u0414\u0414\u0422\\\u0421\u0442\u0443\u0434\u0438\u0439\u043d\u044b\u0435 \u0437\u0430\u043f\u0438\u0441\u0438\\09. \u0421\u0442\u0443\u0434\u0438\u0439\u043d\u0430\u044f \u0437\u0430\u043f\u0438\u0441\u044c 9.mp3", "D:\\a\\_temp\\album-haven-e2e-functional-fixtures-gallery-search-visual\\shared\\media\\\u0414\u0414\u0422\\\u0421\u0442\u0443\u0434\u0438\u0439\u043d\u044b\u0435 \u0437\u0430\u043f\u0438\u0441\u0438\\10. \u0421\u0442\u0443\u0434\u0438\u0439\u043d\u0430\u044f \u0437\u0430\u043f\u0438\u0441\u044c 10.mp3", "D:\\a\\_temp\\album-haven-e2e-functional-fixtures-gallery-search-visual\\shared\\media\\\u0414\u0414\u0422\\\u0421\u0442\u0443\u0434\u0438\u0439\u043d\u044b\u0435 \u0437\u0430\u043f\u0438\u0441\u0438\\11. \u0421\u0442\u0443\u0434\u0438\u0439\u043d\u0430\u044f \u0437\u0430\u043f\u0438\u0441\u044c 11.mp3", "D:\\a\\_temp\\album-haven-e2e-functional-fixtures-gallery-search-visual\\shared\\media\\\u0414\u0414\u0422\\\u0421\u0442\u0443\u0434\u0438\u0439\u043d\u044b\u0435 \u0437\u0430\u043f\u0438\u0441\u0438\\12. \u0421\u0442\u0443\u0434\u0438\u0439\u043d\u0430\u044f \u0437\u0430\u043f\u0438\u0441\u044c 12.mp3", "D:\\a\\_temp\\album-haven-e2e-functional-fixtures-gallery-search-visual\\shared\\media\\\u0414\u0414\u0422\\\u0421\u0442\u0443\u0434\u0438\u0439\u043d\u044b\u0435 \u0437\u0430\u043f\u0438\u0441\u0438\\13. \u0421\u0442\u0443\u0434\u0438\u0439\u043d\u0430\u044f \u0437\u0430\u043f\u0438\u0441\u044c 13.mp3", "D:\\a\\_temp\\album-haven-e2e-functional-fixtures-gallery-search-visual\\shared\\media\\\u0414\u0414\u0422\\\u0421\u0442\u0443\u0434\u0438\u0439\u043d\u044b\u0435 \u0437\u0430\u043f\u0438\u0441\u0438\\14. \u0421\u0442\u0443\u0434\u0438\u0439\u043d\u0430\u044f \u0437\u0430\u043f\u0438\u0441\u044c 14.mp3", "D:\\a\\_temp\\album-haven-e2e-functional-fixtures-gallery-search-visual\\shared\\media\\\u0414\u0414\u0422\\\u0421\u0442\u0443\u0434\u0438\u0439\u043d\u044b\u0435 \u0437\u0430\u043f\u0438\u0441\u0438\\15. \u0421\u0442\u0443\u0434\u0438\u0439\u043d\u0430\u044f \u0437\u0430\u043f\u0438\u0441\u044c 15.mp3", "D:\\a\\_temp\\album-haven-e2e-functional-fixtures-gallery-search-visual\\shared\\media\\\u0414\u0414\u0422\\\u0421\u0442\u0443\u0434\u0438\u0439\u043d\u044b\u0435 \u0437\u0430\u043f\u0438\u0441\u0438\\16. \u0421\u0442\u0443\u0434\u0438\u0439\u043d\u0430\u044f \u0437\u0430\u043f\u0438\u0441\u044c 16.mp3"]}
2026-09-19T05:04:24.8035517Z   [PASS] Retain the consolidated release in a fresh browser (22210 ms)
2026-09-19T05:04:30.7884294Z Album Haven production E2E app listening on http://127.0.0.1:5200 with 0 artists, 0 albums, 0 tracks, and provider fixtures on http://127.0.0.1:5202
2026-09-19T05:04:32.2004866Z 2026-09-19 05:04:32,198 [INFO] music_app: Startup scan-cache hydration completed files=7200 albums=400
2026-09-19T05:04:33.4883504Z 2026-09-19 05:04:33,486 [INFO] music_app: Relation projection startup readiness ready=true rebuilt=true reason=missing_readiness_metadata builder_version=local-relation-builder-v9 source_row_count=15042 duration_ms=1243.09 source_load=570.81 fingerprint=142.27 pure_build=420.70 family_link_replacement=6.31 snapshot_publication=1.64
2026-09-19T05:04:35.0151436Z 2026-09-19 05:04:35,012 [INFO] music_app: {"action": "Index request completed", "album_count": 0, "artist_count": 0, "bootstrap_mode": "fresh_preview", "covers_in_progress": false, "elapsed_ms": 455.33, "hydrate_in_progress": false, "payload_elapsed_ms": 218.38, "query": "", "scan_in_progress": false, "selected_artist": ""}
2026-09-19T05:04:53.8951677Z   ok 1 [functional] › tests\e2e\specs\albumIdentityConsolidation.spec.js:51:1 › FTC-TAGS-021 and FTC-ALBUM-DETAILS-018 consolidate one logical release @area:tag-edit (1.7m)
2026-09-19T05:04:53.8954723Z [album-haven-playwright-result] {"version":1,"phase":"tests-complete","nonce":"1491113ebf802316f48bfbb235ac86b4c1e0be1d215b0706edb89a2e6742155c","status":"passed","total":1,"completed":1,"failed":0,"skipped":0,"errors":0}
2026-09-19T05:04:54.4687539Z 
2026-09-19T05:04:54.4687561Z 
2026-09-19T05:04:54.4687614Z 
2026-09-19T05:04:54.4689644Z [album-haven-playwright-result] {"version":1,"phase":"run-final","nonce":"1491113ebf802316f48bfbb235ac86b4c1e0be1d215b0706edb89a2e6742155c","status":"passed","total":1,"completed":1,"failed":0,"skipped":0,"errors":0}
2026-09-19T05:04:54.4691115Z   1 passed (1.8m)
2026-09-19T05:04:54.9226141Z 
2026-09-19T05:04:54.9227226Z === Playwright Summary ===
2026-09-19T05:04:54.9228348Z [[32m✓[0m] albumIdentityConsolidation.spec
2026-09-19T05:04:54.9229574Z   [[32m✓[0m] FTC-TAGS-021 and FTC-ALBUM-DETAILS-018 consolidate one logical release @area:tag-edit (1.7m)
2026-09-19T05:04:54.9230115Z 
2026-09-19T05:04:54.9230287Z Overall: 1/1 passed
2026-09-19T05:05:00.1301441Z [playwright-wrapper-final-decision] {"wrapperExitCode":0,"attemptReturn":{"exitCode":0,"exitReason":"authoritative-pass"},"fakeDatabaseCleanup":{"status":"completed","error":null,"mode":"lock-only"},"scanAppCleanup":{"status":"not-required","error":null},"isolatedAppCleanup":{"status":"completed","error":null},"tempCleanup":{"status":"completed","error":null,"removedCount":1},"passivePortDiagnostics":[{"port":5200,"status":"completed","error":null,"ownerCount":0},{"port":5202,"status":"completed","error":null,"ownerCount":0}],"finalSummary":{"phase":"run-final","status":"passed","total":1,"completed":1,"failed":0,"skipped":0,"errors":0,"listOnly":false},"exitReason":"authoritative-pass"}
2026-09-19T05:05:01.8783194Z {"restored":16,"removed":0,"unchanged":1481}
2026-09-19T05:05:22.2918363Z Album Haven production E2E app listening on http://127.0.0.1:5200 with 0 artists, 0 albums, 0 tracks, and provider fixtures on http://127.0.0.1:5202
2026-09-19T05:05:23.7109306Z 2026-09-19 05:05:23,708 [INFO] music_app: Startup scan-cache hydration completed files=7200 albums=400
2026-09-19T05:05:23.7112159Z 2026-09-19 05:05:23,708 [INFO] music_app: Legacy album exclusions migrated albums=1 removed_rules=18 created_rules=1
2026-09-19T05:05:24.2395128Z 2026-09-19 05:05:24,238 [INFO] music_app: Relation projection startup readiness ready=true rebuilt=true reason=missing_projection builder_version=local-relation-builder-v9 source_row_count=7438 duration_ms=490.17 source_load=161.38 fingerprint=68.70 pure_build=145.03 family_link_replacement=7.65 snapshot_publication=1.67
2026-09-19T05:05:25.3755618Z 2026-09-19 05:05:25,374 [INFO] music_app: {"action": "Index request completed", "album_count": 0, "artist_count": 0, "bootstrap_mode": "fresh_preview", "covers_in_progress": false, "elapsed_ms": 424.04, "hydrate_in_progress": false, "payload_elapsed_ms": 167.73, "query": "", "scan_in_progress": false, "selected_artist": ""}
2026-09-19T05:05:49.7074253Z 
2026-09-19T05:05:49.7075036Z Running 1 test using 1 worker
2026-09-19T05:05:49.7106580Z 
2026-09-19T05:05:52.8488945Z 2026-09-19 05:05:52,847 [INFO] music_app: {"action": "Index request completed", "album_count": 0, "artist_count": 0, "bootstrap_mode": "fresh_preview", "covers_in_progress": false, "elapsed_ms": 289.81, "hydrate_in_progress": false, "payload_elapsed_ms": 160.46, "query": "", "scan_in_progress": false, "selected_artist": ""}
2026-09-19T05:05:55.4672386Z [TEST] FTC-UTIL-PROBLEMS-013 shows one logical album with exact scoped reasons and tracks
2026-09-19T05:05:55.4697949Z   [STEP] Prepare the consolidated release year
2026-09-19T05:05:56.1874589Z 2026-09-19 05:05:56,186 [INFO] music_app: {"action": "Index request completed", "album_count": 0, "artist_count": 0, "bootstrap_mode": "fresh_preview", "covers_in_progress": false, "elapsed_ms": 547.58, "hydrate_in_progress": false, "payload_elapsed_ms": 356.88, "query": "", "scan_in_progress": false, "selected_artist": "\u0414\u0414\u0422"}
2026-09-19T05:06:04.3017707Z 2026-09-19 05:06:04,296 [INFO] music_app: {"action": "Tags edited", "album": "\u0421\u0442\u0443\u0434\u0438\u0439\u043d\u044b\u0435 \u0437\u0430\u043f\u0438\u0441\u0438", "artist": "\u0414\u0414\u0422", "file_count": 16, "files": ["D:\\a\\_temp\\album-haven-e2e-functional-fixtures-gallery-search-visual\\shared\\media\\\u0414\u0414\u0422\\\u0421\u0442\u0443\u0434\u0438\u0439\u043d\u044b\u0435 \u0437\u0430\u043f\u0438\u0441\u0438\\01. \u0421\u0442\u0443\u0434\u0438\u0439\u043d\u0430\u044f \u0437\u0430\u043f\u0438\u0441\u044c 1.mp3", "D:\\a\\_temp\\album-haven-e2e-functional-fixtures-gallery-search-visual\\shared\\media\\\u0414\u0414\u0422\\\u0421\u0442\u0443\u0434\u0438\u0439\u043d\u044b\u0435 \u0437\u0430\u043f\u0438\u0441\u0438\\02. \u0421\u0442\u0443\u0434\u0438\u0439\u043d\u0430\u044f \u0437\u0430\u043f\u0438\u0441\u044c 2.mp3", "D:\\a\\_temp\\album-haven-e2e-functional-fixtures-gallery-search-visual\\shared\\media\\\u0414\u0414\u0422\\\u0421\u0442\u0443\u0434\u0438\u0439\u043d\u044b\u0435 \u0437\u0430\u043f\u0438\u0441\u0438\\03. \u0421\u0442\u0443\u0434\u0438\u0439\u043d\u0430\u044f \u0437\u0430\u043f\u0438\u0441\u044c 3.mp3", "D:\\a\\_temp\\album-haven-e2e-functional-fixtures-gallery-search-visual\\shared\\media\\\u0414\u0414\u0422\\\u0421\u0442\u0443\u0434\u0438\u0439\u043d\u044b\u0435 \u0437\u0430\u043f\u0438\u0441\u0438\\04. \u0421\u0442\u0443\u0434\u0438\u0439\u043d\u0430\u044f \u0437\u0430\u043f\u0438\u0441\u044c 4.mp3", "D:\\a\\_temp\\album-haven-e2e-functional-fixtures-gallery-search-visual\\shared\\media\\\u0414\u0414\u0422\\\u0421\u0442\u0443\u0434\u0438\u0439\u043d\u044b\u0435 \u0437\u0430\u043f\u0438\u0441\u0438\\05. \u0421\u0442\u0443\u0434\u0438\u0439\u043d\u0430\u044f \u0437\u0430\u043f\u0438\u0441\u044c 5.mp3", "D:\\a\\_temp\\album-haven-e2e-functional-fixtures-gallery-search-visual\\shared\\media\\\u0414\u0414\u0422\\\u0421\u0442\u0443\u0434\u0438\u0439\u043d\u044b\u0435 \u0437\u0430\u043f\u0438\u0441\u0438\\06. \u0421\u0442\u0443\u0434\u0438\u0439\u043d\u0430\u044f \u0437\u0430\u043f\u0438\u0441\u044c 6.mp3", "D:\\a\\_temp\\album-haven-e2e-functional-fixtures-gallery-search-visual\\shared\\media\\\u0414\u0414\u0422\\\u0421\u0442\u0443\u0434\u0438\u0439\u043d\u044b\u0435 \u0437\u0430\u043f\u0438\u0441\u0438\\07. \u0421\u0442\u0443\u0434\u0438\u0439\u043d\u0430\u044f \u0437\u0430\u043f\u0438\u0441\u044c 7.mp3", "D:\\a\\_temp\\album-haven-e2e-functional-fixtures-gallery-search-visual\\shared\\media\\\u0414\u0414\u0422\\\u0421\u0442\u0443\u0434\u0438\u0439\u043d\u044b\u0435 \u0437\u0430\u043f\u0438\u0441\u0438\\08. \u0421\u0442\u0443\u0434\u0438\u0439\u043d\u0430\u044f \u0437\u0430\u043f\u0438\u0441\u044c 8.mp3", "D:\\a\\_temp\\album-haven-e2e-functional-fixtures-gallery-search-visual\\shared\\media\\\u0414\u0414\u0422\\\u0421\u0442\u0443\u0434\u0438\u0439\u043d\u044b\u0435 \u0437\u0430\u043f\u0438\u0441\u0438\\09. \u0421\u0442\u0443\u0434\u0438\u0439\u043d\u0430\u044f \u0437\u0430\u043f\u0438\u0441\u044c 9.mp3", "D:\\a\\_temp\\album-haven-e2e-functional-fixtures-gallery-search-visual\\shared\\media\\\u0414\u0414\u0422\\\u0421\u0442\u0443\u0434\u0438\u0439\u043d\u044b\u0435 \u0437\u0430\u043f\u0438\u0441\u0438\\10. \u0421\u0442\u0443\u0434\u0438\u0439\u043d\u0430\u044f \u0437\u0430\u043f\u0438\u0441\u044c 10.mp3", "D:\\a\\_temp\\album-haven-e2e-functional-fixtures-gallery-search-visual\\shared\\media\\\u0414\u0414\u0422\\\u0421\u0442\u0443\u0434\u0438\u0439\u043d\u044b\u0435 \u0437\u0430\u043f\u0438\u0441\u0438\\11. \u0421\u0442\u0443\u0434\u0438\u0439\u043d\u0430\u044f \u0437\u0430\u043f\u0438\u0441\u044c 11.mp3", "D:\\a\\_temp\\album-haven-e2e-functional-fixtures-gallery-search-visual\\shared\\media\\\u0414\u0414\u0422\\\u0421\u0442\u0443\u0434\u0438\u0439\u043d\u044b\u0435 \u0437\u0430\u043f\u0438\u0441\u0438\\12. \u0421\u0442\u0443\u0434\u0438\u0439\u043d\u0430\u044f \u0437\u0430\u043f\u0438\u0441\u044c 12.mp3", "D:\\a\\_temp\\album-haven-e2e-functional-fixtures-gallery-search-visual\\shared\\media\\\u0414\u0414\u0422\\\u0421\u0442\u0443\u0434\u0438\u0439\u043d\u044b\u0435 \u0437\u0430\u043f\u0438\u0441\u0438\\13. \u0421\u0442\u0443\u0434\u0438\u0439\u043d\u0430\u044f \u0437\u0430\u043f\u0438\u0441\u044c 13.mp3", "D:\\a\\_temp\\album-haven-e2e-functional-fixtures-gallery-search-visual\\shared\\media\\\u0414\u0414\u0422\\\u0421\u0442\u0443\u0434\u0438\u0439\u043d\u044b\u0435 \u0437\u0430\u043f\u0438\u0441\u0438\\14. \u0421\u0442\u0443\u0434\u0438\u0439\u043d\u0430\u044f \u0437\u0430\u043f\u0438\u0441\u044c 14.mp3", "D:\\a\\_temp\\album-haven-e2e-functional-fixtures-gallery-search-visual\\shared\\media\\\u0414\u0414\u0422\\\u0421\u0442\u0443\u0434\u0438\u0439\u043d\u044b\u0435 \u0437\u0430\u043f\u0438\u0441\u0438\\15. \u0421\u0442\u0443\u0434\u0438\u0439\u043d\u0430\u044f \u0437\u0430\u043f\u0438\u0441\u044c 15.mp3", "D:\\a\\_temp\\album-haven-e2e-functional-fixtures-gallery-search-visual\\shared\\media\\\u0414\u0414\u0422\\\u0421\u0442\u0443\u0434\u0438\u0439\u043d\u044b\u0435 \u0437\u0430\u043f\u0438\u0441\u0438\\16. \u0421\u0442\u0443\u0434\u0438\u0439\u043d\u0430\u044f \u0437\u0430\u043f\u0438\u0441\u044c 16.mp3"]}
2026-09-19T05:06:06.3759247Z 2026-09-19 05:06:06,374 [INFO] music_app: {"action": "Index request completed", "album_count": 0, "artist_count": 0, "bootstrap_mode": "fresh_preview", "covers_in_progress": false, "elapsed_ms": 537.44, "hydrate_in_progress": false, "payload_elapsed_ms": 336.04, "query": "", "scan_in_progress": false, "selected_artist": "\u0414\u0414\u0422"}
2026-09-19T05:06:08.2741225Z   [PASS] Prepare the consolidated release year (12800 ms)
2026-09-19T05:06:08.2767311Z   [STEP] Prepare a split release with two numbering problems
2026-09-19T05:06:10.1101439Z 2026-09-19 05:06:10,106 [INFO] music_app: {"action": "Tags edited", "album": "\u0421\u0442\u0443\u0434\u0438\u0439\u043d\u044b\u0435 \u0437\u0430\u043f\u0438\u0441\u0438", "artist": "\u0414\u0414\u0422", "file_count": 3, "files": ["D:\\a\\_temp\\album-haven-e2e-functional-fixtures-gallery-search-visual\\shared\\media\\\u0414\u0414\u0422\\\u0421\u0442\u0443\u0434\u0438\u0439\u043d\u044b\u0435 \u0437\u0430\u043f\u0438\u0441\u0438\\14. \u0421\u0442\u0443\u0434\u0438\u0439\u043d\u0430\u044f \u0437\u0430\u043f\u0438\u0441\u044c 14.mp3", "D:\\a\\_temp\\album-haven-e2e-functional-fixtures-gallery-search-visual\\shared\\media\\\u0414\u0414\u0422\\\u0421\u0442\u0443\u0434\u0438\u0439\u043d\u044b\u0435 \u0437\u0430\u043f\u0438\u0441\u0438\\15. \u0421\u0442\u0443\u0434\u0438\u0439\u043d\u0430\u044f \u0437\u0430\u043f\u0438\u0441\u044c 15.mp3", "D:\\a\\_temp\\album-haven-e2e-functional-fixtures-gallery-search-visual\\shared\\media\\\u0414\u0414\u0422\\\u0421\u0442\u0443\u0434\u0438\u0439\u043d\u044b\u0435 \u0437\u0430\u043f\u0438\u0441\u0438\\16. \u0421\u0442\u0443\u0434\u0438\u0439\u043d\u0430\u044f \u0437\u0430\u043f\u0438\u0441\u044c 16.mp3"]}
2026-09-19T05:06:14.3474684Z 2026-09-19 05:06:14,345 [INFO] music_app: {"action": "Tags edited", "album": "\u0421\u0442\u0443\u0434\u0438\u0439\u043d\u044b\u0435 \u0437\u0430\u043f\u0438\u0441\u0438 merge candidate", "artist": "\u0414\u0414\u0422", "file_count": 2, "files": ["D:\\a\\_temp\\album-haven-e2e-functional-fixtures-gallery-search-visual\\shared\\media\\\u0414\u0414\u0422\\\u0421\u0442\u0443\u0434\u0438\u0439\u043d\u044b\u0435 \u0437\u0430\u043f\u0438\u0441\u0438\\14. \u0421\u0442\u0443\u0434\u0438\u0439\u043d\u0430\u044f \u0437\u0430\u043f\u0438\u0441\u044c 14.mp3", "D:\\a\\_temp\\album-haven-e2e-functional-fixtures-gallery-search-visual\\shared\\media\\\u0414\u0414\u0422\\\u0421\u0442\u0443\u0434\u0438\u0439\u043d\u044b\u0435 \u0437\u0430\u043f\u0438\u0441\u0438\\15. \u0421\u0442\u0443\u0434\u0438\u0439\u043d\u0430\u044f \u0437\u0430\u043f\u0438\u0441\u044c 15.mp3"]}
2026-09-19T05:06:15.7919976Z   [PASS] Prepare a split release with two numbering problems (7522 ms)
2026-09-19T05:06:15.7921430Z   [STEP] Merge the split release into one durable problematic identity
2026-09-19T05:06:18.3605092Z 2026-09-19 05:06:18,358 [INFO] music_app: {"action": "Tags edited", "album": "\u0421\u0442\u0443\u0434\u0438\u0439\u043d\u044b\u0435 \u0437\u0430\u043f\u0438\u0441\u0438 merge candidate", "artist": "\u0414\u0414\u0422", "file_count": 3, "files": ["D:\\a\\_temp\\album-haven-e2e-functional-fixtures-gallery-search-visual\\shared\\media\\\u0414\u0414\u0422\\\u0421\u0442\u0443\u0434\u0438\u0439\u043d\u044b\u0435 \u0437\u0430\u043f\u0438\u0441\u0438\\14. \u0421\u0442\u0443\u0434\u0438\u0439\u043d\u0430\u044f \u0437\u0430\u043f\u0438\u0441\u044c 14.mp3", "D:\\a\\_temp\\album-haven-e2e-functional-fixtures-gallery-search-visual\\shared\\media\\\u0414\u0414\u0422\\\u0421\u0442\u0443\u0434\u0438\u0439\u043d\u044b\u0435 \u0437\u0430\u043f\u0438\u0441\u0438\\15. \u0421\u0442\u0443\u0434\u0438\u0439\u043d\u0430\u044f \u0437\u0430\u043f\u0438\u0441\u044c 15.mp3", "D:\\a\\_temp\\album-haven-e2e-functional-fixtures-gallery-search-visual\\shared\\media\\\u0414\u0414\u0422\\\u0421\u0442\u0443\u0434\u0438\u0439\u043d\u044b\u0435 \u0437\u0430\u043f\u0438\u0441\u0438\\16. \u0421\u0442\u0443\u0434\u0438\u0439\u043d\u0430\u044f \u0437\u0430\u043f\u0438\u0441\u044c 16.mp3"]}
2026-09-19T05:06:20.7655006Z 2026-09-19 05:06:20,764 [INFO] music_app: {"action": "Index request completed", "album_count": 0, "artist_count": 0, "bootstrap_mode": "fresh_preview", "covers_in_progress": false, "elapsed_ms": 771.7, "hydrate_in_progress": false, "payload_elapsed_ms": 534.09, "query": "", "scan_in_progress": false, "selected_artist": "\u0414\u0414\u0422"}
2026-09-19T05:06:22.6250505Z   [PASS] Merge the split release into one durable problematic identity (6833 ms)
2026-09-19T05:06:22.6253299Z   [STEP] Inspect the logical album problem layout and complete Edit Tags order
2026-09-19T05:06:24.8270890Z   [PASS] Inspect the logical album problem layout and complete Edit Tags order (2201 ms)
2026-09-19T05:06:29.7050247Z Album Haven production E2E app listening on http://127.0.0.1:5200 with 0 artists, 0 albums, 0 tracks, and provider fixtures on http://127.0.0.1:5202
2026-09-19T05:06:31.0603293Z 2026-09-19 05:06:31,059 [INFO] music_app: Startup scan-cache hydration completed files=7200 albums=400
2026-09-19T05:06:31.6556039Z 2026-09-19 05:06:31,654 [INFO] music_app: Relation projection startup readiness ready=true rebuilt=true reason=missing_readiness_metadata builder_version=local-relation-builder-v9 source_row_count=7454 duration_ms=556.46 source_load=135.43 fingerprint=59.07 pure_build=154.42 family_link_replacement=6.07 snapshot_publication=1.51
2026-09-19T05:06:32.9045557Z 2026-09-19 05:06:32,903 [INFO] music_app: {"action": "Index request completed", "album_count": 0, "artist_count": 0, "bootstrap_mode": "fresh_preview", "covers_in_progress": false, "elapsed_ms": 392.33, "hydrate_in_progress": false, "payload_elapsed_ms": 127.94, "query": "", "scan_in_progress": false, "selected_artist": ""}
2026-09-19T05:06:52.0637903Z   ok 1 [functional] › tests\e2e\specs\albumIdentityConsolidation.spec.js:258:1 › FTC-UTIL-PROBLEMS-013 shows one logical album with exact scoped reasons and tracks @area:problematic-files (56.8s)
2026-09-19T05:06:52.0643435Z [album-haven-playwright-result] {"version":1,"phase":"tests-complete","nonce":"4908dcd6feff54d2a41ed8fd2ed8473176b67fa9259692b1992c0c0b1bc83d46","status":"passed","total":1,"completed":1,"failed":0,"skipped":0,"errors":0}
2026-09-19T05:06:52.6527794Z 
2026-09-19T05:06:52.6527814Z 
2026-09-19T05:06:52.6527963Z 
2026-09-19T05:06:52.6530274Z [album-haven-playwright-result] {"version":1,"phase":"run-final","nonce":"4908dcd6feff54d2a41ed8fd2ed8473176b67fa9259692b1992c0c0b1bc83d46","status":"passed","total":1,"completed":1,"failed":0,"skipped":0,"errors":0}
2026-09-19T05:06:52.6532139Z   1 passed (1.1m)
2026-09-19T05:06:53.1417789Z 
2026-09-19T05:06:53.1418508Z === Playwright Summary ===
2026-09-19T05:06:53.1419698Z [[32m✓[0m] albumIdentityConsolidation.spec
2026-09-19T05:06:53.1421933Z   [[32m✓[0m] FTC-UTIL-PROBLEMS-013 shows one logical album with exact scoped reasons and tracks @area:problematic-files
2026-09-19T05:06:53.1422841Z 
2026-09-19T05:06:53.1423053Z Overall: 1/1 passed
2026-09-19T05:06:58.5874845Z [playwright-wrapper-final-decision] {"wrapperExitCode":0,"attemptReturn":{"exitCode":0,"exitReason":"authoritative-pass"},"fakeDatabaseCleanup":{"status":"completed","error":null,"mode":"lock-only"},"scanAppCleanup":{"status":"not-required","error":null},"isolatedAppCleanup":{"status":"completed","error":null},"tempCleanup":{"status":"completed","error":null,"removedCount":1},"passivePortDiagnostics":[{"port":5200,"status":"completed","error":null,"ownerCount":0},{"port":5202,"status":"completed","error":null,"ownerCount":0}],"finalSummary":{"phase":"run-final","status":"passed","total":1,"completed":1,"failed":0,"skipped":0,"errors":0,"listOnly":false},"exitReason":"authoritative-pass"}
2026-09-19T05:07:00.4115132Z {"restored":16,"removed":0,"unchanged":1481}
2026-09-19T05:07:24.2271645Z Album Haven production E2E app listening on http://127.0.0.1:5200 with 0 artists, 0 albums, 0 tracks, and provider fixtures on http://127.0.0.1:5202
2026-09-19T05:07:25.7001641Z 2026-09-19 05:07:25,699 [INFO] music_app: Startup scan-cache hydration completed files=7200 albums=400
2026-09-19T05:07:25.7003461Z 2026-09-19 05:07:25,699 [INFO] music_app: Legacy album exclusions migrated albums=1 removed_rules=18 created_rules=1
2026-09-19T05:07:26.2582446Z 2026-09-19 05:07:26,255 [INFO] music_app: Relation projection startup readiness ready=true rebuilt=true reason=missing_projection builder_version=local-relation-builder-v9 source_row_count=7438 duration_ms=517.41 source_load=166.34 fingerprint=63.56 pure_build=155.04 family_link_replacement=9.95 snapshot_publication=1.82
2026-09-19T05:07:27.5760239Z 2026-09-19 05:07:27,571 [INFO] music_app: {"action": "Index request completed", "album_count": 0, "artist_count": 0, "bootstrap_mode": "fresh_preview", "covers_in_progress": false, "elapsed_ms": 511.36, "hydrate_in_progress": false, "payload_elapsed_ms": 186.13, "query": "", "scan_in_progress": false, "selected_artist": ""}
2026-09-19T05:07:55.4405732Z 
2026-09-19T05:07:55.4406685Z Running 1 test using 1 worker
2026-09-19T05:07:55.4452772Z 
2026-09-19T05:07:58.7412640Z 2026-09-19 05:07:58,740 [INFO] music_app: {"action": "Index request completed", "album_count": 0, "artist_count": 0, "bootstrap_mode": "fresh_preview", "covers_in_progress": false, "elapsed_ms": 324.73, "hydrate_in_progress": false, "payload_elapsed_ms": 189.3, "query": "", "scan_in_progress": false, "selected_artist": ""}
2026-09-19T05:08:01.7322859Z [TEST] FTC-UTIL-PROBLEMS-007 preserves the selected list during mutation and removes stale identity
2026-09-19T05:08:01.7326019Z   [STEP] Prepare the consolidated release year
2026-09-19T05:08:02.5402346Z 2026-09-19 05:08:02,538 [INFO] music_app: {"action": "Index request completed", "album_count": 0, "artist_count": 0, "bootstrap_mode": "fresh_preview", "covers_in_progress": false, "elapsed_ms": 573.94, "hydrate_in_progress": false, "payload_elapsed_ms": 362.6, "query": "", "scan_in_progress": false, "selected_artist": "\u0414\u0414\u0422"}
2026-09-19T05:08:10.6321269Z 2026-09-19 05:08:10,627 [INFO] music_app: {"action": "Tags edited", "album": "\u0421\u0442\u0443\u0434\u0438\u0439\u043d\u044b\u0435 \u0437\u0430\u043f\u0438\u0441\u0438", "artist": "\u0414\u0414\u0422", "file_count": 16, "files": ["D:\\a\\_temp\\album-haven-e2e-functional-fixtures-gallery-search-visual\\shared\\media\\\u0414\u0414\u0422\\\u0421\u0442\u0443\u0434\u0438\u0439\u043d\u044b\u0435 \u0437\u0430\u043f\u0438\u0441\u0438\\01. \u0421\u0442\u0443\u0434\u0438\u0439\u043d\u0430\u044f \u0437\u0430\u043f\u0438\u0441\u044c 1.mp3", "D:\\a\\_temp\\album-haven-e2e-functional-fixtures-gallery-search-visual\\shared\\media\\\u0414\u0414\u0422\\\u0421\u0442\u0443\u0434\u0438\u0439\u043d\u044b\u0435 \u0437\u0430\u043f\u0438\u0441\u0438\\02. \u0421\u0442\u0443\u0434\u0438\u0439\u043d\u0430\u044f \u0437\u0430\u043f\u0438\u0441\u044c 2.mp3", "D:\\a\\_temp\\album-haven-e2e-functional-fixtures-gallery-search-visual\\shared\\media\\\u0414\u0414\u0422\\\u0421\u0442\u0443\u0434\u0438\u0439\u043d\u044b\u0435 \u0437\u0430\u043f\u0438\u0441\u0438\\03. \u0421\u0442\u0443\u0434\u0438\u0439\u043d\u0430\u044f \u0437\u0430\u043f\u0438\u0441\u044c 3.mp3", "D:\\a\\_temp\\album-haven-e2e-functional-fixtures-gallery-search-visual\\shared\\media\\\u0414\u0414\u0422\\\u0421\u0442\u0443\u0434\u0438\u0439\u043d\u044b\u0435 \u0437\u0430\u043f\u0438\u0441\u0438\\04. \u0421\u0442\u0443\u0434\u0438\u0439\u043d\u0430\u044f \u0437\u0430\u043f\u0438\u0441\u044c 4.mp3", "D:\\a\\_temp\\album-haven-e2e-functional-fixtures-gallery-search-visual\\shared\\media\\\u0414\u0414\u0422\\\u0421\u0442\u0443\u0434\u0438\u0439\u043d\u044b\u0435 \u0437\u0430\u043f\u0438\u0441\u0438\\05. \u0421\u0442\u0443\u0434\u0438\u0439\u043d\u0430\u044f \u0437\u0430\u043f\u0438\u0441\u044c 5.mp3", "D:\\a\\_temp\\album-haven-e2e-functional-fixtures-gallery-search-visual\\shared\\media\\\u0414\u0414\u0422\\\u0421\u0442\u0443\u0434\u0438\u0439\u043d\u044b\u0435 \u0437\u0430\u043f\u0438\u0441\u0438\\06. \u0421\u0442\u0443\u0434\u0438\u0439\u043d\u0430\u044f \u0437\u0430\u043f\u0438\u0441\u044c 6.mp3", "D:\\a\\_temp\\album-haven-e2e-functional-fixtures-gallery-search-visual\\shared\\media\\\u0414\u0414\u0422\\\u0421\u0442\u0443\u0434\u0438\u0439\u043d\u044b\u0435 \u0437\u0430\u043f\u0438\u0441\u0438\\07. \u0421\u0442\u0443\u0434\u0438\u0439\u043d\u0430\u044f \u0437\u0430\u043f\u0438\u0441\u044c 7.mp3", "D:\\a\\_temp\\album-haven-e2e-functional-fixtures-gallery-search-visual\\shared\\media\\\u0414\u0414\u0422\\\u0421\u0442\u0443\u0434\u0438\u0439\u043d\u044b\u0435 \u0437\u0430\u043f\u0438\u0441\u0438\\08. \u0421\u0442\u0443\u0434\u0438\u0439\u043d\u0430\u044f \u0437\u0430\u043f\u0438\u0441\u044c 8.mp3", "D:\\a\\_temp\\album-haven-e2e-functional-fixtures-gallery-search-visual\\shared\\media\\\u0414\u0414\u0422\\\u0421\u0442\u0443\u0434\u0438\u0439\u043d\u044b\u0435 \u0437\u0430\u043f\u0438\u0441\u0438\\09. \u0421\u0442\u0443\u0434\u0438\u0439\u043d\u0430\u044f \u0437\u0430\u043f\u0438\u0441\u044c 9.mp3", "D:\\a\\_temp\\album-haven-e2e-functional-fixtures-gallery-search-visual\\shared\\media\\\u0414\u0414\u0422\\\u0421\u0442\u0443\u0434\u0438\u0439\u043d\u044b\u0435 \u0437\u0430\u043f\u0438\u0441\u0438\\10. \u0421\u0442\u0443\u0434\u0438\u0439\u043d\u0430\u044f \u0437\u0430\u043f\u0438\u0441\u044c 10.mp3", "D:\\a\\_temp\\album-haven-e2e-functional-fixtures-gallery-search-visual\\shared\\media\\\u0414\u0414\u0422\\\u0421\u0442\u0443\u0434\u0438\u0439\u043d\u044b\u0435 \u0437\u0430\u043f\u0438\u0441\u0438\\11. \u0421\u0442\u0443\u0434\u0438\u0439\u043d\u0430\u044f \u0437\u0430\u043f\u0438\u0441\u044c 11.mp3", "D:\\a\\_temp\\album-haven-e2e-functional-fixtures-gallery-search-visual\\shared\\media\\\u0414\u0414\u0422\\\u0421\u0442\u0443\u0434\u0438\u0439\u043d\u044b\u0435 \u0437\u0430\u043f\u0438\u0441\u0438\\12. \u0421\u0442\u0443\u0434\u0438\u0439\u043d\u0430\u044f \u0437\u0430\u043f\u0438\u0441\u044c 12.mp3", "D:\\a\\_temp\\album-haven-e2e-functional-fixtures-gallery-search-visual\\shared\\media\\\u0414\u0414\u0422\\\u0421\u0442\u0443\u0434\u0438\u0439\u043d\u044b\u0435 \u0437\u0430\u043f\u0438\u0441\u0438\\13. \u0421\u0442\u0443\u0434\u0438\u0439\u043d\u0430\u044f \u0437\u0430\u043f\u0438\u0441\u044c 13.mp3", "D:\\a\\_temp\\album-haven-e2e-functional-fixtures-gallery-search-visual\\shared\\media\\\u0414\u0414\u0422\\\u0421\u0442\u0443\u0434\u0438\u0439\u043d\u044b\u0435 \u0437\u0430\u043f\u0438\u0441\u0438\\14. \u0421\u0442\u0443\u0434\u0438\u0439\u043d\u0430\u044f \u0437\u0430\u043f\u0438\u0441\u044c 14.mp3", "D:\\a\\_temp\\album-haven-e2e-functional-fixtures-gallery-search-visual\\shared\\media\\\u0414\u0414\u0422\\\u0421\u0442\u0443\u0434\u0438\u0439\u043d\u044b\u0435 \u0437\u0430\u043f\u0438\u0441\u0438\\15. \u0421\u0442\u0443\u0434\u0438\u0439\u043d\u0430\u044f \u0437\u0430\u043f\u0438\u0441\u044c 15.mp3", "D:\\a\\_temp\\album-haven-e2e-functional-fixtures-gallery-search-visual\\shared\\media\\\u0414\u0414\u0422\\\u0421\u0442\u0443\u0434\u0438\u0439\u043d\u044b\u0435 \u0437\u0430\u043f\u0438\u0441\u0438\\16. \u0421\u0442\u0443\u0434\u0438\u0439\u043d\u0430\u044f \u0437\u0430\u043f\u0438\u0441\u044c 16.mp3"]}
2026-09-19T05:08:12.7570200Z 2026-09-19 05:08:12,756 [INFO] music_app: {"action": "Index request completed", "album_count": 0, "artist_count": 0, "bootstrap_mode": "fresh_preview", "covers_in_progress": false, "elapsed_ms": 540.17, "hydrate_in_progress": false, "payload_elapsed_ms": 345.09, "query": "", "scan_in_progress": false, "selected_artist": "\u0414\u0414\u0422"}
2026-09-19T05:08:14.6530171Z   [PASS] Prepare the consolidated release year (12935 ms)
2026-09-19T05:08:14.6532801Z   [STEP] Prepare a split release with two numbering problems
2026-09-19T05:08:16.5324344Z 2026-09-19 05:08:16,530 [INFO] music_app: {"action": "Tags edited", "album": "\u0421\u0442\u0443\u0434\u0438\u0439\u043d\u044b\u0435 \u0437\u0430\u043f\u0438\u0441\u0438", "artist": "\u0414\u0414\u0422", "file_count": 3, "files": ["D:\\a\\_temp\\album-haven-e2e-functional-fixtures-gallery-search-visual\\shared\\media\\\u0414\u0414\u0422\\\u0421\u0442\u0443\u0434\u0438\u0439\u043d\u044b\u0435 \u0437\u0430\u043f\u0438\u0441\u0438\\14. \u0421\u0442\u0443\u0434\u0438\u0439\u043d\u0430\u044f \u0437\u0430\u043f\u0438\u0441\u044c 14.mp3", "D:\\a\\_temp\\album-haven-e2e-functional-fixtures-gallery-search-visual\\shared\\media\\\u0414\u0414\u0422\\\u0421\u0442\u0443\u0434\u0438\u0439\u043d\u044b\u0435 \u0437\u0430\u043f\u0438\u0441\u0438\\15. \u0421\u0442\u0443\u0434\u0438\u0439\u043d\u0430\u044f \u0437\u0430\u043f\u0438\u0441\u044c 15.mp3", "D:\\a\\_temp\\album-haven-e2e-functional-fixtures-gallery-search-visual\\shared\\media\\\u0414\u0414\u0422\\\u0421\u0442\u0443\u0434\u0438\u0439\u043d\u044b\u0435 \u0437\u0430\u043f\u0438\u0441\u0438\\16. \u0421\u0442\u0443\u0434\u0438\u0439\u043d\u0430\u044f \u0437\u0430\u043f\u0438\u0441\u044c 16.mp3"]}
2026-09-19T05:08:20.6134506Z 2026-09-19 05:08:20,611 [INFO] music_app: {"action": "Tags edited", "album": "\u0421\u0442\u0443\u0434\u0438\u0439\u043d\u044b\u0435 \u0437\u0430\u043f\u0438\u0441\u0438 merge candidate", "artist": "\u0414\u0414\u0422", "file_count": 2, "files": ["D:\\a\\_temp\\album-haven-e2e-functional-fixtures-gallery-search-visual\\shared\\media\\\u0414\u0414\u0422\\\u0421\u0442\u0443\u0434\u0438\u0439\u043d\u044b\u0435 \u0437\u0430\u043f\u0438\u0441\u0438\\14. \u0421\u0442\u0443\u0434\u0438\u0439\u043d\u0430\u044f \u0437\u0430\u043f\u0438\u0441\u044c 14.mp3", "D:\\a\\_temp\\album-haven-e2e-functional-fixtures-gallery-search-visual\\shared\\media\\\u0414\u0414\u0422\\\u0421\u0442\u0443\u0434\u0438\u0439\u043d\u044b\u0435 \u0437\u0430\u043f\u0438\u0441\u0438\\15. \u0421\u0442\u0443\u0434\u0438\u0439\u043d\u0430\u044f \u0437\u0430\u043f\u0438\u0441\u044c 15.mp3"]}
2026-09-19T05:08:22.1716893Z   [PASS] Prepare a split release with two numbering problems (7518 ms)
2026-09-19T05:08:22.1718779Z   [STEP] Merge the split release into one durable problematic identity
2026-09-19T05:08:25.0094996Z 2026-09-19 05:08:25,008 [INFO] music_app: {"action": "Tags edited", "album": "\u0421\u0442\u0443\u0434\u0438\u0439\u043d\u044b\u0435 \u0437\u0430\u043f\u0438\u0441\u0438 merge candidate", "artist": "\u0414\u0414\u0422", "file_count": 3, "files": ["D:\\a\\_temp\\album-haven-e2e-functional-fixtures-gallery-search-visual\\shared\\media\\\u0414\u0414\u0422\\\u0421\u0442\u0443\u0434\u0438\u0439\u043d\u044b\u0435 \u0437\u0430\u043f\u0438\u0441\u0438\\14. \u0421\u0442\u0443\u0434\u0438\u0439\u043d\u0430\u044f \u0437\u0430\u043f\u0438\u0441\u044c 14.mp3", "D:\\a\\_temp\\album-haven-e2e-functional-fixtures-gallery-search-visual\\shared\\media\\\u0414\u0414\u0422\\\u0421\u0442\u0443\u0434\u0438\u0439\u043d\u044b\u0435 \u0437\u0430\u043f\u0438\u0441\u0438\\15. \u0421\u0442\u0443\u0434\u0438\u0439\u043d\u0430\u044f \u0437\u0430\u043f\u0438\u0441\u044c 15.mp3", "D:\\a\\_temp\\album-haven-e2e-functional-fixtures-gallery-search-visual\\shared\\media\\\u0414\u0414\u0422\\\u0421\u0442\u0443\u0434\u0438\u0439\u043d\u044b\u0435 \u0437\u0430\u043f\u0438\u0441\u0438\\16. \u0421\u0442\u0443\u0434\u0438\u0439\u043d\u0430\u044f \u0437\u0430\u043f\u0438\u0441\u044c 16.mp3"]}
2026-09-19T05:08:27.5349256Z 2026-09-19 05:08:27,533 [INFO] music_app: {"action": "Index request completed", "album_count": 0, "artist_count": 0, "bootstrap_mode": "fresh_preview", "covers_in_progress": false, "elapsed_ms": 601.08, "hydrate_in_progress": false, "payload_elapsed_ms": 394.53, "query": "", "scan_in_progress": false, "selected_artist": "\u0414\u0414\u0422"}
2026-09-19T05:08:29.4658503Z   [PASS] Merge the split release into one durable problematic identity (7294 ms)
2026-09-19T05:08:29.4661557Z   [STEP] Repair the selected album through the approved detail-only mutation state
2026-09-19T05:08:31.5904217Z 2026-09-19 05:08:31,586 [INFO] music_app: {"action": "Problem exclusion created", "migrated_legacy_row_keys": [], "row_keys": ["\u0434\u0434\u0442::\u0441\u0442\u0443\u0434\u0438\u0439\u043d\u044b\u0435 \u0437\u0430\u043f\u0438\u0441\u0438::year::1988::problem-album::missing-cover-art"]}
2026-09-19T05:08:33.4294965Z 2026-09-19 05:08:33,424 [INFO] music_app: {"action": "Tags edited", "album": "\u0421\u0442\u0443\u0434\u0438\u0439\u043d\u044b\u0435 \u0437\u0430\u043f\u0438\u0441\u0438", "artist": "\u0414\u0414\u0422", "file_count": 2, "files": ["D:\\a\\_temp\\album-haven-e2e-functional-fixtures-gallery-search-visual\\shared\\media\\\u0414\u0414\u0422\\\u0421\u0442\u0443\u0434\u0438\u0439\u043d\u044b\u0435 \u0437\u0430\u043f\u0438\u0441\u0438\\14. \u0421\u0442\u0443\u0434\u0438\u0439\u043d\u0430\u044f \u0437\u0430\u043f\u0438\u0441\u044c 14.mp3", "D:\\a\\_temp\\album-haven-e2e-functional-fixtures-gallery-search-visual\\shared\\media\\\u0414\u0414\u0422\\\u0421\u0442\u0443\u0434\u0438\u0439\u043d\u044b\u0435 \u0437\u0430\u043f\u0438\u0441\u0438\\15. \u0421\u0442\u0443\u0434\u0438\u0439\u043d\u0430\u044f \u0437\u0430\u043f\u0438\u0441\u044c 15.mp3"]}
2026-09-19T05:08:35.7983104Z   [FAIL] Repair the selected album through the approved detail-only mutation state :: expect(received).toEqual(expected) // deep equality
2026-09-19T05:08:35.7984553Z 
2026-09-19T05:08:35.7985029Z - Expected  - 0
2026-09-19T05:08:35.7985715Z + Received  + 1
2026-09-19T05:08:35.7986201Z 
2026-09-19T05:08:35.7986632Z   Object {
2026-09-19T05:08:35.7987524Z     "key": "e2e rarity artist::two track rarity fixture",
2026-09-19T05:08:35.7989039Z +   "meta": "E2E Rarity Artist · 2026",
2026-09-19T05:08:35.7990349Z     "title": "Two Track Rarity Fixture",
2026-09-19T05:08:35.7991216Z   } (6321 ms)
2026-09-19T05:08:41.1789559Z Album Haven production E2E app listening on http://127.0.0.1:5200 with 0 artists, 0 albums, 0 tracks, and provider fixtures on http://127.0.0.1:5202
2026-09-19T05:08:42.4043302Z 2026-09-19 05:08:42,402 [INFO] music_app: Startup scan-cache hydration completed files=7200 albums=400
2026-09-19T05:08:42.8872117Z 2026-09-19 05:08:42,884 [INFO] music_app: Relation projection startup readiness ready=true rebuilt=true reason=missing_readiness_metadata builder_version=local-relation-builder-v9 source_row_count=7454 duration_ms=446.60 source_load=136.34 fingerprint=58.39 pure_build=143.95 family_link_replacement=5.97 snapshot_publication=1.47
2026-09-19T05:08:44.1634833Z 2026-09-19 05:08:44,161 [INFO] music_app: {"action": "Index request completed", "album_count": 0, "artist_count": 0, "bootstrap_mode": "fresh_preview", "covers_in_progress": false, "elapsed_ms": 493.63, "hydrate_in_progress": false, "payload_elapsed_ms": 225.84, "query": "", "scan_in_progress": false, "selected_artist": ""}
2026-09-19T05:09:09.5595690Z [playwright-wrapper-failure-latched] {"phase":"tests-complete","status":"failed","total":1,"completed":1,"failed":1,"skipped":0,"errors":0}
2026-09-19T05:09:09.5599326Z   x  1 [functional] › tests\e2e\specs\albumIdentityConsolidation.spec.js:331:1 › FTC-UTIL-PROBLEMS-007 preserves the selected list during mutation and removes stale identity @area:problematic-files @area:tag-edit (1.1m)
2026-09-19T05:09:09.5631404Z [album-haven-playwright-result] {"version":1,"phase":"tests-complete","nonce":"de5095335e14f39b3949853bec36999de3126ad95445cbc1a2d3eb26402755ca","status":"failed","total":1,"completed":1,"failed":1,"skipped":0,"errors":0}
2026-09-19T05:09:10.2531823Z 
2026-09-19T05:09:10.2532136Z 
2026-09-19T05:09:10.2532586Z 
2026-09-19T05:09:10.2536473Z [album-haven-playwright-result] {"version":1,"phase":"run-final","nonce":"de5095335e14f39b3949853bec36999de3126ad95445cbc1a2d3eb26402755ca","status":"failed","total":1,"completed":1,"failed":1,"skipped":0,"errors":0}
2026-09-19T05:09:10.2538685Z 
2026-09-19T05:09:10.2540832Z   1) [functional] › tests\e2e\specs\albumIdentityConsolidation.spec.js:331:1 › FTC-UTIL-PROBLEMS-007 preserves the selected list during mutation and removes stale identity @area:problematic-files @area:tag-edit 
2026-09-19T05:09:10.2543636Z 
2026-09-19T05:09:10.2544256Z     Error: expect(received).toEqual(expected) // deep equality
2026-09-19T05:09:10.2544964Z 
2026-09-19T05:09:10.2545310Z     - Expected  - 0
2026-09-19T05:09:10.2545987Z     + Received  + 1
2026-09-19T05:09:10.2546427Z 
2026-09-19T05:09:10.2546777Z       Object {
2026-09-19T05:09:10.2547879Z         "key": "e2e rarity artist::two track rarity fixture",
2026-09-19T05:09:10.2549969Z     +   "meta": "E2E Rarity Artist · 2026",
2026-09-19T05:09:10.2550932Z         "title": "Two Track Rarity Fixture",
2026-09-19T05:09:10.2551796Z       }
2026-09-19T05:09:10.2552248Z 
2026-09-19T05:09:10.2552963Z       392 |     const previousSelection = await utilityProblematicFilesActions
2026-09-19T05:09:10.2555092Z       393 |       .waitForMutationRemovalAndPreviousSelection(mutationTarget);
2026-09-19T05:09:10.2557266Z     > 394 |     expect(previousSelection).toEqual({
2026-09-19T05:09:10.2558237Z           |                               ^
2026-09-19T05:09:10.2559545Z       395 |       key: mutationTarget.previousKey,
2026-09-19T05:09:10.2560667Z       396 |       title: mutationTarget.previousTitle,
2026-09-19T05:09:10.2563053Z       397 |     });
2026-09-19T05:09:10.2566494Z         at D:\a\AlbumHaven\AlbumHaven\tests\e2e\specs\albumIdentityConsolidation.spec.js:394:31
2026-09-19T05:09:10.2569838Z         at runStep (D:\a\AlbumHaven\AlbumHaven\tests\e2e\support\baseFixtures.js:146:22)
2026-09-19T05:09:10.2572518Z         at D:\a\AlbumHaven\AlbumHaven\tests\e2e\specs\albumIdentityConsolidation.spec.js:357:3
2026-09-19T05:09:10.2573523Z 
2026-09-19T05:09:10.2574648Z     attachment #1: step-transcript.txt (text/plain) ────────────────────────────────────────────────
2026-09-19T05:09:10.2576161Z     [TEST] FTC-UTIL-PROBLEMS-007 preserves the selected list during mutation and removes stale identity
2026-09-19T05:09:10.2578490Z       [STEP] Prepare the consolidated release year
2026-09-19T05:09:10.2579622Z       [PASS] Prepare the consolidated release year (12935 ms)
2026-09-19T05:09:10.2580494Z       [STEP] Prepare a split release with two numbering problems
2026-09-19T05:09:10.2581577Z       [PASS] Prepare a split release w...
2026-09-19T05:09:10.2582677Z     ────────────────────────────────────────────────────────────────────────────────────────────────
2026-09-19T05:09:10.2583261Z 
2026-09-19T05:09:10.2584206Z     attachment #3: stacktrace.txt (text/plain) ─────────────────────────────────────────────────────
2026-09-19T05:09:10.2585060Z     Error 1
2026-09-19T05:09:10.2585694Z     Error: expect(received).toEqual(expected) // deep equality
2026-09-19T05:09:10.2586361Z     
2026-09-19T05:09:10.2586792Z     - Expected  - 0
2026-09-19T05:09:10.2587233Z     + Received  + 1
2026-09-19T05:09:10.2587665Z     
2026-09-19T05:09:10.2588069Z       Object {
2026-09-19T05:09:10.2588684Z         "key": "e2e rarity artist::two track rarity fixture",
2026-09-19T05:09:10.2589356Z     +   "meta": "E2E Rarity Artist ...
2026-09-19T05:09:10.2590381Z     ────────────────────────────────────────────────────────────────────────────────────────────────
2026-09-19T05:09:10.2590972Z 
2026-09-19T05:09:10.2591708Z     attachment #4: runtime-log.txt (text/plain) ────────────────────────────────────────────────────
2026-09-19T05:09:10.2594356Z     [2026-09-19T05:08:06.228Z] requestfailed/net::ERR_ABORTED: GET http://127.0.0.1:5200/cover?path=D%3A%5Ca%5C_temp%5Calbum-haven-e2e-functional-fixtures-gallery-search-visual%5Cshared%5Cmedia%5C%D0%94%D0%94%D0%A2%5C%D0%A1%D0%BE%D0%BB%D1%8C%D0%BD%D0%B8%D0%BA%5Ccover.png&size=480&v=process-70e7a5994411c...
2026-09-19T05:09:10.2596868Z     ────────────────────────────────────────────────────────────────────────────────────────────────
2026-09-19T05:09:10.2597860Z 
2026-09-19T05:09:10.2601367Z     Error Context: ..\..\_temp\functional-output-gallery-search-visual\wave-01-05-playwright-config-js\albumIdentityConsolidation-a7471--and-removes-stale-identity-functional\error-context.md
2026-09-19T05:09:10.2602872Z 
2026-09-19T05:09:10.2603688Z     attachment #7: trace (application/zip) ─────────────────────────────────────────────────────────
2026-09-19T05:09:10.2606005Z     ..\..\_temp\functional-output-gallery-search-visual\wave-01-05-playwright-config-js\albumIdentityConsolidation-a7471--and-removes-stale-identity-functional\trace.zip
2026-09-19T05:09:10.2607509Z     Usage:
2026-09-19T05:09:10.2607754Z 
2026-09-19T05:09:10.2609241Z         npx playwright show-trace ..\..\_temp\functional-output-gallery-search-visual\wave-01-05-playwright-config-js\albumIdentityConsolidation-a7471--and-removes-stale-identity-functional\trace.zip
2026-09-19T05:09:10.2610721Z 
2026-09-19T05:09:10.2611364Z     ────────────────────────────────────────────────────────────────────────────────────────────────
2026-09-19T05:09:10.2611938Z 
2026-09-19T05:09:10.2612133Z   1 failed
2026-09-19T05:09:10.2614002Z     [functional] › tests\e2e\specs\albumIdentityConsolidation.spec.js:331:1 › FTC-UTIL-PROBLEMS-007 preserves the selected list during mutation and removes stale identity @area:problematic-files @area:tag-edit 
2026-09-19T05:09:10.9503863Z 
2026-09-19T05:09:10.9504546Z === Playwright Summary ===
2026-09-19T05:09:10.9505976Z [31m[x][0m albumIdentityConsolidation.spec
2026-09-19T05:09:10.9507760Z   [31m[x][0m FTC-UTIL-PROBLEMS-007 preserves the selected list during mutation and removes stale identity @area:problematic-files @area:tag-edit (1.1m)
2026-09-19T05:09:10.9508883Z 
2026-09-19T05:09:10.9509529Z Overall: 0/1 passed
2026-09-19T05:09:10.9510099Z Failed tests:
2026-09-19T05:09:10.9512255Z - albumIdentityConsolidation.spec > FTC-UTIL-PROBLEMS-007 preserves the selected list during mutation and removes stale identity @area:problematic-files @area:tag-edit (1.1m)
2026-09-19T05:09:10.9515372Z [playwright-wrapper-diagnostic] {"reason":"wrapper-child-lifecycle-mismatch","childExitCode":1,"childExitSignal":null,"childCloseCode":1,"childCloseSignal":null,"processError":null,"stopReason":"none","cleanupOutcome":"completed"}
2026-09-19T05:09:16.3778447Z [playwright-wrapper-final-decision] {"wrapperExitCode":1,"attemptReturn":{"exitCode":1,"exitReason":"wrapper-child-lifecycle-mismatch"},"fakeDatabaseCleanup":{"status":"completed","error":null,"mode":"lock-only"},"scanAppCleanup":{"status":"not-required","error":null},"isolatedAppCleanup":{"status":"completed","error":null},"tempCleanup":{"status":"completed","error":null,"removedCount":1},"passivePortDiagnostics":[{"port":5200,"status":"completed","error":null,"ownerCount":0},{"port":5202,"status":"completed","error":null,"ownerCount":0}],"finalSummary":{"phase":"run-final","status":"failed","total":1,"completed":1,"failed":1,"skipped":0,"errors":0,"listOnly":false},"exitReason":"wrapper-child-lifecycle-mismatch"}
2026-09-19T05:09:18.1374996Z {"restored":16,"removed":0,"unchanged":1481}
2026-09-19T05:09:38.4091195Z Album Haven production E2E app listening on http://127.0.0.1:5200 with 0 artists, 0 albums, 0 tracks, and provider fixtures on http://127.0.0.1:5202
2026-09-19T05:09:40.0230076Z 2026-09-19 05:09:40,020 [INFO] music_app: Startup scan-cache hydration completed files=7200 albums=400
2026-09-19T05:09:40.0231705Z 2026-09-19 05:09:40,020 [INFO] music_app: Legacy album exclusions migrated albums=1 removed_rules=18 created_rules=1
2026-09-19T05:09:40.5083794Z 2026-09-19 05:09:40,506 [INFO] music_app: Relation projection startup readiness ready=true rebuilt=true reason=missing_projection builder_version=local-relation-builder-v9 source_row_count=7438 duration_ms=450.30 source_load=135.45 fingerprint=59.56 pure_build=145.77 family_link_replacement=7.51 snapshot_publication=1.69
2026-09-19T05:09:41.5777149Z 2026-09-19 05:09:41,575 [INFO] music_app: {"action": "Index request completed", "album_count": 0, "artist_count": 0, "bootstrap_mode": "fresh_preview", "covers_in_progress": false, "elapsed_ms": 370.99, "hydrate_in_progress": false, "payload_elapsed_ms": 162.57, "query": "", "scan_in_progress": false, "selected_artist": ""}
2026-09-19T05:10:08.3918514Z 
2026-09-19T05:10:08.3919307Z Running 1 test using 1 worker
2026-09-19T05:10:08.3955327Z 
2026-09-19T05:10:11.7136320Z 2026-09-19 05:10:11,712 [INFO] music_app: {"action": "Index request completed", "album_count": 0, "artist_count": 0, "bootstrap_mode": "fresh_preview", "covers_in_progress": false, "elapsed_ms": 305.35, "hydrate_in_progress": false, "payload_elapsed_ms": 163.57, "query": "", "scan_in_progress": false, "selected_artist": ""}
2026-09-19T05:10:14.8247781Z [TEST] FTC-ALBUM-DETAILS-006 preserves mixed credits through an optimistic album-only split
2026-09-19T05:10:14.8277785Z   [STEP] Stage one album-only split through the visible Edit Tags controls
2026-09-19T05:10:15.3100833Z 2026-09-19 05:10:15,308 [INFO] music_app: {"action": "Index request completed", "album_count": 0, "artist_count": 0, "bootstrap_mode": "fresh_preview", "covers_in_progress": false, "elapsed_ms": 304.43, "hydrate_in_progress": false, "payload_elapsed_ms": 174.34, "query": "", "scan_in_progress": false, "selected_artist": ""}
2026-09-19T05:10:18.7783381Z 2026-09-19 05:10:18,521 [INFO] music_app: {"action": "Postgres album search request started", "query": "Featured Signal Collection"}
2026-09-19T05:10:18.7845352Z 2026-09-19 05:10:18,674 [INFO] music_app: {"action": "View data request completed", "album_count": 1, "artist_count": 1, "elapsed_ms": 152.91, "query": "Featured Signal Collection", "selected_artist": "Various Artists"}
2026-09-19T05:10:20.1413567Z   [PASS] Stage one album-only split through the visible Edit Tags controls (5312 ms)
2026-09-19T05:10:20.1415073Z   [STEP] Keep source and destination server-owned credits before save completion
2026-09-19T05:10:21.9846659Z 2026-09-19 05:10:21,982 [INFO] music_app: {"action": "Tags edited", "album": "Featured Signal Collection", "artist": "Various Artists", "file_count": 1, "files": ["D:\\a\\_temp\\album-haven-e2e-functional-fixtures-gallery-search-visual\\shared\\media\\Various Artists\\Featured Signal Collection\\01 - Credit Signal 1.mp3"]}
2026-09-19T05:10:23.9623351Z   [PASS] Keep source and destination server-owned credits before save completion (3821 ms)
2026-09-19T05:10:23.9624759Z   [STEP] Retain the same credits after authoritative save completion
2026-09-19T05:10:24.4270168Z 2026-09-19 05:10:24,306 [INFO] music_app: {"action": "Index request completed", "album_count": 0, "artist_count": 0, "bootstrap_mode": "full_view", "covers_in_progress": false, "elapsed_ms": 214.18, "hydrate_in_progress": false, "payload_elapsed_ms": 130.1, "query": "Featured Signal Collection", "scan_in_progress": false, "selected_artist": "Various Artists"}
2026-09-19T05:10:26.5752581Z   [PASS] Retain the same credits after authoritative save completion (2613 ms)
2026-09-19T05:10:28.2747123Z 2026-09-19 05:10:28,273 [INFO] music_app: {"action": "Tags edited", "album": "Featured Signal Collection Split Credit", "artist": "Solo Voice", "file_count": 1, "files": ["D:\\a\\_temp\\album-haven-e2e-functional-fixtures-gallery-search-visual\\shared\\media\\Various Artists\\Featured Signal Collection\\01 - Credit Signal 1.mp3"]}
2026-09-19T05:10:28.8774072Z   ok 1 [functional] › tests\e2e\specs\albumTrackCredits.spec.js:132:1 › FTC-ALBUM-DETAILS-006 preserves mixed credits through an optimistic album-only split @area:album-details (14.3s)
2026-09-19T05:10:28.8978640Z [album-haven-playwright-result] {"version":1,"phase":"tests-complete","nonce":"34cdd9b561a475efdc21d56572e10cf3d1f2b64753aad6c4658346091010dac2","status":"passed","total":1,"completed":1,"failed":0,"skipped":0,"errors":0}
2026-09-19T05:10:28.9078519Z 
2026-09-19T05:10:29.5849650Z 
2026-09-19T05:10:29.5849676Z 
2026-09-19T05:10:29.5851811Z [album-haven-playwright-result] {"version":1,"phase":"run-final","nonce":"34cdd9b561a475efdc21d56572e10cf3d1f2b64753aad6c4658346091010dac2","status":"passed","total":1,"completed":1,"failed":0,"skipped":0,"errors":0}
2026-09-19T05:10:29.5853562Z   1 passed (22.1s)
2026-09-19T05:10:30.3485783Z 
2026-09-19T05:10:30.3486519Z === Playwright Summary ===
2026-09-19T05:10:30.3488027Z [[32m✓[0m] albumTrackCredits.spec
2026-09-19T05:10:30.3489875Z   [[32m✓[0m] FTC-ALBUM-DETAILS-006 preserves mixed credits through an optimistic album-only split @area:album-details
2026-09-19T05:10:30.3490869Z 
2026-09-19T05:10:30.3491105Z Overall: 1/1 passed
2026-09-19T05:10:35.4548919Z [playwright-wrapper-final-decision] {"wrapperExitCode":0,"attemptReturn":{"exitCode":0,"exitReason":"authoritative-pass"},"fakeDatabaseCleanup":{"status":"completed","error":null,"mode":"lock-only"},"scanAppCleanup":{"status":"not-required","error":null},"isolatedAppCleanup":{"status":"completed","error":null},"tempCleanup":{"status":"completed","error":null,"removedCount":1},"passivePortDiagnostics":[{"port":5200,"status":"completed","error":null,"ownerCount":0},{"port":5202,"status":"completed","error":null,"ownerCount":0}],"finalSummary":{"phase":"run-final","status":"passed","total":1,"completed":1,"failed":0,"skipped":0,"errors":0,"listOnly":false},"exitReason":"authoritative-pass"}
2026-09-19T05:10:37.1204487Z {"restored":1,"removed":0,"unchanged":1496}
2026-09-19T05:10:56.7985600Z Album Haven production E2E app listening on http://127.0.0.1:5200 with 0 artists, 0 albums, 0 tracks, and provider fixtures on http://127.0.0.1:5202
2026-09-19T05:10:58.2041518Z 2026-09-19 05:10:58,202 [INFO] music_app: Startup scan-cache hydration completed files=7200 albums=400
2026-09-19T05:10:58.2043203Z 2026-09-19 05:10:58,202 [INFO] music_app: Legacy album exclusions migrated albums=1 removed_rules=18 created_rules=1
2026-09-19T05:10:58.6835663Z 2026-09-19 05:10:58,682 [INFO] music_app: Relation projection startup readiness ready=true rebuilt=true reason=missing_projection builder_version=local-relation-builder-v9 source_row_count=7438 duration_ms=441.59 source_load=137.09 fingerprint=57.46 pure_build=140.26 family_link_replacement=7.53 snapshot_publication=1.58
2026-09-19T05:10:59.9174238Z 2026-09-19 05:10:59,916 [INFO] music_app: {"action": "Index request completed", "album_count": 0, "artist_count": 0, "bootstrap_mode": "fresh_preview", "covers_in_progress": false, "elapsed_ms": 403.42, "hydrate_in_progress": false, "payload_elapsed_ms": 164.12, "query": "", "scan_in_progress": false, "selected_artist": ""}
2026-09-19T05:11:25.9619072Z 
2026-09-19T05:11:25.9620362Z Running 1 test using 1 worker
2026-09-19T05:11:25.9652438Z 
2026-09-19T05:11:29.3125472Z 2026-09-19 05:11:29,311 [INFO] music_app: {"action": "Index request completed", "album_count": 0, "artist_count": 0, "bootstrap_mode": "fresh_preview", "covers_in_progress": false, "elapsed_ms": 322.96, "hydrate_in_progress": false, "payload_elapsed_ms": 196.18, "query": "", "scan_in_progress": false, "selected_artist": ""}
2026-09-19T05:11:32.4271974Z [TEST] FTC-PLAYER-012 reopens a Various Artists album from player artwork after playing a credited track
2026-09-19T05:11:32.4428015Z   [STEP] Start the Solo Voice track from the generated Various Artists album
2026-09-19T05:11:32.8264211Z 2026-09-19 05:11:32,824 [INFO] music_app: {"action": "Index request completed", "album_count": 0, "artist_count": 0, "bootstrap_mode": "fresh_preview", "covers_in_progress": false, "elapsed_ms": 291.73, "hydrate_in_progress": false, "payload_elapsed_ms": 179.53, "query": "", "scan_in_progress": false, "selected_artist": ""}
2026-09-19T05:11:35.7908684Z 2026-09-19 05:11:35,603 [INFO] music_app: {"action": "Postgres album search request started", "query": "Featured Signal Collection"}
2026-09-19T05:11:35.7916777Z 2026-09-19 05:11:35,740 [INFO] music_app: {"action": "View data request completed", "album_count": 1, "artist_count": 1, "elapsed_ms": 137.16, "query": "Featured Signal Collection", "selected_artist": "Various Artists"}
2026-09-19T05:11:38.5794450Z   [PASS] Start the Solo Voice track from the generated Various Artists album (6155 ms)
2026-09-19T05:11:38.5829482Z   [STEP] Close album details and reopen the same Various Artists album from player artwork
2026-09-19T05:11:39.3253424Z   [PASS] Close album details and reopen the same Various Artists album from player artwork (751 ms)
2026-09-19T05:11:39.3852315Z   ok 1 [functional] › tests\e2e\specs\albumTrackCredits.spec.js:219:1 › FTC-PLAYER-012 reopens a Various Artists album from player artwork after playing a credited track @area:playback (7.4s)
2026-09-19T05:11:39.3912792Z [album-haven-playwright-result] {"version":1,"phase":"tests-complete","nonce":"9722f0c3b84f72d16e0ce6ae06bc962e324993901a360dcabdd4d9026605a35b","status":"passed","total":1,"completed":1,"failed":0,"skipped":0,"errors":0}
2026-09-19T05:11:39.9819153Z 
2026-09-19T05:11:39.9819210Z 
2026-09-19T05:11:39.9819221Z 
2026-09-19T05:11:39.9821198Z [album-haven-playwright-result] {"version":1,"phase":"run-final","nonce":"9722f0c3b84f72d16e0ce6ae06bc962e324993901a360dcabdd4d9026605a35b","status":"passed","total":1,"completed":1,"failed":0,"skipped":0,"errors":0}
2026-09-19T05:11:39.9822917Z   1 passed (14.8s)
2026-09-19T05:11:40.4411766Z 
2026-09-19T05:11:40.4412406Z === Playwright Summary ===
2026-09-19T05:11:40.4413386Z [[32m✓[0m] albumTrackCredits.spec
2026-09-19T05:11:40.4414731Z   [[32m✓[0m] FTC-PLAYER-012 reopens a Various Artists album from player artwork after playing a credited track @area:playback
2026-09-19T05:11:40.4415972Z 
2026-09-19T05:11:40.4416210Z Overall: 1/1 passed
2026-09-19T05:11:45.8471350Z [playwright-wrapper-final-decision] {"wrapperExitCode":0,"attemptReturn":{"exitCode":0,"exitReason":"authoritative-pass"},"fakeDatabaseCleanup":{"status":"completed","error":null,"mode":"lock-only"},"scanAppCleanup":{"status":"not-required","error":null},"isolatedAppCleanup":{"status":"completed","error":null},"tempCleanup":{"status":"completed","error":null,"removedCount":1},"passivePortDiagnostics":[{"port":5200,"status":"completed","error":null,"ownerCount":0},{"port":5202,"status":"completed","error":null,"ownerCount":0}],"finalSummary":{"phase":"run-final","status":"passed","total":1,"completed":1,"failed":0,"skipped":0,"errors":0,"listOnly":false},"exitReason":"authoritative-pass"}
2026-09-19T05:11:47.6631092Z {"restored":0,"removed":0,"unchanged":1497}
2026-09-19T05:12:07.3177119Z Album Haven production E2E app listening on http://127.0.0.1:5200 with 0 artists, 0 albums, 0 tracks, and provider fixtures on http://127.0.0.1:5202
2026-09-19T05:12:08.7379689Z 2026-09-19 05:12:08,736 [INFO] music_app: Startup scan-cache hydration completed files=7200 albums=400
2026-09-19T05:12:08.7380896Z 2026-09-19 05:12:08,736 [INFO] music_app: Legacy album exclusions migrated albums=1 removed_rules=18 created_rules=1
2026-09-19T05:12:09.2194109Z 2026-09-19 05:12:09,218 [INFO] music_app: Relation projection startup readiness ready=true rebuilt=true reason=missing_projection builder_version=local-relation-builder-v9 source_row_count=7438 duration_ms=445.23 source_load=136.00 fingerprint=58.94 pure_build=140.03 family_link_replacement=7.82 snapshot_publication=1.75
2026-09-19T05:12:10.4641209Z 2026-09-19 05:12:10,462 [INFO] music_app: {"action": "Index request completed", "album_count": 0, "artist_count": 0, "bootstrap_mode": "fresh_preview", "covers_in_progress": false, "elapsed_ms": 411.39, "hydrate_in_progress": false, "payload_elapsed_ms": 169.6, "query": "", "scan_in_progress": false, "selected_artist": ""}
2026-09-19T05:12:36.7372656Z 
2026-09-19T05:12:36.7373629Z Running 1 test using 1 worker
2026-09-19T05:12:36.7404473Z 
2026-09-19T05:12:40.2116200Z 2026-09-19 05:12:40,210 [INFO] music_app: {"action": "Index request completed", "album_count": 0, "artist_count": 0, "bootstrap_mode": "fresh_preview", "covers_in_progress": false, "elapsed_ms": 378.17, "hydrate_in_progress": false, "payload_elapsed_ms": 255.38, "query": "", "scan_in_progress": false, "selected_artist": ""}
2026-09-19T05:12:43.1380103Z [TEST] FTC-TAGS-015 preserves the surrounding DDT gallery through five Ремиксы rerenders
2026-09-19T05:12:43.2430042Z   [STEP] Open the ten-track Ремиксы fixture among the surrounding DDT album cards
2026-09-19T05:12:43.9472212Z 2026-09-19 05:12:43,946 [INFO] music_app: {"action": "Index request completed", "album_count": 0, "artist_count": 0, "bootstrap_mode": "fresh_preview", "covers_in_progress": false, "elapsed_ms": 585.97, "hydrate_in_progress": false, "payload_elapsed_ms": 366.45, "query": "", "scan_in_progress": false, "selected_artist": "\u0414\u0414\u0422"}
2026-09-19T05:12:53.0620485Z   [PASS] Open the ten-track Ремиксы fixture among the surrounding DDT album cards (9771 ms)
2026-09-19T05:12:53.0623267Z   [STEP] Move 07. Милиционер в рок-клубе.mp3 to Ремиксы6 and verify both live cards
2026-09-19T05:12:54.9902953Z 2026-09-19 05:12:54,965 [INFO] music_app: {"action": "Tags edited", "album": "\u0420\u0435\u043c\u0438\u043a\u0441\u044b", "artist": "\u0414\u0414\u0422", "file_count": 1, "files": ["D:\\a\\_temp\\album-haven-e2e-functional-fixtures-gallery-search-visual\\shared\\media\\\u0414\u0414\u0422\\\u0420\u0435\u043c\u0438\u043a\u0441\u044b\\07. \u041c\u0438\u043b\u0438\u0446\u0438\u043e\u043d\u0435\u0440 \u0432 \u0440\u043e\u043a-\u043a\u043b\u0443\u0431\u0435.mp3"]}
2026-09-19T05:12:59.7694650Z   [PASS] Move 07. Милиционер в рок-клубе.mp3 to Ремиксы6 and verify both live cards (6772 ms)
2026-09-19T05:12:59.7696436Z   [STEP] Move 06. В последнюю осень.mp3 to Ремиксы6 and verify both live cards
2026-09-19T05:13:01.9276189Z 2026-09-19 05:13:01,926 [INFO] music_app: {"action": "Tags edited", "album": "\u0420\u0435\u043c\u0438\u043a\u0441\u044b", "artist": "\u0414\u0414\u0422", "file_count": 1, "files": ["D:\\a\\_temp\\album-haven-e2e-functional-fixtures-gallery-search-visual\\shared\\media\\\u0414\u0414\u0422\\\u0420\u0435\u043c\u0438\u043a\u0441\u044b\\06. \u0412 \u043f\u043e\u0441\u043b\u0435\u0434\u043d\u044e\u044e \u043e\u0441\u0435\u043d\u044c.mp3"]}
2026-09-19T05:13:05.1924058Z   [PASS] Move 06. В последнюю осень.mp3 to Ремиксы6 and verify both live cards (5423 ms)
2026-09-19T05:13:05.1925844Z   [STEP] Move 03. Конвейер.mp3 to Ремиксы6 and verify both live cards
2026-09-19T05:13:06.9388033Z 2026-09-19 05:13:06,937 [INFO] music_app: {"action": "Tags edited", "album": "\u0420\u0435\u043c\u0438\u043a\u0441\u044b", "artist": "\u0414\u0414\u0422", "file_count": 1, "files": ["D:\\a\\_temp\\album-haven-e2e-functional-fixtures-gallery-search-visual\\shared\\media\\\u0414\u0414\u0422\\\u0420\u0435\u043c\u0438\u043a\u0441\u044b\\03. \u041a\u043e\u043d\u0432\u0435\u0439\u0435\u0440.mp3"]}
2026-09-19T05:13:11.4418458Z   [PASS] Move 03. Конвейер.mp3 to Ремиксы6 and verify both live cards (6249 ms)
2026-09-19T05:13:11.4419871Z   [STEP] Move 09. Мальчик слепой.mp3 to Ремиксы6 and verify both live cards
2026-09-19T05:13:14.4252684Z 2026-09-19 05:13:14,423 [INFO] music_app: {"action": "Tags edited", "album": "\u0420\u0435\u043c\u0438\u043a\u0441\u044b", "artist": "\u0414\u0414\u0422", "file_count": 1, "files": ["D:\\a\\_temp\\album-haven-e2e-functional-fixtures-gallery-search-visual\\shared\\media\\\u0414\u0414\u0422\\\u0420\u0435\u043c\u0438\u043a\u0441\u044b\\09. \u041c\u0430\u043b\u044c\u0447\u0438\u043a \u0441\u043b\u0435\u043f\u043e\u0439.mp3"]}
2026-09-19T05:13:18.7838079Z   [PASS] Move 09. Мальчик слепой.mp3 to Ремиксы6 and verify both live cards (7342 ms)
2026-09-19T05:13:18.7839704Z   [STEP] Move 08. Революция.mp3 to Ремиксы6 and verify both live cards
2026-09-19T05:13:20.6309081Z 2026-09-19 05:13:20,629 [INFO] music_app: {"action": "Tags edited", "album": "\u0420\u0435\u043c\u0438\u043a\u0441\u044b", "artist": "\u0414\u0414\u0422", "file_count": 1, "files": ["D:\\a\\_temp\\album-haven-e2e-functional-fixtures-gallery-search-visual\\shared\\media\\\u0414\u0414\u0422\\\u0420\u0435\u043c\u0438\u043a\u0441\u044b\\08. \u0420\u0435\u0432\u043e\u043b\u044e\u0446\u0438\u044f.mp3"]}
2026-09-19T05:13:24.8684214Z   [PASS] Move 08. Революция.mp3 to Ремиксы6 and verify both live cards (6084 ms)
2026-09-19T05:13:24.8685518Z   [STEP] Restore all five tracks in one merge and retain every unrelated DDT card
2026-09-19T05:13:27.0186274Z 2026-09-19 05:13:27,015 [INFO] music_app: {"action": "Tags edited", "album": "\u0420\u0435\u043c\u0438\u043a\u0441\u044b6", "artist": "\u0414\u0414\u0422", "file_count": 5, "files": ["D:\\a\\_temp\\album-haven-e2e-functional-fixtures-gallery-search-visual\\shared\\media\\\u0414\u0414\u0422\\\u0420\u0435\u043c\u0438\u043a\u0441\u044b\\03. \u041a\u043e\u043d\u0432\u0435\u0439\u0435\u0440.mp3", "D:\\a\\_temp\\album-haven-e2e-functional-fixtures-gallery-search-visual\\shared\\media\\\u0414\u0414\u0422\\\u0420\u0435\u043c\u0438\u043a\u0441\u044b\\06. \u0412 \u043f\u043e\u0441\u043b\u0435\u0434\u043d\u044e\u044e \u043e\u0441\u0435\u043d\u044c.mp3", "D:\\a\\_temp\\album-haven-e2e-functional-fixtures-gallery-search-visual\\shared\\media\\\u0414\u0414\u0422\\\u0420\u0435\u043c\u0438\u043a\u0441\u044b\\07. \u041c\u0438\u043b\u0438\u0446\u0438\u043e\u043d\u0435\u0440 \u0432 \u0440\u043e\u043a-\u043a\u043b\u0443\u0431\u0435.mp3", "D:\\a\\_temp\\album-haven-e2e-functional-fixtures-gallery-search-visual\\shared\\media\\\u0414\u0414\u0422\\\u0420\u0435\u043c\u0438\u043a\u0441\u044b\\08. \u0420\u0435\u0432\u043e\u043b\u044e\u0446\u0438\u044f.mp3", "D:\\a\\_temp\\album-haven-e2e-functional-fixtures-gallery-search-visual\\shared\\media\\\u0414\u0414\u0422\\\u0420\u0435\u043c\u0438\u043a\u0441\u044b\\09. \u041c\u0430\u043b\u044c\u0447\u0438\u043a \u0441\u043b\u0435\u043f\u043e\u0439.mp3"]}
2026-09-19T05:13:29.4610144Z   [PASS] Restore all five tracks in one merge and retain every unrelated DDT card (4593 ms)
2026-09-19T05:13:29.4611416Z   [STEP] Verify physical tags and a fresh-browser ten-track view
2026-09-19T05:13:30.6425870Z 2026-09-19 05:13:30,641 [INFO] music_app: {"action": "Index request completed", "album_count": 0, "artist_count": 0, "bootstrap_mode": "fresh_preview", "covers_in_progress": false, "elapsed_ms": 662.9, "hydrate_in_progress": false, "payload_elapsed_ms": 443.2, "query": "", "scan_in_progress": false, "selected_artist": "\u0414\u0414\u0422"}
2026-09-19T05:13:35.5978299Z   [PASS] Verify physical tags and a fresh-browser ten-track view (6137 ms)
2026-09-19T05:13:35.7398003Z   ok 1 [functional] › tests\e2e\specs\ddtRemixesRenderer.spec.js:30:1 › FTC-TAGS-015 preserves the surrounding DDT gallery through five Ремиксы rerenders @area:tag-edit (52.9s)
2026-09-19T05:13:35.7423044Z [album-haven-playwright-result] {"version":1,"phase":"tests-complete","nonce":"6312c96e03250cad02ad6ebbc6a43fd056301ce51953788f589763569d5181ea","status":"passed","total":1,"completed":1,"failed":0,"skipped":0,"errors":0}
2026-09-19T05:13:36.3737917Z 
2026-09-19T05:13:36.3737937Z 
2026-09-19T05:13:36.3738300Z 
2026-09-19T05:13:36.3739774Z [album-haven-playwright-result] {"version":1,"phase":"run-final","nonce":"6312c96e03250cad02ad6ebbc6a43fd056301ce51953788f589763569d5181ea","status":"passed","total":1,"completed":1,"failed":0,"skipped":0,"errors":0}
2026-09-19T05:13:36.3740980Z   1 passed (1.0m)
2026-09-19T05:13:36.8041919Z 
2026-09-19T05:13:36.8042608Z === Playwright Summary ===
2026-09-19T05:13:36.8043374Z [[32m✓[0m] ddtRemixesRenderer.spec
2026-09-19T05:13:36.8044219Z   [[32m✓[0m] FTC-TAGS-015 preserves the surrounding DDT gallery through five Ремиксы rerenders @area:tag-edit
2026-09-19T05:13:36.8044684Z 
2026-09-19T05:13:36.8044846Z Overall: 1/1 passed
2026-09-19T05:13:42.2702191Z [playwright-wrapper-final-decision] {"wrapperExitCode":0,"attemptReturn":{"exitCode":0,"exitReason":"authoritative-pass"},"fakeDatabaseCleanup":{"status":"completed","error":null,"mode":"lock-only"},"scanAppCleanup":{"status":"not-required","error":null},"isolatedAppCleanup":{"status":"completed","error":null},"tempCleanup":{"status":"completed","error":null,"removedCount":1},"passivePortDiagnostics":[{"port":5200,"status":"completed","error":null,"ownerCount":0},{"port":5202,"status":"completed","error":null,"ownerCount":0}],"finalSummary":{"phase":"run-final","status":"passed","total":1,"completed":1,"failed":0,"skipped":0,"errors":0,"listOnly":false},"exitReason":"authoritative-pass"}
2026-09-19T05:13:44.0287702Z {"restored":5,"removed":0,"unchanged":1492}
2026-09-19T05:14:05.8546038Z Album Haven production E2E app listening on http://127.0.0.1:5200 with 0 artists, 0 albums, 0 tracks, and provider fixtures on http://127.0.0.1:5202
2026-09-19T05:14:07.4992995Z 2026-09-19 05:14:07,497 [INFO] music_app: Startup scan-cache hydration completed files=7200 albums=400
2026-09-19T05:14:07.4994079Z 2026-09-19 05:14:07,497 [INFO] music_app: Legacy album exclusions migrated albums=1 removed_rules=18 created_rules=1
2026-09-19T05:14:07.9910225Z 2026-09-19 05:14:07,989 [INFO] music_app: Relation projection startup readiness ready=true rebuilt=true reason=missing_projection builder_version=local-relation-builder-v9 source_row_count=7438 duration_ms=455.27 source_load=137.66 fingerprint=60.10 pure_build=147.30 family_link_replacement=8.29 snapshot_publication=2.29
2026-09-19T05:14:09.3004210Z 2026-09-19 05:14:09,299 [INFO] music_app: {"action": "Index request completed", "album_count": 0, "artist_count": 0, "bootstrap_mode": "fresh_preview", "covers_in_progress": false, "elapsed_ms": 420.62, "hydrate_in_progress": false, "payload_elapsed_ms": 173.0, "query": "", "scan_in_progress": false, "selected_artist": ""}
2026-09-19T05:14:34.1334176Z 
2026-09-19T05:14:34.1335018Z Running 1 test using 1 worker
2026-09-19T05:14:34.1380797Z 
2026-09-19T05:14:37.3927752Z 2026-09-19 05:14:37,390 [INFO] music_app: {"action": "Index request completed", "album_count": 0, "artist_count": 0, "bootstrap_mode": "fresh_preview", "covers_in_progress": false, "elapsed_ms": 321.39, "hydrate_in_progress": false, "payload_elapsed_ms": 188.39, "query": "", "scan_in_progress": false, "selected_artist": ""}
2026-09-19T05:14:40.3645559Z [TEST] FTC-PLAYER-010 keeps player artwork decoded and limits its full-art view to the active album
2026-09-19T05:14:40.3647493Z   [STEP] Open the known Joseph release and start playback through its real track control
2026-09-19T05:14:40.7932719Z 2026-09-19 05:14:40,791 [INFO] music_app: {"action": "Index request completed", "album_count": 0, "artist_count": 0, "bootstrap_mode": "fresh_preview", "covers_in_progress": false, "elapsed_ms": 295.93, "hydrate_in_progress": false, "payload_elapsed_ms": 181.27, "query": "", "scan_in_progress": false, "selected_artist": ""}
2026-09-19T05:14:43.9839422Z 2026-09-19 05:14:43,630 [INFO] music_app: {"action": "Postgres album search request started", "query": "Joseph"}
2026-09-19T05:14:43.9847950Z 2026-09-19 05:14:43,907 [INFO] music_app: {"action": "View data request completed", "album_count": 41, "artist_count": 5, "elapsed_ms": 276.45, "query": "Joseph", "selected_artist": "Neal Morse"}
2026-09-19T05:14:52.1176927Z   [PASS] Open the known Joseph release and start playback through its real track control (11625 ms)
2026-09-19T05:14:52.1789267Z   [STEP] Verify the player cover decoded from the same production album artwork
2026-09-19T05:14:52.1984317Z   [PASS] Verify the player cover decoded from the same production album artwork (121 ms)
2026-09-19T05:14:52.2144845Z   [STEP] Restore the multi-album artist gallery before opening the player artwork
2026-09-19T05:14:54.2716023Z   [PASS] Restore the multi-album artist gallery before opening the player artwork (2132 ms)
2026-09-19T05:14:54.3420990Z   [STEP] Keep full-gallery navigation when the album is opened through the ordinary gallery
2026-09-19T05:14:55.9042207Z   [PASS] Keep full-gallery navigation when the album is opened through the ordinary gallery (1661 ms)
2026-09-19T05:14:55.9043995Z   [STEP] Open the player album and show only its cover in the full-art view
2026-09-19T05:14:58.3360446Z   [PASS] Open the player album and show only its cover in the full-art view (2447 ms)
2026-09-19T05:14:58.4502263Z   ok 1 [functional] › tests\e2e\specs\galleryCoverStability.spec.js:234:1 › FTC-PLAYER-010 keeps player artwork decoded and limits its full-art view to the active album @area:playback (18.4s)
2026-09-19T05:14:58.4532203Z [album-haven-playwright-result] {"version":1,"phase":"tests-complete","nonce":"3b9724b118433936b1f09d9f675d77ab17a0be96a9cb1a3251ef6a34cff2bca7","status":"passed","total":1,"completed":1,"failed":0,"skipped":0,"errors":0}
2026-09-19T05:14:58.4610845Z 
2026-09-19T05:14:59.1294600Z 
2026-09-19T05:14:59.1294841Z 
2026-09-19T05:14:59.1297352Z [album-haven-playwright-result] {"version":1,"phase":"run-final","nonce":"3b9724b118433936b1f09d9f675d77ab17a0be96a9cb1a3251ef6a34cff2bca7","status":"passed","total":1,"completed":1,"failed":0,"skipped":0,"errors":0}
2026-09-19T05:14:59.1299379Z   1 passed (25.8s)
2026-09-19T05:14:59.6151499Z 
2026-09-19T05:14:59.6152225Z === Playwright Summary ===
2026-09-19T05:14:59.6153663Z [[32m✓[0m] galleryCoverStability.spec
2026-09-19T05:14:59.6155226Z   [[32m✓[0m] FTC-PLAYER-010 keeps player artwork decoded and limits its full-art view to the active album @area:playback
2026-09-19T05:14:59.6156142Z 
2026-09-19T05:14:59.6156417Z Overall: 1/1 passed
2026-09-19T05:15:05.1784660Z [playwright-wrapper-final-decision] {"wrapperExitCode":0,"attemptReturn":{"exitCode":0,"exitReason":"authoritative-pass"},"fakeDatabaseCleanup":{"status":"completed","error":null,"mode":"lock-only"},"scanAppCleanup":{"status":"not-required","error":null},"isolatedAppCleanup":{"status":"completed","error":null},"tempCleanup":{"status":"completed","error":null,"removedCount":1},"passivePortDiagnostics":[{"port":5200,"status":"completed","error":null,"ownerCount":0},{"port":5202,"status":"completed","error":null,"ownerCount":0}],"finalSummary":{"phase":"run-final","status":"passed","total":1,"completed":1,"failed":0,"skipped":0,"errors":0,"listOnly":false},"exitReason":"authoritative-pass"}
2026-09-19T05:15:06.9363659Z {"restored":0,"removed":0,"unchanged":1497}
2026-09-19T05:15:26.5531562Z Album Haven production E2E app listening on http://127.0.0.1:5200 with 0 artists, 0 albums, 0 tracks, and provider fixtures on http://127.0.0.1:5202
2026-09-19T05:15:28.0646385Z 2026-09-19 05:15:28,063 [INFO] music_app: Startup scan-cache hydration completed files=7200 albums=400
2026-09-19T05:15:28.0647482Z 2026-09-19 05:15:28,063 [INFO] music_app: Legacy album exclusions migrated albums=1 removed_rules=18 created_rules=1
2026-09-19T05:15:28.5514262Z 2026-09-19 05:15:28,549 [INFO] music_app: Relation projection startup readiness ready=true rebuilt=true reason=missing_projection builder_version=local-relation-builder-v9 source_row_count=7438 duration_ms=451.07 source_load=136.98 fingerprint=58.42 pure_build=144.26 family_link_replacement=7.87 snapshot_publication=1.68
2026-09-19T05:15:29.7370938Z 2026-09-19 05:15:29,735 [INFO] music_app: {"action": "Index request completed", "album_count": 0, "artist_count": 0, "bootstrap_mode": "fresh_preview", "covers_in_progress": false, "elapsed_ms": 395.1, "hydrate_in_progress": false, "payload_elapsed_ms": 165.18, "query": "", "scan_in_progress": false, "selected_artist": ""}
2026-09-19T05:15:52.8366807Z 
2026-09-19T05:15:52.8368011Z Running 1 test using 1 worker
2026-09-19T05:15:52.8399132Z 
2026-09-19T05:15:55.7935926Z 2026-09-19 05:15:55,792 [INFO] music_app: {"action": "Index request completed", "album_count": 0, "artist_count": 0, "bootstrap_mode": "fresh_preview", "covers_in_progress": false, "elapsed_ms": 370.17, "hydrate_in_progress": false, "payload_elapsed_ms": 164.65, "query": "", "scan_in_progress": false, "selected_artist": ""}
2026-09-19T05:15:58.3504612Z [TEST] FTC-GALLERY-031 preserves startup totals, search suggestions, covers and hover-year interactions
2026-09-19T05:15:58.3506378Z   [STEP] Server first paint shows known totals before any JavaScript hydration
2026-09-19T05:15:58.7351138Z 2026-09-19 05:15:58,733 [INFO] music_app: {"action": "Index request completed", "album_count": 0, "artist_count": 0, "bootstrap_mode": "fresh_preview", "covers_in_progress": false, "elapsed_ms": 272.63, "hydrate_in_progress": false, "payload_elapsed_ms": 160.38, "query": "", "scan_in_progress": false, "selected_artist": ""}
2026-09-19T05:16:00.2138823Z   [PASS] Server first paint shows known totals before any JavaScript hydration (1866 ms)
2026-09-19T05:16:01.1954610Z   [STEP] Artist Family is hidden at *** and closes when returning from a selected artist
2026-09-19T05:16:03.1996682Z   [PASS] Artist Family is hidden at *** and closes when returning from a selected artist (2005 ms)
2026-09-19T05:16:03.2001002Z   [STEP] A search paints usable covers without switching artists
2026-09-19T05:16:03.3971768Z 2026-09-19 05:16:03,365 [INFO] music_app: {"action": "Postgres album search request started", "query": "Neal Morse"}
2026-09-19T05:16:03.6503148Z 2026-09-19 05:16:03,612 [INFO] music_app: {"action": "View data request completed", "album_count": 50, "artist_count": 5, "elapsed_ms": 246.32, "query": "Neal Morse", "selected_artist": "Neal Morse"}
2026-09-19T05:16:04.0983432Z   [PASS] A search paints usable covers without switching artists (898 ms)
2026-09-19T05:16:04.0985382Z   [STEP] Search history opens by click and after clearing, with a flat neutral hover
2026-09-19T05:16:04.6140020Z 2026-09-19 05:16:04,609 [INFO] music_app: {"action": "Postgres album search request started", "query": "Neal"}
2026-09-19T05:16:04.9749754Z 2026-09-19 05:16:04,845 [INFO] music_app: {"action": "Postgres album search request started", "query": "Neal Morse"}
2026-09-19T05:16:04.9752601Z 2026-09-19 05:16:04,905 [INFO] music_app: {"action": "View data request completed", "album_count": 50, "artist_count": 5, "elapsed_ms": 296.71, "query": "Neal", "selected_artist": "Neal Morse"}
2026-09-19T05:16:05.1243400Z 2026-09-19 05:16:05,110 [INFO] music_app: {"action": "View data request completed", "album_count": 50, "artist_count": 5, "elapsed_ms": 265.17, "query": "Neal Morse", "selected_artist": "Neal Morse"}
2026-09-19T05:16:05.4483470Z   [PASS] Search history opens by click and after clearing, with a flat neutral hover (1349 ms)
2026-09-19T05:16:05.4485660Z   [STEP] Year appears only on No info hover with white text, black stroke and blue gap tips
2026-09-19T05:16:07.5224707Z   [PASS] Year appears only on No info hover with white text, black stroke and blue gap tips (2006 ms)
2026-09-19T05:16:07.5227641Z   [STEP] Info text has visible selection during drag and cannot select gallery cards
2026-09-19T05:16:09.3299187Z   [PASS] Info text has visible selection during drag and cannot select gallery cards (1875 ms)
2026-09-19T05:16:09.4110685Z   ok 1 [functional] › tests\e2e\specs\galleryInteractionRegressions.spec.js:12:1 › FTC-GALLERY-031 preserves startup totals, search suggestions, covers and hover-year interactions @area:gallery-search (11.3s)
2026-09-19T05:16:09.4132620Z [album-haven-playwright-result] {"version":1,"phase":"tests-complete","nonce":"d3db2cb3f9c845aadfa9b3dda3663b0912cff55c3579bebfa392fba19531a1d5","status":"passed","total":1,"completed":1,"failed":0,"skipped":0,"errors":0}
2026-09-19T05:16:09.9797322Z 
2026-09-19T05:16:09.9797344Z 
2026-09-19T05:16:09.9797391Z 
2026-09-19T05:16:09.9800663Z [album-haven-playwright-result] {"version":1,"phase":"run-final","nonce":"d3db2cb3f9c845aadfa9b3dda3663b0912cff55c3579bebfa392fba19531a1d5","status":"passed","total":1,"completed":1,"failed":0,"skipped":0,"errors":0}
2026-09-19T05:16:09.9802450Z   1 passed (17.8s)
2026-09-19T05:16:10.4018462Z 
2026-09-19T05:16:10.4019537Z === Playwright Summary ===
2026-09-19T05:16:10.4020692Z [[32m✓[0m] galleryInteractionRegressions.spec
2026-09-19T05:16:10.4021817Z   [[32m✓[0m] FTC-GALLERY-031 preserves startup totals, search suggestions, covers and hover-year interactions @area:gallery-search
2026-09-19T05:16:10.4022555Z 
2026-09-19T05:16:10.4022745Z Overall: 1/1 passed
2026-09-19T05:16:15.4620954Z [playwright-wrapper-final-decision] {"wrapperExitCode":0,"attemptReturn":{"exitCode":0,"exitReason":"authoritative-pass"},"fakeDatabaseCleanup":{"status":"completed","error":null,"mode":"lock-only"},"scanAppCleanup":{"status":"not-required","error":null},"isolatedAppCleanup":{"status":"completed","error":null},"tempCleanup":{"status":"completed","error":null,"removedCount":1},"passivePortDiagnostics":[{"port":5200,"status":"completed","error":null,"ownerCount":0},{"port":5202,"status":"completed","error":null,"ownerCount":0}],"finalSummary":{"phase":"run-final","status":"passed","total":1,"completed":1,"failed":0,"skipped":0,"errors":0,"listOnly":false},"exitReason":"authoritative-pass"}
2026-09-19T05:16:17.1349874Z {"restored":0,"removed":0,"unchanged":1497}
2026-09-19T05:16:37.0492332Z Album Haven production E2E app listening on http://127.0.0.1:5200 with 0 artists, 0 albums, 0 tracks, and provider fixtures on http://127.0.0.1:5202
2026-09-19T05:16:38.3593077Z 2026-09-19 05:16:38,356 [INFO] music_app: Startup scan-cache hydration completed files=7200 albums=400
2026-09-19T05:16:38.3594721Z 2026-09-19 05:16:38,356 [INFO] music_app: Legacy album exclusions migrated albums=1 removed_rules=18 created_rules=1
2026-09-19T05:16:38.8472811Z 2026-09-19 05:16:38,845 [INFO] music_app: Relation projection startup readiness ready=true rebuilt=true reason=missing_projection builder_version=local-relation-builder-v9 source_row_count=7438 duration_ms=453.26 source_load=139.07 fingerprint=59.21 pure_build=147.10 family_link_replacement=7.63 snapshot_publication=1.62
2026-09-19T05:16:40.1444035Z 2026-09-19 05:16:40,142 [INFO] music_app: {"action": "Index request completed", "album_count": 0, "artist_count": 0, "bootstrap_mode": "fresh_preview", "covers_in_progress": false, "elapsed_ms": 398.84, "hydrate_in_progress": false, "payload_elapsed_ms": 164.79, "query": "", "scan_in_progress": false, "selected_artist": ""}
2026-09-19T05:17:06.0632403Z 
2026-09-19T05:17:06.0633309Z Running 1 test using 1 worker
2026-09-19T05:17:06.0670783Z 
2026-09-19T05:17:09.4664810Z 2026-09-19 05:17:09,464 [INFO] music_app: {"action": "Index request completed", "album_count": 0, "artist_count": 0, "bootstrap_mode": "fresh_preview", "covers_in_progress": false, "elapsed_ms": 327.39, "hydrate_in_progress": false, "payload_elapsed_ms": 184.95, "query": "", "scan_in_progress": false, "selected_artist": ""}
2026-09-19T05:17:12.4432728Z [TEST] FTC-GALLERY-032 hydrates version tracks and preserves table playback, selection and fixed modal identity
2026-09-19T05:17:13.1085996Z 2026-09-19 05:17:13,107 [INFO] music_app: {"action": "Index request completed", "album_count": 0, "artist_count": 0, "bootstrap_mode": "fresh_preview", "covers_in_progress": false, "elapsed_ms": 268.7, "hydrate_in_progress": false, "payload_elapsed_ms": 154.39, "query": "", "scan_in_progress": false, "selected_artist": ""}
2026-09-19T05:17:16.2519499Z 2026-09-19 05:17:16,033 [INFO] music_app: {"action": "Postgres album search request started", "query": "Various Artists"}
2026-09-19T05:17:16.2988057Z 2026-09-19 05:17:16,197 [INFO] music_app: {"action": "View data request completed", "album_count": 29, "artist_count": 9, "elapsed_ms": 165.16, "query": "Various Artists", "selected_artist": "Various Artists"}
2026-09-19T05:17:18.8922400Z   [STEP] Preview version switching fetches full track details on first opening
2026-09-19T05:17:19.7142842Z   [PASS] Preview version switching fetches full track details on first opening (1116 ms)
2026-09-19T05:17:19.7242652Z   [STEP] Number swaps to animated Play on any row hover, with aligned header and hand cursor
2026-09-19T05:17:19.8741594Z   [PASS] Number swaps to animated Play on any row hover, with aligned header and hand cursor (253 ms)
2026-09-19T05:17:19.8743503Z   [STEP] Double-click plays without a word highlight; dragging still selects copyable text
2026-09-19T05:17:22.1590460Z   [PASS] Double-click plays without a word highlight; dragging still selects copyable text (2269 ms)
2026-09-19T05:17:22.1611764Z   [STEP] Only the table scrolls; header and art stay fixed
2026-09-19T05:17:22.6350379Z   [PASS] Only the table scrolls; header and art stay fixed (491 ms)
2026-09-19T05:17:22.8330780Z   ok 1 [functional] › tests\e2e\specs\galleryInteractionRegressions.spec.js:113:1 › FTC-GALLERY-032 hydrates version tracks and preserves table playback, selection and fixed modal identity @area:album-details (10.7s)
2026-09-19T05:17:22.8383141Z [album-haven-playwright-result] {"version":1,"phase":"tests-complete","nonce":"c373661b61635903a1b161c6849aa1c6c6050555be08ed10d9bd8a1e3b896f70","status":"passed","total":1,"completed":1,"failed":0,"skipped":0,"errors":0}
2026-09-19T05:17:23.4872046Z 
2026-09-19T05:17:23.4872172Z 
2026-09-19T05:17:23.4872657Z 
2026-09-19T05:17:23.4874942Z [album-haven-playwright-result] {"version":1,"phase":"run-final","nonce":"c373661b61635903a1b161c6849aa1c6c6050555be08ed10d9bd8a1e3b896f70","status":"passed","total":1,"completed":1,"failed":0,"skipped":0,"errors":0}
2026-09-19T05:17:23.4877097Z   1 passed (18.3s)
2026-09-19T05:17:23.9594907Z 
2026-09-19T05:17:23.9596023Z === Playwright Summary ===
2026-09-19T05:17:23.9597126Z [[32m✓[0m] galleryInteractionRegressions.spec
2026-09-19T05:17:23.9599033Z   [[32m✓[0m] FTC-GALLERY-032 hydrates version tracks and preserves table playback, selection and fixed modal identity @area:album-details
2026-09-19T05:17:23.9600026Z 
2026-09-19T05:17:23.9600272Z Overall: 1/1 passed
2026-09-19T05:17:29.3536128Z [playwright-wrapper-final-decision] {"wrapperExitCode":0,"attemptReturn":{"exitCode":0,"exitReason":"authoritative-pass"},"fakeDatabaseCleanup":{"status":"completed","error":null,"mode":"lock-only"},"scanAppCleanup":{"status":"not-required","error":null},"isolatedAppCleanup":{"status":"completed","error":null},"tempCleanup":{"status":"completed","error":null,"removedCount":1},"passivePortDiagnostics":[{"port":5200,"status":"completed","error":null,"ownerCount":0},{"port":5202,"status":"completed","error":null,"ownerCount":0}],"finalSummary":{"phase":"run-final","status":"passed","total":1,"completed":1,"failed":0,"skipped":0,"errors":0,"listOnly":false},"exitReason":"authoritative-pass"}
2026-09-19T05:17:31.1193762Z {"restored":0,"removed":0,"unchanged":1497}
2026-09-19T05:17:52.1794552Z Album Haven production E2E app listening on http://127.0.0.1:5200 with 0 artists, 0 albums, 0 tracks, and provider fixtures on http://127.0.0.1:5202
2026-09-19T05:17:53.5178962Z 2026-09-19 05:17:53,516 [INFO] music_app: Startup scan-cache hydration completed files=7200 albums=400
2026-09-19T05:17:53.5180186Z 2026-09-19 05:17:53,516 [INFO] music_app: Legacy album exclusions migrated albums=1 removed_rules=18 created_rules=1
2026-09-19T05:17:54.0158542Z 2026-09-19 05:17:54,014 [INFO] music_app: Relation projection startup readiness ready=true rebuilt=true reason=missing_projection builder_version=local-relation-builder-v9 source_row_count=7438 duration_ms=461.70 source_load=137.28 fingerprint=58.91 pure_build=157.84 family_link_replacement=7.68 snapshot_publication=1.78
2026-09-19T05:17:55.0996461Z 2026-09-19 05:17:55,098 [INFO] music_app: {"action": "Index request completed", "album_count": 0, "artist_count": 0, "bootstrap_mode": "fresh_preview", "covers_in_progress": false, "elapsed_ms": 405.67, "hydrate_in_progress": false, "payload_elapsed_ms": 166.85, "query": "", "scan_in_progress": false, "selected_artist": ""}
2026-09-19T05:18:22.3023389Z 
2026-09-19T05:18:22.3024389Z Running 1 test using 1 worker
2026-09-19T05:18:22.3056097Z 
2026-09-19T05:18:25.7045301Z 2026-09-19 05:18:25,703 [INFO] music_app: {"action": "Index request completed", "album_count": 0, "artist_count": 0, "bootstrap_mode": "fresh_preview", "covers_in_progress": false, "elapsed_ms": 292.39, "hydrate_in_progress": false, "payload_elapsed_ms": 170.22, "query": "", "scan_in_progress": false, "selected_artist": ""}
2026-09-19T05:18:28.6683677Z [TEST] FTC-GALLERY-033 acknowledges warning alerts without hiding Scan health and resurfaces new warnings
2026-09-19T05:18:29.4086792Z 2026-09-19 05:18:29,407 [INFO] music_app: {"action": "Index request completed", "album_count": 0, "artist_count": 0, "bootstrap_mode": "fresh_preview", "covers_in_progress": false, "elapsed_ms": 267.1, "hydrate_in_progress": false, "payload_elapsed_ms": 144.35, "query": "", "scan_in_progress": false, "selected_artist": ""}
2026-09-19T05:18:32.1673483Z   [STEP] A warning icon opens the alert while Library stays green
2026-09-19T05:18:32.7813957Z   [PASS] A warning icon opens the alert while Library stays green (670 ms)
2026-09-19T05:18:32.7815352Z   [STEP] Dismiss survives reload but keeps the warning on Library/Scan
2026-09-19T05:18:33.7279946Z 2026-09-19 05:18:33,727 [INFO] music_app: {"action": "Index request completed", "album_count": 0, "artist_count": 0, "bootstrap_mode": "fresh_preview", "covers_in_progress": false, "elapsed_ms": 265.16, "hydrate_in_progress": false, "payload_elapsed_ms": 148.66, "query": "", "scan_in_progress": false, "selected_artist": ""}
2026-09-19T05:18:36.4109723Z   [PASS] Dismiss survives reload but keeps the warning on Library/Scan (3630 ms)
2026-09-19T05:18:36.4111284Z   [STEP] A distinct same-clock event resurfaces without an intervening healthy response
2026-09-19T05:18:39.2151931Z 2026-09-19 05:18:39,213 [INFO] music_app: {"action": "Index request completed", "album_count": 0, "artist_count": 0, "bootstrap_mode": "fresh_preview", "covers_in_progress": false, "elapsed_ms": 226.09, "hydrate_in_progress": false, "payload_elapsed_ms": 121.92, "query": "", "scan_in_progress": false, "selected_artist": ""}
2026-09-19T05:18:41.4346530Z   [PASS] A distinct same-clock event resurfaces without an intervening healthy response (5024 ms)
2026-09-19T05:18:41.4348278Z   [STEP] A new detection resurfaces the icon; resolving health removes the Scan notice
2026-09-19T05:18:41.8897176Z 2026-09-19 05:18:41,889 [INFO] music_app: {"action": "Index request completed", "album_count": 0, "artist_count": 0, "bootstrap_mode": "fresh_preview", "covers_in_progress": false, "elapsed_ms": 278.62, "hydrate_in_progress": false, "payload_elapsed_ms": 175.76, "query": "", "scan_in_progress": false, "selected_artist": ""}
2026-09-19T05:18:44.3255550Z 2026-09-19 05:18:44,324 [INFO] music_app: {"action": "Index request completed", "album_count": 0, "artist_count": 0, "bootstrap_mode": "fresh_preview", "covers_in_progress": false, "elapsed_ms": 227.83, "hydrate_in_progress": false, "payload_elapsed_ms": 124.2, "query": "", "scan_in_progress": false, "selected_artist": ""}
2026-09-19T05:18:46.4461236Z   [PASS] A new detection resurfaces the icon; resolving health removes the Scan notice (5011 ms)
2026-09-19T05:18:46.5790422Z   ok 1 [functional] › tests\e2e\specs\galleryInteractionRegressions.spec.js:199:1 › FTC-GALLERY-033 acknowledges warning alerts without hiding Scan health and resurfaces new warnings @area:gallery-search (18.2s)
2026-09-19T05:18:46.5794291Z [album-haven-playwright-result] {"version":1,"phase":"tests-complete","nonce":"205555683dcf7b6d5cd09e64f8d3ad275b0f12a3acc70aaa01a8babd189cd2cb","status":"passed","total":1,"completed":1,"failed":0,"skipped":0,"errors":0}
2026-09-19T05:18:47.1177391Z 
2026-09-19T05:18:47.1177644Z 
2026-09-19T05:18:47.1178515Z 
2026-09-19T05:18:47.1180845Z [album-haven-playwright-result] {"version":1,"phase":"run-final","nonce":"205555683dcf7b6d5cd09e64f8d3ad275b0f12a3acc70aaa01a8babd189cd2cb","status":"passed","total":1,"completed":1,"failed":0,"skipped":0,"errors":0}
2026-09-19T05:18:47.1183267Z   1 passed (25.7s)
2026-09-19T05:18:47.5556825Z 
2026-09-19T05:18:47.5557496Z === Playwright Summary ===
2026-09-19T05:18:47.5558399Z [[32m✓[0m] galleryInteractionRegressions.spec
2026-09-19T05:18:47.5559553Z   [[32m✓[0m] FTC-GALLERY-033 acknowledges warning alerts without hiding Scan health and resurfaces new warnings @area:gallery-search
2026-09-19T05:18:47.5560257Z 
2026-09-19T05:18:47.5560452Z Overall: 1/1 passed
2026-09-19T05:18:52.6411186Z [playwright-wrapper-final-decision] {"wrapperExitCode":0,"attemptReturn":{"exitCode":0,"exitReason":"authoritative-pass"},"fakeDatabaseCleanup":{"status":"completed","error":null,"mode":"lock-only"},"scanAppCleanup":{"status":"not-required","error":null},"isolatedAppCleanup":{"status":"completed","error":null},"tempCleanup":{"status":"completed","error":null,"removedCount":1},"passivePortDiagnostics":[{"port":5200,"status":"completed","error":null,"ownerCount":0},{"port":5202,"status":"completed","error":null,"ownerCount":0}],"finalSummary":{"phase":"run-final","status":"passed","total":1,"completed":1,"failed":0,"skipped":0,"errors":0,"listOnly":false},"exitReason":"authoritative-pass"}
2026-09-19T05:18:54.3033831Z {"restored":0,"removed":0,"unchanged":1497}
2026-09-19T05:19:15.5229090Z Album Haven production E2E app listening on http://127.0.0.1:5200 with 0 artists, 0 albums, 0 tracks, and provider fixtures on http://127.0.0.1:5202
2026-09-19T05:19:17.1375696Z 2026-09-19 05:19:17,136 [INFO] music_app: Startup scan-cache hydration completed files=7200 albums=400
2026-09-19T05:19:17.1377744Z 2026-09-19 05:19:17,136 [INFO] music_app: Legacy album exclusions migrated albums=1 removed_rules=18 created_rules=1
2026-09-19T05:19:17.7308173Z 2026-09-19 05:19:17,729 [INFO] music_app: Relation projection startup readiness ready=true rebuilt=true reason=missing_projection builder_version=local-relation-builder-v9 source_row_count=7438 duration_ms=557.47 source_load=141.68 fingerprint=57.85 pure_build=139.25 family_link_replacement=7.62 snapshot_publication=1.68
2026-09-19T05:19:18.8808977Z 2026-09-19 05:19:18,879 [INFO] music_app: {"action": "Index request completed", "album_count": 0, "artist_count": 0, "bootstrap_mode": "fresh_preview", "covers_in_progress": false, "elapsed_ms": 395.71, "hydrate_in_progress": false, "payload_elapsed_ms": 167.37, "query": "", "scan_in_progress": false, "selected_artist": ""}
2026-09-19T05:19:45.1232778Z 
2026-09-19T05:19:45.1233795Z Running 1 test using 1 worker
2026-09-19T05:19:45.1276822Z 
2026-09-19T05:19:48.4586885Z 2026-09-19 05:19:48,457 [INFO] music_app: {"action": "Index request completed", "album_count": 0, "artist_count": 0, "bootstrap_mode": "fresh_preview", "covers_in_progress": false, "elapsed_ms": 322.49, "hydrate_in_progress": false, "payload_elapsed_ms": 180.51, "query": "", "scan_in_progress": false, "selected_artist": ""}
2026-09-19T05:19:51.6277700Z [TEST] FTC-COVERS-014 keeps a decoded gallery cover stable across real gallery interactions
2026-09-19T05:19:51.6348073Z   [STEP] Find Neal Morse through normal search and record Joseph's stable cover identity
2026-09-19T05:19:52.1905412Z 2026-09-19 05:19:52,144 [INFO] music_app: {"action": "Index request completed", "album_count": 0, "artist_count": 0, "bootstrap_mode": "fresh_preview", "covers_in_progress": false, "elapsed_ms": 362.27, "hydrate_in_progress": false, "payload_elapsed_ms": 191.79, "query": "", "scan_in_progress": false, "selected_artist": ""}
2026-09-19T05:19:55.1284697Z 2026-09-19 05:19:55,114 [INFO] music_app: {"action": "Postgres album search request started", "query": "Joseph"}
2026-09-19T05:19:55.3110069Z 2026-09-19 05:19:55,292 [INFO] music_app: {"action": "View data request completed", "album_count": 41, "artist_count": 5, "elapsed_ms": 177.27, "query": "Joseph", "selected_artist": "Neal Morse"}
2026-09-19T05:19:56.8844712Z     [NOTE] TARGET MET: Visible Joseph cover took 671 ms, at or below the 1000 ms target (hard ceiling 1200 ms).
2026-09-19T05:19:56.8905150Z   [PASS] Find Neal Morse through normal search and record Joseph's stable cover identity (5247 ms)
2026-09-19T05:19:56.8908579Z   [STEP] Traverse more than 48 decoded production cards so Joseph leaves the bounded DOM-node cache
2026-09-19T05:20:05.0629261Z   [PASS] Traverse more than 48 decoded production cards so Joseph leaves the bounded DOM-node cache (8180 ms)
2026-09-19T05:20:05.0630499Z   [STEP] Return to the evicted Joseph card without a second production cover request
2026-09-19T05:20:05.3592597Z 2026-09-19 05:20:05,288 [INFO] music_app: {"action": "Postgres album search request started", "query": "Joseph"}
2026-09-19T05:20:05.4955400Z 2026-09-19 05:20:05,469 [INFO] music_app: {"action": "View data request completed", "album_count": 41, "artist_count": 5, "elapsed_ms": 180.29, "query": "Joseph", "selected_artist": "Neal Morse"}
2026-09-19T05:20:06.8880234Z   [PASS] Return to the evicted Joseph card without a second production cover request (1825 ms)
2026-09-19T05:20:06.8881625Z   [STEP] Finish selected-family background caching before down/back and family filtering
2026-09-19T05:20:08.8947820Z   [PASS] Finish selected-family background caching before down/back and family filtering (2007 ms)
2026-09-19T05:20:08.8949412Z   [STEP] Open and close album details without re-requesting or blanking the gallery cover
2026-09-19T05:20:10.3435194Z   [PASS] Open and close album details without re-requesting or blanking the gallery cover (1433 ms)
2026-09-19T05:20:10.4011866Z   ok 1 [functional] › tests\e2e\specs\galleryCoverStability.spec.js:23:1 › FTC-COVERS-014 keeps a decoded gallery cover stable across real gallery interactions @area:cover-providers (19.2s)
2026-09-19T05:20:10.4078747Z [album-haven-playwright-result] {"version":1,"phase":"tests-complete","nonce":"201711054957d098449147fc7a3f4986f5618127ac3aa4ffeb3f752e00e9db27","status":"passed","total":1,"completed":1,"failed":0,"skipped":0,"errors":0}
2026-09-19T05:20:11.0210984Z 
2026-09-19T05:20:11.0211330Z 
2026-09-19T05:20:11.0214522Z 
2026-09-19T05:20:11.0216865Z [album-haven-playwright-result] {"version":1,"phase":"run-final","nonce":"201711054957d098449147fc7a3f4986f5618127ac3aa4ffeb3f752e00e9db27","status":"passed","total":1,"completed":1,"failed":0,"skipped":0,"errors":0}
2026-09-19T05:20:11.0218525Z   1 passed (26.7s)
2026-09-19T05:20:11.4935144Z 
2026-09-19T05:20:11.4935820Z === Playwright Summary ===
2026-09-19T05:20:11.4936876Z [[32m✓[0m] galleryCoverStability.spec
2026-09-19T05:20:11.4938251Z   [[32m✓[0m] FTC-COVERS-014 keeps a decoded gallery cover stable across real gallery interactions @area:cover-providers
2026-09-19T05:20:11.4939374Z 
2026-09-19T05:20:11.4939610Z Overall: 1/1 passed
2026-09-19T05:20:16.8855987Z [playwright-wrapper-final-decision] {"wrapperExitCode":0,"attemptReturn":{"exitCode":0,"exitReason":"authoritative-pass"},"fakeDatabaseCleanup":{"status":"completed","error":null,"mode":"lock-only"},"scanAppCleanup":{"status":"not-required","error":null},"isolatedAppCleanup":{"status":"completed","error":null},"tempCleanup":{"status":"completed","error":null,"removedCount":1},"passivePortDiagnostics":[{"port":5200,"status":"completed","error":null,"ownerCount":0},{"port":5202,"status":"completed","error":null,"ownerCount":0}],"finalSummary":{"phase":"run-final","status":"passed","total":1,"completed":1,"failed":0,"skipped":0,"errors":0,"listOnly":false},"exitReason":"authoritative-pass"}
2026-09-19T05:20:18.6324479Z {"restored":0,"removed":0,"unchanged":1497}
2026-09-19T05:20:38.3851497Z Album Haven production E2E app listening on http://127.0.0.1:5200 with 0 artists, 0 albums, 0 tracks, and provider fixtures on http://127.0.0.1:5202
2026-09-19T05:20:39.8179432Z 2026-09-19 05:20:39,815 [INFO] music_app: Startup scan-cache hydration completed files=7200 albums=400
2026-09-19T05:20:39.8180825Z 2026-09-19 05:20:39,815 [INFO] music_app: Legacy album exclusions migrated albums=1 removed_rules=18 created_rules=1
2026-09-19T05:20:40.3028674Z 2026-09-19 05:20:40,301 [INFO] music_app: Relation projection startup readiness ready=true rebuilt=true reason=missing_projection builder_version=local-relation-builder-v9 source_row_count=7438 duration_ms=447.44 source_load=135.27 fingerprint=58.05 pure_build=143.25 family_link_replacement=9.54 snapshot_publication=2.11
2026-09-19T05:20:41.5448063Z 2026-09-19 05:20:41,543 [INFO] music_app: {"action": "Index request completed", "album_count": 0, "artist_count": 0, "bootstrap_mode": "fresh_preview", "covers_in_progress": false, "elapsed_ms": 431.38, "hydrate_in_progress": false, "payload_elapsed_ms": 176.3, "query": "", "scan_in_progress": false, "selected_artist": ""}
2026-09-19T05:21:08.0256921Z 
2026-09-19T05:21:08.0257770Z Running 1 test using 1 worker
2026-09-19T05:21:08.0293764Z 
2026-09-19T05:21:11.4346530Z 2026-09-19 05:21:11,433 [INFO] music_app: {"action": "Index request completed", "album_count": 0, "artist_count": 0, "bootstrap_mode": "fresh_preview", "covers_in_progress": false, "elapsed_ms": 324.26, "hydrate_in_progress": false, "payload_elapsed_ms": 194.72, "query": "", "scan_in_progress": false, "selected_artist": ""}
2026-09-19T05:21:14.4585870Z [TEST] FTC-COVERS-015 shows the exact Joseph 2023 cover decoded in the card, modal, and fullscreen lightbox
2026-09-19T05:21:14.5040189Z   [STEP] Find the exact Neal Morse Joseph album through normal search
2026-09-19T05:21:14.9896766Z 2026-09-19 05:21:14,987 [INFO] music_app: {"action": "Index request completed", "album_count": 0, "artist_count": 0, "bootstrap_mode": "fresh_preview", "covers_in_progress": false, "elapsed_ms": 302.14, "hydrate_in_progress": false, "payload_elapsed_ms": 154.48, "query": "", "scan_in_progress": false, "selected_artist": ""}
2026-09-19T05:21:18.3384522Z 2026-09-19 05:21:18,039 [INFO] music_app: {"action": "Postgres album search request started", "query": "Joseph"}
2026-09-19T05:21:18.3455402Z 2026-09-19 05:21:18,265 [INFO] music_app: {"action": "View data request completed", "album_count": 41, "artist_count": 5, "elapsed_ms": 227.41, "query": "Joseph", "selected_artist": "Neal Morse"}
2026-09-19T05:21:19.8748874Z   [PASS] Find the exact Neal Morse Joseph album through normal search (5383 ms)
2026-09-19T05:21:19.8751060Z   [STEP] Open its normal album modal and verify the decoded non-placeholder cover
2026-09-19T05:21:21.4962101Z   [PASS] Open its normal album modal and verify the decoded non-placeholder cover (1687 ms)
2026-09-19T05:21:21.4984780Z   [STEP] Fall back to the real 480 preview when the test-owned full source is unavailable
2026-09-19T05:21:22.7485802Z   [PASS] Fall back to the real 480 preview when the test-owned full source is unavailable (1199 ms)
2026-09-19T05:21:22.7487452Z   [STEP] Reopen through real controls and decode the restored 1200 source with exact zoom detail
2026-09-19T05:21:24.6161592Z   [PASS] Reopen through real controls and decode the restored 1200 source with exact zoom detail (1921 ms)
2026-09-19T05:21:24.6852007Z   ok 1 [functional] › tests\e2e\specs\galleryCoverStability.spec.js:153:1 › FTC-COVERS-015 shows the exact Joseph 2023 cover decoded in the card, modal, and fullscreen lightbox @area:cover-providers (10.6s)
2026-09-19T05:21:24.6905362Z [album-haven-playwright-result] {"version":1,"phase":"tests-complete","nonce":"4f1dfcc8ba16100a1cdaf9e94a7834c1d3b4cbe598009b29e323f612fbb97caf","status":"passed","total":1,"completed":1,"failed":0,"skipped":0,"errors":0}
2026-09-19T05:21:25.2993194Z 
2026-09-19T05:21:25.2993220Z 
2026-09-19T05:21:25.2993272Z 
2026-09-19T05:21:25.2995462Z [album-haven-playwright-result] {"version":1,"phase":"run-final","nonce":"4f1dfcc8ba16100a1cdaf9e94a7834c1d3b4cbe598009b29e323f612fbb97caf","status":"passed","total":1,"completed":1,"failed":0,"skipped":0,"errors":0}
2026-09-19T05:21:25.2996854Z   1 passed (18.1s)
2026-09-19T05:21:25.7785996Z 
2026-09-19T05:21:25.7786853Z === Playwright Summary ===
2026-09-19T05:21:25.7789705Z [[32m✓[0m] galleryCoverStability.spec
2026-09-19T05:21:25.7791248Z   [[32m✓[0m] FTC-COVERS-015 shows the exact Joseph 2023 cover decoded in the card, modal, and fullscreen lightbox @area:cover-providers
2026-09-19T05:21:25.7792165Z 
2026-09-19T05:21:25.7792405Z Overall: 1/1 passed
2026-09-19T05:21:31.2214126Z [playwright-wrapper-final-decision] {"wrapperExitCode":0,"attemptReturn":{"exitCode":0,"exitReason":"authoritative-pass"},"fakeDatabaseCleanup":{"status":"completed","error":null,"mode":"lock-only"},"scanAppCleanup":{"status":"not-required","error":null},"isolatedAppCleanup":{"status":"completed","error":null},"tempCleanup":{"status":"completed","error":null,"removedCount":1},"passivePortDiagnostics":[{"port":5200,"status":"completed","error":null,"ownerCount":0},{"port":5202,"status":"completed","error":null,"ownerCount":0}],"finalSummary":{"phase":"run-final","status":"passed","total":1,"completed":1,"failed":0,"skipped":0,"errors":0,"listOnly":false},"exitReason":"authoritative-pass"}
2026-09-19T05:21:32.9827771Z {"restored":0,"removed":0,"unchanged":1497}
2026-09-19T05:21:53.8914363Z Album Haven production E2E app listening on http://127.0.0.1:5200 with 0 artists, 0 albums, 0 tracks, and provider fixtures on http://127.0.0.1:5202
2026-09-19T05:21:55.3606611Z 2026-09-19 05:21:55,359 [INFO] music_app: Startup scan-cache hydration completed files=7200 albums=400
2026-09-19T05:21:55.3608445Z 2026-09-19 05:21:55,359 [INFO] music_app: Legacy album exclusions migrated albums=1 removed_rules=18 created_rules=1
2026-09-19T05:21:55.9130445Z 2026-09-19 05:21:55,911 [INFO] music_app: Relation projection startup readiness ready=true rebuilt=true reason=missing_projection builder_version=local-relation-builder-v9 source_row_count=7438 duration_ms=508.84 source_load=146.86 fingerprint=65.81 pure_build=168.90 family_link_replacement=7.81 snapshot_publication=1.71
2026-09-19T05:21:57.1207394Z 2026-09-19 05:21:57,119 [INFO] music_app: {"action": "Index request completed", "album_count": 0, "artist_count": 0, "bootstrap_mode": "fresh_preview", "covers_in_progress": false, "elapsed_ms": 450.82, "hydrate_in_progress": false, "payload_elapsed_ms": 194.94, "query": "", "scan_in_progress": false, "selected_artist": ""}
2026-09-19T05:22:21.3084187Z 
2026-09-19T05:22:21.3084967Z Running 1 test using 1 worker
2026-09-19T05:22:21.3116771Z 
2026-09-19T05:22:24.3256316Z 2026-09-19 05:22:24,324 [INFO] music_app: {"action": "Index request completed", "album_count": 0, "artist_count": 0, "bootstrap_mode": "fresh_preview", "covers_in_progress": false, "elapsed_ms": 373.19, "hydrate_in_progress": false, "payload_elapsed_ms": 159.27, "query": "", "scan_in_progress": false, "selected_artist": ""}
2026-09-19T05:22:26.9649310Z [TEST] FTC-SEARCH-NAV-002 keeps every projected family artist in the tree for a non-exact best match
2026-09-19T05:22:26.9659422Z   [STEP] Search without the leading article and auto-select The Flower Kings
2026-09-19T05:22:27.3690692Z 2026-09-19 05:22:27,368 [INFO] music_app: {"action": "Index request completed", "album_count": 0, "artist_count": 0, "bootstrap_mode": "fresh_preview", "covers_in_progress": false, "elapsed_ms": 254.34, "hydrate_in_progress": false, "payload_elapsed_ms": 146.42, "query": "", "scan_in_progress": false, "selected_artist": ""}
2026-09-19T05:22:30.5985180Z 2026-09-19 05:22:30,581 [INFO] music_app: {"action": "Postgres album search request started", "query": "flower kings"}
2026-09-19T05:22:30.7521195Z 2026-09-19 05:22:30,738 [INFO] music_app: {"action": "View data request completed", "album_count": 30, "artist_count": 3, "elapsed_ms": 157.05, "query": "flower kings", "selected_artist": "The Flower Kings"}
2026-09-19T05:22:31.2047670Z   [PASS] Search without the leading article and auto-select The Flower Kings (4238 ms)
2026-09-19T05:22:31.2049838Z   [STEP] Render the complete projected family tree in stable order
2026-09-19T05:22:31.3988392Z   [PASS] Render the complete projected family tree in stable order (165 ms)
2026-09-19T05:22:31.4520142Z   [STEP] Keep the selected gallery and Artist Family context aligned with the complete tree
2026-09-19T05:22:31.8002731Z   [PASS] Keep the selected gallery and Artist Family context aligned with the complete tree (431 ms)
2026-09-19T05:22:31.8741864Z   ok 1 [functional] › tests\e2e\specs\searchTreeCorrectness.spec.js:123:1 › FTC-SEARCH-NAV-002 keeps every projected family artist in the tree for a non-exact best match @area:gallery-search (5.2s)
2026-09-19T05:22:31.8745617Z [album-haven-playwright-result] {"version":1,"phase":"tests-complete","nonce":"44e81d843284b24c5abe7df426285cdc3ba2b474ca386ffaae9cd5f7acff80c4","status":"passed","total":1,"completed":1,"failed":0,"skipped":0,"errors":0}
2026-09-19T05:22:32.4088619Z 
2026-09-19T05:22:32.4088639Z 
2026-09-19T05:22:32.4088649Z 
2026-09-19T05:22:32.4090740Z [album-haven-playwright-result] {"version":1,"phase":"run-final","nonce":"44e81d843284b24c5abe7df426285cdc3ba2b474ca386ffaae9cd5f7acff80c4","status":"passed","total":1,"completed":1,"failed":0,"skipped":0,"errors":0}
2026-09-19T05:22:32.4092404Z   1 passed (11.8s)
2026-09-19T05:22:32.8448064Z 
2026-09-19T05:22:32.8448671Z === Playwright Summary ===
2026-09-19T05:22:32.8449487Z [[32m✓[0m] searchTreeCorrectness.spec
2026-09-19T05:22:32.8450471Z   [[32m✓[0m] FTC-SEARCH-NAV-002 keeps every projected family artist in the tree for a non-exact best match @area:gallery-search
2026-09-19T05:22:32.8451083Z 
2026-09-19T05:22:32.8451254Z Overall: 1/1 passed
2026-09-19T05:22:37.9357270Z [playwright-wrapper-final-decision] {"wrapperExitCode":0,"attemptReturn":{"exitCode":0,"exitReason":"authoritative-pass"},"fakeDatabaseCleanup":{"status":"completed","error":null,"mode":"lock-only"},"scanAppCleanup":{"status":"not-required","error":null},"isolatedAppCleanup":{"status":"completed","error":null},"tempCleanup":{"status":"completed","error":null,"removedCount":1},"passivePortDiagnostics":[{"port":5200,"status":"completed","error":null,"ownerCount":0},{"port":5202,"status":"completed","error":null,"ownerCount":0}],"finalSummary":{"phase":"run-final","status":"passed","total":1,"completed":1,"failed":0,"skipped":0,"errors":0,"listOnly":false},"exitReason":"authoritative-pass"}
2026-09-19T05:22:39.6216586Z {"restored":0,"removed":0,"unchanged":1497}
2026-09-19T05:22:59.3532111Z Album Haven production E2E app listening on http://127.0.0.1:5200 with 0 artists, 0 albums, 0 tracks, and provider fixtures on http://127.0.0.1:5202
2026-09-19T05:23:00.8503241Z 2026-09-19 05:23:00,846 [INFO] music_app: Startup scan-cache hydration completed files=7200 albums=400
2026-09-19T05:23:00.8506072Z 2026-09-19 05:23:00,846 [INFO] music_app: Legacy album exclusions migrated albums=1 removed_rules=18 created_rules=1
2026-09-19T05:23:01.4863566Z 2026-09-19 05:23:01,483 [INFO] music_app: Relation projection startup readiness ready=true rebuilt=true reason=missing_projection builder_version=local-relation-builder-v9 source_row_count=7438 duration_ms=596.97 source_load=158.73 fingerprint=69.72 pure_build=149.48 family_link_replacement=7.92 snapshot_publication=1.77
2026-09-19T05:23:02.8388474Z 2026-09-19 05:23:02,837 [INFO] music_app: {"action": "Index request completed", "album_count": 0, "artist_count": 0, "bootstrap_mode": "fresh_preview", "covers_in_progress": false, "elapsed_ms": 491.15, "hydrate_in_progress": false, "payload_elapsed_ms": 193.68, "query": "", "scan_in_progress": false, "selected_artist": ""}
2026-09-19T05:23:30.2681066Z 
2026-09-19T05:23:30.2681969Z Running 1 test using 1 worker
2026-09-19T05:23:30.2721231Z 
2026-09-19T05:23:33.6716272Z 2026-09-19 05:23:33,670 [INFO] music_app: {"action": "Index request completed", "album_count": 0, "artist_count": 0, "bootstrap_mode": "fresh_preview", "covers_in_progress": false, "elapsed_ms": 313.59, "hydrate_in_progress": false, "payload_elapsed_ms": 166.59, "query": "", "scan_in_progress": false, "selected_artist": ""}
2026-09-19T05:23:36.6641386Z [TEST] FTC-ALBUM-DETAILS-021 and FTC-ARTIST-FAMILY-019 and FTC-NON-ALBUM-015 preserve featured credits and exclude guest and Interview albums from family galleries
2026-09-19T05:23:36.6709070Z   [STEP] Edit three owned generated credits through the shared tag editor
2026-09-19T05:23:37.2144583Z 2026-09-19 05:23:37,213 [INFO] music_app: {"action": "Index request completed", "album_count": 0, "artist_count": 0, "bootstrap_mode": "fresh_preview", "covers_in_progress": false, "elapsed_ms": 396.99, "hydrate_in_progress": false, "payload_elapsed_ms": 187.72, "query": "", "scan_in_progress": false, "selected_artist": ""}
2026-09-19T05:23:40.5255693Z 2026-09-19 05:23:40,301 [INFO] music_app: {"action": "Postgres album search request started", "query": "Control Lead Solo"}
2026-09-19T05:23:40.5271947Z 2026-09-19 05:23:40,463 [INFO] music_app: {"action": "View data request completed", "album_count": 21, "artist_count": 3, "elapsed_ms": 162.2, "query": "Control Lead Solo", "selected_artist": "Control Signal Lead"}
2026-09-19T05:23:53.7027295Z 2026-09-19 05:23:53,700 [INFO] music_app: {"action": "Tags edited", "album": "Control Lead Solo", "artist": "Control Signal Lead", "file_count": 3, "files": ["D:\\a\\_temp\\album-haven-e2e-functional-fixtures-gallery-search-visual\\shared\\media\\Progressive Projects\\Control Signal Family\\Control Signal Lead\\Control Lead Solo\\01 - Track 1.mp3", "D:\\a\\_temp\\album-haven-e2e-functional-fixtures-gallery-search-visual\\shared\\media\\Progressive Projects\\Control Signal Family\\Control Signal Lead\\Control Lead Solo\\02 - Track 2.mp3", "D:\\a\\_temp\\album-haven-e2e-functional-fixtures-gallery-search-visual\\shared\\media\\Progressive Projects\\Control Signal Family\\Control Signal Lead\\Control Lead Solo\\03 - Track 3.mp3"]}
2026-09-19T05:23:54.5638025Z   [PASS] Edit three owned generated credits through the shared tag editor (17860 ms)
2026-09-19T05:23:54.5641415Z   [STEP] Reload and retain raw credits while distinguishing guests, comma names, and another primary artist
2026-09-19T05:23:54.9848987Z 2026-09-19 05:23:54,984 [INFO] music_app: {"action": "Index request completed", "album_count": 0, "artist_count": 0, "bootstrap_mode": "full_view", "covers_in_progress": false, "elapsed_ms": 288.92, "hydrate_in_progress": false, "payload_elapsed_ms": 220.97, "query": "Control Lead Solo", "scan_in_progress": false, "selected_artist": "Control Signal Lead"}
2026-09-19T05:23:56.9636931Z   [PASS] Reload and retain raw credits while distinguishing guests, comma names, and another primary artist (2460 ms)
2026-09-19T05:23:56.9638692Z   [STEP] Keep guest-only foreign albums out of the partner family while preserving genuine owned and shared releases
2026-09-19T05:23:59.4222851Z 2026-09-19 05:23:59,241 [INFO] music_app: {"action": "Postgres album search request started", "query": "Control Signal Partner"}
2026-09-19T05:23:59.5349399Z 2026-09-19 05:23:59,513 [INFO] music_app: {"action": "View data request completed", "album_count": 22, "artist_count": 10, "elapsed_ms": 271.65, "query": "Control Signal Partner", "selected_artist": "Control Signal Partner"}
2026-09-19T05:24:00.8498979Z   [PASS] Keep guest-only foreign albums out of the partner family while preserving genuine owned and shared releases (3887 ms)
2026-09-19T05:24:00.8500378Z   [STEP] Prove the owned album contributes to a genuine related-artist family before marking it Interview
2026-09-19T05:24:03.3594952Z 2026-09-19 05:24:03,358 [INFO] music_app: {"action": "Index request completed", "album_count": 0, "artist_count": 0, "bootstrap_mode": "fresh_preview", "covers_in_progress": false, "elapsed_ms": 193.08, "hydrate_in_progress": false, "payload_elapsed_ms": 124.07, "query": "", "scan_in_progress": false, "selected_artist": ""}
2026-09-19T05:24:05.5781210Z 2026-09-19 05:24:05,497 [INFO] music_app: {"action": "Postgres album search request started", "query": "Control Lead Solo"}
2026-09-19T05:24:05.7139813Z 2026-09-19 05:24:05,698 [INFO] music_app: {"action": "View data request completed", "album_count": 22, "artist_count": 4, "elapsed_ms": 200.67, "query": "Control Lead Solo", "selected_artist": "Control Signal Lead"}
2026-09-19T05:24:09.6659512Z 2026-09-19 05:24:09,662 [INFO] music_app: {"action": "Tags edited", "album": "Control Lead Solo", "artist": "Control Signal Lead", "file_count": 18, "files": ["D:\\a\\_temp\\album-haven-e2e-functional-fixtures-gallery-search-visual\\shared\\media\\Progressive Projects\\Control Signal Family\\Control Signal Lead\\Control Lead Solo\\01 - Track 1.mp3", "D:\\a\\_temp\\album-haven-e2e-functional-fixtures-gallery-search-visual\\shared\\media\\Progressive Projects\\Control Signal Family\\Control Signal Lead\\Control Lead Solo\\02 - Track 2.mp3", "D:\\a\\_temp\\album-haven-e2e-functional-fixtures-gallery-search-visual\\shared\\media\\Progressive Projects\\Control Signal Family\\Control Signal Lead\\Control Lead Solo\\03 - Track 3.mp3", "D:\\a\\_temp\\album-haven-e2e-functional-fixtures-gallery-search-visual\\shared\\media\\Progressive Projects\\Control Signal Family\\Control Signal Lead\\Control Lead Solo\\04 - Track 4.mp3", "D:\\a\\_temp\\album-haven-e2e-functional-fixtures-gallery-search-visual\\shared\\media\\Progressive Projects\\Control Signal Family\\Control Signal Lead\\Control Lead Solo\\05 - Track 5.mp3", "D:\\a\\_temp\\album-haven-e2e-functional-fixtures-gallery-search-visual\\shared\\media\\Progressive Projects\\Control Signal Family\\Control Signal Lead\\Control Lead Solo\\06 - Track 6.mp3", "D:\\a\\_temp\\album-haven-e2e-functional-fixtures-gallery-search-visual\\shared\\media\\Progressive Projects\\Control Signal Family\\Control Signal Lead\\Control Lead Solo\\07 - Track 7.mp3", "D:\\a\\_temp\\album-haven-e2e-functional-fixtures-gallery-search-visual\\shared\\media\\Progressive Projects\\Control Signal Family\\Control Signal Lead\\Control Lead Solo\\08 - Track 8.mp3", "D:\\a\\_temp\\album-haven-e2e-functional-fixtures-gallery-search-visual\\shared\\media\\Progressive Projects\\Control Signal Family\\Control Signal Lead\\Control Lead Solo\\09 - Track 9.mp3", "D:\\a\\_temp\\album-haven-e2e-functional-fixtures-gallery-search-visual\\shared\\media\\Progressive Projects\\Control Signal Family\\Control Signal Lead\\Control Lead Solo\\10 - Track 10.mp3", "D:\\a\\_temp\\album-haven-e2e-functional-fixtures-gallery-search-visual\\shared\\media\\Progressive Projects\\Control Signal Family\\Control Signal Lead\\Control Lead Solo\\11 - Track 11.mp3", "D:\\a\\_temp\\album-haven-e2e-functional-fixtures-gallery-search-visual\\shared\\media\\Progressive Projects\\Control Signal Family\\Control Signal Lead\\Control Lead Solo\\12 - Track 12.mp3", "D:\\a\\_temp\\album-haven-e2e-functional-fixtures-gallery-search-visual\\shared\\media\\Progressive Projects\\Control Signal Family\\Control Signal Lead\\Control Lead Solo\\13 - Track 13.mp3", "D:\\a\\_temp\\album-haven-e2e-functional-fixtures-gallery-search-visual\\shared\\media\\Progressive Projects\\Control Signal Family\\Control Signal Lead\\Control Lead Solo\\14 - Track 14.mp3", "D:\\a\\_temp\\album-haven-e2e-functional-fixtures-gallery-search-visual\\shared\\media\\Progressive Projects\\Control Signal Family\\Control Signal Lead\\Control Lead Solo\\15 - Track 15.mp3", "D:\\a\\_temp\\album-haven-e2e-functional-fixtures-gallery-search-visual\\shared\\media\\Progressive Projects\\Control Signal Family\\Control Signal Lead\\Control Lead Solo\\16 - Track 16.mp3", "D:\\a\\_temp\\album-haven-e2e-functional-fixtures-gallery-search-visual\\shared\\media\\Progressive Projects\\Control Signal Family\\Control Signal Lead\\Control Lead Solo\\17 - Track 17.mp3", "D:\\a\\_temp\\album-haven-e2e-functional-fixtures-gallery-search-visual\\shared\\media\\Progressive Projects\\Control Signal Family\\Control Signal Lead\\Control Lead Solo\\18 - Track 18.mp3"]}
2026-09-19T05:24:10.4529392Z   [PASS] Prove the owned album contributes to a genuine related-artist family before marking it Interview (9592 ms)
2026-09-19T05:24:10.4532953Z   [STEP] Exclude Interview albums from the nonempty *** gallery
2026-09-19T05:24:19.9545647Z   [PASS] Exclude Interview albums from the nonempty *** gallery (9512 ms)
2026-09-19T05:24:19.9547230Z   [STEP] Exclude Interview albums from the settled family across reload and retained artist search
2026-09-19T05:24:22.4852658Z 2026-09-19 05:24:22,484 [INFO] music_app: {"action": "Index request completed", "album_count": 0, "artist_count": 0, "bootstrap_mode": "fresh_preview", "covers_in_progress": false, "elapsed_ms": 387.02, "hydrate_in_progress": false, "payload_elapsed_ms": 293.54, "query": "", "scan_in_progress": false, "selected_artist": "Control Signal Partner"}
2026-09-19T05:24:25.6114100Z 2026-09-19 05:24:25,298 [INFO] music_app: {"action": "Postgres album search request started", "query": "Control Signal Lead"}
2026-09-19T05:24:25.6393101Z 2026-09-19 05:24:25,623 [INFO] music_app: {"action": "View data request completed", "album_count": 30, "artist_count": 9, "elapsed_ms": 326.18, "query": "Control Signal Lead", "selected_artist": "Control Signal Lead"}
2026-09-19T05:24:27.4532105Z   [PASS] Exclude Interview albums from the settled family across reload and retained artist search (7499 ms)
2026-09-19T05:24:27.4538599Z   [STEP] Retain all eighteen Interview tracks in Loose Tracks and restore their exceptions through the editor
2026-09-19T05:24:27.9514392Z 2026-09-19 05:24:27,950 [INFO] music_app: {"action": "Index request completed", "album_count": 0, "artist_count": 0, "bootstrap_mode": "fresh_preview", "covers_in_progress": false, "elapsed_ms": 386.55, "hydrate_in_progress": false, "payload_elapsed_ms": 290.51, "query": "", "scan_in_progress": false, "selected_artist": "Control Signal Lead"}
2026-09-19T05:24:33.6724039Z 2026-09-19 05:24:33,669 [INFO] music_app: {"action": "Tags edited", "album": "", "artist": "", "file_count": 18, "files": ["D:\\a\\_temp\\album-haven-e2e-functional-fixtures-gallery-search-visual\\shared\\media\\Progressive Projects\\Control Signal Family\\Control Signal Lead\\Control Lead Solo\\01 - Track 1.mp3", "D:\\a\\_temp\\album-haven-e2e-functional-fixtures-gallery-search-visual\\shared\\media\\Progressive Projects\\Control Signal Family\\Control Signal Lead\\Control Lead Solo\\02 - Track 2.mp3", "D:\\a\\_temp\\album-haven-e2e-functional-fixtures-gallery-search-visual\\shared\\media\\Progressive Projects\\Control Signal Family\\Control Signal Lead\\Control Lead Solo\\03 - Track 3.mp3", "D:\\a\\_temp\\album-haven-e2e-functional-fixtures-gallery-search-visual\\shared\\media\\Progressive Projects\\Control Signal Family\\Control Signal Lead\\Control Lead Solo\\04 - Track 4.mp3", "D:\\a\\_temp\\album-haven-e2e-functional-fixtures-gallery-search-visual\\shared\\media\\Progressive Projects\\Control Signal Family\\Control Signal Lead\\Control Lead Solo\\05 - Track 5.mp3", "D:\\a\\_temp\\album-haven-e2e-functional-fixtures-gallery-search-visual\\shared\\media\\Progressive Projects\\Control Signal Family\\Control Signal Lead\\Control Lead Solo\\06 - Track 6.mp3", "D:\\a\\_temp\\album-haven-e2e-functional-fixtures-gallery-search-visual\\shared\\media\\Progressive Projects\\Control Signal Family\\Control Signal Lead\\Control Lead Solo\\07 - Track 7.mp3", "D:\\a\\_temp\\album-haven-e2e-functional-fixtures-gallery-search-visual\\shared\\media\\Progressive Projects\\Control Signal Family\\Control Signal Lead\\Control Lead Solo\\08 - Track 8.mp3", "D:\\a\\_temp\\album-haven-e2e-functional-fixtures-gallery-search-visual\\shared\\media\\Progressive Projects\\Control Signal Family\\Control Signal Lead\\Control Lead Solo\\09 - Track 9.mp3", "D:\\a\\_temp\\album-haven-e2e-functional-fixtures-gallery-search-visual\\shared\\media\\Progressive Projects\\Control Signal Family\\Control Signal Lead\\Control Lead Solo\\10 - Track 10.mp3", "D:\\a\\_temp\\album-haven-e2e-functional-fixtures-gallery-search-visual\\shared\\media\\Progressive Projects\\Control Signal Family\\Control Signal Lead\\Control Lead Solo\\11 - Track 11.mp3", "D:\\a\\_temp\\album-haven-e2e-functional-fixtures-gallery-search-visual\\shared\\media\\Progressive Projects\\Control Signal Family\\Control Signal Lead\\Control Lead Solo\\12 - Track 12.mp3", "D:\\a\\_temp\\album-haven-e2e-functional-fixtures-gallery-search-visual\\shared\\media\\Progressive Projects\\Control Signal Family\\Control Signal Lead\\Control Lead Solo\\13 - Track 13.mp3", "D:\\a\\_temp\\album-haven-e2e-functional-fixtures-gallery-search-visual\\shared\\media\\Progressive Projects\\Control Signal Family\\Control Signal Lead\\Control Lead Solo\\14 - Track 14.mp3", "D:\\a\\_temp\\album-haven-e2e-functional-fixtures-gallery-search-visual\\shared\\media\\Progressive Projects\\Control Signal Family\\Control Signal Lead\\Control Lead Solo\\15 - Track 15.mp3", "D:\\a\\_temp\\album-haven-e2e-functional-fixtures-gallery-search-visual\\shared\\media\\Progressive Projects\\Control Signal Family\\Control Signal Lead\\Control Lead Solo\\16 - Track 16.mp3", "D:\\a\\_temp\\album-haven-e2e-functional-fixtures-gallery-search-visual\\shared\\media\\Progressive Projects\\Control Signal Family\\Control Signal Lead\\Control Lead Solo\\17 - Track 17.mp3", "D:\\a\\_temp\\album-haven-e2e-functional-fixtures-gallery-search-visual\\shared\\media\\Progressive Projects\\Control Signal Family\\Control Signal Lead\\Control Lead Solo\\18 - Track 18.mp3"]}
2026-09-19T05:24:34.4793357Z   [PASS] Retain all eighteen Interview tracks in Loose Tracks and restore their exceptions through the editor (7026 ms)
2026-09-19T05:24:34.4794879Z   [STEP] Restore and verify all three owned Artist values through the UI
2026-09-19T05:24:34.8080246Z 2026-09-19 05:24:34,806 [INFO] music_app: {"action": "Index request completed", "album_count": 0, "artist_count": 0, "bootstrap_mode": "fresh_preview", "covers_in_progress": false, "elapsed_ms": 215.85, "hydrate_in_progress": false, "payload_elapsed_ms": 138.78, "query": "", "scan_in_progress": false, "selected_artist": ""}
2026-09-19T05:24:37.1023372Z 2026-09-19 05:24:36,973 [INFO] music_app: {"action": "Postgres album search request started", "query": "Control Lead Solo"}
2026-09-19T05:24:37.3977817Z 2026-09-19 05:24:37,372 [INFO] music_app: {"action": "View data request completed", "album_count": 22, "artist_count": 4, "elapsed_ms": 399.15, "query": "Control Lead Solo", "selected_artist": "Control Signal Lead"}
2026-09-19T05:24:46.6591870Z 2026-09-19 05:24:46,656 [INFO] music_app: {"action": "Tags edited", "album": "Control Lead Solo", "artist": "Control Signal Lead", "file_count": 3, "files": ["D:\\a\\_temp\\album-haven-e2e-functional-fixtures-gallery-search-visual\\shared\\media\\Progressive Projects\\Control Signal Family\\Control Signal Lead\\Control Lead Solo\\01 - Track 1.mp3", "D:\\a\\_temp\\album-haven-e2e-functional-fixtures-gallery-search-visual\\shared\\media\\Progressive Projects\\Control Signal Family\\Control Signal Lead\\Control Lead Solo\\02 - Track 2.mp3", "D:\\a\\_temp\\album-haven-e2e-functional-fixtures-gallery-search-visual\\shared\\media\\Progressive Projects\\Control Signal Family\\Control Signal Lead\\Control Lead Solo\\03 - Track 3.mp3"]}
2026-09-19T05:24:47.6542687Z 2026-09-19 05:24:47,653 [INFO] music_app: {"action": "Index request completed", "album_count": 0, "artist_count": 0, "bootstrap_mode": "full_view", "covers_in_progress": false, "elapsed_ms": 210.2, "hydrate_in_progress": false, "payload_elapsed_ms": 149.95, "query": "Control Lead Solo", "scan_in_progress": false, "selected_artist": "Control Signal Lead"}
2026-09-19T05:24:50.9618307Z   [PASS] Restore and verify all three owned Artist values through the UI (16482 ms)
2026-09-19T05:24:51.0281544Z   ok 1 [functional] › tests\e2e\specs\artistCompilationFamily.spec.js:23:1 › FTC-ALBUM-DETAILS-021 and FTC-ARTIST-FAMILY-019 and FTC-NON-ALBUM-015 preserve featured credits and exclude guest and Interview albums from family galleries @area:gallery-search (1.2m)
2026-09-19T05:24:51.0285617Z [album-haven-playwright-result] {"version":1,"phase":"tests-complete","nonce":"aa1ccd3b62f7b00db758c4b33d0c656196baf273c65420058d5757d437324dfe","status":"passed","total":1,"completed":1,"failed":0,"skipped":0,"errors":0}
2026-09-19T05:24:51.6767763Z 
2026-09-19T05:24:51.6767815Z 
2026-09-19T05:24:51.6767830Z 
2026-09-19T05:24:51.6769376Z [album-haven-playwright-result] {"version":1,"phase":"run-final","nonce":"aa1ccd3b62f7b00db758c4b33d0c656196baf273c65420058d5757d437324dfe","status":"passed","total":1,"completed":1,"failed":0,"skipped":0,"errors":0}
2026-09-19T05:24:51.6770430Z   1 passed (1.4m)
2026-09-19T05:24:52.1399636Z 
2026-09-19T05:24:52.1400331Z === Playwright Summary ===
2026-09-19T05:24:52.1401514Z [[32m✓[0m] artistCompilationFamily.spec
2026-09-19T05:24:52.1403554Z   [[32m✓[0m] FTC-ALBUM-DETAILS-021 and FTC-ARTIST-FAMILY-019 and FTC-NON-ALBUM-015 preserve featured credits and exclude guest and Interview albums from family galleries @area:gallery-search (1.2m)
2026-09-19T05:24:52.1404922Z 
2026-09-19T05:24:52.1405162Z Overall: 1/1 passed
2026-09-19T05:24:57.2560932Z [playwright-wrapper-final-decision] {"wrapperExitCode":0,"attemptReturn":{"exitCode":0,"exitReason":"authoritative-pass"},"fakeDatabaseCleanup":{"status":"completed","error":null,"mode":"lock-only"},"scanAppCleanup":{"status":"not-required","error":null},"isolatedAppCleanup":{"status":"completed","error":null},"tempCleanup":{"status":"completed","error":null,"removedCount":1},"passivePortDiagnostics":[{"port":5200,"status":"completed","error":null,"ownerCount":0},{"port":5202,"status":"completed","error":null,"ownerCount":0}],"finalSummary":{"phase":"run-final","status":"passed","total":1,"completed":1,"failed":0,"skipped":0,"errors":0,"listOnly":false},"exitReason":"authoritative-pass"}
2026-09-19T05:24:58.9306996Z {"restored":3,"removed":0,"unchanged":1494}
2026-09-19T05:25:19.3312929Z Album Haven production E2E app listening on http://127.0.0.1:5200 with 0 artists, 0 albums, 0 tracks, and provider fixtures on http://127.0.0.1:5202
2026-09-19T05:25:20.8516416Z 2026-09-19 05:25:20,845 [INFO] music_app: Startup scan-cache hydration completed files=7200 albums=400
2026-09-19T05:25:20.8518165Z 2026-09-19 05:25:20,845 [INFO] music_app: Legacy album exclusions migrated albums=1 removed_rules=18 created_rules=1
2026-09-19T05:25:21.4531616Z 2026-09-19 05:25:21,450 [INFO] music_app: Relation projection startup readiness ready=true rebuilt=true reason=missing_projection builder_version=local-relation-builder-v9 source_row_count=7438 duration_ms=556.84 source_load=158.26 fingerprint=79.55 pure_build=177.28 family_link_replacement=10.67 snapshot_publication=1.74
2026-09-19T05:25:22.6964486Z 2026-09-19 05:25:22,693 [INFO] music_app: {"action": "Index request completed", "album_count": 0, "artist_count": 0, "bootstrap_mode": "fresh_preview", "covers_in_progress": false, "elapsed_ms": 467.72, "hydrate_in_progress": false, "payload_elapsed_ms": 183.07, "query": "", "scan_in_progress": false, "selected_artist": ""}
2026-09-19T05:25:54.0609819Z 
2026-09-19T05:25:54.0610824Z Running 1 test using 1 worker
2026-09-19T05:25:54.0649250Z 
2026-09-19T05:25:57.3679671Z 2026-09-19 05:25:57,366 [INFO] music_app: {"action": "Index request completed", "album_count": 0, "artist_count": 0, "bootstrap_mode": "fresh_preview", "covers_in_progress": false, "elapsed_ms": 327.83, "hydrate_in_progress": false, "payload_elapsed_ms": 189.84, "query": "", "scan_in_progress": false, "selected_artist": ""}
2026-09-19T05:26:00.4477728Z [TEST] FTC-MOBILE-WEB-007 keeps ratings on one line while narrower galleries preserve selected card scale
2026-09-19T05:26:00.4509643Z   [STEP] Open the real Postgres gallery at an explicit 125 percent card scale
2026-09-19T05:26:00.6857229Z 2026-09-19 05:26:00,684 [INFO] music_app: {"action": "Index request completed", "album_count": 0, "artist_count": 0, "bootstrap_mode": "shell_only", "covers_in_progress": false, "elapsed_ms": 93.99, "hydrate_in_progress": false, "payload_elapsed_ms": 0.0, "query": "", "scan_in_progress": false, "selected_artist": ""}
2026-09-19T05:26:04.9110445Z 2026-09-19 05:26:04,700 [INFO] music_app: {"action": "Postgres album search request started", "query": "Album Rating Contract"}
2026-09-19T05:26:04.9201929Z 2026-09-19 05:26:04,857 [INFO] music_app: {"action": "View data request completed", "album_count": 7, "artist_count": 1, "elapsed_ms": 157.1, "query": "Album Rating Contract", "selected_artist": "Album Rating Contract"}
2026-09-19T05:26:05.5956533Z   [PASS] Open the real Postgres gallery at an explicit 125 percent card scale (5144 ms)
2026-09-19T05:26:05.5958171Z   [STEP] Record the wide gallery density, rating geometry, and visible screenshot
2026-09-19T05:26:05.9308548Z   [PASS] Record the wide gallery density, rating geometry, and visible screenshot (336 ms)
2026-09-19T05:26:05.9309978Z   [STEP] Narrow the same production view and record its settled layout and screenshot
2026-09-19T05:26:06.5469591Z   [PASS] Narrow the same production view and record its settled layout and screenshot (606 ms)
2026-09-19T05:26:06.5471224Z   [STEP] Distribute available width evenly without wrapping ratings
2026-09-19T05:26:06.5605381Z   [PASS] Distribute available width evenly without wrapping ratings (24 ms)
2026-09-19T05:26:06.5606755Z   [STEP] Apply the Paper palette to an exact projected coverless album card
2026-09-19T05:26:07.1549841Z 2026-09-19 05:26:06,742 [INFO] music_app: {"action": "Postgres album search request started", "query": "\u0414\u0414\u0422"}
2026-09-19T05:26:07.1584108Z 2026-09-19 05:26:06,916 [INFO] music_app: {"action": "View data request completed", "album_count": 60, "artist_count": 1, "elapsed_ms": 173.31, "query": "\u0414\u0414\u0422", "selected_artist": "\u0414\u0414\u0422"}
2026-09-19T05:26:10.4566542Z   [PASS] Apply the Paper palette to an exact projected coverless album card (3896 ms)
2026-09-19T05:26:10.4567844Z   [STEP] Render the partly visible next row in cover-only view
2026-09-19T05:26:11.3176033Z 2026-09-19 05:26:11,315 [INFO] music_app: {"action": "Index request completed", "album_count": 0, "artist_count": 0, "bootstrap_mode": "fresh_preview", "covers_in_progress": false, "elapsed_ms": 516.7, "hydrate_in_progress": false, "payload_elapsed_ms": 400.84, "query": "", "scan_in_progress": false, "selected_artist": "Neal Morse"}
2026-09-19T05:26:14.1333237Z   [PASS] Render the partly visible next row in cover-only view (3494 ms)
2026-09-19T05:26:19.0003811Z Album Haven production E2E app listening on http://127.0.0.1:5200 with 0 artists, 0 albums, 0 tracks, and provider fixtures on http://127.0.0.1:5202
2026-09-19T05:26:20.3751555Z 2026-09-19 05:26:20,372 [INFO] music_app: Startup scan-cache hydration completed files=7200 albums=400
2026-09-19T05:26:21.6222649Z 2026-09-19 05:26:21,621 [INFO] music_app: {"action": "Index request completed", "album_count": 0, "artist_count": 0, "bootstrap_mode": "fresh_preview", "covers_in_progress": false, "elapsed_ms": 362.96, "hydrate_in_progress": false, "payload_elapsed_ms": 142.41, "query": "", "scan_in_progress": false, "selected_artist": ""}
2026-09-19T05:26:41.5131635Z   ok 1 [functional] › tests\e2e\specs\responsiveGallery.spec.js:28:1 › FTC-MOBILE-WEB-007 keeps ratings on one line while narrower galleries preserve selected card scale @area:responsive-visual (41.5s)
2026-09-19T05:26:41.5135161Z [album-haven-playwright-result] {"version":1,"phase":"tests-complete","nonce":"a1035810a111b5a0b03361626e4cee64d2e739598e056c386c82f427c31f13c4","status":"passed","total":1,"completed":1,"failed":0,"skipped":0,"errors":0}
2026-09-19T05:26:42.1523192Z 
2026-09-19T05:26:42.1523216Z 
2026-09-19T05:26:42.1523225Z 
2026-09-19T05:26:42.1525612Z [album-haven-playwright-result] {"version":1,"phase":"run-final","nonce":"a1035810a111b5a0b03361626e4cee64d2e739598e056c386c82f427c31f13c4","status":"passed","total":1,"completed":1,"failed":0,"skipped":0,"errors":0}
2026-09-19T05:26:42.1527603Z   1 passed (48.8s)
2026-09-19T05:26:42.6365854Z 
2026-09-19T05:26:42.6367253Z === Playwright Summary ===
2026-09-19T05:26:42.6368328Z [[32m✓[0m] responsiveGallery.spec
2026-09-19T05:26:42.6369831Z   [[32m✓[0m] FTC-MOBILE-WEB-007 keeps ratings on one line while narrower galleries preserve selected card scale @area:responsive-visual
2026-09-19T05:26:42.6370795Z 
2026-09-19T05:26:42.6371028Z Overall: 1/1 passed
2026-09-19T05:26:48.1738989Z [playwright-wrapper-final-decision] {"wrapperExitCode":0,"attemptReturn":{"exitCode":0,"exitReason":"authoritative-pass"},"fakeDatabaseCleanup":{"status":"completed","error":null,"mode":"lock-only"},"scanAppCleanup":{"status":"not-required","error":null},"isolatedAppCleanup":{"status":"completed","error":null},"tempCleanup":{"status":"completed","error":null,"removedCount":1},"passivePortDiagnostics":[{"port":5200,"status":"completed","error":null,"ownerCount":0},{"port":5202,"status":"completed","error":null,"ownerCount":0}],"finalSummary":{"phase":"run-final","status":"passed","total":1,"completed":1,"failed":0,"skipped":0,"errors":0,"listOnly":false},"exitReason":"authoritative-pass"}
2026-09-19T05:26:49.8984845Z {"restored":0,"removed":0,"unchanged":1497}
2026-09-19T05:27:10.5931868Z Album Haven production E2E app listening on http://127.0.0.1:5200 with 0 artists, 0 albums, 0 tracks, and provider fixtures on http://127.0.0.1:5202
2026-09-19T05:27:12.1027609Z 2026-09-19 05:27:12,100 [INFO] music_app: Startup scan-cache hydration completed files=7200 albums=400
2026-09-19T05:27:12.1029273Z 2026-09-19 05:27:12,100 [INFO] music_app: Legacy album exclusions migrated albums=1 removed_rules=18 created_rules=1
2026-09-19T05:27:12.5977184Z 2026-09-19 05:27:12,596 [INFO] music_app: Relation projection startup readiness ready=true rebuilt=true reason=missing_projection builder_version=local-relation-builder-v9 source_row_count=7438 duration_ms=455.76 source_load=137.21 fingerprint=62.10 pure_build=142.53 family_link_replacement=9.41 snapshot_publication=1.67
2026-09-19T05:27:13.8368034Z 2026-09-19 05:27:13,835 [INFO] music_app: {"action": "Index request completed", "album_count": 0, "artist_count": 0, "bootstrap_mode": "fresh_preview", "covers_in_progress": false, "elapsed_ms": 381.7, "hydrate_in_progress": false, "payload_elapsed_ms": 168.92, "query": "", "scan_in_progress": false, "selected_artist": ""}
2026-09-19T05:27:41.0846632Z 
2026-09-19T05:27:41.0847919Z Running 1 test using 1 worker
2026-09-19T05:27:41.0880112Z 
2026-09-19T05:27:44.3850555Z 2026-09-19 05:27:44,383 [INFO] music_app: {"action": "Index request completed", "album_count": 0, "artist_count": 0, "bootstrap_mode": "fresh_preview", "covers_in_progress": false, "elapsed_ms": 342.96, "hydrate_in_progress": false, "payload_elapsed_ms": 192.78, "query": "", "scan_in_progress": false, "selected_artist": ""}
2026-09-19T05:27:52.6785557Z Album Haven production E2E app listening on http://127.0.0.1:5200 with 0 artists, 0 albums, 0 tracks, and provider fixtures on http://127.0.0.1:5202
2026-09-19T05:27:54.1108925Z 2026-09-19 05:27:54,108 [INFO] music_app: Startup scan-cache hydration completed files=7200 albums=400
2026-09-19T05:27:54.6850889Z 2026-09-19 05:27:54,682 [INFO] music_app: Relation projection startup readiness ready=true rebuilt=true reason=missing_readiness_metadata builder_version=local-relation-builder-v9 source_row_count=7438 duration_ms=532.06 source_load=161.57 fingerprint=72.93 pure_build=169.39 family_link_replacement=8.27 snapshot_publication=2.90
2026-09-19T05:27:55.8457500Z 2026-09-19 05:27:55,844 [INFO] music_app: {"action": "Index request completed", "album_count": 0, "artist_count": 0, "bootstrap_mode": "fresh_preview", "covers_in_progress": false, "elapsed_ms": 423.03, "hydrate_in_progress": false, "payload_elapsed_ms": 144.79, "query": "", "scan_in_progress": false, "selected_artist": ""}
2026-09-19T05:28:15.5839315Z [TEST] FTC-TAGS-020 keeps the 60-album DDT gallery stable through Studio Records splits and restores
2026-09-19T05:28:15.5886293Z   [STEP] Open the 16-track Studio Records fixture after Publication
2026-09-19T05:28:15.9859015Z 2026-09-19 05:28:15,984 [INFO] music_app: {"action": "Index request completed", "album_count": 0, "artist_count": 0, "bootstrap_mode": "fresh_preview", "covers_in_progress": false, "elapsed_ms": 263.76, "hydrate_in_progress": false, "payload_elapsed_ms": 144.35, "query": "", "scan_in_progress": false, "selected_artist": ""}
2026-09-19T05:28:18.9070464Z 2026-09-19 05:28:18,865 [INFO] music_app: {"action": "Postgres album search request started", "query": "\u0414\u0414\u0422"}
2026-09-19T05:28:19.0458561Z 2026-09-19 05:28:19,028 [INFO] music_app: {"action": "View data request completed", "album_count": 60, "artist_count": 1, "elapsed_ms": 163.84, "query": "\u0414\u0414\u0422", "selected_artist": "\u0414\u0414\u0422"}
2026-09-19T05:28:24.1105162Z   [PASS] Open the 16-track Studio Records fixture after Publication (8522 ms)
2026-09-19T05:28:24.1108044Z   [STEP] Move the first remaining source track to suffix 2
2026-09-19T05:28:26.2304581Z 2026-09-19 05:28:25,823 [INFO] music_app: {"action": "Tags edited", "album": "\u0421\u0442\u0443\u0434\u0438\u0439\u043d\u044b\u0435 \u0437\u0430\u043f\u0438\u0441\u0438", "artist": "\u0414\u0414\u0422", "file_count": 1, "files": ["D:\\a\\_temp\\album-haven-e2e-functional-fixtures-gallery-search-visual\\shared\\media\\\u0414\u0414\u0422\\\u0421\u0442\u0443\u0434\u0438\u0439\u043d\u044b\u0435 \u0437\u0430\u043f\u0438\u0441\u0438\\01. \u0421\u0442\u0443\u0434\u0438\u0439\u043d\u0430\u044f \u0437\u0430\u043f\u0438\u0441\u044c 1.mp3"]}
2026-09-19T05:28:46.3590640Z   [PASS] Move the first remaining source track to suffix 2 (22247 ms)
2026-09-19T05:28:46.3591960Z   [STEP] Move the first remaining source track to suffix 3
2026-09-19T05:28:47.8577799Z 2026-09-19 05:28:47,856 [INFO] music_app: {"action": "Tags edited", "album": "\u0421\u0442\u0443\u0434\u0438\u0439\u043d\u044b\u0435 \u0437\u0430\u043f\u0438\u0441\u0438", "artist": "\u0414\u0414\u0422", "file_count": 1, "files": ["D:\\a\\_temp\\album-haven-e2e-functional-fixtures-gallery-search-visual\\shared\\media\\\u0414\u0414\u0422\\\u0421\u0442\u0443\u0434\u0438\u0439\u043d\u044b\u0435 \u0437\u0430\u043f\u0438\u0441\u0438\\02. \u0421\u0442\u0443\u0434\u0438\u0439\u043d\u0430\u044f \u0437\u0430\u043f\u0438\u0441\u044c 2.mp3"]}
2026-09-19T05:29:07.8516143Z   [PASS] Move the first remaining source track to suffix 3 (21493 ms)
2026-09-19T05:29:07.8517278Z   [STEP] Move the first remaining source track to suffix 4
2026-09-19T05:29:09.7755465Z 2026-09-19 05:29:09,772 [INFO] music_app: {"action": "Tags edited", "album": "\u0421\u0442\u0443\u0434\u0438\u0439\u043d\u044b\u0435 \u0437\u0430\u043f\u0438\u0441\u0438", "artist": "\u0414\u0414\u0422", "file_count": 1, "files": ["D:\\a\\_temp\\album-haven-e2e-functional-fixtures-gallery-search-visual\\shared\\media\\\u0414\u0414\u0422\\\u0421\u0442\u0443\u0434\u0438\u0439\u043d\u044b\u0435 \u0437\u0430\u043f\u0438\u0441\u0438\\03. \u0421\u0442\u0443\u0434\u0438\u0439\u043d\u0430\u044f \u0437\u0430\u043f\u0438\u0441\u044c 3.mp3"]}
2026-09-19T05:29:30.1981141Z   [PASS] Move the first remaining source track to suffix 4 (22347 ms)
2026-09-19T05:29:30.1983043Z   [STEP] Move the first remaining source track to suffix 5
2026-09-19T05:29:32.0414039Z 2026-09-19 05:29:32,039 [INFO] music_app: {"action": "Tags edited", "album": "\u0421\u0442\u0443\u0434\u0438\u0439\u043d\u044b\u0435 \u0437\u0430\u043f\u0438\u0441\u0438", "artist": "\u0414\u0414\u0422", "file_count": 1, "files": ["D:\\a\\_temp\\album-haven-e2e-functional-fixtures-gallery-search-visual\\shared\\media\\\u0414\u0414\u0422\\\u0421\u0442\u0443\u0434\u0438\u0439\u043d\u044b\u0435 \u0437\u0430\u043f\u0438\u0441\u0438\\04. \u0421\u0442\u0443\u0434\u0438\u0439\u043d\u0430\u044f \u0437\u0430\u043f\u0438\u0441\u044c 4.mp3"]}
2026-09-19T05:29:55.1463173Z   [PASS] Move the first remaining source track to suffix 5 (24948 ms)
2026-09-19T05:29:55.1464608Z   [STEP] Restore suffix 5 into Studio Records
2026-09-19T05:29:56.7107177Z 2026-09-19 05:29:56,708 [INFO] music_app: {"action": "Tags edited", "album": "\u0421\u0442\u0443\u0434\u0438\u0439\u043d\u044b\u0435 \u0437\u0430\u043f\u0438\u0441\u04385", "artist": "\u0414\u0414\u0422", "file_count": 1, "files": ["D:\\a\\_temp\\album-haven-e2e-functional-fixtures-gallery-search-visual\\shared\\media\\\u0414\u0414\u0422\\\u0421\u0442\u0443\u0434\u0438\u0439\u043d\u044b\u0435 \u0437\u0430\u043f\u0438\u0441\u0438\\04. \u0421\u0442\u0443\u0434\u0438\u0439\u043d\u0430\u044f \u0437\u0430\u043f\u0438\u0441\u044c 4.mp3"]}
2026-09-19T05:29:58.1858227Z   [PASS] Restore suffix 5 into Studio Records (3040 ms)
2026-09-19T05:29:58.1859259Z   [STEP] Restore suffix 4 into Studio Records
2026-09-19T05:29:59.8191809Z 2026-09-19 05:29:59,817 [INFO] music_app: {"action": "Tags edited", "album": "\u0421\u0442\u0443\u0434\u0438\u0439\u043d\u044b\u0435 \u0437\u0430\u043f\u0438\u0441\u04384", "artist": "\u0414\u0414\u0422", "file_count": 1, "files": ["D:\\a\\_temp\\album-haven-e2e-functional-fixtures-gallery-search-visual\\shared\\media\\\u0414\u0414\u0422\\\u0421\u0442\u0443\u0434\u0438\u0439\u043d\u044b\u0435 \u0437\u0430\u043f\u0438\u0441\u0438\\03. \u0421\u0442\u0443\u0434\u0438\u0439\u043d\u0430\u044f \u0437\u0430\u043f\u0438\u0441\u044c 3.mp3"]}
2026-09-19T05:30:02.2706928Z   [PASS] Restore suffix 4 into Studio Records (4085 ms)
2026-09-19T05:30:02.2708119Z   [STEP] Restore suffix 3 into Studio Records
2026-09-19T05:30:04.2577666Z 2026-09-19 05:30:04,255 [INFO] music_app: {"action": "Tags edited", "album": "\u0421\u0442\u0443\u0434\u0438\u0439\u043d\u044b\u0435 \u0437\u0430\u043f\u0438\u0441\u04383", "artist": "\u0414\u0414\u0422", "file_count": 1, "files": ["D:\\a\\_temp\\album-haven-e2e-functional-fixtures-gallery-search-visual\\shared\\media\\\u0414\u0414\u0422\\\u0421\u0442\u0443\u0434\u0438\u0439\u043d\u044b\u0435 \u0437\u0430\u043f\u0438\u0441\u0438\\02. \u0421\u0442\u0443\u0434\u0438\u0439\u043d\u0430\u044f \u0437\u0430\u043f\u0438\u0441\u044c 2.mp3"]}
2026-09-19T05:30:08.0317800Z   [PASS] Restore suffix 3 into Studio Records (5761 ms)
2026-09-19T05:30:08.0318899Z   [STEP] Restore suffix 2 into Studio Records
2026-09-19T05:30:10.0338756Z 2026-09-19 05:30:10,031 [INFO] music_app: {"action": "Tags edited", "album": "\u0421\u0442\u0443\u0434\u0438\u0439\u043d\u044b\u0435 \u0437\u0430\u043f\u0438\u0441\u04382", "artist": "\u0414\u0414\u0422", "file_count": 1, "files": ["D:\\a\\_temp\\album-haven-e2e-functional-fixtures-gallery-search-visual\\shared\\media\\\u0414\u0414\u0422\\\u0421\u0442\u0443\u0434\u0438\u0439\u043d\u044b\u0435 \u0437\u0430\u043f\u0438\u0441\u0438\\01. \u0421\u0442\u0443\u0434\u0438\u0439\u043d\u0430\u044f \u0437\u0430\u043f\u0438\u0441\u044c 1.mp3"]}
2026-09-19T05:30:11.6575578Z   [PASS] Restore suffix 2 into Studio Records (3625 ms)
2026-09-19T05:30:11.6577762Z   [STEP] Verify the final same-session gallery after all restores
2026-09-19T05:30:12.0094194Z   [PASS] Verify the final same-session gallery after all restores (352 ms)
2026-09-19T05:30:12.0095914Z   [STEP] Verify physical tags and a fresh-browser 16-track source
2026-09-19T05:30:13.2856326Z 2026-09-19 05:30:13,208 [INFO] music_app: {"action": "Index request completed", "album_count": 0, "artist_count": 0, "bootstrap_mode": "fresh_preview", "covers_in_progress": false, "elapsed_ms": 529.29, "hydrate_in_progress": false, "payload_elapsed_ms": 187.37, "query": "", "scan_in_progress": false, "selected_artist": ""}
2026-09-19T05:30:17.1748591Z 2026-09-19 05:30:16,894 [INFO] music_app: {"action": "Postgres album search request started", "query": "\u0414\u0414\u0422"}
2026-09-19T05:30:17.1835869Z 2026-09-19 05:30:17,120 [INFO] music_app: {"action": "View data request completed", "album_count": 60, "artist_count": 1, "elapsed_ms": 225.32, "query": "\u0414\u0414\u0422", "selected_artist": "\u0414\u0414\u0422"}
2026-09-19T05:30:24.4087202Z   [PASS] Verify physical tags and a fresh-browser 16-track source (9236 ms)
2026-09-19T05:30:27.8643829Z Album Haven production E2E app listening on http://127.0.0.1:5200 with 0 artists, 0 albums, 0 tracks, and provider fixtures on http://127.0.0.1:5202
2026-09-19T05:30:29.4473833Z 2026-09-19 05:30:29,444 [INFO] music_app: Startup scan-cache hydration completed files=7200 albums=400
2026-09-19T05:30:30.0087762Z 2026-09-19 05:30:30,007 [INFO] music_app: Relation projection startup readiness ready=true rebuilt=true reason=missing_readiness_metadata builder_version=local-relation-builder-v9 source_row_count=7454 duration_ms=521.83 source_load=177.18 fingerprint=68.32 pure_build=152.41 family_link_replacement=6.27 snapshot_publication=1.57
2026-09-19T05:30:31.2311952Z 2026-09-19 05:30:31,228 [INFO] music_app: {"action": "Index request completed", "album_count": 0, "artist_count": 0, "bootstrap_mode": "fresh_preview", "covers_in_progress": false, "elapsed_ms": 421.16, "hydrate_in_progress": false, "payload_elapsed_ms": 139.01, "query": "", "scan_in_progress": false, "selected_artist": ""}
2026-09-19T05:30:51.6570232Z   ok 1 [functional] › tests\e2e\specs\ddtStudioRecordsRenderer.spec.js:66:1 › FTC-TAGS-020 keeps the 60-album DDT gallery stable through Studio Records splits and restores @area:tag-edit (3.1m)
2026-09-19T05:30:51.6625388Z [album-haven-playwright-result] {"version":1,"phase":"tests-complete","nonce":"a9c75c9359dedd5e1337badee7d1572e1ac71305aaba46e286353bd554ed2cc5","status":"passed","total":1,"completed":1,"failed":0,"skipped":0,"errors":0}
2026-09-19T05:30:52.4449184Z 
2026-09-19T05:30:52.4449204Z 
2026-09-19T05:30:52.4449215Z 
2026-09-19T05:30:52.4453841Z [album-haven-playwright-result] {"version":1,"phase":"run-final","nonce":"a9c75c9359dedd5e1337badee7d1572e1ac71305aaba46e286353bd554ed2cc5","status":"passed","total":1,"completed":1,"failed":0,"skipped":0,"errors":0}
2026-09-19T05:30:52.9306629Z   1 passed (3.2m)
2026-09-19T05:30:52.9307001Z 
2026-09-19T05:30:52.9307276Z === Playwright Summary ===
2026-09-19T05:30:52.9308605Z [[32m✓[0m] ddtStudioRecordsRenderer.spec
2026-09-19T05:30:52.9310060Z   [[32m✓[0m] FTC-TAGS-020 keeps the 60-album DDT gallery stable through Studio Records splits and restores @area:tag-edit (3.1m)
2026-09-19T05:30:52.9310950Z 
2026-09-19T05:30:52.9311185Z Overall: 1/1 passed
2026-09-19T05:30:58.2751532Z [playwright-wrapper-final-decision] {"wrapperExitCode":0,"attemptReturn":{"exitCode":0,"exitReason":"authoritative-pass"},"fakeDatabaseCleanup":{"status":"completed","error":null,"mode":"lock-only"},"scanAppCleanup":{"status":"not-required","error":null},"isolatedAppCleanup":{"status":"completed","error":null},"tempCleanup":{"status":"completed","error":null,"removedCount":1},"passivePortDiagnostics":[{"port":5200,"status":"completed","error":null,"ownerCount":0},{"port":5202,"status":"completed","error":null,"ownerCount":0}],"finalSummary":{"phase":"run-final","status":"passed","total":1,"completed":1,"failed":0,"skipped":0,"errors":0,"listOnly":false},"exitReason":"authoritative-pass"}
2026-09-19T05:31:00.0468140Z {"restored":16,"removed":0,"unchanged":1481}
2026-09-19T05:31:05.1487661Z {"files":1497}
2026-09-19T05:31:05.5809350Z ##[error]Process completed with exit code 1.
2026-09-19T05:31:05.6026767Z ##[group]Run $statePath = "D:\a\_temp\album-haven-functional-gallery-search-visual.state.json"
2026-09-19T05:31:05.6027699Z [36;1m$statePath = "D:\a\_temp\album-haven-functional-gallery-search-visual.state.json"[0m
2026-09-19T05:31:05.6028360Z [36;1mif (Test-Path -LiteralPath $statePath -PathType Leaf) {[0m
2026-09-19T05:31:05.6028936Z [36;1m  .\scripts\ci\bootstrap-windows-postgres.ps1 `[0m
2026-09-19T05:31:05.6029366Z [36;1m    -Mode Teardown `[0m
2026-09-19T05:31:05.6029721Z [36;1m    -ExpectedMajorVersion 17 `[0m
2026-09-19T05:31:05.6030104Z [36;1m    -Pgbin $env:PGBIN `[0m
2026-09-19T05:31:05.6030458Z [36;1m    -HostName 127.0.0.1 `[0m
2026-09-19T05:31:05.6030833Z [36;1m    -DatabaseSuffix "f_35419743702_2_0" `[0m
2026-09-19T05:31:05.6031374Z [36;1m    -StatePath "D:\a\_temp\album-haven-functional-gallery-search-visual.state.json"[0m
2026-09-19T05:31:05.6031920Z [36;1m}[0m
2026-09-19T05:31:05.6133803Z shell: C:\Program Files\PowerShell\7\pwsh.EXE -command ". '{0}'"
2026-09-19T05:31:05.6134628Z env:
2026-09-19T05:31:05.6135226Z   ALBUM_HAVEN_EXPECTED_FFMPEG_VERSION: 7.1-essentials_build-www.gyan.dev
2026-09-19T05:31:05.6135834Z   ALBUM_HAVEN_FIXTURE_RELEASE: fixtures-v1.0.23
2026-09-19T05:31:05.6136259Z   ALBUM_HAVEN_FIXTURE_PROFILE: functional-core
2026-09-19T05:31:05.6136864Z   ALBUM_HAVEN_FIXTURE_ROOT: D:\a\_temp\album-haven-e2e-functional-fixtures-gallery-search-visual\shared
2026-09-19T05:31:05.6137782Z   ALBUM_HAVEN_MEDIA_ROOT: D:\a\_temp\album-haven-e2e-functional-fixtures-gallery-search-visual\shared\media
2026-09-19T05:31:05.6138558Z   pythonLocation: C:\hostedtoolcache\windows\Python\3.11.9\x64
2026-09-19T05:31:05.6139128Z   PKG_CONFIG_PATH: C:\hostedtoolcache\windows\Python\3.11.9\x64/lib/pkgconfig
2026-09-19T05:31:05.6139655Z   Python_ROOT_DIR: C:\hostedtoolcache\windows\Python\3.11.9\x64
2026-09-19T05:31:05.6140175Z   Python2_ROOT_DIR: C:\hostedtoolcache\windows\Python\3.11.9\x64
2026-09-19T05:31:05.6140706Z   Python3_ROOT_DIR: C:\hostedtoolcache\windows\Python\3.11.9\x64
2026-09-19T05:31:05.6141752Z   ALBUM_HAVEN_FUNCTIONAL_FIXTURE_WORK_ROOT: D:\a\_temp\album-haven-e2e-functional-fixtures-gallery-search-visual
2026-09-19T05:31:05.6142596Z   ALBUM_HAVEN_FUNCTIONAL_SOURCE_FIXTURE_ROOT: D:\a\_temp\album-haven-fixtures-61c4851832ff47d6af9dea2a6d059bd4
2026-09-19T05:31:05.6143292Z   PGPASSFILE: D:\a\_temp\album-haven-postgres-f_35419743702_2_0.pgpass
2026-09-19T05:31:05.6143811Z   ALBUM_HAVEN_CI_DATABASE: album_haven_ci_f_35419743702_2_0
2026-09-19T05:31:05.6144513Z   DATABASE_MIGRATOR_URL: postgresql://album_haven_migrator_f_35419743702_2_0@127.0.0.1/album_haven_ci_f_35419743702_2_0
2026-09-19T05:31:05.6145333Z   DATABASE_APP_URL: postgresql://album_haven_app_f_35419743702_2_0@127.0.0.1/album_haven_ci_f_35419743702_2_0
2026-09-19T05:31:05.6146174Z   DATABASE_READONLY_URL: postgresql://album_haven_readonly_f_35419743702_2_0@127.0.0.1/album_haven_ci_f_35419743702_2_0
2026-09-19T05:31:05.6147116Z   ALBUM_HAVEN_FAKE_E2E_SETUP_DATABASE_URL: postgresql://album_haven_migrator_f_35419743702_2_0@127.0.0.1/album_haven_ci_f_35419743702_2_0
2026-09-19T05:31:05.6148066Z   ALBUM_HAVEN_FAKE_E2E_DATABASE_URL: postgresql://album_haven_app_f_35419743702_2_0@127.0.0.1/album_haven_ci_f_35419743702_2_0
2026-09-19T05:31:05.6148969Z   ALBUM_HAVEN_APP_DATABASE_URL: postgresql://album_haven_app_f_35419743702_2_0@127.0.0.1/album_haven_ci_f_35419743702_2_0
2026-09-19T05:31:05.6149560Z ##[endgroup]
2026-09-19T05:31:06.3092142Z  pg_terminate_backend 
2026-09-19T05:31:06.3092656Z ----------------------
2026-09-19T05:31:06.3093037Z (0 rows)
2026-09-19T05:31:06.3093217Z 
2026-09-19T05:31:06.8170191Z DROP DATABASE
2026-09-19T05:31:06.8206122Z DROP ROLE
2026-09-19T05:31:06.8231442Z DROP ROLE
2026-09-19T05:31:06.8256702Z DROP ROLE
2026-09-19T05:31:06.9495473Z Node 20 is being deprecated. This workflow is running with Node 24 by default. If you need to temporarily use Node 20, you can set the ACTIONS_ALLOW_USE_UNSECURE_NODE_VERSION=true environment variable. For more information see: https://github.blog/changelog/2025-09-19-deprecation-of-node-20-on-github-actions-runners/
2026-09-19T05:31:06.9497778Z ##[group]Run actions/upload-artifact@v4
2026-09-19T05:31:06.9498229Z with:
2026-09-19T05:31:06.9498710Z   name: foundation-versions-functional-gallery-search-visual-2
2026-09-19T05:31:06.9499671Z   path: D:\a\_temp\foundation-version-manifest-functional-gallery-search-visual.json
2026-09-19T05:31:06.9500461Z   if-no-files-found: error
2026-09-19T05:31:06.9500931Z   retention-days: 14
2026-09-19T05:31:06.9501287Z   compression-level: 6
2026-09-19T05:31:06.9501639Z   overwrite: false
2026-09-19T05:31:06.9501994Z   include-hidden-files: false
2026-09-19T05:31:06.9502377Z env:
2026-09-19T05:31:06.9502890Z   ALBUM_HAVEN_EXPECTED_FFMPEG_VERSION: 7.1-essentials_build-www.gyan.dev
2026-09-19T05:31:06.9503580Z   ALBUM_HAVEN_FIXTURE_RELEASE: fixtures-v1.0.23
2026-09-19T05:31:06.9504112Z   ALBUM_HAVEN_FIXTURE_PROFILE: functional-core
2026-09-19T05:31:06.9504989Z   ALBUM_HAVEN_FIXTURE_ROOT: D:\a\_temp\album-haven-e2e-functional-fixtures-gallery-search-visual\shared
2026-09-19T05:31:06.9506276Z   ALBUM_HAVEN_MEDIA_ROOT: D:\a\_temp\album-haven-e2e-functional-fixtures-gallery-search-visual\shared\media
2026-09-19T05:31:06.9507293Z   pythonLocation: C:\hostedtoolcache\windows\Python\3.11.9\x64
2026-09-19T05:31:06.9508071Z   PKG_CONFIG_PATH: C:\hostedtoolcache\windows\Python\3.11.9\x64/lib/pkgconfig
2026-09-19T05:31:06.9508852Z   Python_ROOT_DIR: C:\hostedtoolcache\windows\Python\3.11.9\x64
2026-09-19T05:31:06.9509548Z   Python2_ROOT_DIR: C:\hostedtoolcache\windows\Python\3.11.9\x64
2026-09-19T05:31:06.9510561Z   Python3_ROOT_DIR: C:\hostedtoolcache\windows\Python\3.11.9\x64
2026-09-19T05:31:06.9511597Z   ALBUM_HAVEN_FUNCTIONAL_FIXTURE_WORK_ROOT: D:\a\_temp\album-haven-e2e-functional-fixtures-gallery-search-visual
2026-09-19T05:31:06.9512923Z   ALBUM_HAVEN_FUNCTIONAL_SOURCE_FIXTURE_ROOT: D:\a\_temp\album-haven-fixtures-61c4851832ff47d6af9dea2a6d059bd4
2026-09-19T05:31:06.9513950Z   PGPASSFILE: D:\a\_temp\album-haven-postgres-f_35419743702_2_0.pgpass
2026-09-19T05:31:06.9514651Z   ALBUM_HAVEN_CI_DATABASE: album_haven_ci_f_35419743702_2_0
2026-09-19T05:31:06.9515652Z   DATABASE_MIGRATOR_URL: postgresql://album_haven_migrator_f_35419743702_2_0@127.0.0.1/album_haven_ci_f_35419743702_2_0
2026-09-19T05:31:06.9516966Z   DATABASE_APP_URL: postgresql://album_haven_app_f_35419743702_2_0@127.0.0.1/album_haven_ci_f_35419743702_2_0
2026-09-19T05:31:06.9518255Z   DATABASE_READONLY_URL: postgresql://album_haven_readonly_f_35419743702_2_0@127.0.0.1/album_haven_ci_f_35419743702_2_0
2026-09-19T05:31:06.9519722Z   ALBUM_HAVEN_FAKE_E2E_SETUP_DATABASE_URL: postgresql://album_haven_migrator_f_35419743702_2_0@127.0.0.1/album_haven_ci_f_35419743702_2_0
2026-09-19T05:31:06.9521221Z   ALBUM_HAVEN_FAKE_E2E_DATABASE_URL: postgresql://album_haven_app_f_35419743702_2_0@127.0.0.1/album_haven_ci_f_35419743702_2_0
2026-09-19T05:31:06.9522609Z   ALBUM_HAVEN_APP_DATABASE_URL: postgresql://album_haven_app_f_35419743702_2_0@127.0.0.1/album_haven_ci_f_35419743702_2_0
2026-09-19T05:31:06.9523498Z ##[endgroup]
2026-09-19T05:31:07.1756709Z (node:6260) [DEP0040] DeprecationWarning: The `punycode` module is deprecated. Please use a userland alternative instead.
2026-09-19T05:31:07.1757760Z (Use `node --trace-deprecation ...` to show where the warning was created)
2026-09-19T05:31:07.1818291Z With the provided path, there will be 1 file uploaded
2026-09-19T05:31:07.1824265Z Artifact name is valid!
2026-09-19T05:31:07.1826642Z Root directory input is valid!
2026-09-19T05:31:07.5407590Z Beginning upload of artifact content to blob storage
2026-09-19T05:31:07.5635042Z (node:6260) [DEP0169] DeprecationWarning: `url.parse()` behavior is not standardized and prone to errors that have security implications. Use the WHATWG URL API instead. CVEs are not issued for `url.parse()` vulnerabilities.
2026-09-19T05:31:07.7854508Z Uploaded bytes 551
2026-09-19T05:31:07.8525188Z Finished uploading artifact content to blob storage!
2026-09-19T05:31:07.8526792Z SHA256 digest of uploaded artifact zip is 11e1e6d259c45afbe697dd30e7764b46eb33ec8ce8d2744345d870433ea35296
2026-09-19T05:31:07.8529775Z Finalizing artifact upload
2026-09-19T05:31:08.0856557Z Artifact foundation-versions-functional-gallery-search-visual-2.zip successfully finalized. Artifact ID 10578447458
2026-09-19T05:31:08.0858828Z Artifact foundation-versions-functional-gallery-search-visual-2 has been successfully uploaded! Final size is 551 bytes. Artifact ID is 10578447458
2026-09-19T05:31:08.0868792Z Artifact download URL: https://github.com/idanilovqa/AlbumHaven/actions/runs/35419743702/artifacts/10578447458
2026-09-19T05:31:08.1200704Z Node 20 is being deprecated. This workflow is running with Node 24 by default. If you need to temporarily use Node 20, you can set the ACTIONS_ALLOW_USE_UNSECURE_NODE_VERSION=true environment variable. For more information see: https://github.blog/changelog/2025-09-19-deprecation-of-node-20-on-github-actions-runners/
2026-09-19T05:31:08.1202130Z ##[group]Run actions/upload-artifact@v4
2026-09-19T05:31:08.1202417Z with:
2026-09-19T05:31:08.1202656Z   name: functional-blob-gallery-search-visual-2
2026-09-19T05:31:08.1203043Z   path: D:\a\_temp\functional-blobs-gallery-search-visual
2026-09-19T05:31:08.1203390Z   if-no-files-found: error
2026-09-19T05:31:08.1203633Z   retention-days: 14
2026-09-19T05:31:08.1203851Z   compression-level: 6
2026-09-19T05:31:08.1204077Z   overwrite: false
2026-09-19T05:31:08.1204313Z   include-hidden-files: false
2026-09-19T05:31:08.1204549Z env:
2026-09-19T05:31:08.1204873Z   ALBUM_HAVEN_EXPECTED_FFMPEG_VERSION: 7.1-essentials_build-www.gyan.dev
2026-09-19T05:31:08.1205302Z   ALBUM_HAVEN_FIXTURE_RELEASE: fixtures-v1.0.23
2026-09-19T05:31:08.1205631Z   ALBUM_HAVEN_FIXTURE_PROFILE: functional-core
2026-09-19T05:31:08.1206163Z   ALBUM_HAVEN_FIXTURE_ROOT: D:\a\_temp\album-haven-e2e-functional-fixtures-gallery-search-visual\shared
2026-09-19T05:31:08.1207374Z   ALBUM_HAVEN_MEDIA_ROOT: D:\a\_temp\album-haven-e2e-functional-fixtures-gallery-search-visual\shared\media
2026-09-19T05:31:08.1207979Z   pythonLocation: C:\hostedtoolcache\windows\Python\3.11.9\x64
2026-09-19T05:31:08.1208448Z   PKG_CONFIG_PATH: C:\hostedtoolcache\windows\Python\3.11.9\x64/lib/pkgconfig
2026-09-19T05:31:08.1208909Z   Python_ROOT_DIR: C:\hostedtoolcache\windows\Python\3.11.9\x64
2026-09-19T05:31:08.1209325Z   Python2_ROOT_DIR: C:\hostedtoolcache\windows\Python\3.11.9\x64
2026-09-19T05:31:08.1209744Z   Python3_ROOT_DIR: C:\hostedtoolcache\windows\Python\3.11.9\x64
2026-09-19T05:31:08.1210334Z   ALBUM_HAVEN_FUNCTIONAL_FIXTURE_WORK_ROOT: D:\a\_temp\album-haven-e2e-functional-fixtures-gallery-search-visual
2026-09-19T05:31:08.1211095Z   ALBUM_HAVEN_FUNCTIONAL_SOURCE_FIXTURE_ROOT: D:\a\_temp\album-haven-fixtures-61c4851832ff47d6af9dea2a6d059bd4
2026-09-19T05:31:08.1211689Z   PGPASSFILE: D:\a\_temp\album-haven-postgres-f_35419743702_2_0.pgpass
2026-09-19T05:31:08.1212107Z   ALBUM_HAVEN_CI_DATABASE: album_haven_ci_f_35419743702_2_0
2026-09-19T05:31:08.1212694Z   DATABASE_MIGRATOR_URL: postgresql://album_haven_migrator_f_35419743702_2_0@127.0.0.1/album_haven_ci_f_35419743702_2_0
2026-09-19T05:31:08.1213443Z   DATABASE_APP_URL: postgresql://album_haven_app_f_35419743702_2_0@127.0.0.1/album_haven_ci_f_35419743702_2_0
2026-09-19T05:31:08.1214179Z   DATABASE_READONLY_URL: postgresql://album_haven_readonly_f_35419743702_2_0@127.0.0.1/album_haven_ci_f_35419743702_2_0
2026-09-19T05:31:08.1215265Z   ALBUM_HAVEN_FAKE_E2E_SETUP_DATABASE_URL: postgresql://album_haven_migrator_f_35419743702_2_0@127.0.0.1/album_haven_ci_f_35419743702_2_0
2026-09-19T05:31:08.1216138Z   ALBUM_HAVEN_FAKE_E2E_DATABASE_URL: postgresql://album_haven_app_f_35419743702_2_0@127.0.0.1/album_haven_ci_f_35419743702_2_0
2026-09-19T05:31:08.1216938Z   ALBUM_HAVEN_APP_DATABASE_URL: postgresql://album_haven_app_f_35419743702_2_0@127.0.0.1/album_haven_ci_f_35419743702_2_0
2026-09-19T05:31:08.1217459Z ##[endgroup]
2026-09-19T05:31:08.3365482Z (node:5124) [DEP0040] DeprecationWarning: The `punycode` module is deprecated. Please use a userland alternative instead.
2026-09-19T05:31:08.3367028Z (Use `node --trace-deprecation ...` to show where the warning was created)
2026-09-19T05:31:08.3489605Z With the provided path, there will be 18 files uploaded
2026-09-19T05:31:08.3497692Z Artifact name is valid!
2026-09-19T05:31:08.3499278Z Root directory input is valid!
2026-09-19T05:31:08.7148642Z Beginning upload of artifact content to blob storage
2026-09-19T05:31:09.0353290Z (node:5124) [DEP0169] DeprecationWarning: `url.parse()` behavior is not standardized and prone to errors that have security implications. Use the WHATWG URL API instead. CVEs are not issued for `url.parse()` vulnerabilities.
2026-09-19T05:31:10.0447133Z Uploaded bytes 8388608
2026-09-19T05:31:10.1901031Z Uploaded bytes 16777216
2026-09-19T05:31:10.4050615Z Uploaded bytes 25165824
2026-09-19T05:31:10.8701276Z Uploaded bytes 33554432
2026-09-19T05:31:11.0144795Z Uploaded bytes 36447919
2026-09-19T05:31:11.0787420Z Finished uploading artifact content to blob storage!
2026-09-19T05:31:11.0789114Z SHA256 digest of uploaded artifact zip is 0ebd4813f5262354fe4454b6bcc5ab0ffae27a168c2bba212610e1f446a697dc
2026-09-19T05:31:11.0791743Z Finalizing artifact upload
2026-09-19T05:31:11.3184203Z Artifact functional-blob-gallery-search-visual-2.zip successfully finalized. Artifact ID 10578942255
2026-09-19T05:31:11.3186321Z Artifact functional-blob-gallery-search-visual-2 has been successfully uploaded! Final size is 36447919 bytes. Artifact ID is 10578942255
2026-09-19T05:31:11.3196987Z Artifact download URL: https://github.com/idanilovqa/AlbumHaven/actions/runs/35419743702/artifacts/10578942255
2026-09-19T05:31:11.3633539Z Node 20 is being deprecated. This workflow is running with Node 24 by default. If you need to temporarily use Node 20, you can set the ACTIONS_ALLOW_USE_UNSECURE_NODE_VERSION=true environment variable. For more information see: https://github.blog/changelog/2025-09-19-deprecation-of-node-20-on-github-actions-runners/
2026-09-19T05:31:11.3634971Z ##[group]Run actions/upload-artifact@v4
2026-09-19T05:31:11.3635266Z with:
2026-09-19T05:31:11.3635524Z   name: functional-debug-gallery-search-visual-2
2026-09-19T05:31:11.3635933Z   path: D:\a\_temp\functional-output-gallery-search-visual
2026-09-19T05:31:11.3636293Z   if-no-files-found: error
2026-09-19T05:31:11.3636530Z   retention-days: 7
2026-09-19T05:31:11.3636759Z   compression-level: 6
2026-09-19T05:31:11.3637011Z   overwrite: false
2026-09-19T05:31:11.3637318Z   include-hidden-files: false
2026-09-19T05:31:11.3637565Z env:
2026-09-19T05:31:11.3637895Z   ALBUM_HAVEN_EXPECTED_FFMPEG_VERSION: 7.1-essentials_build-www.gyan.dev
2026-09-19T05:31:11.3638333Z   ALBUM_HAVEN_FIXTURE_RELEASE: fixtures-v1.0.23
2026-09-19T05:31:11.3638670Z   ALBUM_HAVEN_FIXTURE_PROFILE: functional-core
2026-09-19T05:31:11.3639206Z   ALBUM_HAVEN_FIXTURE_ROOT: D:\a\_temp\album-haven-e2e-functional-fixtures-gallery-search-visual\shared
2026-09-19T05:31:11.3639964Z   ALBUM_HAVEN_MEDIA_ROOT: D:\a\_temp\album-haven-e2e-functional-fixtures-gallery-search-visual\shared\media
2026-09-19T05:31:11.3640575Z   pythonLocation: C:\hostedtoolcache\windows\Python\3.11.9\x64
2026-09-19T05:31:11.3641046Z   PKG_CONFIG_PATH: C:\hostedtoolcache\windows\Python\3.11.9\x64/lib/pkgconfig
2026-09-19T05:31:11.3641512Z   Python_ROOT_DIR: C:\hostedtoolcache\windows\Python\3.11.9\x64
2026-09-19T05:31:11.3641940Z   Python2_ROOT_DIR: C:\hostedtoolcache\windows\Python\3.11.9\x64
2026-09-19T05:31:11.3642607Z   Python3_ROOT_DIR: C:\hostedtoolcache\windows\Python\3.11.9\x64
2026-09-19T05:31:11.3643214Z   ALBUM_HAVEN_FUNCTIONAL_FIXTURE_WORK_ROOT: D:\a\_temp\album-haven-e2e-functional-fixtures-gallery-search-visual
2026-09-19T05:31:11.3644058Z   ALBUM_HAVEN_FUNCTIONAL_SOURCE_FIXTURE_ROOT: D:\a\_temp\album-haven-fixtures-61c4851832ff47d6af9dea2a6d059bd4
2026-09-19T05:31:11.3645132Z   PGPASSFILE: D:\a\_temp\album-haven-postgres-f_35419743702_2_0.pgpass
2026-09-19T05:31:11.3645562Z   ALBUM_HAVEN_CI_DATABASE: album_haven_ci_f_35419743702_2_0
2026-09-19T05:31:11.3646158Z   DATABASE_MIGRATOR_URL: postgresql://album_haven_migrator_f_35419743702_2_0@127.0.0.1/album_haven_ci_f_35419743702_2_0
2026-09-19T05:31:11.3646916Z   DATABASE_APP_URL: postgresql://album_haven_app_f_35419743702_2_0@127.0.0.1/album_haven_ci_f_35419743702_2_0
2026-09-19T05:31:11.3647662Z   DATABASE_READONLY_URL: postgresql://album_haven_readonly_f_35419743702_2_0@127.0.0.1/album_haven_ci_f_35419743702_2_0
2026-09-19T05:31:11.3648543Z   ALBUM_HAVEN_FAKE_E2E_SETUP_DATABASE_URL: postgresql://album_haven_migrator_f_35419743702_2_0@127.0.0.1/album_haven_ci_f_35419743702_2_0
2026-09-19T05:31:11.3649421Z   ALBUM_HAVEN_FAKE_E2E_DATABASE_URL: postgresql://album_haven_app_f_35419743702_2_0@127.0.0.1/album_haven_ci_f_35419743702_2_0
2026-09-19T05:31:11.3650229Z   ALBUM_HAVEN_APP_DATABASE_URL: postgresql://album_haven_app_f_35419743702_2_0@127.0.0.1/album_haven_ci_f_35419743702_2_0
2026-09-19T05:31:11.3650757Z ##[endgroup]
2026-09-19T05:31:11.5926530Z (node:4656) [DEP0040] DeprecationWarning: The `punycode` module is deprecated. Please use a userland alternative instead.
2026-09-19T05:31:11.5927524Z (Use `node --trace-deprecation ...` to show where the warning was created)
2026-09-19T05:31:11.6329597Z With the provided path, there will be 36 files uploaded
2026-09-19T05:31:11.6335420Z Artifact name is valid!
2026-09-19T05:31:11.6337003Z Root directory input is valid!
2026-09-19T05:31:11.9966883Z Beginning upload of artifact content to blob storage
2026-09-19T05:31:12.3209933Z (node:4656) [DEP0169] DeprecationWarning: `url.parse()` behavior is not standardized and prone to errors that have security implications. Use the WHATWG URL API instead. CVEs are not issued for `url.parse()` vulnerabilities.
2026-09-19T05:31:13.3051267Z Uploaded bytes 8388608
2026-09-19T05:31:13.5642254Z Uploaded bytes 16777216
2026-09-19T05:31:13.9521419Z Uploaded bytes 25165824
2026-09-19T05:31:14.0853673Z Uploaded bytes 33554432
2026-09-19T05:31:14.3027260Z Uploaded bytes 39729754
2026-09-19T05:31:14.3649516Z Finished uploading artifact content to blob storage!
2026-09-19T05:31:14.3654716Z SHA256 digest of uploaded artifact zip is e19345c8dbb3535dc06426e6f20e3b960e705e2ec9bb4bd2932fe433500ccc85
2026-09-19T05:31:14.3657593Z Finalizing artifact upload
2026-09-19T05:31:14.5950912Z Artifact functional-debug-gallery-search-visual-2.zip successfully finalized. Artifact ID 10578962199
2026-09-19T05:31:14.5952757Z Artifact functional-debug-gallery-search-visual-2 has been successfully uploaded! Final size is 39729754 bytes. Artifact ID is 10578962199
2026-09-19T05:31:14.5964402Z Artifact download URL: https://github.com/idanilovqa/AlbumHaven/actions/runs/35419743702/artifacts/10578962199
2026-09-19T05:31:14.6372652Z Post job cleanup.
2026-09-19T05:31:14.8743668Z [command]"C:\Program Files\Git\bin\git.exe" version
2026-09-19T05:31:14.9035461Z git version 2.55.0.windows.5
2026-09-19T05:31:14.9104468Z Temporarily overriding HOME='D:\a\_temp\3baa5e27-094b-41dc-9ffd-640f687bcd9f' before making global git config changes
2026-09-19T05:31:14.9106027Z Adding repository directory to the temporary git global config as a safe directory
2026-09-19T05:31:14.9117387Z [command]"C:\Program Files\Git\bin\git.exe" config --global --add safe.directory D:\a\AlbumHaven\AlbumHaven\.trusted-ci
2026-09-19T05:31:14.9450009Z [command]"C:\Program Files\Git\bin\git.exe" config --local --name-only --get-regexp core\.sshCommand
2026-09-19T05:31:14.9781676Z [command]"C:\Program Files\Git\bin\git.exe" submodule foreach --recursive "sh -c \"git config --local --name-only --get-regexp 'core\.sshCommand' && git config --local --unset-all 'core.sshCommand' || :\""
2026-09-19T05:31:15.5345976Z [command]"C:\Program Files\Git\bin\git.exe" config --local --name-only --get-regexp http\.https\:\/\/github\.com\/\.extraheader
2026-09-19T05:31:15.5658147Z [command]"C:\Program Files\Git\bin\git.exe" submodule foreach --recursive "sh -c \"git config --local --name-only --get-regexp 'http\.https\:\/\/github\.com\/\.extraheader' && git config --local --unset-all 'http.https://github.com/.extraheader' || :\""
2026-09-19T05:31:16.1293855Z [command]"C:\Program Files\Git\bin\git.exe" config --local --name-only --get-regexp ^includeIf\.gitdir:
2026-09-19T05:31:16.1638621Z [command]"C:\Program Files\Git\bin\git.exe" submodule foreach --recursive "git config --local --show-origin --name-only --get-regexp remote.origin.url"
2026-09-19T05:31:16.7686463Z Post job cleanup.
2026-09-19T05:31:17.0255178Z [command]"C:\Program Files\Git\bin\git.exe" version
2026-09-19T05:31:17.0568848Z git version 2.55.0.windows.5
2026-09-19T05:31:17.0648516Z Temporarily overriding HOME='D:\a\_temp\eacda509-4755-40d1-ab62-b56f61036c7f' before making global git config changes
2026-09-19T05:31:17.0649951Z Adding repository directory to the temporary git global config as a safe directory
2026-09-19T05:31:17.0661259Z [command]"C:\Program Files\Git\bin\git.exe" config --global --add safe.directory D:\a\AlbumHaven\AlbumHaven
2026-09-19T05:31:17.0983828Z [command]"C:\Program Files\Git\bin\git.exe" config --local --name-only --get-regexp core\.sshCommand
2026-09-19T05:31:17.1306679Z [command]"C:\Program Files\Git\bin\git.exe" submodule foreach --recursive "sh -c \"git config --local --name-only --get-regexp 'core\.sshCommand' && git config --local --unset-all 'core.sshCommand' || :\""
2026-09-19T05:31:17.7346747Z [command]"C:\Program Files\Git\bin\git.exe" config --local --name-only --get-regexp http\.https\:\/\/github\.com\/\.extraheader
2026-09-19T05:31:17.7665065Z [command]"C:\Program Files\Git\bin\git.exe" submodule foreach --recursive "sh -c \"git config --local --name-only --get-regexp 'http\.https\:\/\/github\.com\/\.extraheader' && git config --local --unset-all 'http.https://github.com/.extraheader' || :\""
2026-09-19T05:31:18.3178727Z [command]"C:\Program Files\Git\bin\git.exe" config --local --name-only --get-regexp ^includeIf\.gitdir:
2026-09-19T05:31:18.3492058Z [command]"C:\Program Files\Git\bin\git.exe" submodule foreach --recursive "git config --local --show-origin --name-only --get-regexp remote.origin.url"
2026-09-19T05:31:18.9182625Z Cleaning up orphan processes
2026-09-19T05:31:19.0590644Z ##[warning]Node.js 20 is deprecated. The following actions target Node.js 20 but are being forced to run on Node.js 24: actions/setup-node@v4, actions/setup-python@v5, actions/upload-artifact@v4. For more information see: https://github.blog/changelog/2025-09-19-deprecation-of-node-20-on-github-actions-runners/
