2026-09-19T00:13:19.1294534Z Current runner version: '2.337.0'
2026-09-19T00:13:19.1316419Z ##[group]Runner Image Provisioner
2026-09-19T00:13:19.1317049Z Hosted Compute Agent
2026-09-19T00:13:19.1317480Z Version: 20260828.587
2026-09-19T00:13:19.1317972Z Commit: abac92662cab4cc7352de4f9f9d2e2419aad9c29
2026-09-19T00:13:19.1318491Z Build Date: 2026-08-28T16:44:25Z
2026-09-19T00:13:19.1318958Z Worker ID: {c22d1d91-71cf-4ca8-95a9-769b1c091453}
2026-09-19T00:13:19.1319431Z Azure Region: centralus
2026-09-19T00:13:19.1319847Z ##[endgroup]
2026-09-19T00:13:19.1320741Z ##[group]Operating System
2026-09-19T00:13:19.1321218Z Microsoft Windows Server 2025
2026-09-19T00:13:19.1321644Z 10.0.26100
2026-09-19T00:13:19.1321996Z Datacenter
2026-09-19T00:13:19.1322380Z ##[endgroup]
2026-09-19T00:13:19.1322754Z ##[group]Runner Image
2026-09-19T00:13:19.1323676Z Image: windows-2025-vs2026
2026-09-19T00:13:19.1324111Z Version: 20260907.229.1
2026-09-19T00:13:19.1325256Z Included Software: https://github.com/actions/runner-images/blob/win25-vs2026/20260907.229/images/windows/Windows2025-VS2026-Readme.md
2026-09-19T00:13:19.1326537Z Image Release: https://github.com/actions/runner-images/releases/tag/win25-vs2026%2F20260907.229
2026-09-19T00:13:19.1327299Z ##[endgroup]
2026-09-19T00:13:19.1328128Z ##[group]GITHUB_TOKEN Permissions
2026-09-19T00:13:19.1329795Z Contents: read
2026-09-19T00:13:19.1330179Z Metadata: read
2026-09-19T00:13:19.1330534Z ##[endgroup]
2026-09-19T00:13:19.1332164Z Secret source: Actions
2026-09-19T00:13:19.1332734Z Cache mode: write
2026-09-19T00:13:19.1333318Z Prepare workflow directory
2026-09-19T00:13:19.1649340Z Prepare all required actions
2026-09-19T00:13:19.1686559Z Getting action download info
2026-09-19T00:13:19.3928593Z Download action repository 'actions/checkout@v5' (SHA:fbc6f3992d24b796d5a048ff273f7fcc4a7b6c09)
2026-09-19T00:13:19.5795363Z Download action repository 'actions/setup-node@v4' (SHA:49933ea5288caeca8642d1e84afbd3f7d6820020)
2026-09-19T00:13:19.8301804Z Download action repository 'actions/setup-python@v5' (SHA:a26af69be951a213d495a4c3e4e4022e16d87065)
2026-09-19T00:13:19.9933501Z Download action repository 'browser-actions/setup-chrome@v2' (SHA:48ad923757ca74d66703209fe939badbdf80f2f4)
2026-09-19T00:13:20.2398027Z Download action repository 'actions/upload-artifact@v4' (SHA:ea165f8d65b6e75b540449e92b4886f43607fa02)
2026-09-19T00:13:20.4889131Z Complete job name: E2E: gallery-search-visual
2026-09-19T00:13:20.7673402Z ##[group]Run actions/checkout@v5
2026-09-19T00:13:20.7674973Z with:
2026-09-19T00:13:20.7675380Z   fetch-depth: 0
2026-09-19T00:13:20.7675849Z   persist-credentials: false
2026-09-19T00:13:20.7676312Z   repository: idanilovqa/AlbumHaven
2026-09-19T00:13:20.7679763Z   token: ***
2026-09-19T00:13:20.7680215Z   ssh-strict: true
2026-09-19T00:13:20.7680648Z   ssh-user: git
2026-09-19T00:13:20.7681033Z   clean: true
2026-09-19T00:13:20.7681548Z   sparse-checkout-cone-mode: true
2026-09-19T00:13:20.7681992Z   fetch-tags: false
2026-09-19T00:13:20.7682415Z   show-progress: true
2026-09-19T00:13:20.7682854Z   lfs: false
2026-09-19T00:13:20.7683266Z   submodules: false
2026-09-19T00:13:20.7683664Z   set-safe-directory: true
2026-09-19T00:13:20.7684091Z   allow-unsafe-pr-checkout: false
2026-09-19T00:13:20.7684917Z env:
2026-09-19T00:13:20.7685422Z   ALBUM_HAVEN_EXPECTED_FFMPEG_VERSION: 7.1-essentials_build-www.gyan.dev
2026-09-19T00:13:20.7686005Z ##[endgroup]
2026-09-19T00:13:20.8936434Z Syncing repository: idanilovqa/AlbumHaven
2026-09-19T00:13:20.8938167Z ##[group]Getting Git version info
2026-09-19T00:13:20.8938719Z Working directory is 'D:\a\AlbumHaven\AlbumHaven'
2026-09-19T00:13:21.1071091Z [command]"C:\Program Files\Git\bin\git.exe" version
2026-09-19T00:13:21.8640566Z git version 2.55.0.windows.5
2026-09-19T00:13:21.8681151Z ##[endgroup]
2026-09-19T00:13:21.8700412Z Temporarily overriding HOME='D:\a\_temp\cf91fa40-4800-48cc-aa40-f0a77eb891a5' before making global git config changes
2026-09-19T00:13:21.8703269Z Adding repository directory to the temporary git global config as a safe directory
2026-09-19T00:13:21.8708749Z [command]"C:\Program Files\Git\bin\git.exe" config --global --add safe.directory D:\a\AlbumHaven\AlbumHaven
2026-09-19T00:13:21.9283213Z Deleting the contents of 'D:\a\AlbumHaven\AlbumHaven'
2026-09-19T00:13:21.9287933Z ##[group]Initializing the repository
2026-09-19T00:13:21.9294049Z [command]"C:\Program Files\Git\bin\git.exe" init D:\a\AlbumHaven\AlbumHaven
2026-09-19T00:13:22.0499898Z Initialized empty Git repository in D:/a/AlbumHaven/AlbumHaven/.git/
2026-09-19T00:13:22.0540360Z [command]"C:\Program Files\Git\bin\git.exe" remote add origin https://github.com/idanilovqa/AlbumHaven
2026-09-19T00:13:22.2632615Z ##[endgroup]
2026-09-19T00:13:22.2634183Z ##[group]Disabling automatic garbage collection
2026-09-19T00:13:22.2642497Z [command]"C:\Program Files\Git\bin\git.exe" config --local gc.auto 0
2026-09-19T00:13:22.2931620Z ##[endgroup]
2026-09-19T00:13:22.2933301Z ##[group]Setting up auth
2026-09-19T00:13:22.2943462Z [command]"C:\Program Files\Git\bin\git.exe" config --local --name-only --get-regexp core\.sshCommand
2026-09-19T00:13:22.3179705Z [command]"C:\Program Files\Git\bin\git.exe" submodule foreach --recursive "sh -c \"git config --local --name-only --get-regexp 'core\.sshCommand' && git config --local --unset-all 'core.sshCommand' || :\""
2026-09-19T00:13:26.7119592Z [command]"C:\Program Files\Git\bin\git.exe" config --local --name-only --get-regexp http\.https\:\/\/github\.com\/\.extraheader
2026-09-19T00:13:26.7361335Z [command]"C:\Program Files\Git\bin\git.exe" submodule foreach --recursive "sh -c \"git config --local --name-only --get-regexp 'http\.https\:\/\/github\.com\/\.extraheader' && git config --local --unset-all 'http.https://github.com/.extraheader' || :\""
2026-09-19T00:13:27.1481710Z [command]"C:\Program Files\Git\bin\git.exe" config --local --name-only --get-regexp ^includeIf\.gitdir:
2026-09-19T00:13:27.1711164Z [command]"C:\Program Files\Git\bin\git.exe" submodule foreach --recursive "git config --local --show-origin --name-only --get-regexp remote.origin.url"
2026-09-19T00:13:27.6388296Z [command]"C:\Program Files\Git\bin\git.exe" config --local http.https://github.com/.extraheader "AUTHORIZATION: basic ***"
2026-09-19T00:13:27.6626343Z ##[endgroup]
2026-09-19T00:13:27.6627012Z ##[group]Fetching the repository
2026-09-19T00:13:27.6646100Z [command]"C:\Program Files\Git\bin\git.exe" -c protocol.version=2 fetch --prune --no-recurse-submodules origin +refs/heads/*:refs/remotes/origin/* +refs/tags/*:refs/tags/* +04a38d8cbea694b84fc5903ae361d4d18957c8f4:refs/remotes/pull/3/merge
2026-09-19T00:13:32.3365364Z From https://github.com/idanilovqa/AlbumHaven
2026-09-19T00:13:32.3366349Z  * [new branch]      2026-08-30-phase-7-local-auth            -> origin/2026-08-30-phase-7-local-auth
2026-09-19T00:13:32.3367059Z  * [new branch]      2026-09-05-gallery-refactor              -> origin/2026-09-05-gallery-refactor
2026-09-19T00:13:32.3367754Z  * [new branch]      2026-09-08-settings-refactor             -> origin/2026-09-08-settings-refactor
2026-09-19T00:13:32.3368449Z  * [new branch]      2026-09-17-pr3-rf456-build               -> origin/2026-09-17-pr3-rf456-build
2026-09-19T00:13:32.3369157Z  * [new branch]      2026-09-18-pr3-ci-diagnostics            -> origin/2026-09-18-pr3-ci-diagnostics
2026-09-19T00:13:32.3369854Z  * [new branch]      2026-09-18-pr3-e2e-batch                 -> origin/2026-09-18-pr3-e2e-batch
2026-09-19T00:13:32.3370586Z  * [new branch]      2026-09-18-pr3-js-batch                  -> origin/2026-09-18-pr3-js-batch
2026-09-19T00:13:32.3371229Z  * [new branch]      2026-09-18-pr3-python-batch              -> origin/2026-09-18-pr3-python-batch
2026-09-19T00:13:32.3371992Z  * [new branch]      codex/pr1-review-base-2026-09-10         -> origin/codex/pr1-review-base-2026-09-10
2026-09-19T00:13:32.3372768Z  * [new branch]      codex/pr1-review-snapshot-2026-09-10     -> origin/codex/pr1-review-snapshot-2026-09-10
2026-09-19T00:13:32.3373482Z  * [new branch]      main                                     -> origin/main
2026-09-19T00:13:32.3376335Z  * [new tag]         v0.9.41                                  -> v0.9.41
2026-09-19T00:13:32.3376663Z  * [new tag]         v0.9.42                                  -> v0.9.42
2026-09-19T00:13:32.3377049Z  * [new tag]         v0.9.43                                  -> v0.9.43
2026-09-19T00:13:32.3377414Z  * [new tag]         v0.9.44                                  -> v0.9.44
2026-09-19T00:13:32.3377821Z  * [new ref]         04a38d8cbea694b84fc5903ae361d4d18957c8f4 -> pull/3/merge
2026-09-19T00:13:32.3416528Z ##[endgroup]
2026-09-19T00:13:32.3417048Z ##[group]Determining the checkout info
2026-09-19T00:13:32.3417611Z ##[endgroup]
2026-09-19T00:13:32.3427516Z [command]"C:\Program Files\Git\bin\git.exe" sparse-checkout disable
2026-09-19T00:13:32.3860055Z [command]"C:\Program Files\Git\bin\git.exe" config --local --unset-all extensions.worktreeConfig
2026-09-19T00:13:32.4084729Z ##[group]Checking out the ref
2026-09-19T00:13:32.4092262Z [command]"C:\Program Files\Git\bin\git.exe" checkout --progress --force refs/remotes/pull/3/merge
2026-09-19T00:13:32.9371158Z Note: switching to 'refs/remotes/pull/3/merge'.
2026-09-19T00:13:32.9371699Z 
2026-09-19T00:13:32.9371954Z You are in 'detached HEAD' state. You can look around, make experimental
2026-09-19T00:13:32.9372502Z changes and commit them, and you can discard any commits you make in this
2026-09-19T00:13:32.9372994Z state without impacting any branches by switching back to a branch.
2026-09-19T00:13:32.9373276Z 
2026-09-19T00:13:32.9373420Z If you want to create a new branch to retain commits you create, you may
2026-09-19T00:13:32.9373923Z do so (now or later) by using -c with the switch command. Example:
2026-09-19T00:13:32.9374170Z 
2026-09-19T00:13:32.9374345Z   git switch -c <new-branch-name>
2026-09-19T00:13:32.9374480Z 
2026-09-19T00:13:32.9374605Z Or undo this operation with:
2026-09-19T00:13:32.9374756Z 
2026-09-19T00:13:32.9374840Z   git switch -
2026-09-19T00:13:32.9374984Z 
2026-09-19T00:13:32.9375142Z Turn off this advice by setting config variable advice.detachedHead to false
2026-09-19T00:13:32.9375390Z 
2026-09-19T00:13:32.9375660Z HEAD is now at 04a38d8 Merge 4e4d93dfcb3fb11bc43e2fd2c2e4381cd7d91091 into 38f740a4e984a25c0d501a7a2166d6ccdc09dcf3
2026-09-19T00:13:32.9899884Z ##[endgroup]
2026-09-19T00:13:33.0214064Z [command]"C:\Program Files\Git\bin\git.exe" log -1 --format=%H
2026-09-19T00:13:33.1191869Z 04a38d8cbea694b84fc5903ae361d4d18957c8f4
2026-09-19T00:13:33.1237070Z ##[group]Removing auth
2026-09-19T00:13:33.1247384Z [command]"C:\Program Files\Git\bin\git.exe" config --local --name-only --get-regexp core\.sshCommand
2026-09-19T00:13:33.1502310Z [command]"C:\Program Files\Git\bin\git.exe" submodule foreach --recursive "sh -c \"git config --local --name-only --get-regexp 'core\.sshCommand' && git config --local --unset-all 'core.sshCommand' || :\""
2026-09-19T00:13:33.5970428Z [command]"C:\Program Files\Git\bin\git.exe" config --local --name-only --get-regexp http\.https\:\/\/github\.com\/\.extraheader
2026-09-19T00:13:33.6165591Z http.https://github.com/.extraheader
2026-09-19T00:13:33.6198802Z [command]"C:\Program Files\Git\bin\git.exe" config --local --unset-all http.https://github.com/.extraheader
2026-09-19T00:13:33.6419972Z [command]"C:\Program Files\Git\bin\git.exe" submodule foreach --recursive "sh -c \"git config --local --name-only --get-regexp 'http\.https\:\/\/github\.com\/\.extraheader' && git config --local --unset-all 'http.https://github.com/.extraheader' || :\""
2026-09-19T00:13:34.0574793Z [command]"C:\Program Files\Git\bin\git.exe" config --local --name-only --get-regexp ^includeIf\.gitdir:
2026-09-19T00:13:34.0814285Z [command]"C:\Program Files\Git\bin\git.exe" submodule foreach --recursive "git config --local --show-origin --name-only --get-regexp remote.origin.url"
2026-09-19T00:13:34.4680302Z ##[endgroup]
2026-09-19T00:13:34.5055895Z ##[group]Run actions/checkout@v5
2026-09-19T00:13:34.5056380Z with:
2026-09-19T00:13:34.5056904Z   ref: 38f740a4e984a25c0d501a7a2166d6ccdc09dcf3
2026-09-19T00:13:34.5057178Z   path: .trusted-ci
2026-09-19T00:13:34.5057428Z   persist-credentials: false
2026-09-19T00:13:34.5057679Z   repository: idanilovqa/AlbumHaven
2026-09-19T00:13:34.5059683Z   token: ***
2026-09-19T00:13:34.5059910Z   ssh-strict: true
2026-09-19T00:13:34.5060332Z   ssh-user: git
2026-09-19T00:13:34.5060553Z   clean: true
2026-09-19T00:13:34.5060773Z   sparse-checkout-cone-mode: true
2026-09-19T00:13:34.5061069Z   fetch-depth: 1
2026-09-19T00:13:34.5061320Z   fetch-tags: false
2026-09-19T00:13:34.5061521Z   show-progress: true
2026-09-19T00:13:34.5061749Z   lfs: false
2026-09-19T00:13:34.5061945Z   submodules: false
2026-09-19T00:13:34.5062170Z   set-safe-directory: true
2026-09-19T00:13:34.5062450Z   allow-unsafe-pr-checkout: false
2026-09-19T00:13:34.5062689Z env:
2026-09-19T00:13:34.5063092Z   ALBUM_HAVEN_EXPECTED_FFMPEG_VERSION: 7.1-essentials_build-www.gyan.dev
2026-09-19T00:13:34.5063409Z ##[endgroup]
2026-09-19T00:13:34.5949776Z Syncing repository: idanilovqa/AlbumHaven
2026-09-19T00:13:34.5954882Z ##[group]Getting Git version info
2026-09-19T00:13:34.5955287Z Working directory is 'D:\a\AlbumHaven\AlbumHaven\.trusted-ci'
2026-09-19T00:13:34.6489571Z [command]"C:\Program Files\Git\bin\git.exe" version
2026-09-19T00:13:34.6708862Z git version 2.55.0.windows.5
2026-09-19T00:13:34.6743219Z ##[endgroup]
2026-09-19T00:13:34.6756369Z Temporarily overriding HOME='D:\a\_temp\3f8a53e6-2ac8-40ac-aab3-092a2a17d3e0' before making global git config changes
2026-09-19T00:13:34.6763410Z Adding repository directory to the temporary git global config as a safe directory
2026-09-19T00:13:34.6764046Z [command]"C:\Program Files\Git\bin\git.exe" config --global --add safe.directory D:\a\AlbumHaven\AlbumHaven\.trusted-ci
2026-09-19T00:13:34.6995509Z ##[group]Initializing the repository
2026-09-19T00:13:34.7002768Z [command]"C:\Program Files\Git\bin\git.exe" init D:\a\AlbumHaven\AlbumHaven\.trusted-ci
2026-09-19T00:13:34.7233514Z Initialized empty Git repository in D:/a/AlbumHaven/AlbumHaven/.trusted-ci/.git/
2026-09-19T00:13:34.7265238Z [command]"C:\Program Files\Git\bin\git.exe" remote add origin https://github.com/idanilovqa/AlbumHaven
2026-09-19T00:13:34.7488635Z ##[endgroup]
2026-09-19T00:13:34.7489206Z ##[group]Disabling automatic garbage collection
2026-09-19T00:13:34.7495246Z [command]"C:\Program Files\Git\bin\git.exe" config --local gc.auto 0
2026-09-19T00:13:34.7706187Z ##[endgroup]
2026-09-19T00:13:34.7706761Z ##[group]Setting up auth
2026-09-19T00:13:34.7715034Z [command]"C:\Program Files\Git\bin\git.exe" config --local --name-only --get-regexp core\.sshCommand
2026-09-19T00:13:34.7929035Z [command]"C:\Program Files\Git\bin\git.exe" submodule foreach --recursive "sh -c \"git config --local --name-only --get-regexp 'core\.sshCommand' && git config --local --unset-all 'core.sshCommand' || :\""
2026-09-19T00:13:35.2063651Z [command]"C:\Program Files\Git\bin\git.exe" config --local --name-only --get-regexp http\.https\:\/\/github\.com\/\.extraheader
2026-09-19T00:13:35.2291719Z [command]"C:\Program Files\Git\bin\git.exe" submodule foreach --recursive "sh -c \"git config --local --name-only --get-regexp 'http\.https\:\/\/github\.com\/\.extraheader' && git config --local --unset-all 'http.https://github.com/.extraheader' || :\""
2026-09-19T00:13:35.6329924Z [command]"C:\Program Files\Git\bin\git.exe" config --local --name-only --get-regexp ^includeIf\.gitdir:
2026-09-19T00:13:35.6569872Z [command]"C:\Program Files\Git\bin\git.exe" submodule foreach --recursive "git config --local --show-origin --name-only --get-regexp remote.origin.url"
2026-09-19T00:13:36.0732951Z [command]"C:\Program Files\Git\bin\git.exe" config --local http.https://github.com/.extraheader "AUTHORIZATION: basic ***"
2026-09-19T00:13:36.0965840Z ##[endgroup]
2026-09-19T00:13:36.0966349Z ##[group]Fetching the repository
2026-09-19T00:13:36.0977984Z [command]"C:\Program Files\Git\bin\git.exe" -c protocol.version=2 fetch --no-tags --prune --no-recurse-submodules --depth=1 origin 38f740a4e984a25c0d501a7a2166d6ccdc09dcf3
2026-09-19T00:13:37.2790667Z From https://github.com/idanilovqa/AlbumHaven
2026-09-19T00:13:37.2791298Z  * branch            38f740a4e984a25c0d501a7a2166d6ccdc09dcf3 -> FETCH_HEAD
2026-09-19T00:13:37.2827222Z ##[endgroup]
2026-09-19T00:13:37.2827749Z ##[group]Determining the checkout info
2026-09-19T00:13:37.2828481Z ##[endgroup]
2026-09-19T00:13:37.2837586Z [command]"C:\Program Files\Git\bin\git.exe" sparse-checkout disable
2026-09-19T00:13:37.3104689Z [command]"C:\Program Files\Git\bin\git.exe" config --local --unset-all extensions.worktreeConfig
2026-09-19T00:13:37.3331273Z ##[group]Checking out the ref
2026-09-19T00:13:37.3338477Z [command]"C:\Program Files\Git\bin\git.exe" checkout --progress --force 38f740a4e984a25c0d501a7a2166d6ccdc09dcf3
2026-09-19T00:13:37.6350445Z Note: switching to '38f740a4e984a25c0d501a7a2166d6ccdc09dcf3'.
2026-09-19T00:13:37.6350854Z 
2026-09-19T00:13:37.6351071Z You are in 'detached HEAD' state. You can look around, make experimental
2026-09-19T00:13:37.6351655Z changes and commit them, and you can discard any commits you make in this
2026-09-19T00:13:37.6352177Z state without impacting any branches by switching back to a branch.
2026-09-19T00:13:37.6352458Z 
2026-09-19T00:13:37.6352678Z If you want to create a new branch to retain commits you create, you may
2026-09-19T00:13:37.6353179Z do so (now or later) by using -c with the switch command. Example:
2026-09-19T00:13:37.6353467Z 
2026-09-19T00:13:37.6353581Z   git switch -c <new-branch-name>
2026-09-19T00:13:37.6353799Z 
2026-09-19T00:13:37.6353956Z Or undo this operation with:
2026-09-19T00:13:37.6354126Z 
2026-09-19T00:13:37.6354251Z   git switch -
2026-09-19T00:13:37.6354386Z 
2026-09-19T00:13:37.6354634Z Turn off this advice by setting config variable advice.detachedHead to false
2026-09-19T00:13:37.6354996Z 
2026-09-19T00:13:37.6355236Z HEAD is now at 38f740a Merge pull request #2 from idanilovqa/2026-09-05-gallery-refactor
2026-09-19T00:13:37.6419816Z ##[endgroup]
2026-09-19T00:13:37.6677789Z [command]"C:\Program Files\Git\bin\git.exe" log -1 --format=%H
2026-09-19T00:13:37.6881233Z 38f740a4e984a25c0d501a7a2166d6ccdc09dcf3
2026-09-19T00:13:37.6917588Z ##[group]Removing auth
2026-09-19T00:13:37.6924065Z [command]"C:\Program Files\Git\bin\git.exe" config --local --name-only --get-regexp core\.sshCommand
2026-09-19T00:13:37.7153119Z [command]"C:\Program Files\Git\bin\git.exe" submodule foreach --recursive "sh -c \"git config --local --name-only --get-regexp 'core\.sshCommand' && git config --local --unset-all 'core.sshCommand' || :\""
2026-09-19T00:13:38.1463896Z [command]"C:\Program Files\Git\bin\git.exe" config --local --name-only --get-regexp http\.https\:\/\/github\.com\/\.extraheader
2026-09-19T00:13:38.1661178Z http.https://github.com/.extraheader
2026-09-19T00:13:38.1694821Z [command]"C:\Program Files\Git\bin\git.exe" config --local --unset-all http.https://github.com/.extraheader
2026-09-19T00:13:38.1924385Z [command]"C:\Program Files\Git\bin\git.exe" submodule foreach --recursive "sh -c \"git config --local --name-only --get-regexp 'http\.https\:\/\/github\.com\/\.extraheader' && git config --local --unset-all 'http.https://github.com/.extraheader' || :\""
2026-09-19T00:13:38.6768246Z [command]"C:\Program Files\Git\bin\git.exe" config --local --name-only --get-regexp ^includeIf\.gitdir:
2026-09-19T00:13:38.7005868Z [command]"C:\Program Files\Git\bin\git.exe" submodule foreach --recursive "git config --local --show-origin --name-only --get-regexp remote.origin.url"
2026-09-19T00:13:39.1140221Z ##[endgroup]
2026-09-19T00:13:39.1402602Z ##[group]Run & ".trusted-ci\scripts\ci\fetch-test-fixtures.ps1" `
2026-09-19T00:13:39.1403247Z [36;1m& ".trusted-ci\scripts\ci\fetch-test-fixtures.ps1" `[0m
2026-09-19T00:13:39.1403595Z [36;1m  -Release fixtures-v1.0.23 `[0m
2026-09-19T00:13:39.1403880Z [36;1m  -Profile functional-core `[0m
2026-09-19T00:13:39.1404278Z [36;1m  -ManifestSha256 e3ad2c100a77af2cb25dca2894dbf2c5e8decbc6925acf54c2749f6d3be000c2[0m
2026-09-19T00:13:39.2269244Z shell: C:\Program Files\PowerShell\7\pwsh.EXE -command ". '{0}'"
2026-09-19T00:13:39.2269637Z env:
2026-09-19T00:13:39.2269929Z   ALBUM_HAVEN_EXPECTED_FFMPEG_VERSION: 7.1-essentials_build-www.gyan.dev
2026-09-19T00:13:39.2270793Z   ALBUM_HAVEN_FIXTURES_TOKEN: ***
2026-09-19T00:13:39.2271040Z ##[endgroup]
2026-09-19T00:13:43.8226624Z Node 20 is being deprecated. This workflow is running with Node 24 by default. If you need to temporarily use Node 20, you can set the ACTIONS_ALLOW_USE_UNSECURE_NODE_VERSION=true environment variable. For more information see: https://github.blog/changelog/2025-09-19-deprecation-of-node-20-on-github-actions-runners/
2026-09-19T00:13:43.8227792Z ##[group]Run actions/setup-node@v4
2026-09-19T00:13:43.8228030Z with:
2026-09-19T00:13:43.8228225Z   node-version: 22
2026-09-19T00:13:43.8228433Z   cache: npm
2026-09-19T00:13:43.8228680Z   always-auth: false
2026-09-19T00:13:43.8228896Z   check-latest: false
2026-09-19T00:13:43.8230831Z   token: ***
2026-09-19T00:13:43.8231041Z env:
2026-09-19T00:13:43.8231366Z   ALBUM_HAVEN_EXPECTED_FFMPEG_VERSION: 7.1-essentials_build-www.gyan.dev
2026-09-19T00:13:43.8231707Z   ALBUM_HAVEN_FIXTURE_RELEASE: fixtures-v1.0.23
2026-09-19T00:13:43.8231983Z   ALBUM_HAVEN_FIXTURE_PROFILE: functional-core
2026-09-19T00:13:43.8232470Z   ALBUM_HAVEN_FIXTURE_ROOT: D:\a\_temp\album-haven-fixtures-716013b0bce9437894aabfdfbadd71bf
2026-09-19T00:13:43.8232934Z   ALBUM_HAVEN_MEDIA_ROOT: D:\a\_temp\album-haven-fixtures-716013b0bce9437894aabfdfbadd71bf\media
2026-09-19T00:13:43.8233291Z ##[endgroup]
2026-09-19T00:13:44.1141326Z Found in cache @ C:\hostedtoolcache\windows\node\22.23.2\x64
2026-09-19T00:13:44.1149195Z (node:4396) [DEP0040] DeprecationWarning: The `punycode` module is deprecated. Please use a userland alternative instead.
2026-09-19T00:13:44.1150613Z (Use `node --trace-deprecation ...` to show where the warning was created)
2026-09-19T00:13:44.1152711Z ##[group]Environment details
2026-09-19T00:13:59.7780117Z node: v22.23.2
2026-09-19T00:13:59.7780608Z npm: 10.9.8
2026-09-19T00:13:59.7780894Z yarn: 1.22.22
2026-09-19T00:13:59.7783748Z ##[endgroup]
2026-09-19T00:13:59.8406534Z [command]C:\Windows\system32\cmd.exe /D /S /C "C:\hostedtoolcache\windows\node\22.23.2\x64\npm.cmd config get cache"
2026-09-19T00:14:01.7366987Z C:\npm\cache
2026-09-19T00:14:02.1794787Z Cache hit for: node-cache-Windows-x64-npm-26253ee3ceab3d8c9b127fb1ff8b52c4c231c2e05275c7ca052f26b453f7dc92
2026-09-19T00:14:02.1886275Z (node:4396) [DEP0169] DeprecationWarning: `url.parse()` behavior is not standardized and prone to errors that have security implications. Use the WHATWG URL API instead. CVEs are not issued for `url.parse()` vulnerabilities.
2026-09-19T00:14:02.7489916Z Received 3822098 of 3822098 (100.0%), 9.2 MBs/sec
2026-09-19T00:14:02.7491687Z Cache Size: ~4 MB (3822098 B)
2026-09-19T00:14:02.7514915Z [command]"C:\Program Files\Git\usr\bin\tar.exe" -xf D:/a/_temp/ee601a4f-37f0-48b1-9c57-006014300e7d/cache.tzst -P -C D:/a/AlbumHaven/AlbumHaven --force-local --use-compress-program "zstd -d"
2026-09-19T00:14:03.2353503Z Cache restored successfully
2026-09-19T00:14:03.2367066Z Cache restored from key: node-cache-Windows-x64-npm-26253ee3ceab3d8c9b127fb1ff8b52c4c231c2e05275c7ca052f26b453f7dc92
2026-09-19T00:14:03.2654291Z Node 20 is being deprecated. This workflow is running with Node 24 by default. If you need to temporarily use Node 20, you can set the ACTIONS_ALLOW_USE_UNSECURE_NODE_VERSION=true environment variable. For more information see: https://github.blog/changelog/2025-09-19-deprecation-of-node-20-on-github-actions-runners/
2026-09-19T00:14:03.2655350Z ##[group]Run actions/setup-python@v5
2026-09-19T00:14:03.2655723Z with:
2026-09-19T00:14:03.2655953Z   python-version: 3.11
2026-09-19T00:14:03.2656183Z   cache: pip
2026-09-19T00:14:03.2656448Z   cache-dependency-path: requirements.txt
2026-09-19T00:14:03.2656763Z   check-latest: false
2026-09-19T00:14:03.2658883Z   token: ***
2026-09-19T00:14:03.2659150Z   update-environment: true
2026-09-19T00:14:03.2659404Z   allow-prereleases: false
2026-09-19T00:14:03.2659638Z   freethreaded: false
2026-09-19T00:14:03.2659890Z env:
2026-09-19T00:14:03.2660310Z   ALBUM_HAVEN_EXPECTED_FFMPEG_VERSION: 7.1-essentials_build-www.gyan.dev
2026-09-19T00:14:03.2660806Z   ALBUM_HAVEN_FIXTURE_RELEASE: fixtures-v1.0.23
2026-09-19T00:14:03.2661104Z   ALBUM_HAVEN_FIXTURE_PROFILE: functional-core
2026-09-19T00:14:03.2661503Z   ALBUM_HAVEN_FIXTURE_ROOT: D:\a\_temp\album-haven-fixtures-716013b0bce9437894aabfdfbadd71bf
2026-09-19T00:14:03.2662053Z   ALBUM_HAVEN_MEDIA_ROOT: D:\a\_temp\album-haven-fixtures-716013b0bce9437894aabfdfbadd71bf\media
2026-09-19T00:14:03.2662449Z ##[endgroup]
2026-09-19T00:14:03.3943437Z ##[group]Installed versions
2026-09-19T00:14:03.4177154Z (node:2700) [DEP0040] DeprecationWarning: The `punycode` module is deprecated. Please use a userland alternative instead.
2026-09-19T00:14:03.4177879Z (Use `node --trace-deprecation ...` to show where the warning was created)
2026-09-19T00:14:03.4178528Z Successfully set up CPython (3.11.9)
2026-09-19T00:14:03.4179007Z ##[endgroup]
2026-09-19T00:14:08.9485222Z Cache hit for: setup-python-Windows-x64-python-3.11.9-pip-0c6be4352e523693f41bb557265b0d204a2348bd0887365f0c4493752562bd14
2026-09-19T00:14:08.9573240Z (node:2700) [DEP0169] DeprecationWarning: `url.parse()` behavior is not standardized and prone to errors that have security implications. Use the WHATWG URL API instead. CVEs are not issued for `url.parse()` vulnerabilities.
2026-09-19T00:14:09.8533767Z Received 58149912 of 58149912 (100.0%), 73.3 MBs/sec
2026-09-19T00:14:09.8538855Z Cache Size: ~55 MB (58149912 B)
2026-09-19T00:14:09.8569835Z [command]"C:\Program Files\Git\usr\bin\tar.exe" -xf D:/a/_temp/29d9533e-e1d7-47fc-8dd1-b562b507adb2/cache.tzst -P -C D:/a/AlbumHaven/AlbumHaven --force-local --use-compress-program "zstd -d"
2026-09-19T00:14:13.5983327Z Cache restored successfully
2026-09-19T00:14:13.6038490Z Cache restored from key: setup-python-Windows-x64-python-3.11.9-pip-0c6be4352e523693f41bb557265b0d204a2348bd0887365f0c4493752562bd14
2026-09-19T00:14:13.6351143Z ##[group]Run npm ci
2026-09-19T00:14:13.6351671Z [36;1mnpm ci[0m
2026-09-19T00:14:13.6412569Z shell: C:\Program Files\PowerShell\7\pwsh.EXE -command ". '{0}'"
2026-09-19T00:14:13.6412893Z env:
2026-09-19T00:14:13.6413264Z   ALBUM_HAVEN_EXPECTED_FFMPEG_VERSION: 7.1-essentials_build-www.gyan.dev
2026-09-19T00:14:13.6413644Z   ALBUM_HAVEN_FIXTURE_RELEASE: fixtures-v1.0.23
2026-09-19T00:14:13.6413991Z   ALBUM_HAVEN_FIXTURE_PROFILE: functional-core
2026-09-19T00:14:13.6414381Z   ALBUM_HAVEN_FIXTURE_ROOT: D:\a\_temp\album-haven-fixtures-716013b0bce9437894aabfdfbadd71bf
2026-09-19T00:14:13.6414887Z   ALBUM_HAVEN_MEDIA_ROOT: D:\a\_temp\album-haven-fixtures-716013b0bce9437894aabfdfbadd71bf\media
2026-09-19T00:14:13.6415321Z   pythonLocation: C:\hostedtoolcache\windows\Python\3.11.9\x64
2026-09-19T00:14:13.6415749Z   PKG_CONFIG_PATH: C:\hostedtoolcache\windows\Python\3.11.9\x64/lib/pkgconfig
2026-09-19T00:14:13.6416265Z   Python_ROOT_DIR: C:\hostedtoolcache\windows\Python\3.11.9\x64
2026-09-19T00:14:13.6416672Z   Python2_ROOT_DIR: C:\hostedtoolcache\windows\Python\3.11.9\x64
2026-09-19T00:14:13.6417023Z   Python3_ROOT_DIR: C:\hostedtoolcache\windows\Python\3.11.9\x64
2026-09-19T00:14:13.6417333Z ##[endgroup]
2026-09-19T00:14:22.3957677Z 
2026-09-19T00:14:22.3958381Z added 3 packages, and audited 4 packages in 8s
2026-09-19T00:14:22.3963124Z 
2026-09-19T00:14:22.3963352Z found 0 vulnerabilities
2026-09-19T00:14:24.9266325Z ##[group]Run python -m pip install --upgrade pip
2026-09-19T00:14:24.9266827Z [36;1mpython -m pip install --upgrade pip[0m
2026-09-19T00:14:24.9267206Z [36;1mpython -m pip install -r requirements.txt[0m
2026-09-19T00:14:24.9322548Z shell: C:\Program Files\PowerShell\7\pwsh.EXE -command ". '{0}'"
2026-09-19T00:14:24.9322906Z env:
2026-09-19T00:14:24.9323230Z   ALBUM_HAVEN_EXPECTED_FFMPEG_VERSION: 7.1-essentials_build-www.gyan.dev
2026-09-19T00:14:24.9324480Z   ALBUM_HAVEN_FIXTURE_RELEASE: fixtures-v1.0.23
2026-09-19T00:14:24.9324795Z   ALBUM_HAVEN_FIXTURE_PROFILE: functional-core
2026-09-19T00:14:24.9325223Z   ALBUM_HAVEN_FIXTURE_ROOT: D:\a\_temp\album-haven-fixtures-716013b0bce9437894aabfdfbadd71bf
2026-09-19T00:14:24.9325718Z   ALBUM_HAVEN_MEDIA_ROOT: D:\a\_temp\album-haven-fixtures-716013b0bce9437894aabfdfbadd71bf\media
2026-09-19T00:14:24.9326184Z   pythonLocation: C:\hostedtoolcache\windows\Python\3.11.9\x64
2026-09-19T00:14:24.9326668Z   PKG_CONFIG_PATH: C:\hostedtoolcache\windows\Python\3.11.9\x64/lib/pkgconfig
2026-09-19T00:14:24.9327049Z   Python_ROOT_DIR: C:\hostedtoolcache\windows\Python\3.11.9\x64
2026-09-19T00:14:24.9327448Z   Python2_ROOT_DIR: C:\hostedtoolcache\windows\Python\3.11.9\x64
2026-09-19T00:14:24.9327824Z   Python3_ROOT_DIR: C:\hostedtoolcache\windows\Python\3.11.9\x64
2026-09-19T00:14:24.9328109Z ##[endgroup]
2026-09-19T00:14:29.0436066Z Requirement already satisfied: pip in C:\hostedtoolcache\windows\Python\3.11.9\x64\Lib\site-packages (26.2.1)
2026-09-19T00:14:30.8300939Z Collecting jinja2 (from -r requirements.txt (line 1))
2026-09-19T00:14:30.8322875Z   Using cached jinja2-3.1.6-py3-none-any.whl.metadata (2.9 kB)
2026-09-19T00:14:30.8875248Z Collecting markupsafe (from -r requirements.txt (line 2))
2026-09-19T00:14:30.8894965Z   Using cached markupsafe-3.0.3-cp311-cp311-win_amd64.whl.metadata (2.8 kB)
2026-09-19T00:14:30.9403922Z Collecting fastapi==0.115.6 (from -r requirements.txt (line 3))
2026-09-19T00:14:30.9422095Z   Using cached fastapi-0.115.6-py3-none-any.whl.metadata (27 kB)
2026-09-19T00:14:30.9819148Z Collecting uvicorn (from -r requirements.txt (line 4))
2026-09-19T00:14:30.9837080Z   Using cached uvicorn-0.53.0-py3-none-any.whl.metadata (6.6 kB)
2026-09-19T00:14:31.0734841Z Collecting websockets (from -r requirements.txt (line 5))
2026-09-19T00:14:31.0753737Z   Using cached websockets-17.1-cp311-cp311-win_amd64.whl.metadata (6.5 kB)
2026-09-19T00:14:31.1038417Z Collecting mutagen (from -r requirements.txt (line 6))
2026-09-19T00:14:31.1056729Z   Using cached mutagen-1.48.1-py3-none-any.whl.metadata (1.8 kB)
2026-09-19T00:14:31.3330826Z Collecting pillow (from -r requirements.txt (line 7))
2026-09-19T00:14:31.3354748Z   Using cached pillow-12.3.0-cp311-cp311-win_amd64.whl.metadata (9.3 kB)
2026-09-19T00:14:31.3686634Z Collecting imageio-ffmpeg==0.6.0 (from -r requirements.txt (line 8))
2026-09-19T00:14:31.3707707Z   Using cached imageio_ffmpeg-0.6.0-py3-none-win_amd64.whl.metadata (1.5 kB)
2026-09-19T00:14:31.4040809Z Collecting ytmusicapi (from -r requirements.txt (line 9))
2026-09-19T00:14:31.4057481Z   Using cached ytmusicapi-1.12.3-py3-none-any.whl.metadata (4.3 kB)
2026-09-19T00:14:31.4426851Z Collecting pytest (from -r requirements.txt (line 10))
2026-09-19T00:14:31.4444736Z   Using cached pytest-9.1.1-py3-none-any.whl.metadata (7.6 kB)
2026-09-19T00:14:31.5057751Z Collecting zstandard (from -r requirements.txt (line 12))
2026-09-19T00:14:31.5075856Z   Using cached zstandard-0.25.0-cp311-cp311-win_amd64.whl.metadata (3.3 kB)
2026-09-19T00:14:31.5517934Z Collecting argon2-cffi (from -r requirements.txt (line 13))
2026-09-19T00:14:31.5535749Z   Using cached argon2_cffi-25.1.0-py3-none-any.whl.metadata (4.1 kB)
2026-09-19T00:14:31.5804293Z Collecting aiosmtplib (from -r requirements.txt (line 14))
2026-09-19T00:14:31.5821939Z   Using cached aiosmtplib-5.1.3-py3-none-any.whl.metadata (3.6 kB)
2026-09-19T00:14:31.8000387Z Collecting cryptography>=42 (from -r requirements.txt (line 15))
2026-09-19T00:14:31.8024974Z   Using cached cryptography-50.0.1-cp311-abi3-win_amd64.whl.metadata (4.3 kB)
2026-09-19T00:14:31.9757923Z Collecting watchdog<7,>=4.0 (from -r requirements.txt (line 16))
2026-09-19T00:14:31.9777621Z   Using cached watchdog-6.0.0-py3-none-win_amd64.whl.metadata (44 kB)
2026-09-19T00:14:32.1933202Z Collecting psycopg[binary] (from -r requirements.txt (line 11))
2026-09-19T00:14:32.3799252Z   Downloading psycopg-3.3.6-py3-none-any.whl.metadata (4.4 kB)
2026-09-19T00:14:32.6084845Z Collecting starlette<0.42.0,>=0.40.0 (from fastapi==0.115.6->-r requirements.txt (line 3))
2026-09-19T00:14:32.6108386Z   Using cached starlette-0.41.3-py3-none-any.whl.metadata (6.0 kB)
2026-09-19T00:14:32.7028395Z Collecting pydantic!=1.8,!=1.8.1,!=2.0.0,!=2.0.1,!=2.1.0,<3.0.0,>=1.7.4 (from fastapi==0.115.6->-r requirements.txt (line 3))
2026-09-19T00:14:32.7086954Z   Using cached pydantic-2.13.5-py3-none-any.whl.metadata (110 kB)
2026-09-19T00:14:32.7406908Z Collecting typing-extensions>=4.8.0 (from fastapi==0.115.6->-r requirements.txt (line 3))
2026-09-19T00:14:32.7427509Z   Using cached typing_extensions-4.16.0-py3-none-any.whl.metadata (3.3 kB)
2026-09-19T00:14:32.7704918Z Collecting annotated-types>=0.6.0 (from pydantic!=1.8,!=1.8.1,!=2.0.0,!=2.0.1,!=2.1.0,<3.0.0,>=1.7.4->fastapi==0.115.6->-r requirements.txt (line 3))
2026-09-19T00:14:32.7723875Z   Using cached annotated_types-0.8.0-py3-none-any.whl.metadata (15 kB)
2026-09-19T00:14:33.2602556Z Collecting pydantic-core==2.46.5 (from pydantic!=1.8,!=1.8.1,!=2.0.0,!=2.0.1,!=2.1.0,<3.0.0,>=1.7.4->fastapi==0.115.6->-r requirements.txt (line 3))
2026-09-19T00:14:33.2979142Z   Using cached pydantic_core-2.46.5-cp311-cp311-win_amd64.whl.metadata (6.7 kB)
2026-09-19T00:14:33.3262919Z Collecting typing-inspection>=0.4.2 (from pydantic!=1.8,!=1.8.1,!=2.0.0,!=2.0.1,!=2.1.0,<3.0.0,>=1.7.4->fastapi==0.115.6->-r requirements.txt (line 3))
2026-09-19T00:14:33.3282926Z   Using cached typing_inspection-0.4.4-py3-none-any.whl.metadata (2.6 kB)
2026-09-19T00:14:33.4142002Z Collecting anyio<5,>=3.4.0 (from starlette<0.42.0,>=0.40.0->fastapi==0.115.6->-r requirements.txt (line 3))
2026-09-19T00:14:33.4162848Z   Using cached anyio-4.15.1-py3-none-any.whl.metadata (4.7 kB)
2026-09-19T00:14:33.4437878Z Collecting idna>=2.8 (from anyio<5,>=3.4.0->starlette<0.42.0,>=0.40.0->fastapi==0.115.6->-r requirements.txt (line 3))
2026-09-19T00:14:33.4457221Z   Using cached idna-3.20-py3-none-any.whl.metadata (7.2 kB)
2026-09-19T00:14:33.4750359Z Collecting click>=7.0 (from uvicorn->-r requirements.txt (line 4))
2026-09-19T00:14:33.4769896Z   Using cached click-8.5.0-py3-none-any.whl.metadata (2.6 kB)
2026-09-19T00:14:33.5398221Z Collecting h11>=0.8 (from uvicorn->-r requirements.txt (line 4))
2026-09-19T00:14:33.5548922Z   Using cached h11-0.16.0-py3-none-any.whl.metadata (8.3 kB)
2026-09-19T00:14:33.7180609Z Collecting requests>=2.22 (from ytmusicapi->-r requirements.txt (line 9))
2026-09-19T00:14:33.7232877Z   Using cached requests-2.34.2-py3-none-any.whl.metadata (4.8 kB)
2026-09-19T00:14:33.7914763Z Collecting colorama>=0.4 (from pytest->-r requirements.txt (line 10))
2026-09-19T00:14:33.7936473Z   Using cached colorama-0.4.6-py2.py3-none-any.whl.metadata (17 kB)
2026-09-19T00:14:33.8190392Z Collecting iniconfig>=1.0.1 (from pytest->-r requirements.txt (line 10))
2026-09-19T00:14:33.8210187Z   Using cached iniconfig-2.3.0-py3-none-any.whl.metadata (2.5 kB)
2026-09-19T00:14:33.8476095Z Collecting packaging>=22 (from pytest->-r requirements.txt (line 10))
2026-09-19T00:14:33.8495839Z   Using cached packaging-26.3-py3-none-any.whl.metadata (3.5 kB)
2026-09-19T00:14:34.0384469Z Collecting pluggy<2,>=1.5 (from pytest->-r requirements.txt (line 10))
2026-09-19T00:14:34.1311557Z   Using cached pluggy-1.6.0-py3-none-any.whl.metadata (4.8 kB)
2026-09-19T00:14:34.1670160Z Collecting pygments>=2.7.2 (from pytest->-r requirements.txt (line 10))
2026-09-19T00:14:34.1715497Z   Using cached pygments-2.21.0-py3-none-any.whl.metadata (2.5 kB)
2026-09-19T00:14:34.2068664Z Collecting tzdata (from psycopg[binary]->-r requirements.txt (line 11))
2026-09-19T00:14:34.2090916Z   Using cached tzdata-2026.4-py2.py3-none-any.whl.metadata (1.4 kB)
2026-09-19T00:14:34.5066727Z Collecting psycopg-binary==3.3.6 (from psycopg[binary]->-r requirements.txt (line 11))
2026-09-19T00:14:34.5252666Z   Downloading psycopg_binary-3.3.6-cp311-cp311-win_amd64.whl.metadata (2.8 kB)
2026-09-19T00:14:34.8972470Z Collecting argon2-cffi-bindings (from argon2-cffi->-r requirements.txt (line 13))
2026-09-19T00:14:34.8991059Z   Using cached argon2_cffi_bindings-26.1.0-cp310-abi3-win_amd64.whl.metadata (7.5 kB)
2026-09-19T00:14:35.0101754Z Collecting cffi>=2.0.0 (from cryptography>=42->-r requirements.txt (line 15))
2026-09-19T00:14:35.0122868Z   Using cached cffi-2.1.1-cp311-cp311-win_amd64.whl.metadata (2.6 kB)
2026-09-19T00:14:35.3713671Z Collecting pycparser (from cffi>=2.0.0->cryptography>=42->-r requirements.txt (line 15))
2026-09-19T00:14:35.3736697Z   Using cached pycparser-3.0-py3-none-any.whl.metadata (8.2 kB)
2026-09-19T00:14:35.5499548Z Collecting charset_normalizer<4,>=2 (from requests>=2.22->ytmusicapi->-r requirements.txt (line 9))
2026-09-19T00:14:35.5519792Z   Using cached charset_normalizer-3.5.1-cp311-cp311-win_amd64.whl.metadata (46 kB)
2026-09-19T00:14:35.6178154Z Collecting urllib3<3,>=1.26 (from requests>=2.22->ytmusicapi->-r requirements.txt (line 9))
2026-09-19T00:14:35.6196456Z   Using cached urllib3-2.8.0-py3-none-any.whl.metadata (7.4 kB)
2026-09-19T00:14:35.6985754Z Collecting certifi>=2023.5.7 (from requests>=2.22->ytmusicapi->-r requirements.txt (line 9))
2026-09-19T00:14:35.7003865Z   Using cached certifi-2026.7.22-py3-none-any.whl.metadata (2.5 kB)
2026-09-19T00:14:35.7083426Z Using cached fastapi-0.115.6-py3-none-any.whl (94 kB)
2026-09-19T00:14:35.7100545Z Using cached imageio_ffmpeg-0.6.0-py3-none-win_amd64.whl (31.2 MB)
2026-09-19T00:14:35.7290862Z Using cached watchdog-6.0.0-py3-none-win_amd64.whl (79 kB)
2026-09-19T00:14:35.7307185Z Using cached pydantic-2.13.5-py3-none-any.whl (472 kB)
2026-09-19T00:14:35.7324926Z Using cached pydantic_core-2.46.5-cp311-cp311-win_amd64.whl (2.0 MB)
2026-09-19T00:14:35.7351400Z Using cached starlette-0.41.3-py3-none-any.whl (73 kB)
2026-09-19T00:14:35.7370431Z Using cached anyio-4.15.1-py3-none-any.whl (132 kB)
2026-09-19T00:14:35.7387100Z Using cached jinja2-3.1.6-py3-none-any.whl (134 kB)
2026-09-19T00:14:35.7403156Z Using cached markupsafe-3.0.3-cp311-cp311-win_amd64.whl (15 kB)
2026-09-19T00:14:35.7418387Z Using cached uvicorn-0.53.0-py3-none-any.whl (87 kB)
2026-09-19T00:14:35.7436930Z Using cached websockets-17.1-cp311-cp311-win_amd64.whl (217 kB)
2026-09-19T00:14:35.7453632Z Using cached mutagen-1.48.1-py3-none-any.whl (195 kB)
2026-09-19T00:14:35.7469859Z Using cached pillow-12.3.0-cp311-cp311-win_amd64.whl (7.2 MB)
2026-09-19T00:14:35.7522388Z Using cached ytmusicapi-1.12.3-py3-none-any.whl (111 kB)
2026-09-19T00:14:35.7541036Z Using cached pytest-9.1.1-py3-none-any.whl (386 kB)
2026-09-19T00:14:35.7574059Z Using cached pluggy-1.6.0-py3-none-any.whl (20 kB)
2026-09-19T00:14:35.7741258Z Downloading psycopg-3.3.6-py3-none-any.whl (215 kB)
2026-09-19T00:14:35.9618740Z Downloading psycopg_binary-3.3.6-cp311-cp311-win_amd64.whl (3.7 MB)
2026-09-19T00:14:36.3078467Z    ---------------------------------------- 3.7/3.7 MB 10.4 MB/s  0:00:00
2026-09-19T00:14:36.3097927Z Using cached zstandard-0.25.0-cp311-cp311-win_amd64.whl (506 kB)
2026-09-19T00:14:36.3118929Z Using cached argon2_cffi-25.1.0-py3-none-any.whl (14 kB)
2026-09-19T00:14:36.3135031Z Using cached aiosmtplib-5.1.3-py3-none-any.whl (30 kB)
2026-09-19T00:14:36.3151255Z Using cached cryptography-50.0.1-cp311-abi3-win_amd64.whl (3.8 MB)
2026-09-19T00:14:36.3192066Z Using cached annotated_types-0.8.0-py3-none-any.whl (13 kB)
2026-09-19T00:14:36.3223172Z Using cached cffi-2.1.1-cp311-cp311-win_amd64.whl (185 kB)
2026-09-19T00:14:36.3239824Z Using cached click-8.5.0-py3-none-any.whl (125 kB)
2026-09-19T00:14:36.3256902Z Using cached colorama-0.4.6-py2.py3-none-any.whl (25 kB)
2026-09-19T00:14:36.3274213Z Using cached h11-0.16.0-py3-none-any.whl (37 kB)
2026-09-19T00:14:36.3289517Z Using cached idna-3.20-py3-none-any.whl (69 kB)
2026-09-19T00:14:36.3306090Z Using cached iniconfig-2.3.0-py3-none-any.whl (7.5 kB)
2026-09-19T00:14:36.3321373Z Using cached packaging-26.3-py3-none-any.whl (129 kB)
2026-09-19T00:14:36.3425776Z Using cached pygments-2.21.0-py3-none-any.whl (1.3 MB)
2026-09-19T00:14:36.3449629Z Using cached requests-2.34.2-py3-none-any.whl (73 kB)
2026-09-19T00:14:36.3465604Z Using cached charset_normalizer-3.5.1-cp311-cp311-win_amd64.whl (206 kB)
2026-09-19T00:14:36.3482322Z Using cached urllib3-2.8.0-py3-none-any.whl (135 kB)
2026-09-19T00:14:36.3502360Z Using cached certifi-2026.7.22-py3-none-any.whl (136 kB)
2026-09-19T00:14:36.3518795Z Using cached typing_extensions-4.16.0-py3-none-any.whl (45 kB)
2026-09-19T00:14:36.3534845Z Using cached typing_inspection-0.4.4-py3-none-any.whl (14 kB)
2026-09-19T00:14:36.3550272Z Using cached argon2_cffi_bindings-26.1.0-cp310-abi3-win_amd64.whl (25 kB)
2026-09-19T00:14:36.3567812Z Using cached pycparser-3.0-py3-none-any.whl (48 kB)
2026-09-19T00:14:36.3583460Z Using cached tzdata-2026.4-py2.py3-none-any.whl (347 kB)
2026-09-19T00:14:36.5876895Z Installing collected packages: zstandard, websockets, watchdog, urllib3, tzdata, typing-extensions, pygments, pycparser, psycopg-binary, pluggy, pillow, packaging, mutagen, markupsafe, iniconfig, imageio-ffmpeg, idna, h11, colorama, click, charset_normalizer, certifi, annotated-types, aiosmtplib, uvicorn, typing-inspection, requests, pytest, pydantic-core, psycopg, jinja2, cffi, anyio, ytmusicapi, starlette, pydantic, cryptography, argon2-cffi-bindings, fastapi, argon2-cffi
2026-09-19T00:15:14.9283817Z 
2026-09-19T00:15:14.9306404Z Successfully installed aiosmtplib-5.1.3 annotated-types-0.8.0 anyio-4.15.1 argon2-cffi-25.1.0 argon2-cffi-bindings-26.1.0 certifi-2026.7.22 cffi-2.1.1 charset_normalizer-3.5.1 click-8.5.0 colorama-0.4.6 cryptography-50.0.1 fastapi-0.115.6 h11-0.16.0 idna-3.20 imageio-ffmpeg-0.6.0 iniconfig-2.3.0 jinja2-3.1.6 markupsafe-3.0.3 mutagen-1.48.1 packaging-26.3 pillow-12.3.0 pluggy-1.6.0 psycopg-3.3.6 psycopg-binary-3.3.6 pycparser-3.0 pydantic-2.13.5 pydantic-core-2.46.5 pygments-2.21.0 pytest-9.1.1 requests-2.34.2 starlette-0.41.3 typing-extensions-4.16.0 typing-inspection-0.4.4 tzdata-2026.4 urllib3-2.8.0 uvicorn-0.53.0 watchdog-6.0.0 websockets-17.1 ytmusicapi-1.12.3 zstandard-0.25.0
2026-09-19T00:15:15.1758336Z ##[group]Run node scripts/ci/resolve-ci-shard.cjs functional gallery-search-visual
2026-09-19T00:15:15.1758922Z [36;1mnode scripts/ci/resolve-ci-shard.cjs functional gallery-search-visual[0m
2026-09-19T00:15:15.1817349Z shell: C:\Program Files\PowerShell\7\pwsh.EXE -command ". '{0}'"
2026-09-19T00:15:15.1817730Z env:
2026-09-19T00:15:15.1818082Z   ALBUM_HAVEN_EXPECTED_FFMPEG_VERSION: 7.1-essentials_build-www.gyan.dev
2026-09-19T00:15:15.1818458Z   ALBUM_HAVEN_FIXTURE_RELEASE: fixtures-v1.0.23
2026-09-19T00:15:15.1818818Z   ALBUM_HAVEN_FIXTURE_PROFILE: functional-core
2026-09-19T00:15:15.1819223Z   ALBUM_HAVEN_FIXTURE_ROOT: D:\a\_temp\album-haven-fixtures-716013b0bce9437894aabfdfbadd71bf
2026-09-19T00:15:15.1819786Z   ALBUM_HAVEN_MEDIA_ROOT: D:\a\_temp\album-haven-fixtures-716013b0bce9437894aabfdfbadd71bf\media
2026-09-19T00:15:15.1820246Z   pythonLocation: C:\hostedtoolcache\windows\Python\3.11.9\x64
2026-09-19T00:15:15.1820812Z   PKG_CONFIG_PATH: C:\hostedtoolcache\windows\Python\3.11.9\x64/lib/pkgconfig
2026-09-19T00:15:15.1821636Z   Python_ROOT_DIR: C:\hostedtoolcache\windows\Python\3.11.9\x64
2026-09-19T00:15:15.1822075Z   Python2_ROOT_DIR: C:\hostedtoolcache\windows\Python\3.11.9\x64
2026-09-19T00:15:15.1822454Z   Python3_ROOT_DIR: C:\hostedtoolcache\windows\Python\3.11.9\x64
2026-09-19T00:15:15.1822795Z ##[endgroup]
2026-09-19T00:15:15.5451505Z ##[group]Run browser-actions/setup-chrome@v2
2026-09-19T00:15:15.5451788Z with:
2026-09-19T00:15:15.5451927Z   chrome-version: 151.0.7922.138
2026-09-19T00:15:15.5452114Z   install-dependencies: false
2026-09-19T00:15:15.5452516Z   install-chromedriver: false
2026-09-19T00:15:15.5452679Z   no-sudo: false
2026-09-19T00:15:15.5452843Z env:
2026-09-19T00:15:15.5453107Z   ALBUM_HAVEN_EXPECTED_FFMPEG_VERSION: 7.1-essentials_build-www.gyan.dev
2026-09-19T00:15:15.5453425Z   ALBUM_HAVEN_FIXTURE_RELEASE: fixtures-v1.0.23
2026-09-19T00:15:15.5453650Z   ALBUM_HAVEN_FIXTURE_PROFILE: functional-core
2026-09-19T00:15:15.5454169Z   ALBUM_HAVEN_FIXTURE_ROOT: D:\a\_temp\album-haven-fixtures-716013b0bce9437894aabfdfbadd71bf
2026-09-19T00:15:15.5454589Z   ALBUM_HAVEN_MEDIA_ROOT: D:\a\_temp\album-haven-fixtures-716013b0bce9437894aabfdfbadd71bf\media
2026-09-19T00:15:15.5455096Z   pythonLocation: C:\hostedtoolcache\windows\Python\3.11.9\x64
2026-09-19T00:15:15.5455421Z   PKG_CONFIG_PATH: C:\hostedtoolcache\windows\Python\3.11.9\x64/lib/pkgconfig
2026-09-19T00:15:15.5455728Z   Python_ROOT_DIR: C:\hostedtoolcache\windows\Python\3.11.9\x64
2026-09-19T00:15:15.5456007Z   Python2_ROOT_DIR: C:\hostedtoolcache\windows\Python\3.11.9\x64
2026-09-19T00:15:15.5456293Z   Python3_ROOT_DIR: C:\hostedtoolcache\windows\Python\3.11.9\x64
2026-09-19T00:15:15.5456504Z ##[endgroup]
2026-09-19T00:15:15.6262983Z Setup chrome 151.0.7922.138
2026-09-19T00:15:15.6272710Z Attempting to download chrome 151.0.7922.138...
2026-09-19T00:15:16.0287888Z Acquiring chrome 151.0.7922.138 from https://storage.googleapis.com/chrome-for-testing-public/151.0.7922.138/win64/chrome-win64.zip
2026-09-19T00:15:17.3757157Z Installing chrome...
2026-09-19T00:15:17.4333379Z [command]"C:\Program Files\PowerShell\7\pwsh.exe" -NoLogo -NoProfile -NonInteractive -ExecutionPolicy Unrestricted -Command "$ErrorActionPreference = 'Stop' ; try { Add-Type -AssemblyName System.IO.Compression.ZipFile } catch { } ; try { [System.IO.Compression.ZipFile]::ExtractToDirectory('D:\a\_temp\79d8e893-40f1-451d-bffe-f84fcfbf1869', 'D:\a\_temp\d763c2e3-95cc-4917-975c-4e20e3ae66db', $true) } catch { if (($_.Exception.GetType().FullName -eq 'System.Management.Automation.MethodException') -or ($_.Exception.GetType().FullName -eq 'System.Management.Automation.RuntimeException') ){ Expand-Archive -LiteralPath 'D:\a\_temp\79d8e893-40f1-451d-bffe-f84fcfbf1869' -DestinationPath 'D:\a\_temp\d763c2e3-95cc-4917-975c-4e20e3ae66db' -Force } else { throw $_ } } ;"
2026-09-19T00:15:19.3235815Z Successfully Installed chrome to C:\hostedtoolcache\windows\setup-chrome\chrome\151.0.7922.138\x64
2026-09-19T00:15:19.3991119Z [command]C:\Windows\System32\WindowsPowerShell\v1.0\powershell.exe -Command "(Get-Item (Get-Command 'C:\hostedtoolcache\windows\setup-chrome\chrome\151.0.7922.138\x64\chrome.exe').Source).VersionInfo.ProductVersion"
2026-09-19T00:15:59.8465009Z 151.0.7922.138
2026-09-19T00:16:00.0179689Z Successfully setup chrome 151.0.7922.138
2026-09-19T00:16:00.0433188Z ##[group]Run $sourceRoot = [IO.Path]::GetFullPath($env:ALBUM_HAVEN_FIXTURE_ROOT)
2026-09-19T00:16:00.0433705Z [36;1m$sourceRoot = [IO.Path]::GetFullPath($env:ALBUM_HAVEN_FIXTURE_ROOT)[0m
2026-09-19T00:16:00.0434220Z [36;1m$workRoot = [IO.Path]::GetFullPath((Join-Path "D:\a\_temp" "album-haven-e2e-functional-fixtures-gallery-search-visual"))[0m
2026-09-19T00:16:00.0434662Z [36;1m$sharedRoot = Join-Path $workRoot "shared"[0m
2026-09-19T00:16:00.0434952Z [36;1m$runnerTemp = [IO.Path]::GetFullPath("D:\a\_temp")[0m
2026-09-19T00:16:00.0435267Z [36;1m$relativeWork = [IO.Path]::GetRelativePath($runnerTemp, $workRoot)[0m
2026-09-19T00:16:00.0435819Z [36;1mif ([string]::IsNullOrWhiteSpace($relativeWork) -or $relativeWork.StartsWith("..") -or [IO.Path]::IsPathRooted($relativeWork)) {[0m
2026-09-19T00:16:00.0436346Z [36;1m  throw "Functional fixture work root must be a non-root child of RUNNER_TEMP."[0m
2026-09-19T00:16:00.0436660Z [36;1m}[0m
2026-09-19T00:16:00.0436999Z [36;1mif (-not (Test-Path -LiteralPath (Join-Path $sourceRoot "manifest.json") -PathType Leaf) -or[0m
2026-09-19T00:16:00.0437464Z [36;1m    -not (Test-Path -LiteralPath (Join-Path $sourceRoot "database") -PathType Container) -or[0m
2026-09-19T00:16:00.0437916Z [36;1m    -not (Test-Path -LiteralPath (Join-Path $sourceRoot "media") -PathType Container)) {[0m
2026-09-19T00:16:00.0438285Z [36;1m  throw "Downloaded functional fixture is incomplete."[0m
2026-09-19T00:16:00.0438541Z [36;1m}[0m
2026-09-19T00:16:00.0438713Z [36;1mif (Test-Path -LiteralPath $workRoot) {[0m
2026-09-19T00:16:00.0439054Z [36;1m  throw "Functional fixture work root must not already exist."[0m
2026-09-19T00:16:00.0439506Z [36;1m}[0m
2026-09-19T00:16:00.0439734Z [36;1mNew-Item -ItemType Directory -Path $workRoot | Out-Null[0m
2026-09-19T00:16:00.0440084Z [36;1mCopy-Item -LiteralPath $sourceRoot -Destination $sharedRoot -Recurse[0m
2026-09-19T00:16:00.0440516Z [36;1mif (-not (Test-Path -LiteralPath (Join-Path $sharedRoot "manifest.json") -PathType Leaf) -or[0m
2026-09-19T00:16:00.0440955Z [36;1m    -not (Test-Path -LiteralPath (Join-Path $sharedRoot "database") -PathType Container) -or[0m
2026-09-19T00:16:00.0441401Z [36;1m    -not (Test-Path -LiteralPath (Join-Path $sharedRoot "media") -PathType Container)) {[0m
2026-09-19T00:16:00.0441776Z [36;1m  throw "Writable functional fixture copy is incomplete."[0m
2026-09-19T00:16:00.0442016Z [36;1m}[0m
2026-09-19T00:16:00.0442355Z [36;1m"ALBUM_HAVEN_FUNCTIONAL_FIXTURE_WORK_ROOT=$workRoot" | Out-File -FilePath $env:GITHUB_ENV -Append -Encoding utf8[0m
2026-09-19T00:16:00.0442920Z [36;1m"ALBUM_HAVEN_FUNCTIONAL_SOURCE_FIXTURE_ROOT=$sourceRoot" | Out-File -FilePath $env:GITHUB_ENV -Append -Encoding utf8[0m
2026-09-19T00:16:00.0443444Z [36;1m"ALBUM_HAVEN_FIXTURE_ROOT=$sharedRoot" | Out-File -FilePath $env:GITHUB_ENV -Append -Encoding utf8[0m
2026-09-19T00:16:00.0443975Z [36;1m"ALBUM_HAVEN_MEDIA_ROOT=$(Join-Path $sharedRoot 'media')" | Out-File -FilePath $env:GITHUB_ENV -Append -Encoding utf8[0m
2026-09-19T00:16:00.0504641Z shell: C:\Program Files\PowerShell\7\pwsh.EXE -command ". '{0}'"
2026-09-19T00:16:00.0504951Z env:
2026-09-19T00:16:00.0505215Z   ALBUM_HAVEN_EXPECTED_FFMPEG_VERSION: 7.1-essentials_build-www.gyan.dev
2026-09-19T00:16:00.0505560Z   ALBUM_HAVEN_FIXTURE_RELEASE: fixtures-v1.0.23
2026-09-19T00:16:00.0505822Z   ALBUM_HAVEN_FIXTURE_PROFILE: functional-core
2026-09-19T00:16:00.0506635Z   ALBUM_HAVEN_FIXTURE_ROOT: D:\a\_temp\album-haven-fixtures-716013b0bce9437894aabfdfbadd71bf
2026-09-19T00:16:00.0507124Z   ALBUM_HAVEN_MEDIA_ROOT: D:\a\_temp\album-haven-fixtures-716013b0bce9437894aabfdfbadd71bf\media
2026-09-19T00:16:00.0507663Z   pythonLocation: C:\hostedtoolcache\windows\Python\3.11.9\x64
2026-09-19T00:16:00.0508049Z   PKG_CONFIG_PATH: C:\hostedtoolcache\windows\Python\3.11.9\x64/lib/pkgconfig
2026-09-19T00:16:00.0508469Z   Python_ROOT_DIR: C:\hostedtoolcache\windows\Python\3.11.9\x64
2026-09-19T00:16:00.0510272Z   Python2_ROOT_DIR: C:\hostedtoolcache\windows\Python\3.11.9\x64
2026-09-19T00:16:00.0510680Z   Python3_ROOT_DIR: C:\hostedtoolcache\windows\Python\3.11.9\x64
2026-09-19T00:16:00.0510935Z ##[endgroup]
2026-09-19T00:16:01.2227696Z ##[group]Run if (-not (Test-Path -LiteralPath ".\scripts\ci\load-fixture-profile.py" -PathType Leaf)) {
2026-09-19T00:16:01.2228389Z [36;1mif (-not (Test-Path -LiteralPath ".\scripts\ci\load-fixture-profile.py" -PathType Leaf)) {[0m
2026-09-19T00:16:01.2228834Z [36;1m  throw "scripts/ci/load-fixture-profile.py is required."[0m
2026-09-19T00:16:01.2229095Z [36;1m}[0m
2026-09-19T00:16:01.2229317Z [36;1m$env:PLAYWRIGHT_PROVIDER_PORT = ([int]"5200" + 2).ToString()[0m
2026-09-19T00:16:01.2229651Z [36;1m.\scripts\ci\bootstrap-windows-postgres.ps1 `[0m
2026-09-19T00:16:01.2229900Z [36;1m  -Mode Provision `[0m
2026-09-19T00:16:01.2230111Z [36;1m  -ExpectedMajorVersion 17 `[0m
2026-09-19T00:16:01.2230318Z [36;1m  -Pgbin $env:PGBIN `[0m
2026-09-19T00:16:01.2230510Z [36;1m  -HostName 127.0.0.1 `[0m
2026-09-19T00:16:01.2230714Z [36;1m  -DatabaseSuffix "f_35408558207_1_0" `[0m
2026-09-19T00:16:01.2231121Z [36;1m  -StatePath "D:\a\_temp\album-haven-functional-gallery-search-visual.state.json"[0m
2026-09-19T00:16:01.2291387Z shell: C:\Program Files\PowerShell\7\pwsh.EXE -command ". '{0}'"
2026-09-19T00:16:01.2291672Z env:
2026-09-19T00:16:01.2291907Z   ALBUM_HAVEN_EXPECTED_FFMPEG_VERSION: 7.1-essentials_build-www.gyan.dev
2026-09-19T00:16:01.2292228Z   ALBUM_HAVEN_FIXTURE_RELEASE: fixtures-v1.0.23
2026-09-19T00:16:01.2292474Z   ALBUM_HAVEN_FIXTURE_PROFILE: functional-core
2026-09-19T00:16:01.2292872Z   ALBUM_HAVEN_FIXTURE_ROOT: D:\a\_temp\album-haven-e2e-functional-fixtures-gallery-search-visual\shared
2026-09-19T00:16:01.2293600Z   ALBUM_HAVEN_MEDIA_ROOT: D:\a\_temp\album-haven-e2e-functional-fixtures-gallery-search-visual\shared\media
2026-09-19T00:16:01.2294049Z   pythonLocation: C:\hostedtoolcache\windows\Python\3.11.9\x64
2026-09-19T00:16:01.2294400Z   PKG_CONFIG_PATH: C:\hostedtoolcache\windows\Python\3.11.9\x64/lib/pkgconfig
2026-09-19T00:16:01.2294741Z   Python_ROOT_DIR: C:\hostedtoolcache\windows\Python\3.11.9\x64
2026-09-19T00:16:01.2295070Z   Python2_ROOT_DIR: C:\hostedtoolcache\windows\Python\3.11.9\x64
2026-09-19T00:16:01.2295388Z   Python3_ROOT_DIR: C:\hostedtoolcache\windows\Python\3.11.9\x64
2026-09-19T00:16:01.2295812Z   ALBUM_HAVEN_FUNCTIONAL_FIXTURE_WORK_ROOT: D:\a\_temp\album-haven-e2e-functional-fixtures-gallery-search-visual
2026-09-19T00:16:01.2296732Z   ALBUM_HAVEN_FUNCTIONAL_SOURCE_FIXTURE_ROOT: D:\a\_temp\album-haven-fixtures-716013b0bce9437894aabfdfbadd71bf
2026-09-19T00:16:01.2297133Z ##[endgroup]
2026-09-19T00:16:05.7907740Z [33;1mWARNING: Waiting for service 'postgresql-x64-17 - PostgreSQL Server 17 (postgresql-x64-17)' to start...[0m
2026-09-19T00:16:09.2955028Z BEGIN
2026-09-19T00:16:09.6316147Z DO
2026-09-19T00:16:09.6780007Z CREATE ROLE
2026-09-19T00:16:09.6836147Z CREATE ROLE
2026-09-19T00:16:09.6892212Z CREATE ROLE
2026-09-19T00:16:09.6930731Z COMMIT
2026-09-19T00:16:14.5609056Z CREATE DATABASE
2026-09-19T00:16:14.7203634Z REVOKE
2026-09-19T00:16:14.7223593Z GRANT
2026-09-19T00:16:14.7238031Z GRANT
2026-09-19T00:16:14.7827768Z CREATE SCHEMA
2026-09-19T00:16:14.7828851Z CREATE SCHEMA
2026-09-19T00:16:14.7830158Z CREATE SCHEMA
2026-09-19T00:16:14.7830390Z CREATE SCHEMA
2026-09-19T00:16:14.8049496Z CREATE TABLE
2026-09-19T00:16:14.8220829Z CREATE TABLE
2026-09-19T00:16:14.8262757Z CREATE TABLE
2026-09-19T00:16:14.8269724Z CREATE INDEX
2026-09-19T00:16:14.8276746Z CREATE INDEX
2026-09-19T00:16:14.8301363Z CREATE TABLE
2026-09-19T00:16:14.8308991Z CREATE INDEX
2026-09-19T00:16:14.8315817Z CREATE INDEX
2026-09-19T00:16:14.8338266Z CREATE TABLE
2026-09-19T00:16:14.8345076Z CREATE INDEX
2026-09-19T00:16:14.8353547Z CREATE INDEX
2026-09-19T00:16:14.8378959Z CREATE TABLE
2026-09-19T00:16:14.8386029Z CREATE INDEX
2026-09-19T00:16:14.8392861Z CREATE INDEX
2026-09-19T00:16:14.8417846Z CREATE TABLE
2026-09-19T00:16:14.8424702Z CREATE INDEX
2026-09-19T00:16:14.8431348Z CREATE INDEX
2026-09-19T00:16:14.8438212Z CREATE INDEX
2026-09-19T00:16:14.8463685Z CREATE TABLE
2026-09-19T00:16:14.8471096Z CREATE INDEX
2026-09-19T00:16:14.8477044Z CREATE INDEX
2026-09-19T00:16:14.8499801Z CREATE TABLE
2026-09-19T00:16:14.8506348Z CREATE INDEX
2026-09-19T00:16:14.8517676Z CREATE INDEX
2026-09-19T00:16:14.8541200Z CREATE TABLE
2026-09-19T00:16:14.8547405Z CREATE INDEX
2026-09-19T00:16:14.8571073Z CREATE TABLE
2026-09-19T00:16:14.8577015Z CREATE INDEX
2026-09-19T00:16:14.8584649Z CREATE INDEX
2026-09-19T00:16:14.8654354Z CREATE TABLE
2026-09-19T00:16:14.8660944Z CREATE INDEX
2026-09-19T00:16:14.8667883Z CREATE INDEX
2026-09-19T00:16:14.8689747Z CREATE INDEX
2026-09-19T00:16:14.8697728Z CREATE INDEX
2026-09-19T00:16:14.8730924Z CREATE TABLE
2026-09-19T00:16:14.8737349Z CREATE INDEX
2026-09-19T00:16:14.8744471Z CREATE INDEX
2026-09-19T00:16:14.8750719Z CREATE INDEX
2026-09-19T00:16:14.8757693Z CREATE INDEX
2026-09-19T00:16:14.8764625Z CREATE INDEX
2026-09-19T00:16:14.8791670Z CREATE TABLE
2026-09-19T00:16:14.8798239Z CREATE INDEX
2026-09-19T00:16:14.8806000Z CREATE INDEX
2026-09-19T00:16:14.8812235Z CREATE INDEX
2026-09-19T00:16:14.8818612Z CREATE INDEX
2026-09-19T00:16:14.8826705Z CREATE INDEX
2026-09-19T00:16:14.8854674Z CREATE TABLE
2026-09-19T00:16:14.8898144Z CREATE INDEX
2026-09-19T00:16:14.8904778Z CREATE INDEX
2026-09-19T00:16:14.8913168Z CREATE INDEX
2026-09-19T00:16:14.8923056Z CREATE INDEX
2026-09-19T00:16:14.8930353Z CREATE INDEX
2026-09-19T00:16:14.8937938Z CREATE INDEX
2026-09-19T00:16:14.8970573Z CREATE TABLE
2026-09-19T00:16:14.8978837Z CREATE INDEX
2026-09-19T00:16:14.8985953Z CREATE INDEX
2026-09-19T00:16:14.8993658Z CREATE INDEX
2026-09-19T00:16:14.9023400Z CREATE TABLE
2026-09-19T00:16:14.9030157Z CREATE INDEX
2026-09-19T00:16:14.9037842Z CREATE INDEX
2026-09-19T00:16:14.9064252Z CREATE TABLE
2026-09-19T00:16:14.9072666Z CREATE INDEX
2026-09-19T00:16:14.9084259Z CREATE INDEX
2026-09-19T00:16:14.9110448Z CREATE TABLE
2026-09-19T00:16:14.9117829Z CREATE INDEX
2026-09-19T00:16:14.9126527Z CREATE INDEX
2026-09-19T00:16:14.9155589Z CREATE TABLE
2026-09-19T00:16:14.9162866Z CREATE INDEX
2026-09-19T00:16:14.9170258Z CREATE INDEX
2026-09-19T00:16:14.9196608Z CREATE TABLE
2026-09-19T00:16:14.9203436Z CREATE INDEX
2026-09-19T00:16:14.9210182Z CREATE INDEX
2026-09-19T00:16:14.9233448Z CREATE TABLE
2026-09-19T00:16:14.9240748Z CREATE INDEX
2026-09-19T00:16:14.9247450Z CREATE INDEX
2026-09-19T00:16:14.9254396Z CREATE INDEX
2026-09-19T00:16:14.9294650Z CREATE TABLE
2026-09-19T00:16:14.9301394Z CREATE INDEX
2026-09-19T00:16:14.9308574Z CREATE INDEX
2026-09-19T00:16:14.9315059Z CREATE INDEX
2026-09-19T00:16:14.9321542Z CREATE INDEX
2026-09-19T00:16:14.9352608Z CREATE TABLE
2026-09-19T00:16:14.9362078Z CREATE INDEX
2026-09-19T00:16:14.9369911Z CREATE INDEX
2026-09-19T00:16:14.9378539Z CREATE INDEX
2026-09-19T00:16:14.9386840Z CREATE INDEX
2026-09-19T00:16:14.9395360Z CREATE INDEX
2026-09-19T00:16:14.9433888Z CREATE TABLE
2026-09-19T00:16:14.9443150Z CREATE INDEX
2026-09-19T00:16:14.9479087Z CREATE TABLE
2026-09-19T00:16:14.9488119Z CREATE INDEX
2026-09-19T00:16:14.9524619Z CREATE TABLE
2026-09-19T00:16:14.9534028Z CREATE INDEX
2026-09-19T00:16:14.9541778Z CREATE INDEX
2026-09-19T00:16:14.9549745Z CREATE INDEX
2026-09-19T00:16:14.9557882Z CREATE INDEX
2026-09-19T00:16:14.9591701Z CREATE TABLE
2026-09-19T00:16:14.9600446Z CREATE INDEX
2026-09-19T00:16:14.9609376Z CREATE INDEX
2026-09-19T00:16:14.9649466Z CREATE TABLE
2026-09-19T00:16:14.9658248Z CREATE INDEX
2026-09-19T00:16:14.9666737Z CREATE INDEX
2026-09-19T00:16:14.9674178Z CREATE INDEX
2026-09-19T00:16:14.9684195Z CREATE INDEX
2026-09-19T00:16:14.9712696Z CREATE TABLE
2026-09-19T00:16:14.9721583Z CREATE INDEX
2026-09-19T00:16:14.9730336Z CREATE INDEX
2026-09-19T00:16:14.9739244Z CREATE INDEX
2026-09-19T00:16:14.9746689Z CREATE INDEX
2026-09-19T00:16:14.9799237Z CREATE TABLE
2026-09-19T00:16:14.9808618Z CREATE INDEX
2026-09-19T00:16:14.9816974Z CREATE INDEX
2026-09-19T00:16:14.9825777Z CREATE INDEX
2026-09-19T00:16:14.9851144Z CREATE TABLE
2026-09-19T00:16:14.9860261Z CREATE INDEX
2026-09-19T00:16:14.9885290Z CREATE TABLE
2026-09-19T00:16:14.9911802Z CREATE INDEX
2026-09-19T00:16:14.9918728Z CREATE INDEX
2026-09-19T00:16:14.9978539Z DO
2026-09-19T00:16:15.0107139Z DO
2026-09-19T00:16:15.0113198Z DO
2026-09-19T00:16:15.0234432Z DO
2026-09-19T00:16:15.2056039Z INSERT 0 1
2026-09-19T00:16:15.2563336Z CREATE TABLE
2026-09-19T00:16:15.2570646Z CREATE INDEX
2026-09-19T00:16:15.2577887Z CREATE INDEX
2026-09-19T00:16:15.2584368Z CREATE INDEX
2026-09-19T00:16:15.2590647Z CREATE INDEX
2026-09-19T00:16:15.2597138Z CREATE INDEX
2026-09-19T00:16:15.2604432Z CREATE INDEX
2026-09-19T00:16:15.2610716Z CREATE INDEX
2026-09-19T00:16:15.2626835Z DO
2026-09-19T00:16:15.2634088Z DO
2026-09-19T00:16:15.2649550Z DO
2026-09-19T00:16:15.4146033Z INSERT 0 1
2026-09-19T00:16:15.6213693Z ALTER TABLE
2026-09-19T00:16:15.6219296Z ALTER TABLE
2026-09-19T00:16:15.6226366Z ALTER TABLE
2026-09-19T00:16:15.6232581Z ALTER TABLE
2026-09-19T00:16:15.6246249Z CREATE INDEX
2026-09-19T00:16:15.6255549Z CREATE INDEX
2026-09-19T00:16:15.6266349Z CREATE INDEX
2026-09-19T00:16:15.6275995Z CREATE INDEX
2026-09-19T00:16:15.6284668Z CREATE INDEX
2026-09-19T00:16:15.6294434Z CREATE INDEX
2026-09-19T00:16:15.6302418Z CREATE INDEX
2026-09-19T00:16:15.6309212Z CREATE INDEX
2026-09-19T00:16:15.7798357Z INSERT 0 1
2026-09-19T00:16:15.8234154Z CREATE INDEX
2026-09-19T00:16:15.8245266Z CREATE INDEX
2026-09-19T00:16:15.8253372Z CREATE INDEX
2026-09-19T00:16:15.9020093Z INSERT 0 1
2026-09-19T00:16:16.0507178Z CREATE TABLE
2026-09-19T00:16:16.0513748Z INSERT 0 6
2026-09-19T00:16:16.0544139Z CREATE TABLE
2026-09-19T00:16:16.0551350Z CREATE INDEX
2026-09-19T00:16:16.0558171Z CREATE INDEX
2026-09-19T00:16:16.0586032Z CREATE TABLE
2026-09-19T00:16:16.0593562Z CREATE INDEX
2026-09-19T00:16:16.0601012Z CREATE INDEX
2026-09-19T00:16:16.0608830Z CREATE INDEX
2026-09-19T00:16:16.0625508Z DO
2026-09-19T00:16:16.0641927Z DO
2026-09-19T00:16:16.2823895Z INSERT 0 1
2026-09-19T00:16:16.3591865Z UPDATE 0
2026-09-19T00:16:16.3609831Z psql:D:/a/AlbumHaven/AlbumHaven/migrations/postgres/0006_scope_lastfm_sync_identities.sql:26: NOTICE:  index "lastfm_sessions_account_username_idx" does not exist, skipping
2026-09-19T00:16:16.3610616Z DROP INDEX
2026-09-19T00:16:16.3626450Z CREATE INDEX
2026-09-19T00:16:16.3629701Z psql:D:/a/AlbumHaven/AlbumHaven/migrations/postgres/0006_scope_lastfm_sync_identities.sql:31: NOTICE:  index "pending_scrobbles_source_identity_idx" does not exist, skipping
2026-09-19T00:16:16.3630621Z DROP INDEX
2026-09-19T00:16:16.3632799Z psql:D:/a/AlbumHaven/AlbumHaven/migrations/postgres/0006_scope_lastfm_sync_identities.sql:43: NOTICE:  relation "pending_scrobbles_source_identity_idx" already exists, skipping
2026-09-19T00:16:16.3633311Z CREATE INDEX
2026-09-19T00:16:16.3634464Z psql:D:/a/AlbumHaven/AlbumHaven/migrations/postgres/0006_scope_lastfm_sync_identities.sql:45: NOTICE:  index "scrobble_retry_state_source_identity_idx" does not exist, skipping
2026-09-19T00:16:16.3634963Z DROP INDEX
2026-09-19T00:16:16.3637582Z psql:D:/a/AlbumHaven/AlbumHaven/migrations/postgres/0006_scope_lastfm_sync_identities.sql:59: NOTICE:  relation "scrobble_retry_state_source_identity_idx" already exists, skipping
2026-09-19T00:16:16.3638221Z CREATE INDEX
2026-09-19T00:16:16.4367386Z INSERT 0 1
2026-09-19T00:16:16.4800056Z DROP INDEX
2026-09-19T00:16:16.4818095Z CREATE INDEX
2026-09-19T00:16:16.5438362Z INSERT 0 1
2026-09-19T00:16:16.5858092Z DROP INDEX
2026-09-19T00:16:16.5874945Z CREATE INDEX
2026-09-19T00:16:16.7375889Z INSERT 0 1
2026-09-19T00:16:16.7849353Z CREATE TABLE
2026-09-19T00:16:16.7856590Z CREATE INDEX
2026-09-19T00:16:16.7864348Z CREATE INDEX
2026-09-19T00:16:16.7886216Z DO
2026-09-19T00:16:16.8877288Z INSERT 0 1
2026-09-19T00:16:16.9353466Z CREATE TABLE
2026-09-19T00:16:16.9360597Z CREATE INDEX
2026-09-19T00:16:16.9368078Z CREATE INDEX
2026-09-19T00:16:16.9374953Z CREATE INDEX
2026-09-19T00:16:16.9399119Z CREATE TABLE
2026-09-19T00:16:16.9405845Z CREATE INDEX
2026-09-19T00:16:16.9412281Z CREATE INDEX
2026-09-19T00:16:16.9418297Z CREATE INDEX
2026-09-19T00:16:16.9441582Z DO
2026-09-19T00:16:16.9914893Z INSERT 0 1
2026-09-19T00:16:17.0366422Z CREATE TABLE
2026-09-19T00:16:17.0374260Z CREATE INDEX
2026-09-19T00:16:17.0380592Z CREATE INDEX
2026-09-19T00:16:17.0388262Z CREATE INDEX
2026-09-19T00:16:17.0406315Z DO
2026-09-19T00:16:17.0872243Z INSERT 0 1
2026-09-19T00:16:17.1325118Z CREATE TABLE
2026-09-19T00:16:17.1332673Z CREATE INDEX
2026-09-19T00:16:17.1339973Z CREATE INDEX
2026-09-19T00:16:17.1348712Z CREATE INDEX
2026-09-19T00:16:17.1369478Z DO
2026-09-19T00:16:17.2314487Z INSERT 0 1
2026-09-19T00:16:17.2805594Z CREATE TABLE
2026-09-19T00:16:17.2812633Z CREATE INDEX
2026-09-19T00:16:17.2820908Z CREATE INDEX
2026-09-19T00:16:17.2828793Z CREATE INDEX
2026-09-19T00:16:17.2847226Z DO
2026-09-19T00:16:17.3479902Z INSERT 0 1
2026-09-19T00:16:17.4998475Z UPDATE 0
2026-09-19T00:16:17.5480526Z INSERT 0 1
2026-09-19T00:16:17.5960475Z CREATE TABLE
2026-09-19T00:16:17.5967856Z CREATE INDEX
2026-09-19T00:16:17.5974384Z CREATE INDEX
2026-09-19T00:16:17.5980762Z CREATE INDEX
2026-09-19T00:16:17.5988535Z CREATE INDEX
2026-09-19T00:16:17.5995088Z CREATE INDEX
2026-09-19T00:16:17.6004213Z CREATE INDEX
2026-09-19T00:16:17.6026682Z DO
2026-09-19T00:16:17.7894016Z INSERT 0 1
2026-09-19T00:16:17.8369805Z DO
2026-09-19T00:16:17.8814362Z INSERT 0 1
2026-09-19T00:16:17.9338562Z CREATE TABLE
2026-09-19T00:16:17.9347568Z CREATE INDEX
2026-09-19T00:16:17.9355712Z INSERT 0 1
2026-09-19T00:16:17.9358397Z GRANT
2026-09-19T00:16:17.9991600Z INSERT 0 1
2026-09-19T00:16:18.0400564Z DROP INDEX
2026-09-19T00:16:18.0418285Z CREATE INDEX
2026-09-19T00:16:18.0474547Z UPDATE 0
2026-09-19T00:16:18.0924397Z INSERT 0 1
2026-09-19T00:16:18.1331077Z psql:D:/a/AlbumHaven/AlbumHaven/migrations/postgres/0019_create_local_album_featured_artists.sql:13: NOTICE:  relation "local_album_featured_artists" already exists, skipping
2026-09-19T00:16:18.1331656Z CREATE TABLE
2026-09-19T00:16:18.1338045Z psql:D:/a/AlbumHaven/AlbumHaven/migrations/postgres/0019_create_local_album_featured_artists.sql:16: NOTICE:  relation "local_album_featured_artists_library_id_idx" already exists, skipping
2026-09-19T00:16:18.1338848Z CREATE INDEX
2026-09-19T00:16:18.1339556Z psql:D:/a/AlbumHaven/AlbumHaven/migrations/postgres/0019_create_local_album_featured_artists.sql:19: NOTICE:  relation "local_album_featured_artists_album_id_idx" already exists, skipping
2026-09-19T00:16:18.1340241Z CREATE INDEX
2026-09-19T00:16:18.1341507Z psql:D:/a/AlbumHaven/AlbumHaven/migrations/postgres/0019_create_local_album_featured_artists.sql:22: NOTICE:  relation "local_album_featured_artists_artist_id_idx" already exists, skipping
2026-09-19T00:16:18.1342188Z CREATE INDEX
2026-09-19T00:16:18.1343522Z psql:D:/a/AlbumHaven/AlbumHaven/migrations/postgres/0019_create_local_album_featured_artists.sql:25: NOTICE:  relation "local_album_featured_artists_library_artist_idx" already exists, skipping
2026-09-19T00:16:18.1344279Z CREATE INDEX
2026-09-19T00:16:18.1346302Z psql:D:/a/AlbumHaven/AlbumHaven/migrations/postgres/0019_create_local_album_featured_artists.sql:28: NOTICE:  relation "local_album_featured_artists_identity_idx" already exists, skipping
2026-09-19T00:16:18.1346811Z CREATE INDEX
2026-09-19T00:16:18.1371508Z DO
2026-09-19T00:16:18.1813750Z INSERT 0 1
2026-09-19T00:16:18.2316990Z DO
2026-09-19T00:16:18.2765992Z INSERT 0 1
2026-09-19T00:16:18.3175240Z psql:D:/a/AlbumHaven/AlbumHaven/migrations/postgres/0021_add_problematic_file_generated_projection.sql:1: NOTICE:  index "local_track_files_active_track_projection_idx" does not exist, skipping
2026-09-19T00:16:18.3176036Z DROP INDEX
2026-09-19T00:16:18.3196173Z CREATE FUNCTION
2026-09-19T00:16:18.3198352Z REVOKE
2026-09-19T00:16:18.3218543Z DO
2026-09-19T00:16:18.3384042Z ALTER TABLE
2026-09-19T00:16:18.3448446Z ALTER TABLE
2026-09-19T00:16:18.3496689Z ALTER TABLE
2026-09-19T00:16:18.4342628Z INSERT 0 1
2026-09-19T00:16:18.4764593Z DROP INDEX
2026-09-19T00:16:18.4784930Z CREATE INDEX
2026-09-19T00:16:18.4786908Z DROP INDEX
2026-09-19T00:16:18.4796630Z CREATE INDEX
2026-09-19T00:16:18.5248317Z INSERT 0 1
2026-09-19T00:16:18.5666827Z CREATE FUNCTION
2026-09-19T00:16:18.5669519Z CREATE FUNCTION
2026-09-19T00:16:18.5684931Z CREATE FUNCTION
2026-09-19T00:16:18.5689293Z psql:D:/a/AlbumHaven/AlbumHaven/migrations/postgres/0023_link_local_track_files_to_library_***s.sql:162: NOTICE:  function library.windows_path_key(text) does not exist, skipping
2026-09-19T00:16:18.5690148Z DROP FUNCTION
2026-09-19T00:16:18.5697640Z CREATE FUNCTION
2026-09-19T00:16:18.5736059Z UPDATE 0
2026-09-19T00:16:18.5754608Z UPDATE 0
2026-09-19T00:16:18.5760947Z DO
2026-09-19T00:16:18.5762432Z REVOKE
2026-09-19T00:16:18.5763571Z REVOKE
2026-09-19T00:16:18.5766222Z REVOKE
2026-09-19T00:16:18.5767331Z REVOKE
2026-09-19T00:16:18.5780165Z DO
2026-09-19T00:16:18.7196032Z INSERT 0 1
2026-09-19T00:16:18.8793724Z CREATE EXTENSION
2026-09-19T00:16:19.0475129Z DO
2026-09-19T00:16:19.1187223Z INSERT 0 1
2026-09-19T00:16:19.1630427Z DO
2026-09-19T00:16:19.2902162Z INSERT 0 1
2026-09-19T00:16:19.3364580Z CREATE TABLE
2026-09-19T00:16:19.3373204Z CREATE INDEX
2026-09-19T00:16:19.3379772Z CREATE INDEX
2026-09-19T00:16:19.3400636Z DO
2026-09-19T00:16:19.5578325Z INSERT 0 1
2026-09-19T00:16:19.6020827Z DO
2026-09-19T00:16:19.6492716Z INSERT 0 1
2026-09-19T00:16:19.6934394Z DROP INDEX
2026-09-19T00:16:19.6953351Z CREATE INDEX
2026-09-19T00:16:19.7416781Z INSERT 0 1
2026-09-19T00:16:19.7825999Z psql:D:/a/AlbumHaven/AlbumHaven/migrations/postgres/0029_repair_lastfm_session_conflict_identity.sql:2: NOTICE:  relation "lastfm_sessions_account_username_idx" already exists, skipping
2026-09-19T00:16:19.7826936Z CREATE INDEX
2026-09-19T00:16:19.8244143Z INSERT 0 1
2026-09-19T00:16:19.9766522Z DROP TABLE
2026-09-19T00:16:20.2043622Z INSERT 0 1
2026-09-19T00:16:20.2495561Z CREATE INDEX
2026-09-19T00:16:20.2943034Z INSERT 0 1
2026-09-19T00:16:20.3343344Z DROP INDEX
2026-09-19T00:16:20.3363117Z CREATE INDEX
2026-09-19T00:16:20.4199705Z INSERT 0 1
2026-09-19T00:16:20.5624137Z psql:D:/a/AlbumHaven/AlbumHaven/migrations/postgres/0033_repair_section14_album_identity_corruption.sql:9: NOTICE:  schema "pg_temp" does not exist, skipping
2026-09-19T00:16:20.5624713Z DROP TABLE
2026-09-19T00:16:20.5658835Z CREATE TABLE
2026-09-19T00:16:20.5679618Z INSERT 0 0
2026-09-19T00:16:20.5708878Z INSERT 0 0
2026-09-19T00:16:20.5722077Z DO
2026-09-19T00:16:20.5740694Z SELECT 0
2026-09-19T00:16:20.5747894Z UPDATE 0
2026-09-19T00:16:20.5758775Z INSERT 0 0
2026-09-19T00:16:20.5762361Z DELETE 0
2026-09-19T00:16:20.5774215Z INSERT 0 0
2026-09-19T00:16:20.5776443Z DELETE 0
2026-09-19T00:16:20.5786994Z UPDATE 0
2026-09-19T00:16:20.5794107Z DELETE 0
2026-09-19T00:16:20.5801116Z UPDATE 0
2026-09-19T00:16:20.5806340Z DELETE 0
2026-09-19T00:16:20.5814409Z UPDATE 0
2026-09-19T00:16:20.5817166Z UPDATE 0
2026-09-19T00:16:20.5819977Z DELETE 0
2026-09-19T00:16:20.5830845Z DELETE 0
2026-09-19T00:16:20.5849693Z DELETE 0
2026-09-19T00:16:20.5855311Z DROP TABLE
2026-09-19T00:16:20.5860433Z DROP TABLE
2026-09-19T00:16:20.8950801Z INSERT 0 1
2026-09-19T00:16:20.9381969Z LOCK TABLE
2026-09-19T00:16:20.9385506Z psql:D:/a/AlbumHaven/AlbumHaven/migrations/postgres/0034_reconcile_semantic_local_albums.sql:8: NOTICE:  schema "pg_temp" does not exist, skipping
2026-09-19T00:16:20.9385964Z DROP TABLE
2026-09-19T00:16:20.9417426Z CREATE TABLE
2026-09-19T00:16:20.9445146Z INSERT 0 0
2026-09-19T00:16:20.9455290Z  id 
2026-09-19T00:16:20.9455467Z ----
2026-09-19T00:16:20.9455623Z (0 rows)
2026-09-19T00:16:20.9455718Z 
2026-09-19T00:16:20.9475650Z UPDATE 0
2026-09-19T00:16:20.9484819Z INSERT 0 0
2026-09-19T00:16:20.9486730Z DELETE 0
2026-09-19T00:16:20.9494746Z INSERT 0 0
2026-09-19T00:16:20.9497261Z DELETE 0
2026-09-19T00:16:20.9503098Z UPDATE 0
2026-09-19T00:16:20.9510270Z INSERT 0 0
2026-09-19T00:16:20.9512423Z DELETE 0
2026-09-19T00:16:20.9520899Z INSERT 0 0
2026-09-19T00:16:20.9523241Z DELETE 0
2026-09-19T00:16:20.9530637Z UPDATE 0
2026-09-19T00:16:20.9537569Z UPDATE 0
2026-09-19T00:16:20.9540111Z DELETE 0
2026-09-19T00:16:20.9546315Z DROP TABLE
2026-09-19T00:16:20.9560272Z DO
2026-09-19T00:16:21.0022826Z INSERT 0 1
2026-09-19T00:16:21.0428351Z psql:D:/a/AlbumHaven/AlbumHaven/migrations/postgres/0035_enforce_semantic_local_album_identity.sql:7: NOTICE:  trigger "local_albums_semantic_identity_check" for relation "library.local_albums" does not exist, skipping
2026-09-19T00:16:21.0429245Z DROP TRIGGER
2026-09-19T00:16:21.0430992Z psql:D:/a/AlbumHaven/AlbumHaven/migrations/postgres/0035_enforce_semantic_local_album_identity.sql:9: NOTICE:  trigger "separate_releases_semantic_identity_check" for relation "library.separate_releases" does not exist, skipping
2026-09-19T00:16:21.0431822Z DROP TRIGGER
2026-09-19T00:16:21.0433243Z psql:D:/a/AlbumHaven/AlbumHaven/migrations/postgres/0035_enforce_semantic_local_album_identity.sql:11: NOTICE:  trigger "local_artists_semantic_identity_check" for relation "library.local_artists" does not exist, skipping
2026-09-19T00:16:21.0434119Z DROP TRIGGER
2026-09-19T00:16:21.0435322Z psql:D:/a/AlbumHaven/AlbumHaven/migrations/postgres/0035_enforce_semantic_local_album_identity.sql:13: NOTICE:  trigger "local_albums_semantic_identity_discriminator" for relation "library.local_albums" does not exist, skipping
2026-09-19T00:16:21.0436230Z DROP TRIGGER
2026-09-19T00:16:21.0438223Z psql:D:/a/AlbumHaven/AlbumHaven/migrations/postgres/0035_enforce_semantic_local_album_identity.sql:15: NOTICE:  trigger "separate_releases_semantic_identity_discriminator" for relation "library.separate_releases" does not exist, skipping
2026-09-19T00:16:21.0439662Z DROP TRIGGER
2026-09-19T00:16:21.0440791Z psql:D:/a/AlbumHaven/AlbumHaven/migrations/postgres/0035_enforce_semantic_local_album_identity.sql:17: NOTICE:  trigger "separate_releases_semantic_identity_reconciliation" for relation "library.separate_releases" does not exist, skipping
2026-09-19T00:16:21.0441820Z DROP TRIGGER
2026-09-19T00:16:21.0442590Z psql:D:/a/AlbumHaven/AlbumHaven/migrations/postgres/0035_enforce_semantic_local_album_identity.sql:19: NOTICE:  trigger "local_artists_semantic_identity_discriminator" for relation "library.local_artists" does not exist, skipping
2026-09-19T00:16:21.0443686Z DROP TRIGGER
2026-09-19T00:16:21.0444401Z psql:D:/a/AlbumHaven/AlbumHaven/migrations/postgres/0035_enforce_semantic_local_album_identity.sql:21: NOTICE:  trigger "separate_releases_inventory_publication_lock" for relation "library.separate_releases" does not exist, skipping
2026-09-19T00:16:21.0445232Z DROP TRIGGER
2026-09-19T00:16:21.0446216Z psql:D:/a/AlbumHaven/AlbumHaven/migrations/postgres/0035_enforce_semantic_local_album_identity.sql:23: NOTICE:  trigger "local_artists_inventory_publication_lock" for relation "library.local_artists" does not exist, skipping
2026-09-19T00:16:21.0447100Z DROP TRIGGER
2026-09-19T00:16:21.0448580Z psql:D:/a/AlbumHaven/AlbumHaven/migrations/postgres/0035_enforce_semantic_local_album_identity.sql:24: NOTICE:  function library.enforce_semantic_local_album_identity() does not exist, skipping
2026-09-19T00:16:21.0449231Z DROP FUNCTION
2026-09-19T00:16:21.0457602Z ALTER TABLE
2026-09-19T00:16:21.0469164Z CREATE FUNCTION
2026-09-19T00:16:21.0472309Z CREATE TRIGGER
2026-09-19T00:16:21.0474202Z CREATE TRIGGER
2026-09-19T00:16:21.0493265Z UPDATE 0
2026-09-19T00:16:21.0506921Z CREATE INDEX
2026-09-19T00:16:21.0511866Z CREATE FUNCTION
2026-09-19T00:16:21.0513745Z CREATE TRIGGER
2026-09-19T00:16:21.0532037Z CREATE FUNCTION
2026-09-19T00:16:21.0535767Z CREATE FUNCTION
2026-09-19T00:16:21.0537881Z CREATE TRIGGER
2026-09-19T00:16:21.0545440Z CREATE FUNCTION
2026-09-19T00:16:21.0548582Z CREATE TRIGGER
2026-09-19T00:16:21.1423036Z INSERT 0 1
2026-09-19T00:16:21.1840433Z CREATE INDEX
2026-09-19T00:16:21.2566387Z INSERT 0 1
2026-09-19T00:16:21.2981388Z CREATE INDEX
2026-09-19T00:16:21.3510333Z INSERT 0 1
2026-09-19T00:16:21.3925680Z CREATE INDEX
2026-09-19T00:16:21.3938213Z CREATE INDEX
2026-09-19T00:16:21.3942958Z DROP INDEX
2026-09-19T00:16:21.3945611Z psql:D:/a/AlbumHaven/AlbumHaven/migrations/postgres/0038_add_problematic_required_text_candidate.sql:25: NOTICE:  index "local_track_files_problem_candidate_v2_idx" does not exist, skipping
2026-09-19T00:16:21.3946437Z DROP INDEX
2026-09-19T00:16:21.3947777Z psql:D:/a/AlbumHaven/AlbumHaven/migrations/postgres/0038_add_problematic_required_text_candidate.sql:26: NOTICE:  index "local_track_files_problem_candidate_v3_idx" does not exist, skipping
2026-09-19T00:16:21.3948611Z DROP INDEX
2026-09-19T00:16:21.3950287Z psql:D:/a/AlbumHaven/AlbumHaven/migrations/postgres/0038_add_problematic_required_text_candidate.sql:27: NOTICE:  index "local_track_files_problem_candidate_v4_idx" does not exist, skipping
2026-09-19T00:16:21.3951057Z DROP INDEX
2026-09-19T00:16:21.3954294Z psql:D:/a/AlbumHaven/AlbumHaven/migrations/postgres/0038_add_problematic_required_text_candidate.sql:30: NOTICE:  column "scan_file_required_text_missing_candidate" of relation "local_track_files" does not exist, skipping
2026-09-19T00:16:21.3955083Z ALTER TABLE
2026-09-19T00:16:21.4394013Z INSERT 0 1
2026-09-19T00:16:21.4808860Z DO
2026-09-19T00:16:21.5243583Z INSERT 0 1
2026-09-19T00:16:21.5655768Z DO
2026-09-19T00:16:21.6086728Z INSERT 0 1
2026-09-19T00:16:21.6494727Z psql:D:/a/AlbumHaven/AlbumHaven/migrations/postgres/0041_create_local_album_cover_candidate_snapshots.sql:32: NOTICE:  identifier "local_album_cover_candidate_snapshots_automatic_improvement_revision_check" will be truncated to "local_album_cover_candidate_snapshots_automatic_improvement_rev"
2026-09-19T00:16:21.6496568Z psql:D:/a/AlbumHaven/AlbumHaven/migrations/postgres/0041_create_local_album_cover_candidate_snapshots.sql:32: NOTICE:  identifier "local_album_cover_candidate_snapshots_seen_automatic_improvement_revision_check" will be truncated to "local_album_cover_candidate_snapshots_seen_automatic_improvemen"
2026-09-19T00:16:21.6564818Z CREATE TABLE
2026-09-19T00:16:21.6577117Z UPDATE 0
2026-09-19T00:16:21.6593843Z DO
2026-09-19T00:16:21.7048811Z INSERT 0 1
2026-09-19T00:16:21.7453032Z ALTER TABLE
2026-09-19T00:16:21.8017945Z INSERT 0 1
2026-09-19T00:16:21.8460354Z CREATE TABLE
2026-09-19T00:16:21.8478646Z DO
2026-09-19T00:16:21.8920481Z INSERT 0 1
2026-09-19T00:16:21.9353591Z CREATE TABLE
2026-09-19T00:16:21.9362740Z CREATE INDEX
2026-09-19T00:16:21.9381068Z DO
2026-09-19T00:16:21.9817861Z INSERT 0 1
2026-09-19T00:16:22.0231090Z CREATE INDEX
2026-09-19T00:16:22.0948475Z INSERT 0 1
2026-09-19T00:16:22.1353367Z ALTER TABLE
2026-09-19T00:16:22.1361408Z UPDATE 0
2026-09-19T00:16:22.1367907Z ALTER TABLE
2026-09-19T00:16:22.1390274Z DO
2026-09-19T00:16:22.1401518Z CREATE INDEX
2026-09-19T00:16:22.1408183Z CREATE INDEX
2026-09-19T00:16:22.1436239Z CREATE TABLE
2026-09-19T00:16:22.1463370Z CREATE TABLE
2026-09-19T00:16:22.1469650Z CREATE INDEX
2026-09-19T00:16:22.1476764Z CREATE INDEX
2026-09-19T00:16:22.1483592Z CREATE INDEX
2026-09-19T00:16:22.1510583Z CREATE TABLE
2026-09-19T00:16:22.1518700Z CREATE INDEX
2026-09-19T00:16:22.1645936Z DO
2026-09-19T00:16:22.1649849Z ALTER TABLE
2026-09-19T00:16:22.1657597Z UPDATE 0
2026-09-19T00:16:22.1658862Z UPDATE 0
2026-09-19T00:16:22.1662405Z ALTER TABLE
2026-09-19T00:16:22.1676154Z DO
2026-09-19T00:16:22.1684498Z CREATE INDEX
2026-09-19T00:16:22.1714020Z CREATE TABLE
2026-09-19T00:16:22.1720594Z CREATE INDEX
2026-09-19T00:16:22.1726721Z CREATE INDEX
2026-09-19T00:16:22.1732901Z CREATE INDEX
2026-09-19T00:16:22.1765226Z CREATE TABLE
2026-09-19T00:16:22.1772998Z CREATE INDEX
2026-09-19T00:16:22.1779603Z CREATE INDEX
2026-09-19T00:16:22.1787178Z CREATE INDEX
2026-09-19T00:16:22.1794823Z CREATE INDEX
2026-09-19T00:16:22.1820801Z DO
2026-09-19T00:16:22.2420790Z INSERT 0 1
2026-09-19T00:16:22.2862466Z CREATE TABLE
2026-09-19T00:16:22.2870971Z CREATE INDEX
2026-09-19T00:16:22.2877935Z CREATE INDEX
2026-09-19T00:16:22.2897596Z DO
2026-09-19T00:16:22.3335861Z INSERT 0 1
2026-09-19T00:16:22.3734609Z ALTER TABLE
2026-09-19T00:16:22.3741469Z ALTER TABLE
2026-09-19T00:16:22.3776803Z CREATE TABLE
2026-09-19T00:16:22.3783199Z CREATE INDEX
2026-09-19T00:16:22.3789330Z CREATE INDEX
2026-09-19T00:16:22.3859631Z CREATE INDEX
2026-09-19T00:16:22.3879719Z DO
2026-09-19T00:16:22.4338461Z INSERT 0 1
2026-09-19T00:16:22.4738501Z DELETE 0
2026-09-19T00:16:22.4750637Z CREATE INDEX
2026-09-19T00:16:22.5175521Z INSERT 0 1
2026-09-19T00:16:22.5576805Z CREATE INDEX
2026-09-19T00:16:22.6003334Z INSERT 0 1
2026-09-19T00:16:22.6411248Z CREATE INDEX
2026-09-19T00:16:22.7857784Z INSERT 0 1
2026-09-19T00:16:22.8393768Z CREATE TABLE
2026-09-19T00:16:22.8402576Z CREATE INDEX
2026-09-19T00:16:22.8409595Z CREATE INDEX
2026-09-19T00:16:22.8417099Z CREATE INDEX
2026-09-19T00:16:22.8451777Z CREATE TABLE
2026-09-19T00:16:22.8459423Z CREATE INDEX
2026-09-19T00:16:22.8464286Z ALTER TABLE
2026-09-19T00:16:22.8471885Z CREATE INDEX
2026-09-19T00:16:22.8474852Z ALTER TABLE
2026-09-19T00:16:22.8478740Z ALTER TABLE
2026-09-19T00:16:22.8502895Z DO
2026-09-19T00:16:22.9000364Z INSERT 0 1
2026-09-19T00:16:22.9436892Z CREATE TABLE
2026-09-19T00:16:22.9454666Z DO
2026-09-19T00:16:22.9997081Z INSERT 0 1
2026-09-19T00:16:23.0409702Z ALTER TABLE
2026-09-19T00:16:23.0434304Z DO
2026-09-19T00:16:23.2078699Z INSERT 0 1
2026-09-19T00:16:23.2522669Z CREATE FUNCTION
2026-09-19T00:16:23.2524460Z REVOKE
2026-09-19T00:16:23.2567669Z DO
2026-09-19T00:16:23.3037314Z INSERT 0 1
2026-09-19T00:16:23.4460533Z ALTER TABLE
2026-09-19T00:16:23.4501331Z DO
2026-09-19T00:16:23.5464668Z INSERT 0 1
2026-09-19T00:16:23.5883451Z ALTER TABLE
2026-09-19T00:16:23.5893265Z CREATE FUNCTION
2026-09-19T00:16:23.5901664Z INSERT 0 0
2026-09-19T00:16:23.5909595Z UPDATE 0
2026-09-19T00:16:23.5928665Z DO
2026-09-19T00:16:23.5930714Z REVOKE
2026-09-19T00:16:23.5939920Z DO
2026-09-19T00:16:23.6392699Z INSERT 0 1
2026-09-19T00:16:23.6805200Z ALTER TABLE
2026-09-19T00:16:23.6825269Z DO
2026-09-19T00:16:23.7266214Z INSERT 0 1
2026-09-19T00:16:23.7675465Z ALTER TABLE
2026-09-19T00:16:23.7695004Z DO
2026-09-19T00:16:23.8214774Z INSERT 0 1
2026-09-19T00:16:23.8617663Z CREATE FUNCTION
2026-09-19T00:16:23.8630702Z CREATE FUNCTION
2026-09-19T00:16:23.8636706Z CREATE FUNCTION
2026-09-19T00:16:23.8643489Z ALTER TABLE
2026-09-19T00:16:23.8652690Z UPDATE 0
2026-09-19T00:16:23.8657451Z ALTER TABLE
2026-09-19T00:16:23.8671952Z ALTER TABLE
2026-09-19T00:16:23.8673384Z REVOKE
2026-09-19T00:16:23.8675722Z REVOKE
2026-09-19T00:16:23.8677332Z REVOKE
2026-09-19T00:16:23.8689530Z DO
2026-09-19T00:16:23.9130041Z INSERT 0 1
2026-09-19T00:16:23.9549188Z CREATE FUNCTION
2026-09-19T00:16:23.9551806Z REVOKE
2026-09-19T00:16:23.9566923Z DO
2026-09-19T00:16:24.0002088Z INSERT 0 1
2026-09-19T00:16:24.0417193Z DO
2026-09-19T00:16:24.0849775Z INSERT 0 1
2026-09-19T00:16:24.2297937Z CREATE FUNCTION
2026-09-19T00:16:24.2300181Z REVOKE
2026-09-19T00:16:24.2316524Z DO
2026-09-19T00:16:24.2785816Z INSERT 0 1
2026-09-19T00:16:24.3201112Z DO
2026-09-19T00:16:24.5529661Z INSERT 0 1
2026-09-19T00:16:24.5966718Z CREATE FUNCTION
2026-09-19T00:16:24.7427280Z INSERT 0 1
2026-09-19T00:16:24.7843650Z ALTER TABLE
2026-09-19T00:16:24.7861056Z ALTER TABLE
2026-09-19T00:16:24.8305955Z INSERT 0 1
2026-09-19T00:16:24.8724347Z CREATE INDEX
2026-09-19T00:16:24.9434325Z INSERT 0 1
2026-09-19T00:16:24.9876408Z CREATE TABLE
2026-09-19T00:16:24.9887206Z CREATE INDEX
2026-09-19T00:16:24.9914599Z UPDATE 0
2026-09-19T00:16:24.9923301Z UPDATE 0
2026-09-19T00:16:24.9927632Z INSERT 0 0
2026-09-19T00:16:24.9936699Z UPDATE 0
2026-09-19T00:16:24.9951580Z DO
2026-09-19T00:16:25.0395101Z INSERT 0 1
2026-09-19T00:16:25.0823467Z CREATE TABLE
2026-09-19T00:16:25.0847471Z CREATE TABLE
2026-09-19T00:16:25.0854937Z CREATE INDEX
2026-09-19T00:16:25.0861911Z CREATE INDEX
2026-09-19T00:16:25.0876921Z DO
2026-09-19T00:16:25.1442000Z INSERT 0 1
2026-09-19T00:16:25.1855608Z ALTER TABLE
2026-09-19T00:16:25.3861079Z INSERT 0 1
2026-09-19T00:16:25.4317870Z ALTER TABLE
2026-09-19T00:16:25.4332076Z ALTER TABLE
2026-09-19T00:16:25.5352222Z INSERT 0 1
2026-09-19T00:16:25.5778950Z ALTER TABLE
2026-09-19T00:16:25.5793364Z CREATE INDEX
2026-09-19T00:16:25.6251377Z INSERT 0 1
2026-09-19T00:16:25.6663715Z ALTER TABLE
2026-09-19T00:16:25.6676766Z ALTER TABLE
2026-09-19T00:16:25.6694493Z UPDATE 0
2026-09-19T00:16:25.7141015Z INSERT 0 1
2026-09-19T00:16:25.7703366Z WARNING:  no privileges were granted for "show_limit"
2026-09-19T00:16:25.7704072Z WARNING:  no privileges were granted for "show_trgm"
2026-09-19T00:16:25.7706581Z WARNING:  no privileges were granted for "set_limit"
2026-09-19T00:16:25.7707979Z WARNING:  no privileges were granted for "similarity"
2026-09-19T00:16:25.7709201Z WARNING:  no privileges were granted for "similarity_op"
2026-09-19T00:16:25.7710491Z WARNING:  no privileges were granted for "word_similarity"
2026-09-19T00:16:25.7711711Z WARNING:  no privileges were granted for "word_similarity_op"
2026-09-19T00:16:25.7712996Z WARNING:  no privileges were granted for "word_similarity_commutator_op"
2026-09-19T00:16:25.7714272Z WARNING:  no privileges were granted for "similarity_dist"
2026-09-19T00:16:25.7715885Z WARNING:  no privileges were granted for "word_similarity_dist_op"
2026-09-19T00:16:25.7717505Z WARNING:  no privileges were granted for "word_similarity_dist_commutator_op"
2026-09-19T00:16:25.7718573Z WARNING:  no privileges were granted for "gtrgm_in"
2026-09-19T00:16:25.7720120Z WARNING:  no privileges were granted for "gtrgm_out"
2026-09-19T00:16:25.7721537Z WARNING:  no privileges were granted for "gtrgm_consistent"
2026-09-19T00:16:25.7723129Z WARNING:  no privileges were granted for "gtrgm_distance"
2026-09-19T00:16:25.7724556Z WARNING:  no privileges were granted for "gtrgm_compress"
2026-09-19T00:16:25.7726109Z WARNING:  no privileges were granted for "gtrgm_decompress"
2026-09-19T00:16:25.7727588Z WARNING:  no privileges were granted for "gtrgm_penalty"
2026-09-19T00:16:25.7729063Z WARNING:  no privileges were granted for "gtrgm_picksplit"
2026-09-19T00:16:25.7730479Z WARNING:  no privileges were granted for "gtrgm_union"
2026-09-19T00:16:25.7731930Z WARNING:  no privileges were granted for "gtrgm_same"
2026-09-19T00:16:25.7733355Z WARNING:  no privileges were granted for "gin_extract_value_trgm"
2026-09-19T00:16:25.7734859Z WARNING:  no privileges were granted for "gin_extract_query_trgm"
2026-09-19T00:16:25.7736893Z WARNING:  no privileges were granted for "gin_trgm_consistent"
2026-09-19T00:16:25.7738239Z WARNING:  no privileges were granted for "gin_trgm_triconsistent"
2026-09-19T00:16:25.7739870Z WARNING:  no privileges were granted for "strict_word_similarity"
2026-09-19T00:16:25.7741184Z WARNING:  no privileges were granted for "strict_word_similarity_op"
2026-09-19T00:16:25.7742764Z WARNING:  no privileges were granted for "strict_word_similarity_commutator_op"
2026-09-19T00:16:25.7744188Z WARNING:  no privileges were granted for "strict_word_similarity_dist_op"
2026-09-19T00:16:25.7745670Z WARNING:  no privileges were granted for "strict_word_similarity_dist_commutator_op"
2026-09-19T00:16:25.7747070Z WARNING:  no privileges were granted for "gtrgm_options"
2026-09-19T00:16:25.8111095Z DO
2026-09-19T00:16:25.9530637Z BEGIN
2026-09-19T00:16:25.9536135Z CREATE SCHEMA
2026-09-19T00:16:25.9563637Z CREATE TABLE
2026-09-19T00:16:25.9567974Z INSERT 0 1
2026-09-19T00:16:25.9570677Z UPDATE 1
2026-09-19T00:16:25.9571034Z DELETE 1
2026-09-19T00:16:25.9575723Z  nextval 
2026-09-19T00:16:25.9575926Z ---------
2026-09-19T00:16:25.9576081Z        2
2026-09-19T00:16:25.9576252Z (1 row)
2026-09-19T00:16:25.9576344Z 
2026-09-19T00:16:25.9582724Z ROLLBACK
2026-09-19T00:16:25.9598290Z DO
2026-09-19T00:16:26.0005573Z BEGIN
2026-09-19T00:16:26.0029639Z CREATE TABLE
2026-09-19T00:16:26.0033708Z INSERT 0 1
2026-09-19T00:16:26.0048307Z INSERT 0 1
2026-09-19T00:16:26.0056165Z UPDATE 1
2026-09-19T00:16:26.0083289Z ROLLBACK
2026-09-19T00:16:26.2663392Z DO
2026-09-19T00:16:26.3118056Z  ?column? 
2026-09-19T00:16:26.3118321Z ----------
2026-09-19T00:16:26.3118545Z (0 rows)
2026-09-19T00:16:26.3118926Z 
2026-09-19T00:16:26.3332874Z DO
2026-09-19T00:16:32.4539193Z ##[group]Run $env:PGPASSWORD = $null
2026-09-19T00:16:32.4539719Z [36;1m$env:PGPASSWORD = $null[0m
2026-09-19T00:16:32.4540452Z [36;1mnode scripts/ci/write-foundation-version-manifest.cjs --profile=windows --output=D:\a\_temp\foundation-version-manifest-functional-gallery-search-visual.json[0m
2026-09-19T00:16:32.4606389Z shell: C:\Program Files\PowerShell\7\pwsh.EXE -command ". '{0}'"
2026-09-19T00:16:32.4606789Z env:
2026-09-19T00:16:32.4607116Z   ALBUM_HAVEN_EXPECTED_FFMPEG_VERSION: 7.1-essentials_build-www.gyan.dev
2026-09-19T00:16:32.4607538Z   ALBUM_HAVEN_FIXTURE_RELEASE: fixtures-v1.0.23
2026-09-19T00:16:32.4607890Z   ALBUM_HAVEN_FIXTURE_PROFILE: functional-core
2026-09-19T00:16:32.4608391Z   ALBUM_HAVEN_FIXTURE_ROOT: D:\a\_temp\album-haven-e2e-functional-fixtures-gallery-search-visual\shared
2026-09-19T00:16:32.4609024Z   ALBUM_HAVEN_MEDIA_ROOT: D:\a\_temp\album-haven-e2e-functional-fixtures-gallery-search-visual\shared\media
2026-09-19T00:16:32.4609714Z   pythonLocation: C:\hostedtoolcache\windows\Python\3.11.9\x64
2026-09-19T00:16:32.4610137Z   PKG_CONFIG_PATH: C:\hostedtoolcache\windows\Python\3.11.9\x64/lib/pkgconfig
2026-09-19T00:16:32.4610581Z   Python_ROOT_DIR: C:\hostedtoolcache\windows\Python\3.11.9\x64
2026-09-19T00:16:32.4611048Z   Python2_ROOT_DIR: C:\hostedtoolcache\windows\Python\3.11.9\x64
2026-09-19T00:16:32.4611446Z   Python3_ROOT_DIR: C:\hostedtoolcache\windows\Python\3.11.9\x64
2026-09-19T00:16:32.4612129Z   ALBUM_HAVEN_FUNCTIONAL_FIXTURE_WORK_ROOT: D:\a\_temp\album-haven-e2e-functional-fixtures-gallery-search-visual
2026-09-19T00:16:32.4612836Z   ALBUM_HAVEN_FUNCTIONAL_SOURCE_FIXTURE_ROOT: D:\a\_temp\album-haven-fixtures-716013b0bce9437894aabfdfbadd71bf
2026-09-19T00:16:32.4613373Z   PGPASSFILE: D:\a\_temp\album-haven-postgres-f_35408558207_1_0.pgpass
2026-09-19T00:16:32.4613785Z   ALBUM_HAVEN_CI_DATABASE: album_haven_ci_f_35408558207_1_0
2026-09-19T00:16:32.4614390Z   DATABASE_MIGRATOR_URL: postgresql://album_haven_migrator_f_35408558207_1_0@127.0.0.1/album_haven_ci_f_35408558207_1_0
2026-09-19T00:16:32.4615050Z   DATABASE_APP_URL: postgresql://album_haven_app_f_35408558207_1_0@127.0.0.1/album_haven_ci_f_35408558207_1_0
2026-09-19T00:16:32.4615689Z   DATABASE_READONLY_URL: postgresql://album_haven_readonly_f_35408558207_1_0@127.0.0.1/album_haven_ci_f_35408558207_1_0
2026-09-19T00:16:32.4616411Z   ALBUM_HAVEN_FAKE_E2E_SETUP_DATABASE_URL: postgresql://album_haven_migrator_f_35408558207_1_0@127.0.0.1/album_haven_ci_f_35408558207_1_0
2026-09-19T00:16:32.4617196Z   ALBUM_HAVEN_FAKE_E2E_DATABASE_URL: postgresql://album_haven_app_f_35408558207_1_0@127.0.0.1/album_haven_ci_f_35408558207_1_0
2026-09-19T00:16:32.4617847Z   ALBUM_HAVEN_APP_DATABASE_URL: postgresql://album_haven_app_f_35408558207_1_0@127.0.0.1/album_haven_ci_f_35408558207_1_0
2026-09-19T00:16:32.4618559Z   PLAYWRIGHT_CHROME_EXECUTABLE: C:\hostedtoolcache\windows\setup-chrome\chrome\151.0.7922.138\x64\chrome.exe
2026-09-19T00:16:32.4619014Z ##[endgroup]
2026-09-19T00:16:33.4823616Z D:\a\_temp\foundation-version-manifest-functional-gallery-search-visual.json
2026-09-19T00:16:33.5745064Z ##[group]Run node scripts/ci/validate-functional-shards.cjs --list
2026-09-19T00:16:33.5745562Z [36;1mnode scripts/ci/validate-functional-shards.cjs --list[0m
2026-09-19T00:16:33.5802984Z shell: C:\Program Files\PowerShell\7\pwsh.EXE -command ". '{0}'"
2026-09-19T00:16:33.5803335Z env:
2026-09-19T00:16:33.5803666Z   ALBUM_HAVEN_EXPECTED_FFMPEG_VERSION: 7.1-essentials_build-www.gyan.dev
2026-09-19T00:16:33.5804009Z   ALBUM_HAVEN_FIXTURE_RELEASE: fixtures-v1.0.23
2026-09-19T00:16:33.5804311Z   ALBUM_HAVEN_FIXTURE_PROFILE: functional-core
2026-09-19T00:16:33.5804759Z   ALBUM_HAVEN_FIXTURE_ROOT: D:\a\_temp\album-haven-e2e-functional-fixtures-gallery-search-visual\shared
2026-09-19T00:16:33.5805305Z   ALBUM_HAVEN_MEDIA_ROOT: D:\a\_temp\album-haven-e2e-functional-fixtures-gallery-search-visual\shared\media
2026-09-19T00:16:33.5805783Z   pythonLocation: C:\hostedtoolcache\windows\Python\3.11.9\x64
2026-09-19T00:16:33.5806259Z   PKG_CONFIG_PATH: C:\hostedtoolcache\windows\Python\3.11.9\x64/lib/pkgconfig
2026-09-19T00:16:33.5806629Z   Python_ROOT_DIR: C:\hostedtoolcache\windows\Python\3.11.9\x64
2026-09-19T00:16:33.5807000Z   Python2_ROOT_DIR: C:\hostedtoolcache\windows\Python\3.11.9\x64
2026-09-19T00:16:33.5807361Z   Python3_ROOT_DIR: C:\hostedtoolcache\windows\Python\3.11.9\x64
2026-09-19T00:16:33.5807839Z   ALBUM_HAVEN_FUNCTIONAL_FIXTURE_WORK_ROOT: D:\a\_temp\album-haven-e2e-functional-fixtures-gallery-search-visual
2026-09-19T00:16:33.5808394Z   ALBUM_HAVEN_FUNCTIONAL_SOURCE_FIXTURE_ROOT: D:\a\_temp\album-haven-fixtures-716013b0bce9437894aabfdfbadd71bf
2026-09-19T00:16:33.5808867Z   PGPASSFILE: D:\a\_temp\album-haven-postgres-f_35408558207_1_0.pgpass
2026-09-19T00:16:33.5809219Z   ALBUM_HAVEN_CI_DATABASE: album_haven_ci_f_35408558207_1_0
2026-09-19T00:16:33.5809701Z   DATABASE_MIGRATOR_URL: postgresql://album_haven_migrator_f_35408558207_1_0@127.0.0.1/album_haven_ci_f_35408558207_1_0
2026-09-19T00:16:33.5810246Z   DATABASE_APP_URL: postgresql://album_haven_app_f_35408558207_1_0@127.0.0.1/album_haven_ci_f_35408558207_1_0
2026-09-19T00:16:33.5810809Z   DATABASE_READONLY_URL: postgresql://album_haven_readonly_f_35408558207_1_0@127.0.0.1/album_haven_ci_f_35408558207_1_0
2026-09-19T00:16:33.5811411Z   ALBUM_HAVEN_FAKE_E2E_SETUP_DATABASE_URL: postgresql://album_haven_migrator_f_35408558207_1_0@127.0.0.1/album_haven_ci_f_35408558207_1_0
2026-09-19T00:16:33.5812211Z   ALBUM_HAVEN_FAKE_E2E_DATABASE_URL: postgresql://album_haven_app_f_35408558207_1_0@127.0.0.1/album_haven_ci_f_35408558207_1_0
2026-09-19T00:16:33.5812807Z   ALBUM_HAVEN_APP_DATABASE_URL: postgresql://album_haven_app_f_35408558207_1_0@127.0.0.1/album_haven_ci_f_35408558207_1_0
2026-09-19T00:16:33.5813200Z ##[endgroup]
2026-09-19T00:16:40.0940911Z {"schemaVersion":1,"cases":113,"shards":{"gallery-search-visual":46,"cover-providers":18,"metadata-mutations":13,"playback-utilities":36}}
2026-09-19T00:16:40.1876196Z ##[group]Run $env:PGPASSWORD = $null
2026-09-19T00:16:40.1876836Z [36;1m$env:PGPASSWORD = $null[0m
2026-09-19T00:16:40.1877363Z [36;1m$env:PLAYWRIGHT_PYTHON = Join-Path $env:pythonLocation "python.exe"[0m
2026-09-19T00:16:40.1877898Z [36;1m$env:ALBUM_HAVEN_FUNCTIONAL_PORT_BASE = "5200"[0m
2026-09-19T00:16:40.1878584Z [36;1m$env:ALBUM_HAVEN_FUNCTIONAL_OUTPUT_ROOT = Join-Path "D:\a\_temp" "functional-output-gallery-search-visual"[0m
2026-09-19T00:16:40.1879428Z [36;1m$env:ALBUM_HAVEN_FUNCTIONAL_BLOB_ROOT = Join-Path "D:\a\_temp" "functional-blobs-gallery-search-visual"[0m
2026-09-19T00:16:40.1880075Z [36;1m$arguments = @("--run-shard=gallery-search-visual")[0m
2026-09-19T00:16:40.1880502Z [36;1mif ("full" -eq "focused-e2e") {[0m
2026-09-19T00:16:40.1880875Z [36;1m  if ("full" -eq "exact") {[0m
2026-09-19T00:16:40.1881452Z [36;1m    @($env:FOCUSED_CASES_JSON | ConvertFrom-Json) | ForEach-Object { $arguments += "--run-case=$_" }[0m
2026-09-19T00:16:40.1882105Z [36;1m  } else {[0m
2026-09-19T00:16:40.1882631Z [36;1m    @($env:FOCUSED_AREAS_JSON | ConvertFrom-Json) | ForEach-Object { $arguments += "--run-area=$_" }[0m
2026-09-19T00:16:40.1883184Z [36;1m  }[0m
2026-09-19T00:16:40.1883471Z [36;1m}[0m
2026-09-19T00:16:40.1883882Z [36;1mnode scripts/ci/validate-functional-shards.cjs @arguments[0m
2026-09-19T00:16:40.1952526Z shell: C:\Program Files\PowerShell\7\pwsh.EXE -command ". '{0}'"
2026-09-19T00:16:40.1952893Z env:
2026-09-19T00:16:40.1953177Z   ALBUM_HAVEN_EXPECTED_FFMPEG_VERSION: 7.1-essentials_build-www.gyan.dev
2026-09-19T00:16:40.1953552Z   ALBUM_HAVEN_FIXTURE_RELEASE: fixtures-v1.0.23
2026-09-19T00:16:40.1953867Z   ALBUM_HAVEN_FIXTURE_PROFILE: functional-core
2026-09-19T00:16:40.1954321Z   ALBUM_HAVEN_FIXTURE_ROOT: D:\a\_temp\album-haven-e2e-functional-fixtures-gallery-search-visual\shared
2026-09-19T00:16:40.1954883Z   ALBUM_HAVEN_MEDIA_ROOT: D:\a\_temp\album-haven-e2e-functional-fixtures-gallery-search-visual\shared\media
2026-09-19T00:16:40.1955381Z   pythonLocation: C:\hostedtoolcache\windows\Python\3.11.9\x64
2026-09-19T00:16:40.1955777Z   PKG_CONFIG_PATH: C:\hostedtoolcache\windows\Python\3.11.9\x64/lib/pkgconfig
2026-09-19T00:16:40.1956177Z   Python_ROOT_DIR: C:\hostedtoolcache\windows\Python\3.11.9\x64
2026-09-19T00:16:40.1956531Z   Python2_ROOT_DIR: C:\hostedtoolcache\windows\Python\3.11.9\x64
2026-09-19T00:16:40.1956893Z   Python3_ROOT_DIR: C:\hostedtoolcache\windows\Python\3.11.9\x64
2026-09-19T00:16:40.1957439Z   ALBUM_HAVEN_FUNCTIONAL_FIXTURE_WORK_ROOT: D:\a\_temp\album-haven-e2e-functional-fixtures-gallery-search-visual
2026-09-19T00:16:40.1958223Z   ALBUM_HAVEN_FUNCTIONAL_SOURCE_FIXTURE_ROOT: D:\a\_temp\album-haven-fixtures-716013b0bce9437894aabfdfbadd71bf
2026-09-19T00:16:40.1958689Z   PGPASSFILE: D:\a\_temp\album-haven-postgres-f_35408558207_1_0.pgpass
2026-09-19T00:16:40.1959066Z   ALBUM_HAVEN_CI_DATABASE: album_haven_ci_f_35408558207_1_0
2026-09-19T00:16:40.1959566Z   DATABASE_MIGRATOR_URL: postgresql://album_haven_migrator_f_35408558207_1_0@127.0.0.1/album_haven_ci_f_35408558207_1_0
2026-09-19T00:16:40.1960160Z   DATABASE_APP_URL: postgresql://album_haven_app_f_35408558207_1_0@127.0.0.1/album_haven_ci_f_35408558207_1_0
2026-09-19T00:16:40.1960723Z   DATABASE_READONLY_URL: postgresql://album_haven_readonly_f_35408558207_1_0@127.0.0.1/album_haven_ci_f_35408558207_1_0
2026-09-19T00:16:40.1961372Z   ALBUM_HAVEN_FAKE_E2E_SETUP_DATABASE_URL: postgresql://album_haven_migrator_f_35408558207_1_0@127.0.0.1/album_haven_ci_f_35408558207_1_0
2026-09-19T00:16:40.1962212Z   ALBUM_HAVEN_FAKE_E2E_DATABASE_URL: postgresql://album_haven_app_f_35408558207_1_0@127.0.0.1/album_haven_ci_f_35408558207_1_0
2026-09-19T00:16:40.1962842Z   ALBUM_HAVEN_APP_DATABASE_URL: postgresql://album_haven_app_f_35408558207_1_0@127.0.0.1/album_haven_ci_f_35408558207_1_0
2026-09-19T00:16:40.1963411Z   PLAYWRIGHT_CHROME_EXECUTABLE: C:\hostedtoolcache\windows\setup-chrome\chrome\151.0.7922.138\x64\chrome.exe
2026-09-19T00:16:40.1965518Z   FOCUSED_CASES_JSON: []
2026-09-19T00:16:40.1965824Z   FOCUSED_AREAS_JSON: []
2026-09-19T00:16:40.1966038Z ##[endgroup]
2026-09-19T00:17:04.4583184Z Album Haven production E2E app listening on http://127.0.0.1:5200 with 0 artists, 0 albums, 0 tracks, and provider fixtures on http://127.0.0.1:5202
2026-09-19T00:17:12.4964550Z 2026-09-19 00:17:12,494 [INFO] music_app: Startup scan-cache hydration completed files=7200 albums=400
2026-09-19T00:17:12.4968389Z 2026-09-19 00:17:12,495 [INFO] music_app: Legacy album exclusions migrated albums=1 removed_rules=18 created_rules=1
2026-09-19T00:17:13.0623524Z 2026-09-19 00:17:13,060 [INFO] music_app: Relation projection startup readiness ready=true rebuilt=true reason=missing_projection builder_version=local-relation-builder-v9 source_row_count=7438 duration_ms=438.94 source_load=98.61 fingerprint=46.24 pure_build=92.86 family_link_replacement=5.77 snapshot_publication=1.41
2026-09-19T00:17:14.2398956Z 2026-09-19 00:17:14,237 [INFO] music_app: {"action": "Index request completed", "album_count": 0, "artist_count": 0, "bootstrap_mode": "fresh_preview", "covers_in_progress": false, "elapsed_ms": 368.3, "hydrate_in_progress": false, "payload_elapsed_ms": 137.18, "query": "", "scan_in_progress": false, "selected_artist": ""}
2026-09-19T00:17:36.2962074Z 
2026-09-19T00:17:36.2962901Z Running 4 tests using 1 worker
2026-09-19T00:17:36.2983442Z 
2026-09-19T00:17:41.9603987Z 2026-09-19 00:17:41,959 [INFO] music_app: {"action": "Index request completed", "album_count": 0, "artist_count": 0, "bootstrap_mode": "fresh_preview", "covers_in_progress": false, "elapsed_ms": 318.07, "hydrate_in_progress": false, "payload_elapsed_ms": 113.13, "query": "", "scan_in_progress": false, "selected_artist": ""}
2026-09-19T00:17:45.0242491Z [TEST] FTC-SEARCH-NAV-020 resolves punctuation-credit aliases through startup and keeps both raw credits
2026-09-19T00:17:45.0244212Z   [STEP] Open the normal Postgres-backed library after startup rebuilt the missing projection
2026-09-19T00:17:45.4922348Z 2026-09-19 00:17:45,491 [INFO] music_app: {"action": "Index request completed", "album_count": 0, "artist_count": 0, "bootstrap_mode": "fresh_preview", "covers_in_progress": false, "elapsed_ms": 203.15, "hydrate_in_progress": false, "payload_elapsed_ms": 108.57, "query": "", "scan_in_progress": false, "selected_artist": ""}
2026-09-19T00:17:47.5255055Z   [PASS] Open the normal Postgres-backed library after startup rebuilt the missing projection (2502 ms)
2026-09-19T00:17:47.5256228Z   [STEP] Reach the canonical scope through the exact unpunctuated credit
2026-09-19T00:17:47.7660109Z 2026-09-19 00:17:47,756 [INFO] music_app: {"action": "Postgres album search request started", "query": "Morse Portnoy George"}
2026-09-19T00:17:47.9085730Z 2026-09-19 00:17:47,906 [INFO] music_app: {"action": "View data request completed", "album_count": 40, "artist_count": 4, "elapsed_ms": 150.21, "query": "Morse Portnoy George", "selected_artist": "Morse Portnoy George"}
2026-09-19T00:17:48.5360953Z   [PASS] Reach the canonical scope through the exact unpunctuated credit (1010 ms)
2026-09-19T00:17:48.5362128Z   [STEP] Reach the same canonical scope through the exact punctuation alias
2026-09-19T00:17:48.6898354Z 2026-09-19 00:17:48,684 [INFO] music_app: {"action": "Postgres album search request started", "query": "Morse, Portnoy & George"}
2026-09-19T00:17:48.8313548Z 2026-09-19 00:17:48,818 [INFO] music_app: {"action": "View data request completed", "album_count": 40, "artist_count": 4, "elapsed_ms": 133.93, "query": "Morse, Portnoy & George", "selected_artist": "Morse Portnoy George"}
2026-09-19T00:17:49.2526019Z   [PASS] Reach the same canonical scope through the exact punctuation alias (718 ms)
2026-09-19T00:17:49.2526731Z   [STEP] Open the canonical artist directly from the production sidebar
2026-09-19T00:17:49.7473242Z   [PASS] Open the canonical artist directly from the production sidebar (495 ms)
2026-09-19T00:17:49.7475780Z   [STEP] Exercise the existing Artist Family chip semantics without losing either source credit
2026-09-19T00:17:51.8760394Z   [PASS] Exercise the existing Artist Family chip semantics without losing either source credit (1967 ms)
2026-09-19T00:17:51.8807376Z   [STEP] Reset the deep gallery viewport when the family tree selects a different artist
2026-09-19T00:17:52.0017855Z 2026-09-19 00:17:51,986 [INFO] music_app: {"action": "Postgres album search request started", "query": "Morse Portnoy George"}
2026-09-19T00:17:52.1249497Z 2026-09-19 00:17:52,116 [INFO] music_app: {"action": "View data request completed", "album_count": 40, "artist_count": 4, "elapsed_ms": 130.81, "query": "Morse Portnoy George", "selected_artist": "Morse Portnoy George"}
2026-09-19T00:17:53.2395960Z   [PASS] Reset the deep gallery viewport when the family tree selects a different artist (1525 ms)
2026-09-19T00:17:53.2397155Z   [STEP] Keep both source credits under the canonical *** grouping
2026-09-19T00:17:53.5921868Z 2026-09-19 00:17:53,591 [INFO] music_app: {"action": "Index request completed", "album_count": 0, "artist_count": 0, "bootstrap_mode": "fresh_preview", "covers_in_progress": false, "elapsed_ms": 182.62, "hydrate_in_progress": false, "payload_elapsed_ms": 95.13, "query": "", "scan_in_progress": false, "selected_artist": ""}
2026-09-19T00:17:56.1782513Z   [PASS] Keep both source credits under the canonical *** grouping (2939 ms)
2026-09-19T00:17:56.2130042Z   ok 1 [functional] › tests\e2e\specs\artistAliasParity.spec.js:21:1 › FTC-SEARCH-NAV-020 resolves punctuation-credit aliases through startup and keeps both raw credits @area:gallery-search (11.4s)
2026-09-19T00:17:56.3652263Z [TEST] FTC-SEARCH-NAV-021 keeps empty normalized artist keys isolated
2026-09-19T00:17:56.3657800Z   [STEP] Open the normal library and verify startup projection readiness
2026-09-19T00:17:56.6371262Z 2026-09-19 00:17:56,636 [INFO] music_app: {"action": "Index request completed", "album_count": 0, "artist_count": 0, "bootstrap_mode": "fresh_preview", "covers_in_progress": false, "elapsed_ms": 196.08, "hydrate_in_progress": false, "payload_elapsed_ms": 103.02, "query": "", "scan_in_progress": false, "selected_artist": ""}
2026-09-19T00:17:58.4979855Z   [PASS] Open the normal library and verify startup projection readiness (2110 ms)
2026-09-19T00:17:58.4981417Z   [STEP] Open only the exact 東京事変 artist identity
2026-09-19T00:17:58.6273333Z 2026-09-19 00:17:58,608 [INFO] music_app: {"action": "Postgres album search request started", "query": "\u6771\u4eac\u4e8b\u5909"}
2026-09-19T00:17:58.7056823Z 2026-09-19 00:17:58,695 [INFO] music_app: {"action": "View data request completed", "album_count": 1, "artist_count": 1, "elapsed_ms": 87.18, "query": "\u6771\u4eac\u4e8b\u5909", "selected_artist": "\u6771\u4eac\u4e8b\u5909"}
2026-09-19T00:17:59.3031519Z   [PASS] Open only the exact 東京事変 artist identity (831 ms)
2026-09-19T00:17:59.3032107Z   [STEP] Open only the exact Борис artist identity
2026-09-19T00:17:59.5591270Z 2026-09-19 00:17:59,555 [INFO] music_app: {"action": "Postgres album search request started", "query": "\u0411\u043e\u0440\u0438\u0441"}
2026-09-19T00:17:59.6469033Z 2026-09-19 00:17:59,640 [INFO] music_app: {"action": "View data request completed", "album_count": 1, "artist_count": 1, "elapsed_ms": 85.92, "query": "\u0411\u043e\u0440\u0438\u0441", "selected_artist": "\u0411\u043e\u0440\u0438\u0441"}
2026-09-19T00:17:59.8731949Z   [PASS] Open only the exact Борис artist identity (569 ms)
2026-09-19T00:17:59.8732986Z   [STEP] Open only the exact !!! artist identity
2026-09-19T00:17:59.9805542Z 2026-09-19 00:17:59,977 [INFO] music_app: {"action": "Postgres album search request started", "query": "!!!"}
2026-09-19T00:18:00.1246148Z 2026-09-19 00:18:00,122 [INFO] music_app: {"action": "View data request completed", "album_count": 1, "artist_count": 1, "elapsed_ms": 145.32, "query": "!!!", "selected_artist": "!!!"}
2026-09-19T00:18:00.2984656Z   [PASS] Open only the exact !!! artist identity (425 ms)
2026-09-19T00:18:00.2986463Z   [STEP] Open only the exact *** artist identity
2026-09-19T00:18:00.4066774Z 2026-09-19 00:18:00,401 [INFO] music_app: {"action": "Postgres album search request started", "query": "***"}
2026-09-19T00:18:00.5368986Z 2026-09-19 00:18:00,529 [INFO] music_app: {"action": "View data request completed", "album_count": 1, "artist_count": 1, "elapsed_ms": 127.21, "query": "***", "selected_artist": "***"}
2026-09-19T00:18:00.7025027Z   [PASS] Open only the exact *** artist identity (405 ms)
2026-09-19T00:18:00.7328383Z   ok 2 [functional] › tests\e2e\specs\artistAliasParity.spec.js:158:1 › FTC-SEARCH-NAV-021 keeps empty normalized artist keys isolated @area:gallery-search (4.5s)
2026-09-19T00:18:00.8896581Z [TEST] FTC-SEARCH-NAV-022 starts with a collapsed scan identity and browses its repeated-space artist family
2026-09-19T00:18:00.8929543Z   [STEP] Open the production app after lifespan rebuilt the relation projection
2026-09-19T00:18:01.1769273Z 2026-09-19 00:18:01,176 [INFO] music_app: {"action": "Index request completed", "album_count": 0, "artist_count": 0, "bootstrap_mode": "fresh_preview", "covers_in_progress": false, "elapsed_ms": 199.59, "hydrate_in_progress": false, "payload_elapsed_ms": 103.3, "query": "", "scan_in_progress": false, "selected_artist": ""}
2026-09-19T00:18:02.9488777Z   [PASS] Open the production app after lifespan rebuilt the relation projection (2066 ms)
2026-09-19T00:18:02.9489954Z   [STEP] Search by the collapsed scan identity and retain the stored display credit
2026-09-19T00:18:03.2519663Z 2026-09-19 00:18:03,223 [INFO] music_app: {"action": "Postgres album search request started", "query": "Signal Family Lead"}
2026-09-19T00:18:03.3546368Z 2026-09-19 00:18:03,345 [INFO] music_app: {"action": "View data request completed", "album_count": 2, "artist_count": 2, "elapsed_ms": 120.7, "query": "Signal Family Lead", "selected_artist": "Signal  Family Lead"}
2026-09-19T00:18:03.5844327Z   [PASS] Search by the collapsed scan identity and retain the stored display credit (638 ms)
2026-09-19T00:18:03.5844973Z   [STEP] Browse the folder-derived relation through Artist Family controls
2026-09-19T00:18:03.8647798Z   [PASS] Browse the folder-derived relation through Artist Family controls (280 ms)
2026-09-19T00:18:03.8963543Z   ok 3 [functional] › tests\e2e\specs\artistAliasParity.spec.js:189:1 › FTC-SEARCH-NAV-022 starts with a collapsed scan identity and browses its repeated-space artist family @area:gallery-search (3.1s)
2026-09-19T00:18:04.0418524Z [TEST] FTC-ARTIST-FAMILY-015 excludes compilation track credits from family relations while keeping ordinary shared releases related
2026-09-19T00:18:04.0419987Z   [STEP] Open the production app after startup builds the Postgres relation projection
2026-09-19T00:18:04.4312343Z 2026-09-19 00:18:04,430 [INFO] music_app: {"action": "Index request completed", "album_count": 0, "artist_count": 0, "bootstrap_mode": "fresh_preview", "covers_in_progress": false, "elapsed_ms": 295.54, "hydrate_in_progress": false, "payload_elapsed_ms": 201.81, "query": "", "scan_in_progress": false, "selected_artist": ""}
2026-09-19T00:18:06.4367766Z   [PASS] Open the production app after startup builds the Postgres relation projection (2395 ms)
2026-09-19T00:18:06.4368979Z   [STEP] Select one compilation member without inheriting the other member as family
2026-09-19T00:18:07.3318529Z   [PASS] Select one compilation member without inheriting the other member as family (674 ms)
2026-09-19T00:18:07.4469046Z   [STEP] Open the second compilation member through the normal sidebar
2026-09-19T00:18:07.8161088Z   [PASS] Open the second compilation member through the normal sidebar (705 ms)
2026-09-19T00:18:07.8162234Z   [STEP] Keep a separate non-compilation shared release in Artist Family
2026-09-19T00:18:09.4179869Z   [PASS] Keep a separate non-compilation shared release in Artist Family (1602 ms)
2026-09-19T00:18:09.4180574Z   [STEP] Exclude Soundtracks and OST folder evidence
2026-09-19T00:18:10.0891821Z   [PASS] Exclude Soundtracks and OST folder evidence (667 ms)
2026-09-19T00:18:10.0898740Z   [STEP] Require every emitted family pill to resolve a contributing album
2026-09-19T00:18:12.4641785Z   [PASS] Require every emitted family pill to resolve a contributing album (2379 ms)
2026-09-19T00:18:12.4970091Z   ok 4 [functional] › tests\e2e\specs\artistCompilationFamily.spec.js:180:1 › FTC-ARTIST-FAMILY-015 excludes compilation track credits from family relations while keeping ordinary shared releases related @area:gallery-search (8.6s)
2026-09-19T00:18:12.4976268Z [album-haven-playwright-result] {"version":1,"phase":"tests-complete","nonce":"711e6469702b8ca1101d6ca655b3ae711a2c4790c182a9ff98788a5d174f8f1a","status":"passed","total":4,"completed":4,"failed":0,"skipped":0,"errors":0}
2026-09-19T00:18:12.4995753Z 
2026-09-19T00:18:15.5372574Z 
2026-09-19T00:18:15.5372602Z 
2026-09-19T00:18:15.5373984Z [album-haven-playwright-result] {"version":1,"phase":"run-final","nonce":"711e6469702b8ca1101d6ca655b3ae711a2c4790c182a9ff98788a5d174f8f1a","status":"passed","total":4,"completed":4,"failed":0,"skipped":0,"errors":0}
2026-09-19T00:18:15.5374981Z   4 passed (37.3s)
2026-09-19T00:18:15.8528665Z 
2026-09-19T00:18:15.8529419Z === Playwright Summary ===
2026-09-19T00:18:15.8530789Z [[32m✓[0m] artistAliasParity.spec
2026-09-19T00:18:15.8531458Z   [[32m✓[0m] FTC-SEARCH-NAV-020 resolves punctuation-credit aliases through startup and keeps both raw credits @area:gallery-search
2026-09-19T00:18:15.8532171Z   [[32m✓[0m] FTC-SEARCH-NAV-021 keeps empty normalized artist keys isolated @area:gallery-search
2026-09-19T00:18:15.8532909Z   [[32m✓[0m] FTC-SEARCH-NAV-022 starts with a collapsed scan identity and browses its repeated-space artist family @area:gallery-search
2026-09-19T00:18:15.8533417Z [[32m✓[0m] artistCompilationFamily.spec
2026-09-19T00:18:15.8534066Z   [[32m✓[0m] FTC-ARTIST-FAMILY-015 excludes compilation track credits from family relations while keeping ordinary shared releases related @area:gallery-search
2026-09-19T00:18:15.8534499Z 
2026-09-19T00:18:15.8534617Z Overall: 4/4 passed
2026-09-19T00:18:20.9630972Z [playwright-wrapper-final-decision] {"wrapperExitCode":0,"attemptReturn":{"exitCode":0,"exitReason":"authoritative-pass"},"fakeDatabaseCleanup":{"status":"completed","error":null,"mode":"lock-only"},"scanAppCleanup":{"status":"not-required","error":null},"isolatedAppCleanup":{"status":"completed","error":null},"tempCleanup":{"status":"completed","error":null,"removedCount":1},"passivePortDiagnostics":[{"port":5200,"status":"completed","error":null,"ownerCount":0},{"port":5202,"status":"completed","error":null,"ownerCount":0}],"finalSummary":{"phase":"run-final","status":"passed","total":4,"completed":4,"failed":0,"skipped":0,"errors":0,"listOnly":false},"exitReason":"authoritative-pass"}
2026-09-19T00:18:22.3561069Z {"restored":0,"removed":0,"unchanged":1497}
2026-09-19T00:18:38.6058284Z Album Haven production E2E app listening on http://127.0.0.1:5200 with 0 artists, 0 albums, 0 tracks, and provider fixtures on http://127.0.0.1:5202
2026-09-19T00:18:39.7972947Z 2026-09-19 00:18:39,796 [INFO] music_app: Startup scan-cache hydration completed files=7200 albums=400
2026-09-19T00:18:39.7974438Z 2026-09-19 00:18:39,796 [INFO] music_app: Legacy album exclusions migrated albums=1 removed_rules=18 created_rules=1
2026-09-19T00:18:40.1821754Z 2026-09-19 00:18:40,180 [INFO] music_app: Relation projection startup readiness ready=true rebuilt=true reason=missing_projection builder_version=local-relation-builder-v9 source_row_count=7438 duration_ms=334.31 source_load=93.81 fingerprint=47.65 pure_build=93.90 family_link_replacement=5.69 snapshot_publication=1.40
2026-09-19T00:18:41.0881465Z 2026-09-19 00:18:41,086 [INFO] music_app: {"action": "Index request completed", "album_count": 0, "artist_count": 0, "bootstrap_mode": "fresh_preview", "covers_in_progress": false, "elapsed_ms": 300.53, "hydrate_in_progress": false, "payload_elapsed_ms": 129.83, "query": "", "scan_in_progress": false, "selected_artist": ""}
2026-09-19T00:19:04.2162230Z 
2026-09-19T00:19:04.2163049Z Running 26 tests using 1 worker
2026-09-19T00:19:04.2185688Z 
2026-09-19T00:19:07.0550289Z 2026-09-19 00:19:07,053 [INFO] music_app: {"action": "Index request completed", "album_count": 0, "artist_count": 0, "bootstrap_mode": "fresh_preview", "covers_in_progress": false, "elapsed_ms": 211.21, "hydrate_in_progress": false, "payload_elapsed_ms": 116.77, "query": "", "scan_in_progress": false, "selected_artist": ""}
2026-09-19T00:19:08.8854536Z [TEST] FTC-ALBUM-TRACK-CREDITS-001 shows clean titles and per-track credits on a Various Artists release
2026-09-19T00:19:08.8871281Z   [STEP] Find the persisted Various Artists fixture through normal album search
2026-09-19T00:19:09.2083082Z 2026-09-19 00:19:09,206 [INFO] music_app: {"action": "Index request completed", "album_count": 0, "artist_count": 0, "bootstrap_mode": "fresh_preview", "covers_in_progress": false, "elapsed_ms": 189.54, "hydrate_in_progress": false, "payload_elapsed_ms": 100.8, "query": "", "scan_in_progress": false, "selected_artist": ""}
2026-09-19T00:19:11.4556576Z 2026-09-19 00:19:11,451 [INFO] music_app: {"action": "Postgres album search request started", "query": "Featured Signal Collection"}
2026-09-19T00:19:11.5602559Z 2026-09-19 00:19:11,547 [INFO] music_app: {"action": "View data request completed", "album_count": 1, "artist_count": 1, "elapsed_ms": 95.42, "query": "Featured Signal Collection", "selected_artist": "Various Artists"}
2026-09-19T00:19:11.6920052Z   [PASS] Find the persisted Various Artists fixture through normal album search (2804 ms)
2026-09-19T00:19:11.6921672Z   [STEP] Open album details and verify the server-owned track-row presentation
2026-09-19T00:19:12.4687349Z   [PASS] Open album details and verify the server-owned track-row presentation (777 ms)
2026-09-19T00:19:12.4688444Z   [STEP] Verify an ordinary album labels title and artist guest markers without changing playback metadata
2026-09-19T00:19:12.6286610Z 2026-09-19 00:19:12,617 [INFO] music_app: {"action": "Postgres album search request started", "query": "\u0428\u0442\u0438\u043b\u044c Feature Credit"}
2026-09-19T00:19:12.7195302Z 2026-09-19 00:19:12,715 [INFO] music_app: {"action": "View data request completed", "album_count": 1, "artist_count": 1, "elapsed_ms": 97.6, "query": "\u0428\u0442\u0438\u043b\u044c Feature Credit", "selected_artist": "\u0410\u0440\u0438\u044f"}
2026-09-19T00:19:13.3974156Z   [PASS] Verify an ordinary album labels title and artist guest markers without changing playback metadata (929 ms)
2026-09-19T00:19:13.3975802Z   [STEP] Keep title-derived guests and composite credits out of Artist Family
2026-09-19T00:19:13.5069537Z   [PASS] Keep title-derived guests and composite credits out of Artist Family (108 ms)
2026-09-19T00:19:13.5498184Z   ok  1 [functional] › tests\e2e\specs\albumTrackCredits.spec.js:78:1 › FTC-ALBUM-TRACK-CREDITS-001 shows clean titles and per-track credits on a Various Artists release @area:album-details (4.8s)
2026-09-19T00:19:13.7204529Z [TEST] FTC-ALBUM-TRACK-CREDITS-002 shows each normalized album-header artist once
2026-09-19T00:19:13.7205801Z   [STEP] Find the Postgres album whose stored display credit repeats artists
2026-09-19T00:19:14.0315196Z 2026-09-19 00:19:14,030 [INFO] music_app: {"action": "Index request completed", "album_count": 0, "artist_count": 0, "bootstrap_mode": "fresh_preview", "covers_in_progress": false, "elapsed_ms": 204.1, "hydrate_in_progress": false, "payload_elapsed_ms": 97.54, "query": "", "scan_in_progress": false, "selected_artist": ""}
2026-09-19T00:19:16.3858739Z 2026-09-19 00:19:16,361 [INFO] music_app: {"action": "Postgres album search request started", "query": "Snow White And The Seven Dwarfs"}
2026-09-19T00:19:16.4533524Z 2026-09-19 00:19:16,452 [INFO] music_app: {"action": "View data request completed", "album_count": 1, "artist_count": 1, "elapsed_ms": 91.16, "query": "Snow White And The Seven Dwarfs", "selected_artist": "Frank Churchill / Leigh Harline / Larry Morey"}
2026-09-19T00:19:16.6128690Z   [PASS] Find the Postgres album whose stored display credit repeats artists (2892 ms)
2026-09-19T00:19:16.6129856Z   [STEP] Open Album Details without repeating the album credit on each track
2026-09-19T00:19:17.1617499Z   [PASS] Open Album Details without repeating the album credit on each track (548 ms)
2026-09-19T00:19:17.1936431Z   ok  2 [functional] › tests\e2e\specs\albumTrackCredits.spec.js:269:1 › FTC-ALBUM-TRACK-CREDITS-002 shows each normalized album-header artist once @area:album-details (3.6s)
2026-09-19T00:19:17.3486699Z [TEST] FTC-ALBUM-DETAILS-017 orders missing track numbers by natural filename
2026-09-19T00:19:17.3647548Z   [STEP] Open the generated missing-track-number album through normal search
2026-09-19T00:19:17.7448626Z 2026-09-19 00:19:17,743 [INFO] music_app: {"action": "Index request completed", "album_count": 0, "artist_count": 0, "bootstrap_mode": "fresh_preview", "covers_in_progress": false, "elapsed_ms": 291.41, "hydrate_in_progress": false, "payload_elapsed_ms": 203.54, "query": "", "scan_in_progress": false, "selected_artist": ""}
2026-09-19T00:19:19.8549533Z 2026-09-19 00:19:19,824 [INFO] music_app: {"action": "Postgres album search request started", "query": "Natural Filename Order Fixture"}
2026-09-19T00:19:19.9243009Z 2026-09-19 00:19:19,912 [INFO] music_app: {"action": "View data request completed", "album_count": 1, "artist_count": 1, "elapsed_ms": 88.36, "query": "Natural Filename Order Fixture", "selected_artist": "E2E Rarity Artist"}
2026-09-19T00:19:20.1410216Z   [PASS] Open the generated missing-track-number album through normal search (2798 ms)
2026-09-19T00:19:20.1412281Z   [STEP] Verify natural filename order when positive track numbers are absent
2026-09-19T00:19:20.6035857Z   [PASS] Verify natural filename order when positive track numbers are absent (463 ms)
2026-09-19T00:19:20.6351828Z   ok  3 [functional] › tests\e2e\specs\albumTrackCredits.spec.js:298:1 › FTC-ALBUM-DETAILS-017 orders missing track numbers by natural filename @area:album-details (3.4s)
2026-09-19T00:19:20.7906031Z [TEST] FTC-ALBUM-DETAILS-005 shows bonus duration only for an explicit bonus-disc label
2026-09-19T00:19:20.7908281Z   [STEP] Open a mixed album with an explicit raw bonus-disc label
2026-09-19T00:19:21.0825501Z 2026-09-19 00:19:21,081 [INFO] music_app: {"action": "Index request completed", "album_count": 0, "artist_count": 0, "bootstrap_mode": "fresh_preview", "covers_in_progress": false, "elapsed_ms": 203.87, "hydrate_in_progress": false, "payload_elapsed_ms": 107.15, "query": "", "scan_in_progress": false, "selected_artist": ""}
2026-09-19T00:19:23.1461441Z 2026-09-19 00:19:23,106 [INFO] music_app: {"action": "Postgres album search request started", "query": "Explicit Disc Label Control"}
2026-09-19T00:19:23.2026652Z 2026-09-19 00:19:23,194 [INFO] music_app: {"action": "View data request completed", "album_count": 1, "artist_count": 1, "elapsed_ms": 87.48, "query": "Explicit Disc Label Control", "selected_artist": "Various Artists"}
2026-09-19T00:19:23.7640464Z   [PASS] Open a mixed album with an explicit raw bonus-disc label (2973 ms)
2026-09-19T00:19:23.7641135Z   [STEP] Show the exact main-album and bonus-disc durations
2026-09-19T00:19:23.8232542Z   [PASS] Show the exact main-album and bonus-disc durations (60 ms)
2026-09-19T00:19:23.8558293Z   ok  4 [functional] › tests\e2e\specs\albumTrackCredits.spec.js:327:1 › FTC-ALBUM-DETAILS-005 shows bonus duration only for an explicit bonus-disc label @area:album-details (3.2s)
2026-09-19T00:19:24.0340184Z [TEST] FTC-ALBUM-DETAILS-005 ignores bonus-like album and path words
2026-09-19T00:19:24.0347605Z   [STEP] Open an ordinary album whose title and path contain bonus-like words
2026-09-19T00:19:24.3342531Z 2026-09-19 00:19:24,333 [INFO] music_app: {"action": "Index request completed", "album_count": 0, "artist_count": 0, "bootstrap_mode": "fresh_preview", "covers_in_progress": false, "elapsed_ms": 204.84, "hydrate_in_progress": false, "payload_elapsed_ms": 111.62, "query": "", "scan_in_progress": false, "selected_artist": ""}
2026-09-19T00:19:26.6382039Z 2026-09-19 00:19:26,619 [INFO] music_app: {"action": "Postgres album search request started", "query": "Rarity Outtakes Archive"}
2026-09-19T00:19:26.7122059Z 2026-09-19 00:19:26,706 [INFO] music_app: {"action": "View data request completed", "album_count": 1, "artist_count": 1, "elapsed_ms": 87.19, "query": "Rarity Outtakes Archive", "selected_artist": "Various Artists"}
2026-09-19T00:19:27.6389890Z   [PASS] Open an ordinary album whose title and path contain bonus-like words (3611 ms)
2026-09-19T00:19:27.6390605Z   [STEP] Show only the ordinary album total
2026-09-19T00:19:27.6715242Z   [FAIL] Show only the ordinary album total :: expect(received).toEqual(expected) // deep equality
2026-09-19T00:19:27.6715721Z 
2026-09-19T00:19:27.6716223Z - Expected  - 3
2026-09-19T00:19:27.6718553Z + Received  + 1
2026-09-19T00:19:27.6720302Z 
2026-09-19T00:19:27.6720793Z   Object {
2026-09-19T00:19:27.6721452Z     "headers": Array [],
2026-09-19T00:19:27.6722212Z -   "totals": Array [
2026-09-19T00:19:27.6722771Z -     "Total Length: 18m 00s",
2026-09-19T00:19:27.6723212Z -   ],
2026-09-19T00:19:27.6723687Z +   "totals": Array [],
2026-09-19T00:19:27.6724130Z   } (25 ms)
2026-09-19T00:19:28.7343136Z   x   5 [functional] › tests\e2e\specs\albumTrackCredits.spec.js:355:1 › FTC-ALBUM-DETAILS-005 ignores bonus-like album and path words @area:album-details (4.2s)
2026-09-19T00:19:30.9439344Z 2026-09-19 00:19:30,942 [INFO] music_app: {"action": "Index request completed", "album_count": 0, "artist_count": 0, "bootstrap_mode": "fresh_preview", "covers_in_progress": false, "elapsed_ms": 295.41, "hydrate_in_progress": false, "payload_elapsed_ms": 102.71, "query": "", "scan_in_progress": false, "selected_artist": ""}
2026-09-19T00:19:33.0259388Z [TEST] FTC-ALBUM-DETAILS-005 infers CD1 beside an ordinary numeric CD2
2026-09-19T00:19:33.0271688Z   [STEP] Open a numeric two-disc album whose first tracks omit disc tags
2026-09-19T00:19:33.3158077Z 2026-09-19 00:19:33,315 [INFO] music_app: {"action": "Index request completed", "album_count": 0, "artist_count": 0, "bootstrap_mode": "fresh_preview", "covers_in_progress": false, "elapsed_ms": 198.5, "hydrate_in_progress": false, "payload_elapsed_ms": 105.94, "query": "", "scan_in_progress": false, "selected_artist": ""}
2026-09-19T00:19:35.5456475Z 2026-09-19 00:19:35,529 [INFO] music_app: {"action": "Postgres album search request started", "query": "Ordinary Numeric Disc Control"}
2026-09-19T00:19:35.6219360Z 2026-09-19 00:19:35,620 [INFO] music_app: {"action": "View data request completed", "album_count": 1, "artist_count": 1, "elapsed_ms": 91.79, "query": "Ordinary Numeric Disc Control", "selected_artist": "Various Artists"}
2026-09-19T00:19:36.2488245Z   [PASS] Open a numeric two-disc album whose first tracks omit disc tags (3221 ms)
2026-09-19T00:19:36.2489848Z   [STEP] Render inferred CD1 and numeric CD2 without bonus semantics
2026-09-19T00:19:36.2968537Z   [PASS] Render inferred CD1 and numeric CD2 without bonus semantics (47 ms)
2026-09-19T00:19:36.3336524Z   ok  6 [functional] › tests\e2e\specs\albumTrackCredits.spec.js:382:1 › FTC-ALBUM-DETAILS-005 infers CD1 beside an ordinary numeric CD2 @area:album-details (3.6s)
2026-09-19T00:19:36.5047569Z [TEST] FTC-ARTIST-FAMILY-016 reuses complete virtualized family data for no-query member navigation
2026-09-19T00:19:36.5082296Z   [STEP] Open the complete unfiltered ordinary family with viewport virtualization
2026-09-19T00:19:36.7901124Z 2026-09-19 00:19:36,789 [INFO] music_app: {"action": "Index request completed", "album_count": 0, "artist_count": 0, "bootstrap_mode": "fresh_preview", "covers_in_progress": false, "elapsed_ms": 208.65, "hydrate_in_progress": false, "payload_elapsed_ms": 106.29, "query": "", "scan_in_progress": false, "selected_artist": ""}
2026-09-19T00:19:39.5564991Z   [PASS] Open the complete unfiltered ordinary family with viewport virtualization (3055 ms)
2026-09-19T00:19:39.5698441Z   [STEP] Promote another family member locally without a loading transition
2026-09-19T00:19:39.7666209Z   [PASS] Promote another family member locally without a loading transition (214 ms)
2026-09-19T00:19:39.7668076Z   [STEP] Keep the rearranged primary and virtualized family albums reachable
2026-09-19T00:19:41.2752389Z   [PASS] Keep the rearranged primary and virtualized family albums reachable (1513 ms)
2026-09-19T00:19:41.3120304Z   ok  7 [functional] › tests\e2e\specs\artistCompilationFamily.spec.js:287:1 › FTC-ARTIST-FAMILY-016 reuses complete virtualized family data for no-query member navigation @area:gallery-search (4.9s)
2026-09-19T00:19:41.4992597Z [TEST] FTC-ARTIST-FAMILY-014 deduplicates the Snow White display credit without changing its click identity
2026-09-19T00:19:41.4993971Z   [STEP] Open the production app against the isolated Postgres library
2026-09-19T00:19:41.8738174Z 2026-09-19 00:19:41,872 [INFO] music_app: {"action": "Index request completed", "album_count": 0, "artist_count": 0, "bootstrap_mode": "fresh_preview", "covers_in_progress": false, "elapsed_ms": 196.05, "hydrate_in_progress": false, "payload_elapsed_ms": 105.09, "query": "", "scan_in_progress": false, "selected_artist": ""}
2026-09-19T00:19:43.9421850Z   [PASS] Open the production app against the isolated Postgres library (2399 ms)
2026-09-19T00:19:43.9431460Z   [STEP] Select the merged composite artist row through its clean tree label
2026-09-19T00:19:44.1846142Z 2026-09-19 00:19:44,180 [INFO] music_app: {"action": "Postgres album search request started", "query": "Snow White And The Seven Dwarfs"}
2026-09-19T00:19:44.2769192Z 2026-09-19 00:19:44,268 [INFO] music_app: {"action": "View data request completed", "album_count": 1, "artist_count": 1, "elapsed_ms": 87.99, "query": "Snow White And The Seven Dwarfs", "selected_artist": "Frank Churchill / Leigh Harline / Larry Morey"}
2026-09-19T00:19:44.5291224Z   [PASS] Select the merged composite artist row through its clean tree label (629 ms)
2026-09-19T00:19:44.5295204Z   [STEP] Verify the deduplicated display credit and normalized durable album key
2026-09-19T00:19:44.6233788Z   [PASS] Verify the deduplicated display credit and normalized durable album key (94 ms)
2026-09-19T00:19:44.6234541Z   [STEP] Open the album through its visible title and retain the legitimate composite identity
2026-09-19T00:19:45.1488280Z   [PASS] Open the album through its visible title and retain the legitimate composite identity (526 ms)
2026-09-19T00:19:45.1808497Z   ok  8 [functional] › tests\e2e\specs\artistCompositeCredits.spec.js:10:1 › FTC-ARTIST-FAMILY-014 deduplicates the Snow White display credit without changing its click identity @area:gallery-search (3.8s)
2026-09-19T00:19:45.3387460Z [TEST] FTC-GALLERY-030 counts each Mulan soundtrack track once across artist credits
2026-09-19T00:19:45.3388807Z   [STEP] Unfiltered gallery counts each soundtrack track once
2026-09-19T00:19:45.6876759Z 2026-09-19 00:19:45,687 [INFO] music_app: {"action": "Index request completed", "album_count": 0, "artist_count": 0, "bootstrap_mode": "fresh_preview", "covers_in_progress": false, "elapsed_ms": 265.44, "hydrate_in_progress": false, "payload_elapsed_ms": 167.68, "query": "", "scan_in_progress": false, "selected_artist": ""}
2026-09-19T00:19:49.4377738Z   [PASS] Unfiltered gallery counts each soundtrack track once (4038 ms)
2026-09-19T00:19:49.4381884Z   [STEP] Search the multi-artist soundtrack and count its duration once
2026-09-19T00:19:49.7239983Z 2026-09-19 00:19:49,722 [INFO] music_app: {"action": "Index request completed", "album_count": 0, "artist_count": 0, "bootstrap_mode": "fresh_preview", "covers_in_progress": false, "elapsed_ms": 233.82, "hydrate_in_progress": false, "payload_elapsed_ms": 117.74, "query": "", "scan_in_progress": false, "selected_artist": ""}
2026-09-19T00:19:51.6094837Z 2026-09-19 00:19:51,598 [INFO] music_app: {"action": "Postgres album search request started", "query": "Mulan"}
2026-09-19T00:19:51.6917945Z 2026-09-19 00:19:51,689 [INFO] music_app: {"action": "View data request completed", "album_count": 1, "artist_count": 9, "elapsed_ms": 92.64, "query": "Mulan", "selected_artist": "U.D.O."}
2026-09-19T00:19:51.7955022Z   [PASS] Search the multi-artist soundtrack and count its duration once (2418 ms)
2026-09-19T00:19:51.7955720Z   [STEP] Album Details independently shows 14 tracks totaling 56m 18s
2026-09-19T00:19:52.2908596Z   [PASS] Album Details independently shows 14 tracks totaling 56m 18s (495 ms)
2026-09-19T00:19:52.2909573Z   [STEP] Artist navigation and reload preserve the same gallery total
2026-09-19T00:19:53.5038150Z 2026-09-19 00:19:53,502 [INFO] music_app: {"action": "Index request completed", "album_count": 0, "artist_count": 0, "bootstrap_mode": "fresh_preview", "covers_in_progress": false, "elapsed_ms": 215.93, "hydrate_in_progress": false, "payload_elapsed_ms": 156.89, "query": "", "scan_in_progress": false, "selected_artist": "Compilation Signal Lead"}
2026-09-19T00:19:54.3127175Z   [PASS] Artist navigation and reload preserve the same gallery total (2022 ms)
2026-09-19T00:19:54.3415323Z   ok  9 [functional] › tests\e2e\specs\gallerySoundtrackDuration.spec.js:9:1 › FTC-GALLERY-030 counts each Mulan soundtrack track once across artist credits @area:gallery-search (9.1s)
2026-09-19T00:19:54.5094993Z [TEST] FTC-SEARCH-NAV-027 keeps canonical positive card counts on direct load and reload
2026-09-19T00:19:54.5097322Z   [STEP] Direct-load and reload the selected-artist gallery in a fresh browser
2026-09-19T00:19:55.0061496Z 2026-09-19 00:19:55,004 [INFO] music_app: {"action": "Index request completed", "album_count": 0, "artist_count": 0, "bootstrap_mode": "fresh_preview", "covers_in_progress": false, "elapsed_ms": 413.17, "hydrate_in_progress": false, "payload_elapsed_ms": 237.69, "query": "", "scan_in_progress": false, "selected_artist": "\u0414\u0414\u0422"}
2026-09-19T00:19:59.5945741Z 2026-09-19 00:19:59,593 [INFO] music_app: {"action": "Index request completed", "album_count": 0, "artist_count": 0, "bootstrap_mode": "fresh_preview", "covers_in_progress": false, "elapsed_ms": 414.28, "hydrate_in_progress": false, "payload_elapsed_ms": 245.39, "query": "", "scan_in_progress": false, "selected_artist": "\u0414\u0414\u0422"}
2026-09-19T00:20:02.8996410Z   [PASS] Direct-load and reload the selected-artist gallery in a fresh browser (8394 ms)
2026-09-19T00:20:02.8997071Z   [STEP] Direct-load and reload the search-results gallery in a fresh browser
2026-09-19T00:20:03.2958551Z 2026-09-19 00:20:03,294 [INFO] music_app: {"action": "Index request completed", "album_count": 0, "artist_count": 0, "bootstrap_mode": "full_view", "covers_in_progress": false, "elapsed_ms": 173.04, "hydrate_in_progress": false, "payload_elapsed_ms": 112.39, "query": "\u0414\u0414\u0422", "scan_in_progress": false, "selected_artist": "\u0414\u0414\u0422"}
2026-09-19T00:20:04.9005654Z 2026-09-19 00:20:04,899 [INFO] music_app: {"action": "Index request completed", "album_count": 0, "artist_count": 0, "bootstrap_mode": "full_view", "covers_in_progress": false, "elapsed_ms": 172.6, "hydrate_in_progress": false, "payload_elapsed_ms": 118.35, "query": "\u0414\u0414\u0422", "scan_in_progress": false, "selected_artist": "\u0414\u0414\u0422"}
2026-09-19T00:20:06.6739972Z   [PASS] Direct-load and reload the search-results gallery in a fresh browser (3774 ms)
2026-09-19T00:20:06.7449861Z   ok 10 [functional] › tests\e2e\specs\searchTreeCorrectness.spec.js:46:1 › FTC-SEARCH-NAV-027 keeps canonical positive card counts on direct load and reload @area:gallery-search (12.4s)
2026-09-19T00:20:06.8982601Z [TEST] FTC-SEARCH-NAV-028 limits a content-matched family artist while keeping an artist-name match complete
2026-09-19T00:20:06.8988014Z   [STEP] Capture the complete Transatlantic artist-name gallery
2026-09-19T00:20:07.2785016Z 2026-09-19 00:20:07,277 [INFO] music_app: {"action": "Index request completed", "album_count": 0, "artist_count": 0, "bootstrap_mode": "fresh_preview", "covers_in_progress": false, "elapsed_ms": 293.03, "hydrate_in_progress": false, "payload_elapsed_ms": 206.03, "query": "", "scan_in_progress": false, "selected_artist": "Transatlantic"}
2026-09-19T00:20:08.5914613Z   [PASS] Capture the complete Transatlantic artist-name gallery (1691 ms)
2026-09-19T00:20:08.5916079Z   [STEP] Search for Transatlantic from Neal Morse
2026-09-19T00:20:09.0186474Z 2026-09-19 00:20:09,017 [INFO] music_app: {"action": "Index request completed", "album_count": 0, "artist_count": 0, "bootstrap_mode": "fresh_preview", "covers_in_progress": false, "elapsed_ms": 329.58, "hydrate_in_progress": false, "payload_elapsed_ms": 242.45, "query": "", "scan_in_progress": false, "selected_artist": "Neal Morse"}
2026-09-19T00:20:10.0654633Z 2026-09-19 00:20:10,012 [INFO] music_app: {"action": "Postgres album search request started", "query": "transatlantic"}
2026-09-19T00:20:10.1424421Z 2026-09-19 00:20:10,132 [INFO] music_app: {"action": "View data request completed", "album_count": 40, "artist_count": 4, "elapsed_ms": 121.25, "query": "transatlantic", "selected_artist": "Transatlantic"}
2026-09-19T00:20:10.4599445Z   [PASS] Search for Transatlantic from Neal Morse (1868 ms)
2026-09-19T00:20:10.4605302Z   [STEP] Selecting a different primary artist preserves the query until explicit Clear restores its complete gallery
2026-09-19T00:20:11.5088781Z   [PASS] Selecting a different primary artist preserves the query until explicit Clear restores its complete gallery (1052 ms)
2026-09-19T00:20:11.5090047Z   [STEP] Explicit Neal Morse album-title search remains narrow through same-primary selection
2026-09-19T00:20:11.7521572Z 2026-09-19 00:20:11,751 [INFO] music_app: {"action": "Index request completed", "album_count": 0, "artist_count": 0, "bootstrap_mode": "full_view", "covers_in_progress": false, "elapsed_ms": 149.74, "hydrate_in_progress": false, "payload_elapsed_ms": 111.89, "query": "transatlantic", "scan_in_progress": false, "selected_artist": "Neal Morse"}
2026-09-19T00:20:12.4527144Z   [PASS] Explicit Neal Morse album-title search remains narrow through same-primary selection (944 ms)
2026-09-19T00:20:12.4527915Z   [STEP] Explicit Transatlantic search keeps its full artist-name match
2026-09-19T00:20:12.6738922Z 2026-09-19 00:20:12,672 [INFO] music_app: {"action": "Index request completed", "album_count": 0, "artist_count": 0, "bootstrap_mode": "full_view", "covers_in_progress": false, "elapsed_ms": 147.39, "hydrate_in_progress": false, "payload_elapsed_ms": 105.71, "query": "transatlantic", "scan_in_progress": false, "selected_artist": "Transatlantic"}
2026-09-19T00:20:13.3788249Z   [PASS] Explicit Transatlantic search keeps its full artist-name match (926 ms)
2026-09-19T00:20:13.3789430Z   [STEP] Search by a Neal Morse track title and keep the same record-only scope
2026-09-19T00:20:13.5649038Z 2026-09-19 00:20:13,564 [INFO] music_app: {"action": "Index request completed", "album_count": 0, "artist_count": 0, "bootstrap_mode": "full_view", "covers_in_progress": false, "elapsed_ms": 109.94, "hydrate_in_progress": false, "payload_elapsed_ms": 79.67, "query": "family scope beacon", "scan_in_progress": false, "selected_artist": "Neal Morse"}
2026-09-19T00:20:14.4068465Z   [PASS] Search by a Neal Morse track title and keep the same record-only scope (1028 ms)
2026-09-19T00:20:14.4539390Z   ok 11 [functional] › tests\e2e\specs\searchTreeCorrectness.spec.js:179:1 › FTC-SEARCH-NAV-028 limits a content-matched family artist while keeping an artist-name match complete @area:gallery-search (7.7s)
2026-09-19T00:20:14.6165175Z [TEST] FTC-SEARCH-NAV-026 clears Neal Morse search without remounting the selected gallery or family filters and restores the full tree
2026-09-19T00:20:14.6174805Z   [STEP] Capture the complete pre-search artist tree
2026-09-19T00:20:14.9055844Z 2026-09-19 00:20:14,904 [INFO] music_app: {"action": "Index request completed", "album_count": 0, "artist_count": 0, "bootstrap_mode": "fresh_preview", "covers_in_progress": false, "elapsed_ms": 189.05, "hydrate_in_progress": false, "payload_elapsed_ms": 97.09, "query": "", "scan_in_progress": false, "selected_artist": ""}
2026-09-19T00:20:16.8337998Z   [PASS] Capture the complete pre-search artist tree (2212 ms)
2026-09-19T00:20:16.8339384Z   [STEP] Search for Neal Morse and retain its automatic strongest-match selection
2026-09-19T00:20:17.0740983Z 2026-09-19 00:20:17,064 [INFO] music_app: {"action": "Postgres album search request started", "query": "Neal Morse"}
2026-09-19T00:20:17.2256181Z 2026-09-19 00:20:17,208 [INFO] music_app: {"action": "View data request completed", "album_count": 50, "artist_count": 5, "elapsed_ms": 144.19, "query": "Neal Morse", "selected_artist": "Neal Morse"}
2026-09-19T00:20:17.5933651Z   [PASS] Search for Neal Morse and retain its automatic strongest-match selection (772 ms)
2026-09-19T00:20:17.5934853Z   [STEP] Clear with the search control while preserving the mounted gallery and family filters
2026-09-19T00:20:18.8544723Z   [PASS] Clear with the search control while preserving the mounted gallery and family filters (1257 ms)
2026-09-19T00:20:18.9088586Z   ok 12 [functional] › tests\e2e\specs\searchTreeCorrectness.spec.js:288:1 › FTC-SEARCH-NAV-026 clears Neal Morse search without remounting the selected gallery or family filters and restores the full tree @area:gallery-search (4.4s)
2026-09-19T00:20:19.0830416Z [TEST] FTC-SEARCH-NAV-002, FTC-SEARCH-NAV-003, and FTC-SEARCH-NAV-026 keep one-family search narrow, alphabetical, and selected through full-tree restoration
2026-09-19T00:20:19.0839009Z   [STEP] Open the canonical *** and capture its complete artist context
2026-09-19T00:20:19.3687559Z 2026-09-19 00:20:19,367 [INFO] music_app: {"action": "Index request completed", "album_count": 0, "artist_count": 0, "bootstrap_mode": "fresh_preview", "covers_in_progress": false, "elapsed_ms": 202.28, "hydrate_in_progress": false, "payload_elapsed_ms": 104.39, "query": "", "scan_in_progress": false, "selected_artist": ""}
2026-09-19T00:20:21.4158050Z   [PASS] Open the canonical *** and capture its complete artist context (2334 ms)
2026-09-19T00:20:21.4159159Z   [STEP] Search for one exact artist inside one family
2026-09-19T00:20:21.5498222Z 2026-09-19 00:20:21,541 [INFO] music_app: {"action": "Postgres album search request started", "query": "The Neal Morse Band"}
2026-09-19T00:20:21.6615370Z 2026-09-19 00:20:21,650 [INFO] music_app: {"action": "View data request completed", "album_count": 40, "artist_count": 4, "elapsed_ms": 108.47, "query": "The Neal Morse Band", "selected_artist": "The Neal Morse Band"}
2026-09-19T00:20:21.9199000Z   [PASS] Search for one exact artist inside one family (504 ms)
2026-09-19T00:20:21.9200087Z   [STEP] Keep the best match and its gallery selected without showing a misleading All artists row
2026-09-19T00:20:21.9879384Z   [PASS] Keep the best match and its gallery selected without showing a misleading All artists row (72 ms)
2026-09-19T00:20:21.9880727Z   [STEP] Display the one-family search tree alphabetically instead of relevance order
2026-09-19T00:20:22.0613661Z   [PASS] Display the one-family search tree alphabetically instead of relevance order (31 ms)
2026-09-19T00:20:22.0616061Z   [STEP] Clear the query while retaining the best-match selection and gallery in the restored full tree
2026-09-19T00:20:23.2577209Z   [PASS] Clear the query while retaining the best-match selection and gallery in the restored full tree (1237 ms)
2026-09-19T00:20:23.2585627Z   [STEP] Repeat the search and explicitly select a different artist from the filtered tree
2026-09-19T00:20:23.4345217Z 2026-09-19 00:20:23,376 [INFO] music_app: {"action": "Postgres album search request started", "query": "The Neal Morse Band"}
2026-09-19T00:20:23.4888976Z 2026-09-19 00:20:23,480 [INFO] music_app: {"action": "View data request completed", "album_count": 40, "artist_count": 4, "elapsed_ms": 103.65, "query": "The Neal Morse Band", "selected_artist": "The Neal Morse Band"}
2026-09-19T00:20:24.0362114Z   [PASS] Repeat the search and explicitly select a different artist from the filtered tree (692 ms)
2026-09-19T00:20:24.0365400Z   [STEP] Reapply the same committed query with Enter and reselect its best match
2026-09-19T00:20:24.1078084Z 2026-09-19 00:20:24,087 [INFO] music_app: {"action": "Postgres album search request started", "query": "The Neal Morse Band"}
2026-09-19T00:20:24.2088654Z 2026-09-19 00:20:24,200 [INFO] music_app: {"action": "View data request completed", "album_count": 40, "artist_count": 4, "elapsed_ms": 113.6, "query": "The Neal Morse Band", "selected_artist": "The Neal Morse Band"}
2026-09-19T00:20:24.4198004Z   [PASS] Reapply the same committed query with Enter and reselect its best match (471 ms)
2026-09-19T00:20:24.4199048Z   [STEP] Reapply the same committed query with Apply and reselect its best match
2026-09-19T00:20:24.6922370Z 2026-09-19 00:20:24,681 [INFO] music_app: {"action": "Postgres album search request started", "query": "The Neal Morse Band"}
2026-09-19T00:20:24.7921470Z 2026-09-19 00:20:24,788 [INFO] music_app: {"action": "View data request completed", "album_count": 40, "artist_count": 4, "elapsed_ms": 107.27, "query": "The Neal Morse Band", "selected_artist": "The Neal Morse Band"}
2026-09-19T00:20:25.0192022Z   [PASS] Reapply the same committed query with Apply and reselect its best match (599 ms)
2026-09-19T00:20:25.0193529Z   [STEP] Restore the manual family selection before validating clear-search retention
2026-09-19T00:20:25.1024147Z   [PASS] Restore the manual family selection before validating clear-search retention (83 ms)
2026-09-19T00:20:25.1025289Z   [STEP] Clear the query while retaining the manually selected artist and gallery in the restored full tree
2026-09-19T00:20:25.7294342Z   [PASS] Clear the query while retaining the manually selected artist and gallery in the restored full tree (627 ms)
2026-09-19T00:20:25.7295185Z   [STEP] Settle a no-match search with no artist selection
2026-09-19T00:20:25.8565205Z 2026-09-19 00:20:25,853 [INFO] music_app: {"action": "Postgres album search request started", "query": "Album Haven deterministic no-match 7f4c29"}
2026-09-19T00:20:25.9410047Z 2026-09-19 00:20:25,932 [INFO] music_app: {"action": "View data request completed", "album_count": 0, "artist_count": 0, "elapsed_ms": 78.95, "query": "Album Haven deterministic no-match 7f4c29", "selected_artist": ""}
2026-09-19T00:20:26.0997590Z   [PASS] Settle a no-match search with no artist selection (371 ms)
2026-09-19T00:20:26.1000706Z   [STEP] Clear the no-selection search naturally and restore the nonempty canonical *** at its top
2026-09-19T00:20:26.8594980Z   [PASS] Clear the no-selection search naturally and restore the nonempty canonical *** at its top (760 ms)
2026-09-19T00:20:26.8917995Z   ok 13 [functional] › tests\e2e\specs\searchTreeCorrectness.spec.js:369:1 › FTC-SEARCH-NAV-002, FTC-SEARCH-NAV-003, and FTC-SEARCH-NAV-026 keep one-family search narrow, alphabetical, and selected through full-tree restoration @area:gallery-search (8.0s)
2026-09-19T00:20:27.0574557Z [TEST] FTC-SEARCH-NAV-026 keeps a cold direct-loaded selected gallery mounted through natural search clear
2026-09-19T00:20:27.0578438Z   [STEP] Direct-load the selected family without first warming the *** browse cache
2026-09-19T00:20:27.2606824Z 2026-09-19 00:20:27,260 [INFO] music_app: {"action": "Index request completed", "album_count": 0, "artist_count": 0, "bootstrap_mode": "full_view", "covers_in_progress": false, "elapsed_ms": 129.29, "hydrate_in_progress": false, "payload_elapsed_ms": 94.33, "query": "Signal Family Lead", "scan_in_progress": false, "selected_artist": "Signal  Family Lead"}
2026-09-19T00:20:27.8693351Z   [PASS] Direct-load the selected family without first warming the *** browse cache (823 ms)
2026-09-19T00:20:27.8694859Z   [STEP] Clear naturally while one ***-sidebar request preserves the mounted gallery
2026-09-19T00:20:28.6733852Z   [PASS] Clear naturally while one ***-sidebar request preserves the mounted gallery (804 ms)
2026-09-19T00:20:28.7044719Z   ok 14 [functional] › tests\e2e\specs\searchTreeCorrectness.spec.js:610:1 › FTC-SEARCH-NAV-026 keeps a cold direct-loaded selected gallery mounted through natural search clear @area:gallery-search (1.8s)
2026-09-19T00:20:28.8469529Z [TEST] FTC-SEARCH-NAV-003 direct query links hydrate the same one-family tree as visible search
2026-09-19T00:20:28.8471929Z   [STEP] Capture the full *** tree and the filtered Neal Morse tree produced by visible search
2026-09-19T00:20:28.9969697Z 2026-09-19 00:20:28,995 [INFO] music_app: {"action": "Index request completed", "album_count": 0, "artist_count": 0, "bootstrap_mode": "shell_only", "covers_in_progress": false, "elapsed_ms": 59.63, "hydrate_in_progress": false, "payload_elapsed_ms": 0.0, "query": "", "scan_in_progress": false, "selected_artist": ""}
2026-09-19T00:20:30.0363907Z 2026-09-19 00:20:29,951 [INFO] music_app: {"action": "Postgres album search request started", "query": "neal morse"}
2026-09-19T00:20:30.1093670Z 2026-09-19 00:20:30,101 [INFO] music_app: {"action": "View data request completed", "album_count": 50, "artist_count": 5, "elapsed_ms": 150.43, "query": "neal morse", "selected_artist": "Neal Morse"}
2026-09-19T00:20:30.3994834Z   [PASS] Capture the full *** tree and the filtered Neal Morse tree produced by visible search (1554 ms)
2026-09-19T00:20:30.3995662Z   [STEP] Open the selected-artist link without q and retain the full *** tree
2026-09-19T00:20:30.9260427Z 2026-09-19 00:20:30,925 [INFO] music_app: {"action": "Index request completed", "album_count": 0, "artist_count": 0, "bootstrap_mode": "fresh_preview", "covers_in_progress": false, "elapsed_ms": 436.83, "hydrate_in_progress": false, "payload_elapsed_ms": 353.43, "query": "", "scan_in_progress": false, "selected_artist": "Neal Morse"}
2026-09-19T00:20:30.9853626Z 2026-09-19 00:20:30,945 [ERROR] asyncio: Exception in callback _ProactorBasePipeTransport._call_connection_lost(None)
2026-09-19T00:20:30.9854987Z handle: <Handle _ProactorBasePipeTransport._call_connection_lost(None)>
2026-09-19T00:20:30.9855812Z Traceback (most recent call last):
2026-09-19T00:20:30.9857227Z   File "C:\hostedtoolcache\windows\Python\3.11.9\x64\Lib\asyncio\events.py", line 84, in _run
2026-09-19T00:20:30.9858066Z     self._context.run(self._callback, *self._args)
2026-09-19T00:20:30.9858992Z   File "C:\hostedtoolcache\windows\Python\3.11.9\x64\Lib\asyncio\proactor_events.py", line 165, in _call_connection_lost
2026-09-19T00:20:30.9859852Z     self._sock.shutdown(socket.SHUT_RDWR)
2026-09-19T00:20:30.9861012Z ConnectionResetError: [WinError 10054] An existing connection was forcibly closed by the remote host
2026-09-19T00:20:32.1583887Z   [PASS] Open the selected-artist link without q and retain the full *** tree (1758 ms)
2026-09-19T00:20:32.1585364Z   [STEP] Open the equivalent query link as a new document
2026-09-19T00:20:32.4644387Z 2026-09-19 00:20:32,463 [INFO] music_app: {"action": "Index request completed", "album_count": 0, "artist_count": 0, "bootstrap_mode": "full_view", "covers_in_progress": false, "elapsed_ms": 204.39, "hydrate_in_progress": false, "payload_elapsed_ms": 142.83, "query": "neal morse", "scan_in_progress": false, "selected_artist": "Neal Morse"}
2026-09-19T00:20:33.2521338Z   [PASS] Open the equivalent query link as a new document (1094 ms)
2026-09-19T00:20:33.2522709Z   [STEP] Hydrate the exact manual-search family tree without a misleading All artists row
2026-09-19T00:20:33.3371690Z   [PASS] Hydrate the exact manual-search family tree without a misleading All artists row (84 ms)
2026-09-19T00:20:33.4402642Z   ok 15 [functional] › tests\e2e\specs\searchTreeCorrectness.spec.js:681:1 › FTC-SEARCH-NAV-003 direct query links hydrate the same one-family tree as visible search @area:gallery-search (4.7s)
2026-09-19T00:20:33.6307239Z [TEST] FTC-SEARCH-NAV-004A keeps a clicked related-family artist selected as the primary artist
2026-09-19T00:20:33.6386463Z   [STEP] Open the Neal Morse family search with Neal Morse as the initial primary artist
2026-09-19T00:20:33.8200298Z 2026-09-19 00:20:33,819 [INFO] music_app: {"action": "Index request completed", "album_count": 0, "artist_count": 0, "bootstrap_mode": "shell_only", "covers_in_progress": false, "elapsed_ms": 70.74, "hydrate_in_progress": false, "payload_elapsed_ms": 0.0, "query": "", "scan_in_progress": false, "selected_artist": ""}
2026-09-19T00:20:34.9946397Z 2026-09-19 00:20:34,979 [INFO] music_app: {"action": "Postgres album search request started", "query": "neal morse"}
2026-09-19T00:20:35.1419899Z 2026-09-19 00:20:35,132 [INFO] music_app: {"action": "View data request completed", "album_count": 50, "artist_count": 5, "elapsed_ms": 153.3, "query": "neal morse", "selected_artist": "Neal Morse"}
2026-09-19T00:20:35.4804533Z   [PASS] Open the Neal Morse family search with Neal Morse as the initial primary artist (1844 ms)
2026-09-19T00:20:35.4809814Z   [STEP] Make the clicked Resonance row the selected primary artist instead of reverting to Neal Morse
2026-09-19T00:20:35.8913422Z   [PASS] Make the clicked Resonance row the selected primary artist instead of reverting to Neal Morse (409 ms)
2026-09-19T00:20:36.1845590Z   [STEP] Keep Resonance primary after server-authoritative reload hydration
2026-09-19T00:20:36.2177849Z 2026-09-19 00:20:36,217 [INFO] music_app: {"action": "Index request completed", "album_count": 0, "artist_count": 0, "bootstrap_mode": "full_view", "covers_in_progress": false, "elapsed_ms": 227.55, "hydrate_in_progress": false, "payload_elapsed_ms": 152.21, "query": "neal morse", "scan_in_progress": false, "selected_artist": "Neal Morse & The Resonance"}
2026-09-19T00:20:37.1043448Z   [PASS] Keep Resonance primary after server-authoritative reload hydration (1232 ms)
2026-09-19T00:20:37.2020223Z   ok 16 [functional] › tests\e2e\specs\searchTreeCorrectness.spec.js:755:1 › FTC-SEARCH-NAV-004A keeps a clicked related-family artist selected as the primary artist @area:gallery-search (3.8s)
2026-09-19T00:20:37.3483984Z [TEST] FTC-SEARCH-NAV-004A and FTC-SEARCH-NAV-007A (BUG-06) hide stale Artist Family content while an unrelated artist selection loads
2026-09-19T00:20:37.3486341Z   [STEP] Open a Neal-family artist through the production sidebar
2026-09-19T00:20:37.6239775Z 2026-09-19 00:20:37,622 [INFO] music_app: {"action": "Index request completed", "album_count": 0, "artist_count": 0, "bootstrap_mode": "fresh_preview", "covers_in_progress": false, "elapsed_ms": 192.19, "hydrate_in_progress": false, "payload_elapsed_ms": 101.47, "query": "", "scan_in_progress": false, "selected_artist": ""}
2026-09-19T00:20:40.0092649Z   [PASS] Open a Neal-family artist through the production sidebar (2659 ms)
2026-09-19T00:20:40.0097322Z   [STEP] Hide the mounted Neal-family panel immediately when a different search commits
2026-09-19T00:20:40.1630736Z 2026-09-19 00:20:40,158 [INFO] music_app: {"action": "Postgres album search request started", "query": "Album Haven Last.fm Fixture"}
2026-09-19T00:20:40.2596262Z 2026-09-19 00:20:40,258 [INFO] music_app: {"action": "View data request completed", "album_count": 1, "artist_count": 1, "elapsed_ms": 99.45, "query": "Album Haven Last.fm Fixture", "selected_artist": "Album Haven Last.fm Fixture"}
2026-09-19T00:20:40.4228796Z   [PASS] Hide the mounted Neal-family panel immediately when a different search commits (415 ms)
2026-09-19T00:20:40.4229629Z   [STEP] Restore the Neal-family starting point for the sidebar-navigation contract
2026-09-19T00:20:40.6706381Z 2026-09-19 00:20:40,669 [INFO] music_app: {"action": "Index request completed", "album_count": 0, "artist_count": 0, "bootstrap_mode": "fresh_preview", "covers_in_progress": false, "elapsed_ms": 180.66, "hydrate_in_progress": false, "payload_elapsed_ms": 92.87, "query": "", "scan_in_progress": false, "selected_artist": ""}
2026-09-19T00:20:42.7818970Z   [PASS] Restore the Neal-family starting point for the sidebar-navigation contract (2359 ms)
2026-09-19T00:20:42.7820533Z   [STEP] Hide the Neal-family panel immediately when an unrelated artist starts loading
2026-09-19T00:20:42.8607899Z   [PASS] Hide the Neal-family panel immediately when an unrelated artist starts loading (78 ms)
2026-09-19T00:20:42.8609060Z   [STEP] Settle on the unrelated artist without restoring the stale family panel
2026-09-19T00:20:43.0366160Z   [PASS] Settle on the unrelated artist without restoring the stale family panel (176 ms)
2026-09-19T00:20:43.0646558Z   ok 17 [functional] › tests\e2e\specs\searchTreeCorrectness.spec.js:820:1 › FTC-SEARCH-NAV-004A and FTC-SEARCH-NAV-007A (BUG-06) hide stale Artist Family content while an unrelated artist selection loads @area:gallery-search (5.8s)
2026-09-19T00:20:43.2431367Z [TEST] FTC-SEARCH-NAV-003 accepts a new search from direct-loaded state and clearing restores the full tree while retaining selection
2026-09-19T00:20:43.2455658Z   [STEP] Capture the unfiltered main-library tree and All artists count
2026-09-19T00:20:43.3888571Z 2026-09-19 00:20:43,387 [INFO] music_app: {"action": "Index request completed", "album_count": 0, "artist_count": 0, "bootstrap_mode": "shell_only", "covers_in_progress": false, "elapsed_ms": 63.32, "hydrate_in_progress": false, "payload_elapsed_ms": 0.0, "query": "", "scan_in_progress": false, "selected_artist": ""}
2026-09-19T00:20:44.6666942Z   [PASS] Capture the unfiltered main-library tree and All artists count (1450 ms)
2026-09-19T00:20:44.6670901Z   [STEP] Direct-load query, artist, and category state and capture its selected gallery
2026-09-19T00:20:44.8848150Z 2026-09-19 00:20:44,883 [INFO] music_app: {"action": "Index request completed", "album_count": 0, "artist_count": 0, "bootstrap_mode": "full_view", "covers_in_progress": false, "elapsed_ms": 130.41, "hydrate_in_progress": false, "payload_elapsed_ms": 97.52, "query": "Signal Family Lead", "scan_in_progress": false, "selected_artist": "Signal  Family Lead"}
2026-09-19T00:20:45.3472112Z   [PASS] Direct-load query, artist, and category state and capture its selected gallery (679 ms)
2026-09-19T00:20:45.3476787Z   [STEP] Clear the direct-loaded query while retaining its artist and gallery in the restored full tree
2026-09-19T00:20:45.7800365Z   [PASS] Clear the direct-loaded query while retaining its artist and gallery in the restored full tree (434 ms)
2026-09-19T00:20:45.7801661Z   [STEP] Commit a different search after clearing the direct-loaded state and capture its selected gallery
2026-09-19T00:20:45.8954574Z 2026-09-19 00:20:45,884 [INFO] music_app: {"action": "Postgres album search request started", "query": "The Neal Morse Band"}
2026-09-19T00:20:46.0042773Z 2026-09-19 00:20:45,995 [INFO] music_app: {"action": "View data request completed", "album_count": 40, "artist_count": 4, "elapsed_ms": 110.44, "query": "The Neal Morse Band", "selected_artist": "The Neal Morse Band"}
2026-09-19T00:20:46.3653732Z   [PASS] Commit a different search after clearing the direct-loaded state and capture its selected gallery (570 ms)
2026-09-19T00:20:46.3659851Z   [STEP] Clear search and restore the full tree and count while retaining the current artist gallery
2026-09-19T00:20:46.6859908Z   [PASS] Clear search and restore the full tree and count while retaining the current artist gallery (335 ms)
2026-09-19T00:20:46.7218114Z   ok 18 [functional] › tests\e2e\specs\searchTreeCorrectness.spec.js:876:1 › FTC-SEARCH-NAV-003 accepts a new search from direct-loaded state and clearing restores the full tree while retaining selection @area:gallery-search (3.6s)
2026-09-19T00:20:46.8766949Z [TEST] FTC-SEARCH-NAV-025 keeps committed searches in an app-owned keyboard and mouse popover
2026-09-19T00:20:46.8769701Z   [STEP] Commit two searches without browser-native autocomplete
2026-09-19T00:20:47.2325457Z 2026-09-19 00:20:47,231 [INFO] music_app: {"action": "Index request completed", "album_count": 0, "artist_count": 0, "bootstrap_mode": "fresh_preview", "covers_in_progress": false, "elapsed_ms": 259.5, "hydrate_in_progress": false, "payload_elapsed_ms": 162.2, "query": "", "scan_in_progress": false, "selected_artist": ""}
2026-09-19T00:20:49.4801071Z 2026-09-19 00:20:49,426 [INFO] music_app: {"action": "Postgres album search request started", "query": "The Neal Morse Band"}
2026-09-19T00:20:49.5887182Z 2026-09-19 00:20:49,560 [INFO] music_app: {"action": "View data request completed", "album_count": 40, "artist_count": 4, "elapsed_ms": 134.33, "query": "The Neal Morse Band", "selected_artist": "The Neal Morse Band"}
2026-09-19T00:20:50.0746779Z 2026-09-19 00:20:50,073 [INFO] music_app: {"action": "Postgres album search request started", "query": "Joseph"}
2026-09-19T00:20:50.2002155Z 2026-09-19 00:20:50,174 [INFO] music_app: {"action": "View data request completed", "album_count": 41, "artist_count": 5, "elapsed_ms": 101.14, "query": "Joseph", "selected_artist": "Neal Morse"}
2026-09-19T00:20:50.7260569Z   [PASS] Commit two searches without browser-native autocomplete (3657 ms)
2026-09-19T00:20:50.7497091Z   [STEP] Reload the same tab and restore both session-scoped searches
2026-09-19T00:20:50.8045313Z 2026-09-19 00:20:50,798 [INFO] music_app: {"action": "Index request completed", "album_count": 0, "artist_count": 0, "bootstrap_mode": "full_view", "covers_in_progress": false, "elapsed_ms": 154.19, "hydrate_in_progress": false, "payload_elapsed_ms": 109.89, "query": "Joseph", "scan_in_progress": false, "selected_artist": "Neal Morse"}
2026-09-19T00:20:51.3110101Z   [PASS] Reload the same tab and restore both session-scoped searches (770 ms)
2026-09-19T00:20:51.3111799Z   [STEP] Show committed searches newest first and select the older query with the mouse
2026-09-19T00:20:51.5550500Z 2026-09-19 00:20:51,516 [INFO] music_app: {"action": "Postgres album search request started", "query": "The Neal Morse Band"}
2026-09-19T00:20:51.6664546Z 2026-09-19 00:20:51,646 [INFO] music_app: {"action": "View data request completed", "album_count": 40, "artist_count": 4, "elapsed_ms": 129.44, "query": "The Neal Morse Band", "selected_artist": "The Neal Morse Band"}
2026-09-19T00:20:51.8796721Z   [PASS] Show committed searches newest first and select the older query with the mouse (571 ms)
2026-09-19T00:20:51.8816132Z   [STEP] Select Joseph with two ArrowDown presses and Enter
2026-09-19T00:20:52.5249279Z 2026-09-19 00:20:52,329 [INFO] music_app: {"action": "Postgres album search request started", "query": "Joseph"}
2026-09-19T00:20:52.5320203Z 2026-09-19 00:20:52,509 [INFO] music_app: {"action": "View data request completed", "album_count": 41, "artist_count": 5, "elapsed_ms": 179.67, "query": "Joseph", "selected_artist": "Neal Morse"}
2026-09-19T00:20:52.8855572Z   [PASS] Select Joseph with two ArrowDown presses and Enter (1008 ms)
2026-09-19T00:20:52.8857593Z   [STEP] Dismiss the popover with Enter, Tab, focus loss, and an outside click
2026-09-19T00:20:53.7780004Z   [PASS] Dismiss the popover with Enter, Tab, focus loss, and an outside click (859 ms)
2026-09-19T00:20:53.8502620Z   ok 19 [functional] › tests\e2e\specs\searchTreeCorrectness.spec.js:974:1 › FTC-SEARCH-NAV-025 keeps committed searches in an app-owned keyboard and mouse popover @area:gallery-search (7.1s)
2026-09-19T00:20:54.0695875Z [TEST] FTC-SEARCH-NAV-025 persists only an explicitly submitted completed query after debounced prefixes
2026-09-19T00:20:54.0696811Z   [STEP] Settle slow typed prefixes before explicitly submitting the completed query
2026-09-19T00:20:54.4122958Z 2026-09-19 00:20:54,411 [INFO] music_app: {"action": "Index request completed", "album_count": 0, "artist_count": 0, "bootstrap_mode": "fresh_preview", "covers_in_progress": false, "elapsed_ms": 222.77, "hydrate_in_progress": false, "payload_elapsed_ms": 125.48, "query": "", "scan_in_progress": false, "selected_artist": ""}
2026-09-19T00:20:57.0180468Z 2026-09-19 00:20:57,003 [INFO] music_app: {"action": "Postgres album search request started", "query": "J"}
2026-09-19T00:20:57.1939141Z 2026-09-19 00:20:57,170 [INFO] music_app: {"action": "View data request completed", "album_count": 41, "artist_count": 6, "elapsed_ms": 166.81, "query": "J", "selected_artist": "Neal Morse"}
2026-09-19T00:20:58.1630468Z 2026-09-19 00:20:57,975 [INFO] music_app: {"action": "Postgres album search request started", "query": "Jo"}
2026-09-19T00:20:58.1634935Z 2026-09-19 00:20:58,140 [INFO] music_app: {"action": "View data request completed", "album_count": 41, "artist_count": 6, "elapsed_ms": 165.25, "query": "Jo", "selected_artist": "Neal Morse"}
2026-09-19T00:20:58.7884073Z 2026-09-19 00:20:58,605 [INFO] music_app: {"action": "Postgres album search request started", "query": "Jos"}
2026-09-19T00:20:58.7887661Z 2026-09-19 00:20:58,726 [INFO] music_app: {"action": "View data request completed", "album_count": 41, "artist_count": 5, "elapsed_ms": 122.14, "query": "Jos", "selected_artist": "Neal Morse"}
2026-09-19T00:20:59.3760914Z 2026-09-19 00:20:59,319 [INFO] music_app: {"action": "Postgres album search request started", "query": "Jose"}
2026-09-19T00:20:59.4511798Z 2026-09-19 00:20:59,438 [INFO] music_app: {"action": "View data request completed", "album_count": 41, "artist_count": 5, "elapsed_ms": 119.68, "query": "Jose", "selected_artist": "Neal Morse"}
2026-09-19T00:21:00.0731873Z 2026-09-19 00:21:00,062 [INFO] music_app: {"action": "Postgres album search request started", "query": "Joseph"}
2026-09-19T00:21:00.2258676Z 2026-09-19 00:21:00,187 [INFO] music_app: {"action": "View data request completed", "album_count": 41, "artist_count": 5, "elapsed_ms": 124.33, "query": "Joseph", "selected_artist": "Neal Morse"}
2026-09-19T00:21:00.5996165Z   [PASS] Settle slow typed prefixes before explicitly submitting the completed query (6537 ms)
2026-09-19T00:21:00.5996790Z   [STEP] Keep only the explicit completed query in recent searches
2026-09-19T00:21:00.6925912Z   [PASS] Keep only the explicit completed query in recent searches (92 ms)
2026-09-19T00:21:00.7914331Z   ok 20 [functional] › tests\e2e\specs\searchTreeCorrectness.spec.js:1035:1 › FTC-SEARCH-NAV-025 persists only an explicitly submitted completed query after debounced prefixes @area:gallery-search (6.9s)
2026-09-19T00:21:00.9850045Z [TEST] FTC-SEARCH-NAV-025 aligns the desktop recent-search popover below the search input
2026-09-19T00:21:00.9974671Z   [STEP] Start with no recent searches in the fresh browser context
2026-09-19T00:21:01.3519792Z 2026-09-19 00:21:01,350 [INFO] music_app: {"action": "Index request completed", "album_count": 0, "artist_count": 0, "bootstrap_mode": "fresh_preview", "covers_in_progress": false, "elapsed_ms": 218.95, "hydrate_in_progress": false, "payload_elapsed_ms": 113.59, "query": "", "scan_in_progress": false, "selected_artist": ""}
2026-09-19T00:21:03.9248145Z   [PASS] Start with no recent searches in the fresh browser context (2864 ms)
2026-09-19T00:21:03.9249432Z   [STEP] Open one committed recent search at desktop width
2026-09-19T00:21:04.1135608Z 2026-09-19 00:21:04,008 [INFO] music_app: {"action": "Postgres album search request started", "query": "The Neal Morse Band"}
2026-09-19T00:21:04.1655837Z 2026-09-19 00:21:04,139 [INFO] music_app: {"action": "View data request completed", "album_count": 40, "artist_count": 4, "elapsed_ms": 130.86, "query": "The Neal Morse Band", "selected_artist": "The Neal Morse Band"}
2026-09-19T00:21:04.4963518Z   [PASS] Open one committed recent search at desktop width (600 ms)
2026-09-19T00:21:04.4973216Z   [STEP] Keep the popover aligned, unclipped, and visually stable
2026-09-19T00:21:04.5444819Z   [PASS] Keep the popover aligned, unclipped, and visually stable (69 ms)
2026-09-19T00:21:04.6189299Z   ok 21 [functional] › tests\e2e\specs\searchTreeCorrectness.spec.js:1058:1 › FTC-SEARCH-NAV-025 aligns the desktop recent-search popover below the search input @area:gallery-search (3.8s)
2026-09-19T00:21:05.1553967Z 2026-09-19 00:21:05,154 [INFO] music_app: {"action": "Index request completed", "album_count": 0, "artist_count": 0, "bootstrap_mode": "fresh_preview", "covers_in_progress": false, "elapsed_ms": 231.87, "hydrate_in_progress": false, "payload_elapsed_ms": 119.3, "query": "", "scan_in_progress": false, "selected_artist": ""}
2026-09-19T00:21:09.5280529Z   ok 22 [functional] › tests\e2e\specs\settingsRefactorShell.spec.js:31:1 › FTC-SETTINGS-S01 six tabs preserve keyboard wrapping and joined Close hit testing @area:settings (4.9s)
2026-09-19T00:21:10.1238427Z 2026-09-19 00:21:10,122 [INFO] music_app: {"action": "Index request completed", "album_count": 0, "artist_count": 0, "bootstrap_mode": "fresh_preview", "covers_in_progress": false, "elapsed_ms": 223.49, "hydrate_in_progress": false, "payload_elapsed_ms": 116.73, "query": "", "scan_in_progress": false, "selected_artist": ""}
2026-09-19T00:21:13.6602544Z   ok 23 [functional] › tests\e2e\specs\settingsRefactorShell.spec.js:63:1 › FTC-SETTINGS-S02 combined search and Filters retain selection and keyboard anchor focus @area:settings (4.1s)
2026-09-19T00:21:14.3022132Z 2026-09-19 00:21:14,300 [INFO] music_app: {"action": "Index request completed", "album_count": 0, "artist_count": 0, "bootstrap_mode": "fresh_preview", "covers_in_progress": false, "elapsed_ms": 192.8, "hydrate_in_progress": false, "payload_elapsed_ms": 104.07, "query": "", "scan_in_progress": false, "selected_artist": ""}
2026-09-19T00:21:17.3836192Z   ok 24 [functional] › tests\e2e\specs\settingsRefactorShell.spec.js:101:1 › FTC-SETTINGS-S03 deep Problems selection retains the mounted tree scroll and focused row @area:settings (3.7s)
2026-09-19T00:21:17.9412038Z 2026-09-19 00:21:17,940 [INFO] music_app: {"action": "Index request completed", "album_count": 0, "artist_count": 0, "bootstrap_mode": "fresh_preview", "covers_in_progress": false, "elapsed_ms": 206.76, "hydrate_in_progress": false, "payload_elapsed_ms": 109.09, "query": "", "scan_in_progress": false, "selected_artist": ""}
2026-09-19T00:21:22.1187557Z   ok 25 [functional] › tests\e2e\specs\settingsRefactorShell.spec.js:128:1 › FTC-SETTINGS-S04 ready and missing Problems artwork preserve selection through the real lightbox lifecycle @area:settings (4.7s)
2026-09-19T00:21:22.8030280Z 2026-09-19 00:21:22,802 [INFO] music_app: {"action": "Index request completed", "album_count": 0, "artist_count": 0, "bootstrap_mode": "fresh_preview", "covers_in_progress": false, "elapsed_ms": 306.77, "hydrate_in_progress": false, "payload_elapsed_ms": 173.82, "query": "", "scan_in_progress": false, "selected_artist": ""}
2026-09-19T00:21:26.7169967Z [playwright-wrapper-failure-latched] {"phase":"tests-complete","status":"failed","total":26,"completed":26,"failed":1,"skipped":0,"errors":0}
2026-09-19T00:21:26.7180005Z   ok 26 [functional] › tests\e2e\specs\settingsRefactorShell.spec.js:157:1 › FTC-SETTINGS-S05 an open Filters surface remains inside Settings after narrow resize and reopen @area:settings (4.6s)
2026-09-19T00:21:26.7324699Z [album-haven-playwright-result] {"version":1,"phase":"tests-complete","nonce":"02de7dd976154f198b67544b2742c9e005873698bed7becd5d86d3ce1f4e93a3","status":"failed","total":26,"completed":26,"failed":1,"skipped":0,"errors":0}
2026-09-19T00:21:26.7341623Z 
2026-09-19T00:21:30.1615840Z 
2026-09-19T00:21:31.7549146Z 
2026-09-19T00:21:31.7550656Z [album-haven-playwright-result] {"version":1,"phase":"run-final","nonce":"02de7dd976154f198b67544b2742c9e005873698bed7becd5d86d3ce1f4e93a3","status":"failed","total":26,"completed":26,"failed":1,"skipped":0,"errors":0}
2026-09-19T00:21:31.7551393Z 
2026-09-19T00:21:31.7552144Z   1) [functional] › tests\e2e\specs\albumTrackCredits.spec.js:355:1 › FTC-ALBUM-DETAILS-005 ignores bonus-like album and path words @area:album-details 
2026-09-19T00:21:31.7552569Z 
2026-09-19T00:21:31.7552778Z     Error: expect(received).toEqual(expected) // deep equality
2026-09-19T00:21:31.7553026Z 
2026-09-19T00:21:31.7553117Z     - Expected  - 3
2026-09-19T00:21:31.7553391Z     + Received  + 1
2026-09-19T00:21:31.7553525Z 
2026-09-19T00:21:31.7553634Z       Object {
2026-09-19T00:21:31.7553893Z         "headers": Array [],
2026-09-19T00:21:31.7554129Z     -   "totals": Array [
2026-09-19T00:21:31.7554419Z     -     "Total Length: 18m 00s",
2026-09-19T00:21:31.7554697Z     -   ],
2026-09-19T00:21:31.7554939Z     +   "totals": Array [],
2026-09-19T00:21:31.7555459Z       }
2026-09-19T00:21:31.7555552Z 
2026-09-19T00:21:31.7555662Z       370 |
2026-09-19T00:21:31.7556027Z       371 |   await stepLogger.step('Show only the ordinary album total', async () => {
2026-09-19T00:21:31.7556565Z     > 372 |     expect(await trackModalActions.readDiscGroupPresentation()).toEqual({
2026-09-19T00:21:31.7556991Z           |                                                                 ^
2026-09-19T00:21:31.7557310Z       373 |       headers: [],
2026-09-19T00:21:31.7557708Z       374 |       totals: ['Total Length: 18m 00s'],
2026-09-19T00:21:31.7558011Z       375 |     });
2026-09-19T00:21:31.7558379Z         at D:\a\AlbumHaven\AlbumHaven\tests\e2e\specs\albumTrackCredits.spec.js:372:65
2026-09-19T00:21:31.7558864Z         at runStep (D:\a\AlbumHaven\AlbumHaven\tests\e2e\support\baseFixtures.js:146:22)
2026-09-19T00:21:31.7559343Z         at D:\a\AlbumHaven\AlbumHaven\tests\e2e\specs\albumTrackCredits.spec.js:371:3
2026-09-19T00:21:31.7559604Z 
2026-09-19T00:21:31.7559986Z     attachment #1: step-transcript.txt (text/plain) ────────────────────────────────────────────────
2026-09-19T00:21:31.7560443Z     [TEST] FTC-ALBUM-DETAILS-005 ignores bonus-like album and path words
2026-09-19T00:21:31.7560897Z       [STEP] Open an ordinary album whose title and path contain bonus-like words
2026-09-19T00:21:31.7561369Z       [PASS] Open an ordinary album whose title and path contain bonus-like words (3611 ms)
2026-09-19T00:21:31.7561773Z       [STEP] Show only the ordinary album total
2026-09-19T00:21:31.7562076Z       [FAIL] Show only th...
2026-09-19T00:21:31.7562467Z     ────────────────────────────────────────────────────────────────────────────────────────────────
2026-09-19T00:21:31.7562711Z 
2026-09-19T00:21:31.7562998Z     attachment #3: stacktrace.txt (text/plain) ─────────────────────────────────────────────────────
2026-09-19T00:21:31.7563369Z     Error 1
2026-09-19T00:21:31.7563678Z     Error: expect(received).toEqual(expected) // deep equality
2026-09-19T00:21:31.7564011Z     
2026-09-19T00:21:31.7564209Z     - Expected  - 3
2026-09-19T00:21:31.7564457Z     + Received  + 1
2026-09-19T00:21:31.7564690Z     
2026-09-19T00:21:31.7564918Z       Object {
2026-09-19T00:21:31.7565146Z         "headers": Array [],
2026-09-19T00:21:31.7565401Z     -   "totals": Array [
2026-09-19T00:21:31.7565705Z     -     "Total Length: 18m 00s",[...
2026-09-19T00:21:31.7566125Z     ────────────────────────────────────────────────────────────────────────────────────────────────
2026-09-19T00:21:31.7566854Z 
2026-09-19T00:21:31.7567201Z     attachment #4: runtime-log.txt (text/plain) ────────────────────────────────────────────────────
2026-09-19T00:21:31.7568277Z     [2026-09-19T00:19:26.485Z] requestfailed/net::ERR_ABORTED: GET http://127.0.0.1:5200/cover?path=D%3A%5Ca%5C_temp%5Calbum-haven-e2e-functional-fixtures-gallery-search-visual%5Cshared%5Cmedia%5C!!!%5CThree%20Bangs%5Ccover.png&size=480&v=process-f8de32bf1136ef430d08fe5e23b27b9b
2026-09-19T00:21:31.7569138Z     [2026-09-19T00:19:26.485...
2026-09-19T00:21:31.7569542Z     ────────────────────────────────────────────────────────────────────────────────────────────────
2026-09-19T00:21:31.7569771Z 
2026-09-19T00:21:31.7570321Z     Error Context: ..\..\_temp\functional-output-gallery-search-visual\wave-01-02-playwright-config-js\albumTrackCredits-FTC-ALBU-a9c0d-s-like-album-and-path-words-functional\error-context.md
2026-09-19T00:21:31.7570990Z 
2026-09-19T00:21:31.7571522Z     attachment #7: trace (application/zip) ─────────────────────────────────────────────────────────
2026-09-19T00:21:31.7572351Z     ..\..\_temp\functional-output-gallery-search-visual\wave-01-02-playwright-config-js\albumTrackCredits-FTC-ALBU-a9c0d-s-like-album-and-path-words-functional\trace.zip
2026-09-19T00:21:31.7573098Z     Usage:
2026-09-19T00:21:31.7573223Z 
2026-09-19T00:21:31.7573769Z         npx playwright show-trace ..\..\_temp\functional-output-gallery-search-visual\wave-01-02-playwright-config-js\albumTrackCredits-FTC-ALBU-a9c0d-s-like-album-and-path-words-functional\trace.zip
2026-09-19T00:21:31.7574441Z 
2026-09-19T00:21:31.7574674Z     ────────────────────────────────────────────────────────────────────────────────────────────────
2026-09-19T00:21:31.7574907Z 
2026-09-19T00:21:31.7575017Z   1 failed
2026-09-19T00:21:31.7575583Z     [functional] › tests\e2e\specs\albumTrackCredits.spec.js:355:1 › FTC-ALBUM-DETAILS-005 ignores bonus-like album and path words @area:album-details 
2026-09-19T00:21:31.7576132Z   25 passed (2.4m)
2026-09-19T00:21:32.9954149Z 
2026-09-19T00:21:32.9955301Z === Playwright Summary ===
2026-09-19T00:21:32.9956302Z [31m[x][0m albumTrackCredits.spec
2026-09-19T00:21:32.9957272Z   [[32m✓[0m] FTC-ALBUM-TRACK-CREDITS-001 shows clean titles and per-track credits on a Various Artists release @area:album-details
2026-09-19T00:21:32.9958326Z   [[32m✓[0m] FTC-ALBUM-TRACK-CREDITS-002 shows each normalized album-header artist once @area:album-details
2026-09-19T00:21:32.9959231Z   [[32m✓[0m] FTC-ALBUM-DETAILS-017 orders missing track numbers by natural filename @area:album-details
2026-09-19T00:21:32.9960134Z   [[32m✓[0m] FTC-ALBUM-DETAILS-005 shows bonus duration only for an explicit bonus-disc label @area:album-details
2026-09-19T00:21:32.9961050Z   [31m[x][0m FTC-ALBUM-DETAILS-005 ignores bonus-like album and path words @area:album-details
2026-09-19T00:21:32.9961930Z   [[32m✓[0m] FTC-ALBUM-DETAILS-005 infers CD1 beside an ordinary numeric CD2 @area:album-details
2026-09-19T00:21:32.9962634Z [[32m✓[0m] artistCompilationFamily.spec
2026-09-19T00:21:32.9965003Z   [[32m✓[0m] FTC-ARTIST-FAMILY-016 reuses complete virtualized family data for no-query member navigation @area:gallery-search
2026-09-19T00:21:32.9965803Z [[32m✓[0m] artistCompositeCredits.spec
2026-09-19T00:21:32.9966659Z   [[32m✓[0m] FTC-ARTIST-FAMILY-014 deduplicates the Snow White display credit without changing its click identity @area:gallery-search
2026-09-19T00:21:32.9967468Z [[32m✓[0m] gallerySoundtrackDuration.spec
2026-09-19T00:21:32.9968264Z   [[32m✓[0m] FTC-GALLERY-030 counts each Mulan soundtrack track once across artist credits @area:gallery-search
2026-09-19T00:21:32.9968971Z [[32m✓[0m] searchTreeCorrectness.spec
2026-09-19T00:21:32.9969690Z   [[32m✓[0m] FTC-SEARCH-NAV-027 keeps canonical positive card counts on direct load and reload @area:gallery-search
2026-09-19T00:21:32.9970786Z   [[32m✓[0m] FTC-SEARCH-NAV-028 limits a content-matched family artist while keeping an artist-name match complete @area:gallery-search
2026-09-19T00:21:32.9971976Z   [[32m✓[0m] FTC-SEARCH-NAV-026 clears Neal Morse search without remounting the selected gallery or family filters and restores the full tree @area:gallery-search
2026-09-19T00:21:32.9973478Z   [[32m✓[0m] FTC-SEARCH-NAV-002, FTC-SEARCH-NAV-003, and FTC-SEARCH-NAV-026 keep one-family search narrow, alphabetical, and selected through full-tree restoration @area:gallery-search
2026-09-19T00:21:32.9974635Z   [[32m✓[0m] FTC-SEARCH-NAV-026 keeps a cold direct-loaded selected gallery mounted through natural search clear @area:gallery-search
2026-09-19T00:21:32.9975871Z   [[32m✓[0m] FTC-SEARCH-NAV-003 direct query links hydrate the same one-family tree as visible search @area:gallery-search
2026-09-19T00:21:32.9976886Z   [[32m✓[0m] FTC-SEARCH-NAV-004A keeps a clicked related-family artist selected as the primary artist @area:gallery-search
2026-09-19T00:21:32.9978154Z   [[32m✓[0m] FTC-SEARCH-NAV-004A and FTC-SEARCH-NAV-007A (BUG-06) hide stale Artist Family content while an unrelated artist selection loads @area:gallery-search
2026-09-19T00:21:32.9979920Z   [[32m✓[0m] FTC-SEARCH-NAV-003 accepts a new search from direct-loaded state and clearing restores the full tree while retaining selection @area:gallery-search
2026-09-19T00:21:32.9981216Z   [[32m✓[0m] FTC-SEARCH-NAV-025 keeps committed searches in an app-owned keyboard and mouse popover @area:gallery-search
2026-09-19T00:21:32.9982184Z   [[32m✓[0m] FTC-SEARCH-NAV-025 persists only an explicitly submitted completed query after debounced prefixes @area:gallery-search
2026-09-19T00:21:32.9983282Z   [[32m✓[0m] FTC-SEARCH-NAV-025 aligns the desktop recent-search popover below the search input @area:gallery-search
2026-09-19T00:21:32.9984038Z [[32m✓[0m] settingsRefactorShell.spec
2026-09-19T00:21:32.9985003Z   [[32m✓[0m] FTC-SETTINGS-S01 six tabs preserve keyboard wrapping and joined Close hit testing @area:settings
2026-09-19T00:21:32.9985866Z   [[32m✓[0m] FTC-SETTINGS-S02 combined search and Filters retain selection and keyboard anchor focus @area:settings
2026-09-19T00:21:32.9986683Z   [[32m✓[0m] FTC-SETTINGS-S03 deep Problems selection retains the mounted tree scroll and focused row @area:settings
2026-09-19T00:21:32.9987659Z   [[32m✓[0m] FTC-SETTINGS-S04 ready and missing Problems artwork preserve selection through the real lightbox lifecycle @area:settings
2026-09-19T00:21:32.9988681Z   [[32m✓[0m] FTC-SETTINGS-S05 an open Filters surface remains inside Settings after narrow resize and reopen @area:settings
2026-09-19T00:21:32.9989181Z 
2026-09-19T00:21:32.9989349Z Overall: 25/26 passed
2026-09-19T00:21:32.9989672Z Failed tests:
2026-09-19T00:21:32.9990249Z - albumTrackCredits.spec > FTC-ALBUM-DETAILS-005 ignores bonus-like album and path words @area:album-details
2026-09-19T00:21:32.9991449Z [playwright-wrapper-diagnostic] {"reason":"wrapper-child-lifecycle-mismatch","childExitCode":1,"childExitSignal":null,"childCloseCode":1,"childCloseSignal":null,"processError":null,"stopReason":"none","cleanupOutcome":"completed"}
2026-09-19T00:21:39.9116401Z [playwright-wrapper-final-decision] {"wrapperExitCode":1,"attemptReturn":{"exitCode":1,"exitReason":"wrapper-child-lifecycle-mismatch"},"fakeDatabaseCleanup":{"status":"completed","error":null,"mode":"lock-only"},"scanAppCleanup":{"status":"not-required","error":null},"isolatedAppCleanup":{"status":"completed","error":null},"tempCleanup":{"status":"completed","error":null,"removedCount":1},"passivePortDiagnostics":[{"port":5200,"status":"completed","error":null,"ownerCount":0},{"port":5202,"status":"completed","error":null,"ownerCount":0}],"finalSummary":{"phase":"run-final","status":"failed","total":26,"completed":26,"failed":1,"skipped":0,"errors":0,"listOnly":false},"exitReason":"wrapper-child-lifecycle-mismatch"}
2026-09-19T00:21:41.3453029Z {"restored":0,"removed":0,"unchanged":1497}
2026-09-19T00:21:59.2115478Z Album Haven production E2E app listening on http://127.0.0.1:5200 with 0 artists, 0 albums, 0 tracks, and provider fixtures on http://127.0.0.1:5202
2026-09-19T00:22:00.2705142Z 2026-09-19 00:22:00,268 [INFO] music_app: Startup scan-cache hydration completed files=7200 albums=400
2026-09-19T00:22:00.2705874Z 2026-09-19 00:22:00,269 [INFO] music_app: Legacy album exclusions migrated albums=1 removed_rules=18 created_rules=1
2026-09-19T00:22:00.6253408Z 2026-09-19 00:22:00,622 [INFO] music_app: Relation projection startup readiness ready=true rebuilt=true reason=missing_projection builder_version=local-relation-builder-v9 source_row_count=7438 duration_ms=325.74 source_load=92.26 fingerprint=48.17 pure_build=92.36 family_link_replacement=6.83 snapshot_publication=1.74
2026-09-19T00:22:01.5046975Z 2026-09-19 00:22:01,504 [INFO] music_app: {"action": "Index request completed", "album_count": 0, "artist_count": 0, "bootstrap_mode": "fresh_preview", "covers_in_progress": false, "elapsed_ms": 301.69, "hydrate_in_progress": false, "payload_elapsed_ms": 132.83, "query": "", "scan_in_progress": false, "selected_artist": ""}
2026-09-19T00:22:28.9662925Z 
2026-09-19T00:22:28.9663624Z Running 1 test using 1 worker
2026-09-19T00:22:28.9683445Z 
2026-09-19T00:22:32.7130480Z 2026-09-19 00:22:32,711 [INFO] music_app: {"action": "Index request completed", "album_count": 0, "artist_count": 0, "bootstrap_mode": "fresh_preview", "covers_in_progress": false, "elapsed_ms": 304.34, "hydrate_in_progress": false, "payload_elapsed_ms": 109.87, "query": "", "scan_in_progress": false, "selected_artist": ""}
2026-09-19T00:22:34.7515896Z [TEST] FTC-TAGS-021 and FTC-ALBUM-DETAILS-018 consolidate one logical release
2026-09-19T00:22:34.7572270Z   [STEP] Set the reported release year on the complete source album
2026-09-19T00:22:35.3055529Z 2026-09-19 00:22:35,304 [INFO] music_app: {"action": "Index request completed", "album_count": 0, "artist_count": 0, "bootstrap_mode": "fresh_preview", "covers_in_progress": false, "elapsed_ms": 451.49, "hydrate_in_progress": false, "payload_elapsed_ms": 260.4, "query": "", "scan_in_progress": false, "selected_artist": "\u0414\u0414\u0422"}
2026-09-19T00:22:41.3995968Z 2026-09-19 00:22:41,387 [INFO] music_app: {"action": "Tags edited", "album": "\u0421\u0442\u0443\u0434\u0438\u0439\u043d\u044b\u0435 \u0437\u0430\u043f\u0438\u0441\u0438", "artist": "\u0414\u0414\u0422", "file_count": 16, "files": ["D:\\a\\_temp\\album-haven-e2e-functional-fixtures-gallery-search-visual\\shared\\media\\\u0414\u0414\u0422\\\u0421\u0442\u0443\u0434\u0438\u0439\u043d\u044b\u0435 \u0437\u0430\u043f\u0438\u0441\u0438\\01. \u0421\u0442\u0443\u0434\u0438\u0439\u043d\u0430\u044f \u0437\u0430\u043f\u0438\u0441\u044c 1.mp3", "D:\\a\\_temp\\album-haven-e2e-functional-fixtures-gallery-search-visual\\shared\\media\\\u0414\u0414\u0422\\\u0421\u0442\u0443\u0434\u0438\u0439\u043d\u044b\u0435 \u0437\u0430\u043f\u0438\u0441\u0438\\02. \u0421\u0442\u0443\u0434\u0438\u0439\u043d\u0430\u044f \u0437\u0430\u043f\u0438\u0441\u044c 2.mp3", "D:\\a\\_temp\\album-haven-e2e-functional-fixtures-gallery-search-visual\\shared\\media\\\u0414\u0414\u0422\\\u0421\u0442\u0443\u0434\u0438\u0439\u043d\u044b\u0435 \u0437\u0430\u043f\u0438\u0441\u0438\\03. \u0421\u0442\u0443\u0434\u0438\u0439\u043d\u0430\u044f \u0437\u0430\u043f\u0438\u0441\u044c 3.mp3", "D:\\a\\_temp\\album-haven-e2e-functional-fixtures-gallery-search-visual\\shared\\media\\\u0414\u0414\u0422\\\u0421\u0442\u0443\u0434\u0438\u0439\u043d\u044b\u0435 \u0437\u0430\u043f\u0438\u0441\u0438\\04. \u0421\u0442\u0443\u0434\u0438\u0439\u043d\u0430\u044f \u0437\u0430\u043f\u0438\u0441\u044c 4.mp3", "D:\\a\\_temp\\album-haven-e2e-functional-fixtures-gallery-search-visual\\shared\\media\\\u0414\u0414\u0422\\\u0421\u0442\u0443\u0434\u0438\u0439\u043d\u044b\u0435 \u0437\u0430\u043f\u0438\u0441\u0438\\05. \u0421\u0442\u0443\u0434\u0438\u0439\u043d\u0430\u044f \u0437\u0430\u043f\u0438\u0441\u044c 5.mp3", "D:\\a\\_temp\\album-haven-e2e-functional-fixtures-gallery-search-visual\\shared\\media\\\u0414\u0414\u0422\\\u0421\u0442\u0443\u0434\u0438\u0439\u043d\u044b\u0435 \u0437\u0430\u043f\u0438\u0441\u0438\\06. \u0421\u0442\u0443\u0434\u0438\u0439\u043d\u0430\u044f \u0437\u0430\u043f\u0438\u0441\u044c 6.mp3", "D:\\a\\_temp\\album-haven-e2e-functional-fixtures-gallery-search-visual\\shared\\media\\\u0414\u0414\u0422\\\u0421\u0442\u0443\u0434\u0438\u0439\u043d\u044b\u0435 \u0437\u0430\u043f\u0438\u0441\u0438\\07. \u0421\u0442\u0443\u0434\u0438\u0439\u043d\u0430\u044f \u0437\u0430\u043f\u0438\u0441\u044c 7.mp3", "D:\\a\\_temp\\album-haven-e2e-functional-fixtures-gallery-search-visual\\shared\\media\\\u0414\u0414\u0422\\\u0421\u0442\u0443\u0434\u0438\u0439\u043d\u044b\u0435 \u0437\u0430\u043f\u0438\u0441\u0438\\08. \u0421\u0442\u0443\u0434\u0438\u0439\u043d\u0430\u044f \u0437\u0430\u043f\u0438\u0441\u044c 8.mp3", "D:\\a\\_temp\\album-haven-e2e-functional-fixtures-gallery-search-visual\\shared\\media\\\u0414\u0414\u0422\\\u0421\u0442\u0443\u0434\u0438\u0439\u043d\u044b\u0435 \u0437\u0430\u043f\u0438\u0441\u0438\\09. \u0421\u0442\u0443\u0434\u0438\u0439\u043d\u0430\u044f \u0437\u0430\u043f\u0438\u0441\u044c 9.mp3", "D:\\a\\_temp\\album-haven-e2e-functional-fixtures-gallery-search-visual\\shared\\media\\\u0414\u0414\u0422\\\u0421\u0442\u0443\u0434\u0438\u0439\u043d\u044b\u0435 \u0437\u0430\u043f\u0438\u0441\u0438\\10. \u0421\u0442\u0443\u0434\u0438\u0439\u043d\u0430\u044f \u0437\u0430\u043f\u0438\u0441\u044c 10.mp3", "D:\\a\\_temp\\album-haven-e2e-functional-fixtures-gallery-search-visual\\shared\\media\\\u0414\u0414\u0422\\\u0421\u0442\u0443\u0434\u0438\u0439\u043d\u044b\u0435 \u0437\u0430\u043f\u0438\u0441\u0438\\11. \u0421\u0442\u0443\u0434\u0438\u0439\u043d\u0430\u044f \u0437\u0430\u043f\u0438\u0441\u044c 11.mp3", "D:\\a\\_temp\\album-haven-e2e-functional-fixtures-gallery-search-visual\\shared\\media\\\u0414\u0414\u0422\\\u0421\u0442\u0443\u0434\u0438\u0439\u043d\u044b\u0435 \u0437\u0430\u043f\u0438\u0441\u0438\\12. \u0421\u0442\u0443\u0434\u0438\u0439\u043d\u0430\u044f \u0437\u0430\u043f\u0438\u0441\u044c 12.mp3", "D:\\a\\_temp\\album-haven-e2e-functional-fixtures-gallery-search-visual\\shared\\media\\\u0414\u0414\u0422\\\u0421\u0442\u0443\u0434\u0438\u0439\u043d\u044b\u0435 \u0437\u0430\u043f\u0438\u0441\u0438\\13. \u0421\u0442\u0443\u0434\u0438\u0439\u043d\u0430\u044f \u0437\u0430\u043f\u0438\u0441\u044c 13.mp3", "D:\\a\\_temp\\album-haven-e2e-functional-fixtures-gallery-search-visual\\shared\\media\\\u0414\u0414\u0422\\\u0421\u0442\u0443\u0434\u0438\u0439\u043d\u044b\u0435 \u0437\u0430\u043f\u0438\u0441\u0438\\14. \u0421\u0442\u0443\u0434\u0438\u0439\u043d\u0430\u044f \u0437\u0430\u043f\u0438\u0441\u044c 14.mp3", "D:\\a\\_temp\\album-haven-e2e-functional-fixtures-gallery-search-visual\\shared\\media\\\u0414\u0414\u0422\\\u0421\u0442\u0443\u0434\u0438\u0439\u043d\u044b\u0435 \u0437\u0430\u043f\u0438\u0441\u0438\\15. \u0421\u0442\u0443\u0434\u0438\u0439\u043d\u0430\u044f \u0437\u0430\u043f\u0438\u0441\u044c 15.mp3", "D:\\a\\_temp\\album-haven-e2e-functional-fixtures-gallery-search-visual\\shared\\media\\\u0414\u0414\u0422\\\u0421\u0442\u0443\u0434\u0438\u0439\u043d\u044b\u0435 \u0437\u0430\u043f\u0438\u0441\u0438\\16. \u0421\u0442\u0443\u0434\u0438\u0439\u043d\u0430\u044f \u0437\u0430\u043f\u0438\u0441\u044c 16.mp3"]}
2026-09-19T00:22:42.9721720Z 2026-09-19 00:22:42,971 [INFO] music_app: {"action": "Index request completed", "album_count": 0, "artist_count": 0, "bootstrap_mode": "fresh_preview", "covers_in_progress": false, "elapsed_ms": 436.27, "hydrate_in_progress": false, "payload_elapsed_ms": 256.09, "query": "", "scan_in_progress": false, "selected_artist": "\u0414\u0414\u0422"}
2026-09-19T00:22:44.3449234Z   [PASS] Set the reported release year on the complete source album (9626 ms)
2026-09-19T00:22:44.3452014Z   [STEP] Create a second durable release identity through the normal tag editor
2026-09-19T00:22:45.8669466Z 2026-09-19 00:22:45,865 [INFO] music_app: {"action": "Tags edited", "album": "\u0421\u0442\u0443\u0434\u0438\u0439\u043d\u044b\u0435 \u0437\u0430\u043f\u0438\u0441\u0438", "artist": "\u0414\u0414\u0422", "file_count": 3, "files": ["D:\\a\\_temp\\album-haven-e2e-functional-fixtures-gallery-search-visual\\shared\\media\\\u0414\u0414\u0422\\\u0421\u0442\u0443\u0434\u0438\u0439\u043d\u044b\u0435 \u0437\u0430\u043f\u0438\u0441\u0438\\14. \u0421\u0442\u0443\u0434\u0438\u0439\u043d\u0430\u044f \u0437\u0430\u043f\u0438\u0441\u044c 14.mp3", "D:\\a\\_temp\\album-haven-e2e-functional-fixtures-gallery-search-visual\\shared\\media\\\u0414\u0414\u0422\\\u0421\u0442\u0443\u0434\u0438\u0439\u043d\u044b\u0435 \u0437\u0430\u043f\u0438\u0441\u0438\\15. \u0421\u0442\u0443\u0434\u0438\u0439\u043d\u0430\u044f \u0437\u0430\u043f\u0438\u0441\u044c 15.mp3", "D:\\a\\_temp\\album-haven-e2e-functional-fixtures-gallery-search-visual\\shared\\media\\\u0414\u0414\u0422\\\u0421\u0442\u0443\u0434\u0438\u0439\u043d\u044b\u0435 \u0437\u0430\u043f\u0438\u0441\u0438\\16. \u0421\u0442\u0443\u0434\u0438\u0439\u043d\u0430\u044f \u0437\u0430\u043f\u0438\u0441\u044c 16.mp3"]}
2026-09-19T00:22:46.9297658Z   [PASS] Create a second durable release identity through the normal tag editor (2585 ms)
2026-09-19T00:22:46.9299009Z   [STEP] Create a numbering gap and a distinct missing-number problem
2026-09-19T00:22:48.1798962Z 2026-09-19 00:22:48,178 [INFO] music_app: {"action": "Tags edited", "album": "\u0421\u0442\u0443\u0434\u0438\u0439\u043d\u044b\u0435 \u0437\u0430\u043f\u0438\u0441\u0438 merge candidate", "artist": "\u0414\u0414\u0422", "file_count": 2, "files": ["D:\\a\\_temp\\album-haven-e2e-functional-fixtures-gallery-search-visual\\shared\\media\\\u0414\u0414\u0422\\\u0421\u0442\u0443\u0434\u0438\u0439\u043d\u044b\u0435 \u0437\u0430\u043f\u0438\u0441\u0438\\14. \u0421\u0442\u0443\u0434\u0438\u0439\u043d\u0430\u044f \u0437\u0430\u043f\u0438\u0441\u044c 14.mp3", "D:\\a\\_temp\\album-haven-e2e-functional-fixtures-gallery-search-visual\\shared\\media\\\u0414\u0414\u0422\\\u0421\u0442\u0443\u0434\u0438\u0439\u043d\u044b\u0435 \u0437\u0430\u043f\u0438\u0441\u0438\\15. \u0421\u0442\u0443\u0434\u0438\u0439\u043d\u0430\u044f \u0437\u0430\u043f\u0438\u0441\u044c 15.mp3"]}
2026-09-19T00:22:49.1941753Z   [PASS] Create a numbering gap and a distinct missing-number problem (2264 ms)
2026-09-19T00:22:49.1943195Z   [STEP] Merge the split identity back and capture the complete immediate gallery
2026-09-19T00:22:50.4233762Z 2026-09-19 00:22:50,420 [INFO] music_app: {"action": "Tags edited", "album": "\u0421\u0442\u0443\u0434\u0438\u0439\u043d\u044b\u0435 \u0437\u0430\u043f\u0438\u0441\u0438 merge candidate", "artist": "\u0414\u0414\u0422", "file_count": 3, "files": ["D:\\a\\_temp\\album-haven-e2e-functional-fixtures-gallery-search-visual\\shared\\media\\\u0414\u0414\u0422\\\u0421\u0442\u0443\u0434\u0438\u0439\u043d\u044b\u0435 \u0437\u0430\u043f\u0438\u0441\u0438\\14. \u0421\u0442\u0443\u0434\u0438\u0439\u043d\u0430\u044f \u0437\u0430\u043f\u0438\u0441\u044c 14.mp3", "D:\\a\\_temp\\album-haven-e2e-functional-fixtures-gallery-search-visual\\shared\\media\\\u0414\u0414\u0422\\\u0421\u0442\u0443\u0434\u0438\u0439\u043d\u044b\u0435 \u0437\u0430\u043f\u0438\u0441\u0438\\15. \u0421\u0442\u0443\u0434\u0438\u0439\u043d\u0430\u044f \u0437\u0430\u043f\u0438\u0441\u044c 15.mp3", "D:\\a\\_temp\\album-haven-e2e-functional-fixtures-gallery-search-visual\\shared\\media\\\u0414\u0414\u0422\\\u0421\u0442\u0443\u0434\u0438\u0439\u043d\u044b\u0435 \u0437\u0430\u043f\u0438\u0441\u0438\\16. \u0421\u0442\u0443\u0434\u0438\u0439\u043d\u0430\u044f \u0437\u0430\u043f\u0438\u0441\u044c 16.mp3"]}
2026-09-19T00:23:14.3828312Z   [PASS] Merge the split identity back and capture the complete immediate gallery (25188 ms)
2026-09-19T00:23:14.3829025Z   [STEP] Show one 16-track release without a redundant Original tab
2026-09-19T00:23:14.7966024Z   [PASS] Show one 16-track release without a redundant Original tab (414 ms)
2026-09-19T00:23:14.7966940Z   [STEP] Retain the consolidated release in a fresh browser
2026-09-19T00:23:15.5566681Z 2026-09-19 00:23:15,555 [INFO] music_app: {"action": "Index request completed", "album_count": 0, "artist_count": 0, "bootstrap_mode": "fresh_preview", "covers_in_progress": false, "elapsed_ms": 406.26, "hydrate_in_progress": false, "payload_elapsed_ms": 234.55, "query": "", "scan_in_progress": false, "selected_artist": "\u0414\u0414\u0422"}
2026-09-19T00:23:29.5000226Z 2026-09-19 00:23:29,497 [INFO] music_app: {"action": "Tags edited", "album": "\u0421\u0442\u0443\u0434\u0438\u0439\u043d\u044b\u0435 \u0437\u0430\u043f\u0438\u0441\u0438", "artist": "\u0414\u0414\u0422", "file_count": 16, "files": ["D:\\a\\_temp\\album-haven-e2e-functional-fixtures-gallery-search-visual\\shared\\media\\\u0414\u0414\u0422\\\u0421\u0442\u0443\u0434\u0438\u0439\u043d\u044b\u0435 \u0437\u0430\u043f\u0438\u0441\u0438\\01. \u0421\u0442\u0443\u0434\u0438\u0439\u043d\u0430\u044f \u0437\u0430\u043f\u0438\u0441\u044c 1.mp3", "D:\\a\\_temp\\album-haven-e2e-functional-fixtures-gallery-search-visual\\shared\\media\\\u0414\u0414\u0422\\\u0421\u0442\u0443\u0434\u0438\u0439\u043d\u044b\u0435 \u0437\u0430\u043f\u0438\u0441\u0438\\02. \u0421\u0442\u0443\u0434\u0438\u0439\u043d\u0430\u044f \u0437\u0430\u043f\u0438\u0441\u044c 2.mp3", "D:\\a\\_temp\\album-haven-e2e-functional-fixtures-gallery-search-visual\\shared\\media\\\u0414\u0414\u0422\\\u0421\u0442\u0443\u0434\u0438\u0439\u043d\u044b\u0435 \u0437\u0430\u043f\u0438\u0441\u0438\\03. \u0421\u0442\u0443\u0434\u0438\u0439\u043d\u0430\u044f \u0437\u0430\u043f\u0438\u0441\u044c 3.mp3", "D:\\a\\_temp\\album-haven-e2e-functional-fixtures-gallery-search-visual\\shared\\media\\\u0414\u0414\u0422\\\u0421\u0442\u0443\u0434\u0438\u0439\u043d\u044b\u0435 \u0437\u0430\u043f\u0438\u0441\u0438\\04. \u0421\u0442\u0443\u0434\u0438\u0439\u043d\u0430\u044f \u0437\u0430\u043f\u0438\u0441\u044c 4.mp3", "D:\\a\\_temp\\album-haven-e2e-functional-fixtures-gallery-search-visual\\shared\\media\\\u0414\u0414\u0422\\\u0421\u0442\u0443\u0434\u0438\u0439\u043d\u044b\u0435 \u0437\u0430\u043f\u0438\u0441\u0438\\05. \u0421\u0442\u0443\u0434\u0438\u0439\u043d\u0430\u044f \u0437\u0430\u043f\u0438\u0441\u044c 5.mp3", "D:\\a\\_temp\\album-haven-e2e-functional-fixtures-gallery-search-visual\\shared\\media\\\u0414\u0414\u0422\\\u0421\u0442\u0443\u0434\u0438\u0439\u043d\u044b\u0435 \u0437\u0430\u043f\u0438\u0441\u0438\\06. \u0421\u0442\u0443\u0434\u0438\u0439\u043d\u0430\u044f \u0437\u0430\u043f\u0438\u0441\u044c 6.mp3", "D:\\a\\_temp\\album-haven-e2e-functional-fixtures-gallery-search-visual\\shared\\media\\\u0414\u0414\u0422\\\u0421\u0442\u0443\u0434\u0438\u0439\u043d\u044b\u0435 \u0437\u0430\u043f\u0438\u0441\u0438\\07. \u0421\u0442\u0443\u0434\u0438\u0439\u043d\u0430\u044f \u0437\u0430\u043f\u0438\u0441\u044c 7.mp3", "D:\\a\\_temp\\album-haven-e2e-functional-fixtures-gallery-search-visual\\shared\\media\\\u0414\u0414\u0422\\\u0421\u0442\u0443\u0434\u0438\u0439\u043d\u044b\u0435 \u0437\u0430\u043f\u0438\u0441\u0438\\08. \u0421\u0442\u0443\u0434\u0438\u0439\u043d\u0430\u044f \u0437\u0430\u043f\u0438\u0441\u044c 8.mp3", "D:\\a\\_temp\\album-haven-e2e-functional-fixtures-gallery-search-visual\\shared\\media\\\u0414\u0414\u0422\\\u0421\u0442\u0443\u0434\u0438\u0439\u043d\u044b\u0435 \u0437\u0430\u043f\u0438\u0441\u0438\\09. \u0421\u0442\u0443\u0434\u0438\u0439\u043d\u0430\u044f \u0437\u0430\u043f\u0438\u0441\u044c 9.mp3", "D:\\a\\_temp\\album-haven-e2e-functional-fixtures-gallery-search-visual\\shared\\media\\\u0414\u0414\u0422\\\u0421\u0442\u0443\u0434\u0438\u0439\u043d\u044b\u0435 \u0437\u0430\u043f\u0438\u0441\u0438\\10. \u0421\u0442\u0443\u0434\u0438\u0439\u043d\u0430\u044f \u0437\u0430\u043f\u0438\u0441\u044c 10.mp3", "D:\\a\\_temp\\album-haven-e2e-functional-fixtures-gallery-search-visual\\shared\\media\\\u0414\u0414\u0422\\\u0421\u0442\u0443\u0434\u0438\u0439\u043d\u044b\u0435 \u0437\u0430\u043f\u0438\u0441\u0438\\11. \u0421\u0442\u0443\u0434\u0438\u0439\u043d\u0430\u044f \u0437\u0430\u043f\u0438\u0441\u044c 11.mp3", "D:\\a\\_temp\\album-haven-e2e-functional-fixtures-gallery-search-visual\\shared\\media\\\u0414\u0414\u0422\\\u0421\u0442\u0443\u0434\u0438\u0439\u043d\u044b\u0435 \u0437\u0430\u043f\u0438\u0441\u0438\\12. \u0421\u0442\u0443\u0434\u0438\u0439\u043d\u0430\u044f \u0437\u0430\u043f\u0438\u0441\u044c 12.mp3", "D:\\a\\_temp\\album-haven-e2e-functional-fixtures-gallery-search-visual\\shared\\media\\\u0414\u0414\u0422\\\u0421\u0442\u0443\u0434\u0438\u0439\u043d\u044b\u0435 \u0437\u0430\u043f\u0438\u0441\u0438\\13. \u0421\u0442\u0443\u0434\u0438\u0439\u043d\u0430\u044f \u0437\u0430\u043f\u0438\u0441\u044c 13.mp3", "D:\\a\\_temp\\album-haven-e2e-functional-fixtures-gallery-search-visual\\shared\\media\\\u0414\u0414\u0422\\\u0421\u0442\u0443\u0434\u0438\u0439\u043d\u044b\u0435 \u0437\u0430\u043f\u0438\u0441\u0438\\14. \u0421\u0442\u0443\u0434\u0438\u0439\u043d\u0430\u044f \u0437\u0430\u043f\u0438\u0441\u044c 14.mp3", "D:\\a\\_temp\\album-haven-e2e-functional-fixtures-gallery-search-visual\\shared\\media\\\u0414\u0414\u0422\\\u0421\u0442\u0443\u0434\u0438\u0439\u043d\u044b\u0435 \u0437\u0430\u043f\u0438\u0441\u0438\\15. \u0421\u0442\u0443\u0434\u0438\u0439\u043d\u0430\u044f \u0437\u0430\u043f\u0438\u0441\u044c 15.mp3", "D:\\a\\_temp\\album-haven-e2e-functional-fixtures-gallery-search-visual\\shared\\media\\\u0414\u0414\u0422\\\u0421\u0442\u0443\u0434\u0438\u0439\u043d\u044b\u0435 \u0437\u0430\u043f\u0438\u0441\u0438\\16. \u0421\u0442\u0443\u0434\u0438\u0439\u043d\u0430\u044f \u0437\u0430\u043f\u0438\u0441\u044c 16.mp3"]}
2026-09-19T00:23:32.2305813Z   [PASS] Retain the consolidated release in a fresh browser (17435 ms)
2026-09-19T00:23:37.4586608Z Album Haven production E2E app listening on http://127.0.0.1:5200 with 0 artists, 0 albums, 0 tracks, and provider fixtures on http://127.0.0.1:5202
2026-09-19T00:23:38.4502319Z 2026-09-19 00:23:38,449 [INFO] music_app: Startup scan-cache hydration completed files=7200 albums=400
2026-09-19T00:23:39.4905613Z 2026-09-19 00:23:39,489 [INFO] music_app: Relation projection startup readiness ready=true rebuilt=true reason=missing_readiness_metadata builder_version=local-relation-builder-v9 source_row_count=15042 duration_ms=1011.54 source_load=377.93 fingerprint=95.16 pure_build=256.37 family_link_replacement=4.60 snapshot_publication=1.30
2026-09-19T00:23:40.7097008Z 2026-09-19 00:23:40,708 [INFO] music_app: {"action": "Index request completed", "album_count": 0, "artist_count": 0, "bootstrap_mode": "fresh_preview", "covers_in_progress": false, "elapsed_ms": 228.67, "hydrate_in_progress": false, "payload_elapsed_ms": 94.73, "query": "", "scan_in_progress": false, "selected_artist": ""}
2026-09-19T00:24:01.4009192Z   ok 1 [functional] › tests\e2e\specs\albumIdentityConsolidation.spec.js:51:1 › FTC-TAGS-021 and FTC-ALBUM-DETAILS-018 consolidate one logical release @area:tag-edit (1.4m)
2026-09-19T00:24:01.4017217Z [album-haven-playwright-result] {"version":1,"phase":"tests-complete","nonce":"2a66ceeff896b971617dcebce6cded8c52c6c4803ca4d2027ea1ffc05538e923","status":"passed","total":1,"completed":1,"failed":0,"skipped":0,"errors":0}
2026-09-19T00:24:01.8765147Z 
2026-09-19T00:24:01.8765174Z 
2026-09-19T00:24:01.8765210Z 
2026-09-19T00:24:01.8766504Z [album-haven-playwright-result] {"version":1,"phase":"run-final","nonce":"2a66ceeff896b971617dcebce6cded8c52c6c4803ca4d2027ea1ffc05538e923","status":"passed","total":1,"completed":1,"failed":0,"skipped":0,"errors":0}
2026-09-19T00:24:01.8767293Z   1 passed (1.6m)
2026-09-19T00:24:02.1956136Z 
2026-09-19T00:24:02.1956980Z === Playwright Summary ===
2026-09-19T00:24:02.1957756Z [[32m✓[0m] albumIdentityConsolidation.spec
2026-09-19T00:24:02.1958342Z   [[32m✓[0m] FTC-TAGS-021 and FTC-ALBUM-DETAILS-018 consolidate one logical release @area:tag-edit (1.4m)
2026-09-19T00:24:02.1958712Z 
2026-09-19T00:24:02.1958827Z Overall: 1/1 passed
2026-09-19T00:24:06.4476771Z [playwright-wrapper-final-decision] {"wrapperExitCode":0,"attemptReturn":{"exitCode":0,"exitReason":"authoritative-pass"},"fakeDatabaseCleanup":{"status":"completed","error":null,"mode":"lock-only"},"scanAppCleanup":{"status":"not-required","error":null},"isolatedAppCleanup":{"status":"completed","error":null},"tempCleanup":{"status":"completed","error":null,"removedCount":1},"passivePortDiagnostics":[{"port":5200,"status":"completed","error":null,"ownerCount":0},{"port":5202,"status":"completed","error":null,"ownerCount":0}],"finalSummary":{"phase":"run-final","status":"passed","total":1,"completed":1,"failed":0,"skipped":0,"errors":0,"listOnly":false},"exitReason":"authoritative-pass"}
2026-09-19T00:24:07.8970961Z {"restored":16,"removed":0,"unchanged":1481}
2026-09-19T00:24:28.1121723Z Album Haven production E2E app listening on http://127.0.0.1:5200 with 0 artists, 0 albums, 0 tracks, and provider fixtures on http://127.0.0.1:5202
2026-09-19T00:24:29.6140057Z 2026-09-19 00:24:29,612 [INFO] music_app: Startup scan-cache hydration completed files=7200 albums=400
2026-09-19T00:24:29.6141804Z 2026-09-19 00:24:29,612 [INFO] music_app: Legacy album exclusions migrated albums=1 removed_rules=18 created_rules=1
2026-09-19T00:24:29.9755931Z 2026-09-19 00:24:29,974 [INFO] music_app: Relation projection startup readiness ready=true rebuilt=true reason=missing_projection builder_version=local-relation-builder-v9 source_row_count=7438 duration_ms=331.10 source_load=93.06 fingerprint=46.71 pure_build=92.22 family_link_replacement=6.20 snapshot_publication=1.39
2026-09-19T00:24:31.5910432Z 2026-09-19 00:24:31,590 [INFO] music_app: {"action": "Index request completed", "album_count": 0, "artist_count": 0, "bootstrap_mode": "fresh_preview", "covers_in_progress": false, "elapsed_ms": 306.98, "hydrate_in_progress": false, "payload_elapsed_ms": 134.33, "query": "", "scan_in_progress": false, "selected_artist": ""}
2026-09-19T00:24:55.2293491Z 
2026-09-19T00:24:55.2294304Z Running 1 test using 1 worker
2026-09-19T00:24:55.2314635Z 
2026-09-19T00:24:59.0452659Z 2026-09-19 00:24:59,044 [INFO] music_app: {"action": "Index request completed", "album_count": 0, "artist_count": 0, "bootstrap_mode": "fresh_preview", "covers_in_progress": false, "elapsed_ms": 183.67, "hydrate_in_progress": false, "payload_elapsed_ms": 96.19, "query": "", "scan_in_progress": false, "selected_artist": ""}
2026-09-19T00:25:00.8999584Z [TEST] FTC-UTIL-PROBLEMS-013 shows one logical album with exact scoped reasons and tracks
2026-09-19T00:25:00.9044367Z   [STEP] Prepare the consolidated release year
2026-09-19T00:25:01.6918521Z 2026-09-19 00:25:01,691 [INFO] music_app: {"action": "Index request completed", "album_count": 0, "artist_count": 0, "bootstrap_mode": "fresh_preview", "covers_in_progress": false, "elapsed_ms": 578.94, "hydrate_in_progress": false, "payload_elapsed_ms": 316.97, "query": "", "scan_in_progress": false, "selected_artist": "\u0414\u0414\u0422"}
2026-09-19T00:25:07.2442626Z 2026-09-19 00:25:07,215 [INFO] music_app: {"action": "Tags edited", "album": "\u0421\u0442\u0443\u0434\u0438\u0439\u043d\u044b\u0435 \u0437\u0430\u043f\u0438\u0441\u0438", "artist": "\u0414\u0414\u0422", "file_count": 16, "files": ["D:\\a\\_temp\\album-haven-e2e-functional-fixtures-gallery-search-visual\\shared\\media\\\u0414\u0414\u0422\\\u0421\u0442\u0443\u0434\u0438\u0439\u043d\u044b\u0435 \u0437\u0430\u043f\u0438\u0441\u0438\\01. \u0421\u0442\u0443\u0434\u0438\u0439\u043d\u0430\u044f \u0437\u0430\u043f\u0438\u0441\u044c 1.mp3", "D:\\a\\_temp\\album-haven-e2e-functional-fixtures-gallery-search-visual\\shared\\media\\\u0414\u0414\u0422\\\u0421\u0442\u0443\u0434\u0438\u0439\u043d\u044b\u0435 \u0437\u0430\u043f\u0438\u0441\u0438\\02. \u0421\u0442\u0443\u0434\u0438\u0439\u043d\u0430\u044f \u0437\u0430\u043f\u0438\u0441\u044c 2.mp3", "D:\\a\\_temp\\album-haven-e2e-functional-fixtures-gallery-search-visual\\shared\\media\\\u0414\u0414\u0422\\\u0421\u0442\u0443\u0434\u0438\u0439\u043d\u044b\u0435 \u0437\u0430\u043f\u0438\u0441\u0438\\03. \u0421\u0442\u0443\u0434\u0438\u0439\u043d\u0430\u044f \u0437\u0430\u043f\u0438\u0441\u044c 3.mp3", "D:\\a\\_temp\\album-haven-e2e-functional-fixtures-gallery-search-visual\\shared\\media\\\u0414\u0414\u0422\\\u0421\u0442\u0443\u0434\u0438\u0439\u043d\u044b\u0435 \u0437\u0430\u043f\u0438\u0441\u0438\\04. \u0421\u0442\u0443\u0434\u0438\u0439\u043d\u0430\u044f \u0437\u0430\u043f\u0438\u0441\u044c 4.mp3", "D:\\a\\_temp\\album-haven-e2e-functional-fixtures-gallery-search-visual\\shared\\media\\\u0414\u0414\u0422\\\u0421\u0442\u0443\u0434\u0438\u0439\u043d\u044b\u0435 \u0437\u0430\u043f\u0438\u0441\u0438\\05. \u0421\u0442\u0443\u0434\u0438\u0439\u043d\u0430\u044f \u0437\u0430\u043f\u0438\u0441\u044c 5.mp3", "D:\\a\\_temp\\album-haven-e2e-functional-fixtures-gallery-search-visual\\shared\\media\\\u0414\u0414\u0422\\\u0421\u0442\u0443\u0434\u0438\u0439\u043d\u044b\u0435 \u0437\u0430\u043f\u0438\u0441\u0438\\06. \u0421\u0442\u0443\u0434\u0438\u0439\u043d\u0430\u044f \u0437\u0430\u043f\u0438\u0441\u044c 6.mp3", "D:\\a\\_temp\\album-haven-e2e-functional-fixtures-gallery-search-visual\\shared\\media\\\u0414\u0414\u0422\\\u0421\u0442\u0443\u0434\u0438\u0439\u043d\u044b\u0435 \u0437\u0430\u043f\u0438\u0441\u0438\\07. \u0421\u0442\u0443\u0434\u0438\u0439\u043d\u0430\u044f \u0437\u0430\u043f\u0438\u0441\u044c 7.mp3", "D:\\a\\_temp\\album-haven-e2e-functional-fixtures-gallery-search-visual\\shared\\media\\\u0414\u0414\u0422\\\u0421\u0442\u0443\u0434\u0438\u0439\u043d\u044b\u0435 \u0437\u0430\u043f\u0438\u0441\u0438\\08. \u0421\u0442\u0443\u0434\u0438\u0439\u043d\u0430\u044f \u0437\u0430\u043f\u0438\u0441\u044c 8.mp3", "D:\\a\\_temp\\album-haven-e2e-functional-fixtures-gallery-search-visual\\shared\\media\\\u0414\u0414\u0422\\\u0421\u0442\u0443\u0434\u0438\u0439\u043d\u044b\u0435 \u0437\u0430\u043f\u0438\u0441\u0438\\09. \u0421\u0442\u0443\u0434\u0438\u0439\u043d\u0430\u044f \u0437\u0430\u043f\u0438\u0441\u044c 9.mp3", "D:\\a\\_temp\\album-haven-e2e-functional-fixtures-gallery-search-visual\\shared\\media\\\u0414\u0414\u0422\\\u0421\u0442\u0443\u0434\u0438\u0439\u043d\u044b\u0435 \u0437\u0430\u043f\u0438\u0441\u0438\\10. \u0421\u0442\u0443\u0434\u0438\u0439\u043d\u0430\u044f \u0437\u0430\u043f\u0438\u0441\u044c 10.mp3", "D:\\a\\_temp\\album-haven-e2e-functional-fixtures-gallery-search-visual\\shared\\media\\\u0414\u0414\u0422\\\u0421\u0442\u0443\u0434\u0438\u0439\u043d\u044b\u0435 \u0437\u0430\u043f\u0438\u0441\u0438\\11. \u0421\u0442\u0443\u0434\u0438\u0439\u043d\u0430\u044f \u0437\u0430\u043f\u0438\u0441\u044c 11.mp3", "D:\\a\\_temp\\album-haven-e2e-functional-fixtures-gallery-search-visual\\shared\\media\\\u0414\u0414\u0422\\\u0421\u0442\u0443\u0434\u0438\u0439\u043d\u044b\u0435 \u0437\u0430\u043f\u0438\u0441\u0438\\12. \u0421\u0442\u0443\u0434\u0438\u0439\u043d\u0430\u044f \u0437\u0430\u043f\u0438\u0441\u044c 12.mp3", "D:\\a\\_temp\\album-haven-e2e-functional-fixtures-gallery-search-visual\\shared\\media\\\u0414\u0414\u0422\\\u0421\u0442\u0443\u0434\u0438\u0439\u043d\u044b\u0435 \u0437\u0430\u043f\u0438\u0441\u0438\\13. \u0421\u0442\u0443\u0434\u0438\u0439\u043d\u0430\u044f \u0437\u0430\u043f\u0438\u0441\u044c 13.mp3", "D:\\a\\_temp\\album-haven-e2e-functional-fixtures-gallery-search-visual\\shared\\media\\\u0414\u0414\u0422\\\u0421\u0442\u0443\u0434\u0438\u0439\u043d\u044b\u0435 \u0437\u0430\u043f\u0438\u0441\u0438\\14. \u0421\u0442\u0443\u0434\u0438\u0439\u043d\u0430\u044f \u0437\u0430\u043f\u0438\u0441\u044c 14.mp3", "D:\\a\\_temp\\album-haven-e2e-functional-fixtures-gallery-search-visual\\shared\\media\\\u0414\u0414\u0422\\\u0421\u0442\u0443\u0434\u0438\u0439\u043d\u044b\u0435 \u0437\u0430\u043f\u0438\u0441\u0438\\15. \u0421\u0442\u0443\u0434\u0438\u0439\u043d\u0430\u044f \u0437\u0430\u043f\u0438\u0441\u044c 15.mp3", "D:\\a\\_temp\\album-haven-e2e-functional-fixtures-gallery-search-visual\\shared\\media\\\u0414\u0414\u0422\\\u0421\u0442\u0443\u0434\u0438\u0439\u043d\u044b\u0435 \u0437\u0430\u043f\u0438\u0441\u0438\\16. \u0421\u0442\u0443\u0434\u0438\u0439\u043d\u0430\u044f \u0437\u0430\u043f\u0438\u0441\u044c 16.mp3"]}
2026-09-19T00:25:08.8613107Z 2026-09-19 00:25:08,860 [INFO] music_app: {"action": "Index request completed", "album_count": 0, "artist_count": 0, "bootstrap_mode": "fresh_preview", "covers_in_progress": false, "elapsed_ms": 416.31, "hydrate_in_progress": false, "payload_elapsed_ms": 242.58, "query": "", "scan_in_progress": false, "selected_artist": "\u0414\u0414\u0422"}
2026-09-19T00:25:10.4092670Z   [PASS] Prepare the consolidated release year (9504 ms)
2026-09-19T00:25:10.4094913Z   [STEP] Prepare a split release with two numbering problems
2026-09-19T00:25:12.2194070Z 2026-09-19 00:25:12,216 [INFO] music_app: {"action": "Tags edited", "album": "\u0421\u0442\u0443\u0434\u0438\u0439\u043d\u044b\u0435 \u0437\u0430\u043f\u0438\u0441\u0438", "artist": "\u0414\u0414\u0422", "file_count": 3, "files": ["D:\\a\\_temp\\album-haven-e2e-functional-fixtures-gallery-search-visual\\shared\\media\\\u0414\u0414\u0422\\\u0421\u0442\u0443\u0434\u0438\u0439\u043d\u044b\u0435 \u0437\u0430\u043f\u0438\u0441\u0438\\14. \u0421\u0442\u0443\u0434\u0438\u0439\u043d\u0430\u044f \u0437\u0430\u043f\u0438\u0441\u044c 14.mp3", "D:\\a\\_temp\\album-haven-e2e-functional-fixtures-gallery-search-visual\\shared\\media\\\u0414\u0414\u0422\\\u0421\u0442\u0443\u0434\u0438\u0439\u043d\u044b\u0435 \u0437\u0430\u043f\u0438\u0441\u0438\\15. \u0421\u0442\u0443\u0434\u0438\u0439\u043d\u0430\u044f \u0437\u0430\u043f\u0438\u0441\u044c 15.mp3", "D:\\a\\_temp\\album-haven-e2e-functional-fixtures-gallery-search-visual\\shared\\media\\\u0414\u0414\u0422\\\u0421\u0442\u0443\u0434\u0438\u0439\u043d\u044b\u0435 \u0437\u0430\u043f\u0438\u0441\u0438\\16. \u0421\u0442\u0443\u0434\u0438\u0439\u043d\u0430\u044f \u0437\u0430\u043f\u0438\u0441\u044c 16.mp3"]}
2026-09-19T00:25:15.1921079Z 2026-09-19 00:25:15,191 [INFO] music_app: {"action": "Tags edited", "album": "\u0421\u0442\u0443\u0434\u0438\u0439\u043d\u044b\u0435 \u0437\u0430\u043f\u0438\u0441\u0438 merge candidate", "artist": "\u0414\u0414\u0422", "file_count": 2, "files": ["D:\\a\\_temp\\album-haven-e2e-functional-fixtures-gallery-search-visual\\shared\\media\\\u0414\u0414\u0422\\\u0421\u0442\u0443\u0434\u0438\u0439\u043d\u044b\u0435 \u0437\u0430\u043f\u0438\u0441\u0438\\14. \u0421\u0442\u0443\u0434\u0438\u0439\u043d\u0430\u044f \u0437\u0430\u043f\u0438\u0441\u044c 14.mp3", "D:\\a\\_temp\\album-haven-e2e-functional-fixtures-gallery-search-visual\\shared\\media\\\u0414\u0414\u0422\\\u0421\u0442\u0443\u0434\u0438\u0439\u043d\u044b\u0435 \u0437\u0430\u043f\u0438\u0441\u0438\\15. \u0421\u0442\u0443\u0434\u0438\u0439\u043d\u0430\u044f \u0437\u0430\u043f\u0438\u0441\u044c 15.mp3"]}
2026-09-19T00:25:16.2512919Z   [PASS] Prepare a split release with two numbering problems (5841 ms)
2026-09-19T00:25:16.2513690Z   [STEP] Merge the split release into one durable problematic identity
2026-09-19T00:25:17.6465962Z 2026-09-19 00:25:17,645 [INFO] music_app: {"action": "Tags edited", "album": "\u0421\u0442\u0443\u0434\u0438\u0439\u043d\u044b\u0435 \u0437\u0430\u043f\u0438\u0441\u0438 merge candidate", "artist": "\u0414\u0414\u0422", "file_count": 3, "files": ["D:\\a\\_temp\\album-haven-e2e-functional-fixtures-gallery-search-visual\\shared\\media\\\u0414\u0414\u0422\\\u0421\u0442\u0443\u0434\u0438\u0439\u043d\u044b\u0435 \u0437\u0430\u043f\u0438\u0441\u0438\\14. \u0421\u0442\u0443\u0434\u0438\u0439\u043d\u0430\u044f \u0437\u0430\u043f\u0438\u0441\u044c 14.mp3", "D:\\a\\_temp\\album-haven-e2e-functional-fixtures-gallery-search-visual\\shared\\media\\\u0414\u0414\u0422\\\u0421\u0442\u0443\u0434\u0438\u0439\u043d\u044b\u0435 \u0437\u0430\u043f\u0438\u0441\u0438\\15. \u0421\u0442\u0443\u0434\u0438\u0439\u043d\u0430\u044f \u0437\u0430\u043f\u0438\u0441\u044c 15.mp3", "D:\\a\\_temp\\album-haven-e2e-functional-fixtures-gallery-search-visual\\shared\\media\\\u0414\u0414\u0422\\\u0421\u0442\u0443\u0434\u0438\u0439\u043d\u044b\u0435 \u0437\u0430\u043f\u0438\u0441\u0438\\16. \u0421\u0442\u0443\u0434\u0438\u0439\u043d\u0430\u044f \u0437\u0430\u043f\u0438\u0441\u044c 16.mp3"]}
2026-09-19T00:25:19.3320580Z 2026-09-19 00:25:19,331 [INFO] music_app: {"action": "Index request completed", "album_count": 0, "artist_count": 0, "bootstrap_mode": "fresh_preview", "covers_in_progress": false, "elapsed_ms": 525.04, "hydrate_in_progress": false, "payload_elapsed_ms": 337.75, "query": "", "scan_in_progress": false, "selected_artist": "\u0414\u0414\u0422"}
2026-09-19T00:25:20.7520681Z   [PASS] Merge the split release into one durable problematic identity (4501 ms)
2026-09-19T00:25:20.7521438Z   [STEP] Inspect the logical album problem layout and complete Edit Tags order
2026-09-19T00:25:21.2782111Z   [FAIL] Inspect the logical album problem layout and complete Edit Tags order :: expect(received).toBe(expected) // Object.is equality
2026-09-19T00:25:21.2782779Z 
2026-09-19T00:25:21.2782967Z Expected: 1
2026-09-19T00:25:21.2783316Z Received: 21 (510 ms)
2026-09-19T00:25:26.3795049Z Album Haven production E2E app listening on http://127.0.0.1:5200 with 0 artists, 0 albums, 0 tracks, and provider fixtures on http://127.0.0.1:5202
2026-09-19T00:25:27.4629890Z 2026-09-19 00:25:27,461 [INFO] music_app: Startup scan-cache hydration completed files=7200 albums=400
2026-09-19T00:25:27.8059535Z 2026-09-19 00:25:27,804 [INFO] music_app: Relation projection startup readiness ready=true rebuilt=true reason=missing_readiness_metadata builder_version=local-relation-builder-v9 source_row_count=7454 duration_ms=316.36 source_load=93.56 fingerprint=50.35 pure_build=91.92 family_link_replacement=4.75 snapshot_publication=1.20
2026-09-19T00:25:28.6797402Z 2026-09-19 00:25:28,678 [INFO] music_app: {"action": "Index request completed", "album_count": 0, "artist_count": 0, "bootstrap_mode": "fresh_preview", "covers_in_progress": false, "elapsed_ms": 312.24, "hydrate_in_progress": false, "payload_elapsed_ms": 99.02, "query": "", "scan_in_progress": false, "selected_artist": ""}
2026-09-19T00:25:50.3440898Z   x  1 [functional] › tests\e2e\specs\albumIdentityConsolidation.spec.js:258:1 › FTC-UTIL-PROBLEMS-013 shows one logical album with exact scoped reasons and tracks @area:problematic-files (48.1s)
2026-09-19T00:25:50.3442945Z [playwright-wrapper-failure-latched] {"phase":"tests-complete","status":"failed","total":1,"completed":1,"failed":1,"skipped":0,"errors":0}
2026-09-19T00:25:50.3444973Z [album-haven-playwright-result] {"version":1,"phase":"tests-complete","nonce":"f03897f18649807c9a9b9d7827c690aa70514badb763a73710098050d294ff80","status":"failed","total":1,"completed":1,"failed":1,"skipped":0,"errors":0}
2026-09-19T00:25:50.9489526Z 
2026-09-19T00:25:50.9489548Z 
2026-09-19T00:25:50.9489632Z 
2026-09-19T00:25:50.9491460Z [album-haven-playwright-result] {"version":1,"phase":"run-final","nonce":"f03897f18649807c9a9b9d7827c690aa70514badb763a73710098050d294ff80","status":"failed","total":1,"completed":1,"failed":1,"skipped":0,"errors":0}
2026-09-19T00:25:50.9492420Z 
2026-09-19T00:25:50.9493752Z   1) [functional] › tests\e2e\specs\albumIdentityConsolidation.spec.js:258:1 › FTC-UTIL-PROBLEMS-013 shows one logical album with exact scoped reasons and tracks @area:problematic-files 
2026-09-19T00:25:50.9494323Z 
2026-09-19T00:25:50.9494523Z     Error: expect(received).toBe(expected) // Object.is equality
2026-09-19T00:25:50.9494781Z 
2026-09-19T00:25:50.9494896Z     Expected: 1
2026-09-19T00:25:50.9495142Z     Received: 21
2026-09-19T00:25:50.9495276Z 
2026-09-19T00:25:50.9495488Z       287 |     await utilityProblematicFilesActions.search(SOURCE_ALBUM);
2026-09-19T00:25:50.9495987Z       288 |     await utilityProblematicFilesActions.waitForSearchResults(SOURCE_ALBUM);
2026-09-19T00:25:50.9496502Z     > 289 |     expect(await utilityProblematicFilesActions.readVisibleResultCount()).toBe(1);
2026-09-19T00:25:50.9497160Z           |                                                                           ^
2026-09-19T00:25:50.9498381Z       290 |     const summary = await utilityProblematicFilesActions.selectAlbumByTitle(SOURCE_ALBUM);
2026-09-19T00:25:50.9499243Z       291 |     expect([...new Set(summary.problemReasons)].sort()).toEqual(EXPECTED_PROBLEM_REASONS);
2026-09-19T00:25:50.9500218Z       292 |     expect(summary.issueCount).toBe(EXPECTED_PROBLEM_REASONS.length);
2026-09-19T00:25:50.9501730Z         at D:\a\AlbumHaven\AlbumHaven\tests\e2e\specs\albumIdentityConsolidation.spec.js:289:75
2026-09-19T00:25:50.9502726Z         at runStep (D:\a\AlbumHaven\AlbumHaven\tests\e2e\support\baseFixtures.js:146:22)
2026-09-19T00:25:50.9503249Z         at D:\a\AlbumHaven\AlbumHaven\tests\e2e\specs\albumIdentityConsolidation.spec.js:283:3
2026-09-19T00:25:50.9503537Z 
2026-09-19T00:25:50.9503959Z     attachment #1: step-transcript.txt (text/plain) ────────────────────────────────────────────────
2026-09-19T00:25:50.9504618Z     [TEST] FTC-UTIL-PROBLEMS-013 shows one logical album with exact scoped reasons and tracks
2026-09-19T00:25:50.9505152Z       [STEP] Prepare the consolidated release year
2026-09-19T00:25:50.9505494Z       [PASS] Prepare the consolidated release year (9504 ms)
2026-09-19T00:25:50.9505885Z       [STEP] Prepare a split release with two numbering problems
2026-09-19T00:25:50.9506295Z       [PASS] Prepare a split release with two num...
2026-09-19T00:25:50.9507359Z     ────────────────────────────────────────────────────────────────────────────────────────────────
2026-09-19T00:25:50.9508371Z 
2026-09-19T00:25:50.9509013Z     attachment #3: stacktrace.txt (text/plain) ─────────────────────────────────────────────────────
2026-09-19T00:25:50.9509544Z     Error 1
2026-09-19T00:25:50.9510036Z     Error: expect(received).toBe(expected) // Object.is equality
2026-09-19T00:25:50.9510497Z     
2026-09-19T00:25:50.9510841Z     Expected: 1
2026-09-19T00:25:50.9511382Z     Received: 21
2026-09-19T00:25:50.9512485Z         at D:\a\AlbumHaven\AlbumHaven\tests\e2e\specs\albumIdentityConsolidation.spec.js:289:75
2026-09-19T00:25:50.9513003Z         at runStep (D:\a\AlbumHaven\Album...
2026-09-19T00:25:50.9513508Z     ────────────────────────────────────────────────────────────────────────────────────────────────
2026-09-19T00:25:50.9513752Z 
2026-09-19T00:25:50.9514056Z     attachment #4: runtime-log.txt (text/plain) ────────────────────────────────────────────────────
2026-09-19T00:25:50.9515148Z     [2026-09-19T00:25:03.760Z] requestfailed/net::ERR_ABORTED: GET http://127.0.0.1:5200/cover?path=D%3A%5Ca%5C_temp%5Calbum-haven-e2e-functional-fixtures-gallery-search-visual%5Cshared%5Cmedia%5C%D0%94%D0%94%D0%A2%5C%D0%95%D0%B4%D0%B8%D0%BD%D0%BE%D1%87%D0%B5%D1%81%D1%82%D0%B2%D0%BE%20I%5Ccover.png&size...
2026-09-19T00:25:50.9516506Z     ────────────────────────────────────────────────────────────────────────────────────────────────
2026-09-19T00:25:50.9516845Z 
2026-09-19T00:25:50.9517602Z     Error Context: ..\..\_temp\functional-output-gallery-search-visual\wave-01-04-playwright-config-js\albumIdentityConsolidation-5a4fe-t-scoped-reasons-and-tracks-functional\error-context.md
2026-09-19T00:25:50.9518352Z 
2026-09-19T00:25:50.9518805Z     attachment #7: trace (application/zip) ─────────────────────────────────────────────────────────
2026-09-19T00:25:50.9519747Z     ..\..\_temp\functional-output-gallery-search-visual\wave-01-04-playwright-config-js\albumIdentityConsolidation-5a4fe-t-scoped-reasons-and-tracks-functional\trace.zip
2026-09-19T00:25:50.9520614Z     Usage:
2026-09-19T00:25:50.9520799Z 
2026-09-19T00:25:50.9521709Z         npx playwright show-trace ..\..\_temp\functional-output-gallery-search-visual\wave-01-04-playwright-config-js\albumIdentityConsolidation-5a4fe-t-scoped-reasons-and-tracks-functional\trace.zip
2026-09-19T00:25:50.9522573Z 
2026-09-19T00:25:50.9522954Z     ────────────────────────────────────────────────────────────────────────────────────────────────
2026-09-19T00:25:50.9523280Z 
2026-09-19T00:25:50.9523414Z   1 failed
2026-09-19T00:25:50.9524397Z     [functional] › tests\e2e\specs\albumIdentityConsolidation.spec.js:258:1 › FTC-UTIL-PROBLEMS-013 shows one logical album with exact scoped reasons and tracks @area:problematic-files 
2026-09-19T00:25:51.5655774Z 
2026-09-19T00:25:51.5656568Z === Playwright Summary ===
2026-09-19T00:25:51.5657968Z [playwright-wrapper-diagnostic] {"reason":"wrapper-child-lifecycle-mismatch","childExitCode":1,"childExitSignal":null,"childCloseCode":1,"childCloseSignal":null,"processError":null,"stopReason":"none","cleanupOutcome":"completed"}
2026-09-19T00:25:51.5659879Z [31m[x][0m albumIdentityConsolidation.spec
2026-09-19T00:25:51.5660723Z   [31m[x][0m FTC-UTIL-PROBLEMS-013 shows one logical album with exact scoped reasons and tracks @area:problematic-files
2026-09-19T00:25:51.5661247Z 
2026-09-19T00:25:51.5661413Z Overall: 0/1 passed
2026-09-19T00:25:51.5661760Z Failed tests:
2026-09-19T00:25:51.5662736Z - albumIdentityConsolidation.spec > FTC-UTIL-PROBLEMS-013 shows one logical album with exact scoped reasons and tracks @area:problematic-files
2026-09-19T00:25:56.0806812Z [playwright-wrapper-final-decision] {"wrapperExitCode":1,"attemptReturn":{"exitCode":1,"exitReason":"wrapper-child-lifecycle-mismatch"},"fakeDatabaseCleanup":{"status":"completed","error":null,"mode":"lock-only"},"scanAppCleanup":{"status":"not-required","error":null},"isolatedAppCleanup":{"status":"completed","error":null},"tempCleanup":{"status":"completed","error":null,"removedCount":1},"passivePortDiagnostics":[{"port":5200,"status":"completed","error":null,"ownerCount":0},{"port":5202,"status":"completed","error":null,"ownerCount":0}],"finalSummary":{"phase":"run-final","status":"failed","total":1,"completed":1,"failed":1,"skipped":0,"errors":0,"listOnly":false},"exitReason":"wrapper-child-lifecycle-mismatch"}
2026-09-19T00:25:57.5661169Z {"restored":16,"removed":0,"unchanged":1481}
2026-09-19T00:26:16.6250066Z Album Haven production E2E app listening on http://127.0.0.1:5200 with 0 artists, 0 albums, 0 tracks, and provider fixtures on http://127.0.0.1:5202
2026-09-19T00:26:17.6969730Z 2026-09-19 00:26:17,693 [INFO] music_app: Startup scan-cache hydration completed files=7200 albums=400
2026-09-19T00:26:17.6971319Z 2026-09-19 00:26:17,693 [INFO] music_app: Legacy album exclusions migrated albums=1 removed_rules=18 created_rules=1
2026-09-19T00:26:18.2309675Z 2026-09-19 00:26:18,228 [INFO] music_app: Relation projection startup readiness ready=true rebuilt=true reason=missing_projection builder_version=local-relation-builder-v9 source_row_count=7438 duration_ms=505.64 source_load=101.42 fingerprint=46.82 pure_build=158.68 family_link_replacement=5.79 snapshot_publication=1.44
2026-09-19T00:26:19.1991494Z 2026-09-19 00:26:19,198 [INFO] music_app: {"action": "Index request completed", "album_count": 0, "artist_count": 0, "bootstrap_mode": "fresh_preview", "covers_in_progress": false, "elapsed_ms": 412.56, "hydrate_in_progress": false, "payload_elapsed_ms": 243.24, "query": "", "scan_in_progress": false, "selected_artist": ""}
2026-09-19T00:26:39.6247262Z 
2026-09-19T00:26:39.6248167Z Running 1 test using 1 worker
2026-09-19T00:26:39.6268040Z 
2026-09-19T00:26:42.2617463Z 2026-09-19 00:26:42,260 [INFO] music_app: {"action": "Index request completed", "album_count": 0, "artist_count": 0, "bootstrap_mode": "fresh_preview", "covers_in_progress": false, "elapsed_ms": 208.05, "hydrate_in_progress": false, "payload_elapsed_ms": 111.42, "query": "", "scan_in_progress": false, "selected_artist": ""}
2026-09-19T00:26:44.1495019Z [TEST] FTC-UTIL-PROBLEMS-007 preserves the selected list during mutation and removes stale identity
2026-09-19T00:26:44.1553534Z   [STEP] Prepare the consolidated release year
2026-09-19T00:26:44.7323091Z 2026-09-19 00:26:44,731 [INFO] music_app: {"action": "Index request completed", "album_count": 0, "artist_count": 0, "bootstrap_mode": "fresh_preview", "covers_in_progress": false, "elapsed_ms": 442.58, "hydrate_in_progress": false, "payload_elapsed_ms": 265.32, "query": "", "scan_in_progress": false, "selected_artist": "\u0414\u0414\u0422"}
2026-09-19T00:26:49.9834289Z 2026-09-19 00:26:49,975 [INFO] music_app: {"action": "Tags edited", "album": "\u0421\u0442\u0443\u0434\u0438\u0439\u043d\u044b\u0435 \u0437\u0430\u043f\u0438\u0441\u0438", "artist": "\u0414\u0414\u0422", "file_count": 16, "files": ["D:\\a\\_temp\\album-haven-e2e-functional-fixtures-gallery-search-visual\\shared\\media\\\u0414\u0414\u0422\\\u0421\u0442\u0443\u0434\u0438\u0439\u043d\u044b\u0435 \u0437\u0430\u043f\u0438\u0441\u0438\\01. \u0421\u0442\u0443\u0434\u0438\u0439\u043d\u0430\u044f \u0437\u0430\u043f\u0438\u0441\u044c 1.mp3", "D:\\a\\_temp\\album-haven-e2e-functional-fixtures-gallery-search-visual\\shared\\media\\\u0414\u0414\u0422\\\u0421\u0442\u0443\u0434\u0438\u0439\u043d\u044b\u0435 \u0437\u0430\u043f\u0438\u0441\u0438\\02. \u0421\u0442\u0443\u0434\u0438\u0439\u043d\u0430\u044f \u0437\u0430\u043f\u0438\u0441\u044c 2.mp3", "D:\\a\\_temp\\album-haven-e2e-functional-fixtures-gallery-search-visual\\shared\\media\\\u0414\u0414\u0422\\\u0421\u0442\u0443\u0434\u0438\u0439\u043d\u044b\u0435 \u0437\u0430\u043f\u0438\u0441\u0438\\03. \u0421\u0442\u0443\u0434\u0438\u0439\u043d\u0430\u044f \u0437\u0430\u043f\u0438\u0441\u044c 3.mp3", "D:\\a\\_temp\\album-haven-e2e-functional-fixtures-gallery-search-visual\\shared\\media\\\u0414\u0414\u0422\\\u0421\u0442\u0443\u0434\u0438\u0439\u043d\u044b\u0435 \u0437\u0430\u043f\u0438\u0441\u0438\\04. \u0421\u0442\u0443\u0434\u0438\u0439\u043d\u0430\u044f \u0437\u0430\u043f\u0438\u0441\u044c 4.mp3", "D:\\a\\_temp\\album-haven-e2e-functional-fixtures-gallery-search-visual\\shared\\media\\\u0414\u0414\u0422\\\u0421\u0442\u0443\u0434\u0438\u0439\u043d\u044b\u0435 \u0437\u0430\u043f\u0438\u0441\u0438\\05. \u0421\u0442\u0443\u0434\u0438\u0439\u043d\u0430\u044f \u0437\u0430\u043f\u0438\u0441\u044c 5.mp3", "D:\\a\\_temp\\album-haven-e2e-functional-fixtures-gallery-search-visual\\shared\\media\\\u0414\u0414\u0422\\\u0421\u0442\u0443\u0434\u0438\u0439\u043d\u044b\u0435 \u0437\u0430\u043f\u0438\u0441\u0438\\06. \u0421\u0442\u0443\u0434\u0438\u0439\u043d\u0430\u044f \u0437\u0430\u043f\u0438\u0441\u044c 6.mp3", "D:\\a\\_temp\\album-haven-e2e-functional-fixtures-gallery-search-visual\\shared\\media\\\u0414\u0414\u0422\\\u0421\u0442\u0443\u0434\u0438\u0439\u043d\u044b\u0435 \u0437\u0430\u043f\u0438\u0441\u0438\\07. \u0421\u0442\u0443\u0434\u0438\u0439\u043d\u0430\u044f \u0437\u0430\u043f\u0438\u0441\u044c 7.mp3", "D:\\a\\_temp\\album-haven-e2e-functional-fixtures-gallery-search-visual\\shared\\media\\\u0414\u0414\u0422\\\u0421\u0442\u0443\u0434\u0438\u0439\u043d\u044b\u0435 \u0437\u0430\u043f\u0438\u0441\u0438\\08. \u0421\u0442\u0443\u0434\u0438\u0439\u043d\u0430\u044f \u0437\u0430\u043f\u0438\u0441\u044c 8.mp3", "D:\\a\\_temp\\album-haven-e2e-functional-fixtures-gallery-search-visual\\shared\\media\\\u0414\u0414\u0422\\\u0421\u0442\u0443\u0434\u0438\u0439\u043d\u044b\u0435 \u0437\u0430\u043f\u0438\u0441\u0438\\09. \u0421\u0442\u0443\u0434\u0438\u0439\u043d\u0430\u044f \u0437\u0430\u043f\u0438\u0441\u044c 9.mp3", "D:\\a\\_temp\\album-haven-e2e-functional-fixtures-gallery-search-visual\\shared\\media\\\u0414\u0414\u0422\\\u0421\u0442\u0443\u0434\u0438\u0439\u043d\u044b\u0435 \u0437\u0430\u043f\u0438\u0441\u0438\\10. \u0421\u0442\u0443\u0434\u0438\u0439\u043d\u0430\u044f \u0437\u0430\u043f\u0438\u0441\u044c 10.mp3", "D:\\a\\_temp\\album-haven-e2e-functional-fixtures-gallery-search-visual\\shared\\media\\\u0414\u0414\u0422\\\u0421\u0442\u0443\u0434\u0438\u0439\u043d\u044b\u0435 \u0437\u0430\u043f\u0438\u0441\u0438\\11. \u0421\u0442\u0443\u0434\u0438\u0439\u043d\u0430\u044f \u0437\u0430\u043f\u0438\u0441\u044c 11.mp3", "D:\\a\\_temp\\album-haven-e2e-functional-fixtures-gallery-search-visual\\shared\\media\\\u0414\u0414\u0422\\\u0421\u0442\u0443\u0434\u0438\u0439\u043d\u044b\u0435 \u0437\u0430\u043f\u0438\u0441\u0438\\12. \u0421\u0442\u0443\u0434\u0438\u0439\u043d\u0430\u044f \u0437\u0430\u043f\u0438\u0441\u044c 12.mp3", "D:\\a\\_temp\\album-haven-e2e-functional-fixtures-gallery-search-visual\\shared\\media\\\u0414\u0414\u0422\\\u0421\u0442\u0443\u0434\u0438\u0439\u043d\u044b\u0435 \u0437\u0430\u043f\u0438\u0441\u0438\\13. \u0421\u0442\u0443\u0434\u0438\u0439\u043d\u0430\u044f \u0437\u0430\u043f\u0438\u0441\u044c 13.mp3", "D:\\a\\_temp\\album-haven-e2e-functional-fixtures-gallery-search-visual\\shared\\media\\\u0414\u0414\u0422\\\u0421\u0442\u0443\u0434\u0438\u0439\u043d\u044b\u0435 \u0437\u0430\u043f\u0438\u0441\u0438\\14. \u0421\u0442\u0443\u0434\u0438\u0439\u043d\u0430\u044f \u0437\u0430\u043f\u0438\u0441\u044c 14.mp3", "D:\\a\\_temp\\album-haven-e2e-functional-fixtures-gallery-search-visual\\shared\\media\\\u0414\u0414\u0422\\\u0421\u0442\u0443\u0434\u0438\u0439\u043d\u044b\u0435 \u0437\u0430\u043f\u0438\u0441\u0438\\15. \u0421\u0442\u0443\u0434\u0438\u0439\u043d\u0430\u044f \u0437\u0430\u043f\u0438\u0441\u044c 15.mp3", "D:\\a\\_temp\\album-haven-e2e-functional-fixtures-gallery-search-visual\\shared\\media\\\u0414\u0414\u0422\\\u0421\u0442\u0443\u0434\u0438\u0439\u043d\u044b\u0435 \u0437\u0430\u043f\u0438\u0441\u0438\\16. \u0421\u0442\u0443\u0434\u0438\u0439\u043d\u0430\u044f \u0437\u0430\u043f\u0438\u0441\u044c 16.mp3"]}
2026-09-19T00:26:51.7341582Z 2026-09-19 00:26:51,733 [INFO] music_app: {"action": "Index request completed", "album_count": 0, "artist_count": 0, "bootstrap_mode": "fresh_preview", "covers_in_progress": false, "elapsed_ms": 438.45, "hydrate_in_progress": false, "payload_elapsed_ms": 252.57, "query": "", "scan_in_progress": false, "selected_artist": "\u0414\u0414\u0422"}
2026-09-19T00:26:53.0814215Z   [PASS] Prepare the consolidated release year (8926 ms)
2026-09-19T00:26:53.0814786Z   [STEP] Prepare a split release with two numbering problems
2026-09-19T00:26:54.4448521Z 2026-09-19 00:26:54,442 [INFO] music_app: {"action": "Tags edited", "album": "\u0421\u0442\u0443\u0434\u0438\u0439\u043d\u044b\u0435 \u0437\u0430\u043f\u0438\u0441\u0438", "artist": "\u0414\u0414\u0422", "file_count": 3, "files": ["D:\\a\\_temp\\album-haven-e2e-functional-fixtures-gallery-search-visual\\shared\\media\\\u0414\u0414\u0422\\\u0421\u0442\u0443\u0434\u0438\u0439\u043d\u044b\u0435 \u0437\u0430\u043f\u0438\u0441\u0438\\14. \u0421\u0442\u0443\u0434\u0438\u0439\u043d\u0430\u044f \u0437\u0430\u043f\u0438\u0441\u044c 14.mp3", "D:\\a\\_temp\\album-haven-e2e-functional-fixtures-gallery-search-visual\\shared\\media\\\u0414\u0414\u0422\\\u0421\u0442\u0443\u0434\u0438\u0439\u043d\u044b\u0435 \u0437\u0430\u043f\u0438\u0441\u0438\\15. \u0421\u0442\u0443\u0434\u0438\u0439\u043d\u0430\u044f \u0437\u0430\u043f\u0438\u0441\u044c 15.mp3", "D:\\a\\_temp\\album-haven-e2e-functional-fixtures-gallery-search-visual\\shared\\media\\\u0414\u0414\u0422\\\u0421\u0442\u0443\u0434\u0438\u0439\u043d\u044b\u0435 \u0437\u0430\u043f\u0438\u0441\u0438\\16. \u0421\u0442\u0443\u0434\u0438\u0439\u043d\u0430\u044f \u0437\u0430\u043f\u0438\u0441\u044c 16.mp3"]}
2026-09-19T00:26:56.8767820Z 2026-09-19 00:26:56,874 [INFO] music_app: {"action": "Tags edited", "album": "\u0421\u0442\u0443\u0434\u0438\u0439\u043d\u044b\u0435 \u0437\u0430\u043f\u0438\u0441\u0438 merge candidate", "artist": "\u0414\u0414\u0422", "file_count": 2, "files": ["D:\\a\\_temp\\album-haven-e2e-functional-fixtures-gallery-search-visual\\shared\\media\\\u0414\u0414\u0422\\\u0421\u0442\u0443\u0434\u0438\u0439\u043d\u044b\u0435 \u0437\u0430\u043f\u0438\u0441\u0438\\14. \u0421\u0442\u0443\u0434\u0438\u0439\u043d\u0430\u044f \u0437\u0430\u043f\u0438\u0441\u044c 14.mp3", "D:\\a\\_temp\\album-haven-e2e-functional-fixtures-gallery-search-visual\\shared\\media\\\u0414\u0414\u0422\\\u0421\u0442\u0443\u0434\u0438\u0439\u043d\u044b\u0435 \u0437\u0430\u043f\u0438\u0441\u0438\\15. \u0421\u0442\u0443\u0434\u0438\u0439\u043d\u0430\u044f \u0437\u0430\u043f\u0438\u0441\u044c 15.mp3"]}
2026-09-19T00:26:57.8894866Z   [PASS] Prepare a split release with two numbering problems (4808 ms)
2026-09-19T00:26:57.8895955Z   [STEP] Merge the split release into one durable problematic identity
2026-09-19T00:26:59.0924839Z 2026-09-19 00:26:59,091 [INFO] music_app: {"action": "Tags edited", "album": "\u0421\u0442\u0443\u0434\u0438\u0439\u043d\u044b\u0435 \u0437\u0430\u043f\u0438\u0441\u0438 merge candidate", "artist": "\u0414\u0414\u0422", "file_count": 3, "files": ["D:\\a\\_temp\\album-haven-e2e-functional-fixtures-gallery-search-visual\\shared\\media\\\u0414\u0414\u0422\\\u0421\u0442\u0443\u0434\u0438\u0439\u043d\u044b\u0435 \u0437\u0430\u043f\u0438\u0441\u0438\\14. \u0421\u0442\u0443\u0434\u0438\u0439\u043d\u0430\u044f \u0437\u0430\u043f\u0438\u0441\u044c 14.mp3", "D:\\a\\_temp\\album-haven-e2e-functional-fixtures-gallery-search-visual\\shared\\media\\\u0414\u0414\u0422\\\u0421\u0442\u0443\u0434\u0438\u0439\u043d\u044b\u0435 \u0437\u0430\u043f\u0438\u0441\u0438\\15. \u0421\u0442\u0443\u0434\u0438\u0439\u043d\u0430\u044f \u0437\u0430\u043f\u0438\u0441\u044c 15.mp3", "D:\\a\\_temp\\album-haven-e2e-functional-fixtures-gallery-search-visual\\shared\\media\\\u0414\u0414\u0422\\\u0421\u0442\u0443\u0434\u0438\u0439\u043d\u044b\u0435 \u0437\u0430\u043f\u0438\u0441\u0438\\16. \u0421\u0442\u0443\u0434\u0438\u0439\u043d\u0430\u044f \u0437\u0430\u043f\u0438\u0441\u044c 16.mp3"]}
2026-09-19T00:27:00.8537027Z 2026-09-19 00:27:00,852 [INFO] music_app: {"action": "Index request completed", "album_count": 0, "artist_count": 0, "bootstrap_mode": "fresh_preview", "covers_in_progress": false, "elapsed_ms": 514.25, "hydrate_in_progress": false, "payload_elapsed_ms": 317.84, "query": "", "scan_in_progress": false, "selected_artist": "\u0414\u0414\u0422"}
2026-09-19T00:27:02.3233652Z   [PASS] Merge the split release into one durable problematic identity (4434 ms)
2026-09-19T00:27:02.3235133Z   [STEP] Repair the selected album through the approved detail-only mutation state
2026-09-19T00:27:03.9614953Z 2026-09-19 00:27:03,959 [INFO] music_app: {"action": "Problem exclusion created", "migrated_legacy_row_keys": [], "row_keys": ["\u0434\u0434\u0442::\u0441\u0442\u0443\u0434\u0438\u0439\u043d\u044b\u0435 \u0437\u0430\u043f\u0438\u0441\u0438::year::1988::problem-album::missing-cover-art"]}
2026-09-19T00:27:04.1145566Z   [FAIL] Repair the selected album through the approved detail-only mutation state :: page.evaluateHandle: Error: Mutation continuity requires a selected Problematic row with a previous survivor.
2026-09-19T00:27:04.1147477Z     at eval (eval at evaluate (:303:30), <anonymous>:7:15)
2026-09-19T00:27:04.1148152Z     at UtilityScript.evaluate (<anonymous>:305:16)
2026-09-19T00:27:04.1148724Z     at UtilityScript.<anonymous> (<anonymous>:1:44) (1789 ms)
2026-09-19T00:27:08.6415061Z Album Haven production E2E app listening on http://127.0.0.1:5200 with 0 artists, 0 albums, 0 tracks, and provider fixtures on http://127.0.0.1:5202
2026-09-19T00:27:09.5555853Z 2026-09-19 00:27:09,554 [INFO] music_app: Startup scan-cache hydration completed files=7200 albums=400
2026-09-19T00:27:09.9307843Z 2026-09-19 00:27:09,929 [INFO] music_app: Relation projection startup readiness ready=true rebuilt=true reason=missing_readiness_metadata builder_version=local-relation-builder-v9 source_row_count=7454 duration_ms=330.31 source_load=93.12 fingerprint=47.91 pure_build=92.97 family_link_replacement=4.93 snapshot_publication=1.26
2026-09-19T00:27:10.9177943Z 2026-09-19 00:27:10,916 [INFO] music_app: {"action": "Index request completed", "album_count": 0, "artist_count": 0, "bootstrap_mode": "fresh_preview", "covers_in_progress": false, "elapsed_ms": 305.98, "hydrate_in_progress": false, "payload_elapsed_ms": 91.88, "query": "", "scan_in_progress": false, "selected_artist": ""}
2026-09-19T00:27:28.1372657Z   x  1 [functional] › tests\e2e\specs\albumIdentityConsolidation.spec.js:331:1 › FTC-UTIL-PROBLEMS-007 preserves the selected list during mutation and removes stale identity @area:problematic-files @area:tag-edit (42.6s)
2026-09-19T00:27:28.1374251Z [album-haven-playwright-result] {"version":1,"phase":"tests-complete","nonce":"dce958ba19a7ac783170711b77de3235098012c3a50c994f4a11cb085a827fe0","status":"failed","total":1,"completed":1,"failed":1,"skipped":0,"errors":0}
2026-09-19T00:27:28.1375367Z [playwright-wrapper-failure-latched] {"phase":"tests-complete","status":"failed","total":1,"completed":1,"failed":1,"skipped":0,"errors":0}
2026-09-19T00:27:28.5748064Z 
2026-09-19T00:27:28.5748190Z 
2026-09-19T00:27:28.5748332Z 
2026-09-19T00:27:28.5750051Z [album-haven-playwright-result] {"version":1,"phase":"run-final","nonce":"dce958ba19a7ac783170711b77de3235098012c3a50c994f4a11cb085a827fe0","status":"failed","total":1,"completed":1,"failed":1,"skipped":0,"errors":0}
2026-09-19T00:27:28.5752584Z 
2026-09-19T00:27:28.5754020Z   1) [functional] › tests\e2e\specs\albumIdentityConsolidation.spec.js:331:1 › FTC-UTIL-PROBLEMS-007 preserves the selected list during mutation and removes stale identity @area:problematic-files @area:tag-edit 
2026-09-19T00:27:28.5756038Z 
2026-09-19T00:27:28.5756545Z     Error: page.evaluateHandle: Error: Mutation continuity requires a selected Problematic row with a previous survivor.
2026-09-19T00:27:28.5757531Z         at eval (eval at evaluate (:303:30), <anonymous>:7:15)
2026-09-19T00:27:28.5758294Z         at UtilityScript.evaluate (<anonymous>:305:16)
2026-09-19T00:27:28.5758735Z         at UtilityScript.<anonymous> (<anonymous>:1:44)
2026-09-19T00:27:28.5759213Z         at eval (eval at evaluate (:303:30), <anonymous>:7:15)
2026-09-19T00:27:28.5759701Z         at UtilityScript.evaluate (<anonymous>:305:16)
2026-09-19T00:27:28.5760443Z         at UtilityScript.<anonymous> (<anonymous>:1:44)
2026-09-19T00:27:28.5761356Z         at UtilityProblematicFilesActions.prepareSelectedMutationContinuity (D:\a\AlbumHaven\AlbumHaven\tests\e2e\actions\utilityProblematicFilesActions.js:733:75)
2026-09-19T00:27:28.5762213Z         at D:\a\AlbumHaven\AlbumHaven\tests\e2e\specs\albumIdentityConsolidation.spec.js:369:28
2026-09-19T00:27:28.5762737Z         at runStep (D:\a\AlbumHaven\AlbumHaven\tests\e2e\support\baseFixtures.js:146:22)
2026-09-19T00:27:28.5763258Z         at D:\a\AlbumHaven\AlbumHaven\tests\e2e\specs\albumIdentityConsolidation.spec.js:357:3
2026-09-19T00:27:28.5763569Z 
2026-09-19T00:27:28.5764037Z     attachment #1: step-transcript.txt (text/plain) ────────────────────────────────────────────────
2026-09-19T00:27:28.5765044Z     [TEST] FTC-UTIL-PROBLEMS-007 preserves the selected list during mutation and removes stale identity
2026-09-19T00:27:28.5765716Z       [STEP] Prepare the consolidated release year
2026-09-19T00:27:28.5766253Z       [PASS] Prepare the consolidated release year (8926 ms)
2026-09-19T00:27:28.5767077Z       [STEP] Prepare a split release with two numbering problems
2026-09-19T00:27:28.5767587Z       [PASS] Prepare a split release wi...
2026-09-19T00:27:28.5768328Z     ────────────────────────────────────────────────────────────────────────────────────────────────
2026-09-19T00:27:28.5768700Z 
2026-09-19T00:27:28.5769169Z     attachment #3: stacktrace.txt (text/plain) ─────────────────────────────────────────────────────
2026-09-19T00:27:28.5769782Z     Error 1
2026-09-19T00:27:28.5770397Z     Error: page.evaluateHandle: Error: Mutation continuity requires a selected Problematic row with a previous survivor.
2026-09-19T00:27:28.5771192Z         at eval (eval at evaluate (:303:30), <anonymous>:7:15)
2026-09-19T00:27:28.5771683Z         at UtilityScript.evaluate (<anonymous>:305:16)
2026-09-19T00:27:28.5772220Z         at UtilityScript.<anonymous> (<anonymous>:1:44)
2026-09-19T00:27:28.5772649Z         at eval (...
2026-09-19T00:27:28.5773155Z     ────────────────────────────────────────────────────────────────────────────────────────────────
2026-09-19T00:27:28.5773756Z 
2026-09-19T00:27:28.5774205Z     attachment #4: runtime-log.txt (text/plain) ────────────────────────────────────────────────────
2026-09-19T00:27:28.5776716Z     [2026-09-19T00:26:46.790Z] requestfailed/net::ERR_ABORTED: GET http://127.0.0.1:5200/cover?path=D%3A%5Ca%5C_temp%5Calbum-haven-e2e-functional-fixtures-gallery-search-visual%5Cshared%5Cmedia%5C%D0%94%D0%94%D0%A2%5C%D0%98%D0%BD%D0%B0%D1%87%D0%B5%5Ccover.png&size=480&v=process-060998c40200170585b1525cb...
2026-09-19T00:27:28.5778453Z     ────────────────────────────────────────────────────────────────────────────────────────────────
2026-09-19T00:27:28.5778804Z 
2026-09-19T00:27:28.5779583Z     Error Context: ..\..\_temp\functional-output-gallery-search-visual\wave-01-05-playwright-config-js\albumIdentityConsolidation-a7471--and-removes-stale-identity-functional\error-context.md
2026-09-19T00:27:28.5780361Z 
2026-09-19T00:27:28.5780766Z     attachment #7: trace (application/zip) ─────────────────────────────────────────────────────────
2026-09-19T00:27:28.5782662Z     ..\..\_temp\functional-output-gallery-search-visual\wave-01-05-playwright-config-js\albumIdentityConsolidation-a7471--and-removes-stale-identity-functional\trace.zip
2026-09-19T00:27:28.5783840Z     Usage:
2026-09-19T00:27:28.5784027Z 
2026-09-19T00:27:28.5785017Z         npx playwright show-trace ..\..\_temp\functional-output-gallery-search-visual\wave-01-05-playwright-config-js\albumIdentityConsolidation-a7471--and-removes-stale-identity-functional\trace.zip
2026-09-19T00:27:28.5785949Z 
2026-09-19T00:27:28.5786498Z     ────────────────────────────────────────────────────────────────────────────────────────────────
2026-09-19T00:27:28.5786821Z 
2026-09-19T00:27:28.5786924Z   1 failed
2026-09-19T00:27:28.5788383Z     [functional] › tests\e2e\specs\albumIdentityConsolidation.spec.js:331:1 › FTC-UTIL-PROBLEMS-007 preserves the selected list during mutation and removes stale identity @area:problematic-files @area:tag-edit 
2026-09-19T00:27:29.0771274Z 
2026-09-19T00:27:29.0772103Z === Playwright Summary ===
2026-09-19T00:27:29.0773336Z [playwright-wrapper-diagnostic] {"reason":"wrapper-child-lifecycle-mismatch","childExitCode":1,"childExitSignal":null,"childCloseCode":1,"childCloseSignal":null,"processError":null,"stopReason":"none","cleanupOutcome":"completed"}
2026-09-19T00:27:29.0774628Z [31m[x][0m albumIdentityConsolidation.spec
2026-09-19T00:27:29.0775300Z   [31m[x][0m FTC-UTIL-PROBLEMS-007 preserves the selected list during mutation and removes stale identity @area:problematic-files @area:tag-edit
2026-09-19T00:27:29.0775726Z 
2026-09-19T00:27:29.0775848Z Overall: 0/1 passed
2026-09-19T00:27:29.0776096Z Failed tests:
2026-09-19T00:27:29.0776737Z - albumIdentityConsolidation.spec > FTC-UTIL-PROBLEMS-007 preserves the selected list during mutation and removes stale identity @area:problematic-files @area:tag-edit
2026-09-19T00:27:33.4771074Z [playwright-wrapper-final-decision] {"wrapperExitCode":1,"attemptReturn":{"exitCode":1,"exitReason":"wrapper-child-lifecycle-mismatch"},"fakeDatabaseCleanup":{"status":"completed","error":null,"mode":"lock-only"},"scanAppCleanup":{"status":"not-required","error":null},"isolatedAppCleanup":{"status":"completed","error":null},"tempCleanup":{"status":"completed","error":null,"removedCount":1},"passivePortDiagnostics":[{"port":5200,"status":"completed","error":null,"ownerCount":0},{"port":5202,"status":"completed","error":null,"ownerCount":0}],"finalSummary":{"phase":"run-final","status":"failed","total":1,"completed":1,"failed":1,"skipped":0,"errors":0,"listOnly":false},"exitReason":"wrapper-child-lifecycle-mismatch"}
2026-09-19T00:27:34.9335387Z {"restored":16,"removed":0,"unchanged":1481}
2026-09-19T00:27:50.8406411Z Album Haven production E2E app listening on http://127.0.0.1:5200 with 0 artists, 0 albums, 0 tracks, and provider fixtures on http://127.0.0.1:5202
2026-09-19T00:27:51.9413985Z 2026-09-19 00:27:51,939 [INFO] music_app: Startup scan-cache hydration completed files=7200 albums=400
2026-09-19T00:27:51.9414963Z 2026-09-19 00:27:51,940 [INFO] music_app: Legacy album exclusions migrated albums=1 removed_rules=18 created_rules=1
2026-09-19T00:27:52.3036508Z 2026-09-19 00:27:52,301 [INFO] music_app: Relation projection startup readiness ready=true rebuilt=true reason=missing_projection builder_version=local-relation-builder-v9 source_row_count=7438 duration_ms=329.68 source_load=93.64 fingerprint=45.51 pure_build=92.64 family_link_replacement=6.11 snapshot_publication=1.48
2026-09-19T00:27:53.1820877Z 2026-09-19 00:27:53,181 [INFO] music_app: {"action": "Index request completed", "album_count": 0, "artist_count": 0, "bootstrap_mode": "fresh_preview", "covers_in_progress": false, "elapsed_ms": 322.22, "hydrate_in_progress": false, "payload_elapsed_ms": 149.05, "query": "", "scan_in_progress": false, "selected_artist": ""}
2026-09-19T00:28:13.5389038Z 
2026-09-19T00:28:13.5389948Z Running 1 test using 1 worker
2026-09-19T00:28:13.5413695Z 
2026-09-19T00:28:18.5718917Z 2026-09-19 00:28:18,570 [INFO] music_app: {"action": "Index request completed", "album_count": 0, "artist_count": 0, "bootstrap_mode": "fresh_preview", "covers_in_progress": false, "elapsed_ms": 220.69, "hydrate_in_progress": false, "payload_elapsed_ms": 111.02, "query": "", "scan_in_progress": false, "selected_artist": ""}
2026-09-19T00:28:20.3940632Z [TEST] FTC-ALBUM-DETAILS-006 preserves mixed credits through an optimistic album-only split
2026-09-19T00:28:20.3964700Z   [STEP] Stage one album-only split through the visible Edit Tags controls
2026-09-19T00:28:20.6870378Z 2026-09-19 00:28:20,685 [INFO] music_app: {"action": "Index request completed", "album_count": 0, "artist_count": 0, "bootstrap_mode": "fresh_preview", "covers_in_progress": false, "elapsed_ms": 194.91, "hydrate_in_progress": false, "payload_elapsed_ms": 103.23, "query": "", "scan_in_progress": false, "selected_artist": ""}
2026-09-19T00:28:23.1280477Z 2026-09-19 00:28:23,104 [INFO] music_app: {"action": "Postgres album search request started", "query": "Featured Signal Collection"}
2026-09-19T00:28:23.2456727Z 2026-09-19 00:28:23,229 [INFO] music_app: {"action": "View data request completed", "album_count": 1, "artist_count": 1, "elapsed_ms": 126.03, "query": "Featured Signal Collection", "selected_artist": "Various Artists"}
2026-09-19T00:28:24.1091601Z   [PASS] Stage one album-only split through the visible Edit Tags controls (3710 ms)
2026-09-19T00:28:24.1093215Z   [STEP] Keep source and destination server-owned credits before save completion
2026-09-19T00:28:25.2717836Z 2026-09-19 00:28:25,269 [INFO] music_app: {"action": "Tags edited", "album": "Featured Signal Collection", "artist": "Various Artists", "file_count": 1, "files": ["D:\\a\\_temp\\album-haven-e2e-functional-fixtures-gallery-search-visual\\shared\\media\\Various Artists\\Featured Signal Collection\\01 - Credit Signal 1.mp3"]}
2026-09-19T00:28:26.6819243Z   [PASS] Keep source and destination server-owned credits before save completion (2576 ms)
2026-09-19T00:28:26.6820978Z   [STEP] Retain the same credits after authoritative save completion
2026-09-19T00:28:26.9419886Z 2026-09-19 00:28:26,941 [INFO] music_app: {"action": "Index request completed", "album_count": 0, "artist_count": 0, "bootstrap_mode": "full_view", "covers_in_progress": false, "elapsed_ms": 144.52, "hydrate_in_progress": false, "payload_elapsed_ms": 105.72, "query": "Featured Signal Collection", "scan_in_progress": false, "selected_artist": "Various Artists"}
2026-09-19T00:28:28.3260378Z   [PASS] Retain the same credits after authoritative save completion (1644 ms)
2026-09-19T00:28:29.5581279Z 2026-09-19 00:28:29,556 [INFO] music_app: {"action": "Tags edited", "album": "Featured Signal Collection Split Credit", "artist": "Solo Voice", "file_count": 1, "files": ["D:\\a\\_temp\\album-haven-e2e-functional-fixtures-gallery-search-visual\\shared\\media\\Various Artists\\Featured Signal Collection\\01 - Credit Signal 1.mp3"]}
2026-09-19T00:28:30.0210211Z   ok 1 [functional] › tests\e2e\specs\albumTrackCredits.spec.js:132:1 › FTC-ALBUM-DETAILS-006 preserves mixed credits through an optimistic album-only split @area:album-details (9.8s)
2026-09-19T00:28:30.0212894Z [album-haven-playwright-result] {"version":1,"phase":"tests-complete","nonce":"20b6e4b84eb9db2e22b37af2b4b87978541fef9427a6ab12c09eacf478dc0a57","status":"passed","total":1,"completed":1,"failed":0,"skipped":0,"errors":0}
2026-09-19T00:28:30.6312572Z 
2026-09-19T00:28:30.6312616Z 
2026-09-19T00:28:30.6312632Z 
2026-09-19T00:28:30.6314593Z [album-haven-playwright-result] {"version":1,"phase":"run-final","nonce":"20b6e4b84eb9db2e22b37af2b4b87978541fef9427a6ab12c09eacf478dc0a57","status":"passed","total":1,"completed":1,"failed":0,"skipped":0,"errors":0}
2026-09-19T00:28:30.6315573Z   1 passed (17.7s)
2026-09-19T00:28:30.9525858Z 
2026-09-19T00:28:30.9526751Z === Playwright Summary ===
2026-09-19T00:28:30.9527657Z [[32m✓[0m] albumTrackCredits.spec
2026-09-19T00:28:30.9528503Z   [[32m✓[0m] FTC-ALBUM-DETAILS-006 preserves mixed credits through an optimistic album-only split @area:album-details
2026-09-19T00:28:30.9529032Z 
2026-09-19T00:28:30.9529207Z Overall: 1/1 passed
2026-09-19T00:28:35.3313716Z [playwright-wrapper-final-decision] {"wrapperExitCode":0,"attemptReturn":{"exitCode":0,"exitReason":"authoritative-pass"},"fakeDatabaseCleanup":{"status":"completed","error":null,"mode":"lock-only"},"scanAppCleanup":{"status":"not-required","error":null},"isolatedAppCleanup":{"status":"completed","error":null},"tempCleanup":{"status":"completed","error":null,"removedCount":1},"passivePortDiagnostics":[{"port":5200,"status":"completed","error":null,"ownerCount":0},{"port":5202,"status":"completed","error":null,"ownerCount":0}],"finalSummary":{"phase":"run-final","status":"passed","total":1,"completed":1,"failed":0,"skipped":0,"errors":0,"listOnly":false},"exitReason":"authoritative-pass"}
2026-09-19T00:28:36.7893339Z {"restored":1,"removed":0,"unchanged":1496}
2026-09-19T00:28:56.3711632Z Album Haven production E2E app listening on http://127.0.0.1:5200 with 0 artists, 0 albums, 0 tracks, and provider fixtures on http://127.0.0.1:5202
2026-09-19T00:28:57.3559567Z 2026-09-19 00:28:57,353 [INFO] music_app: Startup scan-cache hydration completed files=7200 albums=400
2026-09-19T00:28:57.3560456Z 2026-09-19 00:28:57,353 [INFO] music_app: Legacy album exclusions migrated albums=1 removed_rules=18 created_rules=1
2026-09-19T00:28:57.9143502Z 2026-09-19 00:28:57,912 [INFO] music_app: Relation projection startup readiness ready=true rebuilt=true reason=missing_projection builder_version=local-relation-builder-v9 source_row_count=7438 duration_ms=527.06 source_load=95.21 fingerprint=47.22 pure_build=95.65 family_link_replacement=6.77 snapshot_publication=1.73
2026-09-19T00:28:59.1714772Z 2026-09-19 00:28:59,169 [INFO] music_app: {"action": "Index request completed", "album_count": 0, "artist_count": 0, "bootstrap_mode": "fresh_preview", "covers_in_progress": false, "elapsed_ms": 316.16, "hydrate_in_progress": false, "payload_elapsed_ms": 139.19, "query": "", "scan_in_progress": false, "selected_artist": ""}
2026-09-19T00:29:20.7700738Z 
2026-09-19T00:29:20.7701278Z Running 1 test using 1 worker
2026-09-19T00:29:20.7722359Z 
2026-09-19T00:29:23.2956411Z 2026-09-19 00:29:23,293 [INFO] music_app: {"action": "Index request completed", "album_count": 0, "artist_count": 0, "bootstrap_mode": "fresh_preview", "covers_in_progress": false, "elapsed_ms": 199.91, "hydrate_in_progress": false, "payload_elapsed_ms": 107.84, "query": "", "scan_in_progress": false, "selected_artist": ""}
2026-09-19T00:29:25.2633455Z [TEST] FTC-PLAYER-012 reopens a Various Artists album from player artwork after playing a credited track
2026-09-19T00:29:25.2643245Z   [STEP] Start the Solo Voice track from the generated Various Artists album
2026-09-19T00:29:25.5798715Z 2026-09-19 00:29:25,579 [INFO] music_app: {"action": "Index request completed", "album_count": 0, "artist_count": 0, "bootstrap_mode": "fresh_preview", "covers_in_progress": false, "elapsed_ms": 204.25, "hydrate_in_progress": false, "payload_elapsed_ms": 112.06, "query": "", "scan_in_progress": false, "selected_artist": ""}
2026-09-19T00:29:27.7708383Z 2026-09-19 00:29:27,717 [INFO] music_app: {"action": "Postgres album search request started", "query": "Featured Signal Collection"}
2026-09-19T00:29:27.8727030Z 2026-09-19 00:29:27,829 [INFO] music_app: {"action": "View data request completed", "album_count": 1, "artist_count": 1, "elapsed_ms": 111.41, "query": "Featured Signal Collection", "selected_artist": "Various Artists"}
2026-09-19T00:29:29.0372746Z   [PASS] Start the Solo Voice track from the generated Various Artists album (3766 ms)
2026-09-19T00:29:29.0373899Z   [STEP] Close album details and reopen the same Various Artists album from player artwork
2026-09-19T00:29:29.5275248Z   [PASS] Close album details and reopen the same Various Artists album from player artwork (484 ms)
2026-09-19T00:29:29.5808929Z   ok 1 [functional] › tests\e2e\specs\albumTrackCredits.spec.js:219:1 › FTC-PLAYER-012 reopens a Various Artists album from player artwork after playing a credited track @area:playback (4.5s)
2026-09-19T00:29:29.5824540Z [album-haven-playwright-result] {"version":1,"phase":"tests-complete","nonce":"b4a4a371855ba542ff471cce5b73386b624fc4574ea358eaac6e23a878711eb0","status":"passed","total":1,"completed":1,"failed":0,"skipped":0,"errors":0}
2026-09-19T00:29:30.0884448Z 
2026-09-19T00:29:30.0884461Z 
2026-09-19T00:29:30.0884465Z 
2026-09-19T00:29:30.0885542Z [album-haven-playwright-result] {"version":1,"phase":"run-final","nonce":"b4a4a371855ba542ff471cce5b73386b624fc4574ea358eaac6e23a878711eb0","status":"passed","total":1,"completed":1,"failed":0,"skipped":0,"errors":0}
2026-09-19T00:29:30.0886261Z   1 passed (9.9s)
2026-09-19T00:29:30.6242938Z 
2026-09-19T00:29:30.6243465Z === Playwright Summary ===
2026-09-19T00:29:30.6244155Z [[32m✓[0m] albumTrackCredits.spec
2026-09-19T00:29:30.6244753Z   [[32m✓[0m] FTC-PLAYER-012 reopens a Various Artists album from player artwork after playing a credited track @area:playback
2026-09-19T00:29:30.6245158Z 
2026-09-19T00:29:30.6245281Z Overall: 1/1 passed
2026-09-19T00:29:35.0480177Z [playwright-wrapper-final-decision] {"wrapperExitCode":0,"attemptReturn":{"exitCode":0,"exitReason":"authoritative-pass"},"fakeDatabaseCleanup":{"status":"completed","error":null,"mode":"lock-only"},"scanAppCleanup":{"status":"not-required","error":null},"isolatedAppCleanup":{"status":"completed","error":null},"tempCleanup":{"status":"completed","error":null,"removedCount":1},"passivePortDiagnostics":[{"port":5200,"status":"completed","error":null,"ownerCount":0},{"port":5202,"status":"completed","error":null,"ownerCount":0}],"finalSummary":{"phase":"run-final","status":"passed","total":1,"completed":1,"failed":0,"skipped":0,"errors":0,"listOnly":false},"exitReason":"authoritative-pass"}
2026-09-19T00:29:36.5257670Z {"restored":0,"removed":0,"unchanged":1497}
2026-09-19T00:29:53.3084989Z Album Haven production E2E app listening on http://127.0.0.1:5200 with 0 artists, 0 albums, 0 tracks, and provider fixtures on http://127.0.0.1:5202
2026-09-19T00:29:54.5921101Z 2026-09-19 00:29:54,590 [INFO] music_app: Startup scan-cache hydration completed files=7200 albums=400
2026-09-19T00:29:54.5923665Z 2026-09-19 00:29:54,590 [INFO] music_app: Legacy album exclusions migrated albums=1 removed_rules=18 created_rules=1
2026-09-19T00:29:54.9452858Z 2026-09-19 00:29:54,943 [INFO] music_app: Relation projection startup readiness ready=true rebuilt=true reason=missing_projection builder_version=local-relation-builder-v9 source_row_count=7438 duration_ms=324.49 source_load=96.56 fingerprint=48.37 pure_build=93.97 family_link_replacement=5.92 snapshot_publication=1.38
2026-09-19T00:29:56.2803453Z 2026-09-19 00:29:56,277 [INFO] music_app: {"action": "Index request completed", "album_count": 0, "artist_count": 0, "bootstrap_mode": "fresh_preview", "covers_in_progress": false, "elapsed_ms": 309.81, "hydrate_in_progress": false, "payload_elapsed_ms": 132.59, "query": "", "scan_in_progress": false, "selected_artist": ""}
2026-09-19T00:30:17.3233548Z 
2026-09-19T00:30:17.3234431Z Running 1 test using 1 worker
2026-09-19T00:30:17.3257036Z 
2026-09-19T00:30:20.7377523Z 2026-09-19 00:30:20,736 [INFO] music_app: {"action": "Index request completed", "album_count": 0, "artist_count": 0, "bootstrap_mode": "fresh_preview", "covers_in_progress": false, "elapsed_ms": 207.36, "hydrate_in_progress": false, "payload_elapsed_ms": 112.74, "query": "", "scan_in_progress": false, "selected_artist": ""}
2026-09-19T00:30:22.8343332Z [TEST] FTC-TAGS-015 preserves the surrounding DDT gallery through five Ремиксы rerenders
2026-09-19T00:30:22.8489505Z   [STEP] Open the ten-track Ремиксы fixture among the surrounding DDT album cards
2026-09-19T00:30:23.3519284Z 2026-09-19 00:30:23,350 [INFO] music_app: {"action": "Index request completed", "album_count": 0, "artist_count": 0, "bootstrap_mode": "fresh_preview", "covers_in_progress": false, "elapsed_ms": 394.85, "hydrate_in_progress": false, "payload_elapsed_ms": 223.91, "query": "", "scan_in_progress": false, "selected_artist": "\u0414\u0414\u0422"}
2026-09-19T00:30:28.8009698Z   [PASS] Open the ten-track Ремиксы fixture among the surrounding DDT album cards (5950 ms)
2026-09-19T00:30:28.8012191Z   [STEP] Move 07. Милиционер в рок-клубе.mp3 to Ремиксы6 and verify both live cards
2026-09-19T00:30:29.9710031Z 2026-09-19 00:30:29,961 [INFO] music_app: {"action": "Tags edited", "album": "\u0420\u0435\u043c\u0438\u043a\u0441\u044b", "artist": "\u0414\u0414\u0422", "file_count": 1, "files": ["D:\\a\\_temp\\album-haven-e2e-functional-fixtures-gallery-search-visual\\shared\\media\\\u0414\u0414\u0422\\\u0420\u0435\u043c\u0438\u043a\u0441\u044b\\07. \u041c\u0438\u043b\u0438\u0446\u0438\u043e\u043d\u0435\u0440 \u0432 \u0440\u043e\u043a-\u043a\u043b\u0443\u0431\u0435.mp3"]}
2026-09-19T00:30:33.3298853Z   [PASS] Move 07. Милиционер в рок-клубе.mp3 to Ремиксы6 and verify both live cards (4531 ms)
2026-09-19T00:30:33.3299572Z   [STEP] Move 06. В последнюю осень.mp3 to Ремиксы6 and verify both live cards
2026-09-19T00:30:34.9376811Z 2026-09-19 00:30:34,936 [INFO] music_app: {"action": "Tags edited", "album": "\u0420\u0435\u043c\u0438\u043a\u0441\u044b", "artist": "\u0414\u0414\u0422", "file_count": 1, "files": ["D:\\a\\_temp\\album-haven-e2e-functional-fixtures-gallery-search-visual\\shared\\media\\\u0414\u0414\u0422\\\u0420\u0435\u043c\u0438\u043a\u0441\u044b\\06. \u0412 \u043f\u043e\u0441\u043b\u0435\u0434\u043d\u044e\u044e \u043e\u0441\u0435\u043d\u044c.mp3"]}
2026-09-19T00:30:37.5406064Z   [PASS] Move 06. В последнюю осень.mp3 to Ремиксы6 and verify both live cards (4209 ms)
2026-09-19T00:30:37.5411404Z   [STEP] Move 03. Конвейер.mp3 to Ремиксы6 and verify both live cards
2026-09-19T00:30:38.8181687Z 2026-09-19 00:30:38,815 [INFO] music_app: {"action": "Tags edited", "album": "\u0420\u0435\u043c\u0438\u043a\u0441\u044b", "artist": "\u0414\u0414\u0422", "file_count": 1, "files": ["D:\\a\\_temp\\album-haven-e2e-functional-fixtures-gallery-search-visual\\shared\\media\\\u0414\u0414\u0422\\\u0420\u0435\u043c\u0438\u043a\u0441\u044b\\03. \u041a\u043e\u043d\u0432\u0435\u0439\u0435\u0440.mp3"]}
2026-09-19T00:30:41.3672034Z   [PASS] Move 03. Конвейер.mp3 to Ремиксы6 and verify both live cards (3828 ms)
2026-09-19T00:30:41.3673069Z   [STEP] Move 09. Мальчик слепой.mp3 to Ремиксы6 and verify both live cards
2026-09-19T00:30:43.4358506Z 2026-09-19 00:30:43,434 [INFO] music_app: {"action": "Tags edited", "album": "\u0420\u0435\u043c\u0438\u043a\u0441\u044b", "artist": "\u0414\u0414\u0422", "file_count": 1, "files": ["D:\\a\\_temp\\album-haven-e2e-functional-fixtures-gallery-search-visual\\shared\\media\\\u0414\u0414\u0422\\\u0420\u0435\u043c\u0438\u043a\u0441\u044b\\09. \u041c\u0430\u043b\u044c\u0447\u0438\u043a \u0441\u043b\u0435\u043f\u043e\u0439.mp3"]}
2026-09-19T00:30:46.1456952Z   [PASS] Move 09. Мальчик слепой.mp3 to Ремиксы6 and verify both live cards (4746 ms)
2026-09-19T00:30:46.1477340Z   [STEP] Move 08. Революция.mp3 to Ремиксы6 and verify both live cards
2026-09-19T00:30:48.3361611Z 2026-09-19 00:30:48,335 [INFO] music_app: {"action": "Tags edited", "album": "\u0420\u0435\u043c\u0438\u043a\u0441\u044b", "artist": "\u0414\u0414\u0422", "file_count": 1, "files": ["D:\\a\\_temp\\album-haven-e2e-functional-fixtures-gallery-search-visual\\shared\\media\\\u0414\u0414\u0422\\\u0420\u0435\u043c\u0438\u043a\u0441\u044b\\08. \u0420\u0435\u0432\u043e\u043b\u044e\u0446\u0438\u044f.mp3"]}
2026-09-19T00:30:51.5530184Z   [PASS] Move 08. Революция.mp3 to Ремиксы6 and verify both live cards (5440 ms)
2026-09-19T00:30:51.5531714Z   [STEP] Restore all five tracks in one merge and retain every unrelated DDT card
2026-09-19T00:30:53.3053873Z 2026-09-19 00:30:53,303 [INFO] music_app: {"action": "Tags edited", "album": "\u0420\u0435\u043c\u0438\u043a\u0441\u044b6", "artist": "\u0414\u0414\u0422", "file_count": 5, "files": ["D:\\a\\_temp\\album-haven-e2e-functional-fixtures-gallery-search-visual\\shared\\media\\\u0414\u0414\u0422\\\u0420\u0435\u043c\u0438\u043a\u0441\u044b\\03. \u041a\u043e\u043d\u0432\u0435\u0439\u0435\u0440.mp3", "D:\\a\\_temp\\album-haven-e2e-functional-fixtures-gallery-search-visual\\shared\\media\\\u0414\u0414\u0422\\\u0420\u0435\u043c\u0438\u043a\u0441\u044b\\06. \u0412 \u043f\u043e\u0441\u043b\u0435\u0434\u043d\u044e\u044e \u043e\u0441\u0435\u043d\u044c.mp3", "D:\\a\\_temp\\album-haven-e2e-functional-fixtures-gallery-search-visual\\shared\\media\\\u0414\u0414\u0422\\\u0420\u0435\u043c\u0438\u043a\u0441\u044b\\07. \u041c\u0438\u043b\u0438\u0446\u0438\u043e\u043d\u0435\u0440 \u0432 \u0440\u043e\u043a-\u043a\u043b\u0443\u0431\u0435.mp3", "D:\\a\\_temp\\album-haven-e2e-functional-fixtures-gallery-search-visual\\shared\\media\\\u0414\u0414\u0422\\\u0420\u0435\u043c\u0438\u043a\u0441\u044b\\08. \u0420\u0435\u0432\u043e\u043b\u044e\u0446\u0438\u044f.mp3", "D:\\a\\_temp\\album-haven-e2e-functional-fixtures-gallery-search-visual\\shared\\media\\\u0414\u0414\u0422\\\u0420\u0435\u043c\u0438\u043a\u0441\u044b\\09. \u041c\u0430\u043b\u044c\u0447\u0438\u043a \u0441\u043b\u0435\u043f\u043e\u0439.mp3"]}
2026-09-19T00:30:55.0843009Z   [PASS] Restore all five tracks in one merge and retain every unrelated DDT card (3531 ms)
2026-09-19T00:30:55.0844434Z   [STEP] Verify physical tags and a fresh-browser ten-track view
2026-09-19T00:30:55.9452381Z 2026-09-19 00:30:55,944 [INFO] music_app: {"action": "Index request completed", "album_count": 0, "artist_count": 0, "bootstrap_mode": "fresh_preview", "covers_in_progress": false, "elapsed_ms": 525.58, "hydrate_in_progress": false, "payload_elapsed_ms": 317.93, "query": "", "scan_in_progress": false, "selected_artist": "\u0414\u0414\u0422"}
2026-09-19T00:30:59.3295562Z   [PASS] Verify physical tags and a fresh-browser ten-track view (4245 ms)
2026-09-19T00:30:59.4221543Z   ok 1 [functional] › tests\e2e\specs\ddtRemixesRenderer.spec.js:30:1 › FTC-TAGS-015 preserves the surrounding DDT gallery through five Ремиксы rerenders @area:tag-edit (36.8s)
2026-09-19T00:30:59.4227574Z [album-haven-playwright-result] {"version":1,"phase":"tests-complete","nonce":"ca2fc242856b6b05340c79b9fb20996822741fd59f4c71f2a3490525076aa051","status":"passed","total":1,"completed":1,"failed":0,"skipped":0,"errors":0}
2026-09-19T00:30:59.9618442Z 
2026-09-19T00:30:59.9618455Z 
2026-09-19T00:30:59.9618460Z 
2026-09-19T00:30:59.9620389Z [album-haven-playwright-result] {"version":1,"phase":"run-final","nonce":"ca2fc242856b6b05340c79b9fb20996822741fd59f4c71f2a3490525076aa051","status":"passed","total":1,"completed":1,"failed":0,"skipped":0,"errors":0}
2026-09-19T00:30:59.9621488Z   1 passed (43.3s)
2026-09-19T00:31:00.3942126Z 
2026-09-19T00:31:00.3942713Z === Playwright Summary ===
2026-09-19T00:31:00.3943410Z [[32m✓[0m] ddtRemixesRenderer.spec
2026-09-19T00:31:00.3944032Z   [[32m✓[0m] FTC-TAGS-015 preserves the surrounding DDT gallery through five Ремиксы rerenders @area:tag-edit
2026-09-19T00:31:00.3944383Z 
2026-09-19T00:31:00.3944514Z Overall: 1/1 passed
2026-09-19T00:31:05.0812594Z [playwright-wrapper-final-decision] {"wrapperExitCode":0,"attemptReturn":{"exitCode":0,"exitReason":"authoritative-pass"},"fakeDatabaseCleanup":{"status":"completed","error":null,"mode":"lock-only"},"scanAppCleanup":{"status":"not-required","error":null},"isolatedAppCleanup":{"status":"completed","error":null},"tempCleanup":{"status":"completed","error":null,"removedCount":1},"passivePortDiagnostics":[{"port":5200,"status":"completed","error":null,"ownerCount":0},{"port":5202,"status":"completed","error":null,"ownerCount":0}],"finalSummary":{"phase":"run-final","status":"passed","total":1,"completed":1,"failed":0,"skipped":0,"errors":0,"listOnly":false},"exitReason":"authoritative-pass"}
2026-09-19T00:31:06.5142225Z {"restored":5,"removed":0,"unchanged":1492}
2026-09-19T00:31:22.9049975Z Album Haven production E2E app listening on http://127.0.0.1:5200 with 0 artists, 0 albums, 0 tracks, and provider fixtures on http://127.0.0.1:5202
2026-09-19T00:31:23.9740568Z 2026-09-19 00:31:23,971 [INFO] music_app: Startup scan-cache hydration completed files=7200 albums=400
2026-09-19T00:31:23.9741679Z 2026-09-19 00:31:23,971 [INFO] music_app: Legacy album exclusions migrated albums=1 removed_rules=18 created_rules=1
2026-09-19T00:31:24.3231261Z 2026-09-19 00:31:24,322 [INFO] music_app: Relation projection startup readiness ready=true rebuilt=true reason=missing_projection builder_version=local-relation-builder-v9 source_row_count=7438 duration_ms=320.09 source_load=94.25 fingerprint=46.57 pure_build=91.74 family_link_replacement=5.82 snapshot_publication=1.40
2026-09-19T00:31:25.5687177Z 2026-09-19 00:31:25,567 [INFO] music_app: {"action": "Index request completed", "album_count": 0, "artist_count": 0, "bootstrap_mode": "fresh_preview", "covers_in_progress": false, "elapsed_ms": 423.84, "hydrate_in_progress": false, "payload_elapsed_ms": 246.21, "query": "", "scan_in_progress": false, "selected_artist": ""}
2026-09-19T00:31:47.8987282Z 
2026-09-19T00:31:47.8987912Z Running 1 test using 1 worker
2026-09-19T00:31:47.9008588Z 
2026-09-19T00:31:51.0647010Z 2026-09-19 00:31:51,063 [INFO] music_app: {"action": "Index request completed", "album_count": 0, "artist_count": 0, "bootstrap_mode": "fresh_preview", "covers_in_progress": false, "elapsed_ms": 198.05, "hydrate_in_progress": false, "payload_elapsed_ms": 102.22, "query": "", "scan_in_progress": false, "selected_artist": ""}
2026-09-19T00:31:53.1955770Z [TEST] FTC-PLAYER-010 keeps player artwork decoded and limits its full-art view to the active album
2026-09-19T00:31:53.1957215Z   [STEP] Open the known Joseph release and start playback through its real track control
2026-09-19T00:31:53.4940210Z 2026-09-19 00:31:53,492 [INFO] music_app: {"action": "Index request completed", "album_count": 0, "artist_count": 0, "bootstrap_mode": "fresh_preview", "covers_in_progress": false, "elapsed_ms": 199.56, "hydrate_in_progress": false, "payload_elapsed_ms": 95.71, "query": "", "scan_in_progress": false, "selected_artist": ""}
2026-09-19T00:31:55.6780442Z 2026-09-19 00:31:55,615 [INFO] music_app: {"action": "Postgres album search request started", "query": "Joseph"}
2026-09-19T00:31:55.7284004Z 2026-09-19 00:31:55,726 [INFO] music_app: {"action": "View data request completed", "album_count": 41, "artist_count": 5, "elapsed_ms": 111.6, "query": "Joseph", "selected_artist": "Neal Morse"}
2026-09-19T00:31:57.7367718Z   [PASS] Open the known Joseph release and start playback through its real track control (4464 ms)
2026-09-19T00:31:57.7395286Z   [STEP] Verify the player cover decoded from the same production album artwork
2026-09-19T00:31:57.7419586Z   [PASS] Verify the player cover decoded from the same production album artwork (64 ms)
2026-09-19T00:31:57.7440699Z   [STEP] Restore the multi-album artist gallery before opening the player artwork
2026-09-19T00:31:59.2214001Z   [PASS] Restore the multi-album artist gallery before opening the player artwork (1412 ms)
2026-09-19T00:31:59.2226529Z   [STEP] Keep full-gallery navigation when the album is opened through the ordinary gallery
2026-09-19T00:32:00.5251595Z   [PASS] Keep full-gallery navigation when the album is opened through the ordinary gallery (1385 ms)
2026-09-19T00:32:00.5256685Z   [STEP] Open the player album and show only its cover in the full-art view
2026-09-19T00:32:01.8679915Z   [PASS] Open the player album and show only its cover in the full-art view (1300 ms)
2026-09-19T00:32:01.9396776Z   ok 1 [functional] › tests\e2e\specs\galleryCoverStability.spec.js:234:1 › FTC-PLAYER-010 keeps player artwork decoded and limits its full-art view to the active album @area:playback (8.9s)
2026-09-19T00:32:01.9401068Z [album-haven-playwright-result] {"version":1,"phase":"tests-complete","nonce":"90c91fd49760bf66b8c0c004cc5d876e347d201ce9321e03389e57982a1ebcd4","status":"passed","total":1,"completed":1,"failed":0,"skipped":0,"errors":0}
2026-09-19T00:32:01.9403096Z 
2026-09-19T00:32:02.5209888Z 
2026-09-19T00:32:02.5209904Z 
2026-09-19T00:32:02.5210889Z [album-haven-playwright-result] {"version":1,"phase":"run-final","nonce":"90c91fd49760bf66b8c0c004cc5d876e347d201ce9321e03389e57982a1ebcd4","status":"passed","total":1,"completed":1,"failed":0,"skipped":0,"errors":0}
2026-09-19T00:32:02.5211635Z   1 passed (15.2s)
2026-09-19T00:32:03.1094785Z 
2026-09-19T00:32:03.1095347Z === Playwright Summary ===
2026-09-19T00:32:03.1095956Z [[32m✓[0m] galleryCoverStability.spec
2026-09-19T00:32:03.1096532Z   [[32m✓[0m] FTC-PLAYER-010 keeps player artwork decoded and limits its full-art view to the active album @area:playback
2026-09-19T00:32:03.1096877Z 
2026-09-19T00:32:03.1096989Z Overall: 1/1 passed
2026-09-19T00:32:07.7368942Z [playwright-wrapper-final-decision] {"wrapperExitCode":0,"attemptReturn":{"exitCode":0,"exitReason":"authoritative-pass"},"fakeDatabaseCleanup":{"status":"completed","error":null,"mode":"lock-only"},"scanAppCleanup":{"status":"not-required","error":null},"isolatedAppCleanup":{"status":"completed","error":null},"tempCleanup":{"status":"completed","error":null,"removedCount":1},"passivePortDiagnostics":[{"port":5200,"status":"completed","error":null,"ownerCount":0},{"port":5202,"status":"completed","error":null,"ownerCount":0}],"finalSummary":{"phase":"run-final","status":"passed","total":1,"completed":1,"failed":0,"skipped":0,"errors":0,"listOnly":false},"exitReason":"authoritative-pass"}
2026-09-19T00:32:09.1930604Z {"restored":0,"removed":0,"unchanged":1497}
2026-09-19T00:32:27.6097262Z Album Haven production E2E app listening on http://127.0.0.1:5200 with 0 artists, 0 albums, 0 tracks, and provider fixtures on http://127.0.0.1:5202
2026-09-19T00:32:28.6003641Z 2026-09-19 00:32:28,599 [INFO] music_app: Startup scan-cache hydration completed files=7200 albums=400
2026-09-19T00:32:28.6005529Z 2026-09-19 00:32:28,599 [INFO] music_app: Legacy album exclusions migrated albums=1 removed_rules=18 created_rules=1
2026-09-19T00:32:28.9453046Z 2026-09-19 00:32:28,943 [INFO] music_app: Relation projection startup readiness ready=true rebuilt=true reason=missing_projection builder_version=local-relation-builder-v9 source_row_count=7438 duration_ms=318.05 source_load=92.07 fingerprint=47.70 pure_build=92.48 family_link_replacement=6.18 snapshot_publication=1.50
2026-09-19T00:32:29.9331100Z 2026-09-19 00:32:29,930 [INFO] music_app: {"action": "Index request completed", "album_count": 0, "artist_count": 0, "bootstrap_mode": "fresh_preview", "covers_in_progress": false, "elapsed_ms": 326.32, "hydrate_in_progress": false, "payload_elapsed_ms": 143.46, "query": "", "scan_in_progress": false, "selected_artist": ""}
2026-09-19T00:32:50.7125046Z 
2026-09-19T00:32:50.7125967Z Running 1 test using 1 worker
2026-09-19T00:32:50.7148022Z 
2026-09-19T00:32:54.5201806Z 2026-09-19 00:32:54,519 [INFO] music_app: {"action": "Index request completed", "album_count": 0, "artist_count": 0, "bootstrap_mode": "fresh_preview", "covers_in_progress": false, "elapsed_ms": 206.62, "hydrate_in_progress": false, "payload_elapsed_ms": 106.71, "query": "", "scan_in_progress": false, "selected_artist": ""}
2026-09-19T00:32:56.6226157Z [TEST] FTC-GALLERY-031 preserves startup totals, search suggestions, covers and hover-year interactions
2026-09-19T00:32:56.6229842Z   [STEP] Server first paint shows known totals before any JavaScript hydration
2026-09-19T00:32:56.9390378Z 2026-09-19 00:32:56,937 [INFO] music_app: {"action": "Index request completed", "album_count": 0, "artist_count": 0, "bootstrap_mode": "fresh_preview", "covers_in_progress": false, "elapsed_ms": 206.11, "hydrate_in_progress": false, "payload_elapsed_ms": 108.23, "query": "", "scan_in_progress": false, "selected_artist": ""}
2026-09-19T00:32:57.9821835Z   [PASS] Server first paint shows known totals before any JavaScript hydration (1362 ms)
2026-09-19T00:32:58.8733632Z   [STEP] Artist Family is hidden at *** and closes when returning from a selected artist
2026-09-19T00:33:00.5561251Z   [PASS] Artist Family is hidden at *** and closes when returning from a selected artist (1683 ms)
2026-09-19T00:33:00.5562318Z   [STEP] A search paints usable covers without switching artists
2026-09-19T00:33:00.8015320Z 2026-09-19 00:33:00,796 [INFO] music_app: {"action": "Postgres album search request started", "query": "Neal Morse"}
2026-09-19T00:33:00.9650555Z 2026-09-19 00:33:00,954 [INFO] music_app: {"action": "View data request completed", "album_count": 50, "artist_count": 5, "elapsed_ms": 157.96, "query": "Neal Morse", "selected_artist": "Neal Morse"}
2026-09-19T00:33:01.2806114Z   [PASS] A search paints usable covers without switching artists (725 ms)
2026-09-19T00:33:01.2806768Z   [STEP] Search history opens by click and after clearing, with a flat neutral hover
2026-09-19T00:33:01.8103709Z 2026-09-19 00:33:01,806 [INFO] music_app: {"action": "Postgres album search request started", "query": "Neal Morse"}
2026-09-19T00:33:01.9605867Z 2026-09-19 00:33:01,959 [INFO] music_app: {"action": "View data request completed", "album_count": 50, "artist_count": 5, "elapsed_ms": 152.87, "query": "Neal Morse", "selected_artist": "Neal Morse"}
2026-09-19T00:33:02.2416373Z   [PASS] Search history opens by click and after clearing, with a flat neutral hover (954 ms)
2026-09-19T00:33:02.2417692Z   [STEP] Year appears only on No info hover with white text, black stroke and blue gap tips
2026-09-19T00:33:04.0238141Z   [PASS] Year appears only on No info hover with white text, black stroke and blue gap tips (1740 ms)
2026-09-19T00:33:04.0257962Z   [STEP] Info text has visible selection during drag and cannot select gallery cards
2026-09-19T00:33:05.2296862Z   [PASS] Info text has visible selection during drag and cannot select gallery cards (1255 ms)
2026-09-19T00:33:05.2720512Z   ok 1 [functional] › tests\e2e\specs\galleryInteractionRegressions.spec.js:12:1 › FTC-GALLERY-031 preserves startup totals, search suggestions, covers and hover-year interactions @area:gallery-search (8.8s)
2026-09-19T00:33:05.2722410Z [album-haven-playwright-result] {"version":1,"phase":"tests-complete","nonce":"dff4f1780c5e3711321ff26ee424d02cd69cd7effad5f7676dc5a5514afd5ab5","status":"passed","total":1,"completed":1,"failed":0,"skipped":0,"errors":0}
2026-09-19T00:33:05.8868827Z 
2026-09-19T00:33:05.8868888Z 
2026-09-19T00:33:05.8868896Z 
2026-09-19T00:33:05.8870036Z [album-haven-playwright-result] {"version":1,"phase":"run-final","nonce":"dff4f1780c5e3711321ff26ee424d02cd69cd7effad5f7676dc5a5514afd5ab5","status":"passed","total":1,"completed":1,"failed":0,"skipped":0,"errors":0}
2026-09-19T00:33:05.8870807Z   1 passed (15.7s)
2026-09-19T00:33:07.0223275Z 
2026-09-19T00:33:07.0223913Z === Playwright Summary ===
2026-09-19T00:33:07.0224793Z [[32m✓[0m] galleryInteractionRegressions.spec
2026-09-19T00:33:07.0225730Z   [[32m✓[0m] FTC-GALLERY-031 preserves startup totals, search suggestions, covers and hover-year interactions @area:gallery-search
2026-09-19T00:33:07.0226107Z 
2026-09-19T00:33:07.0226221Z Overall: 1/1 passed
2026-09-19T00:33:11.3894680Z [playwright-wrapper-final-decision] {"wrapperExitCode":0,"attemptReturn":{"exitCode":0,"exitReason":"authoritative-pass"},"fakeDatabaseCleanup":{"status":"completed","error":null,"mode":"lock-only"},"scanAppCleanup":{"status":"not-required","error":null},"isolatedAppCleanup":{"status":"completed","error":null},"tempCleanup":{"status":"completed","error":null,"removedCount":1},"passivePortDiagnostics":[{"port":5200,"status":"completed","error":null,"ownerCount":0},{"port":5202,"status":"completed","error":null,"ownerCount":0}],"finalSummary":{"phase":"run-final","status":"passed","total":1,"completed":1,"failed":0,"skipped":0,"errors":0,"listOnly":false},"exitReason":"authoritative-pass"}
2026-09-19T00:33:12.8323820Z {"restored":0,"removed":0,"unchanged":1497}
2026-09-19T00:33:29.0668418Z Album Haven production E2E app listening on http://127.0.0.1:5200 with 0 artists, 0 albums, 0 tracks, and provider fixtures on http://127.0.0.1:5202
2026-09-19T00:33:30.2567652Z 2026-09-19 00:33:30,255 [INFO] music_app: Startup scan-cache hydration completed files=7200 albums=400
2026-09-19T00:33:30.2568567Z 2026-09-19 00:33:30,255 [INFO] music_app: Legacy album exclusions migrated albums=1 removed_rules=18 created_rules=1
2026-09-19T00:33:30.7057717Z 2026-09-19 00:33:30,703 [INFO] music_app: Relation projection startup readiness ready=true rebuilt=true reason=missing_projection builder_version=local-relation-builder-v9 source_row_count=7438 duration_ms=416.78 source_load=91.69 fingerprint=47.40 pure_build=95.85 family_link_replacement=5.58 snapshot_publication=1.37
2026-09-19T00:33:32.2263161Z 2026-09-19 00:33:32,224 [INFO] music_app: {"action": "Index request completed", "album_count": 0, "artist_count": 0, "bootstrap_mode": "fresh_preview", "covers_in_progress": false, "elapsed_ms": 310.13, "hydrate_in_progress": false, "payload_elapsed_ms": 131.09, "query": "", "scan_in_progress": false, "selected_artist": ""}
2026-09-19T00:33:52.9993521Z 
2026-09-19T00:33:52.9994528Z Running 1 test using 1 worker
2026-09-19T00:33:53.0016172Z 
2026-09-19T00:33:55.6874486Z 2026-09-19 00:33:55,685 [INFO] music_app: {"action": "Index request completed", "album_count": 0, "artist_count": 0, "bootstrap_mode": "fresh_preview", "covers_in_progress": false, "elapsed_ms": 296.89, "hydrate_in_progress": false, "payload_elapsed_ms": 206.2, "query": "", "scan_in_progress": false, "selected_artist": ""}
2026-09-19T00:33:58.0004543Z [TEST] FTC-GALLERY-032 hydrates version tracks and preserves table playback, selection and fixed modal identity
2026-09-19T00:33:58.4151414Z 2026-09-19 00:33:58,414 [INFO] music_app: {"action": "Index request completed", "album_count": 0, "artist_count": 0, "bootstrap_mode": "fresh_preview", "covers_in_progress": false, "elapsed_ms": 189.43, "hydrate_in_progress": false, "payload_elapsed_ms": 98.93, "query": "", "scan_in_progress": false, "selected_artist": ""}
2026-09-19T00:34:00.6060306Z 2026-09-19 00:34:00,465 [INFO] music_app: {"action": "Postgres album search request started", "query": "Various Artists"}
2026-09-19T00:34:00.6066710Z 2026-09-19 00:34:00,578 [INFO] music_app: {"action": "View data request completed", "album_count": 29, "artist_count": 9, "elapsed_ms": 112.63, "query": "Various Artists", "selected_artist": "Various Artists"}
2026-09-19T00:34:01.7061448Z   [STEP] Preview version switching fetches full track details on first opening
2026-09-19T00:34:02.4619107Z   [PASS] Preview version switching fetches full track details on first opening (752 ms)
2026-09-19T00:34:02.4627066Z   [STEP] Number swaps to animated Play on any row hover, with aligned header and hand cursor
2026-09-19T00:34:02.6709085Z   [PASS] Number swaps to animated Play on any row hover, with aligned header and hand cursor (169 ms)
2026-09-19T00:34:02.6756987Z   [STEP] Double-click plays without a word highlight; dragging still selects copyable text
2026-09-19T00:34:04.3034890Z   [PASS] Double-click plays without a word highlight; dragging still selects copyable text (1662 ms)
2026-09-19T00:34:04.3035933Z   [STEP] Only the table scrolls; header and art stay fixed
2026-09-19T00:34:04.7424918Z   [PASS] Only the table scrolls; header and art stay fixed (454 ms)
2026-09-19T00:34:04.8558451Z   ok 1 [functional] › tests\e2e\specs\galleryInteractionRegressions.spec.js:113:1 › FTC-GALLERY-032 hydrates version tracks and preserves table playback, selection and fixed modal identity @area:album-details (7.0s)
2026-09-19T00:34:04.8561937Z [album-haven-playwright-result] {"version":1,"phase":"tests-complete","nonce":"d567ae89b35aa77b526993cccb2c33041edd69a66c2fac09958d4661d55c807b","status":"passed","total":1,"completed":1,"failed":0,"skipped":0,"errors":0}
2026-09-19T00:34:05.3729333Z 
2026-09-19T00:34:05.3729354Z 
2026-09-19T00:34:05.3729363Z 
2026-09-19T00:34:05.3730713Z [album-haven-playwright-result] {"version":1,"phase":"run-final","nonce":"d567ae89b35aa77b526993cccb2c33041edd69a66c2fac09958d4661d55c807b","status":"passed","total":1,"completed":1,"failed":0,"skipped":0,"errors":0}
2026-09-19T00:34:05.3731425Z   1 passed (13.0s)
2026-09-19T00:34:05.7031796Z 
2026-09-19T00:34:05.7032521Z === Playwright Summary ===
2026-09-19T00:34:05.7033238Z [[32m✓[0m] galleryInteractionRegressions.spec
2026-09-19T00:34:05.7033857Z   [[32m✓[0m] FTC-GALLERY-032 hydrates version tracks and preserves table playback, selection and fixed modal identity @area:album-details
2026-09-19T00:34:05.7034259Z 
2026-09-19T00:34:05.7034378Z Overall: 1/1 passed
2026-09-19T00:34:09.8794364Z [playwright-wrapper-final-decision] {"wrapperExitCode":0,"attemptReturn":{"exitCode":0,"exitReason":"authoritative-pass"},"fakeDatabaseCleanup":{"status":"completed","error":null,"mode":"lock-only"},"scanAppCleanup":{"status":"not-required","error":null},"isolatedAppCleanup":{"status":"completed","error":null},"tempCleanup":{"status":"completed","error":null,"removedCount":1},"passivePortDiagnostics":[{"port":5200,"status":"completed","error":null,"ownerCount":0},{"port":5202,"status":"completed","error":null,"ownerCount":0}],"finalSummary":{"phase":"run-final","status":"passed","total":1,"completed":1,"failed":0,"skipped":0,"errors":0,"listOnly":false},"exitReason":"authoritative-pass"}
2026-09-19T00:34:11.2856745Z {"restored":0,"removed":0,"unchanged":1497}
2026-09-19T00:34:27.9146673Z Album Haven production E2E app listening on http://127.0.0.1:5200 with 0 artists, 0 albums, 0 tracks, and provider fixtures on http://127.0.0.1:5202
2026-09-19T00:34:29.0838804Z 2026-09-19 00:34:29,082 [INFO] music_app: Startup scan-cache hydration completed files=7200 albums=400
2026-09-19T00:34:29.0839742Z 2026-09-19 00:34:29,082 [INFO] music_app: Legacy album exclusions migrated albums=1 removed_rules=18 created_rules=1
2026-09-19T00:34:29.4365345Z 2026-09-19 00:34:29,433 [INFO] music_app: Relation projection startup readiness ready=true rebuilt=true reason=missing_projection builder_version=local-relation-builder-v9 source_row_count=7438 duration_ms=326.17 source_load=91.89 fingerprint=46.82 pure_build=91.75 family_link_replacement=5.79 snapshot_publication=1.40
2026-09-19T00:34:30.5394693Z 2026-09-19 00:34:30,538 [INFO] music_app: {"action": "Index request completed", "album_count": 0, "artist_count": 0, "bootstrap_mode": "fresh_preview", "covers_in_progress": false, "elapsed_ms": 314.62, "hydrate_in_progress": false, "payload_elapsed_ms": 137.77, "query": "", "scan_in_progress": false, "selected_artist": ""}
2026-09-19T00:34:51.0387209Z 
2026-09-19T00:34:51.0388074Z Running 1 test using 1 worker
2026-09-19T00:34:51.0412804Z 
2026-09-19T00:34:53.3787218Z 2026-09-19 00:34:53,377 [INFO] music_app: {"action": "Index request completed", "album_count": 0, "artist_count": 0, "bootstrap_mode": "fresh_preview", "covers_in_progress": false, "elapsed_ms": 225.39, "hydrate_in_progress": false, "payload_elapsed_ms": 113.74, "query": "", "scan_in_progress": false, "selected_artist": ""}
2026-09-19T00:34:55.6310956Z [TEST] FTC-GALLERY-033 acknowledges warning alerts without hiding Scan health and resurfaces new warnings
2026-09-19T00:34:56.1571190Z 2026-09-19 00:34:56,156 [INFO] music_app: {"action": "Index request completed", "album_count": 0, "artist_count": 0, "bootstrap_mode": "fresh_preview", "covers_in_progress": false, "elapsed_ms": 296.21, "hydrate_in_progress": false, "payload_elapsed_ms": 205.92, "query": "", "scan_in_progress": false, "selected_artist": ""}
2026-09-19T00:34:58.0519979Z   [STEP] A warning icon opens the alert while Library stays green
2026-09-19T00:34:58.4449174Z   [PASS] A warning icon opens the alert while Library stays green (381 ms)
2026-09-19T00:34:58.4452269Z   [STEP] Dismiss survives reload but keeps the warning on Library/Scan
2026-09-19T00:34:59.1003339Z 2026-09-19 00:34:59,099 [INFO] music_app: {"action": "Index request completed", "album_count": 0, "artist_count": 0, "bootstrap_mode": "fresh_preview", "covers_in_progress": false, "elapsed_ms": 181.87, "hydrate_in_progress": false, "payload_elapsed_ms": 92.48, "query": "", "scan_in_progress": false, "selected_artist": ""}
2026-09-19T00:35:01.0443904Z   [PASS] Dismiss survives reload but keeps the warning on Library/Scan (2636 ms)
2026-09-19T00:35:01.0444916Z   [STEP] A distinct same-clock event resurfaces without an intervening healthy response
2026-09-19T00:35:04.6917230Z 2026-09-19 00:35:04,690 [INFO] music_app: {"action": "Index request completed", "album_count": 0, "artist_count": 0, "bootstrap_mode": "fresh_preview", "covers_in_progress": false, "elapsed_ms": 184.85, "hydrate_in_progress": false, "payload_elapsed_ms": 92.6, "query": "", "scan_in_progress": false, "selected_artist": ""}
2026-09-19T00:35:06.6355897Z   [PASS] A distinct same-clock event resurfaces without an intervening healthy response (5578 ms)
2026-09-19T00:35:06.6357050Z   [STEP] A new detection resurfaces the icon; resolving health removes the Scan notice
2026-09-19T00:35:07.1253018Z 2026-09-19 00:35:07,124 [INFO] music_app: {"action": "Index request completed", "album_count": 0, "artist_count": 0, "bootstrap_mode": "fresh_preview", "covers_in_progress": false, "elapsed_ms": 194.5, "hydrate_in_progress": false, "payload_elapsed_ms": 99.1, "query": "", "scan_in_progress": false, "selected_artist": ""}
2026-09-19T00:35:09.5207784Z 2026-09-19 00:35:09,519 [INFO] music_app: {"action": "Index request completed", "album_count": 0, "artist_count": 0, "bootstrap_mode": "fresh_preview", "covers_in_progress": false, "elapsed_ms": 337.77, "hydrate_in_progress": false, "payload_elapsed_ms": 244.75, "query": "", "scan_in_progress": false, "selected_artist": ""}
2026-09-19T00:35:11.2612510Z   [PASS] A new detection resurfaces the icon; resolving health removes the Scan notice (4638 ms)
2026-09-19T00:35:11.3741511Z   ok 1 [functional] › tests\e2e\specs\galleryInteractionRegressions.spec.js:199:1 › FTC-GALLERY-033 acknowledges warning alerts without hiding Scan health and resurfaces new warnings @area:gallery-search (16.0s)
2026-09-19T00:35:11.3743818Z [album-haven-playwright-result] {"version":1,"phase":"tests-complete","nonce":"c551799de9a8243999437472e483c6356b952cbe5fbc5d4159bfda9318bb8175","status":"passed","total":1,"completed":1,"failed":0,"skipped":0,"errors":0}
2026-09-19T00:35:11.8200699Z 
2026-09-19T00:35:11.8200716Z 
2026-09-19T00:35:11.8200725Z 
2026-09-19T00:35:11.8202238Z [album-haven-playwright-result] {"version":1,"phase":"run-final","nonce":"c551799de9a8243999437472e483c6356b952cbe5fbc5d4159bfda9318bb8175","status":"passed","total":1,"completed":1,"failed":0,"skipped":0,"errors":0}
2026-09-19T00:35:11.8203234Z   1 passed (21.4s)
2026-09-19T00:35:12.1533970Z 
2026-09-19T00:35:12.1534501Z === Playwright Summary ===
2026-09-19T00:35:12.1535257Z [[32m✓[0m] galleryInteractionRegressions.spec
2026-09-19T00:35:12.1535949Z   [[32m✓[0m] FTC-GALLERY-033 acknowledges warning alerts without hiding Scan health and resurfaces new warnings @area:gallery-search
2026-09-19T00:35:12.1536321Z 
2026-09-19T00:35:12.1537293Z Overall: 1/1 passed
2026-09-19T00:35:16.6045194Z [playwright-wrapper-final-decision] {"wrapperExitCode":0,"attemptReturn":{"exitCode":0,"exitReason":"authoritative-pass"},"fakeDatabaseCleanup":{"status":"completed","error":null,"mode":"lock-only"},"scanAppCleanup":{"status":"not-required","error":null},"isolatedAppCleanup":{"status":"completed","error":null},"tempCleanup":{"status":"completed","error":null,"removedCount":1},"passivePortDiagnostics":[{"port":5200,"status":"completed","error":null,"ownerCount":0},{"port":5202,"status":"completed","error":null,"ownerCount":0}],"finalSummary":{"phase":"run-final","status":"passed","total":1,"completed":1,"failed":0,"skipped":0,"errors":0,"listOnly":false},"exitReason":"authoritative-pass"}
2026-09-19T00:35:18.1715901Z {"restored":0,"removed":0,"unchanged":1497}
2026-09-19T00:35:35.6958758Z Album Haven production E2E app listening on http://127.0.0.1:5200 with 0 artists, 0 albums, 0 tracks, and provider fixtures on http://127.0.0.1:5202
2026-09-19T00:35:36.8948176Z 2026-09-19 00:35:36,892 [INFO] music_app: Startup scan-cache hydration completed files=7200 albums=400
2026-09-19T00:35:36.8949113Z 2026-09-19 00:35:36,892 [INFO] music_app: Legacy album exclusions migrated albums=1 removed_rules=18 created_rules=1
2026-09-19T00:35:37.2339697Z 2026-09-19 00:35:37,232 [INFO] music_app: Relation projection startup readiness ready=true rebuilt=true reason=missing_projection builder_version=local-relation-builder-v9 source_row_count=7438 duration_ms=312.59 source_load=92.15 fingerprint=46.53 pure_build=92.22 family_link_replacement=5.90 snapshot_publication=1.44
2026-09-19T00:35:38.3157541Z 2026-09-19 00:35:38,314 [INFO] music_app: {"action": "Index request completed", "album_count": 0, "artist_count": 0, "bootstrap_mode": "fresh_preview", "covers_in_progress": false, "elapsed_ms": 312.44, "hydrate_in_progress": false, "payload_elapsed_ms": 142.4, "query": "", "scan_in_progress": false, "selected_artist": ""}
2026-09-19T00:35:59.3762023Z 
2026-09-19T00:35:59.3763108Z Running 1 test using 1 worker
2026-09-19T00:35:59.3784302Z 
2026-09-19T00:36:02.2170093Z 2026-09-19 00:36:02,215 [INFO] music_app: {"action": "Index request completed", "album_count": 0, "artist_count": 0, "bootstrap_mode": "fresh_preview", "covers_in_progress": false, "elapsed_ms": 220.84, "hydrate_in_progress": false, "payload_elapsed_ms": 113.94, "query": "", "scan_in_progress": false, "selected_artist": ""}
2026-09-19T00:36:04.2074566Z [TEST] FTC-COVERS-014 keeps a decoded gallery cover stable across real gallery interactions
2026-09-19T00:36:04.2157557Z   [STEP] Find Neal Morse through normal search and record Joseph's stable cover identity
2026-09-19T00:36:04.7664869Z 2026-09-19 00:36:04,765 [INFO] music_app: {"action": "Index request completed", "album_count": 0, "artist_count": 0, "bootstrap_mode": "fresh_preview", "covers_in_progress": false, "elapsed_ms": 387.82, "hydrate_in_progress": false, "payload_elapsed_ms": 198.52, "query": "", "scan_in_progress": false, "selected_artist": ""}
2026-09-19T00:36:06.9963630Z 2026-09-19 00:36:06,991 [INFO] music_app: {"action": "Postgres album search request started", "query": "Joseph"}
2026-09-19T00:36:07.1074702Z 2026-09-19 00:36:07,105 [INFO] music_app: {"action": "View data request completed", "album_count": 41, "artist_count": 5, "elapsed_ms": 115.23, "query": "Joseph", "selected_artist": "Neal Morse"}
2026-09-19T00:36:07.9606144Z     [NOTE] TARGET MET: Visible Joseph cover took 405 ms, at or below the 1000 ms target (hard ceiling 1200 ms).
2026-09-19T00:36:07.9607893Z   [PASS] Find Neal Morse through normal search and record Joseph's stable cover identity (3748 ms)
2026-09-19T00:36:07.9608851Z   [STEP] Traverse more than 48 decoded production cards so Joseph leaves the bounded DOM-node cache
2026-09-19T00:36:14.0458946Z   [PASS] Traverse more than 48 decoded production cards so Joseph leaves the bounded DOM-node cache (6085 ms)
2026-09-19T00:36:14.0460057Z   [STEP] Return to the evicted Joseph card without a second production cover request
2026-09-19T00:36:14.1635883Z 2026-09-19 00:36:14,158 [INFO] music_app: {"action": "Postgres album search request started", "query": "Joseph"}
2026-09-19T00:36:14.2900939Z 2026-09-19 00:36:14,276 [INFO] music_app: {"action": "View data request completed", "album_count": 41, "artist_count": 5, "elapsed_ms": 119.31, "query": "Joseph", "selected_artist": "Neal Morse"}
2026-09-19T00:36:14.8452817Z   [PASS] Return to the evicted Joseph card without a second production cover request (799 ms)
2026-09-19T00:36:14.8453813Z   [STEP] Finish selected-family background caching before down/back and family filtering
2026-09-19T00:36:18.1328079Z   [PASS] Finish selected-family background caching before down/back and family filtering (3288 ms)
2026-09-19T00:36:18.1328958Z   [STEP] Open and close album details without re-requesting or blanking the gallery cover
2026-09-19T00:36:18.9135356Z   [PASS] Open and close album details without re-requesting or blanking the gallery cover (780 ms)
2026-09-19T00:36:18.9575172Z   ok 1 [functional] › tests\e2e\specs\galleryCoverStability.spec.js:23:1 › FTC-COVERS-014 keeps a decoded gallery cover stable across real gallery interactions @area:cover-providers (15.0s)
2026-09-19T00:36:18.9579745Z [album-haven-playwright-result] {"version":1,"phase":"tests-complete","nonce":"cd5f76bde8edcc491595e543e646dfc1e6d498eabebaec4f9784ca619a7e5df0","status":"passed","total":1,"completed":1,"failed":0,"skipped":0,"errors":0}
2026-09-19T00:36:19.4179873Z 
2026-09-19T00:36:19.4179932Z 
2026-09-19T00:36:19.4179936Z 
2026-09-19T00:36:19.4180949Z [album-haven-playwright-result] {"version":1,"phase":"run-final","nonce":"cd5f76bde8edcc491595e543e646dfc1e6d498eabebaec4f9784ca619a7e5df0","status":"passed","total":1,"completed":1,"failed":0,"skipped":0,"errors":0}
2026-09-19T00:36:19.4181652Z   1 passed (20.6s)
2026-09-19T00:36:19.7585049Z 
2026-09-19T00:36:19.7585490Z === Playwright Summary ===
2026-09-19T00:36:19.7586272Z [[32m✓[0m] galleryCoverStability.spec
2026-09-19T00:36:19.7586887Z   [[32m✓[0m] FTC-COVERS-014 keeps a decoded gallery cover stable across real gallery interactions @area:cover-providers
2026-09-19T00:36:19.7587232Z 
2026-09-19T00:36:19.7587316Z Overall: 1/1 passed
2026-09-19T00:36:24.1901290Z [playwright-wrapper-final-decision] {"wrapperExitCode":0,"attemptReturn":{"exitCode":0,"exitReason":"authoritative-pass"},"fakeDatabaseCleanup":{"status":"completed","error":null,"mode":"lock-only"},"scanAppCleanup":{"status":"not-required","error":null},"isolatedAppCleanup":{"status":"completed","error":null},"tempCleanup":{"status":"completed","error":null,"removedCount":1},"passivePortDiagnostics":[{"port":5200,"status":"completed","error":null,"ownerCount":0},{"port":5202,"status":"completed","error":null,"ownerCount":0}],"finalSummary":{"phase":"run-final","status":"passed","total":1,"completed":1,"failed":0,"skipped":0,"errors":0,"listOnly":false},"exitReason":"authoritative-pass"}
2026-09-19T00:36:25.7582833Z {"restored":0,"removed":0,"unchanged":1497}
2026-09-19T00:36:43.6451561Z Album Haven production E2E app listening on http://127.0.0.1:5200 with 0 artists, 0 albums, 0 tracks, and provider fixtures on http://127.0.0.1:5202
2026-09-19T00:36:44.8146093Z 2026-09-19 00:36:44,813 [INFO] music_app: Startup scan-cache hydration completed files=7200 albums=400
2026-09-19T00:36:44.8147493Z 2026-09-19 00:36:44,813 [INFO] music_app: Legacy album exclusions migrated albums=1 removed_rules=18 created_rules=1
2026-09-19T00:36:45.2749587Z 2026-09-19 00:36:45,272 [INFO] music_app: Relation projection startup readiness ready=true rebuilt=true reason=missing_projection builder_version=local-relation-builder-v9 source_row_count=7438 duration_ms=324.94 source_load=95.47 fingerprint=47.34 pure_build=95.97 family_link_replacement=5.94 snapshot_publication=1.35
2026-09-19T00:36:46.3050657Z 2026-09-19 00:36:46,302 [INFO] music_app: {"action": "Index request completed", "album_count": 0, "artist_count": 0, "bootstrap_mode": "fresh_preview", "covers_in_progress": false, "elapsed_ms": 320.83, "hydrate_in_progress": false, "payload_elapsed_ms": 149.62, "query": "", "scan_in_progress": false, "selected_artist": ""}
2026-09-19T00:37:09.9084638Z 
2026-09-19T00:37:09.9085581Z Running 1 test using 1 worker
2026-09-19T00:37:09.9111625Z 
2026-09-19T00:37:13.1089038Z 2026-09-19 00:37:13,108 [INFO] music_app: {"action": "Index request completed", "album_count": 0, "artist_count": 0, "bootstrap_mode": "fresh_preview", "covers_in_progress": false, "elapsed_ms": 219.96, "hydrate_in_progress": false, "payload_elapsed_ms": 110.94, "query": "", "scan_in_progress": false, "selected_artist": ""}
2026-09-19T00:37:15.1187436Z [TEST] FTC-COVERS-015 shows the exact Joseph 2023 cover decoded in the card, modal, and fullscreen lightbox
2026-09-19T00:37:15.1225395Z   [STEP] Find the exact Neal Morse Joseph album through normal search
2026-09-19T00:37:15.4460364Z 2026-09-19 00:37:15,444 [INFO] music_app: {"action": "Index request completed", "album_count": 0, "artist_count": 0, "bootstrap_mode": "fresh_preview", "covers_in_progress": false, "elapsed_ms": 214.55, "hydrate_in_progress": false, "payload_elapsed_ms": 114.99, "query": "", "scan_in_progress": false, "selected_artist": ""}
2026-09-19T00:37:17.6292136Z 2026-09-19 00:37:17,606 [INFO] music_app: {"action": "Postgres album search request started", "query": "Joseph"}
2026-09-19T00:37:17.7401020Z 2026-09-19 00:37:17,730 [INFO] music_app: {"action": "View data request completed", "album_count": 41, "artist_count": 5, "elapsed_ms": 123.36, "query": "Joseph", "selected_artist": "Neal Morse"}
2026-09-19T00:37:18.5144302Z   [PASS] Find the exact Neal Morse Joseph album through normal search (3350 ms)
2026-09-19T00:37:18.5147223Z   [STEP] Open its normal album modal and verify the decoded non-placeholder cover
2026-09-19T00:37:19.2543350Z   [PASS] Open its normal album modal and verify the decoded non-placeholder cover (782 ms)
2026-09-19T00:37:19.2545855Z   [STEP] Fall back to the real 480 preview when the test-owned full source is unavailable
2026-09-19T00:37:19.8014061Z   [PASS] Fall back to the real 480 preview when the test-owned full source is unavailable (536 ms)
2026-09-19T00:37:19.8027052Z   [STEP] Reopen through real controls and decode the restored 1200 source with exact zoom detail
2026-09-19T00:37:21.2471169Z   [PASS] Reopen through real controls and decode the restored 1200 source with exact zoom detail (1456 ms)
2026-09-19T00:37:21.2926973Z   ok 1 [functional] › tests\e2e\specs\galleryCoverStability.spec.js:153:1 › FTC-COVERS-015 shows the exact Joseph 2023 cover decoded in the card, modal, and fullscreen lightbox @area:cover-providers (6.4s)
2026-09-19T00:37:21.2945519Z [album-haven-playwright-result] {"version":1,"phase":"tests-complete","nonce":"1613ca9227cf2c3cb54fe2b5a949c45f366aa1e6b3d6b94999e4ef5a18d20ea4","status":"passed","total":1,"completed":1,"failed":0,"skipped":0,"errors":0}
2026-09-19T00:37:21.9944782Z 
2026-09-19T00:37:21.9944797Z 
2026-09-19T00:37:21.9944804Z 
2026-09-19T00:37:21.9945949Z [album-haven-playwright-result] {"version":1,"phase":"run-final","nonce":"1613ca9227cf2c3cb54fe2b5a949c45f366aa1e6b3d6b94999e4ef5a18d20ea4","status":"passed","total":1,"completed":1,"failed":0,"skipped":0,"errors":0}
2026-09-19T00:37:21.9946659Z   1 passed (12.7s)
2026-09-19T00:37:22.3119323Z 
2026-09-19T00:37:22.3119813Z === Playwright Summary ===
2026-09-19T00:37:22.3120487Z [[32m✓[0m] galleryCoverStability.spec
2026-09-19T00:37:22.3121091Z   [[32m✓[0m] FTC-COVERS-015 shows the exact Joseph 2023 cover decoded in the card, modal, and fullscreen lightbox @area:cover-providers
2026-09-19T00:37:22.3121726Z 
2026-09-19T00:37:22.3121843Z Overall: 1/1 passed
2026-09-19T00:37:26.6886845Z [playwright-wrapper-final-decision] {"wrapperExitCode":0,"attemptReturn":{"exitCode":0,"exitReason":"authoritative-pass"},"fakeDatabaseCleanup":{"status":"completed","error":null,"mode":"lock-only"},"scanAppCleanup":{"status":"not-required","error":null},"isolatedAppCleanup":{"status":"completed","error":null},"tempCleanup":{"status":"completed","error":null,"removedCount":1},"passivePortDiagnostics":[{"port":5200,"status":"completed","error":null,"ownerCount":0},{"port":5202,"status":"completed","error":null,"ownerCount":0}],"finalSummary":{"phase":"run-final","status":"passed","total":1,"completed":1,"failed":0,"skipped":0,"errors":0,"listOnly":false},"exitReason":"authoritative-pass"}
2026-09-19T00:37:28.1523941Z {"restored":0,"removed":0,"unchanged":1497}
2026-09-19T00:37:45.9152205Z Album Haven production E2E app listening on http://127.0.0.1:5200 with 0 artists, 0 albums, 0 tracks, and provider fixtures on http://127.0.0.1:5202
2026-09-19T00:37:47.1267723Z 2026-09-19 00:37:47,125 [INFO] music_app: Startup scan-cache hydration completed files=7200 albums=400
2026-09-19T00:37:47.1268413Z 2026-09-19 00:37:47,125 [INFO] music_app: Legacy album exclusions migrated albums=1 removed_rules=18 created_rules=1
2026-09-19T00:37:47.5903147Z 2026-09-19 00:37:47,589 [INFO] music_app: Relation projection startup readiness ready=true rebuilt=true reason=missing_projection builder_version=local-relation-builder-v9 source_row_count=7438 duration_ms=435.53 source_load=96.75 fingerprint=48.12 pure_build=96.71 family_link_replacement=6.53 snapshot_publication=1.49
2026-09-19T00:37:48.7857911Z 2026-09-19 00:37:48,784 [INFO] music_app: {"action": "Index request completed", "album_count": 0, "artist_count": 0, "bootstrap_mode": "fresh_preview", "covers_in_progress": false, "elapsed_ms": 303.31, "hydrate_in_progress": false, "payload_elapsed_ms": 130.12, "query": "", "scan_in_progress": false, "selected_artist": ""}
2026-09-19T00:38:08.4758315Z 
2026-09-19T00:38:08.4758906Z Running 1 test using 1 worker
2026-09-19T00:38:08.4778851Z 
2026-09-19T00:38:11.0230478Z 2026-09-19 00:38:11,021 [INFO] music_app: {"action": "Index request completed", "album_count": 0, "artist_count": 0, "bootstrap_mode": "fresh_preview", "covers_in_progress": false, "elapsed_ms": 212.78, "hydrate_in_progress": false, "payload_elapsed_ms": 115.7, "query": "", "scan_in_progress": false, "selected_artist": ""}
2026-09-19T00:38:12.9075962Z [TEST] FTC-SEARCH-NAV-002 keeps every projected family artist in the tree for a non-exact best match
2026-09-19T00:38:12.9077649Z   [STEP] Search without the leading article and auto-select The Flower Kings
2026-09-19T00:38:13.2416675Z 2026-09-19 00:38:13,240 [INFO] music_app: {"action": "Index request completed", "album_count": 0, "artist_count": 0, "bootstrap_mode": "fresh_preview", "covers_in_progress": false, "elapsed_ms": 215.14, "hydrate_in_progress": false, "payload_elapsed_ms": 118.95, "query": "", "scan_in_progress": false, "selected_artist": ""}
2026-09-19T00:38:16.0566884Z 2026-09-19 00:38:15,990 [INFO] music_app: {"action": "Postgres album search request started", "query": "flower kings"}
2026-09-19T00:38:16.1294224Z 2026-09-19 00:38:16,105 [INFO] music_app: {"action": "View data request completed", "album_count": 30, "artist_count": 3, "elapsed_ms": 115.77, "query": "flower kings", "selected_artist": "The Flower Kings"}
2026-09-19T00:38:16.4555206Z   [PASS] Search without the leading article and auto-select The Flower Kings (3546 ms)
2026-09-19T00:38:16.4556420Z   [STEP] Render the complete projected family tree in stable order
2026-09-19T00:38:16.6072335Z   [PASS] Render the complete projected family tree in stable order (95 ms)
2026-09-19T00:38:16.6073503Z   [STEP] Keep the selected gallery and Artist Family context aligned with the complete tree
2026-09-19T00:38:16.7178193Z   [PASS] Keep the selected gallery and Artist Family context aligned with the complete tree (164 ms)
2026-09-19T00:38:16.8004419Z   ok 1 [functional] › tests\e2e\specs\searchTreeCorrectness.spec.js:123:1 › FTC-SEARCH-NAV-002 keeps every projected family artist in the tree for a non-exact best match @area:gallery-search (4.1s)
2026-09-19T00:38:16.8006500Z [album-haven-playwright-result] {"version":1,"phase":"tests-complete","nonce":"5008840d12af2fa4bb32b124a1d8a3bf6cc2bdba1f5e2fccc005c67a5cfb508a","status":"passed","total":1,"completed":1,"failed":0,"skipped":0,"errors":0}
2026-09-19T00:38:17.5633922Z 
2026-09-19T00:38:17.9583392Z 
2026-09-19T00:38:17.9583592Z 
2026-09-19T00:38:17.9585159Z [album-haven-playwright-result] {"version":1,"phase":"run-final","nonce":"5008840d12af2fa4bb32b124a1d8a3bf6cc2bdba1f5e2fccc005c67a5cfb508a","status":"passed","total":1,"completed":1,"failed":0,"skipped":0,"errors":0}
2026-09-19T00:38:17.9586875Z   1 passed (9.9s)
2026-09-19T00:38:18.3610329Z 
2026-09-19T00:38:18.3611133Z === Playwright Summary ===
2026-09-19T00:38:18.3611863Z [[32m✓[0m] searchTreeCorrectness.spec
2026-09-19T00:38:18.3612520Z   [[32m✓[0m] FTC-SEARCH-NAV-002 keeps every projected family artist in the tree for a non-exact best match @area:gallery-search
2026-09-19T00:38:18.3612878Z 
2026-09-19T00:38:18.3612995Z Overall: 1/1 passed
2026-09-19T00:38:22.7156608Z [playwright-wrapper-final-decision] {"wrapperExitCode":0,"attemptReturn":{"exitCode":0,"exitReason":"authoritative-pass"},"fakeDatabaseCleanup":{"status":"completed","error":null,"mode":"lock-only"},"scanAppCleanup":{"status":"not-required","error":null},"isolatedAppCleanup":{"status":"completed","error":null},"tempCleanup":{"status":"completed","error":null,"removedCount":1},"passivePortDiagnostics":[{"port":5200,"status":"completed","error":null,"ownerCount":0},{"port":5202,"status":"completed","error":null,"ownerCount":0}],"finalSummary":{"phase":"run-final","status":"passed","total":1,"completed":1,"failed":0,"skipped":0,"errors":0,"listOnly":false},"exitReason":"authoritative-pass"}
2026-09-19T00:38:24.1777521Z {"restored":0,"removed":0,"unchanged":1497}
2026-09-19T00:38:40.6730586Z Album Haven production E2E app listening on http://127.0.0.1:5200 with 0 artists, 0 albums, 0 tracks, and provider fixtures on http://127.0.0.1:5202
2026-09-19T00:38:41.7444055Z 2026-09-19 00:38:41,743 [INFO] music_app: Startup scan-cache hydration completed files=7200 albums=400
2026-09-19T00:38:41.7445016Z 2026-09-19 00:38:41,743 [INFO] music_app: Legacy album exclusions migrated albums=1 removed_rules=18 created_rules=1
2026-09-19T00:38:42.0951979Z 2026-09-19 00:38:42,094 [INFO] music_app: Relation projection startup readiness ready=true rebuilt=true reason=missing_projection builder_version=local-relation-builder-v9 source_row_count=7438 duration_ms=324.14 source_load=92.85 fingerprint=46.91 pure_build=92.09 family_link_replacement=5.83 snapshot_publication=1.45
2026-09-19T00:38:43.0810712Z 2026-09-19 00:38:43,079 [INFO] music_app: {"action": "Index request completed", "album_count": 0, "artist_count": 0, "bootstrap_mode": "fresh_preview", "covers_in_progress": false, "elapsed_ms": 306.99, "hydrate_in_progress": false, "payload_elapsed_ms": 134.99, "query": "", "scan_in_progress": false, "selected_artist": ""}
2026-09-19T00:39:03.4188076Z 
2026-09-19T00:39:03.4188819Z Running 1 test using 1 worker
2026-09-19T00:39:03.4211353Z 
2026-09-19T00:39:06.5939041Z 2026-09-19 00:39:06,592 [INFO] music_app: {"action": "Index request completed", "album_count": 0, "artist_count": 0, "bootstrap_mode": "fresh_preview", "covers_in_progress": false, "elapsed_ms": 330.41, "hydrate_in_progress": false, "payload_elapsed_ms": 224.13, "query": "", "scan_in_progress": false, "selected_artist": ""}
2026-09-19T00:39:09.0205286Z [TEST] FTC-ALBUM-DETAILS-021 and FTC-ARTIST-FAMILY-019 and FTC-NON-ALBUM-015 preserve featured credits and exclude guest and Interview albums from family galleries
2026-09-19T00:39:09.0214120Z   [STEP] Edit three owned generated credits through the shared tag editor
2026-09-19T00:39:09.3517598Z 2026-09-19 00:39:09,350 [INFO] music_app: {"action": "Index request completed", "album_count": 0, "artist_count": 0, "bootstrap_mode": "fresh_preview", "covers_in_progress": false, "elapsed_ms": 202.45, "hydrate_in_progress": false, "payload_elapsed_ms": 108.13, "query": "", "scan_in_progress": false, "selected_artist": ""}
2026-09-19T00:39:11.4831452Z 2026-09-19 00:39:11,478 [INFO] music_app: {"action": "Postgres album search request started", "query": "Control Lead Solo"}
2026-09-19T00:39:11.6340278Z 2026-09-19 00:39:11,611 [INFO] music_app: {"action": "View data request completed", "album_count": 21, "artist_count": 3, "elapsed_ms": 132.5, "query": "Control Lead Solo", "selected_artist": "Control Signal Lead"}
2026-09-19T00:39:20.2076294Z 2026-09-19 00:39:20,206 [INFO] music_app: {"action": "Tags edited", "album": "Control Lead Solo", "artist": "Control Signal Lead", "file_count": 3, "files": ["D:\\a\\_temp\\album-haven-e2e-functional-fixtures-gallery-search-visual\\shared\\media\\Progressive Projects\\Control Signal Family\\Control Signal Lead\\Control Lead Solo\\01 - Track 1.mp3", "D:\\a\\_temp\\album-haven-e2e-functional-fixtures-gallery-search-visual\\shared\\media\\Progressive Projects\\Control Signal Family\\Control Signal Lead\\Control Lead Solo\\02 - Track 2.mp3", "D:\\a\\_temp\\album-haven-e2e-functional-fixtures-gallery-search-visual\\shared\\media\\Progressive Projects\\Control Signal Family\\Control Signal Lead\\Control Lead Solo\\03 - Track 3.mp3"]}
2026-09-19T00:39:20.8666796Z   [PASS] Edit three owned generated credits through the shared tag editor (11758 ms)
2026-09-19T00:39:20.8671230Z   [STEP] Reload and retain raw credits while distinguishing guests, comma names, and another primary artist
2026-09-19T00:39:21.1388472Z 2026-09-19 00:39:21,137 [INFO] music_app: {"action": "Index request completed", "album_count": 0, "artist_count": 0, "bootstrap_mode": "full_view", "covers_in_progress": false, "elapsed_ms": 207.15, "hydrate_in_progress": false, "payload_elapsed_ms": 150.56, "query": "Control Lead Solo", "scan_in_progress": false, "selected_artist": "Control Signal Lead"}
2026-09-19T00:39:22.8464459Z   [PASS] Reload and retain raw credits while distinguishing guests, comma names, and another primary artist (2066 ms)
2026-09-19T00:39:22.8465944Z   [STEP] Keep guest-only foreign albums out of the partner family while preserving genuine owned and shared releases
2026-09-19T00:39:24.5764826Z 2026-09-19 00:39:24,572 [INFO] music_app: {"action": "Postgres album search request started", "query": "Control Signal Partner"}
2026-09-19T00:39:24.7427803Z 2026-09-19 00:39:24,733 [INFO] music_app: {"action": "View data request completed", "album_count": 22, "artist_count": 10, "elapsed_ms": 161.34, "query": "Control Signal Partner", "selected_artist": "Control Signal Partner"}
2026-09-19T00:39:25.7605979Z   [PASS] Keep guest-only foreign albums out of the partner family while preserving genuine owned and shared releases (2913 ms)
2026-09-19T00:39:25.7607427Z   [STEP] Prove the owned album contributes to a genuine related-artist family before marking it Interview
2026-09-19T00:39:27.8941585Z 2026-09-19 00:39:27,893 [INFO] music_app: {"action": "Index request completed", "album_count": 0, "artist_count": 0, "bootstrap_mode": "fresh_preview", "covers_in_progress": false, "elapsed_ms": 165.07, "hydrate_in_progress": false, "payload_elapsed_ms": 104.42, "query": "", "scan_in_progress": false, "selected_artist": ""}
2026-09-19T00:39:29.9000517Z 2026-09-19 00:39:29,812 [INFO] music_app: {"action": "Postgres album search request started", "query": "Control Lead Solo"}
2026-09-19T00:39:29.9567924Z 2026-09-19 00:39:29,934 [INFO] music_app: {"action": "View data request completed", "album_count": 22, "artist_count": 4, "elapsed_ms": 121.33, "query": "Control Lead Solo", "selected_artist": "Control Signal Lead"}
2026-09-19T00:39:32.8617466Z 2026-09-19 00:39:32,859 [INFO] music_app: {"action": "Tags edited", "album": "Control Lead Solo", "artist": "Control Signal Lead", "file_count": 18, "files": ["D:\\a\\_temp\\album-haven-e2e-functional-fixtures-gallery-search-visual\\shared\\media\\Progressive Projects\\Control Signal Family\\Control Signal Lead\\Control Lead Solo\\01 - Track 1.mp3", "D:\\a\\_temp\\album-haven-e2e-functional-fixtures-gallery-search-visual\\shared\\media\\Progressive Projects\\Control Signal Family\\Control Signal Lead\\Control Lead Solo\\02 - Track 2.mp3", "D:\\a\\_temp\\album-haven-e2e-functional-fixtures-gallery-search-visual\\shared\\media\\Progressive Projects\\Control Signal Family\\Control Signal Lead\\Control Lead Solo\\03 - Track 3.mp3", "D:\\a\\_temp\\album-haven-e2e-functional-fixtures-gallery-search-visual\\shared\\media\\Progressive Projects\\Control Signal Family\\Control Signal Lead\\Control Lead Solo\\04 - Track 4.mp3", "D:\\a\\_temp\\album-haven-e2e-functional-fixtures-gallery-search-visual\\shared\\media\\Progressive Projects\\Control Signal Family\\Control Signal Lead\\Control Lead Solo\\05 - Track 5.mp3", "D:\\a\\_temp\\album-haven-e2e-functional-fixtures-gallery-search-visual\\shared\\media\\Progressive Projects\\Control Signal Family\\Control Signal Lead\\Control Lead Solo\\06 - Track 6.mp3", "D:\\a\\_temp\\album-haven-e2e-functional-fixtures-gallery-search-visual\\shared\\media\\Progressive Projects\\Control Signal Family\\Control Signal Lead\\Control Lead Solo\\07 - Track 7.mp3", "D:\\a\\_temp\\album-haven-e2e-functional-fixtures-gallery-search-visual\\shared\\media\\Progressive Projects\\Control Signal Family\\Control Signal Lead\\Control Lead Solo\\08 - Track 8.mp3", "D:\\a\\_temp\\album-haven-e2e-functional-fixtures-gallery-search-visual\\shared\\media\\Progressive Projects\\Control Signal Family\\Control Signal Lead\\Control Lead Solo\\09 - Track 9.mp3", "D:\\a\\_temp\\album-haven-e2e-functional-fixtures-gallery-search-visual\\shared\\media\\Progressive Projects\\Control Signal Family\\Control Signal Lead\\Control Lead Solo\\10 - Track 10.mp3", "D:\\a\\_temp\\album-haven-e2e-functional-fixtures-gallery-search-visual\\shared\\media\\Progressive Projects\\Control Signal Family\\Control Signal Lead\\Control Lead Solo\\11 - Track 11.mp3", "D:\\a\\_temp\\album-haven-e2e-functional-fixtures-gallery-search-visual\\shared\\media\\Progressive Projects\\Control Signal Family\\Control Signal Lead\\Control Lead Solo\\12 - Track 12.mp3", "D:\\a\\_temp\\album-haven-e2e-functional-fixtures-gallery-search-visual\\shared\\media\\Progressive Projects\\Control Signal Family\\Control Signal Lead\\Control Lead Solo\\13 - Track 13.mp3", "D:\\a\\_temp\\album-haven-e2e-functional-fixtures-gallery-search-visual\\shared\\media\\Progressive Projects\\Control Signal Family\\Control Signal Lead\\Control Lead Solo\\14 - Track 14.mp3", "D:\\a\\_temp\\album-haven-e2e-functional-fixtures-gallery-search-visual\\shared\\media\\Progressive Projects\\Control Signal Family\\Control Signal Lead\\Control Lead Solo\\15 - Track 15.mp3", "D:\\a\\_temp\\album-haven-e2e-functional-fixtures-gallery-search-visual\\shared\\media\\Progressive Projects\\Control Signal Family\\Control Signal Lead\\Control Lead Solo\\16 - Track 16.mp3", "D:\\a\\_temp\\album-haven-e2e-functional-fixtures-gallery-search-visual\\shared\\media\\Progressive Projects\\Control Signal Family\\Control Signal Lead\\Control Lead Solo\\17 - Track 17.mp3", "D:\\a\\_temp\\album-haven-e2e-functional-fixtures-gallery-search-visual\\shared\\media\\Progressive Projects\\Control Signal Family\\Control Signal Lead\\Control Lead Solo\\18 - Track 18.mp3"]}
2026-09-19T00:39:33.4079008Z   [PASS] Prove the owned album contributes to a genuine related-artist family before marking it Interview (7648 ms)
2026-09-19T00:39:33.4081735Z   [STEP] Exclude Interview albums from the nonempty *** gallery
2026-09-19T00:39:39.8072440Z   [PASS] Exclude Interview albums from the nonempty *** gallery (6399 ms)
2026-09-19T00:39:39.8074222Z   [STEP] Exclude Interview albums from the settled family across reload and retained artist search
2026-09-19T00:39:41.6055963Z 2026-09-19 00:39:41,599 [INFO] music_app: {"action": "Index request completed", "album_count": 0, "artist_count": 0, "bootstrap_mode": "fresh_preview", "covers_in_progress": false, "elapsed_ms": 299.59, "hydrate_in_progress": false, "payload_elapsed_ms": 213.08, "query": "", "scan_in_progress": false, "selected_artist": "Control Signal Partner"}
2026-09-19T00:39:44.3536230Z 2026-09-19 00:39:43,952 [INFO] music_app: {"action": "Postgres album search request started", "query": "Control Signal Lead"}
2026-09-19T00:39:44.5368712Z 2026-09-19 00:39:44,199 [INFO] music_app: {"action": "View data request completed", "album_count": 30, "artist_count": 9, "elapsed_ms": 247.24, "query": "Control Signal Lead", "selected_artist": "Control Signal Lead"}
2026-09-19T00:39:46.0748405Z   [PASS] Exclude Interview albums from the settled family across reload and retained artist search (6267 ms)
2026-09-19T00:39:46.0749575Z   [STEP] Retain all eighteen Interview tracks in Loose Tracks and restore their exceptions through the editor
2026-09-19T00:39:46.5379779Z 2026-09-19 00:39:46,536 [INFO] music_app: {"action": "Index request completed", "album_count": 0, "artist_count": 0, "bootstrap_mode": "fresh_preview", "covers_in_progress": false, "elapsed_ms": 383.98, "hydrate_in_progress": false, "payload_elapsed_ms": 209.48, "query": "", "scan_in_progress": false, "selected_artist": "Control Signal Lead"}
2026-09-19T00:39:50.2090922Z 2026-09-19 00:39:50,206 [INFO] music_app: {"action": "Tags edited", "album": "", "artist": "", "file_count": 18, "files": ["D:\\a\\_temp\\album-haven-e2e-functional-fixtures-gallery-search-visual\\shared\\media\\Progressive Projects\\Control Signal Family\\Control Signal Lead\\Control Lead Solo\\01 - Track 1.mp3", "D:\\a\\_temp\\album-haven-e2e-functional-fixtures-gallery-search-visual\\shared\\media\\Progressive Projects\\Control Signal Family\\Control Signal Lead\\Control Lead Solo\\02 - Track 2.mp3", "D:\\a\\_temp\\album-haven-e2e-functional-fixtures-gallery-search-visual\\shared\\media\\Progressive Projects\\Control Signal Family\\Control Signal Lead\\Control Lead Solo\\03 - Track 3.mp3", "D:\\a\\_temp\\album-haven-e2e-functional-fixtures-gallery-search-visual\\shared\\media\\Progressive Projects\\Control Signal Family\\Control Signal Lead\\Control Lead Solo\\04 - Track 4.mp3", "D:\\a\\_temp\\album-haven-e2e-functional-fixtures-gallery-search-visual\\shared\\media\\Progressive Projects\\Control Signal Family\\Control Signal Lead\\Control Lead Solo\\05 - Track 5.mp3", "D:\\a\\_temp\\album-haven-e2e-functional-fixtures-gallery-search-visual\\shared\\media\\Progressive Projects\\Control Signal Family\\Control Signal Lead\\Control Lead Solo\\06 - Track 6.mp3", "D:\\a\\_temp\\album-haven-e2e-functional-fixtures-gallery-search-visual\\shared\\media\\Progressive Projects\\Control Signal Family\\Control Signal Lead\\Control Lead Solo\\07 - Track 7.mp3", "D:\\a\\_temp\\album-haven-e2e-functional-fixtures-gallery-search-visual\\shared\\media\\Progressive Projects\\Control Signal Family\\Control Signal Lead\\Control Lead Solo\\08 - Track 8.mp3", "D:\\a\\_temp\\album-haven-e2e-functional-fixtures-gallery-search-visual\\shared\\media\\Progressive Projects\\Control Signal Family\\Control Signal Lead\\Control Lead Solo\\09 - Track 9.mp3", "D:\\a\\_temp\\album-haven-e2e-functional-fixtures-gallery-search-visual\\shared\\media\\Progressive Projects\\Control Signal Family\\Control Signal Lead\\Control Lead Solo\\10 - Track 10.mp3", "D:\\a\\_temp\\album-haven-e2e-functional-fixtures-gallery-search-visual\\shared\\media\\Progressive Projects\\Control Signal Family\\Control Signal Lead\\Control Lead Solo\\11 - Track 11.mp3", "D:\\a\\_temp\\album-haven-e2e-functional-fixtures-gallery-search-visual\\shared\\media\\Progressive Projects\\Control Signal Family\\Control Signal Lead\\Control Lead Solo\\12 - Track 12.mp3", "D:\\a\\_temp\\album-haven-e2e-functional-fixtures-gallery-search-visual\\shared\\media\\Progressive Projects\\Control Signal Family\\Control Signal Lead\\Control Lead Solo\\13 - Track 13.mp3", "D:\\a\\_temp\\album-haven-e2e-functional-fixtures-gallery-search-visual\\shared\\media\\Progressive Projects\\Control Signal Family\\Control Signal Lead\\Control Lead Solo\\14 - Track 14.mp3", "D:\\a\\_temp\\album-haven-e2e-functional-fixtures-gallery-search-visual\\shared\\media\\Progressive Projects\\Control Signal Family\\Control Signal Lead\\Control Lead Solo\\15 - Track 15.mp3", "D:\\a\\_temp\\album-haven-e2e-functional-fixtures-gallery-search-visual\\shared\\media\\Progressive Projects\\Control Signal Family\\Control Signal Lead\\Control Lead Solo\\16 - Track 16.mp3", "D:\\a\\_temp\\album-haven-e2e-functional-fixtures-gallery-search-visual\\shared\\media\\Progressive Projects\\Control Signal Family\\Control Signal Lead\\Control Lead Solo\\17 - Track 17.mp3", "D:\\a\\_temp\\album-haven-e2e-functional-fixtures-gallery-search-visual\\shared\\media\\Progressive Projects\\Control Signal Family\\Control Signal Lead\\Control Lead Solo\\18 - Track 18.mp3"]}
2026-09-19T00:39:50.6951825Z   [PASS] Retain all eighteen Interview tracks in Loose Tracks and restore their exceptions through the editor (4620 ms)
2026-09-19T00:39:50.6953090Z   [STEP] Restore and verify all three owned Artist values through the UI
2026-09-19T00:39:50.9685843Z 2026-09-19 00:39:50,968 [INFO] music_app: {"action": "Index request completed", "album_count": 0, "artist_count": 0, "bootstrap_mode": "fresh_preview", "covers_in_progress": false, "elapsed_ms": 177.21, "hydrate_in_progress": false, "payload_elapsed_ms": 124.05, "query": "", "scan_in_progress": false, "selected_artist": ""}
2026-09-19T00:39:52.5723348Z 2026-09-19 00:39:52,561 [INFO] music_app: {"action": "Postgres album search request started", "query": "Control Lead Solo"}
2026-09-19T00:39:52.7123834Z 2026-09-19 00:39:52,694 [INFO] music_app: {"action": "View data request completed", "album_count": 22, "artist_count": 4, "elapsed_ms": 132.92, "query": "Control Lead Solo", "selected_artist": "Control Signal Lead"}
2026-09-19T00:39:58.3160116Z 2026-09-19 00:39:58,314 [INFO] music_app: {"action": "Tags edited", "album": "Control Lead Solo", "artist": "Control Signal Lead", "file_count": 3, "files": ["D:\\a\\_temp\\album-haven-e2e-functional-fixtures-gallery-search-visual\\shared\\media\\Progressive Projects\\Control Signal Family\\Control Signal Lead\\Control Lead Solo\\01 - Track 1.mp3", "D:\\a\\_temp\\album-haven-e2e-functional-fixtures-gallery-search-visual\\shared\\media\\Progressive Projects\\Control Signal Family\\Control Signal Lead\\Control Lead Solo\\02 - Track 2.mp3", "D:\\a\\_temp\\album-haven-e2e-functional-fixtures-gallery-search-visual\\shared\\media\\Progressive Projects\\Control Signal Family\\Control Signal Lead\\Control Lead Solo\\03 - Track 3.mp3"]}
2026-09-19T00:39:59.3683950Z 2026-09-19 00:39:59,367 [INFO] music_app: {"action": "Index request completed", "album_count": 0, "artist_count": 0, "bootstrap_mode": "full_view", "covers_in_progress": false, "elapsed_ms": 150.39, "hydrate_in_progress": false, "payload_elapsed_ms": 105.96, "query": "Control Lead Solo", "scan_in_progress": false, "selected_artist": "Control Signal Lead"}
2026-09-19T00:40:02.0237760Z   [PASS] Restore and verify all three owned Artist values through the UI (11328 ms)
2026-09-19T00:40:02.0825639Z   ok 1 [functional] › tests\e2e\specs\artistCompilationFamily.spec.js:23:1 › FTC-ALBUM-DETAILS-021 and FTC-ARTIST-FAMILY-019 and FTC-NON-ALBUM-015 preserve featured credits and exclude guest and Interview albums from family galleries @area:gallery-search (53.2s)
2026-09-19T00:40:02.0873657Z [album-haven-playwright-result] {"version":1,"phase":"tests-complete","nonce":"ea7dcbedf3e4799da6a08708311b9e0a74b7ff704eab8806ed6dfd340c401681","status":"passed","total":1,"completed":1,"failed":0,"skipped":0,"errors":0}
2026-09-19T00:40:02.6051537Z 
2026-09-19T00:40:02.6051564Z 
2026-09-19T00:40:02.6051573Z 
2026-09-19T00:40:02.6052937Z [album-haven-playwright-result] {"version":1,"phase":"run-final","nonce":"ea7dcbedf3e4799da6a08708311b9e0a74b7ff704eab8806ed6dfd340c401681","status":"passed","total":1,"completed":1,"failed":0,"skipped":0,"errors":0}
2026-09-19T00:40:02.6053761Z   1 passed (59.8s)
2026-09-19T00:40:02.9511003Z 
2026-09-19T00:40:02.9511474Z === Playwright Summary ===
2026-09-19T00:40:02.9513383Z [[32m✓[0m] artistCompilationFamily.spec
2026-09-19T00:40:02.9514287Z   [[32m✓[0m] FTC-ALBUM-DETAILS-021 and FTC-ARTIST-FAMILY-019 and FTC-NON-ALBUM-015 preserve featured credits and exclude guest and Interview albums from family galleries @area:gallery-search
2026-09-19T00:40:02.9514874Z 
2026-09-19T00:40:02.9515008Z Overall: 1/1 passed
2026-09-19T00:40:07.3068663Z [playwright-wrapper-final-decision] {"wrapperExitCode":0,"attemptReturn":{"exitCode":0,"exitReason":"authoritative-pass"},"fakeDatabaseCleanup":{"status":"completed","error":null,"mode":"lock-only"},"scanAppCleanup":{"status":"not-required","error":null},"isolatedAppCleanup":{"status":"completed","error":null},"tempCleanup":{"status":"completed","error":null,"removedCount":1},"passivePortDiagnostics":[{"port":5200,"status":"completed","error":null,"ownerCount":0},{"port":5202,"status":"completed","error":null,"ownerCount":0}],"finalSummary":{"phase":"run-final","status":"passed","total":1,"completed":1,"failed":0,"skipped":0,"errors":0,"listOnly":false},"exitReason":"authoritative-pass"}
2026-09-19T00:40:08.7691727Z {"restored":3,"removed":0,"unchanged":1494}
2026-09-19T00:40:25.0432290Z Album Haven production E2E app listening on http://127.0.0.1:5200 with 0 artists, 0 albums, 0 tracks, and provider fixtures on http://127.0.0.1:5202
2026-09-19T00:40:26.2519508Z 2026-09-19 00:40:26,250 [INFO] music_app: Startup scan-cache hydration completed files=7200 albums=400
2026-09-19T00:40:26.2520829Z 2026-09-19 00:40:26,250 [INFO] music_app: Legacy album exclusions migrated albums=1 removed_rules=18 created_rules=1
2026-09-19T00:40:26.7279479Z 2026-09-19 00:40:26,726 [INFO] music_app: Relation projection startup readiness ready=true rebuilt=true reason=missing_projection builder_version=local-relation-builder-v9 source_row_count=7438 duration_ms=446.31 source_load=107.66 fingerprint=48.29 pure_build=94.98 family_link_replacement=100.73 snapshot_publication=2.12
2026-09-19T00:40:27.9117782Z 2026-09-19 00:40:27,896 [INFO] music_app: {"action": "Index request completed", "album_count": 0, "artist_count": 0, "bootstrap_mode": "fresh_preview", "covers_in_progress": false, "elapsed_ms": 335.85, "hydrate_in_progress": false, "payload_elapsed_ms": 146.14, "query": "", "scan_in_progress": false, "selected_artist": ""}
2026-09-19T00:40:54.1213457Z 
2026-09-19T00:40:54.1213991Z Running 1 test using 1 worker
2026-09-19T00:40:54.1236572Z 
2026-09-19T00:40:56.9889946Z 2026-09-19 00:40:56,987 [INFO] music_app: {"action": "Index request completed", "album_count": 0, "artist_count": 0, "bootstrap_mode": "fresh_preview", "covers_in_progress": false, "elapsed_ms": 207.22, "hydrate_in_progress": false, "payload_elapsed_ms": 107.52, "query": "", "scan_in_progress": false, "selected_artist": ""}
2026-09-19T00:40:59.0730229Z [TEST] FTC-MOBILE-WEB-007 keeps ratings on one line while narrower galleries preserve selected card scale
2026-09-19T00:40:59.0751354Z   [STEP] Open the real Postgres gallery at an explicit 125 percent card scale
2026-09-19T00:40:59.2770763Z 2026-09-19 00:40:59,275 [INFO] music_app: {"action": "Index request completed", "album_count": 0, "artist_count": 0, "bootstrap_mode": "shell_only", "covers_in_progress": false, "elapsed_ms": 56.03, "hydrate_in_progress": false, "payload_elapsed_ms": 0.0, "query": "", "scan_in_progress": false, "selected_artist": ""}
2026-09-19T00:41:01.6296842Z 2026-09-19 00:41:01,606 [INFO] music_app: {"action": "Postgres album search request started", "query": "Album Rating Contract"}
2026-09-19T00:41:01.7130178Z 2026-09-19 00:41:01,703 [INFO] music_app: {"action": "View data request completed", "album_count": 7, "artist_count": 1, "elapsed_ms": 97.73, "query": "Album Rating Contract", "selected_artist": "Album Rating Contract"}
2026-09-19T00:41:02.1513716Z   [PASS] Open the real Postgres gallery at an explicit 125 percent card scale (3076 ms)
2026-09-19T00:41:02.1515648Z   [STEP] Record the wide gallery density, rating geometry, and visible screenshot
2026-09-19T00:41:02.4297147Z   [PASS] Record the wide gallery density, rating geometry, and visible screenshot (279 ms)
2026-09-19T00:41:02.4299259Z   [STEP] Narrow the same production view and record its settled layout and screenshot
2026-09-19T00:41:02.8876012Z   [PASS] Narrow the same production view and record its settled layout and screenshot (457 ms)
2026-09-19T00:41:02.8876779Z   [STEP] Distribute available width evenly without wrapping ratings
2026-09-19T00:41:02.9044572Z   [PASS] Distribute available width evenly without wrapping ratings (16 ms)
2026-09-19T00:41:02.9045537Z   [STEP] Apply the Paper palette to an exact projected coverless album card
2026-09-19T00:41:03.0282115Z 2026-09-19 00:41:03,023 [INFO] music_app: {"action": "Postgres album search request started", "query": "\u0414\u0414\u0422"}
2026-09-19T00:41:03.1330824Z 2026-09-19 00:41:03,124 [INFO] music_app: {"action": "View data request completed", "album_count": 60, "artist_count": 1, "elapsed_ms": 101.53, "query": "\u0414\u0414\u0422", "selected_artist": "\u0414\u0414\u0422"}
2026-09-19T00:41:04.6469079Z   [PASS] Apply the Paper palette to an exact projected coverless album card (1738 ms)
2026-09-19T00:41:04.6470331Z   [STEP] Render the partly visible next row in cover-only view
2026-09-19T00:41:05.3635036Z 2026-09-19 00:41:05,362 [INFO] music_app: {"action": "Index request completed", "album_count": 0, "artist_count": 0, "bootstrap_mode": "fresh_preview", "covers_in_progress": false, "elapsed_ms": 405.35, "hydrate_in_progress": false, "payload_elapsed_ms": 306.23, "query": "", "scan_in_progress": false, "selected_artist": "Neal Morse"}
2026-09-19T00:41:07.0013840Z   [PASS] Render the partly visible next row in cover-only view (2358 ms)
2026-09-19T00:41:11.2471548Z Album Haven production E2E app listening on http://127.0.0.1:5200 with 0 artists, 0 albums, 0 tracks, and provider fixtures on http://127.0.0.1:5202
2026-09-19T00:41:12.2478490Z 2026-09-19 00:41:12,246 [INFO] music_app: Startup scan-cache hydration completed files=7200 albums=400
2026-09-19T00:41:13.0738873Z 2026-09-19 00:41:13,073 [INFO] music_app: {"action": "Index request completed", "album_count": 0, "artist_count": 0, "bootstrap_mode": "fresh_preview", "covers_in_progress": false, "elapsed_ms": 254.24, "hydrate_in_progress": false, "payload_elapsed_ms": 93.57, "query": "", "scan_in_progress": false, "selected_artist": ""}
2026-09-19T00:41:29.7134776Z   ok 1 [functional] › tests\e2e\specs\responsiveGallery.spec.js:28:1 › FTC-MOBILE-WEB-007 keeps ratings on one line while narrower galleries preserve selected card scale @area:responsive-visual (31.0s)
2026-09-19T00:41:29.7136634Z [album-haven-playwright-result] {"version":1,"phase":"tests-complete","nonce":"e087929c2e94c514a6f10f20c6cde8e2c03a6a22f409900d552b2e4844525a89","status":"passed","total":1,"completed":1,"failed":0,"skipped":0,"errors":0}
2026-09-19T00:41:30.1098216Z 
2026-09-19T00:41:30.1098280Z 
2026-09-19T00:41:30.1098285Z 
2026-09-19T00:41:30.1099419Z [album-haven-playwright-result] {"version":1,"phase":"run-final","nonce":"e087929c2e94c514a6f10f20c6cde8e2c03a6a22f409900d552b2e4844525a89","status":"passed","total":1,"completed":1,"failed":0,"skipped":0,"errors":0}
2026-09-19T00:41:30.1100263Z   1 passed (36.6s)
2026-09-19T00:41:30.5102399Z 
2026-09-19T00:41:30.5103153Z === Playwright Summary ===
2026-09-19T00:41:30.5103873Z [[32m✓[0m] responsiveGallery.spec
2026-09-19T00:41:30.5104550Z   [[32m✓[0m] FTC-MOBILE-WEB-007 keeps ratings on one line while narrower galleries preserve selected card scale @area:responsive-visual
2026-09-19T00:41:30.5104952Z 
2026-09-19T00:41:30.5105085Z Overall: 1/1 passed
2026-09-19T00:41:35.1049916Z [playwright-wrapper-final-decision] {"wrapperExitCode":0,"attemptReturn":{"exitCode":0,"exitReason":"authoritative-pass"},"fakeDatabaseCleanup":{"status":"completed","error":null,"mode":"lock-only"},"scanAppCleanup":{"status":"not-required","error":null},"isolatedAppCleanup":{"status":"completed","error":null},"tempCleanup":{"status":"completed","error":null,"removedCount":1},"passivePortDiagnostics":[{"port":5200,"status":"completed","error":null,"ownerCount":0},{"port":5202,"status":"completed","error":null,"ownerCount":0}],"finalSummary":{"phase":"run-final","status":"passed","total":1,"completed":1,"failed":0,"skipped":0,"errors":0,"listOnly":false},"exitReason":"authoritative-pass"}
2026-09-19T00:41:36.5203539Z {"restored":0,"removed":0,"unchanged":1497}
2026-09-19T00:41:53.2450822Z Album Haven production E2E app listening on http://127.0.0.1:5200 with 0 artists, 0 albums, 0 tracks, and provider fixtures on http://127.0.0.1:5202
2026-09-19T00:41:54.3767558Z 2026-09-19 00:41:54,374 [INFO] music_app: Startup scan-cache hydration completed files=7200 albums=400
2026-09-19T00:41:54.3770791Z 2026-09-19 00:41:54,374 [INFO] music_app: Legacy album exclusions migrated albums=1 removed_rules=18 created_rules=1
2026-09-19T00:41:54.7504291Z 2026-09-19 00:41:54,748 [INFO] music_app: Relation projection startup readiness ready=true rebuilt=true reason=missing_projection builder_version=local-relation-builder-v9 source_row_count=7438 duration_ms=345.65 source_load=100.12 fingerprint=55.64 pure_build=93.53 family_link_replacement=7.18 snapshot_publication=1.72
2026-09-19T00:41:55.8251780Z 2026-09-19 00:41:55,823 [INFO] music_app: {"action": "Index request completed", "album_count": 0, "artist_count": 0, "bootstrap_mode": "fresh_preview", "covers_in_progress": false, "elapsed_ms": 342.31, "hydrate_in_progress": false, "payload_elapsed_ms": 149.23, "query": "", "scan_in_progress": false, "selected_artist": ""}
2026-09-19T00:42:16.9814136Z 
2026-09-19T00:42:16.9815298Z Running 1 test using 1 worker
2026-09-19T00:42:16.9836560Z 
2026-09-19T00:42:20.3987653Z 2026-09-19 00:42:20,397 [INFO] music_app: {"action": "Index request completed", "album_count": 0, "artist_count": 0, "bootstrap_mode": "fresh_preview", "covers_in_progress": false, "elapsed_ms": 243.76, "hydrate_in_progress": false, "payload_elapsed_ms": 123.74, "query": "", "scan_in_progress": false, "selected_artist": ""}
2026-09-19T00:42:27.1586558Z Album Haven production E2E app listening on http://127.0.0.1:5200 with 0 artists, 0 albums, 0 tracks, and provider fixtures on http://127.0.0.1:5202
2026-09-19T00:42:28.2876655Z 2026-09-19 00:42:28,285 [INFO] music_app: Startup scan-cache hydration completed files=7200 albums=400
2026-09-19T00:42:28.8355259Z 2026-09-19 00:42:28,834 [INFO] music_app: Relation projection startup readiness ready=true rebuilt=true reason=missing_readiness_metadata builder_version=local-relation-builder-v9 source_row_count=7438 duration_ms=436.04 source_load=98.75 fingerprint=47.09 pure_build=102.40 family_link_replacement=4.65 snapshot_publication=1.68
2026-09-19T00:42:29.8647950Z 2026-09-19 00:42:29,863 [INFO] music_app: {"action": "Index request completed", "album_count": 0, "artist_count": 0, "bootstrap_mode": "fresh_preview", "covers_in_progress": false, "elapsed_ms": 302.82, "hydrate_in_progress": false, "payload_elapsed_ms": 98.35, "query": "", "scan_in_progress": false, "selected_artist": ""}
2026-09-19T00:42:45.0332091Z [TEST] FTC-TAGS-020 keeps the 60-album DDT gallery stable through Studio Records splits and restores
2026-09-19T00:42:45.0360301Z   [STEP] Open the 16-track Studio Records fixture after Publication
2026-09-19T00:42:45.3008061Z 2026-09-19 00:42:45,299 [INFO] music_app: {"action": "Index request completed", "album_count": 0, "artist_count": 0, "bootstrap_mode": "fresh_preview", "covers_in_progress": false, "elapsed_ms": 179.61, "hydrate_in_progress": false, "payload_elapsed_ms": 92.52, "query": "", "scan_in_progress": false, "selected_artist": ""}
2026-09-19T00:42:47.7871814Z 2026-09-19 00:42:47,695 [INFO] music_app: {"action": "Postgres album search request started", "query": "\u0414\u0414\u0422"}
2026-09-19T00:42:47.8131016Z 2026-09-19 00:42:47,809 [INFO] music_app: {"action": "View data request completed", "album_count": 60, "artist_count": 1, "elapsed_ms": 113.59, "query": "\u0414\u0414\u0422", "selected_artist": "\u0414\u0414\u0422"}
2026-09-19T00:42:51.4008127Z   [PASS] Open the 16-track Studio Records fixture after Publication (6364 ms)
2026-09-19T00:42:51.4009499Z   [STEP] Move the first remaining source track to suffix 2
2026-09-19T00:42:52.2890524Z 2026-09-19 00:42:52,267 [INFO] music_app: {"action": "Tags edited", "album": "\u0421\u0442\u0443\u0434\u0438\u0439\u043d\u044b\u0435 \u0437\u0430\u043f\u0438\u0441\u0438", "artist": "\u0414\u0414\u0422", "file_count": 1, "files": ["D:\\a\\_temp\\album-haven-e2e-functional-fixtures-gallery-search-visual\\shared\\media\\\u0414\u0414\u0422\\\u0421\u0442\u0443\u0434\u0438\u0439\u043d\u044b\u0435 \u0437\u0430\u043f\u0438\u0441\u0438\\01. \u0421\u0442\u0443\u0434\u0438\u0439\u043d\u0430\u044f \u0437\u0430\u043f\u0438\u0441\u044c 1.mp3"]}
2026-09-19T00:43:11.7810733Z   [PASS] Move the first remaining source track to suffix 2 (20380 ms)
2026-09-19T00:43:11.7812115Z   [STEP] Move the first remaining source track to suffix 3
2026-09-19T00:43:13.0752185Z 2026-09-19 00:43:13,073 [INFO] music_app: {"action": "Tags edited", "album": "\u0421\u0442\u0443\u0434\u0438\u0439\u043d\u044b\u0435 \u0437\u0430\u043f\u0438\u0441\u0438", "artist": "\u0414\u0414\u0422", "file_count": 1, "files": ["D:\\a\\_temp\\album-haven-e2e-functional-fixtures-gallery-search-visual\\shared\\media\\\u0414\u0414\u0422\\\u0421\u0442\u0443\u0434\u0438\u0439\u043d\u044b\u0435 \u0437\u0430\u043f\u0438\u0441\u0438\\02. \u0421\u0442\u0443\u0434\u0438\u0439\u043d\u0430\u044f \u0437\u0430\u043f\u0438\u0441\u044c 2.mp3"]}
2026-09-19T00:43:31.9178559Z   [PASS] Move the first remaining source track to suffix 3 (20138 ms)
2026-09-19T00:43:31.9179335Z   [STEP] Move the first remaining source track to suffix 4
2026-09-19T00:43:33.2527692Z 2026-09-19 00:43:33,250 [INFO] music_app: {"action": "Tags edited", "album": "\u0421\u0442\u0443\u0434\u0438\u0439\u043d\u044b\u0435 \u0437\u0430\u043f\u0438\u0441\u0438", "artist": "\u0414\u0414\u0422", "file_count": 1, "files": ["D:\\a\\_temp\\album-haven-e2e-functional-fixtures-gallery-search-visual\\shared\\media\\\u0414\u0414\u0422\\\u0421\u0442\u0443\u0434\u0438\u0439\u043d\u044b\u0435 \u0437\u0430\u043f\u0438\u0441\u0438\\03. \u0421\u0442\u0443\u0434\u0438\u0439\u043d\u0430\u044f \u0437\u0430\u043f\u0438\u0441\u044c 3.mp3"]}
2026-09-19T00:43:52.0022576Z   [PASS] Move the first remaining source track to suffix 4 (20084 ms)
2026-09-19T00:43:52.0023241Z   [STEP] Move the first remaining source track to suffix 5
2026-09-19T00:43:53.2607296Z 2026-09-19 00:43:53,259 [INFO] music_app: {"action": "Tags edited", "album": "\u0421\u0442\u0443\u0434\u0438\u0439\u043d\u044b\u0435 \u0437\u0430\u043f\u0438\u0441\u0438", "artist": "\u0414\u0414\u0422", "file_count": 1, "files": ["D:\\a\\_temp\\album-haven-e2e-functional-fixtures-gallery-search-visual\\shared\\media\\\u0414\u0414\u0422\\\u0421\u0442\u0443\u0434\u0438\u0439\u043d\u044b\u0435 \u0437\u0430\u043f\u0438\u0441\u0438\\04. \u0421\u0442\u0443\u0434\u0438\u0439\u043d\u0430\u044f \u0437\u0430\u043f\u0438\u0441\u044c 4.mp3"]}
2026-09-19T00:44:13.6870638Z   [PASS] Move the first remaining source track to suffix 5 (21684 ms)
2026-09-19T00:44:13.6871488Z   [STEP] Restore suffix 5 into Studio Records
2026-09-19T00:44:15.0564232Z 2026-09-19 00:44:15,055 [INFO] music_app: {"action": "Tags edited", "album": "\u0421\u0442\u0443\u0434\u0438\u0439\u043d\u044b\u0435 \u0437\u0430\u043f\u0438\u0441\u04385", "artist": "\u0414\u0414\u0422", "file_count": 1, "files": ["D:\\a\\_temp\\album-haven-e2e-functional-fixtures-gallery-search-visual\\shared\\media\\\u0414\u0414\u0422\\\u0421\u0442\u0443\u0434\u0438\u0439\u043d\u044b\u0435 \u0437\u0430\u043f\u0438\u0441\u0438\\04. \u0421\u0442\u0443\u0434\u0438\u0439\u043d\u0430\u044f \u0437\u0430\u043f\u0438\u0441\u044c 4.mp3"]}
2026-09-19T00:44:16.1932532Z   [PASS] Restore suffix 5 into Studio Records (2507 ms)
2026-09-19T00:44:16.1933729Z   [STEP] Restore suffix 4 into Studio Records
2026-09-19T00:44:17.4468390Z 2026-09-19 00:44:17,443 [INFO] music_app: {"action": "Tags edited", "album": "\u0421\u0442\u0443\u0434\u0438\u0439\u043d\u044b\u0435 \u0437\u0430\u043f\u0438\u0441\u04384", "artist": "\u0414\u0414\u0422", "file_count": 1, "files": ["D:\\a\\_temp\\album-haven-e2e-functional-fixtures-gallery-search-visual\\shared\\media\\\u0414\u0414\u0422\\\u0421\u0442\u0443\u0434\u0438\u0439\u043d\u044b\u0435 \u0437\u0430\u043f\u0438\u0441\u0438\\03. \u0421\u0442\u0443\u0434\u0438\u0439\u043d\u0430\u044f \u0437\u0430\u043f\u0438\u0441\u044c 3.mp3"]}
2026-09-19T00:44:18.8377192Z   [PASS] Restore suffix 4 into Studio Records (2644 ms)
2026-09-19T00:44:18.8377857Z   [STEP] Restore suffix 3 into Studio Records
2026-09-19T00:44:20.4983120Z 2026-09-19 00:44:20,495 [INFO] music_app: {"action": "Tags edited", "album": "\u0421\u0442\u0443\u0434\u0438\u0439\u043d\u044b\u0435 \u0437\u0430\u043f\u0438\u0441\u04383", "artist": "\u0414\u0414\u0422", "file_count": 1, "files": ["D:\\a\\_temp\\album-haven-e2e-functional-fixtures-gallery-search-visual\\shared\\media\\\u0414\u0414\u0422\\\u0421\u0442\u0443\u0434\u0438\u0439\u043d\u044b\u0435 \u0437\u0430\u043f\u0438\u0441\u0438\\02. \u0421\u0442\u0443\u0434\u0438\u0439\u043d\u0430\u044f \u0437\u0430\u043f\u0438\u0441\u044c 2.mp3"]}
2026-09-19T00:44:23.1587249Z   [PASS] Restore suffix 3 into Studio Records (4317 ms)
2026-09-19T00:44:23.1588049Z   [STEP] Restore suffix 2 into Studio Records
2026-09-19T00:44:25.0254115Z 2026-09-19 00:44:25,023 [INFO] music_app: {"action": "Tags edited", "album": "\u0421\u0442\u0443\u0434\u0438\u0439\u043d\u044b\u0435 \u0437\u0430\u043f\u0438\u0441\u04382", "artist": "\u0414\u0414\u0422", "file_count": 1, "files": ["D:\\a\\_temp\\album-haven-e2e-functional-fixtures-gallery-search-visual\\shared\\media\\\u0414\u0414\u0422\\\u0421\u0442\u0443\u0434\u0438\u0439\u043d\u044b\u0435 \u0437\u0430\u043f\u0438\u0441\u0438\\01. \u0421\u0442\u0443\u0434\u0438\u0439\u043d\u0430\u044f \u0437\u0430\u043f\u0438\u0441\u044c 1.mp3"]}
2026-09-19T00:44:26.4204443Z   [PASS] Restore suffix 2 into Studio Records (3266 ms)
2026-09-19T00:44:26.4205510Z   [STEP] Verify the final same-session gallery after all restores
2026-09-19T00:44:26.7247720Z   [PASS] Verify the final same-session gallery after all restores (304 ms)
2026-09-19T00:44:26.7249063Z   [STEP] Verify physical tags and a fresh-browser 16-track source
2026-09-19T00:44:27.4451213Z 2026-09-19 00:44:27,444 [INFO] music_app: {"action": "Index request completed", "album_count": 0, "artist_count": 0, "bootstrap_mode": "fresh_preview", "covers_in_progress": false, "elapsed_ms": 232.27, "hydrate_in_progress": false, "payload_elapsed_ms": 122.89, "query": "", "scan_in_progress": false, "selected_artist": ""}
2026-09-19T00:44:30.2277736Z 2026-09-19 00:44:30,118 [INFO] music_app: {"action": "Postgres album search request started", "query": "\u0414\u0414\u0422"}
2026-09-19T00:44:30.2699508Z 2026-09-19 00:44:30,253 [INFO] music_app: {"action": "View data request completed", "album_count": 60, "artist_count": 1, "elapsed_ms": 134.85, "query": "\u0414\u0414\u0422", "selected_artist": "\u0414\u0414\u0422"}
2026-09-19T00:44:33.0200426Z   [PASS] Verify physical tags and a fresh-browser 16-track source (6297 ms)
2026-09-19T00:44:38.1745581Z Album Haven production E2E app listening on http://127.0.0.1:5200 with 0 artists, 0 albums, 0 tracks, and provider fixtures on http://127.0.0.1:5202
2026-09-19T00:44:39.1656912Z 2026-09-19 00:44:39,164 [INFO] music_app: Startup scan-cache hydration completed files=7200 albums=400
2026-09-19T00:44:39.5320903Z 2026-09-19 00:44:39,530 [INFO] music_app: Relation projection startup readiness ready=true rebuilt=true reason=missing_readiness_metadata builder_version=local-relation-builder-v9 source_row_count=7454 duration_ms=333.99 source_load=99.53 fingerprint=49.76 pure_build=92.11 family_link_replacement=5.79 snapshot_publication=1.55
2026-09-19T00:44:40.4643807Z 2026-09-19 00:44:40,463 [INFO] music_app: {"action": "Index request completed", "album_count": 0, "artist_count": 0, "bootstrap_mode": "fresh_preview", "covers_in_progress": false, "elapsed_ms": 316.75, "hydrate_in_progress": false, "payload_elapsed_ms": 108.52, "query": "", "scan_in_progress": false, "selected_artist": ""}
2026-09-19T00:44:59.0627657Z   ok 1 [functional] › tests\e2e\specs\ddtStudioRecordsRenderer.spec.js:66:1 › FTC-TAGS-020 keeps the 60-album DDT gallery stable through Studio Records splits and restores @area:tag-edit (2.6m)
2026-09-19T00:44:59.0640941Z [album-haven-playwright-result] {"version":1,"phase":"tests-complete","nonce":"83e327d0f4758e8db3262257bbd330375b8534dcfc52b4b2a2fdb35834ea4808","status":"passed","total":1,"completed":1,"failed":0,"skipped":0,"errors":0}
2026-09-19T00:44:59.7927053Z 
2026-09-19T00:44:59.7944011Z 
2026-09-19T00:44:59.7948239Z 
2026-09-19T00:44:59.7949899Z [album-haven-playwright-result] {"version":1,"phase":"run-final","nonce":"83e327d0f4758e8db3262257bbd330375b8534dcfc52b4b2a2fdb35834ea4808","status":"passed","total":1,"completed":1,"failed":0,"skipped":0,"errors":0}
2026-09-19T00:44:59.7951018Z   1 passed (2.7m)
2026-09-19T00:45:00.3692000Z 
2026-09-19T00:45:00.3692673Z === Playwright Summary ===
2026-09-19T00:45:00.3693464Z [[32m✓[0m] ddtStudioRecordsRenderer.spec
2026-09-19T00:45:00.3694250Z   [[32m✓[0m] FTC-TAGS-020 keeps the 60-album DDT gallery stable through Studio Records splits and restores @area:tag-edit (2.6m)
2026-09-19T00:45:00.3694678Z 
2026-09-19T00:45:00.3694822Z Overall: 1/1 passed
2026-09-19T00:45:05.0894270Z [playwright-wrapper-final-decision] {"wrapperExitCode":0,"attemptReturn":{"exitCode":0,"exitReason":"authoritative-pass"},"fakeDatabaseCleanup":{"status":"completed","error":null,"mode":"lock-only"},"scanAppCleanup":{"status":"not-required","error":null},"isolatedAppCleanup":{"status":"completed","error":null},"tempCleanup":{"status":"completed","error":null,"removedCount":1},"passivePortDiagnostics":[{"port":5200,"status":"completed","error":null,"ownerCount":0},{"port":5202,"status":"completed","error":null,"ownerCount":0}],"finalSummary":{"phase":"run-final","status":"passed","total":1,"completed":1,"failed":0,"skipped":0,"errors":0,"listOnly":false},"exitReason":"authoritative-pass"}
2026-09-19T00:45:06.5674856Z {"restored":16,"removed":0,"unchanged":1481}
2026-09-19T00:45:11.5114216Z {"files":1497}
2026-09-19T00:45:11.9097597Z ##[error]Process completed with exit code 1.
2026-09-19T00:45:11.9264679Z ##[group]Run $statePath = "D:\a\_temp\album-haven-functional-gallery-search-visual.state.json"
2026-09-19T00:45:11.9265386Z [36;1m$statePath = "D:\a\_temp\album-haven-functional-gallery-search-visual.state.json"[0m
2026-09-19T00:45:11.9265861Z [36;1mif (Test-Path -LiteralPath $statePath -PathType Leaf) {[0m
2026-09-19T00:45:11.9266298Z [36;1m  .\scripts\ci\bootstrap-windows-postgres.ps1 `[0m
2026-09-19T00:45:11.9266614Z [36;1m    -Mode Teardown `[0m
2026-09-19T00:45:11.9266849Z [36;1m    -ExpectedMajorVersion 17 `[0m
2026-09-19T00:45:11.9267127Z [36;1m    -Pgbin $env:PGBIN `[0m
2026-09-19T00:45:11.9267397Z [36;1m    -HostName 127.0.0.1 `[0m
2026-09-19T00:45:11.9267662Z [36;1m    -DatabaseSuffix "f_35408558207_1_0" `[0m
2026-09-19T00:45:11.9268084Z [36;1m    -StatePath "D:\a\_temp\album-haven-functional-gallery-search-visual.state.json"[0m
2026-09-19T00:45:11.9268487Z [36;1m}[0m
2026-09-19T00:45:11.9332192Z shell: C:\Program Files\PowerShell\7\pwsh.EXE -command ". '{0}'"
2026-09-19T00:45:11.9332541Z env:
2026-09-19T00:45:11.9332850Z   ALBUM_HAVEN_EXPECTED_FFMPEG_VERSION: 7.1-essentials_build-www.gyan.dev
2026-09-19T00:45:11.9333216Z   ALBUM_HAVEN_FIXTURE_RELEASE: fixtures-v1.0.23
2026-09-19T00:45:11.9333551Z   ALBUM_HAVEN_FIXTURE_PROFILE: functional-core
2026-09-19T00:45:11.9334013Z   ALBUM_HAVEN_FIXTURE_ROOT: D:\a\_temp\album-haven-e2e-functional-fixtures-gallery-search-visual\shared
2026-09-19T00:45:11.9334584Z   ALBUM_HAVEN_MEDIA_ROOT: D:\a\_temp\album-haven-e2e-functional-fixtures-gallery-search-visual\shared\media
2026-09-19T00:45:11.9335063Z   pythonLocation: C:\hostedtoolcache\windows\Python\3.11.9\x64
2026-09-19T00:45:11.9335443Z   PKG_CONFIG_PATH: C:\hostedtoolcache\windows\Python\3.11.9\x64/lib/pkgconfig
2026-09-19T00:45:11.9335850Z   Python_ROOT_DIR: C:\hostedtoolcache\windows\Python\3.11.9\x64
2026-09-19T00:45:11.9336373Z   Python2_ROOT_DIR: C:\hostedtoolcache\windows\Python\3.11.9\x64
2026-09-19T00:45:11.9336748Z   Python3_ROOT_DIR: C:\hostedtoolcache\windows\Python\3.11.9\x64
2026-09-19T00:45:11.9337203Z   ALBUM_HAVEN_FUNCTIONAL_FIXTURE_WORK_ROOT: D:\a\_temp\album-haven-e2e-functional-fixtures-gallery-search-visual
2026-09-19T00:45:11.9338165Z   ALBUM_HAVEN_FUNCTIONAL_SOURCE_FIXTURE_ROOT: D:\a\_temp\album-haven-fixtures-716013b0bce9437894aabfdfbadd71bf
2026-09-19T00:45:11.9338657Z   PGPASSFILE: D:\a\_temp\album-haven-postgres-f_35408558207_1_0.pgpass
2026-09-19T00:45:11.9339033Z   ALBUM_HAVEN_CI_DATABASE: album_haven_ci_f_35408558207_1_0
2026-09-19T00:45:11.9339670Z   DATABASE_MIGRATOR_URL: postgresql://album_haven_migrator_f_35408558207_1_0@127.0.0.1/album_haven_ci_f_35408558207_1_0
2026-09-19T00:45:11.9340288Z   DATABASE_APP_URL: postgresql://album_haven_app_f_35408558207_1_0@127.0.0.1/album_haven_ci_f_35408558207_1_0
2026-09-19T00:45:11.9340874Z   DATABASE_READONLY_URL: postgresql://album_haven_readonly_f_35408558207_1_0@127.0.0.1/album_haven_ci_f_35408558207_1_0
2026-09-19T00:45:11.9341512Z   ALBUM_HAVEN_FAKE_E2E_SETUP_DATABASE_URL: postgresql://album_haven_migrator_f_35408558207_1_0@127.0.0.1/album_haven_ci_f_35408558207_1_0
2026-09-19T00:45:11.9342127Z   ALBUM_HAVEN_FAKE_E2E_DATABASE_URL: postgresql://album_haven_app_f_35408558207_1_0@127.0.0.1/album_haven_ci_f_35408558207_1_0
2026-09-19T00:45:11.9342730Z   ALBUM_HAVEN_APP_DATABASE_URL: postgresql://album_haven_app_f_35408558207_1_0@127.0.0.1/album_haven_ci_f_35408558207_1_0
2026-09-19T00:45:11.9343165Z ##[endgroup]
2026-09-19T00:45:12.4300235Z  pg_terminate_backend 
2026-09-19T00:45:12.4300796Z ----------------------
2026-09-19T00:45:12.4301175Z (0 rows)
2026-09-19T00:45:12.4301359Z 
2026-09-19T00:45:13.2988065Z DROP DATABASE
2026-09-19T00:45:13.3007589Z DROP ROLE
2026-09-19T00:45:13.3025655Z DROP ROLE
2026-09-19T00:45:13.3043398Z DROP ROLE
2026-09-19T00:45:13.3766757Z Node 20 is being deprecated. This workflow is running with Node 24 by default. If you need to temporarily use Node 20, you can set the ACTIONS_ALLOW_USE_UNSECURE_NODE_VERSION=true environment variable. For more information see: https://github.blog/changelog/2025-09-19-deprecation-of-node-20-on-github-actions-runners/
2026-09-19T00:45:13.3767908Z ##[group]Run actions/upload-artifact@v4
2026-09-19T00:45:13.3768237Z with:
2026-09-19T00:45:13.3768580Z   name: foundation-versions-functional-gallery-search-visual-1
2026-09-19T00:45:13.3769079Z   path: D:\a\_temp\foundation-version-manifest-functional-gallery-search-visual.json
2026-09-19T00:45:13.3769477Z   if-no-files-found: error
2026-09-19T00:45:13.3769757Z   retention-days: 14
2026-09-19T00:45:13.3770021Z   compression-level: 6
2026-09-19T00:45:13.3770254Z   overwrite: false
2026-09-19T00:45:13.3770528Z   include-hidden-files: false
2026-09-19T00:45:13.3770814Z env:
2026-09-19T00:45:13.3771205Z   ALBUM_HAVEN_EXPECTED_FFMPEG_VERSION: 7.1-essentials_build-www.gyan.dev
2026-09-19T00:45:13.3771578Z   ALBUM_HAVEN_FIXTURE_RELEASE: fixtures-v1.0.23
2026-09-19T00:45:13.3771941Z   ALBUM_HAVEN_FIXTURE_PROFILE: functional-core
2026-09-19T00:45:13.3772415Z   ALBUM_HAVEN_FIXTURE_ROOT: D:\a\_temp\album-haven-e2e-functional-fixtures-gallery-search-visual\shared
2026-09-19T00:45:13.3773050Z   ALBUM_HAVEN_MEDIA_ROOT: D:\a\_temp\album-haven-e2e-functional-fixtures-gallery-search-visual\shared\media
2026-09-19T00:45:13.3773536Z   pythonLocation: C:\hostedtoolcache\windows\Python\3.11.9\x64
2026-09-19T00:45:13.3773977Z   PKG_CONFIG_PATH: C:\hostedtoolcache\windows\Python\3.11.9\x64/lib/pkgconfig
2026-09-19T00:45:13.3774413Z   Python_ROOT_DIR: C:\hostedtoolcache\windows\Python\3.11.9\x64
2026-09-19T00:45:13.3774827Z   Python2_ROOT_DIR: C:\hostedtoolcache\windows\Python\3.11.9\x64
2026-09-19T00:45:13.3775255Z   Python3_ROOT_DIR: C:\hostedtoolcache\windows\Python\3.11.9\x64
2026-09-19T00:45:13.3775774Z   ALBUM_HAVEN_FUNCTIONAL_FIXTURE_WORK_ROOT: D:\a\_temp\album-haven-e2e-functional-fixtures-gallery-search-visual
2026-09-19T00:45:13.3776601Z   ALBUM_HAVEN_FUNCTIONAL_SOURCE_FIXTURE_ROOT: D:\a\_temp\album-haven-fixtures-716013b0bce9437894aabfdfbadd71bf
2026-09-19T00:45:13.3777124Z   PGPASSFILE: D:\a\_temp\album-haven-postgres-f_35408558207_1_0.pgpass
2026-09-19T00:45:13.3777479Z   ALBUM_HAVEN_CI_DATABASE: album_haven_ci_f_35408558207_1_0
2026-09-19T00:45:13.3777991Z   DATABASE_MIGRATOR_URL: postgresql://album_haven_migrator_f_35408558207_1_0@127.0.0.1/album_haven_ci_f_35408558207_1_0
2026-09-19T00:45:13.3778604Z   DATABASE_APP_URL: postgresql://album_haven_app_f_35408558207_1_0@127.0.0.1/album_haven_ci_f_35408558207_1_0
2026-09-19T00:45:13.3779202Z   DATABASE_READONLY_URL: postgresql://album_haven_readonly_f_35408558207_1_0@127.0.0.1/album_haven_ci_f_35408558207_1_0
2026-09-19T00:45:13.3779805Z   ALBUM_HAVEN_FAKE_E2E_SETUP_DATABASE_URL: postgresql://album_haven_migrator_f_35408558207_1_0@127.0.0.1/album_haven_ci_f_35408558207_1_0
2026-09-19T00:45:13.3780455Z   ALBUM_HAVEN_FAKE_E2E_DATABASE_URL: postgresql://album_haven_app_f_35408558207_1_0@127.0.0.1/album_haven_ci_f_35408558207_1_0
2026-09-19T00:45:13.3781063Z   ALBUM_HAVEN_APP_DATABASE_URL: postgresql://album_haven_app_f_35408558207_1_0@127.0.0.1/album_haven_ci_f_35408558207_1_0
2026-09-19T00:45:13.3781504Z ##[endgroup]
2026-09-19T00:45:13.5343222Z (node:9140) [DEP0040] DeprecationWarning: The `punycode` module is deprecated. Please use a userland alternative instead.
2026-09-19T00:45:13.5343883Z (Use `node --trace-deprecation ...` to show where the warning was created)
2026-09-19T00:45:13.5389001Z With the provided path, there will be 1 file uploaded
2026-09-19T00:45:13.5392824Z Artifact name is valid!
2026-09-19T00:45:13.5394360Z Root directory input is valid!
2026-09-19T00:45:13.8124351Z Beginning upload of artifact content to blob storage
2026-09-19T00:45:13.8268277Z (node:9140) [DEP0169] DeprecationWarning: `url.parse()` behavior is not standardized and prone to errors that have security implications. Use the WHATWG URL API instead. CVEs are not issued for `url.parse()` vulnerabilities.
2026-09-19T00:45:13.9611274Z Uploaded bytes 551
2026-09-19T00:45:14.1220018Z Finished uploading artifact content to blob storage!
2026-09-19T00:45:14.1221704Z SHA256 digest of uploaded artifact zip is 0c38d17d4ef0b025428ff887c9bea5869ade98b438ac9f1017b5d415b17a71a9
2026-09-19T00:45:14.1222586Z Finalizing artifact upload
2026-09-19T00:45:14.3281807Z Artifact foundation-versions-functional-gallery-search-visual-1.zip successfully finalized. Artifact ID 10573551538
2026-09-19T00:45:14.3282828Z Artifact foundation-versions-functional-gallery-search-visual-1 has been successfully uploaded! Final size is 551 bytes. Artifact ID is 10573551538
2026-09-19T00:45:14.3292817Z Artifact download URL: https://github.com/idanilovqa/AlbumHaven/actions/runs/35408558207/artifacts/10573551538
2026-09-19T00:45:14.3624359Z Node 20 is being deprecated. This workflow is running with Node 24 by default. If you need to temporarily use Node 20, you can set the ACTIONS_ALLOW_USE_UNSECURE_NODE_VERSION=true environment variable. For more information see: https://github.blog/changelog/2025-09-19-deprecation-of-node-20-on-github-actions-runners/
2026-09-19T00:45:14.3625565Z ##[group]Run actions/upload-artifact@v4
2026-09-19T00:45:14.3625899Z with:
2026-09-19T00:45:14.3626168Z   name: functional-blob-gallery-search-visual-1
2026-09-19T00:45:14.3626568Z   path: D:\a\_temp\functional-blobs-gallery-search-visual
2026-09-19T00:45:14.3626921Z   if-no-files-found: error
2026-09-19T00:45:14.3627196Z   retention-days: 14
2026-09-19T00:45:14.3627480Z   compression-level: 6
2026-09-19T00:45:14.3627752Z   overwrite: false
2026-09-19T00:45:14.3627983Z   include-hidden-files: false
2026-09-19T00:45:14.3628272Z env:
2026-09-19T00:45:14.3628682Z   ALBUM_HAVEN_EXPECTED_FFMPEG_VERSION: 7.1-essentials_build-www.gyan.dev
2026-09-19T00:45:14.3629100Z   ALBUM_HAVEN_FIXTURE_RELEASE: fixtures-v1.0.23
2026-09-19T00:45:14.3629415Z   ALBUM_HAVEN_FIXTURE_PROFILE: functional-core
2026-09-19T00:45:14.3629977Z   ALBUM_HAVEN_FIXTURE_ROOT: D:\a\_temp\album-haven-e2e-functional-fixtures-gallery-search-visual\shared
2026-09-19T00:45:14.3630942Z   ALBUM_HAVEN_MEDIA_ROOT: D:\a\_temp\album-haven-e2e-functional-fixtures-gallery-search-visual\shared\media
2026-09-19T00:45:14.3631513Z   pythonLocation: C:\hostedtoolcache\windows\Python\3.11.9\x64
2026-09-19T00:45:14.3631943Z   PKG_CONFIG_PATH: C:\hostedtoolcache\windows\Python\3.11.9\x64/lib/pkgconfig
2026-09-19T00:45:14.3632363Z   Python_ROOT_DIR: C:\hostedtoolcache\windows\Python\3.11.9\x64
2026-09-19T00:45:14.3632774Z   Python2_ROOT_DIR: C:\hostedtoolcache\windows\Python\3.11.9\x64
2026-09-19T00:45:14.3633174Z   Python3_ROOT_DIR: C:\hostedtoolcache\windows\Python\3.11.9\x64
2026-09-19T00:45:14.3633680Z   ALBUM_HAVEN_FUNCTIONAL_FIXTURE_WORK_ROOT: D:\a\_temp\album-haven-e2e-functional-fixtures-gallery-search-visual
2026-09-19T00:45:14.3634312Z   ALBUM_HAVEN_FUNCTIONAL_SOURCE_FIXTURE_ROOT: D:\a\_temp\album-haven-fixtures-716013b0bce9437894aabfdfbadd71bf
2026-09-19T00:45:14.3634843Z   PGPASSFILE: D:\a\_temp\album-haven-postgres-f_35408558207_1_0.pgpass
2026-09-19T00:45:14.3635252Z   ALBUM_HAVEN_CI_DATABASE: album_haven_ci_f_35408558207_1_0
2026-09-19T00:45:14.3635986Z   DATABASE_MIGRATOR_URL: postgresql://album_haven_migrator_f_35408558207_1_0@127.0.0.1/album_haven_ci_f_35408558207_1_0
2026-09-19T00:45:14.3636622Z   DATABASE_APP_URL: postgresql://album_haven_app_f_35408558207_1_0@127.0.0.1/album_haven_ci_f_35408558207_1_0
2026-09-19T00:45:14.3637254Z   DATABASE_READONLY_URL: postgresql://album_haven_readonly_f_35408558207_1_0@127.0.0.1/album_haven_ci_f_35408558207_1_0
2026-09-19T00:45:14.3637897Z   ALBUM_HAVEN_FAKE_E2E_SETUP_DATABASE_URL: postgresql://album_haven_migrator_f_35408558207_1_0@127.0.0.1/album_haven_ci_f_35408558207_1_0
2026-09-19T00:45:14.3638571Z   ALBUM_HAVEN_FAKE_E2E_DATABASE_URL: postgresql://album_haven_app_f_35408558207_1_0@127.0.0.1/album_haven_ci_f_35408558207_1_0
2026-09-19T00:45:14.3639198Z   ALBUM_HAVEN_APP_DATABASE_URL: postgresql://album_haven_app_f_35408558207_1_0@127.0.0.1/album_haven_ci_f_35408558207_1_0
2026-09-19T00:45:14.3639641Z ##[endgroup]
2026-09-19T00:45:14.5212714Z (node:2480) [DEP0040] DeprecationWarning: The `punycode` module is deprecated. Please use a userland alternative instead.
2026-09-19T00:45:14.5213733Z (Use `node --trace-deprecation ...` to show where the warning was created)
2026-09-19T00:45:14.5302874Z With the provided path, there will be 18 files uploaded
2026-09-19T00:45:14.5306403Z Artifact name is valid!
2026-09-19T00:45:14.5307589Z Root directory input is valid!
2026-09-19T00:45:14.7698411Z Beginning upload of artifact content to blob storage
2026-09-19T00:45:14.9967571Z (node:2480) [DEP0169] DeprecationWarning: `url.parse()` behavior is not standardized and prone to errors that have security implications. Use the WHATWG URL API instead. CVEs are not issued for `url.parse()` vulnerabilities.
2026-09-19T00:45:15.5212465Z Uploaded bytes 8388608
2026-09-19T00:45:15.7706430Z Uploaded bytes 16777216
2026-09-19T00:45:15.9074401Z Uploaded bytes 25165824
2026-09-19T00:45:15.9962882Z Uploaded bytes 33554432
2026-09-19T00:45:16.0341398Z Uploaded bytes 41943040
2026-09-19T00:45:16.1785367Z Uploaded bytes 46470647
2026-09-19T00:45:16.2141116Z Finished uploading artifact content to blob storage!
2026-09-19T00:45:16.2143423Z SHA256 digest of uploaded artifact zip is 0c17724dedc360d271f0cc23194bad4296e6d603271f23213995ebedd4357bff
2026-09-19T00:45:16.2145403Z Finalizing artifact upload
2026-09-19T00:45:16.4852251Z Artifact functional-blob-gallery-search-visual-1.zip successfully finalized. Artifact ID 10573781498
2026-09-19T00:45:16.4853220Z Artifact functional-blob-gallery-search-visual-1 has been successfully uploaded! Final size is 46470647 bytes. Artifact ID is 10573781498
2026-09-19T00:45:16.4863264Z Artifact download URL: https://github.com/idanilovqa/AlbumHaven/actions/runs/35408558207/artifacts/10573781498
2026-09-19T00:45:16.5177767Z Node 20 is being deprecated. This workflow is running with Node 24 by default. If you need to temporarily use Node 20, you can set the ACTIONS_ALLOW_USE_UNSECURE_NODE_VERSION=true environment variable. For more information see: https://github.blog/changelog/2025-09-19-deprecation-of-node-20-on-github-actions-runners/
2026-09-19T00:45:16.5178940Z ##[group]Run actions/upload-artifact@v4
2026-09-19T00:45:16.5179249Z with:
2026-09-19T00:45:16.5179528Z   name: functional-debug-gallery-search-visual-1
2026-09-19T00:45:16.5180273Z   path: D:\a\_temp\functional-output-gallery-search-visual
2026-09-19T00:45:16.5180626Z   if-no-files-found: error
2026-09-19T00:45:16.5180891Z   retention-days: 7
2026-09-19T00:45:16.5181140Z   compression-level: 6
2026-09-19T00:45:16.5181407Z   overwrite: false
2026-09-19T00:45:16.5181669Z   include-hidden-files: false
2026-09-19T00:45:16.5181931Z env:
2026-09-19T00:45:16.5182294Z   ALBUM_HAVEN_EXPECTED_FFMPEG_VERSION: 7.1-essentials_build-www.gyan.dev
2026-09-19T00:45:16.5182671Z   ALBUM_HAVEN_FIXTURE_RELEASE: fixtures-v1.0.23
2026-09-19T00:45:16.5182993Z   ALBUM_HAVEN_FIXTURE_PROFILE: functional-core
2026-09-19T00:45:16.5183455Z   ALBUM_HAVEN_FIXTURE_ROOT: D:\a\_temp\album-haven-e2e-functional-fixtures-gallery-search-visual\shared
2026-09-19T00:45:16.5184050Z   ALBUM_HAVEN_MEDIA_ROOT: D:\a\_temp\album-haven-e2e-functional-fixtures-gallery-search-visual\shared\media
2026-09-19T00:45:16.5184592Z   pythonLocation: C:\hostedtoolcache\windows\Python\3.11.9\x64
2026-09-19T00:45:16.5185011Z   PKG_CONFIG_PATH: C:\hostedtoolcache\windows\Python\3.11.9\x64/lib/pkgconfig
2026-09-19T00:45:16.5185425Z   Python_ROOT_DIR: C:\hostedtoolcache\windows\Python\3.11.9\x64
2026-09-19T00:45:16.5185806Z   Python2_ROOT_DIR: C:\hostedtoolcache\windows\Python\3.11.9\x64
2026-09-19T00:45:16.5186240Z   Python3_ROOT_DIR: C:\hostedtoolcache\windows\Python\3.11.9\x64
2026-09-19T00:45:16.5186738Z   ALBUM_HAVEN_FUNCTIONAL_FIXTURE_WORK_ROOT: D:\a\_temp\album-haven-e2e-functional-fixtures-gallery-search-visual
2026-09-19T00:45:16.5187329Z   ALBUM_HAVEN_FUNCTIONAL_SOURCE_FIXTURE_ROOT: D:\a\_temp\album-haven-fixtures-716013b0bce9437894aabfdfbadd71bf
2026-09-19T00:45:16.5187833Z   PGPASSFILE: D:\a\_temp\album-haven-postgres-f_35408558207_1_0.pgpass
2026-09-19T00:45:16.5188216Z   ALBUM_HAVEN_CI_DATABASE: album_haven_ci_f_35408558207_1_0
2026-09-19T00:45:16.5188709Z   DATABASE_MIGRATOR_URL: postgresql://album_haven_migrator_f_35408558207_1_0@127.0.0.1/album_haven_ci_f_35408558207_1_0
2026-09-19T00:45:16.5189295Z   DATABASE_APP_URL: postgresql://album_haven_app_f_35408558207_1_0@127.0.0.1/album_haven_ci_f_35408558207_1_0
2026-09-19T00:45:16.5189878Z   DATABASE_READONLY_URL: postgresql://album_haven_readonly_f_35408558207_1_0@127.0.0.1/album_haven_ci_f_35408558207_1_0
2026-09-19T00:45:16.5190525Z   ALBUM_HAVEN_FAKE_E2E_SETUP_DATABASE_URL: postgresql://album_haven_migrator_f_35408558207_1_0@127.0.0.1/album_haven_ci_f_35408558207_1_0
2026-09-19T00:45:16.5191184Z   ALBUM_HAVEN_FAKE_E2E_DATABASE_URL: postgresql://album_haven_app_f_35408558207_1_0@127.0.0.1/album_haven_ci_f_35408558207_1_0
2026-09-19T00:45:16.5191815Z   ALBUM_HAVEN_APP_DATABASE_URL: postgresql://album_haven_app_f_35408558207_1_0@127.0.0.1/album_haven_ci_f_35408558207_1_0
2026-09-19T00:45:16.5192256Z ##[endgroup]
2026-09-19T00:45:16.6718161Z (node:2776) [DEP0040] DeprecationWarning: The `punycode` module is deprecated. Please use a userland alternative instead.
2026-09-19T00:45:16.6718814Z (Use `node --trace-deprecation ...` to show where the warning was created)
2026-09-19T00:45:16.6972897Z With the provided path, there will be 36 files uploaded
2026-09-19T00:45:16.6976177Z Artifact name is valid!
2026-09-19T00:45:16.6977165Z Root directory input is valid!
2026-09-19T00:45:16.9960588Z Beginning upload of artifact content to blob storage
2026-09-19T00:45:17.2385088Z (node:2776) [DEP0169] DeprecationWarning: `url.parse()` behavior is not standardized and prone to errors that have security implications. Use the WHATWG URL API instead. CVEs are not issued for `url.parse()` vulnerabilities.
2026-09-19T00:45:17.7998908Z Uploaded bytes 8388608
2026-09-19T00:45:18.1093552Z Uploaded bytes 16777216
2026-09-19T00:45:18.2700023Z Uploaded bytes 25165824
2026-09-19T00:45:18.2754009Z Uploaded bytes 33554432
2026-09-19T00:45:18.3427254Z Uploaded bytes 41943040
2026-09-19T00:45:18.6097989Z Uploaded bytes 49589117
2026-09-19T00:45:18.6484115Z Finished uploading artifact content to blob storage!
2026-09-19T00:45:18.6487235Z SHA256 digest of uploaded artifact zip is 6055cd24e11a03bc18c6e192206d65f527726b132170497dadf768cc2c6685c7
2026-09-19T00:45:18.6489587Z Finalizing artifact upload
2026-09-19T00:45:18.8996789Z Artifact functional-debug-gallery-search-visual-1.zip successfully finalized. Artifact ID 10573671449
2026-09-19T00:45:18.8998162Z Artifact functional-debug-gallery-search-visual-1 has been successfully uploaded! Final size is 49589117 bytes. Artifact ID is 10573671449
2026-09-19T00:45:18.9010400Z Artifact download URL: https://github.com/idanilovqa/AlbumHaven/actions/runs/35408558207/artifacts/10573671449
2026-09-19T00:45:18.9368096Z Post job cleanup.
2026-09-19T00:45:19.0886502Z [command]"C:\Program Files\Git\bin\git.exe" version
2026-09-19T00:45:19.1106255Z git version 2.55.0.windows.5
2026-09-19T00:45:19.1160662Z Temporarily overriding HOME='D:\a\_temp\903d1bc2-dc55-42e3-bf71-356788cd4c29' before making global git config changes
2026-09-19T00:45:19.1161734Z Adding repository directory to the temporary git global config as a safe directory
2026-09-19T00:45:19.1169894Z [command]"C:\Program Files\Git\bin\git.exe" config --global --add safe.directory D:\a\AlbumHaven\AlbumHaven\.trusted-ci
2026-09-19T00:45:19.1435762Z [command]"C:\Program Files\Git\bin\git.exe" config --local --name-only --get-regexp core\.sshCommand
2026-09-19T00:45:19.1664512Z [command]"C:\Program Files\Git\bin\git.exe" submodule foreach --recursive "sh -c \"git config --local --name-only --get-regexp 'core\.sshCommand' && git config --local --unset-all 'core.sshCommand' || :\""
2026-09-19T00:45:19.6219402Z [command]"C:\Program Files\Git\bin\git.exe" config --local --name-only --get-regexp http\.https\:\/\/github\.com\/\.extraheader
2026-09-19T00:45:19.6452817Z [command]"C:\Program Files\Git\bin\git.exe" submodule foreach --recursive "sh -c \"git config --local --name-only --get-regexp 'http\.https\:\/\/github\.com\/\.extraheader' && git config --local --unset-all 'http.https://github.com/.extraheader' || :\""
2026-09-19T00:45:20.0808104Z [command]"C:\Program Files\Git\bin\git.exe" config --local --name-only --get-regexp ^includeIf\.gitdir:
2026-09-19T00:45:20.1036882Z [command]"C:\Program Files\Git\bin\git.exe" submodule foreach --recursive "git config --local --show-origin --name-only --get-regexp remote.origin.url"
2026-09-19T00:45:20.5719108Z Post job cleanup.
2026-09-19T00:45:20.7270895Z [command]"C:\Program Files\Git\bin\git.exe" version
2026-09-19T00:45:20.7497274Z git version 2.55.0.windows.5
2026-09-19T00:45:20.7556070Z Temporarily overriding HOME='D:\a\_temp\24340981-bdc5-45e8-b24b-5c5c39bcbefe' before making global git config changes
2026-09-19T00:45:20.7556983Z Adding repository directory to the temporary git global config as a safe directory
2026-09-19T00:45:20.7563545Z [command]"C:\Program Files\Git\bin\git.exe" config --global --add safe.directory D:\a\AlbumHaven\AlbumHaven
2026-09-19T00:45:20.7800227Z [command]"C:\Program Files\Git\bin\git.exe" config --local --name-only --get-regexp core\.sshCommand
2026-09-19T00:45:20.8055812Z [command]"C:\Program Files\Git\bin\git.exe" submodule foreach --recursive "sh -c \"git config --local --name-only --get-regexp 'core\.sshCommand' && git config --local --unset-all 'core.sshCommand' || :\""
2026-09-19T00:45:21.2377283Z [command]"C:\Program Files\Git\bin\git.exe" config --local --name-only --get-regexp http\.https\:\/\/github\.com\/\.extraheader
2026-09-19T00:45:21.2637773Z [command]"C:\Program Files\Git\bin\git.exe" submodule foreach --recursive "sh -c \"git config --local --name-only --get-regexp 'http\.https\:\/\/github\.com\/\.extraheader' && git config --local --unset-all 'http.https://github.com/.extraheader' || :\""
2026-09-19T00:45:21.7127052Z [command]"C:\Program Files\Git\bin\git.exe" config --local --name-only --get-regexp ^includeIf\.gitdir:
2026-09-19T00:45:21.7361463Z [command]"C:\Program Files\Git\bin\git.exe" submodule foreach --recursive "git config --local --show-origin --name-only --get-regexp remote.origin.url"
2026-09-19T00:45:22.1751912Z Cleaning up orphan processes
2026-09-19T00:45:22.3063279Z ##[warning]Node.js 20 is deprecated. The following actions target Node.js 20 but are being forced to run on Node.js 24: actions/setup-node@v4, actions/setup-python@v5, actions/upload-artifact@v4. For more information see: https://github.blog/changelog/2025-09-19-deprecation-of-node-20-on-github-actions-runners/
